candidate_id,period,entry_signal_date,entry_date,exit_signal_date,exit_date,size,entry_price,exit_price,entry_fees,exit_fees,net_return,entry_regime,exit_regime,regime_path,holding_sessions,short_loss
1239,full_2021_2026,2021-01-12,2021-01-13 10:30:00,2021-01-28,2021-01-29,697000.0,1.434,1.456,499.749,507.416,0.014326867249778275,warmup,warmup,warmup_to_warmup,12,False
1239,full_2021_2026,2021-03-26,2021-03-29 10:00:00,2021-04-12,2021-04-13,791400.0,1.281,1.267,506.89169999999996,501.3519,-0.011917538498510294,trend,range,trend_to_range,10,True
1239,full_2021_2026,2021-04-16,2021-04-19 00:00:00,2021-05-07,2021-05-10,770500.0,1.3,1.295,500.825,498.89875,-0.004841809864298607,trend,trend,trend_to_trend,12,False
1239,full_2021_2026,2021-05-14,2021-05-17 00:00:00,2021-06-16,2021-06-17,751800.0,1.326,1.441,498.44340000000005,541.6719,0.08564081458516593,range,trend,range_to_trend,22,False
1239,full_2021_2026,2021-06-17,2021-06-18 00:00:00,2021-07-06,2021-07-07,719100.0,1.505,1.557,541.12275,559.81935,0.03351746053883353,trend,trend,trend_to_trend,13,False
1239,full_2021_2026,2021-07-07,2021-07-08 00:00:00,2021-07-14,2021-07-15,698200.0,1.602,1.589,559.2582000000001,554.7199,-0.009106245878309327,trend,trend,trend_to_trend,5,True
1239,full_2021_2026,2021-07-29,2021-07-30 00:00:00,2021-08-09,2021-08-10,681600.0,1.626,1.604,554.1407999999999,546.6432000000001,-0.014516112177613283,trend,trend,trend_to_trend,7,True
1239,full_2021_2026,2021-08-24,2021-08-25 00:00:00,2021-08-27,2021-08-30,675000.0,1.618,1.525,546.075,514.6875,-0.05842041896233596,trend,range,trend_to_range,3,True
1239,full_2021_2026,2021-10-15,2021-10-18 00:00:00,2021-10-27,2021-10-28,735600.0,1.398,1.391,514.1844,511.6098,-0.006001648674947124,trend,trend,trend_to_trend,8,True
1239,full_2021_2026,2021-10-29,2021-11-01 10:00:00,2021-12-02,2021-12-03,714300.0,1.431,1.469,511.08165,524.6533499999999,0.025528814907710196,trend,range,trend_to_range,24,False
1239,full_2021_2026,2021-12-03,2021-12-06 00:00:00,2021-12-08,2021-12-09,707400.0,1.482,1.45,524.1834,512.865,-0.022570361243130166,range,range,range_to_range,3,True
1239,full_2021_2026,2021-12-10,2021-12-13 00:00:00,2021-12-15,2021-12-16,690500.0,1.484,1.463,512.351,505.10075,-0.015136299774641038,range,range,range_to_range,3,True
1239,full_2021_2026,2021-12-17,2021-12-20 00:00:00,2021-12-23,2021-12-24,701800.0,1.438,1.415,504.59419999999994,496.5235,-0.016977950524042495,range,range,range_to_range,4,True
1239,full_2021_2026,2022-01-13,2022-01-14 00:00:00,2022-01-20,2022-01-21,744800.0,1.332,1.343,496.0368000000001,500.13320000000004,0.007250503877190395,range,range,range_to_range,5,False
1239,full_2021_2026,2022-02-23,2022-02-24 00:00:00,2022-03-03,2022-03-04,793700.0,1.259,1.239,499.63415,491.69715,-0.016869246075929434,trend,trend,trend_to_trend,6,True
1239,full_2021_2026,2022-03-21,2022-03-22 00:00:00,2022-03-24,2022-03-25,833900.0,1.178,1.167,491.1671,486.58065000000005,-0.010328027836675746,trend,trend,trend_to_trend,3,True
1239,full_2021_2026,2022-05-05,2022-05-06 00:00:00,2022-06-22,2022-06-23,1018000.0,0.955,1.095,486.095,557.355,0.14545083479202803,trend,range,trend_to_range,33,False
1239,full_2021_2026,2022-06-24,2022-06-27 10:30:00,2022-07-11,2022-07-12,979400.0,1.137,1.11,556.7889,543.567,-0.02472246726241112,range,range,range_to_range,11,False
1239,full_2021_2026,2022-07-21,2022-07-22 10:00:00,2022-08-19,2022-08-22,961100.0,1.13,1.137,543.0215000000001,546.38535,0.005188998421143287,trend,trend,trend_to_trend,21,False
1239,full_2021_2026,2022-10-17,2022-10-18 10:00:00,2022-10-28,2022-10-31,1102800.0,0.99,1.025,545.886,565.1850000000001,0.034318699236240535,trend,range,trend_to_range,9,False
1239,full_2021_2026,2022-10-31,2022-11-01 00:00:00,2022-11-07,2022-11-08,1084700.0,1.041,1.09,564.58635,591.1615,0.046023578028469014,trend,range,trend_to_range,5,False
1239,full_2021_2026,2022-11-09,2022-11-10 00:00:00,2022-11-21,2022-11-22,1113300.0,1.061,1.061,590.6056500000001,590.6056500000001,-0.0009995002498751626,trend,trend,trend_to_trend,8,True
1239,full_2021_2026,2022-12-30,2023-01-03 00:00:00,2023-02-08,2023-02-09,1195500.0,0.987,1.032,589.97925,616.878,0.044547634997091023,range,range,range_to_range,22,False
1239,full_2021_2026,2023-02-10,2023-02-13 00:00:00,2023-02-16,2023-02-17,1179500.0,1.045,1.028,616.28875,606.263,-0.01725118302092976,range,range,range_to_range,4,True
1239,full_2021_2026,2023-03-01,2023-03-02 10:00:00,2023-03-07,2023-03-08,1189900.0,1.018,1.012,605.6591,602.0894000000001,-0.006887518912449431,range,range,range_to_range,4,True
1239,full_2021_2026,2023-03-22,2023-03-23 00:00:00,2023-04-21,2023-04-24,1144600.0,1.051,1.136,601.4872999999999,650.1328,0.07979502161383634,trend,trend,trend_to_trend,21,False
1239,full_2021_2026,2023-05-26,2023-05-29 10:00:00,2023-06-06,2023-06-07,1218500.0,1.066,1.052,649.4605,640.931,-0.014119581860101982,range,range,range_to_range,7,True
1239,full_2021_2026,2023-06-09,2023-06-12 00:00:00,2023-06-26,2023-06-27,1216100.0,1.053,1.035,640.2766499999999,629.33175,-0.018076431869535003,range,range,range_to_range,9,True
1239,full_2021_2026,2023-07-31,2023-08-01 00:00:00,2023-08-08,2023-08-09,1266300.0,0.993,0.988,628.71795,625.5522,-0.006029714246602813,trend,range,trend_to_range,6,True
1239,full_2021_2026,2023-08-30,2023-08-31 00:00:00,2023-09-07,2023-09-08,1303300.0,0.959,0.917,624.93235,597.5630500000001,-0.04475134695425986,trend,trend,trend_to_trend,6,True
1239,full_2021_2026,2023-09-27,2023-09-28 00:00:00,2023-10-16,2023-10-17,1322200.0,0.903,0.896,596.9733000000001,592.3456,-0.00874369017041865,trend,trend,trend_to_trend,7,True
1239,full_2021_2026,2023-10-27,2023-10-30 00:00:00,2023-11-22,2023-11-23,1344900.0,0.88,0.892,591.756,599.8254000000001,0.012623233837626646,trend,range,trend_to_range,18,False
1239,full_2021_2026,2023-12-08,2023-12-11 00:00:00,2023-12-15,2023-12-18,1358800.0,0.882,0.867,599.2308,589.0398,-0.017989304667394124,trend,range,trend_to_range,5,True
1239,full_2021_2026,2023-12-29,2024-01-02 00:00:00,2024-01-04,2024-01-05,1349600.0,0.872,0.842,588.4256,568.1816,-0.035368783498159195,range,range,range_to_range,3,True
1239,full_2021_2026,2024-02-08,2024-02-19 10:00:00,2024-03-13,2024-03-14,1474400.0,0.77,0.831,567.644,612.6132,0.07814209778227754,trend,range,trend_to_range,18,False
1239,full_2021_2026,2024-04-26,2024-04-29 10:00:00,2024-05-09,2024-05-10,1587500.0,0.771,0.796,611.98125,631.825,0.031393512063682794,range,range,range_to_range,6,False
1239,full_2021_2026,2024-05-10,2024-05-13 00:00:00,2024-05-15,2024-05-16,1618500.0,0.78,0.768,631.215,621.504,-0.016368738707569275,trend,trend,trend_to_trend,3,True
1239,full_2021_2026,2024-06-03,2024-06-04 00:00:00,2024-06-06,2024-06-07,1618900.0,0.767,0.762,620.84815,616.8009000000001,-0.0075118894268640934,trend,range,trend_to_range,3,True
1239,full_2021_2026,2024-06-11,2024-06-12 10:00:00,2024-06-25,2024-06-26,1588100.0,0.776,0.734,616.1828,582.8326999999999,-0.05506911492707267,range,range,range_to_range,10,True
1239,full_2021_2026,2024-07-17,2024-07-18 00:00:00,2024-07-22,2024-07-23,1569500.0,0.742,0.77,582.2845,604.2575,0.03669863181616728,range,range,range_to_range,3,False
1239,full_2021_2026,2024-07-31,2024-08-01 10:00:00,2024-08-05,2024-08-06,1582300.0,0.763,0.73,603.6474499999999,577.5395,-0.04420659919057501,trend,range,trend_to_range,3,True
1239,full_2021_2026,2024-09-24,2024-09-25 14:00:00,2024-09-27,2024-09-30,1687000.0,0.684,0.813,576.9540000000001,685.7655,0.18740848873808713,trend,range,trend_to_range,3,False
1239,full_2021_2026,2024-10-08,2024-10-09 00:00:00,2024-10-30,2024-10-31,1271000.0,1.078,0.981,685.069,623.4255,-0.09089101089529428,trend,trend,trend_to_trend,16,False
1239,full_2021_2026,2024-11-05,2024-11-06 10:00:00,2024-11-15,2024-11-18,1222400.0,1.019,1.014,622.8127999999999,619.7568000000001,-0.005901367275145453,trend,trend,trend_to_trend,8,True
1239,full_2021_2026,2024-12-02,2024-12-03 00:00:00,2024-12-05,2024-12-06,1189500.0,1.041,1.03,619.13475,612.5925,-0.01155570149603391,trend,trend,trend_to_trend,3,True
1239,full_2021_2026,2024-12-10,2024-12-11 00:00:00,2024-12-13,2024-12-16,1183700.0,1.034,1.013,611.9729,599.54405,-0.02128867867806916,trend,trend,trend_to_trend,3,True
1239,full_2021_2026,2024-12-20,2024-12-23 00:00:00,2024-12-31,2025-01-02,1157400.0,1.035,1.01,598.9545,584.487,-0.025129947103742833,trend,range,trend_to_range,7,True
1239,full_2021_2026,2025-01-14,2025-01-15 00:00:00,2025-03-11,2025-03-12,1165500.0,1.002,1.133,583.9155000000001,660.25575,0.12960834951785594,range,range,range_to_range,34,False
1239,full_2021_2026,2025-04-16,2025-04-17 00:00:00,2025-04-24,2025-04-25,1282000.0,1.029,1.027,659.589,658.307,-0.0029411921833057963,range,range,range_to_range,6,True
1239,full_2021_2026,2025-05-08,2025-05-09 00:00:00,2025-05-13,2025-05-14,1257400.0,1.046,1.034,657.6202000000001,650.0758000000001,-0.01246030904241957,range,range,range_to_range,3,True
1239,full_2021_2026,2025-06-05,2025-06-06 00:00:00,2025-06-10,2025-06-11,1269700.0,1.023,1.007,649.45155,639.29395,-0.016624141497188938,trend,trend,trend_to_trend,3,True
1239,full_2021_2026,2025-06-24,2025-06-25 10:30:00,2025-09-08,2025-09-09,1273500.0,1.003,1.28,638.6602499999999,815.04,0.27489595182468607,trend,trend,trend_to_trend,54,False
1239,full_2021_2026,2025-09-10,2025-09-11 00:00:00,2025-10-14,2025-10-15,1267200.0,1.285,1.442,814.176,913.6512,0.12105737014761098,trend,trend,trend_to_trend,18,False
1239,full_2021_2026,2025-10-24,2025-10-27 10:30:00,2025-10-30,2025-10-31,1216200.0,1.501,1.4923366,912.7581,907.48988646,-0.006765483547366835,trend,trend,trend_to_trend,4,True
1239,full_2021_2026,2025-12-08,2025-12-09 00:00:00,2025-12-11,2025-12-12,1314600.0,1.3792502000000002,1.3630950000000002,906.5811564600001,895.9623435000001,-0.012700823819422724,range,range,range_to_range,3,True
1239,full_2021_2026,2025-12-17,2025-12-18 00:00:00,2025-12-24,2025-12-25,1323100.0,1.352998,1.3873278000000002,895.0758269,917.7867060900002,0.024348273624381855,range,range,range_to_range,5,False
1239,full_2021_2026,2025-12-29,2025-12-30 00:00:00,2026-01-29,2026-01-30,1324700.0,1.3842987,1.5488798,916.8902439450001,1025.90053553,0.11777298805010328,range,trend,range_to_trend,21,False
1239,full_2021_2026,2026-02-25,2026-02-26 10:00:00,2026-03-02,2026-03-03,1351200.0,1.517,1.5105112,1024.8852,1020.5013667200001,-0.005272614582622848,trend,trend,trend_to_trend,3,True
1239,full_2021_2026,2026-04-08,2026-04-09 00:00:00,2026-04-23,2026-04-24,1478300.0,1.3792502000000002,1.4812299000000002,1019.4727853300001,1094.851080585,0.0728651047828941,range,range,range_to_range,11,False
1239,full_2021_2026,2026-05-06,2026-05-07 10:00:00,2026-06-01,2026-06-02,1281500.0,1.707,1.7215385,1093.76025,1103.075793875,0.0075089758869832934,range,trend,range_to_trend,18,False
1239,full_2021_2026,2026-06-16,2026-06-17 00:00:00,2026-07-13,2026-07-14,1232500.0,1.7881787,2.0476716,1101.965123875,1261.8776235,0.14397121032933557,trend,trend,trend_to_trend,18,False
1239,full_2021_2026,2026-08-05,2026-08-06 00:00:00,2026-08-14,2026-08-17,1473100.0,1.7114415,1.7750526,1260.5622368250001,1307.41499253,0.03613149177623565,range,range,range_to_range,7,False
1239,rolling_2021_2023,2021-01-12,2021-01-13 10:30:00,2021-01-28,2021-01-29,697000.0,1.434,1.456,499.749,507.416,0.014326867249778275,warmup,warmup,warmup_to_warmup,12,False
1239,rolling_2021_2023,2021-03-26,2021-03-29 10:00:00,2021-04-12,2021-04-13,791400.0,1.281,1.267,506.89169999999996,501.3519,-0.011917538498510294,trend,range,trend_to_range,10,True
1239,rolling_2021_2023,2021-04-16,2021-04-19 00:00:00,2021-05-07,2021-05-10,770500.0,1.3,1.295,500.825,498.89875,-0.004841809864298607,trend,trend,trend_to_trend,12,False
1239,rolling_2021_2023,2021-05-14,2021-05-17 00:00:00,2021-06-16,2021-06-17,751800.0,1.326,1.441,498.44340000000005,541.6719,0.08564081458516593,range,trend,range_to_trend,22,False
1239,rolling_2021_2023,2021-06-17,2021-06-18 00:00:00,2021-07-06,2021-07-07,719100.0,1.505,1.557,541.12275,559.81935,0.03351746053883353,trend,trend,trend_to_trend,13,False
1239,rolling_2021_2023,2021-07-07,2021-07-08 00:00:00,2021-07-14,2021-07-15,698200.0,1.602,1.589,559.2582000000001,554.7199,-0.009106245878309327,trend,trend,trend_to_trend,5,True
1239,rolling_2021_2023,2021-07-29,2021-07-30 00:00:00,2021-08-09,2021-08-10,681600.0,1.626,1.604,554.1407999999999,546.6432000000001,-0.014516112177613283,trend,trend,trend_to_trend,7,True
1239,rolling_2021_2023,2021-08-24,2021-08-25 00:00:00,2021-08-27,2021-08-30,675000.0,1.618,1.525,546.075,514.6875,-0.05842041896233596,trend,range,trend_to_range,3,True
1239,rolling_2021_2023,2021-10-15,2021-10-18 00:00:00,2021-10-27,2021-10-28,735600.0,1.398,1.391,514.1844,511.6098,-0.006001648674947124,trend,trend,trend_to_trend,8,True
1239,rolling_2021_2023,2021-10-29,2021-11-01 10:00:00,2021-12-02,2021-12-03,714300.0,1.431,1.469,511.08165,524.6533499999999,0.025528814907710196,trend,range,trend_to_range,24,False
1239,rolling_2021_2023,2021-12-03,2021-12-06 00:00:00,2021-12-08,2021-12-09,707400.0,1.482,1.45,524.1834,512.865,-0.022570361243130166,range,range,range_to_range,3,True
1239,rolling_2021_2023,2021-12-10,2021-12-13 00:00:00,2021-12-15,2021-12-16,690500.0,1.484,1.463,512.351,505.10075,-0.015136299774641038,range,range,range_to_range,3,True
1239,rolling_2021_2023,2021-12-17,2021-12-20 00:00:00,2021-12-23,2021-12-24,701800.0,1.438,1.415,504.59419999999994,496.5235,-0.016977950524042495,range,range,range_to_range,4,True
1239,rolling_2021_2023,2022-01-13,2022-01-14 00:00:00,2022-01-20,2022-01-21,744800.0,1.332,1.343,496.0368000000001,500.13320000000004,0.007250503877190395,range,range,range_to_range,5,False
1239,rolling_2021_2023,2022-02-23,2022-02-24 00:00:00,2022-03-03,2022-03-04,793700.0,1.259,1.239,499.63415,491.69715,-0.016869246075929434,trend,trend,trend_to_trend,6,True
1239,rolling_2021_2023,2022-03-21,2022-03-22 00:00:00,2022-03-24,2022-03-25,833900.0,1.178,1.167,491.1671,486.58065000000005,-0.010328027836675746,trend,trend,trend_to_trend,3,True
1239,rolling_2021_2023,2022-05-05,2022-05-06 00:00:00,2022-06-22,2022-06-23,1018000.0,0.955,1.095,486.095,557.355,0.14545083479202803,trend,range,trend_to_range,33,False
1239,rolling_2021_2023,2022-06-24,2022-06-27 10:30:00,2022-07-11,2022-07-12,979400.0,1.137,1.11,556.7889,543.567,-0.02472246726241112,range,range,range_to_range,11,False
1239,rolling_2021_2023,2022-07-21,2022-07-22 10:00:00,2022-08-19,2022-08-22,961100.0,1.13,1.137,543.0215000000001,546.38535,0.005188998421143287,trend,trend,trend_to_trend,21,False
1239,rolling_2021_2023,2022-10-17,2022-10-18 10:00:00,2022-10-28,2022-10-31,1102800.0,0.99,1.025,545.886,565.1850000000001,0.034318699236240535,trend,range,trend_to_range,9,False
1239,rolling_2021_2023,2022-10-31,2022-11-01 00:00:00,2022-11-07,2022-11-08,1084700.0,1.041,1.09,564.58635,591.1615,0.046023578028469014,trend,range,trend_to_range,5,False
1239,rolling_2021_2023,2022-11-09,2022-11-10 00:00:00,2022-11-21,2022-11-22,1113300.0,1.061,1.061,590.6056500000001,590.6056500000001,-0.0009995002498751626,trend,trend,trend_to_trend,8,True
1239,rolling_2021_2023,2022-12-30,2023-01-03 00:00:00,2023-02-08,2023-02-09,1195500.0,0.987,1.032,589.97925,616.878,0.044547634997091023,range,range,range_to_range,22,False
1239,rolling_2021_2023,2023-02-10,2023-02-13 00:00:00,2023-02-16,2023-02-17,1179500.0,1.045,1.028,616.28875,606.263,-0.01725118302092976,range,range,range_to_range,4,True
1239,rolling_2021_2023,2023-03-01,2023-03-02 10:00:00,2023-03-07,2023-03-08,1189900.0,1.018,1.012,605.6591,602.0894000000001,-0.006887518912449431,range,range,range_to_range,4,True
1239,rolling_2021_2023,2023-03-22,2023-03-23 00:00:00,2023-04-21,2023-04-24,1144600.0,1.051,1.136,601.4872999999999,650.1328,0.07979502161383634,trend,trend,trend_to_trend,21,False
1239,rolling_2021_2023,2023-05-26,2023-05-29 10:00:00,2023-06-06,2023-06-07,1218500.0,1.066,1.052,649.4605,640.931,-0.014119581860101982,range,range,range_to_range,7,True
1239,rolling_2021_2023,2023-06-09,2023-06-12 00:00:00,2023-06-26,2023-06-27,1216100.0,1.053,1.035,640.2766499999999,629.33175,-0.018076431869535003,range,range,range_to_range,9,True
1239,rolling_2021_2023,2023-07-31,2023-08-01 00:00:00,2023-08-08,2023-08-09,1266300.0,0.993,0.988,628.71795,625.5522,-0.006029714246602813,trend,range,trend_to_range,6,True
1239,rolling_2021_2023,2023-08-30,2023-08-31 00:00:00,2023-09-07,2023-09-08,1303300.0,0.959,0.917,624.93235,597.5630500000001,-0.04475134695425986,trend,trend,trend_to_trend,6,True
1239,rolling_2021_2023,2023-09-27,2023-09-28 00:00:00,2023-10-16,2023-10-17,1322200.0,0.903,0.896,596.9733000000001,592.3456,-0.00874369017041865,trend,trend,trend_to_trend,7,True
1239,rolling_2021_2023,2023-10-27,2023-10-30 00:00:00,2023-11-22,2023-11-23,1344900.0,0.88,0.892,591.756,599.8254000000001,0.012623233837626646,trend,range,trend_to_range,18,False
1239,rolling_2021_2023,2023-12-08,2023-12-11 00:00:00,2023-12-15,2023-12-18,1358800.0,0.882,0.867,599.2308,589.0398,-0.017989304667394124,trend,range,trend_to_range,5,True
1239,rolling_2022_2024,2022-01-13,2022-01-14 00:00:00,2022-01-20,2022-01-21,750300.0,1.332,1.343,499.69980000000004,503.82645,0.007250503877190395,range,range,range_to_range,5,False
1239,rolling_2022_2024,2022-02-23,2022-02-24 00:00:00,2022-03-03,2022-03-04,799600.0,1.259,1.239,503.34819999999996,495.35220000000004,-0.016869246075929323,trend,trend,trend_to_trend,6,True
1239,rolling_2022_2024,2022-03-21,2022-03-22 00:00:00,2022-03-24,2022-03-25,840200.0,1.178,1.167,494.8778,490.2567,-0.010328027836675857,trend,trend,trend_to_trend,3,True
1239,rolling_2022_2024,2022-05-05,2022-05-06 00:00:00,2022-06-22,2022-06-23,1025600.0,0.955,1.095,489.724,561.516,0.14545083479202803,trend,range,trend_to_range,33,False
1239,rolling_2022_2024,2022-06-24,2022-06-27 10:30:00,2022-07-11,2022-07-12,986800.0,1.137,1.11,560.9958,547.674,-0.02472246726241112,range,range,range_to_range,11,False
1239,rolling_2022_2024,2022-07-21,2022-07-22 10:00:00,2022-08-19,2022-08-22,968300.0,1.13,1.137,547.0895,550.47855,0.005188998421143287,trend,trend,trend_to_trend,21,False
1239,rolling_2022_2024,2022-10-17,2022-10-18 10:00:00,2022-10-28,2022-10-31,1111000.0,0.99,1.025,549.945,569.3875,0.034318699236240535,trend,range,trend_to_range,9,False
1239,rolling_2022_2024,2022-10-31,2022-11-01 00:00:00,2022-11-07,2022-11-08,1092800.0,1.041,1.09,568.8023999999999,595.576,0.046023578028469236,trend,range,trend_to_range,5,False
1239,rolling_2022_2024,2022-11-09,2022-11-10 00:00:00,2022-11-21,2022-11-22,1121600.0,1.061,1.061,595.0088,595.0088,-0.0009995002498749406,trend,trend,trend_to_trend,8,True
1239,rolling_2022_2024,2022-12-30,2023-01-03 00:00:00,2023-02-08,2023-02-09,1204500.0,0.987,1.032,594.42075,621.522,0.044547634997091023,range,range,range_to_range,22,False
1239,rolling_2022_2024,2023-02-10,2023-02-13 00:00:00,2023-02-16,2023-02-17,1188300.0,1.045,1.028,620.88675,610.7862000000001,-0.01725118302092965,range,range,range_to_range,4,True
1239,rolling_2022_2024,2023-03-01,2023-03-02 10:00:00,2023-03-07,2023-03-08,1198800.0,1.018,1.012,610.1891999999999,606.5928,-0.006887518912449209,range,range,range_to_range,4,True
1239,rolling_2022_2024,2023-03-22,2023-03-23 00:00:00,2023-04-21,2023-04-24,1153100.0,1.051,1.136,605.9540499999999,654.9608,0.07979502161383634,trend,trend,trend_to_trend,21,False
1239,rolling_2022_2024,2023-05-26,2023-05-29 10:00:00,2023-06-06,2023-06-07,1227600.0,1.066,1.052,654.3108000000001,645.7176,-0.014119581860102093,range,range,range_to_range,7,True
1239,rolling_2022_2024,2023-06-09,2023-06-12 00:00:00,2023-06-26,2023-06-27,1225200.0,1.053,1.035,645.0677999999999,634.041,-0.018076431869535226,range,range,range_to_range,9,True
1239,rolling_2022_2024,2023-07-31,2023-08-01 00:00:00,2023-08-08,2023-08-09,1275800.0,0.993,0.988,633.4347,630.2452,-0.006029714246602813,trend,range,trend_to_range,6,True
1239,rolling_2022_2024,2023-08-30,2023-08-31 00:00:00,2023-09-07,2023-09-08,1313000.0,0.959,0.917,629.5835,602.0105,-0.044751346954260085,trend,trend,trend_to_trend,6,True
1239,rolling_2022_2024,2023-09-27,2023-09-28 00:00:00,2023-10-16,2023-10-17,1332100.0,0.903,0.896,601.4431500000001,596.7808000000001,-0.00874369017041865,trend,trend,trend_to_trend,7,True
1239,rolling_2022_2024,2023-10-27,2023-10-30 00:00:00,2023-11-22,2023-11-23,1354900.0,0.88,0.892,596.1560000000001,604.2854,0.012623233837626868,trend,range,trend_to_range,18,False
1239,rolling_2022_2024,2023-12-08,2023-12-11 00:00:00,2023-12-15,2023-12-18,1368900.0,0.882,0.867,603.6849000000001,593.4181500000001,-0.017989304667394235,trend,range,trend_to_range,5,True
1239,rolling_2022_2024,2023-12-29,2024-01-02 00:00:00,2024-01-04,2024-01-05,1359700.0,0.872,0.842,592.8292,572.4336999999999,-0.035368783498159195,range,range,range_to_range,3,True
1239,rolling_2022_2024,2024-02-08,2024-02-19 10:00:00,2024-03-13,2024-03-14,1485400.0,0.77,0.831,571.879,617.1836999999999,0.07814209778227776,trend,range,trend_to_range,18,False
1239,rolling_2022_2024,2024-04-26,2024-04-29 10:00:00,2024-05-09,2024-05-10,1599400.0,0.771,0.796,616.5687,636.5612000000001,0.031393512063682794,range,range,range_to_range,6,False
1239,rolling_2022_2024,2024-05-10,2024-05-13 00:00:00,2024-05-15,2024-05-16,1630600.0,0.78,0.768,635.934,626.1504,-0.016368738707569164,trend,trend,trend_to_trend,3,True
1239,rolling_2022_2024,2024-06-03,2024-06-04 00:00:00,2024-06-06,2024-06-07,1631100.0,0.767,0.762,625.52685,621.4491,-0.0075118894268642045,trend,range,trend_to_range,3,True
1239,rolling_2022_2024,2024-06-11,2024-06-12 10:00:00,2024-06-25,2024-06-26,1600000.0,0.776,0.734,620.8000000000001,587.2,-0.05506911492707256,range,range,range_to_range,10,True
1239,rolling_2022_2024,2024-07-17,2024-07-18 00:00:00,2024-07-22,2024-07-23,1581200.0,0.742,0.77,586.6252,608.7620000000001,0.036698631816167504,range,range,range_to_range,3,False
1239,rolling_2022_2024,2024-07-31,2024-08-01 10:00:00,2024-08-05,2024-08-06,1594100.0,0.763,0.73,608.1491500000001,581.8465,-0.044206599190575124,trend,range,trend_to_range,3,True
1239,rolling_2022_2024,2024-09-24,2024-09-25 14:00:00,2024-09-27,2024-09-30,1699600.0,0.684,0.813,581.2632000000001,690.8874,0.1874084887380869,trend,range,trend_to_range,3,False
1239,rolling_2022_2024,2024-10-08,2024-10-09 00:00:00,2024-10-30,2024-10-31,1280500.0,1.078,0.981,690.1895000000001,628.08525,-0.0908910108952945,trend,trend,trend_to_trend,16,False
1239,rolling_2022_2024,2024-11-05,2024-11-06 10:00:00,2024-11-15,2024-11-18,1231500.0,1.019,1.014,627.44925,624.3705,-0.005901367275145564,trend,trend,trend_to_trend,8,True
1239,rolling_2022_2024,2024-12-02,2024-12-03 00:00:00,2024-12-05,2024-12-06,1198400.0,1.041,1.03,623.7672,617.176,-0.011555701496033688,trend,trend,trend_to_trend,3,True
1239,rolling_2022_2024,2024-12-10,2024-12-11 00:00:00,2024-12-13,2024-12-16,1192600.0,1.034,1.013,616.5742000000001,604.0518999999999,-0.021288678678069384,trend,trend,trend_to_trend,3,True
1239,rolling_2023_2025,2022-12-30,2023-01-03 00:00:00,2023-02-08,2023-02-09,1012600.0,0.987,1.032,499.7181,522.5016,0.044547634997091246,range,range,range_to_range,22,False
1239,rolling_2023_2025,2023-02-10,2023-02-13 00:00:00,2023-02-16,2023-02-17,999000.0,1.045,1.028,521.9775,513.486,-0.01725118302092965,range,range,range_to_range,4,True
1239,rolling_2023_2025,2023-03-01,2023-03-02 10:00:00,2023-03-07,2023-03-08,1007800.0,1.018,1.012,512.9702,509.9468,-0.006887518912449542,range,range,range_to_range,4,True
1239,rolling_2023_2025,2023-03-22,2023-03-23 00:00:00,2023-04-21,2023-04-24,969500.0,1.051,1.136,509.47225,550.676,0.07979502161383634,trend,trend,trend_to_trend,21,False
1239,rolling_2023_2025,2023-05-26,2023-05-29 10:00:00,2023-06-06,2023-06-07,1032100.0,1.066,1.052,550.1093000000001,542.8846,-0.01411958186010187,range,range,range_to_range,7,True
1239,rolling_2023_2025,2023-06-09,2023-06-12 00:00:00,2023-06-26,2023-06-27,1030100.0,1.053,1.035,542.34765,533.0767500000001,-0.018076431869535226,range,range,range_to_range,9,True
1239,rolling_2023_2025,2023-07-31,2023-08-01 00:00:00,2023-08-08,2023-08-09,1072600.0,0.993,0.988,532.5459000000001,529.8644,-0.006029714246602924,trend,range,trend_to_range,6,True
1239,rolling_2023_2025,2023-08-30,2023-08-31 00:00:00,2023-09-07,2023-09-08,1103900.0,0.959,0.917,529.3200499999999,506.13815000000005,-0.044751346954259974,trend,trend,trend_to_trend,6,True
1239,rolling_2023_2025,2023-09-27,2023-09-28 00:00:00,2023-10-16,2023-10-17,1119900.0,0.903,0.896,505.63485000000003,501.71520000000004,-0.00874369017041876,trend,trend,trend_to_trend,7,True
1239,rolling_2023_2025,2023-10-27,2023-10-30 00:00:00,2023-11-22,2023-11-23,1139100.0,0.88,0.892,501.204,508.03860000000003,0.012623233837626646,trend,range,trend_to_range,18,False
1239,rolling_2023_2025,2023-12-08,2023-12-11 00:00:00,2023-12-15,2023-12-18,1150900.0,0.882,0.867,507.54690000000005,498.91515000000004,-0.017989304667394124,trend,range,trend_to_range,5,True
1239,rolling_2023_2025,2023-12-29,2024-01-02 00:00:00,2024-01-04,2024-01-05,1143100.0,0.872,0.842,498.3916,481.2451,-0.035368783498159084,range,range,range_to_range,3,True
1239,rolling_2023_2025,2024-02-08,2024-02-19 10:00:00,2024-03-13,2024-03-14,1248800.0,0.77,0.831,480.788,518.8764,0.07814209778227776,trend,range,trend_to_range,18,False
1239,rolling_2023_2025,2024-04-26,2024-04-29 10:00:00,2024-05-09,2024-05-10,1344600.0,0.771,0.796,518.3433,535.1508,0.031393512063683016,range,range,range_to_range,6,False
1239,rolling_2023_2025,2024-05-10,2024-05-13 00:00:00,2024-05-15,2024-05-16,1370800.0,0.78,0.768,534.612,526.3872,-0.016368738707569386,trend,trend,trend_to_trend,3,True
1239,rolling_2023_2025,2024-06-03,2024-06-04 00:00:00,2024-06-06,2024-06-07,1371300.0,0.767,0.762,525.89355,522.4653,-0.0075118894268642045,trend,range,trend_to_range,3,True
1239,rolling_2023_2025,2024-06-11,2024-06-12 10:00:00,2024-06-25,2024-06-26,1345200.0,0.776,0.734,521.9376000000001,493.6884,-0.05506911492707256,range,range,range_to_range,10,True
1239,rolling_2023_2025,2024-07-17,2024-07-18 00:00:00,2024-07-22,2024-07-23,1329300.0,0.742,0.77,493.1703,511.7805,0.036698631816167504,range,range,range_to_range,3,False
1239,rolling_2023_2025,2024-07-31,2024-08-01 10:00:00,2024-08-05,2024-08-06,1340200.0,0.763,0.73,511.2863,489.173,-0.04420659919057501,trend,range,trend_to_range,3,True
1239,rolling_2023_2025,2024-09-24,2024-09-25 14:00:00,2024-09-27,2024-09-30,1428900.0,0.684,0.813,488.6838000000001,580.84785,0.1874084887380869,trend,range,trend_to_range,3,False
1239,rolling_2023_2025,2024-10-08,2024-10-09 00:00:00,2024-10-30,2024-10-31,1076500.0,1.078,0.981,580.2335,528.02325,-0.09089101089529461,trend,trend,trend_to_trend,16,False
1239,rolling_2023_2025,2024-11-05,2024-11-06 10:00:00,2024-11-15,2024-11-18,1035400.0,1.019,1.014,527.5363,524.9478,-0.005901367275145342,trend,trend,trend_to_trend,8,True
1239,rolling_2023_2025,2024-12-02,2024-12-03 00:00:00,2024-12-05,2024-12-06,1007500.0,1.041,1.03,524.4037500000001,518.8625,-0.011555701496034021,trend,trend,trend_to_trend,3,True
1239,rolling_2023_2025,2024-12-10,2024-12-11 00:00:00,2024-12-13,2024-12-16,1002600.0,1.034,1.013,518.3442,507.8169,-0.02128867867806916,trend,trend,trend_to_trend,3,True
1239,rolling_2023_2025,2024-12-20,2024-12-23 00:00:00,2024-12-31,2025-01-02,980300.0,1.035,1.01,507.30524999999994,495.05150000000003,-0.02512994710374261,trend,range,trend_to_range,7,True
1239,rolling_2023_2025,2025-01-14,2025-01-15 00:00:00,2025-03-11,2025-03-12,987200.0,1.002,1.133,494.5872,559.2488000000001,0.12960834951785594,range,range,range_to_range,34,False
1239,rolling_2023_2025,2025-04-16,2025-04-17 00:00:00,2025-04-24,2025-04-25,1085800.0,1.029,1.027,558.6441,557.5582999999999,-0.0029411921833057963,range,range,range_to_range,6,True
1239,rolling_2023_2025,2025-05-08,2025-05-09 00:00:00,2025-05-13,2025-05-14,1065100.0,1.046,1.034,557.0473000000001,550.6567000000001,-0.012460309042419349,range,range,range_to_range,3,True
1239,rolling_2023_2025,2025-06-05,2025-06-06 00:00:00,2025-06-10,2025-06-11,1075400.0,1.023,1.007,550.0671,541.4639,-0.01662414149718916,trend,trend,trend_to_trend,3,True
1239,rolling_2023_2025,2025-06-24,2025-06-25 10:30:00,2025-09-08,2025-09-09,1078600.0,1.003,1.28,540.9178999999999,690.304,0.27489595182468607,trend,trend,trend_to_trend,54,False
1239,rolling_2023_2025,2025-09-10,2025-09-11 00:00:00,2025-10-14,2025-10-15,1073300.0,1.285,1.442,689.59525,773.8493,0.12105737014761098,trend,trend,trend_to_trend,18,False
1239,rolling_2023_2025,2025-10-24,2025-10-27 10:30:00,2025-10-30,2025-10-31,1030100.0,1.501,1.4923366,773.0900499999999,768.62796583,-0.006765483547366835,trend,trend,trend_to_trend,4,True
1239,rolling_2023_2025,2025-12-08,2025-12-09 00:00:00,2025-12-11,2025-12-12,1113500.0,1.3792502000000002,1.3630950000000002,767.8975488500001,758.9031412500001,-0.012700823819422613,range,range,range_to_range,3,True
1239,rolling_2023_2025,2025-12-17,2025-12-18 00:00:00,2025-12-24,2025-12-25,1120700.0,1.352998,1.3873278000000002,758.1524293,777.3891327300001,0.024348273624382077,range,range,range_to_range,5,False
1239,rolling_2024_2026,2023-12-29,2024-01-02 00:00:00,2024-01-04,2024-01-05,1146200.0,0.872,0.842,499.7432,482.5502,-0.035368783498159306,range,range,range_to_range,3,True
1239,rolling_2024_2026,2024-02-08,2024-02-19 10:00:00,2024-03-13,2024-03-14,1252100.0,0.77,0.831,482.05850000000004,520.24755,0.07814209778227754,trend,range,trend_to_range,18,False
1239,rolling_2024_2026,2024-04-26,2024-04-29 10:00:00,2024-05-09,2024-05-10,1348200.0,0.771,0.796,519.7311000000001,536.5835999999999,0.031393512063682794,range,range,range_to_range,6,False
1239,rolling_2024_2026,2024-05-10,2024-05-13 00:00:00,2024-05-15,2024-05-16,1374500.0,0.78,0.768,536.0550000000001,527.808,-0.016368738707569164,trend,trend,trend_to_trend,3,True
1239,rolling_2024_2026,2024-06-03,2024-06-04 00:00:00,2024-06-06,2024-06-07,1374900.0,0.767,0.762,527.2741500000001,523.8369,-0.0075118894268640934,trend,range,trend_to_range,3,True
1239,rolling_2024_2026,2024-06-11,2024-06-12 10:00:00,2024-06-25,2024-06-26,1348700.0,0.776,0.734,523.2956,494.9729,-0.05506911492707267,range,range,range_to_range,10,True
1239,rolling_2024_2026,2024-07-17,2024-07-18 00:00:00,2024-07-22,2024-07-23,1332900.0,0.742,0.77,494.50590000000005,513.1665,0.03669863181616728,range,range,range_to_range,3,False
1239,rolling_2024_2026,2024-07-31,2024-08-01 10:00:00,2024-08-05,2024-08-06,1343700.0,0.763,0.73,512.62155,490.45050000000003,-0.044206599190575124,trend,range,trend_to_range,3,True
1239,rolling_2024_2026,2024-09-24,2024-09-25 14:00:00,2024-09-27,2024-09-30,1432700.0,0.684,0.813,489.9834,582.3925499999999,0.1874084887380869,trend,range,trend_to_range,3,False
1239,rolling_2024_2026,2024-10-08,2024-10-09 00:00:00,2024-10-30,2024-10-31,1079400.0,1.078,0.981,581.7966000000001,529.4457,-0.09089101089529472,trend,trend,trend_to_trend,16,False
1239,rolling_2024_2026,2024-11-05,2024-11-06 10:00:00,2024-11-15,2024-11-18,1038100.0,1.019,1.014,528.9119499999999,526.3167,-0.005901367275145675,trend,trend,trend_to_trend,8,True
1239,rolling_2024_2026,2024-12-02,2024-12-03 00:00:00,2024-12-05,2024-12-06,1010200.0,1.041,1.03,525.8091,520.253,-0.01155570149603391,trend,trend,trend_to_trend,3,True
1239,rolling_2024_2026,2024-12-10,2024-12-11 00:00:00,2024-12-13,2024-12-16,1005300.0,1.034,1.013,519.7401000000001,509.18444999999997,-0.021288678678069273,trend,trend,trend_to_trend,3,True
1239,rolling_2024_2026,2024-12-20,2024-12-23 00:00:00,2024-12-31,2025-01-02,982900.0,1.035,1.01,508.65074999999996,496.3645,-0.025129947103742722,trend,range,trend_to_range,7,True
1239,rolling_2024_2026,2025-01-14,2025-01-15 00:00:00,2025-03-11,2025-03-12,989800.0,1.002,1.133,495.8898,560.7216999999999,0.12960834951785571,range,range,range_to_range,34,False
1239,rolling_2024_2026,2025-04-16,2025-04-17 00:00:00,2025-04-24,2025-04-25,1088700.0,1.029,1.027,560.1361499999999,559.0474499999999,-0.0029411921833055743,range,range,range_to_range,6,True
1239,rolling_2024_2026,2025-05-08,2025-05-09 00:00:00,2025-05-13,2025-05-14,1067900.0,1.046,1.034,558.5117000000001,552.1043000000001,-0.01246030904241946,range,range,range_to_range,3,True
1239,rolling_2024_2026,2025-06-05,2025-06-06 00:00:00,2025-06-10,2025-06-11,1078300.0,1.023,1.007,551.55045,542.92405,-0.016624141497188938,trend,trend,trend_to_trend,3,True
1239,rolling_2024_2026,2025-06-24,2025-06-25 10:30:00,2025-09-08,2025-09-09,1081500.0,1.003,1.28,542.3722499999999,692.16,0.2748959518246863,trend,trend,trend_to_trend,54,False
1239,rolling_2024_2026,2025-09-10,2025-09-11 00:00:00,2025-10-14,2025-10-15,1076200.0,1.285,1.442,691.4585,775.9402,0.12105737014761098,trend,trend,trend_to_trend,18,False
1239,rolling_2024_2026,2025-10-24,2025-10-27 10:30:00,2025-10-30,2025-10-31,1032900.0,1.501,1.4923366,775.1914499999999,770.71723707,-0.006765483547366835,trend,trend,trend_to_trend,4,True
1239,rolling_2024_2026,2025-12-08,2025-12-09 00:00:00,2025-12-11,2025-12-12,1116400.0,1.3792502000000002,1.3630950000000002,769.8974616400001,760.8796290000001,-0.012700823819422724,range,range,range_to_range,3,True
1239,rolling_2024_2026,2025-12-17,2025-12-18 00:00:00,2025-12-24,2025-12-25,1123600.0,1.352998,1.3873278000000002,760.1142764,779.4007580400001,0.024348273624382077,range,range,range_to_range,5,False
1239,rolling_2024_2026,2025-12-29,2025-12-30 00:00:00,2026-01-29,2026-01-30,1125000.0,1.3842987,1.5488798,778.6680187500001,871.2448875,0.11777298805010328,range,trend,range_to_trend,21,False
1239,rolling_2024_2026,2026-02-25,2026-02-26 10:00:00,2026-03-02,2026-03-03,1147500.0,1.517,1.5105112,870.37875,866.655801,-0.005272614582622959,trend,trend,trend_to_trend,3,True
1239,rolling_2024_2026,2026-04-08,2026-04-09 00:00:00,2026-04-23,2026-04-24,1255400.0,1.3792502000000002,1.4812299000000002,865.7553505400001,929.7680082300002,0.0728651047828941,range,range,range_to_range,11,False
1239,rolling_2024_2026,2026-05-06,2026-05-07 10:00:00,2026-06-01,2026-06-02,1088300.0,1.707,1.7215385,928.86405,936.7751747750001,0.0075089758869832934,range,trend,range_to_trend,18,False
1239,rolling_2024_2026,2026-06-16,2026-06-17 00:00:00,2026-07-13,2026-07-14,1046700.0,1.7881787,2.0476716,935.843322645,1071.6489318600002,0.1439712103293358,trend,trend,trend_to_trend,18,False
1239,rolling_2024_2026,2026-08-05,2026-08-06 00:00:00,2026-08-14,2026-08-17,1251000.0,1.7114415,1.7750526,1070.50665825,1110.2954013,0.03613149177623587,range,range,range_to_range,7,False
1298,full_2021_2026,2021-01-12,2021-01-13 10:30:00,2021-01-28,2021-01-29,697000.0,1.434,1.456,499.749,507.416,0.014326867249778275,warmup,warmup,warmup_to_warmup,12,False
1298,full_2021_2026,2021-03-26,2021-03-29 10:00:00,2021-04-12,2021-04-13,791400.0,1.281,1.267,506.89169999999996,501.3519,-0.011917538498510294,trend,range,trend_to_range,10,True
1298,full_2021_2026,2021-04-16,2021-04-19 00:00:00,2021-05-07,2021-05-10,770500.0,1.3,1.295,500.825,498.89875,-0.004841809864298607,trend,trend,trend_to_trend,12,False
1298,full_2021_2026,2021-05-14,2021-05-17 00:00:00,2021-06-16,2021-06-17,751800.0,1.326,1.441,498.44340000000005,541.6719,0.08564081458516593,range,trend,range_to_trend,22,False
1298,full_2021_2026,2021-06-17,2021-06-18 00:00:00,2021-07-06,2021-07-07,719100.0,1.505,1.557,541.12275,559.81935,0.03351746053883353,trend,trend,trend_to_trend,13,False
1298,full_2021_2026,2021-07-07,2021-07-08 00:00:00,2021-07-14,2021-07-15,698200.0,1.602,1.589,559.2582000000001,554.7199,-0.009106245878309327,trend,trend,trend_to_trend,5,True
1298,full_2021_2026,2021-07-29,2021-07-30 00:00:00,2021-08-09,2021-08-10,681600.0,1.626,1.604,554.1407999999999,546.6432000000001,-0.014516112177613283,trend,trend,trend_to_trend,7,True
1298,full_2021_2026,2021-08-24,2021-08-25 00:00:00,2021-08-27,2021-08-30,675000.0,1.618,1.525,546.075,514.6875,-0.05842041896233596,trend,range,trend_to_range,3,True
1298,full_2021_2026,2021-10-15,2021-10-18 00:00:00,2021-10-27,2021-10-28,735600.0,1.398,1.391,514.1844,511.6098,-0.006001648674947124,trend,trend,trend_to_trend,8,True
1298,full_2021_2026,2021-10-29,2021-11-01 10:00:00,2021-11-18,2021-11-19,714300.0,1.431,1.456,511.08165,520.0104,0.01645333866958887,trend,range,trend_to_range,14,False
1298,full_2021_2026,2021-11-19,2021-11-22 00:00:00,2021-12-02,2021-12-03,702000.0,1.48,1.469,519.48,515.619,-0.008424503964233887,range,range,range_to_range,9,True
1298,full_2021_2026,2021-12-03,2021-12-06 00:00:00,2021-12-08,2021-12-09,695200.0,1.482,1.45,515.1432,504.02000000000004,-0.022570361243130166,range,range,range_to_range,3,True
1298,full_2021_2026,2021-12-10,2021-12-13 00:00:00,2021-12-15,2021-12-16,678600.0,1.484,1.463,503.5212,496.39590000000004,-0.015136299774640927,range,range,range_to_range,3,True
1298,full_2021_2026,2021-12-17,2021-12-20 00:00:00,2021-12-23,2021-12-24,689700.0,1.438,1.415,495.8943,487.96275,-0.016977950524042495,range,range,range_to_range,4,True
1298,full_2021_2026,2022-01-13,2022-01-14 00:00:00,2022-01-21,2022-01-24,731900.0,1.332,1.326,487.4454,485.2497,-0.005499502501001841,range,range,range_to_range,6,True
1298,full_2021_2026,2022-02-23,2022-02-24 00:00:00,2022-03-03,2022-03-04,770100.0,1.259,1.239,484.77795,477.07695,-0.016869246075929434,trend,trend,trend_to_trend,6,True
1298,full_2021_2026,2022-03-21,2022-03-22 00:00:00,2022-03-24,2022-03-25,809200.0,1.178,1.167,476.6188,472.1682,-0.010328027836675857,trend,trend,trend_to_trend,3,True
1298,full_2021_2026,2022-05-05,2022-05-06 00:00:00,2022-06-21,2022-06-22,987900.0,0.955,1.116,471.72225000000003,551.2482000000001,0.16741838504831374,trend,range,trend_to_range,32,False
1298,full_2021_2026,2022-06-24,2022-06-27 10:30:00,2022-07-11,2022-07-12,968600.0,1.137,1.11,550.6491,537.573,-0.02472246726241112,range,range,range_to_range,11,False
1298,full_2021_2026,2022-07-21,2022-07-22 10:00:00,2022-08-19,2022-08-22,950600.0,1.13,1.137,537.089,540.4161,0.005188998421143509,trend,trend,trend_to_trend,21,False
1298,full_2021_2026,2022-10-17,2022-10-18 10:00:00,2022-11-21,2022-11-22,1090600.0,0.99,1.061,539.847,578.5632999999999,0.07064599013624484,trend,trend,trend_to_trend,25,False
1298,full_2021_2026,2022-12-12,2022-12-13 00:00:00,2022-12-15,2022-12-16,1124500.0,1.028,1.01,577.993,567.8725000000001,-0.018491726899196426,range,range,range_to_range,3,True
1298,full_2021_2026,2022-12-30,2023-01-03 00:00:00,2023-02-08,2023-02-09,1149500.0,0.987,1.032,567.27825,593.142,0.044547634997091246,range,range,range_to_range,22,False
1298,full_2021_2026,2023-02-09,2023-02-10 00:00:00,2023-02-16,2023-02-17,1116000.0,1.062,1.028,592.596,573.624,-0.03298256709686587,range,range,range_to_range,5,True
1298,full_2021_2026,2023-03-01,2023-03-02 10:00:00,2023-03-07,2023-03-08,1125800.0,1.018,1.012,573.0322,569.6548,-0.006887518912449209,range,range,range_to_range,4,True
1298,full_2021_2026,2023-03-15,2023-03-16 00:00:00,2023-04-21,2023-04-24,1111500.0,1.024,1.136,569.088,631.332,0.10826617941029482,range,trend,range_to_trend,26,False
1298,full_2021_2026,2023-05-26,2023-05-29 10:00:00,2023-06-06,2023-06-07,1183300.0,1.066,1.052,630.6989,622.4158000000001,-0.01411958186010187,range,range,range_to_range,7,True
1298,full_2021_2026,2023-06-09,2023-06-12 00:00:00,2023-06-26,2023-06-27,1181000.0,1.053,1.035,621.7965,611.1675,-0.018076431869535226,range,range,range_to_range,9,True
1298,full_2021_2026,2023-07-31,2023-08-01 00:00:00,2023-08-08,2023-08-09,1229700.0,0.993,0.988,610.54605,607.4718,-0.006029714246602702,trend,range,trend_to_range,6,True
1298,full_2021_2026,2023-08-30,2023-08-31 00:00:00,2023-09-07,2023-09-08,1265600.0,0.959,0.917,606.8552,580.2776,-0.044751346954260085,trend,trend,trend_to_trend,6,True
1298,full_2021_2026,2023-09-27,2023-09-28 00:00:00,2023-10-16,2023-10-17,1284000.0,0.903,0.896,579.726,575.232,-0.00874369017041876,trend,trend,trend_to_trend,7,True
1298,full_2021_2026,2023-10-27,2023-10-30 00:00:00,2023-11-22,2023-11-23,1306000.0,0.88,0.892,574.64,582.476,0.012623233837626646,trend,range,trend_to_range,18,False
1298,full_2021_2026,2023-12-08,2023-12-11 00:00:00,2023-12-18,2023-12-19,1319500.0,0.882,0.86,581.8995,567.385,-0.025917880062236498,trend,range,trend_to_range,6,True
1298,full_2021_2026,2023-12-28,2023-12-29 00:00:00,2024-01-04,2024-01-05,1304500.0,0.869,0.842,566.80525,549.1945000000001,-0.03203864120873967,range,range,range_to_range,4,True
1298,full_2021_2026,2024-02-08,2024-02-19 10:00:00,2024-03-14,2024-03-15,1425100.0,0.77,0.821,548.6635,585.0035499999999,0.06516806531799024,trend,range,trend_to_range,19,False
1298,full_2021_2026,2024-04-24,2024-04-25 00:00:00,2024-05-13,2024-05-14,1552200.0,0.753,0.782,584.4033000000001,606.9102,0.03747462258246714,range,range,range_to_range,10,False
1298,full_2021_2026,2024-06-03,2024-06-04 00:00:00,2024-06-25,2024-06-26,1581000.0,0.767,0.734,606.3135,580.227,-0.043981268818002905,trend,range,trend_to_range,15,False
1298,full_2021_2026,2024-07-11,2024-07-12 00:00:00,2024-07-24,2024-07-25,1583700.0,0.732,0.727,579.6342,575.67495,-0.007823274155271953,range,range,range_to_range,9,True
1298,full_2021_2026,2024-07-31,2024-08-01 10:00:00,2024-08-06,2024-08-07,1507500.0,0.763,0.73,575.11125,550.2375000000001,-0.044206599190575235,trend,trend,trend_to_trend,4,True
1298,full_2021_2026,2024-09-24,2024-09-25 14:00:00,2024-10-30,2024-10-31,1607300.0,0.684,0.981,549.6966000000001,788.3806500000001,0.43277703253636335,trend,trend,trend_to_trend,21,False
1298,full_2021_2026,2024-11-05,2024-11-06 10:00:00,2024-11-15,2024-11-18,1545800.0,1.019,1.014,787.5851,783.7206,-0.005901367275145453,trend,trend,trend_to_trend,8,True
1298,full_2021_2026,2024-12-02,2024-12-03 00:00:00,2024-12-05,2024-12-06,1504200.0,1.041,1.03,782.9361,774.663,-0.01155570149603391,trend,trend,trend_to_trend,3,True
1298,full_2021_2026,2024-12-10,2024-12-11 00:00:00,2024-12-13,2024-12-16,1496900.0,1.034,1.013,773.8973000000001,758.17985,-0.02128867867806916,trend,trend,trend_to_trend,3,True
1298,full_2021_2026,2024-12-20,2024-12-23 00:00:00,2024-12-31,2025-01-02,1463600.0,1.035,1.01,757.4129999999999,739.118,-0.02512994710374261,trend,range,trend_to_range,7,True
1298,full_2021_2026,2025-01-07,2025-01-08 00:00:00,2025-01-20,2025-01-21,1506900.0,0.98,0.996,738.381,750.4362,0.015310711990943027,range,range,range_to_range,9,False
1298,full_2021_2026,2025-01-21,2025-01-22 00:00:00,2025-03-11,2025-03-12,1505400.0,0.996,1.133,749.6891999999999,852.8091,0.13641321909326476,range,range,range_to_range,29,False
1298,full_2021_2026,2025-04-16,2025-04-17 00:00:00,2025-04-24,2025-04-25,1655900.0,1.029,1.027,851.9605499999999,850.3046499999999,-0.0029411921833059074,range,range,range_to_range,6,True
1298,full_2021_2026,2025-05-06,2025-05-07 14:00:00,2025-05-09,2025-05-12,1618000.0,1.05,1.034,849.45,836.506,-0.01622236500797225,range,range,range_to_range,3,True
1298,full_2021_2026,2025-06-05,2025-06-06 00:00:00,2025-06-10,2025-06-11,1633700.0,1.023,1.007,835.6375499999999,822.56795,-0.016624141497188938,trend,trend,trend_to_trend,3,True
1298,full_2021_2026,2025-06-24,2025-06-25 10:30:00,2025-09-08,2025-09-09,1638600.0,1.003,1.28,821.7579,1048.704,0.27489595182468607,trend,trend,trend_to_trend,54,False
1298,full_2021_2026,2025-09-10,2025-09-11 00:00:00,2025-10-14,2025-10-15,1630600.0,1.285,1.442,1047.6605,1175.6625999999999,0.12105737014761098,trend,trend,trend_to_trend,18,False
1298,full_2021_2026,2025-10-24,2025-10-27 10:30:00,2025-10-30,2025-10-31,1564900.0,1.501,1.4923366,1174.4574499999999,1167.6787726700002,-0.006765483547366946,trend,trend,trend_to_trend,4,True
1298,full_2021_2026,2025-12-08,2025-12-09 00:00:00,2025-12-11,2025-12-12,1691600.0,1.3792502000000002,1.3630950000000002,1166.5698191600002,1152.9057510000002,-0.012700823819422613,range,range,range_to_range,3,True
1298,full_2021_2026,2025-12-17,2025-12-18 00:00:00,2026-01-29,2026-01-30,1702500.0,1.352998,1.5488798,1151.7395474999998,1318.48392975,0.14363191538559095,range,trend,range_to_trend,29,False
1298,full_2021_2026,2026-02-25,2026-02-26 10:00:00,2026-03-02,2026-03-03,1736500.0,1.517,1.5105112,1317.13525,1311.5013494,-0.005272614582622848,trend,trend,trend_to_trend,3,True
1298,full_2021_2026,2026-04-08,2026-04-09 00:00:00,2026-06-01,2026-06-02,1899900.0,1.3792502000000002,1.7215385,1310.2187274900002,1635.375498075,0.24692229287991418,range,trend,range_to_trend,35,False
1298,full_2021_2026,2026-06-09,2026-06-10 00:00:00,2026-06-12,2026-06-15,1914800.0,1.706393,1.7397131,1633.7006582,1665.60132194,0.018507610100275462,range,trend,range_to_trend,3,False
1298,full_2021_2026,2026-06-16,2026-06-17 00:00:00,2026-07-13,2026-07-14,1861100.0,1.7881787,2.0476716,1663.9896892850002,1905.4608073800002,0.1439712103293358,trend,trend,trend_to_trend,18,False
1298,full_2021_2026,2026-08-05,2026-08-06 00:00:00,2026-08-14,2026-08-17,2224500.0,1.7114415,1.7750526,1903.550808375,1974.30225435,0.03613149177623587,range,range,range_to_range,7,False
1298,rolling_2021_2023,2021-01-12,2021-01-13 10:30:00,2021-01-28,2021-01-29,697000.0,1.434,1.456,499.749,507.416,0.014326867249778275,warmup,warmup,warmup_to_warmup,12,False
1298,rolling_2021_2023,2021-03-26,2021-03-29 10:00:00,2021-04-12,2021-04-13,791400.0,1.281,1.267,506.89169999999996,501.3519,-0.011917538498510294,trend,range,trend_to_range,10,True
1298,rolling_2021_2023,2021-04-16,2021-04-19 00:00:00,2021-05-07,2021-05-10,770500.0,1.3,1.295,500.825,498.89875,-0.004841809864298607,trend,trend,trend_to_trend,12,False
1298,rolling_2021_2023,2021-05-14,2021-05-17 00:00:00,2021-06-16,2021-06-17,751800.0,1.326,1.441,498.44340000000005,541.6719,0.08564081458516593,range,trend,range_to_trend,22,False
1298,rolling_2021_2023,2021-06-17,2021-06-18 00:00:00,2021-07-06,2021-07-07,719100.0,1.505,1.557,541.12275,559.81935,0.03351746053883353,trend,trend,trend_to_trend,13,False
1298,rolling_2021_2023,2021-07-07,2021-07-08 00:00:00,2021-07-14,2021-07-15,698200.0,1.602,1.589,559.2582000000001,554.7199,-0.009106245878309327,trend,trend,trend_to_trend,5,True
1298,rolling_2021_2023,2021-07-29,2021-07-30 00:00:00,2021-08-09,2021-08-10,681600.0,1.626,1.604,554.1407999999999,546.6432000000001,-0.014516112177613283,trend,trend,trend_to_trend,7,True
1298,rolling_2021_2023,2021-08-24,2021-08-25 00:00:00,2021-08-27,2021-08-30,675000.0,1.618,1.525,546.075,514.6875,-0.05842041896233596,trend,range,trend_to_range,3,True
1298,rolling_2021_2023,2021-10-15,2021-10-18 00:00:00,2021-10-27,2021-10-28,735600.0,1.398,1.391,514.1844,511.6098,-0.006001648674947124,trend,trend,trend_to_trend,8,True
1298,rolling_2021_2023,2021-10-29,2021-11-01 10:00:00,2021-11-18,2021-11-19,714300.0,1.431,1.456,511.08165,520.0104,0.01645333866958887,trend,range,trend_to_range,14,False
1298,rolling_2021_2023,2021-11-19,2021-11-22 00:00:00,2021-12-02,2021-12-03,702000.0,1.48,1.469,519.48,515.619,-0.008424503964233887,range,range,range_to_range,9,True
1298,rolling_2021_2023,2021-12-03,2021-12-06 00:00:00,2021-12-08,2021-12-09,695200.0,1.482,1.45,515.1432,504.02000000000004,-0.022570361243130166,range,range,range_to_range,3,True
1298,rolling_2021_2023,2021-12-10,2021-12-13 00:00:00,2021-12-15,2021-12-16,678600.0,1.484,1.463,503.5212,496.39590000000004,-0.015136299774640927,range,range,range_to_range,3,True
1298,rolling_2021_2023,2021-12-17,2021-12-20 00:00:00,2021-12-23,2021-12-24,689700.0,1.438,1.415,495.8943,487.96275,-0.016977950524042495,range,range,range_to_range,4,True
1298,rolling_2021_2023,2022-01-13,2022-01-14 00:00:00,2022-01-21,2022-01-24,731900.0,1.332,1.326,487.4454,485.2497,-0.005499502501001841,range,range,range_to_range,6,True
1298,rolling_2021_2023,2022-02-23,2022-02-24 00:00:00,2022-03-03,2022-03-04,770100.0,1.259,1.239,484.77795,477.07695,-0.016869246075929434,trend,trend,trend_to_trend,6,True
1298,rolling_2021_2023,2022-03-21,2022-03-22 00:00:00,2022-03-24,2022-03-25,809200.0,1.178,1.167,476.6188,472.1682,-0.010328027836675857,trend,trend,trend_to_trend,3,True
1298,rolling_2021_2023,2022-05-05,2022-05-06 00:00:00,2022-06-21,2022-06-22,987900.0,0.955,1.116,471.72225000000003,551.2482000000001,0.16741838504831374,trend,range,trend_to_range,32,False
1298,rolling_2021_2023,2022-06-24,2022-06-27 10:30:00,2022-07-11,2022-07-12,968600.0,1.137,1.11,550.6491,537.573,-0.02472246726241112,range,range,range_to_range,11,False
1298,rolling_2021_2023,2022-07-21,2022-07-22 10:00:00,2022-08-19,2022-08-22,950600.0,1.13,1.137,537.089,540.4161,0.005188998421143509,trend,trend,trend_to_trend,21,False
1298,rolling_2021_2023,2022-10-17,2022-10-18 10:00:00,2022-11-21,2022-11-22,1090600.0,0.99,1.061,539.847,578.5632999999999,0.07064599013624484,trend,trend,trend_to_trend,25,False
1298,rolling_2021_2023,2022-12-12,2022-12-13 00:00:00,2022-12-15,2022-12-16,1124500.0,1.028,1.01,577.993,567.8725000000001,-0.018491726899196426,range,range,range_to_range,3,True
1298,rolling_2021_2023,2022-12-30,2023-01-03 00:00:00,2023-02-08,2023-02-09,1149500.0,0.987,1.032,567.27825,593.142,0.044547634997091246,range,range,range_to_range,22,False
1298,rolling_2021_2023,2023-02-09,2023-02-10 00:00:00,2023-02-16,2023-02-17,1116000.0,1.062,1.028,592.596,573.624,-0.03298256709686587,range,range,range_to_range,5,True
1298,rolling_2021_2023,2023-03-01,2023-03-02 10:00:00,2023-03-07,2023-03-08,1125800.0,1.018,1.012,573.0322,569.6548,-0.006887518912449209,range,range,range_to_range,4,True
1298,rolling_2021_2023,2023-03-15,2023-03-16 00:00:00,2023-04-21,2023-04-24,1111500.0,1.024,1.136,569.088,631.332,0.10826617941029482,range,trend,range_to_trend,26,False
1298,rolling_2021_2023,2023-05-26,2023-05-29 10:00:00,2023-06-06,2023-06-07,1183300.0,1.066,1.052,630.6989,622.4158000000001,-0.01411958186010187,range,range,range_to_range,7,True
1298,rolling_2021_2023,2023-06-09,2023-06-12 00:00:00,2023-06-26,2023-06-27,1181000.0,1.053,1.035,621.7965,611.1675,-0.018076431869535226,range,range,range_to_range,9,True
1298,rolling_2021_2023,2023-07-31,2023-08-01 00:00:00,2023-08-08,2023-08-09,1229700.0,0.993,0.988,610.54605,607.4718,-0.006029714246602702,trend,range,trend_to_range,6,True
1298,rolling_2021_2023,2023-08-30,2023-08-31 00:00:00,2023-09-07,2023-09-08,1265600.0,0.959,0.917,606.8552,580.2776,-0.044751346954260085,trend,trend,trend_to_trend,6,True
1298,rolling_2021_2023,2023-09-27,2023-09-28 00:00:00,2023-10-16,2023-10-17,1284000.0,0.903,0.896,579.726,575.232,-0.00874369017041876,trend,trend,trend_to_trend,7,True
1298,rolling_2021_2023,2023-10-27,2023-10-30 00:00:00,2023-11-22,2023-11-23,1306000.0,0.88,0.892,574.64,582.476,0.012623233837626646,trend,range,trend_to_range,18,False
1298,rolling_2021_2023,2023-12-08,2023-12-11 00:00:00,2023-12-18,2023-12-19,1319500.0,0.882,0.86,581.8995,567.385,-0.025917880062236498,trend,range,trend_to_range,6,True
1298,rolling_2022_2024,2022-01-13,2022-01-14 00:00:00,2022-01-21,2022-01-24,750300.0,1.332,1.326,499.69980000000004,497.44890000000004,-0.0054995025010017295,range,range,range_to_range,6,True
1298,rolling_2022_2024,2022-02-23,2022-02-24 00:00:00,2022-03-03,2022-03-04,789500.0,1.259,1.239,496.99024999999995,489.0952500000001,-0.016869246075929323,trend,trend,trend_to_trend,6,True
1298,rolling_2022_2024,2022-03-21,2022-03-22 00:00:00,2022-03-24,2022-03-25,829500.0,1.178,1.167,488.57550000000003,484.01325,-0.010328027836675857,trend,trend,trend_to_trend,3,True
1298,rolling_2022_2024,2022-05-05,2022-05-06 00:00:00,2022-06-21,2022-06-22,1012700.0,0.955,1.116,483.56425,565.0866000000001,0.16741838504831352,trend,range,trend_to_range,32,False
1298,rolling_2022_2024,2022-06-24,2022-06-27 10:30:00,2022-07-11,2022-07-12,993000.0,1.137,1.11,564.5205,551.115,-0.02472246726241112,range,range,range_to_range,11,False
1298,rolling_2022_2024,2022-07-21,2022-07-22 10:00:00,2022-08-19,2022-08-22,974400.0,1.13,1.137,550.5360000000001,553.9464,0.005188998421143287,trend,trend,trend_to_trend,21,False
1298,rolling_2022_2024,2022-10-17,2022-10-18 10:00:00,2022-11-21,2022-11-22,1118000.0,0.99,1.061,553.41,593.099,0.07064599013624506,trend,trend,trend_to_trend,25,False
1298,rolling_2022_2024,2022-12-12,2022-12-13 00:00:00,2022-12-15,2022-12-16,1152700.0,1.028,1.01,592.4878000000001,582.1135,-0.018491726899196426,range,range,range_to_range,3,True
1298,rolling_2022_2024,2022-12-30,2023-01-03 00:00:00,2023-02-08,2023-02-09,1178400.0,0.987,1.032,581.5404000000001,608.0544,0.044547634997091023,range,range,range_to_range,22,False
1298,rolling_2022_2024,2023-02-09,2023-02-10 00:00:00,2023-02-16,2023-02-17,1144000.0,1.062,1.028,607.464,588.016,-0.03298256709686587,range,range,range_to_range,5,True
1298,rolling_2022_2024,2023-03-01,2023-03-02 10:00:00,2023-03-07,2023-03-08,1154100.0,1.018,1.012,587.4369,583.9746,-0.006887518912449653,range,range,range_to_range,4,True
1298,rolling_2022_2024,2023-03-15,2023-03-16 00:00:00,2023-04-21,2023-04-24,1139400.0,1.024,1.136,583.3728000000001,647.1791999999999,0.10826617941029482,range,trend,range_to_trend,26,False
1298,rolling_2022_2024,2023-05-26,2023-05-29 10:00:00,2023-06-06,2023-06-07,1213000.0,1.066,1.052,646.529,638.038,-0.01411958186010187,range,range,range_to_range,7,True
1298,rolling_2022_2024,2023-06-09,2023-06-12 00:00:00,2023-06-26,2023-06-27,1210600.0,1.053,1.035,637.3808999999999,626.4855,-0.018076431869535114,range,range,range_to_range,9,True
1298,rolling_2022_2024,2023-07-31,2023-08-01 00:00:00,2023-08-08,2023-08-09,1260600.0,0.993,0.988,625.8879000000001,622.7364,-0.006029714246602813,trend,range,trend_to_range,6,True
1298,rolling_2022_2024,2023-08-30,2023-08-31 00:00:00,2023-09-07,2023-09-08,1297400.0,0.959,0.917,622.1033,594.8579000000001,-0.044751346954259974,trend,trend,trend_to_trend,6,True
1298,rolling_2022_2024,2023-09-27,2023-09-28 00:00:00,2023-10-16,2023-10-17,1316200.0,0.903,0.896,594.2643,589.6576,-0.00874369017041876,trend,trend,trend_to_trend,7,True
1298,rolling_2022_2024,2023-10-27,2023-10-30 00:00:00,2023-11-22,2023-11-23,1338800.0,0.88,0.892,589.072,597.1048000000001,0.012623233837626646,trend,range,trend_to_range,18,False
1298,rolling_2022_2024,2023-12-08,2023-12-11 00:00:00,2023-12-18,2023-12-19,1352600.0,0.882,0.86,596.4966,581.618,-0.025917880062236387,trend,range,trend_to_range,6,True
1298,rolling_2022_2024,2023-12-28,2023-12-29 00:00:00,2024-01-04,2024-01-05,1337300.0,0.869,0.842,581.0568499999999,563.0033,-0.03203864120873978,range,range,range_to_range,4,True
1298,rolling_2022_2024,2024-02-08,2024-02-19 10:00:00,2024-03-14,2024-03-15,1460900.0,0.77,0.821,562.4465,599.69945,0.06516806531799024,trend,range,trend_to_range,19,False
1298,rolling_2022_2024,2024-04-24,2024-04-25 00:00:00,2024-05-13,2024-05-14,1591200.0,0.753,0.782,599.0868,622.1592,0.03747462258246714,range,range,range_to_range,10,False
1298,rolling_2022_2024,2024-06-03,2024-06-04 00:00:00,2024-06-25,2024-06-26,1620700.0,0.767,0.734,621.5384500000001,594.7969,-0.04398126881800313,trend,range,trend_to_range,15,False
1298,rolling_2022_2024,2024-07-11,2024-07-12 00:00:00,2024-07-24,2024-07-25,1623500.0,0.732,0.727,594.201,590.14225,-0.007823274155272064,range,range,range_to_range,9,True
1298,rolling_2022_2024,2024-07-31,2024-08-01 10:00:00,2024-08-06,2024-08-07,1545400.0,0.763,0.73,589.5701,564.071,-0.04420659919057501,trend,trend,trend_to_trend,4,True
1298,rolling_2022_2024,2024-09-24,2024-09-25 14:00:00,2024-10-30,2024-10-31,1647600.0,0.684,0.981,563.4792000000001,808.1478,0.43277703253636335,trend,trend,trend_to_trend,21,False
1298,rolling_2022_2024,2024-11-05,2024-11-06 10:00:00,2024-11-15,2024-11-18,1584600.0,1.019,1.014,807.3537,803.3922,-0.005901367275145564,trend,trend,trend_to_trend,8,True
1298,rolling_2022_2024,2024-12-02,2024-12-03 00:00:00,2024-12-05,2024-12-06,1541900.0,1.041,1.03,802.55895,794.0785,-0.01155570149603391,trend,trend,trend_to_trend,3,True
1298,rolling_2022_2024,2024-12-10,2024-12-11 00:00:00,2024-12-13,2024-12-16,1534400.0,1.034,1.013,793.2848,777.1736,-0.021288678678069273,trend,trend,trend_to_trend,3,True
1298,rolling_2023_2025,2022-12-30,2023-01-03 00:00:00,2023-02-08,2023-02-09,1012600.0,0.987,1.032,499.7181,522.5016,0.044547634997091246,range,range,range_to_range,22,False
1298,rolling_2023_2025,2023-02-09,2023-02-10 00:00:00,2023-02-16,2023-02-17,983000.0,1.062,1.028,521.973,505.262,-0.03298256709686587,range,range,range_to_range,5,True
1298,rolling_2023_2025,2023-03-01,2023-03-02 10:00:00,2023-03-07,2023-03-08,991700.0,1.018,1.012,504.7753,501.8002,-0.006887518912449431,range,range,range_to_range,4,True
1298,rolling_2023_2025,2023-03-15,2023-03-16 00:00:00,2023-04-21,2023-04-24,979100.0,1.024,1.136,501.29920000000004,556.1288,0.1082661794102946,range,trend,range_to_trend,26,False
1298,rolling_2023_2025,2023-05-26,2023-05-29 10:00:00,2023-06-06,2023-06-07,1042300.0,1.066,1.052,555.5459000000001,548.2498,-0.01411958186010187,range,range,range_to_range,7,True
1298,rolling_2023_2025,2023-06-09,2023-06-12 00:00:00,2023-06-26,2023-06-27,1040300.0,1.053,1.035,547.71795,538.35525,-0.018076431869535226,range,range,range_to_range,9,True
1298,rolling_2023_2025,2023-07-31,2023-08-01 00:00:00,2023-08-08,2023-08-09,1083200.0,0.993,0.988,537.8088,535.1008,-0.006029714246602702,trend,range,trend_to_range,6,True
1298,rolling_2023_2025,2023-08-30,2023-08-31 00:00:00,2023-09-07,2023-09-08,1114900.0,0.959,0.917,534.5945499999999,511.18165000000005,-0.044751346954259974,trend,trend,trend_to_trend,6,True
1298,rolling_2023_2025,2023-09-27,2023-09-28 00:00:00,2023-10-16,2023-10-17,1131000.0,0.903,0.896,510.6465,506.688,-0.00874369017041865,trend,trend,trend_to_trend,7,True
1298,rolling_2023_2025,2023-10-27,2023-10-30 00:00:00,2023-11-22,2023-11-23,1150400.0,0.88,0.892,506.176,513.0784,0.012623233837626646,trend,range,trend_to_range,18,False
1298,rolling_2023_2025,2023-12-08,2023-12-11 00:00:00,2023-12-18,2023-12-19,1162300.0,0.882,0.86,512.5743,499.789,-0.025917880062236387,trend,range,trend_to_range,6,True
1298,rolling_2023_2025,2023-12-28,2023-12-29 00:00:00,2024-01-04,2024-01-05,1149100.0,0.869,0.842,499.28395,483.7711,-0.03203864120873978,range,range,range_to_range,4,True
1298,rolling_2023_2025,2024-02-08,2024-02-19 10:00:00,2024-03-14,2024-03-15,1255300.0,0.77,0.821,483.2905,515.30065,0.06516806531799024,trend,range,trend_to_range,19,False
1298,rolling_2023_2025,2024-04-24,2024-04-25 00:00:00,2024-05-13,2024-05-14,1367300.0,0.753,0.782,514.78845,534.6143000000001,0.03747462258246714,range,range,range_to_range,10,False
1298,rolling_2023_2025,2024-06-03,2024-06-04 00:00:00,2024-06-25,2024-06-26,1392700.0,0.767,0.734,534.1004499999999,511.12089999999995,-0.043981268818003016,trend,range,trend_to_range,15,False
1298,rolling_2023_2025,2024-07-11,2024-07-12 00:00:00,2024-07-24,2024-07-25,1395100.0,0.732,0.727,510.6066,507.11885,-0.007823274155272064,range,range,range_to_range,9,True
1298,rolling_2023_2025,2024-07-31,2024-08-01 10:00:00,2024-08-06,2024-08-07,1327900.0,0.763,0.73,506.59385000000003,484.68350000000004,-0.044206599190575124,trend,trend,trend_to_trend,4,True
1298,rolling_2023_2025,2024-09-24,2024-09-25 14:00:00,2024-10-30,2024-10-31,1415800.0,0.684,0.981,484.20360000000005,694.4499000000001,0.43277703253636335,trend,trend,trend_to_trend,21,False
1298,rolling_2023_2025,2024-11-05,2024-11-06 10:00:00,2024-11-15,2024-11-18,1361600.0,1.019,1.014,693.7352,690.3312,-0.005901367275145453,trend,trend,trend_to_trend,8,True
1298,rolling_2023_2025,2024-12-02,2024-12-03 00:00:00,2024-12-05,2024-12-06,1325000.0,1.041,1.03,689.6625,682.375,-0.011555701496034021,trend,trend,trend_to_trend,3,True
1298,rolling_2023_2025,2024-12-10,2024-12-11 00:00:00,2024-12-13,2024-12-16,1318600.0,1.034,1.013,681.7162000000001,667.8708999999999,-0.021288678678069273,trend,trend,trend_to_trend,3,True
1298,rolling_2023_2025,2024-12-20,2024-12-23 00:00:00,2024-12-31,2025-01-02,1289200.0,1.035,1.01,667.1610000000001,651.046,-0.025129947103742944,trend,range,trend_to_range,7,True
1298,rolling_2023_2025,2025-01-07,2025-01-08 00:00:00,2025-01-20,2025-01-21,1327400.0,0.98,0.996,650.426,661.0452,0.015310711990943249,range,range,range_to_range,9,False
1298,rolling_2023_2025,2025-01-21,2025-01-22 00:00:00,2025-03-11,2025-03-12,1326100.0,0.996,1.133,660.3978000000001,751.2356500000001,0.13641321909326476,range,range,range_to_range,29,False
1298,rolling_2023_2025,2025-04-16,2025-04-17 00:00:00,2025-04-24,2025-04-25,1458600.0,1.029,1.027,750.4497,748.9911,-0.0029411921833057963,range,range,range_to_range,6,True
1298,rolling_2023_2025,2025-05-06,2025-05-07 14:00:00,2025-05-09,2025-05-12,1425200.0,1.05,1.034,748.23,736.8284,-0.01622236500797214,range,range,range_to_range,3,True
1298,rolling_2023_2025,2025-06-05,2025-06-06 00:00:00,2025-06-10,2025-06-11,1439100.0,1.023,1.007,736.0996499999999,724.58685,-0.016624141497188827,trend,trend,trend_to_trend,3,True
1298,rolling_2023_2025,2025-06-24,2025-06-25 10:30:00,2025-09-08,2025-09-09,1443400.0,1.003,1.28,723.8651,923.7760000000001,0.27489595182468585,trend,trend,trend_to_trend,54,False
1298,rolling_2023_2025,2025-09-10,2025-09-11 00:00:00,2025-10-14,2025-10-15,1436400.0,1.285,1.442,922.8870000000001,1035.6444,0.12105737014761075,trend,trend,trend_to_trend,18,False
1298,rolling_2023_2025,2025-10-24,2025-10-27 10:30:00,2025-10-30,2025-10-31,1378500.0,1.501,1.4923366,1034.56425,1028.59300155,-0.006765483547366835,trend,trend,trend_to_trend,4,True
1298,rolling_2023_2025,2025-12-08,2025-12-09 00:00:00,2025-12-11,2025-12-12,1490100.0,1.3792502000000002,1.3630950000000002,1027.6103615100003,1015.5739297500002,-0.012700823819422613,range,range,range_to_range,3,True
1298,rolling_2024_2026,2023-12-29,2024-01-02 00:00:00,2024-01-04,2024-01-05,1146200.0,0.872,0.842,499.7432,482.5502,-0.035368783498159306,range,range,range_to_range,3,True
1298,rolling_2024_2026,2024-02-08,2024-02-19 10:00:00,2024-03-14,2024-03-15,1252100.0,0.77,0.821,482.05850000000004,513.98705,0.06516806531799024,trend,range,trend_to_range,19,False
1298,rolling_2024_2026,2024-04-24,2024-04-25 00:00:00,2024-05-13,2024-05-14,1363800.0,0.753,0.782,513.4707000000001,533.2458,0.037474622582467365,range,range,range_to_range,10,False
1298,rolling_2024_2026,2024-06-03,2024-06-04 00:00:00,2024-06-25,2024-06-26,1389100.0,0.767,0.734,532.71985,509.79970000000003,-0.043981268818002905,trend,range,trend_to_range,15,False
1298,rolling_2024_2026,2024-07-11,2024-07-12 00:00:00,2024-07-24,2024-07-25,1391500.0,0.732,0.727,509.289,505.81025,-0.007823274155272064,range,range,range_to_range,9,True
1298,rolling_2024_2026,2024-07-31,2024-08-01 10:00:00,2024-08-06,2024-08-07,1324500.0,0.763,0.73,505.29675000000003,483.4425,-0.044206599190575124,trend,trend,trend_to_trend,4,True
1298,rolling_2024_2026,2024-09-24,2024-09-25 14:00:00,2024-10-30,2024-10-31,1412200.0,0.684,0.981,482.97240000000005,692.6841,0.43277703253636335,trend,trend,trend_to_trend,21,False
1298,rolling_2024_2026,2024-11-05,2024-11-06 10:00:00,2024-11-15,2024-11-18,1358100.0,1.019,1.014,691.95195,688.5567,-0.005901367275145564,trend,trend,trend_to_trend,8,True
1298,rolling_2024_2026,2024-12-02,2024-12-03 00:00:00,2024-12-05,2024-12-06,1321600.0,1.041,1.03,687.8928,680.624,-0.01155570149603391,trend,trend,trend_to_trend,3,True
1298,rolling_2024_2026,2024-12-10,2024-12-11 00:00:00,2024-12-13,2024-12-16,1315200.0,1.034,1.013,679.9584,666.1487999999999,-0.02128867867806916,trend,trend,trend_to_trend,3,True
1298,rolling_2024_2026,2024-12-20,2024-12-23 00:00:00,2024-12-31,2025-01-02,1285900.0,1.035,1.01,665.45325,649.3795,-0.025129947103742833,trend,range,trend_to_range,7,True
1298,rolling_2024_2026,2025-01-07,2025-01-08 00:00:00,2025-01-20,2025-01-21,1324000.0,0.98,0.996,648.76,659.352,0.015310711990943249,range,range,range_to_range,9,False
1298,rolling_2024_2026,2025-01-21,2025-01-22 00:00:00,2025-03-11,2025-03-12,1322600.0,0.996,1.133,658.6548,749.2529000000001,0.13641321909326476,range,range,range_to_range,29,False
1298,rolling_2024_2026,2025-04-16,2025-04-17 00:00:00,2025-04-24,2025-04-25,1454900.0,1.029,1.027,748.5460499999999,747.09115,-0.0029411921833057963,range,range,range_to_range,6,True
1298,rolling_2024_2026,2025-05-06,2025-05-07 14:00:00,2025-05-09,2025-05-12,1421600.0,1.05,1.034,746.34,734.9672,-0.01622236500797225,range,range,range_to_range,3,True
1298,rolling_2024_2026,2025-06-05,2025-06-06 00:00:00,2025-06-10,2025-06-11,1435400.0,1.023,1.007,734.2071,722.7239,-0.01662414149718905,trend,trend,trend_to_trend,3,True
1298,rolling_2024_2026,2025-06-24,2025-06-25 10:30:00,2025-09-08,2025-09-09,1439700.0,1.003,1.28,722.00955,921.408,0.27489595182468585,trend,trend,trend_to_trend,54,False
1298,rolling_2024_2026,2025-09-10,2025-09-11 00:00:00,2025-10-14,2025-10-15,1432700.0,1.285,1.442,920.50975,1032.9767,0.12105737014761098,trend,trend,trend_to_trend,18,False
1298,rolling_2024_2026,2025-10-24,2025-10-27 10:30:00,2025-10-30,2025-10-31,1375000.0,1.501,1.4923366,1031.9375,1025.9814125,-0.006765483547366724,trend,trend,trend_to_trend,4,True
1298,rolling_2024_2026,2025-12-08,2025-12-09 00:00:00,2025-12-11,2025-12-12,1486200.0,1.3792502000000002,1.3630950000000002,1024.9208236200002,1012.9158945000001,-0.012700823819422613,range,range,range_to_range,3,True
1298,rolling_2024_2026,2025-12-17,2025-12-18 00:00:00,2026-01-29,2026-01-30,1495800.0,1.352998,1.5488798,1011.9072041999999,1158.40720242,0.14363191538559095,range,trend,range_to_trend,29,False
1298,rolling_2024_2026,2026-02-25,2026-02-26 10:00:00,2026-03-02,2026-03-03,1525700.0,1.517,1.5105112,1157.24345,1152.2934689200001,-0.005272614582622848,trend,trend,trend_to_trend,3,True
1298,rolling_2024_2026,2026-04-08,2026-04-09 00:00:00,2026-06-01,2026-06-02,1669200.0,1.3792502000000002,1.7215385,1151.1222169200003,1436.7960321,0.24692229287991418,range,trend,range_to_trend,35,False
1298,rolling_2024_2026,2026-06-09,2026-06-10 00:00:00,2026-06-12,2026-06-15,1682400.0,1.706393,1.7397131,1435.4177916,1463.4466597199998,0.01850761010027524,range,trend,range_to_trend,3,False
1298,rolling_2024_2026,2026-06-16,2026-06-17 00:00:00,2026-07-13,2026-07-14,1635100.0,1.7881787,2.0476716,1461.9254961850002,1674.0739165800003,0.14397121032933557,trend,trend,trend_to_trend,18,False
1298,rolling_2024_2026,2026-08-05,2026-08-06 00:00:00,2026-08-14,2026-08-17,1954400.0,1.7114415,1.7750526,1672.4206338,1734.5814007200001,0.03613149177623587,range,range,range_to_range,7,False
1264,full_2021_2026,2021-01-12,2021-01-13 10:30:00,2021-01-28,2021-01-29,697000.0,1.434,1.456,499.749,507.416,0.014326867249778275,warmup,warmup,warmup_to_warmup,12,False
1264,full_2021_2026,2021-03-26,2021-03-29 10:00:00,2021-04-12,2021-04-13,791400.0,1.281,1.267,506.89169999999996,501.3519,-0.011917538498510294,trend,range,trend_to_range,10,True
1264,full_2021_2026,2021-04-16,2021-04-19 00:00:00,2021-05-07,2021-05-10,770500.0,1.3,1.295,500.825,498.89875,-0.004841809864298607,trend,trend,trend_to_trend,12,False
1264,full_2021_2026,2021-05-17,2021-05-18 10:00:00,2021-06-16,2021-06-17,736700.0,1.353,1.441,498.37755,530.7923499999999,0.06397614201029556,range,trend,range_to_trend,21,False
1264,full_2021_2026,2021-06-17,2021-06-18 00:00:00,2021-07-06,2021-07-07,704700.0,1.505,1.557,530.28675,548.6089499999999,0.03351746053883353,trend,trend,trend_to_trend,13,False
1264,full_2021_2026,2021-07-07,2021-07-08 00:00:00,2021-07-14,2021-07-15,684200.0,1.602,1.589,548.0442,543.5969,-0.009106245878309216,trend,trend,trend_to_trend,5,True
1264,full_2021_2026,2021-07-29,2021-07-30 00:00:00,2021-08-09,2021-08-10,668000.0,1.626,1.604,543.0840000000001,535.736,-0.014516112177613616,trend,trend,trend_to_trend,7,True
1264,full_2021_2026,2021-08-24,2021-08-25 00:00:00,2021-08-27,2021-08-30,661500.0,1.618,1.525,535.1535,504.39374999999995,-0.058420418962336074,trend,range,trend_to_range,3,True
1264,full_2021_2026,2021-10-15,2021-10-18 00:00:00,2021-10-27,2021-10-28,720900.0,1.398,1.391,503.90909999999997,501.38595000000004,-0.006001648674947235,trend,trend,trend_to_trend,8,True
1264,full_2021_2026,2021-10-29,2021-11-01 10:00:00,2021-12-02,2021-12-03,700100.0,1.431,1.469,500.92155,514.2234500000001,0.025528814907710418,trend,range,trend_to_range,24,False
1264,full_2021_2026,2022-01-18,2022-01-19 00:00:00,2022-01-21,2022-01-24,745000.0,1.379,1.326,513.6775,493.935,-0.03939473338022803,range,range,range_to_range,3,True
1264,full_2021_2026,2022-02-23,2022-02-24 00:00:00,2022-03-03,2022-03-04,783900.0,1.259,1.239,493.46505,485.6260500000001,-0.016869246075929323,trend,trend,trend_to_trend,6,True
1264,full_2021_2026,2022-03-21,2022-03-22 00:00:00,2022-03-24,2022-03-25,823700.0,1.178,1.167,485.1593,480.62895000000003,-0.010328027836675968,trend,trend,trend_to_trend,3,True
1264,full_2021_2026,2022-05-05,2022-05-06 00:00:00,2022-06-22,2022-06-23,1005500.0,0.955,1.095,480.12625,550.51125,0.14545083479202803,trend,range,trend_to_range,33,False
1264,full_2021_2026,2022-06-28,2022-06-29 00:00:00,2022-07-04,2022-07-05,961500.0,1.144,1.131,549.9780000000001,543.72825,-0.012351778656126355,range,range,range_to_range,4,True
1264,full_2021_2026,2022-07-21,2022-07-22 10:00:00,2022-08-19,2022-08-22,961400.0,1.13,1.137,543.191,546.5559000000001,0.005188998421143287,trend,trend,trend_to_trend,21,False
1264,full_2021_2026,2022-10-17,2022-10-18 10:00:00,2022-11-21,2022-11-22,1103000.0,0.99,1.061,545.985,585.1415000000001,0.07064599013624506,trend,trend,trend_to_trend,25,False
1264,full_2021_2026,2022-12-30,2023-01-03 00:00:00,2023-02-14,2023-02-15,1184500.0,0.987,1.047,584.55075,620.08575,0.05973001341274653,range,range,range_to_range,26,False
1264,full_2021_2026,2023-03-06,2023-03-07 00:00:00,2023-03-09,2023-03-10,1202900.0,1.03,1.016,619.4935,611.0731999999999,-0.01457814781929434,range,range,range_to_range,3,True
1264,full_2021_2026,2023-03-14,2023-03-15 11:30:00,2023-04-21,2023-04-24,1180700.0,1.034,1.136,610.4219,670.6376,0.09754793782992444,range,trend,range_to_trend,27,False
1264,full_2021_2026,2023-05-26,2023-05-29 10:00:00,2023-06-06,2023-06-07,1257000.0,1.066,1.052,669.981,661.182,-0.01411958186010176,range,range,range_to_range,7,True
1264,full_2021_2026,2023-06-09,2023-06-12 00:00:00,2023-06-21,2023-06-26,1254600.0,1.053,1.036,660.5468999999999,649.8828000000001,-0.01712771344622066,range,range,range_to_range,8,True
1264,full_2021_2026,2023-07-31,2023-08-01 00:00:00,2023-08-08,2023-08-09,1307600.0,0.993,0.988,649.2234000000001,645.9544000000001,-0.006029714246602702,trend,range,trend_to_range,6,True
1264,full_2021_2026,2023-08-30,2023-08-31 00:00:00,2023-09-07,2023-09-08,1345800.0,0.959,0.917,645.3111,617.0493,-0.044751346954260085,trend,trend,trend_to_trend,6,True
1264,full_2021_2026,2023-09-27,2023-09-28 00:00:00,2023-10-16,2023-10-17,1365300.0,0.903,0.896,616.4329500000001,611.6544,-0.008743690170418872,trend,trend,trend_to_trend,7,True
1264,full_2021_2026,2023-10-27,2023-10-30 00:00:00,2023-11-22,2023-11-23,1388700.0,0.88,0.892,611.028,619.3602,0.012623233837626646,trend,range,trend_to_range,18,False
1264,full_2021_2026,2023-12-08,2023-12-11 00:00:00,2023-12-13,2023-12-14,1403100.0,0.882,0.888,618.7671,622.9764,0.005796421517132666,trend,range,trend_to_range,3,False
1264,full_2021_2026,2023-12-29,2024-01-02 00:00:00,2024-01-04,2024-01-05,1427400.0,0.872,0.842,622.3464,600.9354000000001,-0.035368783498159195,range,range,range_to_range,3,True
1264,full_2021_2026,2024-02-08,2024-02-19 10:00:00,2024-03-21,2024-03-22,1559300.0,0.77,0.822,600.3305,640.8723,0.06646546856441904,trend,range,trend_to_range,24,False
1264,full_2021_2026,2024-04-26,2024-04-29 10:00:00,2024-05-15,2024-05-16,1660800.0,0.771,0.768,640.2384000000001,637.7472000000001,-0.004886661727501962,range,trend,range_to_trend,10,True
1264,full_2021_2026,2024-06-03,2024-06-04 00:00:00,2024-06-06,2024-06-07,1661300.0,0.767,0.762,637.10855,632.9553000000001,-0.0075118894268642045,trend,range,trend_to_range,3,True
1264,full_2021_2026,2024-06-11,2024-06-12 10:00:00,2024-06-24,2024-06-25,1629700.0,0.776,0.755,632.3235999999999,615.21175,-0.028034307588473806,range,range,range_to_range,9,True
1264,full_2021_2026,2024-07-11,2024-07-12 00:00:00,2024-07-24,2024-07-25,1679200.0,0.732,0.727,614.5871999999999,610.3892,-0.007823274155272175,range,range,range_to_range,9,True
1264,full_2021_2026,2024-07-26,2024-07-29 00:00:00,2024-08-05,2024-08-06,1654800.0,0.737,0.73,609.7938,604.0020000000001,-0.010487971753607828,range,range,range_to_range,6,True
1264,full_2021_2026,2024-09-24,2024-09-25 14:00:00,2024-10-30,2024-10-31,1764300.0,0.684,0.981,603.3906000000001,865.3891500000001,0.4327770325363631,trend,trend,trend_to_trend,21,False
1264,full_2021_2026,2024-11-05,2024-11-06 10:00:00,2024-11-15,2024-11-18,1696800.0,1.019,1.014,864.5196,860.2776,-0.005901367275145453,trend,trend,trend_to_trend,8,True
1264,full_2021_2026,2024-12-02,2024-12-03 00:00:00,2024-12-05,2024-12-06,1651100.0,1.041,1.03,859.3975499999999,850.3165,-0.01155570149603391,trend,trend,trend_to_trend,3,True
1264,full_2021_2026,2024-12-10,2024-12-11 00:00:00,2024-12-13,2024-12-16,1643100.0,1.034,1.013,849.4827000000001,832.23015,-0.021288678678069273,trend,trend,trend_to_trend,3,True
1264,full_2021_2026,2024-12-20,2024-12-23 00:00:00,2024-12-31,2025-01-02,1606600.0,1.035,1.01,831.4155,811.333,-0.025129947103742722,trend,range,trend_to_range,7,True
1264,full_2021_2026,2025-01-21,2025-01-22 00:00:00,2025-01-27,2025-02-05,1627500.0,0.996,1.007,810.495,819.4462499999998,0.01003363779957378,range,range,range_to_range,4,False
1264,full_2021_2026,2025-02-05,2025-02-06 00:00:00,2025-03-11,2025-03-12,1637300.0,1.0,1.133,818.65,927.53045,0.13186756621689155,range,range,range_to_range,24,False
1264,full_2021_2026,2025-04-16,2025-04-17 00:00:00,2025-04-24,2025-04-25,1801000.0,1.029,1.027,926.6144999999999,924.8134999999999,-0.0029411921833056853,range,range,range_to_range,6,True
1264,full_2021_2026,2025-05-06,2025-05-07 14:00:00,2025-05-09,2025-05-12,1759700.0,1.05,1.034,923.8425,909.7649,-0.01622236500797225,range,range,range_to_range,3,True
1264,full_2021_2026,2025-05-14,2025-05-15 00:00:00,2025-05-19,2025-05-20,1754600.0,1.036,1.019,908.8828000000001,893.9687,-0.01739236559326529,range,range,range_to_range,3,True
1264,full_2021_2026,2025-06-05,2025-06-06 00:00:00,2025-06-10,2025-06-11,1746000.0,1.023,1.007,893.079,879.1109999999999,-0.016624141497188827,trend,trend,trend_to_trend,3,True
1264,full_2021_2026,2025-06-24,2025-06-25 10:30:00,2025-08-08,2025-08-11,1751200.0,1.003,1.07,878.2267999999999,936.892,0.06573333472844833,trend,range,trend_to_range,33,False
1264,full_2021_2026,2025-08-12,2025-08-13 10:00:00,2025-09-08,2025-09-09,1704800.0,1.098,1.28,935.9352000000001,1091.0720000000001,0.16459074652109273,trend,trend,trend_to_trend,19,False
1264,full_2021_2026,2025-09-10,2025-09-11 00:00:00,2025-10-14,2025-10-15,1696500.0,1.285,1.442,1090.00125,1223.1765,0.12105737014761098,trend,trend,trend_to_trend,18,False
1264,full_2021_2026,2025-10-24,2025-10-27 10:30:00,2025-10-30,2025-10-31,1628200.0,1.501,1.4923366,1221.9641,1214.91122606,-0.006765483547366613,trend,trend,trend_to_trend,4,True
1264,full_2021_2026,2025-12-08,2025-12-09 00:00:00,2025-12-11,2025-12-12,1759900.0,1.3792502000000002,1.3630950000000002,1213.6712134900004,1199.4554452500001,-0.012700823819422724,range,range,range_to_range,3,True
1264,full_2021_2026,2025-12-12,2025-12-15 00:00:00,2026-01-29,2026-01-30,1743900.0,1.3742017,1.5488798,1198.2351723149998,1350.54574161,0.1259858681974222,range,trend,range_to_trend,32,False
1264,full_2021_2026,2026-02-25,2026-02-26 10:00:00,2026-03-02,2026-03-03,1778800.0,1.517,1.5105112,1349.2197999999999,1343.4486612800001,-0.005272614582622737,trend,trend,trend_to_trend,3,True
1264,full_2021_2026,2026-04-08,2026-04-09 00:00:00,2026-06-01,2026-06-02,1946100.0,1.3792502000000002,1.7215385,1342.0794071100004,1675.143037425,0.24692229287991418,range,trend,range_to_trend,35,False
1264,full_2021_2026,2026-06-16,2026-06-17 00:00:00,2026-07-13,2026-07-14,1871700.0,1.7881787,2.0476716,1673.4670363950002,1916.31346686,0.14397121032933557,trend,trend,trend_to_trend,18,False
1264,full_2021_2026,2026-08-12,2026-08-13 15:00:00,2026-08-19,2026-08-20,2134200.0,1.794,1.736684,1914.3774,1853.2154964,-0.03291628544702019,range,range,range_to_range,5,True
1264,full_2021_2026,2026-08-27,2026-08-28 00:00:00,2026-09-01,2026-09-02,2119800.0,1.746781,1.6771117000000002,1851.4131819,1777.5706908300003,-0.0408440288526255,range,range,range_to_range,3,True
1264,rolling_2021_2023,2021-01-12,2021-01-13 10:30:00,2021-01-28,2021-01-29,697000.0,1.434,1.456,499.749,507.416,0.014326867249778275,warmup,warmup,warmup_to_warmup,12,False
1264,rolling_2021_2023,2021-03-26,2021-03-29 10:00:00,2021-04-12,2021-04-13,791400.0,1.281,1.267,506.89169999999996,501.3519,-0.011917538498510294,trend,range,trend_to_range,10,True
1264,rolling_2021_2023,2021-04-16,2021-04-19 00:00:00,2021-05-07,2021-05-10,770500.0,1.3,1.295,500.825,498.89875,-0.004841809864298607,trend,trend,trend_to_trend,12,False
1264,rolling_2021_2023,2021-05-17,2021-05-18 10:00:00,2021-06-16,2021-06-17,736700.0,1.353,1.441,498.37755,530.7923499999999,0.06397614201029556,range,trend,range_to_trend,21,False
1264,rolling_2021_2023,2021-06-17,2021-06-18 00:00:00,2021-07-06,2021-07-07,704700.0,1.505,1.557,530.28675,548.6089499999999,0.03351746053883353,trend,trend,trend_to_trend,13,False
1264,rolling_2021_2023,2021-07-07,2021-07-08 00:00:00,2021-07-14,2021-07-15,684200.0,1.602,1.589,548.0442,543.5969,-0.009106245878309216,trend,trend,trend_to_trend,5,True
1264,rolling_2021_2023,2021-07-29,2021-07-30 00:00:00,2021-08-09,2021-08-10,668000.0,1.626,1.604,543.0840000000001,535.736,-0.014516112177613616,trend,trend,trend_to_trend,7,True
1264,rolling_2021_2023,2021-08-24,2021-08-25 00:00:00,2021-08-27,2021-08-30,661500.0,1.618,1.525,535.1535,504.39374999999995,-0.058420418962336074,trend,range,trend_to_range,3,True
1264,rolling_2021_2023,2021-10-15,2021-10-18 00:00:00,2021-10-27,2021-10-28,720900.0,1.398,1.391,503.90909999999997,501.38595000000004,-0.006001648674947235,trend,trend,trend_to_trend,8,True
1264,rolling_2021_2023,2021-10-29,2021-11-01 10:00:00,2021-12-02,2021-12-03,700100.0,1.431,1.469,500.92155,514.2234500000001,0.025528814907710418,trend,range,trend_to_range,24,False
1264,rolling_2021_2023,2022-01-18,2022-01-19 00:00:00,2022-01-21,2022-01-24,745000.0,1.379,1.326,513.6775,493.935,-0.03939473338022803,range,range,range_to_range,3,True
1264,rolling_2021_2023,2022-02-23,2022-02-24 00:00:00,2022-03-03,2022-03-04,783900.0,1.259,1.239,493.46505,485.6260500000001,-0.016869246075929323,trend,trend,trend_to_trend,6,True
1264,rolling_2021_2023,2022-03-21,2022-03-22 00:00:00,2022-03-24,2022-03-25,823700.0,1.178,1.167,485.1593,480.62895000000003,-0.010328027836675968,trend,trend,trend_to_trend,3,True
1264,rolling_2021_2023,2022-05-05,2022-05-06 00:00:00,2022-06-22,2022-06-23,1005500.0,0.955,1.095,480.12625,550.51125,0.14545083479202803,trend,range,trend_to_range,33,False
1264,rolling_2021_2023,2022-06-28,2022-06-29 00:00:00,2022-07-04,2022-07-05,961500.0,1.144,1.131,549.9780000000001,543.72825,-0.012351778656126355,range,range,range_to_range,4,True
1264,rolling_2021_2023,2022-07-21,2022-07-22 10:00:00,2022-08-19,2022-08-22,961400.0,1.13,1.137,543.191,546.5559000000001,0.005188998421143287,trend,trend,trend_to_trend,21,False
1264,rolling_2021_2023,2022-10-17,2022-10-18 10:00:00,2022-11-21,2022-11-22,1103000.0,0.99,1.061,545.985,585.1415000000001,0.07064599013624506,trend,trend,trend_to_trend,25,False
1264,rolling_2021_2023,2022-12-30,2023-01-03 00:00:00,2023-02-14,2023-02-15,1184500.0,0.987,1.047,584.55075,620.08575,0.05973001341274653,range,range,range_to_range,26,False
1264,rolling_2021_2023,2023-03-06,2023-03-07 00:00:00,2023-03-09,2023-03-10,1202900.0,1.03,1.016,619.4935,611.0731999999999,-0.01457814781929434,range,range,range_to_range,3,True
1264,rolling_2021_2023,2023-03-14,2023-03-15 11:30:00,2023-04-21,2023-04-24,1180700.0,1.034,1.136,610.4219,670.6376,0.09754793782992444,range,trend,range_to_trend,27,False
1264,rolling_2021_2023,2023-05-26,2023-05-29 10:00:00,2023-06-06,2023-06-07,1257000.0,1.066,1.052,669.981,661.182,-0.01411958186010176,range,range,range_to_range,7,True
1264,rolling_2021_2023,2023-06-09,2023-06-12 00:00:00,2023-06-21,2023-06-26,1254600.0,1.053,1.036,660.5468999999999,649.8828000000001,-0.01712771344622066,range,range,range_to_range,8,True
1264,rolling_2021_2023,2023-07-31,2023-08-01 00:00:00,2023-08-08,2023-08-09,1307600.0,0.993,0.988,649.2234000000001,645.9544000000001,-0.006029714246602702,trend,range,trend_to_range,6,True
1264,rolling_2021_2023,2023-08-30,2023-08-31 00:00:00,2023-09-07,2023-09-08,1345800.0,0.959,0.917,645.3111,617.0493,-0.044751346954260085,trend,trend,trend_to_trend,6,True
1264,rolling_2021_2023,2023-09-27,2023-09-28 00:00:00,2023-10-16,2023-10-17,1365300.0,0.903,0.896,616.4329500000001,611.6544,-0.008743690170418872,trend,trend,trend_to_trend,7,True
1264,rolling_2021_2023,2023-10-27,2023-10-30 00:00:00,2023-11-22,2023-11-23,1388700.0,0.88,0.892,611.028,619.3602,0.012623233837626646,trend,range,trend_to_range,18,False
1264,rolling_2021_2023,2023-12-08,2023-12-11 00:00:00,2023-12-13,2023-12-14,1403100.0,0.882,0.888,618.7671,622.9764,0.005796421517132666,trend,range,trend_to_range,3,False
1264,rolling_2022_2024,2022-01-18,2022-01-19 00:00:00,2022-01-21,2022-01-24,724800.0,1.379,1.326,499.7496,480.54240000000004,-0.03939473338022792,range,range,range_to_range,3,True
1264,rolling_2022_2024,2022-02-23,2022-02-24 00:00:00,2022-03-03,2022-03-04,762600.0,1.259,1.239,480.0567,472.4307,-0.016869246075929323,trend,trend,trend_to_trend,6,True
1264,rolling_2022_2024,2022-03-21,2022-03-22 00:00:00,2022-03-24,2022-03-25,801200.0,1.178,1.167,471.9068,467.5002,-0.010328027836675857,trend,trend,trend_to_trend,3,True
1264,rolling_2022_2024,2022-05-05,2022-05-06 00:00:00,2022-06-22,2022-06-23,978200.0,0.955,1.095,467.0905,535.5645000000001,0.1454508347920278,trend,range,trend_to_range,33,False
1264,rolling_2022_2024,2022-06-28,2022-06-29 00:00:00,2022-07-04,2022-07-05,935300.0,1.144,1.131,534.9916,528.91215,-0.012351778656126466,range,range,range_to_range,4,True
1264,rolling_2022_2024,2022-07-21,2022-07-22 10:00:00,2022-08-19,2022-08-22,935200.0,1.13,1.137,528.388,531.6612,0.005188998421143287,trend,trend,trend_to_trend,21,False
1264,rolling_2022_2024,2022-10-17,2022-10-18 10:00:00,2022-11-21,2022-11-22,1073000.0,0.99,1.061,531.135,569.2265,0.07064599013624484,trend,trend,trend_to_trend,25,False
1264,rolling_2022_2024,2022-12-30,2023-01-03 00:00:00,2023-02-14,2023-02-15,1152300.0,0.987,1.047,568.6600500000001,603.2290499999999,0.05973001341274631,range,range,range_to_range,26,False
1264,rolling_2022_2024,2023-03-06,2023-03-07 00:00:00,2023-03-09,2023-03-10,1170100.0,1.03,1.016,602.6015,594.4108000000001,-0.01457814781929423,range,range,range_to_range,3,True
1264,rolling_2022_2024,2023-03-14,2023-03-15 11:30:00,2023-04-21,2023-04-24,1148600.0,1.034,1.136,593.8262000000001,652.4047999999999,0.09754793782992421,range,trend,range_to_trend,27,False
1264,rolling_2022_2024,2023-05-26,2023-05-29 10:00:00,2023-06-06,2023-06-07,1222800.0,1.066,1.052,651.7524000000001,643.1928,-0.014119581860101982,range,range,range_to_range,7,True
1264,rolling_2022_2024,2023-06-09,2023-06-12 00:00:00,2023-06-21,2023-06-26,1220400.0,1.053,1.036,642.5406,632.1672000000001,-0.01712771344622066,range,range,range_to_range,8,True
1264,rolling_2022_2024,2023-07-31,2023-08-01 00:00:00,2023-08-08,2023-08-09,1272000.0,0.993,0.988,631.548,628.368,-0.006029714246602702,trend,range,trend_to_range,6,True
1264,rolling_2022_2024,2023-08-30,2023-08-31 00:00:00,2023-09-07,2023-09-08,1309200.0,0.959,0.917,627.7614,600.2682000000001,-0.044751346954259974,trend,trend,trend_to_trend,6,True
1264,rolling_2022_2024,2023-09-27,2023-09-28 00:00:00,2023-10-16,2023-10-17,1328200.0,0.903,0.896,599.6823,595.0336,-0.00874369017041876,trend,trend,trend_to_trend,7,True
1264,rolling_2022_2024,2023-10-27,2023-10-30 00:00:00,2023-11-22,2023-11-23,1351000.0,0.88,0.892,594.44,602.546,0.012623233837626646,trend,range,trend_to_range,18,False
1264,rolling_2022_2024,2023-12-08,2023-12-11 00:00:00,2023-12-13,2023-12-14,1364900.0,0.882,0.888,601.9209000000001,606.0156,0.005796421517132444,trend,range,trend_to_range,3,False
1264,rolling_2022_2024,2023-12-29,2024-01-02 00:00:00,2024-01-04,2024-01-05,1388600.0,0.872,0.842,605.4295999999999,584.6006,-0.035368783498159084,range,range,range_to_range,3,True
1264,rolling_2022_2024,2024-02-08,2024-02-19 10:00:00,2024-03-21,2024-03-22,1516900.0,0.77,0.822,584.0065,623.4458999999999,0.06646546856441904,trend,range,trend_to_range,24,False
1264,rolling_2022_2024,2024-04-26,2024-04-29 10:00:00,2024-05-15,2024-05-16,1615600.0,0.771,0.768,622.8138,620.3904,-0.004886661727501851,range,trend,range_to_trend,10,True
1264,rolling_2022_2024,2024-06-03,2024-06-04 00:00:00,2024-06-06,2024-06-07,1616100.0,0.767,0.762,619.77435,615.7341,-0.0075118894268642045,trend,range,trend_to_range,3,True
1264,rolling_2022_2024,2024-06-11,2024-06-12 10:00:00,2024-06-24,2024-06-25,1585400.0,0.776,0.755,615.1352,598.4885,-0.028034307588473806,range,range,range_to_range,9,True
1264,rolling_2022_2024,2024-07-11,2024-07-12 00:00:00,2024-07-24,2024-07-25,1633500.0,0.732,0.727,597.861,593.77725,-0.007823274155272175,range,range,range_to_range,9,True
1264,rolling_2022_2024,2024-07-26,2024-07-29 00:00:00,2024-08-05,2024-08-06,1609800.0,0.737,0.73,593.2113,587.577,-0.010487971753607828,range,range,range_to_range,6,True
1264,rolling_2022_2024,2024-09-24,2024-09-25 14:00:00,2024-10-30,2024-10-31,1716300.0,0.684,0.981,586.9746000000001,841.84515,0.4327770325363631,trend,trend,trend_to_trend,21,False
1264,rolling_2022_2024,2024-11-05,2024-11-06 10:00:00,2024-11-15,2024-11-18,1650600.0,1.019,1.014,840.9807,836.8542,-0.005901367275145453,trend,trend,trend_to_trend,8,True
1264,rolling_2022_2024,2024-12-02,2024-12-03 00:00:00,2024-12-05,2024-12-06,1606200.0,1.041,1.03,836.0271,827.193,-0.01155570149603391,trend,trend,trend_to_trend,3,True
1264,rolling_2022_2024,2024-12-10,2024-12-11 00:00:00,2024-12-13,2024-12-16,1598400.0,1.034,1.013,826.3728000000001,809.5896,-0.021288678678069273,trend,trend,trend_to_trend,3,True
1264,rolling_2023_2025,2022-12-30,2023-01-03 00:00:00,2023-02-14,2023-02-15,1012600.0,0.987,1.047,499.7181,530.0961,0.05973001341274653,range,range,range_to_range,26,False
1264,rolling_2023_2025,2023-03-06,2023-03-07 00:00:00,2023-03-09,2023-03-10,1028300.0,1.03,1.016,529.5745000000001,522.3764,-0.01457814781929423,range,range,range_to_range,3,True
1264,rolling_2023_2025,2023-03-14,2023-03-15 11:30:00,2023-04-21,2023-04-24,1009400.0,1.034,1.136,521.8598,573.3392,0.09754793782992444,range,trend,range_to_trend,27,False
1264,rolling_2023_2025,2023-05-26,2023-05-29 10:00:00,2023-06-06,2023-06-07,1074600.0,1.066,1.052,572.7618000000001,565.2396,-0.01411958186010187,range,range,range_to_range,7,True
1264,rolling_2023_2025,2023-06-09,2023-06-12 00:00:00,2023-06-21,2023-06-26,1072500.0,1.053,1.036,564.67125,555.5550000000001,-0.01712771344622066,range,range,range_to_range,8,True
1264,rolling_2023_2025,2023-07-31,2023-08-01 00:00:00,2023-08-08,2023-08-09,1117800.0,0.993,0.988,554.9877,552.1931999999999,-0.006029714246602813,trend,range,trend_to_range,6,True
1264,rolling_2023_2025,2023-08-30,2023-08-31 00:00:00,2023-09-07,2023-09-08,1150500.0,0.959,0.917,551.66475,527.50425,-0.044751346954260085,trend,trend,trend_to_trend,6,True
1264,rolling_2023_2025,2023-09-27,2023-09-28 00:00:00,2023-10-16,2023-10-17,1167200.0,0.903,0.896,526.9908,522.9056,-0.00874369017041876,trend,trend,trend_to_trend,7,True
1264,rolling_2023_2025,2023-10-27,2023-10-30 00:00:00,2023-11-22,2023-11-23,1187200.0,0.88,0.892,522.368,529.4911999999999,0.012623233837626424,trend,range,trend_to_range,18,False
1264,rolling_2023_2025,2023-12-08,2023-12-11 00:00:00,2023-12-13,2023-12-14,1199400.0,0.882,0.888,528.9354000000001,532.5336,0.005796421517132444,trend,range,trend_to_range,3,False
1264,rolling_2023_2025,2023-12-29,2024-01-02 00:00:00,2024-01-04,2024-01-05,1220200.0,0.872,0.842,532.0072,513.7042,-0.035368783498159306,range,range,range_to_range,3,True
1264,rolling_2023_2025,2024-02-08,2024-02-19 10:00:00,2024-03-21,2024-03-22,1333000.0,0.77,0.822,513.205,547.863,0.06646546856441926,trend,range,trend_to_range,24,False
1264,rolling_2023_2025,2024-04-26,2024-04-29 10:00:00,2024-05-15,2024-05-16,1419800.0,0.771,0.768,547.3329,545.2031999999999,-0.004886661727502295,range,trend,range_to_trend,10,True
1264,rolling_2023_2025,2024-06-03,2024-06-04 00:00:00,2024-06-06,2024-06-07,1420200.0,0.767,0.762,544.6467,541.0962,-0.0075118894268640934,trend,range,trend_to_range,3,True
1264,rolling_2023_2025,2024-06-11,2024-06-12 10:00:00,2024-06-24,2024-06-25,1393200.0,0.776,0.755,540.5616,525.933,-0.028034307588473584,range,range,range_to_range,9,True
1264,rolling_2023_2025,2024-07-11,2024-07-12 00:00:00,2024-07-24,2024-07-25,1435500.0,0.732,0.727,525.393,521.80425,-0.007823274155272064,range,range,range_to_range,9,True
1264,rolling_2023_2025,2024-07-26,2024-07-29 00:00:00,2024-08-05,2024-08-06,1414600.0,0.737,0.73,521.2801,516.3290000000001,-0.010487971753607495,range,range,range_to_range,6,True
1264,rolling_2023_2025,2024-09-24,2024-09-25 14:00:00,2024-10-30,2024-10-31,1508300.0,0.684,0.981,515.8386,739.82115,0.43277703253636335,trend,trend,trend_to_trend,21,False
1264,rolling_2023_2025,2024-11-05,2024-11-06 10:00:00,2024-11-15,2024-11-18,1450600.0,1.019,1.014,739.0807,735.4542,-0.005901367275145564,trend,trend,trend_to_trend,8,True
1264,rolling_2023_2025,2024-12-02,2024-12-03 00:00:00,2024-12-05,2024-12-06,1411500.0,1.041,1.03,734.68575,726.9225,-0.01155570149603391,trend,trend,trend_to_trend,3,True
1264,rolling_2023_2025,2024-12-10,2024-12-11 00:00:00,2024-12-13,2024-12-16,1404700.0,1.034,1.013,726.2299,711.48055,-0.02128867867806916,trend,trend,trend_to_trend,3,True
1264,rolling_2023_2025,2024-12-20,2024-12-23 00:00:00,2024-12-31,2025-01-02,1373400.0,1.035,1.01,710.7345,693.567,-0.025129947103742833,trend,range,trend_to_range,7,True
1264,rolling_2023_2025,2025-01-21,2025-01-22 00:00:00,2025-01-27,2025-02-05,1391300.0,0.996,1.007,692.8674000000001,700.51955,0.01003363779957378,range,range,range_to_range,4,False
1264,rolling_2023_2025,2025-02-05,2025-02-06 00:00:00,2025-03-11,2025-03-12,1399700.0,1.0,1.133,699.85,792.93005,0.13186756621689155,range,range,range_to_range,24,False
1264,rolling_2023_2025,2025-04-16,2025-04-17 00:00:00,2025-04-24,2025-04-25,1539600.0,1.029,1.027,792.1242,790.5846,-0.0029411921833056853,range,range,range_to_range,6,True
1264,rolling_2023_2025,2025-05-06,2025-05-07 14:00:00,2025-05-09,2025-05-12,1504400.0,1.05,1.034,789.8100000000001,777.7748,-0.01622236500797214,range,range,range_to_range,3,True
1264,rolling_2023_2025,2025-05-14,2025-05-15 00:00:00,2025-05-19,2025-05-20,1500000.0,1.036,1.019,777.0,764.2499999999999,-0.01739236559326529,range,range,range_to_range,3,True
1264,rolling_2023_2025,2025-06-05,2025-06-06 00:00:00,2025-06-10,2025-06-11,1492600.0,1.023,1.007,763.4649,751.5241,-0.016624141497188827,trend,trend,trend_to_trend,3,True
1264,rolling_2023_2025,2025-06-24,2025-06-25 10:30:00,2025-08-08,2025-08-11,1497100.0,1.003,1.07,750.7956499999999,800.9485,0.06573333472844856,trend,range,trend_to_range,33,False
1264,rolling_2023_2025,2025-08-12,2025-08-13 10:00:00,2025-09-08,2025-09-09,1457400.0,1.098,1.28,800.1126000000002,932.736,0.1645907465210925,trend,trend,trend_to_trend,19,False
1264,rolling_2023_2025,2025-09-10,2025-09-11 00:00:00,2025-10-14,2025-10-15,1450300.0,1.285,1.442,931.81775,1045.6662999999999,0.12105737014761098,trend,trend,trend_to_trend,18,False
1264,rolling_2023_2025,2025-10-24,2025-10-27 10:30:00,2025-10-30,2025-10-31,1391900.0,1.501,1.4923366,1044.62095,1038.59165677,-0.006765483547366835,trend,trend,trend_to_trend,4,True
1264,rolling_2023_2025,2025-12-08,2025-12-09 00:00:00,2025-12-11,2025-12-12,1504500.0,1.3792502000000002,1.3630950000000002,1037.5409629500002,1025.3882137500002,-0.012700823819422724,range,range,range_to_range,3,True
1264,rolling_2024_2026,2023-12-29,2024-01-02 00:00:00,2024-01-04,2024-01-05,1146200.0,0.872,0.842,499.7432,482.5502,-0.035368783498159306,range,range,range_to_range,3,True
1264,rolling_2024_2026,2024-02-08,2024-02-19 10:00:00,2024-03-21,2024-03-22,1252100.0,0.77,0.822,482.05850000000004,514.6131,0.06646546856441904,trend,range,trend_to_range,24,False
1264,rolling_2024_2026,2024-04-26,2024-04-29 10:00:00,2024-05-15,2024-05-16,1333600.0,0.771,0.768,514.1028,512.1024,-0.004886661727501962,range,trend,range_to_trend,10,True
1264,rolling_2024_2026,2024-06-03,2024-06-04 00:00:00,2024-06-06,2024-06-07,1334000.0,0.767,0.762,511.589,508.254,-0.0075118894268640934,trend,range,trend_to_range,3,True
1264,rolling_2024_2026,2024-06-11,2024-06-12 10:00:00,2024-06-24,2024-06-25,1308600.0,0.776,0.755,507.7368,493.9965,-0.028034307588473695,range,range,range_to_range,9,True
1264,rolling_2024_2026,2024-07-11,2024-07-12 00:00:00,2024-07-24,2024-07-25,1348400.0,0.732,0.727,493.51439999999997,490.1434,-0.007823274155272064,range,range,range_to_range,9,True
1264,rolling_2024_2026,2024-07-26,2024-07-29 00:00:00,2024-08-05,2024-08-06,1328800.0,0.737,0.73,489.6628,485.012,-0.010487971753607606,range,range,range_to_range,6,True
1264,rolling_2024_2026,2024-09-24,2024-09-25 14:00:00,2024-10-30,2024-10-31,1416700.0,0.684,0.981,484.51140000000004,694.89135,0.43277703253636335,trend,trend,trend_to_trend,21,False
1264,rolling_2024_2026,2024-11-05,2024-11-06 10:00:00,2024-11-15,2024-11-18,1362500.0,1.019,1.014,694.1937499999999,690.7875,-0.005901367275145564,trend,trend,trend_to_trend,8,True
1264,rolling_2024_2026,2024-12-02,2024-12-03 00:00:00,2024-12-05,2024-12-06,1325800.0,1.041,1.03,690.0789,682.787,-0.01155570149603391,trend,trend,trend_to_trend,3,True
1264,rolling_2024_2026,2024-12-10,2024-12-11 00:00:00,2024-12-13,2024-12-16,1319400.0,1.034,1.013,682.1298,668.2761,-0.02128867867806916,trend,trend,trend_to_trend,3,True
1264,rolling_2024_2026,2024-12-20,2024-12-23 00:00:00,2024-12-31,2025-01-02,1290000.0,1.035,1.01,667.575,651.45,-0.025129947103742722,trend,range,trend_to_range,7,True
1264,rolling_2024_2026,2025-01-21,2025-01-22 00:00:00,2025-01-27,2025-02-05,1306900.0,0.996,1.007,650.8362,658.02415,0.010033637799574002,range,range,range_to_range,4,False
1264,rolling_2024_2026,2025-02-05,2025-02-06 00:00:00,2025-03-11,2025-03-12,1314700.0,1.0,1.133,657.35,744.77755,0.13186756621689155,range,range,range_to_range,24,False
1264,rolling_2024_2026,2025-04-16,2025-04-17 00:00:00,2025-04-24,2025-04-25,1446100.0,1.029,1.027,744.0184499999999,742.57235,-0.0029411921833059074,range,range,range_to_range,6,True
1264,rolling_2024_2026,2025-05-06,2025-05-07 14:00:00,2025-05-09,2025-05-12,1413000.0,1.05,1.034,741.825,730.5210000000001,-0.01622236500797214,range,range,range_to_range,3,True
1264,rolling_2024_2026,2025-05-14,2025-05-15 00:00:00,2025-05-19,2025-05-20,1408900.0,1.036,1.019,729.8102000000001,717.8345499999999,-0.01739236559326529,range,range,range_to_range,3,True
1264,rolling_2024_2026,2025-06-05,2025-06-06 00:00:00,2025-06-10,2025-06-11,1402000.0,1.023,1.007,717.1229999999999,705.9069999999999,-0.016624141497188716,trend,trend,trend_to_trend,3,True
1264,rolling_2024_2026,2025-06-24,2025-06-25 10:30:00,2025-08-08,2025-08-11,1406200.0,1.003,1.07,705.2093,752.317,0.06573333472844833,trend,range,trend_to_range,33,False
1264,rolling_2024_2026,2025-08-12,2025-08-13 10:00:00,2025-09-08,2025-09-09,1368900.0,1.098,1.28,751.5261000000002,876.096,0.16459074652109273,trend,trend,trend_to_trend,19,False
1264,rolling_2024_2026,2025-09-10,2025-09-11 00:00:00,2025-10-14,2025-10-15,1362200.0,1.285,1.442,875.2135000000001,982.1462,0.12105737014761098,trend,trend,trend_to_trend,18,False
1264,rolling_2024_2026,2025-10-24,2025-10-27 10:30:00,2025-10-30,2025-10-31,1307400.0,1.501,1.4923366,981.2037,975.54043542,-0.006765483547366724,trend,trend,trend_to_trend,4,True
1264,rolling_2024_2026,2025-12-08,2025-12-09 00:00:00,2025-12-11,2025-12-12,1413200.0,1.3792502000000002,1.3630950000000002,974.5781913200001,963.1629270000002,-0.012700823819422613,range,range,range_to_range,3,True
1264,rolling_2024_2026,2025-12-12,2025-12-15 00:00:00,2026-01-29,2026-01-30,1400300.0,1.3742017,1.5488798,962.1473202550001,1084.4481919700002,0.1259858681974222,range,trend,range_to_trend,32,False
1264,rolling_2024_2026,2026-02-25,2026-02-26 10:00:00,2026-03-02,2026-03-03,1428300.0,1.517,1.5105112,1083.36555,1078.73157348,-0.005272614582623181,trend,trend,trend_to_trend,3,True
1264,rolling_2024_2026,2026-04-08,2026-04-09 00:00:00,2026-06-01,2026-06-02,1562700.0,1.3792502000000002,1.7215385,1077.6771437700002,1345.1241069750001,0.2469222928799144,range,trend,range_to_trend,35,False
1264,rolling_2024_2026,2026-06-16,2026-06-17 00:00:00,2026-07-13,2026-07-14,1502900.0,1.7881787,2.0476716,1343.726884115,1538.72282382,0.14397121032933557,trend,trend,trend_to_trend,18,False
1264,rolling_2024_2026,2026-08-12,2026-08-13 15:00:00,2026-08-19,2026-08-20,1713700.0,1.794,1.736684,1537.1889,1488.0776853999998,-0.03291628544702019,range,range,range_to_range,5,True
1264,rolling_2024_2026,2026-08-27,2026-08-28 00:00:00,2026-09-01,2026-09-02,1702100.0,1.746781,1.6771117000000002,1486.59797005,1427.3059122850002,-0.04084402885262561,range,range,range_to_range,3,True
1265,full_2021_2026,2021-01-12,2021-01-13 10:30:00,2021-01-28,2021-01-29,697000.0,1.434,1.456,499.749,507.416,0.014326867249778275,warmup,warmup,warmup_to_warmup,12,False
1265,full_2021_2026,2021-03-26,2021-03-29 10:00:00,2021-04-12,2021-04-13,791400.0,1.281,1.267,506.89169999999996,501.3519,-0.011917538498510294,trend,range,trend_to_range,10,True
1265,full_2021_2026,2021-04-16,2021-04-19 00:00:00,2021-05-07,2021-05-10,770500.0,1.3,1.295,500.825,498.89875,-0.004841809864298607,trend,trend,trend_to_trend,12,False
1265,full_2021_2026,2021-05-17,2021-05-18 10:00:00,2021-06-16,2021-06-17,736700.0,1.353,1.441,498.37755,530.7923499999999,0.06397614201029556,range,trend,range_to_trend,21,False
1265,full_2021_2026,2021-06-17,2021-06-18 00:00:00,2021-07-06,2021-07-07,704700.0,1.505,1.557,530.28675,548.6089499999999,0.03351746053883353,trend,trend,trend_to_trend,13,False
1265,full_2021_2026,2021-07-07,2021-07-08 00:00:00,2021-07-14,2021-07-15,684200.0,1.602,1.589,548.0442,543.5969,-0.009106245878309216,trend,trend,trend_to_trend,5,True
1265,full_2021_2026,2021-07-29,2021-07-30 00:00:00,2021-08-09,2021-08-10,668000.0,1.626,1.604,543.0840000000001,535.736,-0.014516112177613616,trend,trend,trend_to_trend,7,True
1265,full_2021_2026,2021-08-24,2021-08-25 00:00:00,2021-08-27,2021-08-30,661500.0,1.618,1.525,535.1535,504.39374999999995,-0.058420418962336074,trend,range,trend_to_range,3,True
1265,full_2021_2026,2021-10-15,2021-10-18 00:00:00,2021-10-27,2021-10-28,720900.0,1.398,1.391,503.90909999999997,501.38595000000004,-0.006001648674947235,trend,trend,trend_to_trend,8,True
1265,full_2021_2026,2021-10-29,2021-11-01 10:00:00,2021-12-02,2021-12-03,700100.0,1.431,1.469,500.92155,514.2234500000001,0.025528814907710418,trend,range,trend_to_range,24,False
1265,full_2021_2026,2022-01-18,2022-01-19 00:00:00,2022-01-21,2022-01-24,745000.0,1.379,1.326,513.6775,493.935,-0.03939473338022803,range,range,range_to_range,3,True
1265,full_2021_2026,2022-02-23,2022-02-24 00:00:00,2022-03-03,2022-03-04,783900.0,1.259,1.239,493.46505,485.6260500000001,-0.016869246075929323,trend,trend,trend_to_trend,6,True
1265,full_2021_2026,2022-03-21,2022-03-22 00:00:00,2022-03-24,2022-03-25,823700.0,1.178,1.167,485.1593,480.62895000000003,-0.010328027836675968,trend,trend,trend_to_trend,3,True
1265,full_2021_2026,2022-05-05,2022-05-06 00:00:00,2022-06-22,2022-06-23,1005500.0,0.955,1.095,480.12625,550.51125,0.14545083479202803,trend,range,trend_to_range,33,False
1265,full_2021_2026,2022-06-28,2022-06-29 00:00:00,2022-07-04,2022-07-05,961500.0,1.144,1.131,549.9780000000001,543.72825,-0.012351778656126355,range,range,range_to_range,4,True
1265,full_2021_2026,2022-07-21,2022-07-22 10:00:00,2022-08-19,2022-08-22,961400.0,1.13,1.137,543.191,546.5559000000001,0.005188998421143287,trend,trend,trend_to_trend,21,False
1265,full_2021_2026,2022-10-17,2022-10-18 10:00:00,2022-11-21,2022-11-22,1103000.0,0.99,1.061,545.985,585.1415000000001,0.07064599013624506,trend,trend,trend_to_trend,25,False
1265,full_2021_2026,2022-12-30,2023-01-03 00:00:00,2023-02-14,2023-02-15,1184500.0,0.987,1.047,584.55075,620.08575,0.05973001341274653,range,range,range_to_range,26,False
1265,full_2021_2026,2023-03-06,2023-03-07 00:00:00,2023-03-09,2023-03-10,1202900.0,1.03,1.016,619.4935,611.0731999999999,-0.01457814781929434,range,range,range_to_range,3,True
1265,full_2021_2026,2023-03-14,2023-03-15 11:30:00,2023-04-21,2023-04-24,1180700.0,1.034,1.136,610.4219,670.6376,0.09754793782992444,range,trend,range_to_trend,27,False
1265,full_2021_2026,2023-05-26,2023-05-29 10:00:00,2023-06-06,2023-06-07,1257000.0,1.066,1.052,669.981,661.182,-0.01411958186010176,range,range,range_to_range,7,True
1265,full_2021_2026,2023-06-09,2023-06-12 00:00:00,2023-06-21,2023-06-26,1254600.0,1.053,1.036,660.5468999999999,649.8828000000001,-0.01712771344622066,range,range,range_to_range,8,True
1265,full_2021_2026,2023-07-31,2023-08-01 00:00:00,2023-08-08,2023-08-09,1307600.0,0.993,0.988,649.2234000000001,645.9544000000001,-0.006029714246602702,trend,range,trend_to_range,6,True
1265,full_2021_2026,2023-08-30,2023-08-31 00:00:00,2023-09-07,2023-09-08,1345800.0,0.959,0.917,645.3111,617.0493,-0.044751346954260085,trend,trend,trend_to_trend,6,True
1265,full_2021_2026,2023-09-27,2023-09-28 00:00:00,2023-10-16,2023-10-17,1365300.0,0.903,0.896,616.4329500000001,611.6544,-0.008743690170418872,trend,trend,trend_to_trend,7,True
1265,full_2021_2026,2023-10-27,2023-10-30 00:00:00,2023-11-22,2023-11-23,1388700.0,0.88,0.892,611.028,619.3602,0.012623233837626646,trend,range,trend_to_range,18,False
1265,full_2021_2026,2023-12-08,2023-12-11 00:00:00,2023-12-13,2023-12-14,1403100.0,0.882,0.888,618.7671,622.9764,0.005796421517132666,trend,range,trend_to_range,3,False
1265,full_2021_2026,2023-12-29,2024-01-02 00:00:00,2024-01-04,2024-01-05,1427400.0,0.872,0.842,622.3464,600.9354000000001,-0.035368783498159195,range,range,range_to_range,3,True
1265,full_2021_2026,2024-02-08,2024-02-19 10:00:00,2024-03-21,2024-03-22,1559300.0,0.77,0.822,600.3305,640.8723,0.06646546856441904,trend,range,trend_to_range,24,False
1265,full_2021_2026,2024-04-26,2024-04-29 10:00:00,2024-05-15,2024-05-16,1660800.0,0.771,0.768,640.2384000000001,637.7472000000001,-0.004886661727501962,range,trend,range_to_trend,10,True
1265,full_2021_2026,2024-06-03,2024-06-04 00:00:00,2024-06-06,2024-06-07,1661300.0,0.767,0.762,637.10855,632.9553000000001,-0.0075118894268642045,trend,range,trend_to_range,3,True
1265,full_2021_2026,2024-06-11,2024-06-12 10:00:00,2024-06-24,2024-06-25,1629700.0,0.776,0.755,632.3235999999999,615.21175,-0.028034307588473806,range,range,range_to_range,9,True
1265,full_2021_2026,2024-07-11,2024-07-12 00:00:00,2024-07-24,2024-07-25,1679200.0,0.732,0.727,614.5871999999999,610.3892,-0.007823274155272175,range,range,range_to_range,9,True
1265,full_2021_2026,2024-07-26,2024-07-29 00:00:00,2024-08-05,2024-08-06,1654800.0,0.737,0.73,609.7938,604.0020000000001,-0.010487971753607828,range,range,range_to_range,6,True
1265,full_2021_2026,2024-09-24,2024-09-25 14:00:00,2024-10-30,2024-10-31,1764300.0,0.684,0.981,603.3906000000001,865.3891500000001,0.4327770325363631,trend,trend,trend_to_trend,21,False
1265,full_2021_2026,2024-11-05,2024-11-06 10:00:00,2024-11-15,2024-11-18,1696800.0,1.019,1.014,864.5196,860.2776,-0.005901367275145453,trend,trend,trend_to_trend,8,True
1265,full_2021_2026,2024-12-02,2024-12-03 00:00:00,2024-12-05,2024-12-06,1651100.0,1.041,1.03,859.3975499999999,850.3165,-0.01155570149603391,trend,trend,trend_to_trend,3,True
1265,full_2021_2026,2024-12-10,2024-12-11 00:00:00,2024-12-13,2024-12-16,1643100.0,1.034,1.013,849.4827000000001,832.23015,-0.021288678678069273,trend,trend,trend_to_trend,3,True
1265,full_2021_2026,2024-12-20,2024-12-23 00:00:00,2024-12-31,2025-01-02,1606600.0,1.035,1.01,831.4155,811.333,-0.025129947103742722,trend,range,trend_to_range,7,True
1265,full_2021_2026,2025-01-21,2025-01-22 00:00:00,2025-01-27,2025-02-05,1627500.0,0.996,1.007,810.495,819.4462499999998,0.01003363779957378,range,range,range_to_range,4,False
1265,full_2021_2026,2025-02-05,2025-02-06 00:00:00,2025-03-11,2025-03-12,1637300.0,1.0,1.133,818.65,927.53045,0.13186756621689155,range,range,range_to_range,24,False
1265,full_2021_2026,2025-04-16,2025-04-17 00:00:00,2025-04-24,2025-04-25,1801000.0,1.029,1.027,926.6144999999999,924.8134999999999,-0.0029411921833056853,range,range,range_to_range,6,True
1265,full_2021_2026,2025-05-06,2025-05-07 14:00:00,2025-05-09,2025-05-12,1759700.0,1.05,1.034,923.8425,909.7649,-0.01622236500797225,range,range,range_to_range,3,True
1265,full_2021_2026,2025-05-14,2025-05-15 00:00:00,2025-05-19,2025-05-20,1754600.0,1.036,1.019,908.8828000000001,893.9687,-0.01739236559326529,range,range,range_to_range,3,True
1265,full_2021_2026,2025-06-05,2025-06-06 00:00:00,2025-06-10,2025-06-11,1746000.0,1.023,1.007,893.079,879.1109999999999,-0.016624141497188827,trend,trend,trend_to_trend,3,True
1265,full_2021_2026,2025-06-24,2025-06-25 10:30:00,2025-08-08,2025-08-11,1751200.0,1.003,1.07,878.2267999999999,936.892,0.06573333472844833,trend,range,trend_to_range,33,False
1265,full_2021_2026,2025-08-12,2025-08-13 10:00:00,2025-09-08,2025-09-09,1704800.0,1.098,1.28,935.9352000000001,1091.0720000000001,0.16459074652109273,trend,trend,trend_to_trend,19,False
1265,full_2021_2026,2025-09-10,2025-09-11 00:00:00,2025-10-14,2025-10-15,1696500.0,1.285,1.442,1090.00125,1223.1765,0.12105737014761098,trend,trend,trend_to_trend,18,False
1265,full_2021_2026,2025-10-24,2025-10-27 10:30:00,2025-10-30,2025-10-31,1628200.0,1.501,1.4923366,1221.9641,1214.91122606,-0.006765483547366613,trend,trend,trend_to_trend,4,True
1265,full_2021_2026,2025-12-08,2025-12-09 00:00:00,2025-12-11,2025-12-12,1759900.0,1.3792502000000002,1.3630950000000002,1213.6712134900004,1199.4554452500001,-0.012700823819422724,range,range,range_to_range,3,True
1265,full_2021_2026,2025-12-12,2025-12-15 00:00:00,2026-01-29,2026-01-30,1743900.0,1.3742017,1.5488798,1198.2351723149998,1350.54574161,0.1259858681974222,range,trend,range_to_trend,32,False
1265,full_2021_2026,2026-02-25,2026-02-26 10:00:00,2026-03-02,2026-03-03,1778800.0,1.517,1.5105112,1349.2197999999999,1343.4486612800001,-0.005272614582622737,trend,trend,trend_to_trend,3,True
1265,full_2021_2026,2026-04-08,2026-04-09 00:00:00,2026-06-01,2026-06-02,1946100.0,1.3792502000000002,1.7215385,1342.0794071100004,1675.143037425,0.24692229287991418,range,trend,range_to_trend,35,False
1265,full_2021_2026,2026-06-16,2026-06-17 00:00:00,2026-07-13,2026-07-14,1871700.0,1.7881787,2.0476716,1673.4670363950002,1916.31346686,0.14397121032933557,trend,trend,trend_to_trend,18,False
1265,full_2021_2026,2026-08-12,2026-08-13 15:00:00,2026-08-19,2026-08-20,2134200.0,1.794,1.736684,1914.3774,1853.2154964,-0.03291628544702019,range,range,range_to_range,5,True
1265,full_2021_2026,2026-08-27,2026-08-28 00:00:00,2026-09-01,2026-09-02,2119800.0,1.746781,1.6771117000000002,1851.4131819,1777.5706908300003,-0.0408440288526255,range,range,range_to_range,3,True
1265,rolling_2021_2023,2021-01-12,2021-01-13 10:30:00,2021-01-28,2021-01-29,697000.0,1.434,1.456,499.749,507.416,0.014326867249778275,warmup,warmup,warmup_to_warmup,12,False
1265,rolling_2021_2023,2021-03-26,2021-03-29 10:00:00,2021-04-12,2021-04-13,791400.0,1.281,1.267,506.89169999999996,501.3519,-0.011917538498510294,trend,range,trend_to_range,10,True
1265,rolling_2021_2023,2021-04-16,2021-04-19 00:00:00,2021-05-07,2021-05-10,770500.0,1.3,1.295,500.825,498.89875,-0.004841809864298607,trend,trend,trend_to_trend,12,False
1265,rolling_2021_2023,2021-05-17,2021-05-18 10:00:00,2021-06-16,2021-06-17,736700.0,1.353,1.441,498.37755,530.7923499999999,0.06397614201029556,range,trend,range_to_trend,21,False
1265,rolling_2021_2023,2021-06-17,2021-06-18 00:00:00,2021-07-06,2021-07-07,704700.0,1.505,1.557,530.28675,548.6089499999999,0.03351746053883353,trend,trend,trend_to_trend,13,False
1265,rolling_2021_2023,2021-07-07,2021-07-08 00:00:00,2021-07-14,2021-07-15,684200.0,1.602,1.589,548.0442,543.5969,-0.009106245878309216,trend,trend,trend_to_trend,5,True
1265,rolling_2021_2023,2021-07-29,2021-07-30 00:00:00,2021-08-09,2021-08-10,668000.0,1.626,1.604,543.0840000000001,535.736,-0.014516112177613616,trend,trend,trend_to_trend,7,True
1265,rolling_2021_2023,2021-08-24,2021-08-25 00:00:00,2021-08-27,2021-08-30,661500.0,1.618,1.525,535.1535,504.39374999999995,-0.058420418962336074,trend,range,trend_to_range,3,True
1265,rolling_2021_2023,2021-10-15,2021-10-18 00:00:00,2021-10-27,2021-10-28,720900.0,1.398,1.391,503.90909999999997,501.38595000000004,-0.006001648674947235,trend,trend,trend_to_trend,8,True
1265,rolling_2021_2023,2021-10-29,2021-11-01 10:00:00,2021-12-02,2021-12-03,700100.0,1.431,1.469,500.92155,514.2234500000001,0.025528814907710418,trend,range,trend_to_range,24,False
1265,rolling_2021_2023,2022-01-18,2022-01-19 00:00:00,2022-01-21,2022-01-24,745000.0,1.379,1.326,513.6775,493.935,-0.03939473338022803,range,range,range_to_range,3,True
1265,rolling_2021_2023,2022-02-23,2022-02-24 00:00:00,2022-03-03,2022-03-04,783900.0,1.259,1.239,493.46505,485.6260500000001,-0.016869246075929323,trend,trend,trend_to_trend,6,True
1265,rolling_2021_2023,2022-03-21,2022-03-22 00:00:00,2022-03-24,2022-03-25,823700.0,1.178,1.167,485.1593,480.62895000000003,-0.010328027836675968,trend,trend,trend_to_trend,3,True
1265,rolling_2021_2023,2022-05-05,2022-05-06 00:00:00,2022-06-22,2022-06-23,1005500.0,0.955,1.095,480.12625,550.51125,0.14545083479202803,trend,range,trend_to_range,33,False
1265,rolling_2021_2023,2022-06-28,2022-06-29 00:00:00,2022-07-04,2022-07-05,961500.0,1.144,1.131,549.9780000000001,543.72825,-0.012351778656126355,range,range,range_to_range,4,True
1265,rolling_2021_2023,2022-07-21,2022-07-22 10:00:00,2022-08-19,2022-08-22,961400.0,1.13,1.137,543.191,546.5559000000001,0.005188998421143287,trend,trend,trend_to_trend,21,False
1265,rolling_2021_2023,2022-10-17,2022-10-18 10:00:00,2022-11-21,2022-11-22,1103000.0,0.99,1.061,545.985,585.1415000000001,0.07064599013624506,trend,trend,trend_to_trend,25,False
1265,rolling_2021_2023,2022-12-30,2023-01-03 00:00:00,2023-02-14,2023-02-15,1184500.0,0.987,1.047,584.55075,620.08575,0.05973001341274653,range,range,range_to_range,26,False
1265,rolling_2021_2023,2023-03-06,2023-03-07 00:00:00,2023-03-09,2023-03-10,1202900.0,1.03,1.016,619.4935,611.0731999999999,-0.01457814781929434,range,range,range_to_range,3,True
1265,rolling_2021_2023,2023-03-14,2023-03-15 11:30:00,2023-04-21,2023-04-24,1180700.0,1.034,1.136,610.4219,670.6376,0.09754793782992444,range,trend,range_to_trend,27,False
1265,rolling_2021_2023,2023-05-26,2023-05-29 10:00:00,2023-06-06,2023-06-07,1257000.0,1.066,1.052,669.981,661.182,-0.01411958186010176,range,range,range_to_range,7,True
1265,rolling_2021_2023,2023-06-09,2023-06-12 00:00:00,2023-06-21,2023-06-26,1254600.0,1.053,1.036,660.5468999999999,649.8828000000001,-0.01712771344622066,range,range,range_to_range,8,True
1265,rolling_2021_2023,2023-07-31,2023-08-01 00:00:00,2023-08-08,2023-08-09,1307600.0,0.993,0.988,649.2234000000001,645.9544000000001,-0.006029714246602702,trend,range,trend_to_range,6,True
1265,rolling_2021_2023,2023-08-30,2023-08-31 00:00:00,2023-09-07,2023-09-08,1345800.0,0.959,0.917,645.3111,617.0493,-0.044751346954260085,trend,trend,trend_to_trend,6,True
1265,rolling_2021_2023,2023-09-27,2023-09-28 00:00:00,2023-10-16,2023-10-17,1365300.0,0.903,0.896,616.4329500000001,611.6544,-0.008743690170418872,trend,trend,trend_to_trend,7,True
1265,rolling_2021_2023,2023-10-27,2023-10-30 00:00:00,2023-11-22,2023-11-23,1388700.0,0.88,0.892,611.028,619.3602,0.012623233837626646,trend,range,trend_to_range,18,False
1265,rolling_2021_2023,2023-12-08,2023-12-11 00:00:00,2023-12-13,2023-12-14,1403100.0,0.882,0.888,618.7671,622.9764,0.005796421517132666,trend,range,trend_to_range,3,False
1265,rolling_2022_2024,2022-01-18,2022-01-19 00:00:00,2022-01-21,2022-01-24,724800.0,1.379,1.326,499.7496,480.54240000000004,-0.03939473338022792,range,range,range_to_range,3,True
1265,rolling_2022_2024,2022-02-23,2022-02-24 00:00:00,2022-03-03,2022-03-04,762600.0,1.259,1.239,480.0567,472.4307,-0.016869246075929323,trend,trend,trend_to_trend,6,True
1265,rolling_2022_2024,2022-03-21,2022-03-22 00:00:00,2022-03-24,2022-03-25,801200.0,1.178,1.167,471.9068,467.5002,-0.010328027836675857,trend,trend,trend_to_trend,3,True
1265,rolling_2022_2024,2022-05-05,2022-05-06 00:00:00,2022-06-22,2022-06-23,978200.0,0.955,1.095,467.0905,535.5645000000001,0.1454508347920278,trend,range,trend_to_range,33,False
1265,rolling_2022_2024,2022-06-28,2022-06-29 00:00:00,2022-07-04,2022-07-05,935300.0,1.144,1.131,534.9916,528.91215,-0.012351778656126466,range,range,range_to_range,4,True
1265,rolling_2022_2024,2022-07-21,2022-07-22 10:00:00,2022-08-19,2022-08-22,935200.0,1.13,1.137,528.388,531.6612,0.005188998421143287,trend,trend,trend_to_trend,21,False
1265,rolling_2022_2024,2022-10-17,2022-10-18 10:00:00,2022-11-21,2022-11-22,1073000.0,0.99,1.061,531.135,569.2265,0.07064599013624484,trend,trend,trend_to_trend,25,False
1265,rolling_2022_2024,2022-12-30,2023-01-03 00:00:00,2023-02-14,2023-02-15,1152300.0,0.987,1.047,568.6600500000001,603.2290499999999,0.05973001341274631,range,range,range_to_range,26,False
1265,rolling_2022_2024,2023-03-06,2023-03-07 00:00:00,2023-03-09,2023-03-10,1170100.0,1.03,1.016,602.6015,594.4108000000001,-0.01457814781929423,range,range,range_to_range,3,True
1265,rolling_2022_2024,2023-03-14,2023-03-15 11:30:00,2023-04-21,2023-04-24,1148600.0,1.034,1.136,593.8262000000001,652.4047999999999,0.09754793782992421,range,trend,range_to_trend,27,False
1265,rolling_2022_2024,2023-05-26,2023-05-29 10:00:00,2023-06-06,2023-06-07,1222800.0,1.066,1.052,651.7524000000001,643.1928,-0.014119581860101982,range,range,range_to_range,7,True
1265,rolling_2022_2024,2023-06-09,2023-06-12 00:00:00,2023-06-21,2023-06-26,1220400.0,1.053,1.036,642.5406,632.1672000000001,-0.01712771344622066,range,range,range_to_range,8,True
1265,rolling_2022_2024,2023-07-31,2023-08-01 00:00:00,2023-08-08,2023-08-09,1272000.0,0.993,0.988,631.548,628.368,-0.006029714246602702,trend,range,trend_to_range,6,True
1265,rolling_2022_2024,2023-08-30,2023-08-31 00:00:00,2023-09-07,2023-09-08,1309200.0,0.959,0.917,627.7614,600.2682000000001,-0.044751346954259974,trend,trend,trend_to_trend,6,True
1265,rolling_2022_2024,2023-09-27,2023-09-28 00:00:00,2023-10-16,2023-10-17,1328200.0,0.903,0.896,599.6823,595.0336,-0.00874369017041876,trend,trend,trend_to_trend,7,True
1265,rolling_2022_2024,2023-10-27,2023-10-30 00:00:00,2023-11-22,2023-11-23,1351000.0,0.88,0.892,594.44,602.546,0.012623233837626646,trend,range,trend_to_range,18,False
1265,rolling_2022_2024,2023-12-08,2023-12-11 00:00:00,2023-12-13,2023-12-14,1364900.0,0.882,0.888,601.9209000000001,606.0156,0.005796421517132444,trend,range,trend_to_range,3,False
1265,rolling_2022_2024,2023-12-29,2024-01-02 00:00:00,2024-01-04,2024-01-05,1388600.0,0.872,0.842,605.4295999999999,584.6006,-0.035368783498159084,range,range,range_to_range,3,True
1265,rolling_2022_2024,2024-02-08,2024-02-19 10:00:00,2024-03-21,2024-03-22,1516900.0,0.77,0.822,584.0065,623.4458999999999,0.06646546856441904,trend,range,trend_to_range,24,False
1265,rolling_2022_2024,2024-04-26,2024-04-29 10:00:00,2024-05-15,2024-05-16,1615600.0,0.771,0.768,622.8138,620.3904,-0.004886661727501851,range,trend,range_to_trend,10,True
1265,rolling_2022_2024,2024-06-03,2024-06-04 00:00:00,2024-06-06,2024-06-07,1616100.0,0.767,0.762,619.77435,615.7341,-0.0075118894268642045,trend,range,trend_to_range,3,True
1265,rolling_2022_2024,2024-06-11,2024-06-12 10:00:00,2024-06-24,2024-06-25,1585400.0,0.776,0.755,615.1352,598.4885,-0.028034307588473806,range,range,range_to_range,9,True
1265,rolling_2022_2024,2024-07-11,2024-07-12 00:00:00,2024-07-24,2024-07-25,1633500.0,0.732,0.727,597.861,593.77725,-0.007823274155272175,range,range,range_to_range,9,True
1265,rolling_2022_2024,2024-07-26,2024-07-29 00:00:00,2024-08-05,2024-08-06,1609800.0,0.737,0.73,593.2113,587.577,-0.010487971753607828,range,range,range_to_range,6,True
1265,rolling_2022_2024,2024-09-24,2024-09-25 14:00:00,2024-10-30,2024-10-31,1716300.0,0.684,0.981,586.9746000000001,841.84515,0.4327770325363631,trend,trend,trend_to_trend,21,False
1265,rolling_2022_2024,2024-11-05,2024-11-06 10:00:00,2024-11-15,2024-11-18,1650600.0,1.019,1.014,840.9807,836.8542,-0.005901367275145453,trend,trend,trend_to_trend,8,True
1265,rolling_2022_2024,2024-12-02,2024-12-03 00:00:00,2024-12-05,2024-12-06,1606200.0,1.041,1.03,836.0271,827.193,-0.01155570149603391,trend,trend,trend_to_trend,3,True
1265,rolling_2022_2024,2024-12-10,2024-12-11 00:00:00,2024-12-13,2024-12-16,1598400.0,1.034,1.013,826.3728000000001,809.5896,-0.021288678678069273,trend,trend,trend_to_trend,3,True
1265,rolling_2023_2025,2022-12-30,2023-01-03 00:00:00,2023-02-14,2023-02-15,1012600.0,0.987,1.047,499.7181,530.0961,0.05973001341274653,range,range,range_to_range,26,False
1265,rolling_2023_2025,2023-03-06,2023-03-07 00:00:00,2023-03-09,2023-03-10,1028300.0,1.03,1.016,529.5745000000001,522.3764,-0.01457814781929423,range,range,range_to_range,3,True
1265,rolling_2023_2025,2023-03-14,2023-03-15 11:30:00,2023-04-21,2023-04-24,1009400.0,1.034,1.136,521.8598,573.3392,0.09754793782992444,range,trend,range_to_trend,27,False
1265,rolling_2023_2025,2023-05-26,2023-05-29 10:00:00,2023-06-06,2023-06-07,1074600.0,1.066,1.052,572.7618000000001,565.2396,-0.01411958186010187,range,range,range_to_range,7,True
1265,rolling_2023_2025,2023-06-09,2023-06-12 00:00:00,2023-06-21,2023-06-26,1072500.0,1.053,1.036,564.67125,555.5550000000001,-0.01712771344622066,range,range,range_to_range,8,True
1265,rolling_2023_2025,2023-07-31,2023-08-01 00:00:00,2023-08-08,2023-08-09,1117800.0,0.993,0.988,554.9877,552.1931999999999,-0.006029714246602813,trend,range,trend_to_range,6,True
1265,rolling_2023_2025,2023-08-30,2023-08-31 00:00:00,2023-09-07,2023-09-08,1150500.0,0.959,0.917,551.66475,527.50425,-0.044751346954260085,trend,trend,trend_to_trend,6,True
1265,rolling_2023_2025,2023-09-27,2023-09-28 00:00:00,2023-10-16,2023-10-17,1167200.0,0.903,0.896,526.9908,522.9056,-0.00874369017041876,trend,trend,trend_to_trend,7,True
1265,rolling_2023_2025,2023-10-27,2023-10-30 00:00:00,2023-11-22,2023-11-23,1187200.0,0.88,0.892,522.368,529.4911999999999,0.012623233837626424,trend,range,trend_to_range,18,False
1265,rolling_2023_2025,2023-12-08,2023-12-11 00:00:00,2023-12-13,2023-12-14,1199400.0,0.882,0.888,528.9354000000001,532.5336,0.005796421517132444,trend,range,trend_to_range,3,False
1265,rolling_2023_2025,2023-12-29,2024-01-02 00:00:00,2024-01-04,2024-01-05,1220200.0,0.872,0.842,532.0072,513.7042,-0.035368783498159306,range,range,range_to_range,3,True
1265,rolling_2023_2025,2024-02-08,2024-02-19 10:00:00,2024-03-21,2024-03-22,1333000.0,0.77,0.822,513.205,547.863,0.06646546856441926,trend,range,trend_to_range,24,False
1265,rolling_2023_2025,2024-04-26,2024-04-29 10:00:00,2024-05-15,2024-05-16,1419800.0,0.771,0.768,547.3329,545.2031999999999,-0.004886661727502295,range,trend,range_to_trend,10,True
1265,rolling_2023_2025,2024-06-03,2024-06-04 00:00:00,2024-06-06,2024-06-07,1420200.0,0.767,0.762,544.6467,541.0962,-0.0075118894268640934,trend,range,trend_to_range,3,True
1265,rolling_2023_2025,2024-06-11,2024-06-12 10:00:00,2024-06-24,2024-06-25,1393200.0,0.776,0.755,540.5616,525.933,-0.028034307588473584,range,range,range_to_range,9,True
1265,rolling_2023_2025,2024-07-11,2024-07-12 00:00:00,2024-07-24,2024-07-25,1435500.0,0.732,0.727,525.393,521.80425,-0.007823274155272064,range,range,range_to_range,9,True
1265,rolling_2023_2025,2024-07-26,2024-07-29 00:00:00,2024-08-05,2024-08-06,1414600.0,0.737,0.73,521.2801,516.3290000000001,-0.010487971753607495,range,range,range_to_range,6,True
1265,rolling_2023_2025,2024-09-24,2024-09-25 14:00:00,2024-10-30,2024-10-31,1508300.0,0.684,0.981,515.8386,739.82115,0.43277703253636335,trend,trend,trend_to_trend,21,False
1265,rolling_2023_2025,2024-11-05,2024-11-06 10:00:00,2024-11-15,2024-11-18,1450600.0,1.019,1.014,739.0807,735.4542,-0.005901367275145564,trend,trend,trend_to_trend,8,True
1265,rolling_2023_2025,2024-12-02,2024-12-03 00:00:00,2024-12-05,2024-12-06,1411500.0,1.041,1.03,734.68575,726.9225,-0.01155570149603391,trend,trend,trend_to_trend,3,True
1265,rolling_2023_2025,2024-12-10,2024-12-11 00:00:00,2024-12-13,2024-12-16,1404700.0,1.034,1.013,726.2299,711.48055,-0.02128867867806916,trend,trend,trend_to_trend,3,True
1265,rolling_2023_2025,2024-12-20,2024-12-23 00:00:00,2024-12-31,2025-01-02,1373400.0,1.035,1.01,710.7345,693.567,-0.025129947103742833,trend,range,trend_to_range,7,True
1265,rolling_2023_2025,2025-01-21,2025-01-22 00:00:00,2025-01-27,2025-02-05,1391300.0,0.996,1.007,692.8674000000001,700.51955,0.01003363779957378,range,range,range_to_range,4,False
1265,rolling_2023_2025,2025-02-05,2025-02-06 00:00:00,2025-03-11,2025-03-12,1399700.0,1.0,1.133,699.85,792.93005,0.13186756621689155,range,range,range_to_range,24,False
1265,rolling_2023_2025,2025-04-16,2025-04-17 00:00:00,2025-04-24,2025-04-25,1539600.0,1.029,1.027,792.1242,790.5846,-0.0029411921833056853,range,range,range_to_range,6,True
1265,rolling_2023_2025,2025-05-06,2025-05-07 14:00:00,2025-05-09,2025-05-12,1504400.0,1.05,1.034,789.8100000000001,777.7748,-0.01622236500797214,range,range,range_to_range,3,True
1265,rolling_2023_2025,2025-05-14,2025-05-15 00:00:00,2025-05-19,2025-05-20,1500000.0,1.036,1.019,777.0,764.2499999999999,-0.01739236559326529,range,range,range_to_range,3,True
1265,rolling_2023_2025,2025-06-05,2025-06-06 00:00:00,2025-06-10,2025-06-11,1492600.0,1.023,1.007,763.4649,751.5241,-0.016624141497188827,trend,trend,trend_to_trend,3,True
1265,rolling_2023_2025,2025-06-24,2025-06-25 10:30:00,2025-08-08,2025-08-11,1497100.0,1.003,1.07,750.7956499999999,800.9485,0.06573333472844856,trend,range,trend_to_range,33,False
1265,rolling_2023_2025,2025-08-12,2025-08-13 10:00:00,2025-09-08,2025-09-09,1457400.0,1.098,1.28,800.1126000000002,932.736,0.1645907465210925,trend,trend,trend_to_trend,19,False
1265,rolling_2023_2025,2025-09-10,2025-09-11 00:00:00,2025-10-14,2025-10-15,1450300.0,1.285,1.442,931.81775,1045.6662999999999,0.12105737014761098,trend,trend,trend_to_trend,18,False
1265,rolling_2023_2025,2025-10-24,2025-10-27 10:30:00,2025-10-30,2025-10-31,1391900.0,1.501,1.4923366,1044.62095,1038.59165677,-0.006765483547366835,trend,trend,trend_to_trend,4,True
1265,rolling_2023_2025,2025-12-08,2025-12-09 00:00:00,2025-12-11,2025-12-12,1504500.0,1.3792502000000002,1.3630950000000002,1037.5409629500002,1025.3882137500002,-0.012700823819422724,range,range,range_to_range,3,True
1265,rolling_2024_2026,2023-12-29,2024-01-02 00:00:00,2024-01-04,2024-01-05,1146200.0,0.872,0.842,499.7432,482.5502,-0.035368783498159306,range,range,range_to_range,3,True
1265,rolling_2024_2026,2024-02-08,2024-02-19 10:00:00,2024-03-21,2024-03-22,1252100.0,0.77,0.822,482.05850000000004,514.6131,0.06646546856441904,trend,range,trend_to_range,24,False
1265,rolling_2024_2026,2024-04-26,2024-04-29 10:00:00,2024-05-15,2024-05-16,1333600.0,0.771,0.768,514.1028,512.1024,-0.004886661727501962,range,trend,range_to_trend,10,True
1265,rolling_2024_2026,2024-06-03,2024-06-04 00:00:00,2024-06-06,2024-06-07,1334000.0,0.767,0.762,511.589,508.254,-0.0075118894268640934,trend,range,trend_to_range,3,True
1265,rolling_2024_2026,2024-06-11,2024-06-12 10:00:00,2024-06-24,2024-06-25,1308600.0,0.776,0.755,507.7368,493.9965,-0.028034307588473695,range,range,range_to_range,9,True
1265,rolling_2024_2026,2024-07-11,2024-07-12 00:00:00,2024-07-24,2024-07-25,1348400.0,0.732,0.727,493.51439999999997,490.1434,-0.007823274155272064,range,range,range_to_range,9,True
1265,rolling_2024_2026,2024-07-26,2024-07-29 00:00:00,2024-08-05,2024-08-06,1328800.0,0.737,0.73,489.6628,485.012,-0.010487971753607606,range,range,range_to_range,6,True
1265,rolling_2024_2026,2024-09-24,2024-09-25 14:00:00,2024-10-30,2024-10-31,1416700.0,0.684,0.981,484.51140000000004,694.89135,0.43277703253636335,trend,trend,trend_to_trend,21,False
1265,rolling_2024_2026,2024-11-05,2024-11-06 10:00:00,2024-11-15,2024-11-18,1362500.0,1.019,1.014,694.1937499999999,690.7875,-0.005901367275145564,trend,trend,trend_to_trend,8,True
1265,rolling_2024_2026,2024-12-02,2024-12-03 00:00:00,2024-12-05,2024-12-06,1325800.0,1.041,1.03,690.0789,682.787,-0.01155570149603391,trend,trend,trend_to_trend,3,True
1265,rolling_2024_2026,2024-12-10,2024-12-11 00:00:00,2024-12-13,2024-12-16,1319400.0,1.034,1.013,682.1298,668.2761,-0.02128867867806916,trend,trend,trend_to_trend,3,True
1265,rolling_2024_2026,2024-12-20,2024-12-23 00:00:00,2024-12-31,2025-01-02,1290000.0,1.035,1.01,667.575,651.45,-0.025129947103742722,trend,range,trend_to_range,7,True
1265,rolling_2024_2026,2025-01-21,2025-01-22 00:00:00,2025-01-27,2025-02-05,1306900.0,0.996,1.007,650.8362,658.02415,0.010033637799574002,range,range,range_to_range,4,False
1265,rolling_2024_2026,2025-02-05,2025-02-06 00:00:00,2025-03-11,2025-03-12,1314700.0,1.0,1.133,657.35,744.77755,0.13186756621689155,range,range,range_to_range,24,False
1265,rolling_2024_2026,2025-04-16,2025-04-17 00:00:00,2025-04-24,2025-04-25,1446100.0,1.029,1.027,744.0184499999999,742.57235,-0.0029411921833059074,range,range,range_to_range,6,True
1265,rolling_2024_2026,2025-05-06,2025-05-07 14:00:00,2025-05-09,2025-05-12,1413000.0,1.05,1.034,741.825,730.5210000000001,-0.01622236500797214,range,range,range_to_range,3,True
1265,rolling_2024_2026,2025-05-14,2025-05-15 00:00:00,2025-05-19,2025-05-20,1408900.0,1.036,1.019,729.8102000000001,717.8345499999999,-0.01739236559326529,range,range,range_to_range,3,True
1265,rolling_2024_2026,2025-06-05,2025-06-06 00:00:00,2025-06-10,2025-06-11,1402000.0,1.023,1.007,717.1229999999999,705.9069999999999,-0.016624141497188716,trend,trend,trend_to_trend,3,True
1265,rolling_2024_2026,2025-06-24,2025-06-25 10:30:00,2025-08-08,2025-08-11,1406200.0,1.003,1.07,705.2093,752.317,0.06573333472844833,trend,range,trend_to_range,33,False
1265,rolling_2024_2026,2025-08-12,2025-08-13 10:00:00,2025-09-08,2025-09-09,1368900.0,1.098,1.28,751.5261000000002,876.096,0.16459074652109273,trend,trend,trend_to_trend,19,False
1265,rolling_2024_2026,2025-09-10,2025-09-11 00:00:00,2025-10-14,2025-10-15,1362200.0,1.285,1.442,875.2135000000001,982.1462,0.12105737014761098,trend,trend,trend_to_trend,18,False
1265,rolling_2024_2026,2025-10-24,2025-10-27 10:30:00,2025-10-30,2025-10-31,1307400.0,1.501,1.4923366,981.2037,975.54043542,-0.006765483547366724,trend,trend,trend_to_trend,4,True
1265,rolling_2024_2026,2025-12-08,2025-12-09 00:00:00,2025-12-11,2025-12-12,1413200.0,1.3792502000000002,1.3630950000000002,974.5781913200001,963.1629270000002,-0.012700823819422613,range,range,range_to_range,3,True
1265,rolling_2024_2026,2025-12-12,2025-12-15 00:00:00,2026-01-29,2026-01-30,1400300.0,1.3742017,1.5488798,962.1473202550001,1084.4481919700002,0.1259858681974222,range,trend,range_to_trend,32,False
1265,rolling_2024_2026,2026-02-25,2026-02-26 10:00:00,2026-03-02,2026-03-03,1428300.0,1.517,1.5105112,1083.36555,1078.73157348,-0.005272614582623181,trend,trend,trend_to_trend,3,True
1265,rolling_2024_2026,2026-04-08,2026-04-09 00:00:00,2026-06-01,2026-06-02,1562700.0,1.3792502000000002,1.7215385,1077.6771437700002,1345.1241069750001,0.2469222928799144,range,trend,range_to_trend,35,False
1265,rolling_2024_2026,2026-06-16,2026-06-17 00:00:00,2026-07-13,2026-07-14,1502900.0,1.7881787,2.0476716,1343.726884115,1538.72282382,0.14397121032933557,trend,trend,trend_to_trend,18,False
1265,rolling_2024_2026,2026-08-12,2026-08-13 15:00:00,2026-08-19,2026-08-20,1713700.0,1.794,1.736684,1537.1889,1488.0776853999998,-0.03291628544702019,range,range,range_to_range,5,True
1265,rolling_2024_2026,2026-08-27,2026-08-28 00:00:00,2026-09-01,2026-09-02,1702100.0,1.746781,1.6771117000000002,1486.59797005,1427.3059122850002,-0.04084402885262561,range,range,range_to_range,3,True
1250,full_2021_2026,2021-01-12,2021-01-13 10:30:00,2021-01-28,2021-01-29,697000.0,1.434,1.456,499.749,507.416,0.014326867249778275,warmup,warmup,warmup_to_warmup,12,False
1250,full_2021_2026,2021-03-26,2021-03-29 10:00:00,2021-04-12,2021-04-13,791400.0,1.281,1.267,506.89169999999996,501.3519,-0.011917538498510294,trend,range,trend_to_range,10,True
1250,full_2021_2026,2021-04-16,2021-04-19 00:00:00,2021-05-07,2021-05-10,770500.0,1.3,1.295,500.825,498.89875,-0.004841809864298607,trend,trend,trend_to_trend,12,False
1250,full_2021_2026,2021-05-17,2021-05-18 10:00:00,2021-06-16,2021-06-17,736700.0,1.353,1.441,498.37755,530.7923499999999,0.06397614201029556,range,trend,range_to_trend,21,False
1250,full_2021_2026,2021-06-17,2021-06-18 00:00:00,2021-07-06,2021-07-07,704700.0,1.505,1.557,530.28675,548.6089499999999,0.03351746053883353,trend,trend,trend_to_trend,13,False
1250,full_2021_2026,2021-07-07,2021-07-08 00:00:00,2021-07-14,2021-07-15,684200.0,1.602,1.589,548.0442,543.5969,-0.009106245878309216,trend,trend,trend_to_trend,5,True
1250,full_2021_2026,2021-07-29,2021-07-30 00:00:00,2021-08-09,2021-08-10,668000.0,1.626,1.604,543.0840000000001,535.736,-0.014516112177613616,trend,trend,trend_to_trend,7,True
1250,full_2021_2026,2021-08-24,2021-08-25 00:00:00,2021-08-27,2021-08-30,661500.0,1.618,1.525,535.1535,504.39374999999995,-0.058420418962336074,trend,range,trend_to_range,3,True
1250,full_2021_2026,2021-10-15,2021-10-18 00:00:00,2021-10-27,2021-10-28,720900.0,1.398,1.391,503.90909999999997,501.38595000000004,-0.006001648674947235,trend,trend,trend_to_trend,8,True
1250,full_2021_2026,2021-10-29,2021-11-01 10:00:00,2021-12-02,2021-12-03,700100.0,1.431,1.469,500.92155,514.2234500000001,0.025528814907710418,trend,range,trend_to_range,24,False
1250,full_2021_2026,2021-12-03,2021-12-06 00:00:00,2021-12-08,2021-12-09,693200.0,1.482,1.45,513.6612,502.57,-0.022570361243130055,range,range,range_to_range,3,True
1250,full_2021_2026,2021-12-17,2021-12-20 00:00:00,2021-12-23,2021-12-24,698300.0,1.438,1.415,502.07769999999994,494.04725,-0.016977950524042495,range,range,range_to_range,4,True
1250,full_2021_2026,2022-01-13,2022-01-14 00:00:00,2022-01-21,2022-01-24,741100.0,1.332,1.326,493.5726,491.3493000000001,-0.0054995025010017295,range,range,range_to_range,6,True
1250,full_2021_2026,2022-02-23,2022-02-24 00:00:00,2022-03-03,2022-03-04,779800.0,1.259,1.239,490.8841,483.08610000000004,-0.016869246075929323,trend,trend,trend_to_trend,6,True
1250,full_2021_2026,2022-03-21,2022-03-22 00:00:00,2022-03-24,2022-03-25,819300.0,1.178,1.167,482.56769999999995,478.06155,-0.010328027836675857,trend,trend,trend_to_trend,3,True
1250,full_2021_2026,2022-05-05,2022-05-06 00:00:00,2022-06-22,2022-06-23,1000200.0,0.955,1.095,477.5955,547.6095,0.14545083479202803,trend,range,trend_to_range,33,False
1250,full_2021_2026,2022-06-24,2022-06-27 10:30:00,2022-07-07,2022-07-08,962300.0,1.137,1.145,547.0675500000001,550.91675,0.006029527013098335,range,range,range_to_range,9,False
1250,full_2021_2026,2022-07-21,2022-07-22 10:00:00,2022-08-19,2022-08-22,974100.0,1.13,1.137,550.3665,553.77585,0.005188998421143287,trend,trend,trend_to_trend,21,False
1250,full_2021_2026,2022-10-17,2022-10-18 10:00:00,2022-10-28,2022-10-31,1117600.0,0.99,1.025,553.212,572.77,0.03431869923624031,trend,range,trend_to_range,9,False
1250,full_2021_2026,2022-10-31,2022-11-01 00:00:00,2022-11-07,2022-11-08,1099300.0,1.041,1.09,572.1856499999999,599.1185,0.046023578028469014,trend,range,trend_to_range,5,False
1250,full_2021_2026,2022-11-09,2022-11-10 00:00:00,2022-11-21,2022-11-22,1128300.0,1.061,1.061,598.5631500000001,598.5631500000001,-0.0009995002498751626,trend,trend,trend_to_trend,8,True
1250,full_2021_2026,2022-12-30,2023-01-03 00:00:00,2023-02-08,2023-02-09,1211600.0,0.987,1.032,597.9245999999999,625.1856,0.044547634997091023,range,range,range_to_range,22,False
1250,full_2021_2026,2023-02-10,2023-02-13 00:00:00,2023-02-15,2023-02-16,1195400.0,1.045,1.048,624.5965,626.3896,0.001868443768546335,range,range,range_to_range,3,False
1250,full_2021_2026,2023-03-01,2023-03-02 10:00:00,2023-03-07,2023-03-08,1229400.0,1.018,1.012,625.7646,622.0764,-0.006887518912449431,range,range,range_to_range,4,True
1250,full_2021_2026,2023-03-22,2023-03-23 00:00:00,2023-04-21,2023-04-24,1182600.0,1.051,1.136,621.4562999999999,671.7167999999999,0.07979502161383634,trend,trend,trend_to_trend,21,False
1250,full_2021_2026,2023-05-26,2023-05-29 10:00:00,2023-06-06,2023-06-07,1259000.0,1.066,1.052,671.047,662.234,-0.01411958186010176,range,range,range_to_range,7,True
1250,full_2021_2026,2023-06-09,2023-06-12 00:00:00,2023-06-26,2023-06-27,1256500.0,1.053,1.035,661.54725,650.23875,-0.018076431869535337,range,range,range_to_range,9,True
1250,full_2021_2026,2023-07-31,2023-08-01 00:00:00,2023-08-08,2023-08-09,1308400.0,0.993,0.988,649.6206,646.3496,-0.006029714246602813,trend,range,trend_to_range,6,True
1250,full_2021_2026,2023-08-30,2023-08-31 00:00:00,2023-09-07,2023-09-08,1346600.0,0.959,0.917,645.6947,617.4161,-0.044751346954260196,trend,trend,trend_to_trend,6,True
1250,full_2021_2026,2023-09-27,2023-09-28 00:00:00,2023-10-16,2023-10-17,1366100.0,0.903,0.896,616.7941500000001,612.0128000000001,-0.008743690170418539,trend,trend,trend_to_trend,7,True
1250,full_2021_2026,2023-10-27,2023-10-30 00:00:00,2023-11-22,2023-11-23,1389500.0,0.88,0.892,611.38,619.717,0.012623233837626868,trend,range,trend_to_range,18,False
1250,full_2021_2026,2023-12-08,2023-12-11 00:00:00,2023-12-15,2023-12-18,1403900.0,0.882,0.867,619.1199,608.59065,-0.017989304667394124,trend,range,trend_to_range,5,True
1250,full_2021_2026,2023-12-29,2024-01-02 00:00:00,2024-01-04,2024-01-05,1394400.0,0.872,0.842,607.9584,587.0424,-0.03536878349815897,range,range,range_to_range,3,True
1250,full_2021_2026,2024-02-08,2024-02-19 10:00:00,2024-03-13,2024-03-14,1523300.0,0.77,0.831,586.4705,632.93115,0.07814209778227754,trend,range,trend_to_range,18,False
1250,full_2021_2026,2024-04-26,2024-04-29 10:00:00,2024-05-09,2024-05-10,1640200.0,0.771,0.796,632.2971,652.7995999999999,0.031393512063682794,range,range,range_to_range,6,False
1250,full_2021_2026,2024-05-10,2024-05-13 00:00:00,2024-05-15,2024-05-16,1672200.0,0.78,0.768,652.158,642.1248,-0.016368738707569386,trend,trend,trend_to_trend,3,True
1250,full_2021_2026,2024-06-03,2024-06-04 00:00:00,2024-06-25,2024-06-26,1672700.0,0.767,0.734,641.4804500000001,613.8809,-0.043981268818003016,trend,range,trend_to_range,15,False
1250,full_2021_2026,2024-07-17,2024-07-18 00:00:00,2024-07-22,2024-07-23,1653000.0,0.742,0.77,613.263,636.405,0.03669863181616728,range,range,range_to_range,3,False
1250,full_2021_2026,2024-07-31,2024-08-01 10:00:00,2024-08-05,2024-08-06,1666500.0,0.763,0.73,635.76975,608.2725,-0.04420659919057501,trend,range,trend_to_range,3,True
1250,full_2021_2026,2024-09-24,2024-09-25 14:00:00,2024-09-27,2024-09-30,1776800.0,0.684,0.813,607.6656000000002,722.2692,0.1874084887380869,trend,range,trend_to_range,3,False
1250,full_2021_2026,2024-10-08,2024-10-09 00:00:00,2024-10-30,2024-10-31,1338700.0,1.078,0.981,721.5593,656.63235,-0.09089101089529472,trend,trend,trend_to_trend,16,False
1250,full_2021_2026,2024-11-05,2024-11-06 10:00:00,2024-11-15,2024-11-18,1287500.0,1.019,1.014,655.9812499999999,652.7625,-0.005901367275145342,trend,trend,trend_to_trend,8,True
1250,full_2021_2026,2024-12-02,2024-12-03 00:00:00,2024-12-05,2024-12-06,1252800.0,1.041,1.03,652.0823999999999,645.192,-0.011555701496033799,trend,trend,trend_to_trend,3,True
1250,full_2021_2026,2024-12-10,2024-12-11 00:00:00,2024-12-13,2024-12-16,1246700.0,1.034,1.013,644.5439,631.45355,-0.02128867867806916,trend,trend,trend_to_trend,3,True
1250,full_2021_2026,2024-12-20,2024-12-23 00:00:00,2024-12-31,2025-01-02,1219000.0,1.035,1.01,630.8325,615.595,-0.025129947103742833,trend,range,trend_to_range,7,True
1250,full_2021_2026,2025-01-17,2025-01-20 10:00:00,2025-03-11,2025-03-12,1243600.0,0.989,1.133,614.9602,704.4994,0.1444565886925091,range,range,range_to_range,31,False
1250,full_2021_2026,2025-04-16,2025-04-17 00:00:00,2025-04-24,2025-04-25,1368000.0,1.029,1.027,703.8359999999999,702.4679999999998,-0.0029411921833057963,range,range,range_to_range,6,True
1250,full_2021_2026,2025-06-05,2025-06-06 00:00:00,2025-06-10,2025-06-11,1371900.0,1.023,1.007,701.72685,690.7516499999999,-0.016624141497188938,trend,trend,trend_to_trend,3,True
1250,full_2021_2026,2025-06-24,2025-06-25 10:30:00,2025-08-08,2025-08-11,1376000.0,1.003,1.07,690.0639999999999,736.16,0.06573333472844856,trend,range,trend_to_range,33,False
1250,full_2021_2026,2025-08-12,2025-08-13 10:00:00,2025-09-08,2025-09-09,1339600.0,1.098,1.28,735.4404000000001,857.344,0.16459074652109273,trend,trend,trend_to_trend,19,False
1250,full_2021_2026,2025-09-10,2025-09-11 00:00:00,2025-10-14,2025-10-15,1333000.0,1.285,1.442,856.4525,961.0930000000001,0.12105737014761098,trend,trend,trend_to_trend,18,False
1250,full_2021_2026,2025-10-24,2025-10-27 10:30:00,2025-10-30,2025-10-31,1279300.0,1.501,1.4923366,960.11465,954.57310619,-0.006765483547366724,trend,trend,trend_to_trend,4,True
1250,full_2021_2026,2025-12-08,2025-12-09 00:00:00,2025-12-11,2025-12-12,1382900.0,1.3792502000000002,1.3630950000000002,953.6825507900002,942.5120377500001,-0.012700823819422724,range,range,range_to_range,3,True
1250,full_2021_2026,2025-12-17,2025-12-18 00:00:00,2025-12-24,2025-12-25,1391800.0,1.352998,1.3873278000000002,941.5513082,965.4414160200001,0.024348273624382077,range,range,range_to_range,5,False
1250,full_2021_2026,2025-12-29,2025-12-30 00:00:00,2026-01-29,2026-01-30,1393400.0,1.3842987,1.5488798,964.44090429,1079.10455666,0.11777298805010328,range,trend,range_to_trend,21,False
1250,full_2021_2026,2026-02-25,2026-02-26 10:00:00,2026-03-02,2026-03-03,1421300.0,1.517,1.5105112,1078.0560500000001,1073.44478428,-0.005272614582622848,trend,trend,trend_to_trend,3,True
1250,full_2021_2026,2026-04-08,2026-04-09 00:00:00,2026-04-23,2026-04-24,1555000.0,1.3792502000000002,1.4812299000000002,1072.3670305,1151.6562472500002,0.07286510478289432,range,range,range_to_range,11,False
1250,full_2021_2026,2026-05-06,2026-05-07 10:00:00,2026-06-01,2026-06-02,1348000.0,1.707,1.7215385,1150.518,1160.316949,0.007508975886983071,range,trend,range_to_trend,18,False
1250,full_2021_2026,2026-06-16,2026-06-17 00:00:00,2026-07-13,2026-07-14,1296400.0,1.7881787,2.0476716,1159.09743334,1327.3007311200001,0.1439712103293358,trend,trend,trend_to_trend,18,False
1250,full_2021_2026,2026-08-05,2026-08-06 00:00:00,2026-08-14,2026-08-17,1549600.0,1.7114415,1.7750526,1326.0248741999999,1375.31075448,0.03613149177623565,range,range,range_to_range,7,False
1250,full_2021_2026,2026-08-17,2026-08-18 00:00:00,2026-08-20,2026-08-21,1487900.0,1.8467413,1.7043736,1373.8831901350002,1267.96873972,-0.07801375419452661,range,range,range_to_range,3,True
1250,rolling_2021_2023,2021-01-12,2021-01-13 10:30:00,2021-01-28,2021-01-29,697000.0,1.434,1.456,499.749,507.416,0.014326867249778275,warmup,warmup,warmup_to_warmup,12,False
1250,rolling_2021_2023,2021-03-26,2021-03-29 10:00:00,2021-04-12,2021-04-13,791400.0,1.281,1.267,506.89169999999996,501.3519,-0.011917538498510294,trend,range,trend_to_range,10,True
1250,rolling_2021_2023,2021-04-16,2021-04-19 00:00:00,2021-05-07,2021-05-10,770500.0,1.3,1.295,500.825,498.89875,-0.004841809864298607,trend,trend,trend_to_trend,12,False
1250,rolling_2021_2023,2021-05-17,2021-05-18 10:00:00,2021-06-16,2021-06-17,736700.0,1.353,1.441,498.37755,530.7923499999999,0.06397614201029556,range,trend,range_to_trend,21,False
1250,rolling_2021_2023,2021-06-17,2021-06-18 00:00:00,2021-07-06,2021-07-07,704700.0,1.505,1.557,530.28675,548.6089499999999,0.03351746053883353,trend,trend,trend_to_trend,13,False
1250,rolling_2021_2023,2021-07-07,2021-07-08 00:00:00,2021-07-14,2021-07-15,684200.0,1.602,1.589,548.0442,543.5969,-0.009106245878309216,trend,trend,trend_to_trend,5,True
1250,rolling_2021_2023,2021-07-29,2021-07-30 00:00:00,2021-08-09,2021-08-10,668000.0,1.626,1.604,543.0840000000001,535.736,-0.014516112177613616,trend,trend,trend_to_trend,7,True
1250,rolling_2021_2023,2021-08-24,2021-08-25 00:00:00,2021-08-27,2021-08-30,661500.0,1.618,1.525,535.1535,504.39374999999995,-0.058420418962336074,trend,range,trend_to_range,3,True
1250,rolling_2021_2023,2021-10-15,2021-10-18 00:00:00,2021-10-27,2021-10-28,720900.0,1.398,1.391,503.90909999999997,501.38595000000004,-0.006001648674947235,trend,trend,trend_to_trend,8,True
1250,rolling_2021_2023,2021-10-29,2021-11-01 10:00:00,2021-12-02,2021-12-03,700100.0,1.431,1.469,500.92155,514.2234500000001,0.025528814907710418,trend,range,trend_to_range,24,False
1250,rolling_2021_2023,2021-12-03,2021-12-06 00:00:00,2021-12-08,2021-12-09,693200.0,1.482,1.45,513.6612,502.57,-0.022570361243130055,range,range,range_to_range,3,True
1250,rolling_2021_2023,2021-12-17,2021-12-20 00:00:00,2021-12-23,2021-12-24,698300.0,1.438,1.415,502.07769999999994,494.04725,-0.016977950524042495,range,range,range_to_range,4,True
1250,rolling_2021_2023,2022-01-13,2022-01-14 00:00:00,2022-01-21,2022-01-24,741100.0,1.332,1.326,493.5726,491.3493000000001,-0.0054995025010017295,range,range,range_to_range,6,True
1250,rolling_2021_2023,2022-02-23,2022-02-24 00:00:00,2022-03-03,2022-03-04,779800.0,1.259,1.239,490.8841,483.08610000000004,-0.016869246075929323,trend,trend,trend_to_trend,6,True
1250,rolling_2021_2023,2022-03-21,2022-03-22 00:00:00,2022-03-24,2022-03-25,819300.0,1.178,1.167,482.56769999999995,478.06155,-0.010328027836675857,trend,trend,trend_to_trend,3,True
1250,rolling_2021_2023,2022-05-05,2022-05-06 00:00:00,2022-06-22,2022-06-23,1000200.0,0.955,1.095,477.5955,547.6095,0.14545083479202803,trend,range,trend_to_range,33,False
1250,rolling_2021_2023,2022-06-24,2022-06-27 10:30:00,2022-07-07,2022-07-08,962300.0,1.137,1.145,547.0675500000001,550.91675,0.006029527013098335,range,range,range_to_range,9,False
1250,rolling_2021_2023,2022-07-21,2022-07-22 10:00:00,2022-08-19,2022-08-22,974100.0,1.13,1.137,550.3665,553.77585,0.005188998421143287,trend,trend,trend_to_trend,21,False
1250,rolling_2021_2023,2022-10-17,2022-10-18 10:00:00,2022-10-28,2022-10-31,1117600.0,0.99,1.025,553.212,572.77,0.03431869923624031,trend,range,trend_to_range,9,False
1250,rolling_2021_2023,2022-10-31,2022-11-01 00:00:00,2022-11-07,2022-11-08,1099300.0,1.041,1.09,572.1856499999999,599.1185,0.046023578028469014,trend,range,trend_to_range,5,False
1250,rolling_2021_2023,2022-11-09,2022-11-10 00:00:00,2022-11-21,2022-11-22,1128300.0,1.061,1.061,598.5631500000001,598.5631500000001,-0.0009995002498751626,trend,trend,trend_to_trend,8,True
1250,rolling_2021_2023,2022-12-30,2023-01-03 00:00:00,2023-02-08,2023-02-09,1211600.0,0.987,1.032,597.9245999999999,625.1856,0.044547634997091023,range,range,range_to_range,22,False
1250,rolling_2021_2023,2023-02-10,2023-02-13 00:00:00,2023-02-15,2023-02-16,1195400.0,1.045,1.048,624.5965,626.3896,0.001868443768546335,range,range,range_to_range,3,False
1250,rolling_2021_2023,2023-03-01,2023-03-02 10:00:00,2023-03-07,2023-03-08,1229400.0,1.018,1.012,625.7646,622.0764,-0.006887518912449431,range,range,range_to_range,4,True
1250,rolling_2021_2023,2023-03-22,2023-03-23 00:00:00,2023-04-21,2023-04-24,1182600.0,1.051,1.136,621.4562999999999,671.7167999999999,0.07979502161383634,trend,trend,trend_to_trend,21,False
1250,rolling_2021_2023,2023-05-26,2023-05-29 10:00:00,2023-06-06,2023-06-07,1259000.0,1.066,1.052,671.047,662.234,-0.01411958186010176,range,range,range_to_range,7,True
1250,rolling_2021_2023,2023-06-09,2023-06-12 00:00:00,2023-06-26,2023-06-27,1256500.0,1.053,1.035,661.54725,650.23875,-0.018076431869535337,range,range,range_to_range,9,True
1250,rolling_2021_2023,2023-07-31,2023-08-01 00:00:00,2023-08-08,2023-08-09,1308400.0,0.993,0.988,649.6206,646.3496,-0.006029714246602813,trend,range,trend_to_range,6,True
1250,rolling_2021_2023,2023-08-30,2023-08-31 00:00:00,2023-09-07,2023-09-08,1346600.0,0.959,0.917,645.6947,617.4161,-0.044751346954260196,trend,trend,trend_to_trend,6,True
1250,rolling_2021_2023,2023-09-27,2023-09-28 00:00:00,2023-10-16,2023-10-17,1366100.0,0.903,0.896,616.7941500000001,612.0128000000001,-0.008743690170418539,trend,trend,trend_to_trend,7,True
1250,rolling_2021_2023,2023-10-27,2023-10-30 00:00:00,2023-11-22,2023-11-23,1389500.0,0.88,0.892,611.38,619.717,0.012623233837626868,trend,range,trend_to_range,18,False
1250,rolling_2021_2023,2023-12-08,2023-12-11 00:00:00,2023-12-15,2023-12-18,1403900.0,0.882,0.867,619.1199,608.59065,-0.017989304667394124,trend,range,trend_to_range,5,True
1250,rolling_2022_2024,2022-01-13,2022-01-14 00:00:00,2022-01-21,2022-01-24,750300.0,1.332,1.326,499.69980000000004,497.44890000000004,-0.0054995025010017295,range,range,range_to_range,6,True
1250,rolling_2022_2024,2022-02-23,2022-02-24 00:00:00,2022-03-03,2022-03-04,789500.0,1.259,1.239,496.99024999999995,489.0952500000001,-0.016869246075929323,trend,trend,trend_to_trend,6,True
1250,rolling_2022_2024,2022-03-21,2022-03-22 00:00:00,2022-03-24,2022-03-25,829500.0,1.178,1.167,488.57550000000003,484.01325,-0.010328027836675857,trend,trend,trend_to_trend,3,True
1250,rolling_2022_2024,2022-05-05,2022-05-06 00:00:00,2022-06-22,2022-06-23,1012700.0,0.955,1.095,483.56425,554.45325,0.14545083479202803,trend,range,trend_to_range,33,False
1250,rolling_2022_2024,2022-06-24,2022-06-27 10:30:00,2022-07-07,2022-07-08,974300.0,1.137,1.145,553.8895500000001,557.78675,0.006029527013098557,range,range,range_to_range,9,False
1250,rolling_2022_2024,2022-07-21,2022-07-22 10:00:00,2022-08-19,2022-08-22,986200.0,1.13,1.137,557.203,560.6546999999999,0.005188998421143287,trend,trend,trend_to_trend,21,False
1250,rolling_2022_2024,2022-10-17,2022-10-18 10:00:00,2022-10-28,2022-10-31,1131500.0,0.99,1.025,560.0925,579.8937500000001,0.03431869923624031,trend,range,trend_to_range,9,False
1250,rolling_2022_2024,2022-10-31,2022-11-01 00:00:00,2022-11-07,2022-11-08,1113000.0,1.041,1.09,579.3165,606.585,0.046023578028469014,trend,range,trend_to_range,5,False
1250,rolling_2022_2024,2022-11-09,2022-11-10 00:00:00,2022-11-21,2022-11-22,1142300.0,1.061,1.061,605.9901500000001,605.9901500000001,-0.0009995002498750516,trend,trend,trend_to_trend,8,True
1250,rolling_2022_2024,2022-12-30,2023-01-03 00:00:00,2023-02-08,2023-02-09,1226700.0,0.987,1.032,605.37645,632.9772,0.044547634997091246,range,range,range_to_range,22,False
1250,rolling_2022_2024,2023-02-10,2023-02-13 00:00:00,2023-02-15,2023-02-16,1210300.0,1.045,1.048,632.38175,634.1972000000001,0.0018684437685465571,range,range,range_to_range,3,False
1250,rolling_2022_2024,2023-03-01,2023-03-02 10:00:00,2023-03-07,2023-03-08,1244700.0,1.018,1.012,633.5523000000001,629.8181999999999,-0.006887518912449764,range,range,range_to_range,4,True
1250,rolling_2022_2024,2023-03-22,2023-03-23 00:00:00,2023-04-21,2023-04-24,1197300.0,1.051,1.136,629.1811499999999,680.0663999999999,0.07979502161383634,trend,trend,trend_to_trend,21,False
1250,rolling_2022_2024,2023-05-26,2023-05-29 10:00:00,2023-06-06,2023-06-07,1274600.0,1.066,1.052,679.3618,670.4396,-0.014119581860101982,range,range,range_to_range,7,True
1250,rolling_2022_2024,2023-06-09,2023-06-12 00:00:00,2023-06-26,2023-06-27,1272200.0,1.053,1.035,669.8132999999999,658.3635,-0.018076431869535226,range,range,range_to_range,9,True
1250,rolling_2022_2024,2023-07-31,2023-08-01 00:00:00,2023-08-08,2023-08-09,1324600.0,0.993,0.988,657.6639,654.3524,-0.006029714246602813,trend,range,trend_to_range,6,True
1250,rolling_2022_2024,2023-08-30,2023-08-31 00:00:00,2023-09-07,2023-09-08,1363300.0,0.959,0.917,653.70235,625.0730500000001,-0.044751346954259974,trend,trend,trend_to_trend,6,True
1250,rolling_2022_2024,2023-09-27,2023-09-28 00:00:00,2023-10-16,2023-10-17,1383100.0,0.903,0.896,624.46965,619.6288000000001,-0.00874369017041876,trend,trend,trend_to_trend,7,True
1250,rolling_2022_2024,2023-10-27,2023-10-30 00:00:00,2023-11-22,2023-11-23,1406800.0,0.88,0.892,618.992,627.4328,0.012623233837626646,trend,range,trend_to_range,18,False
1250,rolling_2022_2024,2023-12-08,2023-12-11 00:00:00,2023-12-15,2023-12-18,1421400.0,0.882,0.867,626.8374,616.1769,-0.017989304667394346,trend,range,trend_to_range,5,True
1250,rolling_2022_2024,2023-12-29,2024-01-02 00:00:00,2024-01-04,2024-01-05,1411800.0,0.872,0.842,615.5448,594.3678,-0.035368783498159306,range,range,range_to_range,3,True
1250,rolling_2022_2024,2024-02-08,2024-02-19 10:00:00,2024-03-13,2024-03-14,1542300.0,0.77,0.831,593.7855,640.82565,0.07814209778227776,trend,range,trend_to_range,18,False
1250,rolling_2022_2024,2024-04-26,2024-04-29 10:00:00,2024-05-09,2024-05-10,1660600.0,0.771,0.796,640.1613000000001,660.9188,0.031393512063682794,range,range,range_to_range,6,False
1250,rolling_2022_2024,2024-05-10,2024-05-13 00:00:00,2024-05-15,2024-05-16,1693000.0,0.78,0.768,660.27,650.112,-0.016368738707569275,trend,trend,trend_to_trend,3,True
1250,rolling_2022_2024,2024-06-03,2024-06-04 00:00:00,2024-06-25,2024-06-26,1693500.0,0.767,0.734,649.45725,621.5145,-0.043981268818003016,trend,range,trend_to_range,15,False
1250,rolling_2022_2024,2024-07-17,2024-07-18 00:00:00,2024-07-22,2024-07-23,1673600.0,0.742,0.77,620.9055999999999,644.336,0.036698631816167504,range,range,range_to_range,3,False
1250,rolling_2022_2024,2024-07-31,2024-08-01 10:00:00,2024-08-05,2024-08-06,1687300.0,0.763,0.73,643.7049499999999,615.8645,-0.0442065991905749,trend,range,trend_to_range,3,True
1250,rolling_2022_2024,2024-09-24,2024-09-25 14:00:00,2024-09-27,2024-09-30,1798900.0,0.684,0.813,615.2238000000001,731.25285,0.1874084887380869,trend,range,trend_to_range,3,False
1250,rolling_2022_2024,2024-10-08,2024-10-09 00:00:00,2024-10-30,2024-10-31,1355300.0,1.078,0.981,730.5067000000001,664.7746500000001,-0.09089101089529461,trend,trend,trend_to_trend,16,False
1250,rolling_2022_2024,2024-11-05,2024-11-06 10:00:00,2024-11-15,2024-11-18,1303500.0,1.019,1.014,664.1332499999999,660.8745,-0.005901367275145231,trend,trend,trend_to_trend,8,True
1250,rolling_2022_2024,2024-12-02,2024-12-03 00:00:00,2024-12-05,2024-12-06,1268400.0,1.041,1.03,660.2022,653.226,-0.011555701496033799,trend,trend,trend_to_trend,3,True
1250,rolling_2022_2024,2024-12-10,2024-12-11 00:00:00,2024-12-13,2024-12-16,1262200.0,1.034,1.013,652.5574,639.3042999999999,-0.021288678678069273,trend,trend,trend_to_trend,3,True
1250,rolling_2023_2025,2022-12-30,2023-01-03 00:00:00,2023-02-08,2023-02-09,1012600.0,0.987,1.032,499.7181,522.5016,0.044547634997091246,range,range,range_to_range,22,False
1250,rolling_2023_2025,2023-02-10,2023-02-13 00:00:00,2023-02-15,2023-02-16,999000.0,1.045,1.048,521.9775,523.476,0.001868443768546335,range,range,range_to_range,3,False
1250,rolling_2023_2025,2023-03-01,2023-03-02 10:00:00,2023-03-07,2023-03-08,1027400.0,1.018,1.012,522.9466,519.8644,-0.006887518912449431,range,range,range_to_range,4,True
1250,rolling_2023_2025,2023-03-22,2023-03-23 00:00:00,2023-04-21,2023-04-24,988300.0,1.051,1.136,519.35165,561.3543999999999,0.07979502161383611,trend,trend,trend_to_trend,21,False
1250,rolling_2023_2025,2023-05-26,2023-05-29 10:00:00,2023-06-06,2023-06-07,1052200.0,1.066,1.052,560.8226,553.4572000000001,-0.01411958186010176,range,range,range_to_range,7,True
1250,rolling_2023_2025,2023-06-09,2023-06-12 00:00:00,2023-06-26,2023-06-27,1050100.0,1.053,1.035,552.87765,543.42675,-0.018076431869535337,range,range,range_to_range,9,True
1250,rolling_2023_2025,2023-07-31,2023-08-01 00:00:00,2023-08-08,2023-08-09,1093400.0,0.993,0.988,542.8731,540.1396,-0.006029714246602813,trend,range,trend_to_range,6,True
1250,rolling_2023_2025,2023-08-30,2023-08-31 00:00:00,2023-09-07,2023-09-08,1125400.0,0.959,0.917,539.6293,515.9959,-0.04475134695425986,trend,trend,trend_to_trend,6,True
1250,rolling_2023_2025,2023-09-27,2023-09-28 00:00:00,2023-10-16,2023-10-17,1141700.0,0.903,0.896,515.47755,511.48160000000007,-0.008743690170418539,trend,trend,trend_to_trend,7,True
1250,rolling_2023_2025,2023-10-27,2023-10-30 00:00:00,2023-11-22,2023-11-23,1161300.0,0.88,0.892,510.97200000000004,517.9398,0.012623233837626646,trend,range,trend_to_range,18,False
1250,rolling_2023_2025,2023-12-08,2023-12-11 00:00:00,2023-12-15,2023-12-18,1173300.0,0.882,0.867,517.4253,508.62555,-0.017989304667394235,trend,range,trend_to_range,5,True
1250,rolling_2023_2025,2023-12-29,2024-01-02 00:00:00,2024-01-04,2024-01-05,1165400.0,0.872,0.842,508.11440000000005,490.6334,-0.035368783498159306,range,range,range_to_range,3,True
1250,rolling_2023_2025,2024-02-08,2024-02-19 10:00:00,2024-03-13,2024-03-14,1273100.0,0.77,0.831,490.1435,528.97305,0.07814209778227754,trend,range,trend_to_range,18,False
1250,rolling_2023_2025,2024-04-26,2024-04-29 10:00:00,2024-05-09,2024-05-10,1370800.0,0.771,0.796,528.4434,545.5784,0.031393512063682794,range,range,range_to_range,6,False
1250,rolling_2023_2025,2024-05-10,2024-05-13 00:00:00,2024-05-15,2024-05-16,1397500.0,0.78,0.768,545.025,536.64,-0.016368738707569164,trend,trend,trend_to_trend,3,True
1250,rolling_2023_2025,2024-06-03,2024-06-04 00:00:00,2024-06-25,2024-06-26,1397900.0,0.767,0.734,536.09465,513.0293,-0.04398126881800324,trend,range,trend_to_range,15,False
1250,rolling_2023_2025,2024-07-17,2024-07-18 00:00:00,2024-07-22,2024-07-23,1381500.0,0.742,0.77,512.5365,531.8775,0.036698631816167504,range,range,range_to_range,3,False
1250,rolling_2023_2025,2024-07-31,2024-08-01 10:00:00,2024-08-05,2024-08-06,1392800.0,0.763,0.73,531.3532,508.372,-0.04420659919057501,trend,range,trend_to_range,3,True
1250,rolling_2023_2025,2024-09-24,2024-09-25 14:00:00,2024-09-27,2024-09-30,1484900.0,0.684,0.813,507.83580000000006,603.61185,0.1874084887380869,trend,range,trend_to_range,3,False
1250,rolling_2023_2025,2024-10-08,2024-10-09 00:00:00,2024-10-30,2024-10-31,1118800.0,1.078,0.981,603.0332000000001,548.7714000000001,-0.0908910108952945,trend,trend,trend_to_trend,16,False
1250,rolling_2023_2025,2024-11-05,2024-11-06 10:00:00,2024-11-15,2024-11-18,1076000.0,1.019,1.014,548.222,545.532,-0.005901367275145564,trend,trend,trend_to_trend,8,True
1250,rolling_2023_2025,2024-12-02,2024-12-03 00:00:00,2024-12-05,2024-12-06,1047000.0,1.041,1.03,544.9635000000001,539.205,-0.011555701496034021,trend,trend,trend_to_trend,3,True
1250,rolling_2023_2025,2024-12-10,2024-12-11 00:00:00,2024-12-13,2024-12-16,1041900.0,1.034,1.013,538.6623000000001,527.72235,-0.02128867867806916,trend,trend,trend_to_trend,3,True
1250,rolling_2023_2025,2024-12-20,2024-12-23 00:00:00,2024-12-31,2025-01-02,1018700.0,1.035,1.01,527.17725,514.4435,-0.025129947103742833,trend,range,trend_to_range,7,True
1250,rolling_2023_2025,2025-01-17,2025-01-20 10:00:00,2025-03-11,2025-03-12,1039300.0,0.989,1.133,513.93385,588.7634499999999,0.1444565886925091,range,range,range_to_range,31,False
1250,rolling_2023_2025,2025-04-16,2025-04-17 00:00:00,2025-04-24,2025-04-25,1143200.0,1.029,1.027,588.1764,587.0332,-0.0029411921833056853,range,range,range_to_range,6,True
1250,rolling_2023_2025,2025-06-05,2025-06-06 00:00:00,2025-06-10,2025-06-11,1146600.0,1.023,1.007,586.4858999999999,577.3131,-0.016624141497188605,trend,trend,trend_to_trend,3,True
1250,rolling_2023_2025,2025-06-24,2025-06-25 10:30:00,2025-08-08,2025-08-11,1150000.0,1.003,1.07,576.7249999999999,615.25,0.06573333472844856,trend,range,trend_to_range,33,False
1250,rolling_2023_2025,2025-08-12,2025-08-13 10:00:00,2025-09-08,2025-09-09,1119500.0,1.098,1.28,614.6055,716.48,0.16459074652109273,trend,trend,trend_to_trend,19,False
1250,rolling_2023_2025,2025-09-10,2025-09-11 00:00:00,2025-10-14,2025-10-15,1114100.0,1.285,1.442,715.80925,803.2660999999999,0.1210573701476112,trend,trend,trend_to_trend,18,False
1250,rolling_2023_2025,2025-10-24,2025-10-27 10:30:00,2025-10-30,2025-10-31,1069200.0,1.501,1.4923366,802.4346,797.80314636,-0.006765483547366835,trend,trend,trend_to_trend,4,True
1250,rolling_2023_2025,2025-12-08,2025-12-09 00:00:00,2025-12-11,2025-12-12,1155700.0,1.3792502000000002,1.3630950000000002,796.9997280700001,787.6644457500001,-0.012700823819422724,range,range,range_to_range,3,True
1250,rolling_2023_2025,2025-12-17,2025-12-18 00:00:00,2025-12-24,2025-12-25,1163200.0,1.352998,1.3873278000000002,786.9036368,806.8698484800002,0.024348273624382077,range,range,range_to_range,5,False
1250,rolling_2024_2026,2023-12-29,2024-01-02 00:00:00,2024-01-04,2024-01-05,1146200.0,0.872,0.842,499.7432,482.5502,-0.035368783498159306,range,range,range_to_range,3,True
1250,rolling_2024_2026,2024-02-08,2024-02-19 10:00:00,2024-03-13,2024-03-14,1252100.0,0.77,0.831,482.05850000000004,520.24755,0.07814209778227754,trend,range,trend_to_range,18,False
1250,rolling_2024_2026,2024-04-26,2024-04-29 10:00:00,2024-05-09,2024-05-10,1348200.0,0.771,0.796,519.7311000000001,536.5835999999999,0.031393512063682794,range,range,range_to_range,6,False
1250,rolling_2024_2026,2024-05-10,2024-05-13 00:00:00,2024-05-15,2024-05-16,1374500.0,0.78,0.768,536.0550000000001,527.808,-0.016368738707569164,trend,trend,trend_to_trend,3,True
1250,rolling_2024_2026,2024-06-03,2024-06-04 00:00:00,2024-06-25,2024-06-26,1374900.0,0.767,0.734,527.2741500000001,504.5883,-0.043981268818003016,trend,range,trend_to_range,15,False
1250,rolling_2024_2026,2024-07-17,2024-07-18 00:00:00,2024-07-22,2024-07-23,1358700.0,0.742,0.77,504.07770000000005,523.0995,0.03669863181616728,range,range,range_to_range,3,False
1250,rolling_2024_2026,2024-07-31,2024-08-01 10:00:00,2024-08-05,2024-08-06,1369800.0,0.763,0.73,522.5787,499.97700000000003,-0.04420659919057501,trend,range,trend_to_range,3,True
1250,rolling_2024_2026,2024-09-24,2024-09-25 14:00:00,2024-09-27,2024-09-30,1460500.0,0.684,0.813,499.49100000000004,593.69325,0.1874084887380869,trend,range,trend_to_range,3,False
1250,rolling_2024_2026,2024-10-08,2024-10-09 00:00:00,2024-10-30,2024-10-31,1100300.0,1.078,0.981,593.0617000000001,539.6971500000001,-0.09089101089529439,trend,trend,trend_to_trend,16,False
1250,rolling_2024_2026,2024-11-05,2024-11-06 10:00:00,2024-11-15,2024-11-18,1058200.0,1.019,1.014,539.1528999999999,536.5074000000001,-0.005901367275145453,trend,trend,trend_to_trend,8,True
1250,rolling_2024_2026,2024-12-02,2024-12-03 00:00:00,2024-12-05,2024-12-06,1029800.0,1.041,1.03,536.0108999999999,530.347,-0.01155570149603391,trend,trend,trend_to_trend,3,True
1250,rolling_2024_2026,2024-12-10,2024-12-11 00:00:00,2024-12-13,2024-12-16,1024800.0,1.034,1.013,529.8216,519.0612,-0.02128867867806905,trend,trend,trend_to_trend,3,True
1250,rolling_2024_2026,2024-12-20,2024-12-23 00:00:00,2024-12-31,2025-01-02,1002000.0,1.035,1.01,518.535,506.01,-0.025129947103742722,trend,range,trend_to_range,7,True
1250,rolling_2024_2026,2025-01-17,2025-01-20 10:00:00,2025-03-11,2025-03-12,1022200.0,0.989,1.133,505.47790000000003,579.0763000000001,0.1444565886925091,range,range,range_to_range,31,False
1250,rolling_2024_2026,2025-04-16,2025-04-17 00:00:00,2025-04-24,2025-04-25,1124400.0,1.029,1.027,578.5038,577.3793999999999,-0.0029411921833059074,range,range,range_to_range,6,True
1250,rolling_2024_2026,2025-06-05,2025-06-06 00:00:00,2025-06-10,2025-06-11,1127700.0,1.023,1.007,576.81855,567.7969499999999,-0.016624141497188827,trend,trend,trend_to_trend,3,True
1250,rolling_2024_2026,2025-06-24,2025-06-25 10:30:00,2025-08-08,2025-08-11,1131000.0,1.003,1.07,567.1964999999999,605.085,0.06573333472844856,trend,range,trend_to_range,33,False
1250,rolling_2024_2026,2025-08-12,2025-08-13 10:00:00,2025-09-08,2025-09-09,1101100.0,1.098,1.28,604.5039,704.7040000000001,0.16459074652109296,trend,trend,trend_to_trend,19,False
1250,rolling_2024_2026,2025-09-10,2025-09-11 00:00:00,2025-10-14,2025-10-15,1095700.0,1.285,1.442,703.98725,789.9997,0.12105737014761098,trend,trend,trend_to_trend,18,False
1250,rolling_2024_2026,2025-10-24,2025-10-27 10:30:00,2025-10-30,2025-10-31,1051600.0,1.501,1.4923366,789.2257999999999,784.67058428,-0.006765483547366835,trend,trend,trend_to_trend,4,True
1250,rolling_2024_2026,2025-12-08,2025-12-09 00:00:00,2025-12-11,2025-12-12,1136700.0,1.3792502000000002,1.3630950000000002,783.8968511700002,774.7150432500001,-0.012700823819422835,range,range,range_to_range,3,True
1250,rolling_2024_2026,2025-12-17,2025-12-18 00:00:00,2025-12-24,2025-12-25,1144000.0,1.352998,1.3873278000000002,773.9148559999999,793.5515016,0.024348273624381855,range,range,range_to_range,5,False
1250,rolling_2024_2026,2025-12-29,2025-12-30 00:00:00,2026-01-29,2026-01-30,1145400.0,1.3842987,1.5488798,792.7878654900001,887.0434614599999,0.11777298805010328,range,trend,range_to_trend,21,False
1250,rolling_2024_2026,2026-02-25,2026-02-26 10:00:00,2026-03-02,2026-03-03,1168300.0,1.517,1.5105112,886.15555,882.36511748,-0.005272614582622959,trend,trend,trend_to_trend,3,True
1250,rolling_2024_2026,2026-04-08,2026-04-09 00:00:00,2026-04-23,2026-04-24,1278200.0,1.3792502000000002,1.4812299000000002,881.4788028200002,946.6540290900001,0.0728651047828941,range,range,range_to_range,11,False
1250,rolling_2024_2026,2026-05-06,2026-05-07 10:00:00,2026-06-01,2026-06-02,1108000.0,1.707,1.7215385,945.678,953.732329,0.0075089758869832934,range,trend,range_to_trend,18,False
1250,rolling_2024_2026,2026-06-16,2026-06-17 00:00:00,2026-07-13,2026-07-14,1065600.0,1.7881787,2.0476716,952.74161136,1090.99942848,0.14397121032933557,trend,trend,trend_to_trend,18,False
1250,rolling_2024_2026,2026-08-05,2026-08-06 00:00:00,2026-08-14,2026-08-17,1273700.0,1.7114415,1.7750526,1089.931519275,1130.44224831,0.03613149177623565,range,range,range_to_range,7,False
1250,rolling_2024_2026,2026-08-17,2026-08-18 00:00:00,2026-08-20,2026-08-21,1223000.0,1.8467413,1.7043736,1129.28230495,1042.2244564,-0.07801375419452661,range,range,range_to_range,3,True
1479,full_2021_2026,2021-01-12,2021-01-13 10:30:00,2021-01-28,2021-01-29,697000.0,1.434,1.456,499.749,507.416,0.014326867249778275,warmup,warmup,warmup_to_warmup,12,False
1479,full_2021_2026,2021-03-26,2021-03-29 10:00:00,2021-03-31,2021-04-01,791400.0,1.281,1.273,506.89169999999996,503.7261,-0.007238379249095206,trend,range,trend_to_range,3,True
1479,full_2021_2026,2021-04-02,2021-04-06 10:00:00,2021-04-12,2021-04-13,760100.0,1.324,1.267,503.18620000000004,481.52335,-0.04400782992189711,range,range,range_to_range,5,True
1479,full_2021_2026,2021-04-16,2021-04-19 00:00:00,2021-05-07,2021-05-10,740100.0,1.3,1.295,481.065,479.21475000000004,-0.004841809864298607,trend,trend,trend_to_trend,12,False
1479,full_2021_2026,2021-05-17,2021-05-18 10:00:00,2021-06-16,2021-06-17,707700.0,1.353,1.441,478.75905,509.89785000000006,0.06397614201029578,range,trend,range_to_trend,21,False
1479,full_2021_2026,2021-06-17,2021-06-18 00:00:00,2021-07-06,2021-07-07,676900.0,1.505,1.557,509.36724999999996,526.9666500000001,0.033517460538833754,trend,trend,trend_to_trend,13,False
1479,full_2021_2026,2021-07-07,2021-07-08 00:00:00,2021-07-14,2021-07-15,657200.0,1.602,1.589,526.4172000000001,522.1454,-0.009106245878309549,trend,trend,trend_to_trend,5,True
1479,full_2021_2026,2021-07-29,2021-07-30 00:00:00,2021-08-09,2021-08-10,641600.0,1.626,1.604,521.6208,514.5632,-0.014516112177613505,trend,trend,trend_to_trend,7,True
1479,full_2021_2026,2021-08-24,2021-08-25 00:00:00,2021-08-27,2021-08-30,635400.0,1.618,1.525,514.0386000000001,484.4925,-0.05842041896233596,trend,range,trend_to_range,3,True
1479,full_2021_2026,2021-10-15,2021-10-18 00:00:00,2021-10-27,2021-10-28,692500.0,1.398,1.391,484.05749999999995,481.63375,-0.006001648674947124,trend,trend,trend_to_trend,8,True
1479,full_2021_2026,2021-10-29,2021-11-01 10:00:00,2021-12-02,2021-12-03,672400.0,1.431,1.469,481.10220000000004,493.87780000000004,0.025528814907710418,trend,range,trend_to_range,24,False
1479,full_2021_2026,2021-12-03,2021-12-06 00:00:00,2021-12-08,2021-12-09,665900.0,1.482,1.45,493.43190000000004,482.77750000000003,-0.022570361243130055,range,range,range_to_range,3,True
1479,full_2021_2026,2021-12-17,2021-12-20 00:00:00,2021-12-23,2021-12-24,670800.0,1.438,1.415,482.30519999999996,474.591,-0.016977950524042384,range,range,range_to_range,4,True
1479,full_2021_2026,2022-01-13,2022-01-14 00:00:00,2022-01-21,2022-01-24,711800.0,1.332,1.326,474.0588000000001,471.9234,-0.0054995025010017295,range,range,range_to_range,6,True
1479,full_2021_2026,2022-02-23,2022-02-24 00:00:00,2022-03-03,2022-03-04,749000.0,1.259,1.239,471.49549999999994,464.00550000000004,-0.0168692460759291,trend,trend,trend_to_trend,6,True
1479,full_2021_2026,2022-03-21,2022-03-22 00:00:00,2022-03-24,2022-03-25,787000.0,1.178,1.167,463.543,459.2145,-0.010328027836675857,trend,trend,trend_to_trend,3,True
1479,full_2021_2026,2022-05-05,2022-05-06 00:00:00,2022-06-22,2022-06-23,960700.0,0.955,1.095,458.73425000000003,525.98325,0.14545083479202803,trend,range,trend_to_range,33,False
1479,full_2021_2026,2022-06-24,2022-06-27 10:30:00,2022-07-07,2022-07-08,924300.0,1.137,1.145,525.46455,529.16175,0.006029527013098557,range,range,range_to_range,9,False
1479,full_2021_2026,2022-07-21,2022-07-22 10:00:00,2022-08-19,2022-08-22,935600.0,1.13,1.137,528.614,531.8886,0.005188998421143287,trend,trend,trend_to_trend,21,False
1479,full_2021_2026,2022-10-17,2022-10-18 10:00:00,2022-11-21,2022-11-22,1073500.0,0.99,1.061,531.3825,569.49175,0.07064599013624484,trend,trend,trend_to_trend,25,False
1479,full_2021_2026,2022-12-30,2023-01-03 00:00:00,2023-02-16,2023-02-17,1152800.0,0.987,1.028,568.9068000000001,592.5392,0.04049900075291646,range,range,range_to_range,28,False
1479,full_2021_2026,2023-03-06,2023-03-07 00:00:00,2023-03-09,2023-03-10,1149400.0,1.03,1.016,591.941,583.8951999999999,-0.01457814781929434,range,range,range_to_range,3,True
1479,full_2021_2026,2023-03-15,2023-03-16 00:00:00,2023-04-21,2023-04-24,1139300.0,1.024,1.136,583.3216,647.1224,0.10826617941029482,range,trend,range_to_trend,26,False
1479,full_2021_2026,2023-05-26,2023-05-29 10:00:00,2023-06-06,2023-06-07,1212900.0,1.066,1.052,646.4757000000001,637.9854,-0.01411958186010187,range,range,range_to_range,7,True
1479,full_2021_2026,2023-06-09,2023-06-12 00:00:00,2023-06-26,2023-06-27,1210600.0,1.053,1.035,637.3808999999999,626.4855,-0.018076431869535114,range,range,range_to_range,9,True
1479,full_2021_2026,2023-07-31,2023-08-01 00:00:00,2023-08-08,2023-08-09,1260500.0,0.993,0.988,625.83825,622.687,-0.006029714246602702,trend,range,trend_to_range,6,True
1479,full_2021_2026,2023-08-30,2023-08-31 00:00:00,2023-09-07,2023-09-08,1297300.0,0.959,0.917,622.05535,594.8120500000001,-0.044751346954260085,trend,trend,trend_to_trend,6,True
1479,full_2021_2026,2023-09-27,2023-09-28 00:00:00,2023-10-16,2023-10-17,1316100.0,0.903,0.896,594.21915,589.6128000000001,-0.00874369017041865,trend,trend,trend_to_trend,7,True
1479,full_2021_2026,2023-10-27,2023-10-30 00:00:00,2023-11-22,2023-11-23,1338700.0,0.88,0.892,589.028,597.0602,0.012623233837626646,trend,range,trend_to_range,18,False
1479,full_2021_2026,2023-12-08,2023-12-11 00:00:00,2023-12-15,2023-12-18,1352500.0,0.882,0.867,596.4525,586.30875,-0.017989304667394235,trend,range,trend_to_range,5,True
1479,full_2021_2026,2023-12-29,2024-01-02 00:00:00,2024-01-04,2024-01-05,1343400.0,0.872,0.842,585.7224,565.5714,-0.035368783498159306,range,range,range_to_range,3,True
1479,full_2021_2026,2024-02-08,2024-02-19 10:00:00,2024-03-14,2024-03-15,1467600.0,0.77,0.821,565.0260000000001,602.4498,0.06516806531799002,trend,range,trend_to_range,19,False
1479,full_2021_2026,2024-04-26,2024-04-29 10:00:00,2024-05-15,2024-05-16,1561200.0,0.771,0.768,601.8426,599.5008,-0.004886661727501962,range,trend,range_to_trend,10,True
1479,full_2021_2026,2024-06-03,2024-06-04 00:00:00,2024-06-25,2024-06-26,1561700.0,0.767,0.734,598.91195,573.1439,-0.04398126881800313,trend,range,trend_to_range,15,False
1479,full_2021_2026,2024-07-16,2024-07-17 00:00:00,2024-07-24,2024-07-25,1530900.0,0.748,0.727,572.5566,556.48215,-0.02904630572414324,range,range,range_to_range,6,True
1479,full_2021_2026,2024-07-26,2024-07-29 00:00:00,2024-08-06,2024-08-07,1508700.0,0.737,0.73,555.9559499999999,550.6755,-0.010487971753607495,range,trend,range_to_trend,7,True
1479,full_2021_2026,2024-09-24,2024-09-25 14:00:00,2024-10-30,2024-10-31,1608500.0,0.684,0.981,550.107,788.96925,0.4327770325363631,trend,trend,trend_to_trend,21,False
1479,full_2021_2026,2024-11-05,2024-11-06 10:00:00,2024-11-15,2024-11-18,1547000.0,1.019,1.014,788.1964999999999,784.3290000000001,-0.005901367275145342,trend,trend,trend_to_trend,8,True
1479,full_2021_2026,2024-12-02,2024-12-03 00:00:00,2024-12-05,2024-12-06,1505300.0,1.041,1.03,783.5086499999999,775.2295,-0.011555701496033688,trend,trend,trend_to_trend,3,True
1479,full_2021_2026,2024-12-10,2024-12-11 00:00:00,2024-12-13,2024-12-16,1498000.0,1.034,1.013,774.466,758.7369999999999,-0.021288678678069273,trend,trend,trend_to_trend,3,True
1479,full_2021_2026,2024-12-20,2024-12-23 00:00:00,2024-12-31,2025-01-02,1464700.0,1.035,1.01,757.9822499999999,739.6735,-0.02512994710374261,trend,range,trend_to_range,7,True
1479,full_2021_2026,2025-01-21,2025-01-22 00:00:00,2025-03-11,2025-03-12,1483800.0,0.996,1.133,738.9324,840.5726999999999,0.13641321909326454,range,range,range_to_range,29,False
1479,full_2021_2026,2025-04-16,2025-04-17 00:00:00,2025-04-24,2025-04-25,1632100.0,1.029,1.027,839.7154499999999,838.08335,-0.0029411921833057963,range,range,range_to_range,6,True
1479,full_2021_2026,2025-05-08,2025-05-09 00:00:00,2025-05-16,2025-05-19,1600900.0,1.046,1.017,837.2707,814.05765,-0.028696454831857787,range,range,range_to_range,6,True
1479,full_2021_2026,2025-06-05,2025-06-06 00:00:00,2025-06-10,2025-06-11,1589900.0,1.023,1.007,813.23385,800.51465,-0.016624141497188938,trend,trend,trend_to_trend,3,True
1479,full_2021_2026,2025-06-24,2025-06-25 10:30:00,2025-09-08,2025-09-09,1594700.0,1.003,1.28,799.74205,1020.6080000000001,0.27489595182468607,trend,trend,trend_to_trend,54,False
1479,full_2021_2026,2025-09-10,2025-09-11 00:00:00,2025-10-14,2025-10-15,1586900.0,1.285,1.442,1019.5832499999999,1144.1549,0.1210573701476112,trend,trend,trend_to_trend,18,False
1479,full_2021_2026,2025-10-24,2025-10-27 10:30:00,2025-10-30,2025-10-31,1523000.0,1.501,1.4923366,1143.0115,1136.4143209,-0.006765483547367057,trend,trend,trend_to_trend,4,True
1479,full_2021_2026,2025-12-08,2025-12-09 00:00:00,2025-12-11,2025-12-12,1646200.0,1.3792502000000002,1.3630950000000002,1135.2608396200003,1121.9634945,-0.012700823819422946,range,range,range_to_range,3,True
1479,full_2021_2026,2025-12-17,2025-12-18 00:00:00,2025-12-24,2025-12-25,1656800.0,1.352998,1.3873278000000002,1120.8235432,1149.2623495200003,0.024348273624382077,range,range,range_to_range,5,False
1479,full_2021_2026,2025-12-25,2025-12-26 00:00:00,2026-01-29,2026-01-30,1655200.0,1.3873278000000002,1.5488798,1148.1524872800003,1281.85292248,0.11533243567444784,range,trend,range_to_trend,23,False
1479,full_2021_2026,2026-02-25,2026-02-26 10:00:00,2026-03-02,2026-03-03,1688200.0,1.517,1.5105112,1280.4997,1275.02250392,-0.005272614582622848,trend,trend,trend_to_trend,3,True
1479,full_2021_2026,2026-04-08,2026-04-09 00:00:00,2026-06-01,2026-06-02,1847100.0,1.3792502000000002,1.7215385,1273.8065222100001,1589.926881675,0.24692229287991418,range,trend,range_to_trend,35,False
1479,full_2021_2026,2026-06-16,2026-06-17 00:00:00,2026-07-13,2026-07-14,1776500.0,1.7881787,2.0476716,1588.349730275,1818.8442987000003,0.1439712103293358,trend,trend,trend_to_trend,18,False
1479,full_2021_2026,2026-08-12,2026-08-13 15:00:00,2026-08-19,2026-08-20,2025600.0,1.794,1.736684,1816.9632,1758.9135551999998,-0.03291628544702019,range,range,range_to_range,5,True
1479,full_2021_2026,2026-08-21,2026-08-24 10:00:00,2026-08-26,2026-08-27,2057600.0,1.708,1.6952863,1757.1904,1744.1105454400001,-0.008435678618536224,range,range,range_to_range,3,True
1479,rolling_2021_2023,2021-01-12,2021-01-13 10:30:00,2021-01-28,2021-01-29,697000.0,1.434,1.456,499.749,507.416,0.014326867249778275,warmup,warmup,warmup_to_warmup,12,False
1479,rolling_2021_2023,2021-03-26,2021-03-29 10:00:00,2021-03-31,2021-04-01,791400.0,1.281,1.273,506.89169999999996,503.7261,-0.007238379249095206,trend,range,trend_to_range,3,True
1479,rolling_2021_2023,2021-04-02,2021-04-06 10:00:00,2021-04-12,2021-04-13,760100.0,1.324,1.267,503.18620000000004,481.52335,-0.04400782992189711,range,range,range_to_range,5,True
1479,rolling_2021_2023,2021-04-16,2021-04-19 00:00:00,2021-05-07,2021-05-10,740100.0,1.3,1.295,481.065,479.21475000000004,-0.004841809864298607,trend,trend,trend_to_trend,12,False
1479,rolling_2021_2023,2021-05-17,2021-05-18 10:00:00,2021-06-16,2021-06-17,707700.0,1.353,1.441,478.75905,509.89785000000006,0.06397614201029578,range,trend,range_to_trend,21,False
1479,rolling_2021_2023,2021-06-17,2021-06-18 00:00:00,2021-07-06,2021-07-07,676900.0,1.505,1.557,509.36724999999996,526.9666500000001,0.033517460538833754,trend,trend,trend_to_trend,13,False
1479,rolling_2021_2023,2021-07-07,2021-07-08 00:00:00,2021-07-14,2021-07-15,657200.0,1.602,1.589,526.4172000000001,522.1454,-0.009106245878309549,trend,trend,trend_to_trend,5,True
1479,rolling_2021_2023,2021-07-29,2021-07-30 00:00:00,2021-08-09,2021-08-10,641600.0,1.626,1.604,521.6208,514.5632,-0.014516112177613505,trend,trend,trend_to_trend,7,True
1479,rolling_2021_2023,2021-08-24,2021-08-25 00:00:00,2021-08-27,2021-08-30,635400.0,1.618,1.525,514.0386000000001,484.4925,-0.05842041896233596,trend,range,trend_to_range,3,True
1479,rolling_2021_2023,2021-10-15,2021-10-18 00:00:00,2021-10-27,2021-10-28,692500.0,1.398,1.391,484.05749999999995,481.63375,-0.006001648674947124,trend,trend,trend_to_trend,8,True
1479,rolling_2021_2023,2021-10-29,2021-11-01 10:00:00,2021-12-02,2021-12-03,672400.0,1.431,1.469,481.10220000000004,493.87780000000004,0.025528814907710418,trend,range,trend_to_range,24,False
1479,rolling_2021_2023,2021-12-03,2021-12-06 00:00:00,2021-12-08,2021-12-09,665900.0,1.482,1.45,493.43190000000004,482.77750000000003,-0.022570361243130055,range,range,range_to_range,3,True
1479,rolling_2021_2023,2021-12-17,2021-12-20 00:00:00,2021-12-23,2021-12-24,670800.0,1.438,1.415,482.30519999999996,474.591,-0.016977950524042384,range,range,range_to_range,4,True
1479,rolling_2021_2023,2022-01-13,2022-01-14 00:00:00,2022-01-21,2022-01-24,711800.0,1.332,1.326,474.0588000000001,471.9234,-0.0054995025010017295,range,range,range_to_range,6,True
1479,rolling_2021_2023,2022-02-23,2022-02-24 00:00:00,2022-03-03,2022-03-04,749000.0,1.259,1.239,471.49549999999994,464.00550000000004,-0.0168692460759291,trend,trend,trend_to_trend,6,True
1479,rolling_2021_2023,2022-03-21,2022-03-22 00:00:00,2022-03-24,2022-03-25,787000.0,1.178,1.167,463.543,459.2145,-0.010328027836675857,trend,trend,trend_to_trend,3,True
1479,rolling_2021_2023,2022-05-05,2022-05-06 00:00:00,2022-06-22,2022-06-23,960700.0,0.955,1.095,458.73425000000003,525.98325,0.14545083479202803,trend,range,trend_to_range,33,False
1479,rolling_2021_2023,2022-06-24,2022-06-27 10:30:00,2022-07-07,2022-07-08,924300.0,1.137,1.145,525.46455,529.16175,0.006029527013098557,range,range,range_to_range,9,False
1479,rolling_2021_2023,2022-07-21,2022-07-22 10:00:00,2022-08-19,2022-08-22,935600.0,1.13,1.137,528.614,531.8886,0.005188998421143287,trend,trend,trend_to_trend,21,False
1479,rolling_2021_2023,2022-10-17,2022-10-18 10:00:00,2022-11-21,2022-11-22,1073500.0,0.99,1.061,531.3825,569.49175,0.07064599013624484,trend,trend,trend_to_trend,25,False
1479,rolling_2021_2023,2022-12-30,2023-01-03 00:00:00,2023-02-16,2023-02-17,1152800.0,0.987,1.028,568.9068000000001,592.5392,0.04049900075291646,range,range,range_to_range,28,False
1479,rolling_2021_2023,2023-03-06,2023-03-07 00:00:00,2023-03-09,2023-03-10,1149400.0,1.03,1.016,591.941,583.8951999999999,-0.01457814781929434,range,range,range_to_range,3,True
1479,rolling_2021_2023,2023-03-15,2023-03-16 00:00:00,2023-04-21,2023-04-24,1139300.0,1.024,1.136,583.3216,647.1224,0.10826617941029482,range,trend,range_to_trend,26,False
1479,rolling_2021_2023,2023-05-26,2023-05-29 10:00:00,2023-06-06,2023-06-07,1212900.0,1.066,1.052,646.4757000000001,637.9854,-0.01411958186010187,range,range,range_to_range,7,True
1479,rolling_2021_2023,2023-06-09,2023-06-12 00:00:00,2023-06-26,2023-06-27,1210600.0,1.053,1.035,637.3808999999999,626.4855,-0.018076431869535114,range,range,range_to_range,9,True
1479,rolling_2021_2023,2023-07-31,2023-08-01 00:00:00,2023-08-08,2023-08-09,1260500.0,0.993,0.988,625.83825,622.687,-0.006029714246602702,trend,range,trend_to_range,6,True
1479,rolling_2021_2023,2023-08-30,2023-08-31 00:00:00,2023-09-07,2023-09-08,1297300.0,0.959,0.917,622.05535,594.8120500000001,-0.044751346954260085,trend,trend,trend_to_trend,6,True
1479,rolling_2021_2023,2023-09-27,2023-09-28 00:00:00,2023-10-16,2023-10-17,1316100.0,0.903,0.896,594.21915,589.6128000000001,-0.00874369017041865,trend,trend,trend_to_trend,7,True
1479,rolling_2021_2023,2023-10-27,2023-10-30 00:00:00,2023-11-22,2023-11-23,1338700.0,0.88,0.892,589.028,597.0602,0.012623233837626646,trend,range,trend_to_range,18,False
1479,rolling_2021_2023,2023-12-08,2023-12-11 00:00:00,2023-12-15,2023-12-18,1352500.0,0.882,0.867,596.4525,586.30875,-0.017989304667394235,trend,range,trend_to_range,5,True
1479,rolling_2022_2024,2022-01-13,2022-01-14 00:00:00,2022-01-21,2022-01-24,750300.0,1.332,1.326,499.69980000000004,497.44890000000004,-0.0054995025010017295,range,range,range_to_range,6,True
1479,rolling_2022_2024,2022-02-23,2022-02-24 00:00:00,2022-03-03,2022-03-04,789500.0,1.259,1.239,496.99024999999995,489.0952500000001,-0.016869246075929323,trend,trend,trend_to_trend,6,True
1479,rolling_2022_2024,2022-03-21,2022-03-22 00:00:00,2022-03-24,2022-03-25,829500.0,1.178,1.167,488.57550000000003,484.01325,-0.010328027836675857,trend,trend,trend_to_trend,3,True
1479,rolling_2022_2024,2022-05-05,2022-05-06 00:00:00,2022-06-22,2022-06-23,1012700.0,0.955,1.095,483.56425,554.45325,0.14545083479202803,trend,range,trend_to_range,33,False
1479,rolling_2022_2024,2022-06-24,2022-06-27 10:30:00,2022-07-07,2022-07-08,974300.0,1.137,1.145,553.8895500000001,557.78675,0.006029527013098557,range,range,range_to_range,9,False
1479,rolling_2022_2024,2022-07-21,2022-07-22 10:00:00,2022-08-19,2022-08-22,986200.0,1.13,1.137,557.203,560.6546999999999,0.005188998421143287,trend,trend,trend_to_trend,21,False
1479,rolling_2022_2024,2022-10-17,2022-10-18 10:00:00,2022-11-21,2022-11-22,1131500.0,0.99,1.061,560.0925,600.26075,0.07064599013624506,trend,trend,trend_to_trend,25,False
1479,rolling_2022_2024,2022-12-30,2023-01-03 00:00:00,2023-02-16,2023-02-17,1215200.0,0.987,1.028,599.7012,624.6128000000001,0.04049900075291646,range,range,range_to_range,28,False
1479,rolling_2022_2024,2023-03-06,2023-03-07 00:00:00,2023-03-09,2023-03-10,1211600.0,1.03,1.016,623.974,615.4928000000001,-0.014578147819294007,range,range,range_to_range,3,True
1479,rolling_2022_2024,2023-03-15,2023-03-16 00:00:00,2023-04-21,2023-04-24,1200900.0,1.024,1.136,614.8608,682.1111999999999,0.10826617941029482,range,trend,range_to_trend,26,False
1479,rolling_2022_2024,2023-05-26,2023-05-29 10:00:00,2023-06-06,2023-06-07,1278500.0,1.066,1.052,681.4405,672.491,-0.01411958186010176,range,range,range_to_range,7,True
1479,rolling_2022_2024,2023-06-09,2023-06-12 00:00:00,2023-06-26,2023-06-27,1276000.0,1.053,1.035,671.814,660.33,-0.018076431869535337,range,range,range_to_range,9,True
1479,rolling_2022_2024,2023-07-31,2023-08-01 00:00:00,2023-08-08,2023-08-09,1328700.0,0.993,0.988,659.69955,656.3778000000001,-0.006029714246602702,trend,range,trend_to_range,6,True
1479,rolling_2022_2024,2023-08-30,2023-08-31 00:00:00,2023-09-07,2023-09-08,1367500.0,0.959,0.917,655.7162500000001,626.99875,-0.044751346954260196,trend,trend,trend_to_trend,6,True
1479,rolling_2022_2024,2023-09-27,2023-09-28 00:00:00,2023-10-16,2023-10-17,1387300.0,0.903,0.896,626.3659500000001,621.5104,-0.00874369017041876,trend,trend,trend_to_trend,7,True
1479,rolling_2022_2024,2023-10-27,2023-10-30 00:00:00,2023-11-22,2023-11-23,1411100.0,0.88,0.892,620.884,629.3506,0.012623233837626646,trend,range,trend_to_range,18,False
1479,rolling_2022_2024,2023-12-08,2023-12-11 00:00:00,2023-12-15,2023-12-18,1425700.0,0.882,0.867,628.7337,618.04095,-0.017989304667394235,trend,range,trend_to_range,5,True
1479,rolling_2022_2024,2023-12-29,2024-01-02 00:00:00,2024-01-04,2024-01-05,1416100.0,0.872,0.842,617.4196,596.1781,-0.03536878349815897,range,range,range_to_range,3,True
1479,rolling_2022_2024,2024-02-08,2024-02-19 10:00:00,2024-03-14,2024-03-15,1546900.0,0.77,0.821,595.5565,635.00245,0.06516806531799024,trend,range,trend_to_range,19,False
1479,rolling_2022_2024,2024-04-26,2024-04-29 10:00:00,2024-05-15,2024-05-16,1645600.0,0.771,0.768,634.3788000000001,631.9104,-0.004886661727502073,range,trend,range_to_trend,10,True
1479,rolling_2022_2024,2024-06-03,2024-06-04 00:00:00,2024-06-25,2024-06-26,1646100.0,0.767,0.734,631.27935,604.1187,-0.043981268818003016,trend,range,trend_to_range,15,False
1479,rolling_2022_2024,2024-07-16,2024-07-17 00:00:00,2024-07-24,2024-07-25,1613700.0,0.748,0.727,603.5238,586.5799499999999,-0.029046305724143462,range,range,range_to_range,6,True
1479,rolling_2022_2024,2024-07-26,2024-07-29 00:00:00,2024-08-06,2024-08-07,1590200.0,0.737,0.73,585.9887,580.423,-0.010487971753607606,range,trend,range_to_trend,7,True
1479,rolling_2022_2024,2024-09-24,2024-09-25 14:00:00,2024-10-30,2024-10-31,1695500.0,0.684,0.981,579.861,831.64275,0.43277703253636335,trend,trend,trend_to_trend,21,False
1479,rolling_2022_2024,2024-11-05,2024-11-06 10:00:00,2024-11-15,2024-11-18,1630600.0,1.019,1.014,830.7907,826.7142,-0.005901367275145564,trend,trend,trend_to_trend,8,True
1479,rolling_2022_2024,2024-12-02,2024-12-03 00:00:00,2024-12-05,2024-12-06,1586700.0,1.041,1.03,825.87735,817.1505,-0.01155570149603391,trend,trend,trend_to_trend,3,True
1479,rolling_2022_2024,2024-12-10,2024-12-11 00:00:00,2024-12-13,2024-12-16,1579000.0,1.034,1.013,816.343,799.7634999999999,-0.021288678678069273,trend,trend,trend_to_trend,3,True
1479,rolling_2023_2025,2022-12-30,2023-01-03 00:00:00,2023-02-16,2023-02-17,1012600.0,0.987,1.028,499.7181,520.4764,0.04049900075291624,range,range,range_to_range,28,False
1479,rolling_2023_2025,2023-03-06,2023-03-07 00:00:00,2023-03-09,2023-03-10,1009600.0,1.03,1.016,519.944,512.8768,-0.01457814781929423,range,range,range_to_range,3,True
1479,rolling_2023_2025,2023-03-15,2023-03-16 00:00:00,2023-04-21,2023-04-24,1000700.0,1.024,1.136,512.3584000000001,568.3976,0.1082661794102946,range,trend,range_to_trend,26,False
1479,rolling_2023_2025,2023-05-26,2023-05-29 10:00:00,2023-06-06,2023-06-07,1065400.0,1.066,1.052,567.8582000000001,560.4004,-0.01411958186010176,range,range,range_to_range,7,True
1479,rolling_2023_2025,2023-06-09,2023-06-12 00:00:00,2023-06-26,2023-06-27,1063300.0,1.053,1.035,559.82745,550.25775,-0.018076431869535337,range,range,range_to_range,9,True
1479,rolling_2023_2025,2023-07-31,2023-08-01 00:00:00,2023-08-08,2023-08-09,1107200.0,0.993,0.988,549.7248000000001,546.9568,-0.006029714246602813,trend,range,trend_to_range,6,True
1479,rolling_2023_2025,2023-08-30,2023-08-31 00:00:00,2023-09-07,2023-09-08,1139500.0,0.959,0.917,546.39025,522.46075,-0.044751346954259974,trend,trend,trend_to_trend,6,True
1479,rolling_2023_2025,2023-09-27,2023-09-28 00:00:00,2023-10-16,2023-10-17,1156000.0,0.903,0.896,521.934,517.888,-0.00874369017041876,trend,trend,trend_to_trend,7,True
1479,rolling_2023_2025,2023-10-27,2023-10-30 00:00:00,2023-11-22,2023-11-23,1175900.0,0.88,0.892,517.396,524.4514,0.012623233837626646,trend,range,trend_to_range,18,False
1479,rolling_2023_2025,2023-12-08,2023-12-11 00:00:00,2023-12-15,2023-12-18,1188000.0,0.882,0.867,523.908,514.998,-0.017989304667394235,trend,range,trend_to_range,5,True
1479,rolling_2023_2025,2023-12-29,2024-01-02 00:00:00,2024-01-04,2024-01-05,1180000.0,0.872,0.842,514.48,496.78000000000003,-0.035368783498159195,range,range,range_to_range,3,True
1479,rolling_2023_2025,2024-02-08,2024-02-19 10:00:00,2024-03-14,2024-03-15,1289100.0,0.77,0.821,496.3035,529.1755499999999,0.06516806531799002,trend,range,trend_to_range,19,False
1479,rolling_2023_2025,2024-04-26,2024-04-29 10:00:00,2024-05-15,2024-05-16,1371300.0,0.771,0.768,528.63615,526.5792,-0.004886661727502073,range,trend,range_to_trend,10,True
1479,rolling_2023_2025,2024-06-03,2024-06-04 00:00:00,2024-06-25,2024-06-26,1371700.0,0.767,0.734,526.0469499999999,503.41389999999996,-0.04398126881800313,trend,range,trend_to_range,15,False
1479,rolling_2023_2025,2024-07-16,2024-07-17 00:00:00,2024-07-24,2024-07-25,1344700.0,0.748,0.727,502.9178,488.79845,-0.02904630572414324,range,range,range_to_range,6,True
1479,rolling_2023_2025,2024-07-26,2024-07-29 00:00:00,2024-08-06,2024-08-07,1325200.0,0.737,0.73,488.3362,483.69800000000004,-0.010487971753607606,range,trend,range_to_trend,7,True
1479,rolling_2023_2025,2024-09-24,2024-09-25 14:00:00,2024-10-30,2024-10-31,1412900.0,0.684,0.981,483.21180000000004,693.0274499999999,0.4327770325363631,trend,trend,trend_to_trend,21,False
1479,rolling_2023_2025,2024-11-05,2024-11-06 10:00:00,2024-11-15,2024-11-18,1358800.0,1.019,1.014,692.3086,688.9116,-0.005901367275145564,trend,trend,trend_to_trend,8,True
1479,rolling_2023_2025,2024-12-02,2024-12-03 00:00:00,2024-12-05,2024-12-06,1322200.0,1.041,1.03,688.2051,680.933,-0.011555701496033799,trend,trend,trend_to_trend,3,True
1479,rolling_2023_2025,2024-12-10,2024-12-11 00:00:00,2024-12-13,2024-12-16,1315800.0,1.034,1.013,680.2686,666.4526999999999,-0.02128867867806916,trend,trend,trend_to_trend,3,True
1479,rolling_2023_2025,2024-12-20,2024-12-23 00:00:00,2024-12-31,2025-01-02,1286600.0,1.035,1.01,665.8155,649.7330000000001,-0.025129947103742833,trend,range,trend_to_range,7,True
1479,rolling_2023_2025,2025-01-21,2025-01-22 00:00:00,2025-03-11,2025-03-12,1303300.0,0.996,1.133,649.0434,738.31945,0.13641321909326432,range,range,range_to_range,29,False
1479,rolling_2023_2025,2025-04-16,2025-04-17 00:00:00,2025-04-24,2025-04-25,1433600.0,1.029,1.027,737.5871999999999,736.1536,-0.0029411921833057963,range,range,range_to_range,6,True
1479,rolling_2023_2025,2025-05-08,2025-05-09 00:00:00,2025-05-16,2025-05-19,1406200.0,1.046,1.017,735.4426,715.0527,-0.028696454831857454,range,range,range_to_range,6,True
1479,rolling_2023_2025,2025-06-05,2025-06-06 00:00:00,2025-06-10,2025-06-11,1396500.0,1.023,1.007,714.3097499999999,703.1377499999999,-0.016624141497188827,trend,trend,trend_to_trend,3,True
1479,rolling_2023_2025,2025-06-24,2025-06-25 10:30:00,2025-09-08,2025-09-09,1400700.0,1.003,1.28,702.4510499999999,896.448,0.27489595182468585,trend,trend,trend_to_trend,54,False
1479,rolling_2023_2025,2025-09-10,2025-09-11 00:00:00,2025-10-14,2025-10-15,1393800.0,1.285,1.442,895.5165000000001,1004.9298,0.12105737014761098,trend,trend,trend_to_trend,18,False
1479,rolling_2023_2025,2025-10-24,2025-10-27 10:30:00,2025-10-30,2025-10-31,1337700.0,1.501,1.4923366,1003.94385,998.14933491,-0.006765483547366946,trend,trend,trend_to_trend,4,True
1479,rolling_2023_2025,2025-12-08,2025-12-09 00:00:00,2025-12-11,2025-12-12,1445900.0,1.3792502000000002,1.3630950000000002,997.1289320900001,985.4495302500001,-0.012700823819422724,range,range,range_to_range,3,True
1479,rolling_2023_2025,2025-12-17,2025-12-18 00:00:00,2025-12-24,2025-12-25,1455300.0,1.352998,1.3873278000000002,984.5089946999999,1009.4890736700002,0.024348273624382077,range,range,range_to_range,5,False
1479,rolling_2024_2026,2023-12-29,2024-01-02 00:00:00,2024-01-04,2024-01-05,1146200.0,0.872,0.842,499.7432,482.5502,-0.035368783498159306,range,range,range_to_range,3,True
1479,rolling_2024_2026,2024-02-08,2024-02-19 10:00:00,2024-03-14,2024-03-15,1252100.0,0.77,0.821,482.05850000000004,513.98705,0.06516806531799024,trend,range,trend_to_range,19,False
1479,rolling_2024_2026,2024-04-26,2024-04-29 10:00:00,2024-05-15,2024-05-16,1332000.0,0.771,0.768,513.486,511.488,-0.004886661727502073,range,trend,range_to_trend,10,True
1479,rolling_2024_2026,2024-06-03,2024-06-04 00:00:00,2024-06-25,2024-06-26,1332400.0,0.767,0.734,510.97540000000004,488.9908,-0.04398126881800313,trend,range,trend_to_range,15,False
1479,rolling_2024_2026,2024-07-16,2024-07-17 00:00:00,2024-07-24,2024-07-25,1306100.0,0.748,0.727,488.4814,474.76734999999996,-0.02904630572414335,range,range,range_to_range,6,True
1479,rolling_2024_2026,2024-07-26,2024-07-29 00:00:00,2024-08-06,2024-08-07,1287100.0,0.737,0.73,474.29634999999996,469.7915,-0.010487971753607606,range,trend,range_to_trend,7,True
1479,rolling_2024_2026,2024-09-24,2024-09-25 14:00:00,2024-10-30,2024-10-31,1372300.0,0.684,0.981,469.32660000000004,673.11315,0.4327770325363631,trend,trend,trend_to_trend,21,False
1479,rolling_2024_2026,2024-11-05,2024-11-06 10:00:00,2024-11-15,2024-11-18,1319800.0,1.019,1.014,672.4381,669.1386,-0.005901367275145453,trend,trend,trend_to_trend,8,True
1479,rolling_2024_2026,2024-12-02,2024-12-03 00:00:00,2024-12-05,2024-12-06,1284300.0,1.041,1.03,668.4781499999999,661.4145,-0.011555701496033799,trend,trend,trend_to_trend,3,True
1479,rolling_2024_2026,2024-12-10,2024-12-11 00:00:00,2024-12-13,2024-12-16,1278000.0,1.034,1.013,660.726,647.3069999999999,-0.021288678678069273,trend,trend,trend_to_trend,3,True
1479,rolling_2024_2026,2024-12-20,2024-12-23 00:00:00,2024-12-31,2025-01-02,1249600.0,1.035,1.01,646.668,631.048,-0.025129947103742833,trend,range,trend_to_range,7,True
1479,rolling_2024_2026,2025-01-21,2025-01-22 00:00:00,2025-03-11,2025-03-12,1265900.0,0.996,1.133,630.4182,717.13235,0.13641321909326454,range,range,range_to_range,29,False
1479,rolling_2024_2026,2025-04-16,2025-04-17 00:00:00,2025-04-24,2025-04-25,1392500.0,1.029,1.027,716.4412499999999,715.0487499999999,-0.0029411921833057963,range,range,range_to_range,6,True
1479,rolling_2024_2026,2025-05-08,2025-05-09 00:00:00,2025-05-16,2025-05-19,1365800.0,1.046,1.017,714.3134,694.5092999999999,-0.028696454831857676,range,range,range_to_range,6,True
1479,rolling_2024_2026,2025-06-05,2025-06-06 00:00:00,2025-06-10,2025-06-11,1356400.0,1.023,1.007,693.7986,682.9473999999999,-0.016624141497188938,trend,trend,trend_to_trend,3,True
1479,rolling_2024_2026,2025-06-24,2025-06-25 10:30:00,2025-09-08,2025-09-09,1360500.0,1.003,1.28,682.2907499999999,870.72,0.27489595182468607,trend,trend,trend_to_trend,54,False
1479,rolling_2024_2026,2025-09-10,2025-09-11 00:00:00,2025-10-14,2025-10-15,1353800.0,1.285,1.442,869.8165,976.0898,0.12105737014761098,trend,trend,trend_to_trend,18,False
1479,rolling_2024_2026,2025-10-24,2025-10-27 10:30:00,2025-10-30,2025-10-31,1299300.0,1.501,1.4923366,975.12465,969.4964721900001,-0.006765483547366724,trend,trend,trend_to_trend,4,True
1479,rolling_2024_2026,2025-12-08,2025-12-09 00:00:00,2025-12-11,2025-12-12,1404400.0,1.3792502000000002,1.3630950000000002,968.5094904400003,957.1653090000001,-0.012700823819422724,range,range,range_to_range,3,True
1479,rolling_2024_2026,2025-12-17,2025-12-18 00:00:00,2025-12-24,2025-12-25,1413500.0,1.352998,1.3873278000000002,956.2313365,980.4939226500002,0.024348273624382077,range,range,range_to_range,5,False
1479,rolling_2024_2026,2025-12-25,2025-12-26 00:00:00,2026-01-29,2026-01-30,1412100.0,1.3873278000000002,1.5488798,979.5227931900001,1093.58658279,0.11533243567444762,range,trend,range_to_trend,23,False
1479,rolling_2024_2026,2026-02-25,2026-02-26 10:00:00,2026-03-02,2026-03-03,1440300.0,1.517,1.5105112,1092.46755,1087.79464068,-0.00527261458262307,trend,trend,trend_to_trend,3,True
1479,rolling_2024_2026,2026-04-08,2026-04-09 00:00:00,2026-06-01,2026-06-02,1575800.0,1.3792502000000002,1.7215385,1086.7112325800001,1356.40018415,0.24692229287991463,range,trend,range_to_trend,35,False
1479,rolling_2024_2026,2026-06-16,2026-06-17 00:00:00,2026-07-13,2026-07-14,1515600.0,1.7881787,2.0476716,1355.08181886,1551.72553848,0.14397121032933557,trend,trend,trend_to_trend,18,False
1479,rolling_2024_2026,2026-08-12,2026-08-13 15:00:00,2026-08-19,2026-08-20,1728100.0,1.794,1.736684,1550.1057,1500.5818102,-0.03291628544702019,range,range,range_to_range,5,True
1479,rolling_2024_2026,2026-08-21,2026-08-24 10:00:00,2026-08-26,2026-08-27,1755400.0,1.708,1.6952863,1499.1116,1487.95278551,-0.008435678618536002,range,range,range_to_range,3,True
1319,full_2021_2026,2021-01-12,2021-01-13 10:30:00,2021-01-28,2021-01-29,697000.0,1.434,1.456,499.749,507.416,0.014326867249778275,warmup,warmup,warmup_to_warmup,12,False
1319,full_2021_2026,2021-03-26,2021-03-29 10:00:00,2021-04-12,2021-04-13,791400.0,1.281,1.267,506.89169999999996,501.3519,-0.011917538498510294,trend,range,trend_to_range,10,True
1319,full_2021_2026,2021-04-16,2021-04-19 00:00:00,2021-05-07,2021-05-10,770500.0,1.3,1.295,500.825,498.89875,-0.004841809864298607,trend,trend,trend_to_trend,12,False
1319,full_2021_2026,2021-05-14,2021-05-17 00:00:00,2021-06-16,2021-06-17,751800.0,1.326,1.441,498.44340000000005,541.6719,0.08564081458516593,range,trend,range_to_trend,22,False
1319,full_2021_2026,2021-06-17,2021-06-18 00:00:00,2021-07-06,2021-07-07,719100.0,1.505,1.557,541.12275,559.81935,0.03351746053883353,trend,trend,trend_to_trend,13,False
1319,full_2021_2026,2021-07-07,2021-07-08 00:00:00,2021-07-14,2021-07-15,698200.0,1.602,1.589,559.2582000000001,554.7199,-0.009106245878309327,trend,trend,trend_to_trend,5,True
1319,full_2021_2026,2021-07-29,2021-07-30 00:00:00,2021-08-09,2021-08-10,681600.0,1.626,1.604,554.1407999999999,546.6432000000001,-0.014516112177613283,trend,trend,trend_to_trend,7,True
1319,full_2021_2026,2021-08-24,2021-08-25 00:00:00,2021-08-27,2021-08-30,675000.0,1.618,1.525,546.075,514.6875,-0.05842041896233596,trend,range,trend_to_range,3,True
1319,full_2021_2026,2021-10-15,2021-10-18 00:00:00,2021-10-27,2021-10-28,735600.0,1.398,1.391,514.1844,511.6098,-0.006001648674947124,trend,trend,trend_to_trend,8,True
1319,full_2021_2026,2021-10-29,2021-11-01 10:00:00,2021-11-18,2021-11-19,714300.0,1.431,1.456,511.08165,520.0104,0.01645333866958887,trend,range,trend_to_range,14,False
1319,full_2021_2026,2021-11-19,2021-11-22 00:00:00,2021-12-02,2021-12-03,702000.0,1.48,1.469,519.48,515.619,-0.008424503964233887,range,range,range_to_range,9,True
1319,full_2021_2026,2021-12-03,2021-12-06 00:00:00,2021-12-14,2021-12-15,695200.0,1.482,1.477,515.1432,513.4052,-0.004369947280071229,range,range,range_to_range,7,True
1319,full_2021_2026,2021-12-17,2021-12-20 00:00:00,2021-12-23,2021-12-24,713300.0,1.438,1.415,512.8627,504.65975000000003,-0.016977950524042495,range,range,range_to_range,4,True
1319,full_2021_2026,2022-01-13,2022-01-14 00:00:00,2022-01-21,2022-01-24,757000.0,1.332,1.326,504.16200000000003,501.891,-0.0054995025010017295,range,range,range_to_range,6,True
1319,full_2021_2026,2022-02-23,2022-02-24 00:00:00,2022-03-03,2022-03-04,796500.0,1.259,1.239,501.39674999999994,493.4317500000001,-0.016869246075929212,trend,trend,trend_to_trend,6,True
1319,full_2021_2026,2022-03-21,2022-03-22 00:00:00,2022-03-24,2022-03-25,836900.0,1.178,1.167,492.9341,488.33115000000004,-0.010328027836675746,trend,trend,trend_to_trend,3,True
1319,full_2021_2026,2022-05-05,2022-05-06 00:00:00,2022-06-21,2022-06-22,1021700.0,0.955,1.116,487.86175000000003,570.1086000000001,0.16741838504831374,trend,range,trend_to_range,32,False
1319,full_2021_2026,2022-06-24,2022-06-27 10:30:00,2022-07-11,2022-07-12,1001800.0,1.137,1.11,569.5233000000001,555.999,-0.02472246726241112,range,range,range_to_range,11,False
1319,full_2021_2026,2022-07-21,2022-07-22 10:00:00,2022-08-19,2022-08-22,983100.0,1.13,1.137,555.4515,558.89235,0.005188998421143287,trend,trend,trend_to_trend,21,False
1319,full_2021_2026,2022-10-17,2022-10-18 10:00:00,2022-11-21,2022-11-22,1128000.0,0.99,1.061,558.36,598.404,0.07064599013624484,trend,trend,trend_to_trend,25,False
1319,full_2021_2026,2022-12-12,2022-12-13 00:00:00,2022-12-15,2022-12-16,1163000.0,1.028,1.01,597.782,587.315,-0.018491726899196204,range,range,range_to_range,3,True
1319,full_2021_2026,2022-12-30,2023-01-03 00:00:00,2023-02-08,2023-02-09,1188900.0,0.987,1.032,586.72215,613.4724,0.044547634997091023,range,range,range_to_range,22,False
1319,full_2021_2026,2023-02-09,2023-02-10 00:00:00,2023-02-17,2023-02-20,1154200.0,1.062,1.01,612.8802000000001,582.871,-0.049914778957037664,range,range,range_to_range,6,True
1319,full_2021_2026,2023-03-01,2023-03-02 10:00:00,2023-03-07,2023-03-08,1144000.0,1.018,1.012,582.296,578.864,-0.006887518912449653,range,range,range_to_range,4,True
1319,full_2021_2026,2023-03-15,2023-03-16 00:00:00,2023-04-21,2023-04-24,1129400.0,1.024,1.136,578.2528000000001,641.4992,0.10826617941029482,range,trend,range_to_trend,26,False
1319,full_2021_2026,2023-05-16,2023-05-17 00:00:00,2023-05-23,2023-05-24,1224200.0,1.047,1.038,640.8687,635.3598000000001,-0.009586897095864466,range,range,range_to_range,5,True
1319,full_2021_2026,2023-05-26,2023-05-29 10:00:00,2023-06-06,2023-06-07,1190900.0,1.066,1.052,634.7497000000001,626.4134,-0.01411958186010187,range,range,range_to_range,7,True
1319,full_2021_2026,2023-06-09,2023-06-12 00:00:00,2023-06-26,2023-06-27,1188600.0,1.053,1.035,625.7978999999999,615.1005,-0.018076431869535003,range,range,range_to_range,9,True
1319,full_2021_2026,2023-07-31,2023-08-01 00:00:00,2023-08-08,2023-08-09,1237600.0,0.993,0.988,614.4684000000001,611.3744,-0.006029714246602813,trend,range,trend_to_range,6,True
1319,full_2021_2026,2023-08-30,2023-08-31 00:00:00,2023-09-07,2023-09-08,1273700.0,0.959,0.917,610.73915,583.9914500000001,-0.044751346954260085,trend,trend,trend_to_trend,6,True
1319,full_2021_2026,2023-09-27,2023-09-28 00:00:00,2023-10-16,2023-10-17,1292200.0,0.903,0.896,583.4283,578.9055999999999,-0.00874369017041876,trend,trend,trend_to_trend,7,True
1319,full_2021_2026,2023-10-27,2023-10-30 00:00:00,2023-11-22,2023-11-23,1314400.0,0.88,0.892,578.336,586.2224,0.012623233837626646,trend,range,trend_to_range,18,False
1319,full_2021_2026,2023-12-08,2023-12-11 00:00:00,2023-12-18,2023-12-19,1328000.0,0.882,0.86,585.648,571.04,-0.025917880062236498,trend,range,trend_to_range,6,True
1319,full_2021_2026,2023-12-28,2023-12-29 00:00:00,2024-01-04,2024-01-05,1312900.0,0.869,0.842,570.45505,552.7309,-0.03203864120873978,range,range,range_to_range,4,True
1319,full_2021_2026,2024-02-08,2024-02-19 10:00:00,2024-03-14,2024-03-15,1434200.0,0.77,0.821,552.167,588.7391,0.06516806531799046,trend,range,trend_to_range,19,False
1319,full_2021_2026,2024-04-24,2024-04-25 00:00:00,2024-05-13,2024-05-14,1562200.0,0.753,0.782,588.1683,610.8202000000001,0.03747462258246714,range,range,range_to_range,10,False
1319,full_2021_2026,2024-06-03,2024-06-04 00:00:00,2024-06-25,2024-06-26,1591100.0,0.767,0.734,610.1868499999999,583.9336999999999,-0.043981268818002905,trend,range,trend_to_range,15,False
1319,full_2021_2026,2024-07-11,2024-07-12 00:00:00,2024-07-24,2024-07-25,1593900.0,0.732,0.727,583.3674000000001,579.38265,-0.007823274155272175,range,range,range_to_range,9,True
1319,full_2021_2026,2024-07-31,2024-08-01 10:00:00,2024-08-06,2024-08-07,1517200.0,0.763,0.73,578.8118000000001,553.778,-0.044206599190575124,trend,trend,trend_to_trend,4,True
1319,full_2021_2026,2024-09-24,2024-09-25 14:00:00,2024-10-30,2024-10-31,1617600.0,0.684,0.981,553.2192000000001,793.4327999999999,0.4327770325363631,trend,trend,trend_to_trend,21,False
1319,full_2021_2026,2024-11-05,2024-11-06 10:00:00,2024-11-15,2024-11-18,1555700.0,1.019,1.014,792.6291499999999,788.7399,-0.005901367275145342,trend,trend,trend_to_trend,8,True
1319,full_2021_2026,2024-12-02,2024-12-03 00:00:00,2024-12-05,2024-12-06,1513800.0,1.041,1.03,787.9328999999999,779.607,-0.011555701496033799,trend,trend,trend_to_trend,3,True
1319,full_2021_2026,2024-12-10,2024-12-11 00:00:00,2024-12-13,2024-12-16,1506500.0,1.034,1.013,778.8605,763.0422499999999,-0.02128867867806916,trend,trend,trend_to_trend,3,True
1319,full_2021_2026,2024-12-20,2024-12-23 00:00:00,2024-12-31,2025-01-02,1473000.0,1.035,1.01,762.2774999999999,743.865,-0.025129947103742722,trend,range,trend_to_range,7,True
1319,full_2021_2026,2025-01-07,2025-01-08 00:00:00,2025-01-20,2025-01-21,1516500.0,0.98,0.996,743.085,755.217,0.01531071199094347,range,range,range_to_range,9,False
1319,full_2021_2026,2025-01-21,2025-01-22 00:00:00,2025-03-11,2025-03-12,1515000.0,0.996,1.133,754.47,858.2475000000001,0.13641321909326454,range,range,range_to_range,29,False
1319,full_2021_2026,2025-04-16,2025-04-17 00:00:00,2025-04-23,2025-04-24,1666500.0,1.029,1.036,857.4142499999999,863.2470000000001,0.005796421517132888,range,range,range_to_range,5,False
1319,full_2021_2026,2025-05-06,2025-05-07 14:00:00,2025-05-09,2025-05-12,1642600.0,1.05,1.034,862.365,849.2242000000001,-0.01622236500797214,range,range,range_to_range,3,True
1319,full_2021_2026,2025-06-05,2025-06-06 00:00:00,2025-06-10,2025-06-11,1658600.0,1.023,1.007,848.3738999999999,835.1050999999999,-0.016624141497188938,trend,trend,trend_to_trend,3,True
1319,full_2021_2026,2025-06-24,2025-06-25 10:30:00,2025-09-08,2025-09-09,1663600.0,1.003,1.28,834.2954,1064.704,0.27489595182468607,trend,trend,trend_to_trend,54,False
1319,full_2021_2026,2025-09-10,2025-09-11 00:00:00,2025-10-14,2025-10-15,1655400.0,1.285,1.442,1063.5945,1193.5434,0.12105737014761098,trend,trend,trend_to_trend,18,False
1319,full_2021_2026,2025-10-24,2025-10-27 10:30:00,2025-10-30,2025-10-31,1588800.0,1.501,1.4923366,1192.3944,1185.5121950399998,-0.006765483547366946,trend,trend,trend_to_trend,4,True
1319,full_2021_2026,2025-12-08,2025-12-09 00:00:00,2025-12-11,2025-12-12,1717300.0,1.3792502000000002,1.3630950000000002,1184.2931842300002,1170.42152175,-0.012700823819422724,range,range,range_to_range,3,True
1319,full_2021_2026,2025-12-17,2025-12-18 00:00:00,2026-01-29,2026-01-30,1728400.0,1.352998,1.5488798,1169.2608716,1338.5419231600001,0.14363191538559072,range,trend,range_to_trend,29,False
1319,full_2021_2026,2026-02-25,2026-02-26 10:00:00,2026-03-02,2026-03-03,1763000.0,1.517,1.5105112,1337.2355,1331.5156228,-0.00527261458262307,trend,trend,trend_to_trend,3,True
1319,full_2021_2026,2026-04-08,2026-04-09 00:00:00,2026-06-01,2026-06-02,1928800.0,1.3792502000000002,1.7215385,1330.1488928800002,1660.2517294000002,0.2469222928799144,range,trend,range_to_trend,35,False
1319,full_2021_2026,2026-06-09,2026-06-10 00:00:00,2026-06-12,2026-06-15,1944000.0,1.706393,1.7397131,1658.613996,1691.0011332,0.01850761010027524,range,trend,range_to_trend,3,False
1319,full_2021_2026,2026-06-16,2026-06-17 00:00:00,2026-07-13,2026-07-14,1889400.0,1.7881787,2.0476716,1689.29241789,1934.4353605200001,0.1439712103293358,trend,trend,trend_to_trend,18,False
1319,full_2021_2026,2026-08-04,2026-08-05 00:00:00,2026-08-14,2026-08-17,2321300.0,1.6649953000000002,1.7750526,1932.4767949450002,2060.21480019,0.06503509918782235,range,range,range_to_range,8,False
1319,rolling_2021_2023,2021-01-12,2021-01-13 10:30:00,2021-01-28,2021-01-29,697000.0,1.434,1.456,499.749,507.416,0.014326867249778275,warmup,warmup,warmup_to_warmup,12,False
1319,rolling_2021_2023,2021-03-26,2021-03-29 10:00:00,2021-04-12,2021-04-13,791400.0,1.281,1.267,506.89169999999996,501.3519,-0.011917538498510294,trend,range,trend_to_range,10,True
1319,rolling_2021_2023,2021-04-16,2021-04-19 00:00:00,2021-05-07,2021-05-10,770500.0,1.3,1.295,500.825,498.89875,-0.004841809864298607,trend,trend,trend_to_trend,12,False
1319,rolling_2021_2023,2021-05-14,2021-05-17 00:00:00,2021-06-16,2021-06-17,751800.0,1.326,1.441,498.44340000000005,541.6719,0.08564081458516593,range,trend,range_to_trend,22,False
1319,rolling_2021_2023,2021-06-17,2021-06-18 00:00:00,2021-07-06,2021-07-07,719100.0,1.505,1.557,541.12275,559.81935,0.03351746053883353,trend,trend,trend_to_trend,13,False
1319,rolling_2021_2023,2021-07-07,2021-07-08 00:00:00,2021-07-14,2021-07-15,698200.0,1.602,1.589,559.2582000000001,554.7199,-0.009106245878309327,trend,trend,trend_to_trend,5,True
1319,rolling_2021_2023,2021-07-29,2021-07-30 00:00:00,2021-08-09,2021-08-10,681600.0,1.626,1.604,554.1407999999999,546.6432000000001,-0.014516112177613283,trend,trend,trend_to_trend,7,True
1319,rolling_2021_2023,2021-08-24,2021-08-25 00:00:00,2021-08-27,2021-08-30,675000.0,1.618,1.525,546.075,514.6875,-0.05842041896233596,trend,range,trend_to_range,3,True
1319,rolling_2021_2023,2021-10-15,2021-10-18 00:00:00,2021-10-27,2021-10-28,735600.0,1.398,1.391,514.1844,511.6098,-0.006001648674947124,trend,trend,trend_to_trend,8,True
1319,rolling_2021_2023,2021-10-29,2021-11-01 10:00:00,2021-11-18,2021-11-19,714300.0,1.431,1.456,511.08165,520.0104,0.01645333866958887,trend,range,trend_to_range,14,False
1319,rolling_2021_2023,2021-11-19,2021-11-22 00:00:00,2021-12-02,2021-12-03,702000.0,1.48,1.469,519.48,515.619,-0.008424503964233887,range,range,range_to_range,9,True
1319,rolling_2021_2023,2021-12-03,2021-12-06 00:00:00,2021-12-14,2021-12-15,695200.0,1.482,1.477,515.1432,513.4052,-0.004369947280071229,range,range,range_to_range,7,True
1319,rolling_2021_2023,2021-12-17,2021-12-20 00:00:00,2021-12-23,2021-12-24,713300.0,1.438,1.415,512.8627,504.65975000000003,-0.016977950524042495,range,range,range_to_range,4,True
1319,rolling_2021_2023,2022-01-13,2022-01-14 00:00:00,2022-01-21,2022-01-24,757000.0,1.332,1.326,504.16200000000003,501.891,-0.0054995025010017295,range,range,range_to_range,6,True
1319,rolling_2021_2023,2022-02-23,2022-02-24 00:00:00,2022-03-03,2022-03-04,796500.0,1.259,1.239,501.39674999999994,493.4317500000001,-0.016869246075929212,trend,trend,trend_to_trend,6,True
1319,rolling_2021_2023,2022-03-21,2022-03-22 00:00:00,2022-03-24,2022-03-25,836900.0,1.178,1.167,492.9341,488.33115000000004,-0.010328027836675746,trend,trend,trend_to_trend,3,True
1319,rolling_2021_2023,2022-05-05,2022-05-06 00:00:00,2022-06-21,2022-06-22,1021700.0,0.955,1.116,487.86175000000003,570.1086000000001,0.16741838504831374,trend,range,trend_to_range,32,False
1319,rolling_2021_2023,2022-06-24,2022-06-27 10:30:00,2022-07-11,2022-07-12,1001800.0,1.137,1.11,569.5233000000001,555.999,-0.02472246726241112,range,range,range_to_range,11,False
1319,rolling_2021_2023,2022-07-21,2022-07-22 10:00:00,2022-08-19,2022-08-22,983100.0,1.13,1.137,555.4515,558.89235,0.005188998421143287,trend,trend,trend_to_trend,21,False
1319,rolling_2021_2023,2022-10-17,2022-10-18 10:00:00,2022-11-21,2022-11-22,1128000.0,0.99,1.061,558.36,598.404,0.07064599013624484,trend,trend,trend_to_trend,25,False
1319,rolling_2021_2023,2022-12-12,2022-12-13 00:00:00,2022-12-15,2022-12-16,1163000.0,1.028,1.01,597.782,587.315,-0.018491726899196204,range,range,range_to_range,3,True
1319,rolling_2021_2023,2022-12-30,2023-01-03 00:00:00,2023-02-08,2023-02-09,1188900.0,0.987,1.032,586.72215,613.4724,0.044547634997091023,range,range,range_to_range,22,False
1319,rolling_2021_2023,2023-02-09,2023-02-10 00:00:00,2023-02-17,2023-02-20,1154200.0,1.062,1.01,612.8802000000001,582.871,-0.049914778957037664,range,range,range_to_range,6,True
1319,rolling_2021_2023,2023-03-01,2023-03-02 10:00:00,2023-03-07,2023-03-08,1144000.0,1.018,1.012,582.296,578.864,-0.006887518912449653,range,range,range_to_range,4,True
1319,rolling_2021_2023,2023-03-15,2023-03-16 00:00:00,2023-04-21,2023-04-24,1129400.0,1.024,1.136,578.2528000000001,641.4992,0.10826617941029482,range,trend,range_to_trend,26,False
1319,rolling_2021_2023,2023-05-16,2023-05-17 00:00:00,2023-05-23,2023-05-24,1224200.0,1.047,1.038,640.8687,635.3598000000001,-0.009586897095864466,range,range,range_to_range,5,True
1319,rolling_2021_2023,2023-05-26,2023-05-29 10:00:00,2023-06-06,2023-06-07,1190900.0,1.066,1.052,634.7497000000001,626.4134,-0.01411958186010187,range,range,range_to_range,7,True
1319,rolling_2021_2023,2023-06-09,2023-06-12 00:00:00,2023-06-26,2023-06-27,1188600.0,1.053,1.035,625.7978999999999,615.1005,-0.018076431869535003,range,range,range_to_range,9,True
1319,rolling_2021_2023,2023-07-31,2023-08-01 00:00:00,2023-08-08,2023-08-09,1237600.0,0.993,0.988,614.4684000000001,611.3744,-0.006029714246602813,trend,range,trend_to_range,6,True
1319,rolling_2021_2023,2023-08-30,2023-08-31 00:00:00,2023-09-07,2023-09-08,1273700.0,0.959,0.917,610.73915,583.9914500000001,-0.044751346954260085,trend,trend,trend_to_trend,6,True
1319,rolling_2021_2023,2023-09-27,2023-09-28 00:00:00,2023-10-16,2023-10-17,1292200.0,0.903,0.896,583.4283,578.9055999999999,-0.00874369017041876,trend,trend,trend_to_trend,7,True
1319,rolling_2021_2023,2023-10-27,2023-10-30 00:00:00,2023-11-22,2023-11-23,1314400.0,0.88,0.892,578.336,586.2224,0.012623233837626646,trend,range,trend_to_range,18,False
1319,rolling_2021_2023,2023-12-08,2023-12-11 00:00:00,2023-12-18,2023-12-19,1328000.0,0.882,0.86,585.648,571.04,-0.025917880062236498,trend,range,trend_to_range,6,True
1319,rolling_2022_2024,2022-01-13,2022-01-14 00:00:00,2022-01-21,2022-01-24,750300.0,1.332,1.326,499.69980000000004,497.44890000000004,-0.0054995025010017295,range,range,range_to_range,6,True
1319,rolling_2022_2024,2022-02-23,2022-02-24 00:00:00,2022-03-03,2022-03-04,789500.0,1.259,1.239,496.99024999999995,489.0952500000001,-0.016869246075929323,trend,trend,trend_to_trend,6,True
1319,rolling_2022_2024,2022-03-21,2022-03-22 00:00:00,2022-03-24,2022-03-25,829500.0,1.178,1.167,488.57550000000003,484.01325,-0.010328027836675857,trend,trend,trend_to_trend,3,True
1319,rolling_2022_2024,2022-05-05,2022-05-06 00:00:00,2022-06-21,2022-06-22,1012700.0,0.955,1.116,483.56425,565.0866000000001,0.16741838504831352,trend,range,trend_to_range,32,False
1319,rolling_2022_2024,2022-06-24,2022-06-27 10:30:00,2022-07-11,2022-07-12,993000.0,1.137,1.11,564.5205,551.115,-0.02472246726241112,range,range,range_to_range,11,False
1319,rolling_2022_2024,2022-07-21,2022-07-22 10:00:00,2022-08-19,2022-08-22,974400.0,1.13,1.137,550.5360000000001,553.9464,0.005188998421143287,trend,trend,trend_to_trend,21,False
1319,rolling_2022_2024,2022-10-17,2022-10-18 10:00:00,2022-11-21,2022-11-22,1118000.0,0.99,1.061,553.41,593.099,0.07064599013624506,trend,trend,trend_to_trend,25,False
1319,rolling_2022_2024,2022-12-12,2022-12-13 00:00:00,2022-12-15,2022-12-16,1152700.0,1.028,1.01,592.4878000000001,582.1135,-0.018491726899196426,range,range,range_to_range,3,True
1319,rolling_2022_2024,2022-12-30,2023-01-03 00:00:00,2023-02-08,2023-02-09,1178400.0,0.987,1.032,581.5404000000001,608.0544,0.044547634997091023,range,range,range_to_range,22,False
1319,rolling_2022_2024,2023-02-09,2023-02-10 00:00:00,2023-02-17,2023-02-20,1144000.0,1.062,1.01,607.464,577.72,-0.04991477895703744,range,range,range_to_range,6,True
1319,rolling_2022_2024,2023-03-01,2023-03-02 10:00:00,2023-03-07,2023-03-08,1133800.0,1.018,1.012,577.1042,573.7028,-0.00688751891244932,range,range,range_to_range,4,True
1319,rolling_2022_2024,2023-03-15,2023-03-16 00:00:00,2023-04-21,2023-04-24,1119400.0,1.024,1.136,573.1328000000001,635.8192,0.1082661794102946,range,trend,range_to_trend,26,False
1319,rolling_2022_2024,2023-05-16,2023-05-17 00:00:00,2023-05-23,2023-05-24,1213400.0,1.047,1.038,635.2149,629.7546,-0.009586897095864688,range,range,range_to_range,5,True
1319,rolling_2022_2024,2023-05-26,2023-05-29 10:00:00,2023-06-06,2023-06-07,1180300.0,1.066,1.052,629.0999,620.8378,-0.01411958186010187,range,range,range_to_range,7,True
1319,rolling_2022_2024,2023-06-09,2023-06-12 00:00:00,2023-06-26,2023-06-27,1178000.0,1.053,1.035,620.217,609.615,-0.018076431869535226,range,range,range_to_range,9,True
1319,rolling_2022_2024,2023-07-31,2023-08-01 00:00:00,2023-08-08,2023-08-09,1226600.0,0.993,0.988,609.0069000000001,605.9404000000001,-0.006029714246602702,trend,range,trend_to_range,6,True
1319,rolling_2022_2024,2023-08-30,2023-08-31 00:00:00,2023-09-07,2023-09-08,1262500.0,0.959,0.917,605.36875,578.85625,-0.044751346954259974,trend,trend,trend_to_trend,6,True
1319,rolling_2022_2024,2023-09-27,2023-09-28 00:00:00,2023-10-16,2023-10-17,1280800.0,0.903,0.896,578.2812000000001,573.7984,-0.00874369017041876,trend,trend,trend_to_trend,7,True
1319,rolling_2022_2024,2023-10-27,2023-10-30 00:00:00,2023-11-22,2023-11-23,1302700.0,0.88,0.892,573.188,581.0042,0.012623233837626424,trend,range,trend_to_range,18,False
1319,rolling_2022_2024,2023-12-08,2023-12-11 00:00:00,2023-12-18,2023-12-19,1316200.0,0.882,0.86,580.4441999999999,565.966,-0.025917880062236387,trend,range,trend_to_range,6,True
1319,rolling_2022_2024,2023-12-28,2023-12-29 00:00:00,2024-01-04,2024-01-05,1301300.0,0.869,0.842,565.41485,547.8472999999999,-0.03203864120873989,range,range,range_to_range,4,True
1319,rolling_2022_2024,2024-02-08,2024-02-19 10:00:00,2024-03-14,2024-03-15,1421500.0,0.77,0.821,547.2775,583.52575,0.06516806531799024,trend,range,trend_to_range,19,False
1319,rolling_2022_2024,2024-04-24,2024-04-25 00:00:00,2024-05-13,2024-05-14,1548300.0,0.753,0.782,582.93495,605.3853,0.037474622582467365,range,range,range_to_range,10,False
1319,rolling_2022_2024,2024-06-03,2024-06-04 00:00:00,2024-06-25,2024-06-26,1577000.0,0.767,0.734,604.7795,578.759,-0.043981268818003016,trend,range,trend_to_range,15,False
1319,rolling_2022_2024,2024-07-11,2024-07-12 00:00:00,2024-07-24,2024-07-25,1579800.0,0.732,0.727,578.2067999999999,574.2573,-0.007823274155272064,range,range,range_to_range,9,True
1319,rolling_2022_2024,2024-07-31,2024-08-01 10:00:00,2024-08-06,2024-08-07,1503700.0,0.763,0.73,573.66155,548.8505,-0.044206599190575235,trend,trend,trend_to_trend,4,True
1319,rolling_2022_2024,2024-09-24,2024-09-25 14:00:00,2024-10-30,2024-10-31,1603300.0,0.684,0.981,548.3286,786.4186500000001,0.43277703253636335,trend,trend,trend_to_trend,21,False
1319,rolling_2022_2024,2024-11-05,2024-11-06 10:00:00,2024-11-15,2024-11-18,1541900.0,1.019,1.014,785.59805,781.7433000000001,-0.005901367275145342,trend,trend,trend_to_trend,8,True
1319,rolling_2022_2024,2024-12-02,2024-12-03 00:00:00,2024-12-05,2024-12-06,1500400.0,1.041,1.03,780.9581999999999,772.706,-0.01155570149603391,trend,trend,trend_to_trend,3,True
1319,rolling_2022_2024,2024-12-10,2024-12-11 00:00:00,2024-12-13,2024-12-16,1493100.0,1.034,1.013,771.9327000000001,756.25515,-0.021288678678069384,trend,trend,trend_to_trend,3,True
1319,rolling_2023_2025,2022-12-30,2023-01-03 00:00:00,2023-02-08,2023-02-09,1012600.0,0.987,1.032,499.7181,522.5016,0.044547634997091246,range,range,range_to_range,22,False
1319,rolling_2023_2025,2023-02-09,2023-02-10 00:00:00,2023-02-17,2023-02-20,983000.0,1.062,1.01,521.973,496.415,-0.04991477895703755,range,range,range_to_range,6,True
1319,rolling_2023_2025,2023-03-01,2023-03-02 10:00:00,2023-03-07,2023-03-08,974300.0,1.018,1.012,495.9187,492.9958,-0.006887518912449542,range,range,range_to_range,4,True
1319,rolling_2023_2025,2023-03-15,2023-03-16 00:00:00,2023-04-21,2023-04-24,961900.0,1.024,1.136,492.4928,546.3592,0.10826617941029482,range,trend,range_to_trend,26,False
1319,rolling_2023_2025,2023-05-16,2023-05-17 00:00:00,2023-05-23,2023-05-24,1042700.0,1.047,1.038,545.85345,541.1613000000001,-0.009586897095864577,range,range,range_to_range,5,True
1319,rolling_2023_2025,2023-05-26,2023-05-29 10:00:00,2023-06-06,2023-06-07,1014300.0,1.066,1.052,540.6219,533.5218000000001,-0.01411958186010176,range,range,range_to_range,7,True
1319,rolling_2023_2025,2023-06-09,2023-06-12 00:00:00,2023-06-26,2023-06-27,1012300.0,1.053,1.035,532.97595,523.86525,-0.018076431869535448,range,range,range_to_range,9,True
1319,rolling_2023_2025,2023-07-31,2023-08-01 00:00:00,2023-08-08,2023-08-09,1054100.0,0.993,0.988,523.3606500000001,520.7254,-0.006029714246602813,trend,range,trend_to_range,6,True
1319,rolling_2023_2025,2023-08-30,2023-08-31 00:00:00,2023-09-07,2023-09-08,1084800.0,0.959,0.917,520.1616,497.3808000000001,-0.044751346954259974,trend,trend,trend_to_trend,6,True
1319,rolling_2023_2025,2023-09-27,2023-09-28 00:00:00,2023-10-16,2023-10-17,1100600.0,0.903,0.896,496.9209,493.0688,-0.00874369017041876,trend,trend,trend_to_trend,7,True
1319,rolling_2023_2025,2023-10-27,2023-10-30 00:00:00,2023-11-22,2023-11-23,1119500.0,0.88,0.892,492.58,499.297,0.012623233837626646,trend,range,trend_to_range,18,False
1319,rolling_2023_2025,2023-12-08,2023-12-11 00:00:00,2023-12-18,2023-12-19,1131000.0,0.882,0.86,498.771,486.33,-0.025917880062236387,trend,range,trend_to_range,6,True
1319,rolling_2023_2025,2023-12-28,2023-12-29 00:00:00,2024-01-04,2024-01-05,1118200.0,0.869,0.842,485.85790000000003,470.7622,-0.03203864120873967,range,range,range_to_range,4,True
1319,rolling_2023_2025,2024-02-08,2024-02-19 10:00:00,2024-03-14,2024-03-15,1221500.0,0.77,0.821,470.27750000000003,501.42574999999994,0.06516806531799024,trend,range,trend_to_range,19,False
1319,rolling_2023_2025,2024-04-24,2024-04-25 00:00:00,2024-05-13,2024-05-14,1330500.0,0.753,0.782,500.93325,520.2255,0.03747462258246714,range,range,range_to_range,10,False
1319,rolling_2023_2025,2024-06-03,2024-06-04 00:00:00,2024-06-25,2024-06-26,1355200.0,0.767,0.734,519.7192,497.35839999999996,-0.04398126881800313,trend,range,trend_to_range,15,False
1319,rolling_2023_2025,2024-07-11,2024-07-12 00:00:00,2024-07-24,2024-07-25,1357500.0,0.732,0.727,496.845,493.45125,-0.007823274155272064,range,range,range_to_range,9,True
1319,rolling_2023_2025,2024-07-31,2024-08-01 10:00:00,2024-08-06,2024-08-07,1292200.0,0.763,0.73,492.97429999999997,471.653,-0.044206599190575124,trend,trend,trend_to_trend,4,True
1319,rolling_2023_2025,2024-09-24,2024-09-25 14:00:00,2024-10-30,2024-10-31,1377700.0,0.684,0.981,471.1734,675.76185,0.43277703253636335,trend,trend,trend_to_trend,21,False
1319,rolling_2023_2025,2024-11-05,2024-11-06 10:00:00,2024-11-15,2024-11-18,1325000.0,1.019,1.014,675.0874999999999,671.775,-0.005901367275145231,trend,trend,trend_to_trend,8,True
1319,rolling_2023_2025,2024-12-02,2024-12-03 00:00:00,2024-12-05,2024-12-06,1289300.0,1.041,1.03,671.0806499999999,663.9895,-0.011555701496033688,trend,trend,trend_to_trend,3,True
1319,rolling_2023_2025,2024-12-10,2024-12-11 00:00:00,2024-12-13,2024-12-16,1283100.0,1.034,1.013,663.3627000000001,649.89015,-0.021288678678069384,trend,trend,trend_to_trend,3,True
1319,rolling_2023_2025,2024-12-20,2024-12-23 00:00:00,2024-12-31,2025-01-02,1254500.0,1.035,1.01,649.20375,633.5225,-0.025129947103742833,trend,range,trend_to_range,7,True
1319,rolling_2023_2025,2025-01-07,2025-01-08 00:00:00,2025-01-20,2025-01-21,1291600.0,0.98,0.996,632.884,643.2168,0.015310711990943249,range,range,range_to_range,9,False
1319,rolling_2023_2025,2025-01-21,2025-01-22 00:00:00,2025-03-11,2025-03-12,1290300.0,0.996,1.133,642.5694000000001,730.9549499999999,0.13641321909326454,range,range,range_to_range,29,False
1319,rolling_2023_2025,2025-04-16,2025-04-17 00:00:00,2025-04-23,2025-04-24,1419300.0,1.029,1.036,730.2298499999999,735.1974,0.005796421517132666,range,range,range_to_range,5,False
1319,rolling_2023_2025,2025-05-06,2025-05-07 14:00:00,2025-05-09,2025-05-12,1399000.0,1.05,1.034,734.475,723.283,-0.01622236500797225,range,range,range_to_range,3,True
1319,rolling_2023_2025,2025-06-05,2025-06-06 00:00:00,2025-06-10,2025-06-11,1412600.0,1.023,1.007,722.5448999999999,711.2441,-0.016624141497188827,trend,trend,trend_to_trend,3,True
1319,rolling_2023_2025,2025-06-24,2025-06-25 10:30:00,2025-09-08,2025-09-09,1416900.0,1.003,1.28,710.57535,906.816,0.27489595182468585,trend,trend,trend_to_trend,54,False
1319,rolling_2023_2025,2025-09-10,2025-09-11 00:00:00,2025-10-14,2025-10-15,1409900.0,1.285,1.442,905.86075,1016.5378999999999,0.12105737014761075,trend,trend,trend_to_trend,18,False
1319,rolling_2023_2025,2025-10-24,2025-10-27 10:30:00,2025-10-30,2025-10-31,1353100.0,1.501,1.4923366,1015.50155,1009.64032673,-0.006765483547366835,trend,trend,trend_to_trend,4,True
1319,rolling_2023_2025,2025-12-08,2025-12-09 00:00:00,2025-12-11,2025-12-12,1462600.0,1.3792502000000002,1.3630950000000002,1008.6456712600002,996.8313735000002,-0.012700823819422724,range,range,range_to_range,3,True
1319,rolling_2024_2026,2023-12-29,2024-01-02 00:00:00,2024-01-04,2024-01-05,1146200.0,0.872,0.842,499.7432,482.5502,-0.035368783498159306,range,range,range_to_range,3,True
1319,rolling_2024_2026,2024-02-08,2024-02-19 10:00:00,2024-03-14,2024-03-15,1252100.0,0.77,0.821,482.05850000000004,513.98705,0.06516806531799024,trend,range,trend_to_range,19,False
1319,rolling_2024_2026,2024-04-24,2024-04-25 00:00:00,2024-05-13,2024-05-14,1363800.0,0.753,0.782,513.4707000000001,533.2458,0.037474622582467365,range,range,range_to_range,10,False
1319,rolling_2024_2026,2024-06-03,2024-06-04 00:00:00,2024-06-25,2024-06-26,1389100.0,0.767,0.734,532.71985,509.79970000000003,-0.043981268818002905,trend,range,trend_to_range,15,False
1319,rolling_2024_2026,2024-07-11,2024-07-12 00:00:00,2024-07-24,2024-07-25,1391500.0,0.732,0.727,509.289,505.81025,-0.007823274155272064,range,range,range_to_range,9,True
1319,rolling_2024_2026,2024-07-31,2024-08-01 10:00:00,2024-08-06,2024-08-07,1324500.0,0.763,0.73,505.29675000000003,483.4425,-0.044206599190575124,trend,trend,trend_to_trend,4,True
1319,rolling_2024_2026,2024-09-24,2024-09-25 14:00:00,2024-10-30,2024-10-31,1412200.0,0.684,0.981,482.97240000000005,692.6841,0.43277703253636335,trend,trend,trend_to_trend,21,False
1319,rolling_2024_2026,2024-11-05,2024-11-06 10:00:00,2024-11-15,2024-11-18,1358100.0,1.019,1.014,691.95195,688.5567,-0.005901367275145564,trend,trend,trend_to_trend,8,True
1319,rolling_2024_2026,2024-12-02,2024-12-03 00:00:00,2024-12-05,2024-12-06,1321600.0,1.041,1.03,687.8928,680.624,-0.01155570149603391,trend,trend,trend_to_trend,3,True
1319,rolling_2024_2026,2024-12-10,2024-12-11 00:00:00,2024-12-13,2024-12-16,1315200.0,1.034,1.013,679.9584,666.1487999999999,-0.02128867867806916,trend,trend,trend_to_trend,3,True
1319,rolling_2024_2026,2024-12-20,2024-12-23 00:00:00,2024-12-31,2025-01-02,1285900.0,1.035,1.01,665.45325,649.3795,-0.025129947103742833,trend,range,trend_to_range,7,True
1319,rolling_2024_2026,2025-01-07,2025-01-08 00:00:00,2025-01-20,2025-01-21,1324000.0,0.98,0.996,648.76,659.352,0.015310711990943249,range,range,range_to_range,9,False
1319,rolling_2024_2026,2025-01-21,2025-01-22 00:00:00,2025-03-11,2025-03-12,1322600.0,0.996,1.133,658.6548,749.2529000000001,0.13641321909326476,range,range,range_to_range,29,False
1319,rolling_2024_2026,2025-04-16,2025-04-17 00:00:00,2025-04-23,2025-04-24,1454900.0,1.029,1.036,748.5460499999999,753.6382000000001,0.005796421517132888,range,range,range_to_range,5,False
1319,rolling_2024_2026,2025-05-06,2025-05-07 14:00:00,2025-05-09,2025-05-12,1434000.0,1.05,1.034,752.85,741.378,-0.01622236500797225,range,range,range_to_range,3,True
1319,rolling_2024_2026,2025-06-05,2025-06-06 00:00:00,2025-06-10,2025-06-11,1448000.0,1.023,1.007,740.6519999999999,729.0679999999999,-0.016624141497188827,trend,trend,trend_to_trend,3,True
1319,rolling_2024_2026,2025-06-24,2025-06-25 10:30:00,2025-09-08,2025-09-09,1452300.0,1.003,1.28,728.32845,929.472,0.27489595182468607,trend,trend,trend_to_trend,54,False
1319,rolling_2024_2026,2025-09-10,2025-09-11 00:00:00,2025-10-14,2025-10-15,1445200.0,1.285,1.442,928.541,1041.9892,0.12105737014761098,trend,trend,trend_to_trend,18,False
1319,rolling_2024_2026,2025-10-24,2025-10-27 10:30:00,2025-10-30,2025-10-31,1387000.0,1.501,1.4923366,1040.9434999999999,1034.9354321,-0.006765483547366835,trend,trend,trend_to_trend,4,True
1319,rolling_2024_2026,2025-12-08,2025-12-09 00:00:00,2025-12-11,2025-12-12,1499200.0,1.3792502000000002,1.3630950000000002,1033.8859499200003,1021.7760120000002,-0.012700823819422613,range,range,range_to_range,3,True
1319,rolling_2024_2026,2025-12-17,2025-12-18 00:00:00,2026-01-29,2026-01-30,1508900.0,1.352998,1.5488798,1020.7693411,1168.55236511,0.14363191538559072,range,trend,range_to_trend,29,False
1319,rolling_2024_2026,2026-02-25,2026-02-26 10:00:00,2026-03-02,2026-03-03,1539100.0,1.517,1.5105112,1167.40735,1162.41389396,-0.005272614582622848,trend,trend,trend_to_trend,3,True
1319,rolling_2024_2026,2026-04-08,2026-04-09 00:00:00,2026-06-01,2026-06-02,1683900.0,1.3792502000000002,1.7215385,1161.25970589,1449.449340075,0.2469222928799144,range,trend,range_to_trend,35,False
1319,rolling_2024_2026,2026-06-09,2026-06-10 00:00:00,2026-06-12,2026-06-15,1697100.0,1.706393,1.7397131,1447.9597801500001,1476.233551005,0.01850761010027524,range,trend,range_to_trend,3,False
1319,rolling_2024_2026,2026-06-16,2026-06-17 00:00:00,2026-07-13,2026-07-14,1649500.0,1.7881787,2.0476716,1474.800382825,1688.8171521000002,0.14397121032933557,trend,trend,trend_to_trend,18,False
1319,rolling_2024_2026,2026-08-04,2026-08-05 00:00:00,2026-08-14,2026-08-17,2026500.0,1.6649953000000002,1.7750526,1687.0564877250001,1798.57204695,0.06503509918782258,range,range,range_to_range,8,False
1455,full_2021_2026,2021-01-12,2021-01-13 10:30:00,2021-01-28,2021-01-29,697000.0,1.434,1.456,499.749,507.416,0.014326867249778275,warmup,warmup,warmup_to_warmup,12,False
1455,full_2021_2026,2021-03-26,2021-03-29 10:00:00,2021-04-12,2021-04-13,791400.0,1.281,1.267,506.89169999999996,501.3519,-0.011917538498510294,trend,range,trend_to_range,10,True
1455,full_2021_2026,2021-04-16,2021-04-19 00:00:00,2021-05-07,2021-05-10,770500.0,1.3,1.295,500.825,498.89875,-0.004841809864298607,trend,trend,trend_to_trend,12,False
1455,full_2021_2026,2021-05-17,2021-05-18 10:00:00,2021-06-16,2021-06-17,736700.0,1.353,1.441,498.37755,530.7923499999999,0.06397614201029556,range,trend,range_to_trend,21,False
1455,full_2021_2026,2021-06-17,2021-06-18 00:00:00,2021-07-06,2021-07-07,704700.0,1.505,1.557,530.28675,548.6089499999999,0.03351746053883353,trend,trend,trend_to_trend,13,False
1455,full_2021_2026,2021-07-07,2021-07-08 00:00:00,2021-07-14,2021-07-15,684200.0,1.602,1.589,548.0442,543.5969,-0.009106245878309216,trend,trend,trend_to_trend,5,True
1455,full_2021_2026,2021-07-29,2021-07-30 00:00:00,2021-08-09,2021-08-10,668000.0,1.626,1.604,543.0840000000001,535.736,-0.014516112177613616,trend,trend,trend_to_trend,7,True
1455,full_2021_2026,2021-08-24,2021-08-25 00:00:00,2021-08-27,2021-08-30,661500.0,1.618,1.525,535.1535,504.39374999999995,-0.058420418962336074,trend,range,trend_to_range,3,True
1455,full_2021_2026,2021-10-15,2021-10-18 00:00:00,2021-10-27,2021-10-28,720900.0,1.398,1.391,503.90909999999997,501.38595000000004,-0.006001648674947235,trend,trend,trend_to_trend,8,True
1455,full_2021_2026,2021-10-29,2021-11-01 10:00:00,2021-11-18,2021-11-19,700100.0,1.431,1.456,500.92155,509.6728,0.01645333866958909,trend,range,trend_to_range,14,False
1455,full_2021_2026,2021-11-19,2021-11-22 00:00:00,2021-12-02,2021-12-03,688000.0,1.48,1.469,509.12,505.336,-0.008424503964234109,range,range,range_to_range,9,True
1455,full_2021_2026,2021-12-03,2021-12-06 00:00:00,2021-12-08,2021-12-09,681300.0,1.482,1.45,504.8433,493.9425,-0.022570361243130055,range,range,range_to_range,3,True
1455,full_2021_2026,2021-12-17,2021-12-20 00:00:00,2021-12-23,2021-12-24,686300.0,1.438,1.415,493.44969999999995,485.55725,-0.016977950524042384,range,range,range_to_range,4,True
1455,full_2021_2026,2022-01-13,2022-01-14 00:00:00,2022-01-21,2022-01-24,728400.0,1.332,1.326,485.11440000000005,482.92920000000004,-0.0054995025010017295,range,range,range_to_range,6,True
1455,full_2021_2026,2022-02-23,2022-02-24 00:00:00,2022-03-03,2022-03-04,766400.0,1.259,1.239,482.4488,474.7848000000001,-0.016869246075929434,trend,trend,trend_to_trend,6,True
1455,full_2021_2026,2022-03-21,2022-03-22 00:00:00,2022-03-24,2022-03-25,805200.0,1.178,1.167,474.26279999999997,469.8342,-0.010328027836675857,trend,trend,trend_to_trend,3,True
1455,full_2021_2026,2022-05-05,2022-05-06 00:00:00,2022-06-21,2022-06-22,983000.0,0.955,1.116,469.3825,548.514,0.16741838504831374,trend,range,trend_to_range,32,False
1455,full_2021_2026,2022-06-24,2022-06-27 10:30:00,2022-07-07,2022-07-08,963900.0,1.137,1.145,547.97715,551.83275,0.006029527013098557,range,range,range_to_range,9,False
1455,full_2021_2026,2022-07-21,2022-07-22 10:00:00,2022-08-19,2022-08-22,975700.0,1.13,1.137,551.2705,554.68545,0.005188998421143287,trend,trend,trend_to_trend,21,False
1455,full_2021_2026,2022-10-17,2022-10-18 10:00:00,2022-10-28,2022-10-31,1119500.0,0.99,1.025,554.1525,573.74375,0.034318699236240535,trend,range,trend_to_range,9,False
1455,full_2021_2026,2022-10-31,2022-11-01 00:00:00,2022-11-07,2022-11-08,1101200.0,1.041,1.09,573.1745999999999,600.154,0.04602357802846879,trend,range,trend_to_range,5,False
1455,full_2021_2026,2022-11-09,2022-11-10 00:00:00,2022-11-21,2022-11-22,1130100.0,1.061,1.061,599.5180499999999,599.5180499999999,-0.0009995002498751626,trend,trend,trend_to_trend,8,True
1455,full_2021_2026,2022-12-12,2022-12-13 00:00:00,2022-12-15,2022-12-16,1165200.0,1.028,1.01,598.9128000000001,588.426,-0.018491726899196426,range,range,range_to_range,3,True
1455,full_2021_2026,2022-12-30,2023-01-03 00:00:00,2023-02-08,2023-02-09,1191200.0,0.987,1.032,587.8571999999999,614.6592,0.044547634997091246,range,range,range_to_range,22,False
1455,full_2021_2026,2023-03-01,2023-03-02 10:00:00,2023-03-07,2023-03-08,1206400.0,1.018,1.012,614.0576,610.4384,-0.006887518912449431,range,range,range_to_range,4,True
1455,full_2021_2026,2023-03-22,2023-03-23 00:00:00,2023-04-21,2023-04-24,1160500.0,1.051,1.136,609.84275,659.1639999999999,0.07979502161383589,trend,trend,trend_to_trend,21,False
1455,full_2021_2026,2023-05-16,2023-05-17 00:00:00,2023-06-06,2023-06-07,1257800.0,1.047,1.052,658.4582999999999,661.6028000000001,0.0037712757756749316,range,range,range_to_range,15,False
1455,full_2021_2026,2023-06-09,2023-06-12 00:00:00,2023-06-26,2023-06-27,1255400.0,1.053,1.035,660.9680999999999,649.6695,-0.018076431869535337,range,range,range_to_range,9,True
1455,full_2021_2026,2023-07-31,2023-08-01 00:00:00,2023-08-08,2023-08-09,1307200.0,0.993,0.988,649.0248,645.7568000000001,-0.006029714246602813,trend,range,trend_to_range,6,True
1455,full_2021_2026,2023-08-30,2023-08-31 00:00:00,2023-09-07,2023-09-08,1345400.0,0.959,0.917,645.1193,616.8659,-0.044751346954259974,trend,trend,trend_to_trend,6,True
1455,full_2021_2026,2023-09-27,2023-09-28 00:00:00,2023-10-16,2023-10-17,1364900.0,0.903,0.896,616.25235,611.4752000000001,-0.008743690170418428,trend,trend,trend_to_trend,7,True
1455,full_2021_2026,2023-10-27,2023-10-30 00:00:00,2023-11-22,2023-11-23,1388300.0,0.88,0.892,610.852,619.1818000000001,0.012623233837626868,trend,range,trend_to_range,18,False
1455,full_2021_2026,2023-12-08,2023-12-11 00:00:00,2023-12-15,2023-12-18,1402600.0,0.882,0.867,618.5466,608.0271,-0.017989304667394235,trend,range,trend_to_range,5,True
1455,full_2021_2026,2023-12-29,2024-01-02 00:00:00,2024-01-04,2024-01-05,1393200.0,0.872,0.842,607.4352,586.5372,-0.035368783498159084,range,range,range_to_range,3,True
1455,full_2021_2026,2024-02-08,2024-02-19 10:00:00,2024-03-13,2024-03-14,1522000.0,0.77,0.831,585.97,632.391,0.07814209778227776,trend,range,trend_to_range,18,False
1455,full_2021_2026,2024-04-24,2024-04-25 00:00:00,2024-04-30,2024-05-06,1677900.0,0.753,0.799,631.72935,670.32105,0.060028418725564414,range,range,range_to_range,4,False
1455,full_2021_2026,2024-05-10,2024-05-13 00:00:00,2024-05-15,2024-05-16,1717100.0,0.78,0.768,669.669,659.3664,-0.016368738707569164,trend,trend,trend_to_trend,3,True
1455,full_2021_2026,2024-06-03,2024-06-04 00:00:00,2024-06-06,2024-06-07,1717600.0,0.767,0.762,658.6996,654.4055999999999,-0.0075118894268640934,trend,range,trend_to_range,3,True
1455,full_2021_2026,2024-06-11,2024-06-12 10:00:00,2024-06-25,2024-06-26,1684900.0,0.776,0.734,653.7412,618.3583,-0.05506911492707278,range,range,range_to_range,10,True
1455,full_2021_2026,2024-07-17,2024-07-18 00:00:00,2024-07-22,2024-07-23,1665100.0,0.742,0.77,617.7521,641.0635,0.036698631816167504,range,range,range_to_range,3,False
1455,full_2021_2026,2024-07-31,2024-08-01 10:00:00,2024-08-05,2024-08-06,1678700.0,0.763,0.73,640.4240500000001,612.7255,-0.044206599190575124,trend,range,trend_to_range,3,True
1455,full_2021_2026,2024-09-24,2024-09-25 14:00:00,2024-09-27,2024-09-30,1789800.0,0.684,0.813,612.1116000000001,727.5536999999999,0.1874084887380869,trend,range,trend_to_range,3,False
1455,full_2021_2026,2024-10-08,2024-10-09 00:00:00,2024-10-30,2024-10-31,1348500.0,1.078,0.981,726.8415,661.43925,-0.09089101089529461,trend,trend,trend_to_trend,16,False
1455,full_2021_2026,2024-11-05,2024-11-06 10:00:00,2024-11-15,2024-11-18,1296900.0,1.019,1.014,660.77055,657.5283000000001,-0.005901367275145342,trend,trend,trend_to_trend,8,True
1455,full_2021_2026,2024-12-02,2024-12-03 00:00:00,2024-12-05,2024-12-06,1262000.0,1.041,1.03,656.871,649.9300000000001,-0.01155570149603391,trend,trend,trend_to_trend,3,True
1455,full_2021_2026,2024-12-10,2024-12-11 00:00:00,2024-12-13,2024-12-16,1255800.0,1.034,1.013,649.2486,636.0627,-0.02128867867806905,trend,trend,trend_to_trend,3,True
1455,full_2021_2026,2024-12-20,2024-12-23 00:00:00,2024-12-31,2025-01-02,1227900.0,1.035,1.01,635.43825,620.0895,-0.025129947103742722,trend,range,trend_to_range,7,True
1455,full_2021_2026,2025-01-07,2025-01-08 00:00:00,2025-01-13,2025-01-14,1264200.0,0.98,0.98,619.458,619.458,-0.0009995002498752736,range,range,range_to_range,4,True
1455,full_2021_2026,2025-01-14,2025-01-15 00:00:00,2025-01-20,2025-01-21,1235200.0,1.002,0.996,618.8352,615.1296,-0.0069815391705345675,range,range,range_to_range,4,True
1455,full_2021_2026,2025-01-21,2025-01-22 00:00:00,2025-03-11,2025-03-12,1234000.0,0.996,1.133,614.532,699.061,0.13641321909326476,range,range,range_to_range,29,False
1455,full_2021_2026,2025-04-16,2025-04-17 00:00:00,2025-04-24,2025-04-25,1357400.0,1.029,1.027,698.3823,697.0248999999999,-0.0029411921833059074,range,range,range_to_range,6,True
1455,full_2021_2026,2025-05-08,2025-05-09 00:00:00,2025-05-16,2025-05-19,1331400.0,1.046,1.017,696.3222000000001,677.0169,-0.028696454831857676,range,range,range_to_range,6,True
1455,full_2021_2026,2025-06-05,2025-06-06 00:00:00,2025-06-10,2025-06-11,1322200.0,1.023,1.007,676.3053,665.7276999999999,-0.016624141497188716,trend,trend,trend_to_trend,3,True
1455,full_2021_2026,2025-06-24,2025-06-25 10:30:00,2025-08-08,2025-08-11,1326200.0,1.003,1.07,665.0893,709.517,0.06573333472844833,trend,range,trend_to_range,33,False
1455,full_2021_2026,2025-08-12,2025-08-13 10:00:00,2025-09-08,2025-09-09,1291100.0,1.098,1.28,708.8139,826.304,0.16459074652109273,trend,trend,trend_to_trend,19,False
1455,full_2021_2026,2025-09-10,2025-09-11 00:00:00,2025-10-14,2025-10-15,1284800.0,1.285,1.442,825.484,926.3408,0.12105737014761098,trend,trend,trend_to_trend,18,False
1455,full_2021_2026,2025-10-24,2025-10-27 10:30:00,2025-10-30,2025-10-31,1233000.0,1.501,1.4923366,925.3664999999999,920.0255139000001,-0.006765483547366724,trend,trend,trend_to_trend,4,True
1455,full_2021_2026,2025-12-08,2025-12-09 00:00:00,2025-12-11,2025-12-12,1332800.0,1.3792502000000002,1.3630950000000002,919.1323332800001,908.3665080000002,-0.012700823819422724,range,range,range_to_range,3,True
1455,full_2021_2026,2025-12-17,2025-12-18 00:00:00,2025-12-24,2025-12-25,1341400.0,1.352998,1.3873278000000002,907.4557586,930.4807554600002,0.024348273624382077,range,range,range_to_range,5,False
1455,full_2021_2026,2025-12-25,2025-12-26 00:00:00,2026-01-29,2026-01-30,1340100.0,1.3873278000000002,1.5488798,929.5789923900002,1037.8269099899999,0.11533243567444784,range,trend,range_to_trend,23,False
1455,full_2021_2026,2026-02-25,2026-02-26 10:00:00,2026-03-02,2026-03-03,1366900.0,1.517,1.5105112,1036.7936499999998,1032.3588796400002,-0.005272614582622848,trend,trend,trend_to_trend,3,True
1455,full_2021_2026,2026-04-08,2026-04-09 00:00:00,2026-04-23,2026-04-24,1495400.0,1.3792502000000002,1.4812299000000002,1031.26537454,1107.5155962300003,0.07286510478289432,range,range,range_to_range,11,False
1455,full_2021_2026,2026-04-27,2026-04-28 00:00:00,2026-04-29,2026-04-30,1429600.0,1.5478701,1.5549380000000002,1106.41754748,1111.4696824,0.003562145867705313,range,range,range_to_range,2,False
1455,full_2021_2026,2026-05-06,2026-05-07 10:00:00,2026-06-01,2026-06-02,1301000.0,1.707,1.7215385,1110.4035000000001,1119.86079425,0.0075089758869832934,range,trend,range_to_trend,18,False
1455,full_2021_2026,2026-06-09,2026-06-10 00:00:00,2026-06-12,2026-06-15,1311200.0,1.706393,1.7397131,1118.7112508,1140.55590836,0.01850761010027524,range,trend,range_to_trend,3,False
1455,full_2021_2026,2026-06-16,2026-06-17 00:00:00,2026-07-13,2026-07-14,1274400.0,1.7881787,2.0476716,1139.42746764,1304.7763435200002,0.1439712103293358,trend,trend,trend_to_trend,18,False
1455,full_2021_2026,2026-08-04,2026-08-05 00:00:00,2026-08-14,2026-08-17,1565700.0,1.6649953000000002,1.7750526,1303.4415706050004,1389.5999279100001,0.06503509918782235,range,range,range_to_range,8,False
1455,full_2021_2026,2026-08-17,2026-08-18 00:00:00,2026-08-20,2026-08-21,1503400.0,1.8467413,1.7043736,1388.1954352100001,1281.17763512,-0.07801375419452672,range,range,range_to_range,3,True
1455,full_2021_2026,2026-08-21,2026-08-24 10:00:00,2026-08-26,2026-08-27,1498700.0,1.708,1.6952863,1279.8898000000002,1270.3627889050001,-0.008435678618536113,range,range,range_to_range,3,True
1455,rolling_2021_2023,2021-01-12,2021-01-13 10:30:00,2021-01-28,2021-01-29,697000.0,1.434,1.456,499.749,507.416,0.014326867249778275,warmup,warmup,warmup_to_warmup,12,False
1455,rolling_2021_2023,2021-03-26,2021-03-29 10:00:00,2021-04-12,2021-04-13,791400.0,1.281,1.267,506.89169999999996,501.3519,-0.011917538498510294,trend,range,trend_to_range,10,True
1455,rolling_2021_2023,2021-04-16,2021-04-19 00:00:00,2021-05-07,2021-05-10,770500.0,1.3,1.295,500.825,498.89875,-0.004841809864298607,trend,trend,trend_to_trend,12,False
1455,rolling_2021_2023,2021-05-17,2021-05-18 10:00:00,2021-06-16,2021-06-17,736700.0,1.353,1.441,498.37755,530.7923499999999,0.06397614201029556,range,trend,range_to_trend,21,False
1455,rolling_2021_2023,2021-06-17,2021-06-18 00:00:00,2021-07-06,2021-07-07,704700.0,1.505,1.557,530.28675,548.6089499999999,0.03351746053883353,trend,trend,trend_to_trend,13,False
1455,rolling_2021_2023,2021-07-07,2021-07-08 00:00:00,2021-07-14,2021-07-15,684200.0,1.602,1.589,548.0442,543.5969,-0.009106245878309216,trend,trend,trend_to_trend,5,True
1455,rolling_2021_2023,2021-07-29,2021-07-30 00:00:00,2021-08-09,2021-08-10,668000.0,1.626,1.604,543.0840000000001,535.736,-0.014516112177613616,trend,trend,trend_to_trend,7,True
1455,rolling_2021_2023,2021-08-24,2021-08-25 00:00:00,2021-08-27,2021-08-30,661500.0,1.618,1.525,535.1535,504.39374999999995,-0.058420418962336074,trend,range,trend_to_range,3,True
1455,rolling_2021_2023,2021-10-15,2021-10-18 00:00:00,2021-10-27,2021-10-28,720900.0,1.398,1.391,503.90909999999997,501.38595000000004,-0.006001648674947235,trend,trend,trend_to_trend,8,True
1455,rolling_2021_2023,2021-10-29,2021-11-01 10:00:00,2021-11-18,2021-11-19,700100.0,1.431,1.456,500.92155,509.6728,0.01645333866958909,trend,range,trend_to_range,14,False
1455,rolling_2021_2023,2021-11-19,2021-11-22 00:00:00,2021-12-02,2021-12-03,688000.0,1.48,1.469,509.12,505.336,-0.008424503964234109,range,range,range_to_range,9,True
1455,rolling_2021_2023,2021-12-03,2021-12-06 00:00:00,2021-12-08,2021-12-09,681300.0,1.482,1.45,504.8433,493.9425,-0.022570361243130055,range,range,range_to_range,3,True
1455,rolling_2021_2023,2021-12-17,2021-12-20 00:00:00,2021-12-23,2021-12-24,686300.0,1.438,1.415,493.44969999999995,485.55725,-0.016977950524042384,range,range,range_to_range,4,True
1455,rolling_2021_2023,2022-01-13,2022-01-14 00:00:00,2022-01-21,2022-01-24,728400.0,1.332,1.326,485.11440000000005,482.92920000000004,-0.0054995025010017295,range,range,range_to_range,6,True
1455,rolling_2021_2023,2022-02-23,2022-02-24 00:00:00,2022-03-03,2022-03-04,766400.0,1.259,1.239,482.4488,474.7848000000001,-0.016869246075929434,trend,trend,trend_to_trend,6,True
1455,rolling_2021_2023,2022-03-21,2022-03-22 00:00:00,2022-03-24,2022-03-25,805200.0,1.178,1.167,474.26279999999997,469.8342,-0.010328027836675857,trend,trend,trend_to_trend,3,True
1455,rolling_2021_2023,2022-05-05,2022-05-06 00:00:00,2022-06-21,2022-06-22,983000.0,0.955,1.116,469.3825,548.514,0.16741838504831374,trend,range,trend_to_range,32,False
1455,rolling_2021_2023,2022-06-24,2022-06-27 10:30:00,2022-07-07,2022-07-08,963900.0,1.137,1.145,547.97715,551.83275,0.006029527013098557,range,range,range_to_range,9,False
1455,rolling_2021_2023,2022-07-21,2022-07-22 10:00:00,2022-08-19,2022-08-22,975700.0,1.13,1.137,551.2705,554.68545,0.005188998421143287,trend,trend,trend_to_trend,21,False
1455,rolling_2021_2023,2022-10-17,2022-10-18 10:00:00,2022-10-28,2022-10-31,1119500.0,0.99,1.025,554.1525,573.74375,0.034318699236240535,trend,range,trend_to_range,9,False
1455,rolling_2021_2023,2022-10-31,2022-11-01 00:00:00,2022-11-07,2022-11-08,1101200.0,1.041,1.09,573.1745999999999,600.154,0.04602357802846879,trend,range,trend_to_range,5,False
1455,rolling_2021_2023,2022-11-09,2022-11-10 00:00:00,2022-11-21,2022-11-22,1130100.0,1.061,1.061,599.5180499999999,599.5180499999999,-0.0009995002498751626,trend,trend,trend_to_trend,8,True
1455,rolling_2021_2023,2022-12-12,2022-12-13 00:00:00,2022-12-15,2022-12-16,1165200.0,1.028,1.01,598.9128000000001,588.426,-0.018491726899196426,range,range,range_to_range,3,True
1455,rolling_2021_2023,2022-12-30,2023-01-03 00:00:00,2023-02-08,2023-02-09,1191200.0,0.987,1.032,587.8571999999999,614.6592,0.044547634997091246,range,range,range_to_range,22,False
1455,rolling_2021_2023,2023-03-01,2023-03-02 10:00:00,2023-03-07,2023-03-08,1206400.0,1.018,1.012,614.0576,610.4384,-0.006887518912449431,range,range,range_to_range,4,True
1455,rolling_2021_2023,2023-03-22,2023-03-23 00:00:00,2023-04-21,2023-04-24,1160500.0,1.051,1.136,609.84275,659.1639999999999,0.07979502161383589,trend,trend,trend_to_trend,21,False
1455,rolling_2021_2023,2023-05-16,2023-05-17 00:00:00,2023-06-06,2023-06-07,1257800.0,1.047,1.052,658.4582999999999,661.6028000000001,0.0037712757756749316,range,range,range_to_range,15,False
1455,rolling_2021_2023,2023-06-09,2023-06-12 00:00:00,2023-06-26,2023-06-27,1255400.0,1.053,1.035,660.9680999999999,649.6695,-0.018076431869535337,range,range,range_to_range,9,True
1455,rolling_2021_2023,2023-07-31,2023-08-01 00:00:00,2023-08-08,2023-08-09,1307200.0,0.993,0.988,649.0248,645.7568000000001,-0.006029714246602813,trend,range,trend_to_range,6,True
1455,rolling_2021_2023,2023-08-30,2023-08-31 00:00:00,2023-09-07,2023-09-08,1345400.0,0.959,0.917,645.1193,616.8659,-0.044751346954259974,trend,trend,trend_to_trend,6,True
1455,rolling_2021_2023,2023-09-27,2023-09-28 00:00:00,2023-10-16,2023-10-17,1364900.0,0.903,0.896,616.25235,611.4752000000001,-0.008743690170418428,trend,trend,trend_to_trend,7,True
1455,rolling_2021_2023,2023-10-27,2023-10-30 00:00:00,2023-11-22,2023-11-23,1388300.0,0.88,0.892,610.852,619.1818000000001,0.012623233837626868,trend,range,trend_to_range,18,False
1455,rolling_2021_2023,2023-12-08,2023-12-11 00:00:00,2023-12-15,2023-12-18,1402600.0,0.882,0.867,618.5466,608.0271,-0.017989304667394235,trend,range,trend_to_range,5,True
1455,rolling_2022_2024,2022-01-13,2022-01-14 00:00:00,2022-01-21,2022-01-24,750300.0,1.332,1.326,499.69980000000004,497.44890000000004,-0.0054995025010017295,range,range,range_to_range,6,True
1455,rolling_2022_2024,2022-02-23,2022-02-24 00:00:00,2022-03-03,2022-03-04,789500.0,1.259,1.239,496.99024999999995,489.0952500000001,-0.016869246075929323,trend,trend,trend_to_trend,6,True
1455,rolling_2022_2024,2022-03-21,2022-03-22 00:00:00,2022-03-24,2022-03-25,829500.0,1.178,1.167,488.57550000000003,484.01325,-0.010328027836675857,trend,trend,trend_to_trend,3,True
1455,rolling_2022_2024,2022-05-05,2022-05-06 00:00:00,2022-06-21,2022-06-22,1012700.0,0.955,1.116,483.56425,565.0866000000001,0.16741838504831352,trend,range,trend_to_range,32,False
1455,rolling_2022_2024,2022-06-24,2022-06-27 10:30:00,2022-07-07,2022-07-08,993000.0,1.137,1.145,564.5205,568.4925000000001,0.006029527013098557,range,range,range_to_range,9,False
1455,rolling_2022_2024,2022-07-21,2022-07-22 10:00:00,2022-08-19,2022-08-22,1005100.0,1.13,1.137,567.8815,571.39935,0.005188998421143287,trend,trend,trend_to_trend,21,False
1455,rolling_2022_2024,2022-10-17,2022-10-18 10:00:00,2022-10-28,2022-10-31,1153200.0,0.99,1.025,570.8340000000001,591.015,0.034318699236240535,trend,range,trend_to_range,9,False
1455,rolling_2022_2024,2022-10-31,2022-11-01 00:00:00,2022-11-07,2022-11-08,1134400.0,1.041,1.09,590.4552,618.248,0.046023578028469236,trend,range,trend_to_range,5,False
1455,rolling_2022_2024,2022-11-09,2022-11-10 00:00:00,2022-11-21,2022-11-22,1164200.0,1.061,1.061,617.6081,617.6081,-0.0009995002498751626,trend,trend,trend_to_trend,8,True
1455,rolling_2022_2024,2022-12-12,2022-12-13 00:00:00,2022-12-15,2022-12-16,1200400.0,1.028,1.01,617.0056,606.202,-0.018491726899196315,range,range,range_to_range,3,True
1455,rolling_2022_2024,2022-12-30,2023-01-03 00:00:00,2023-02-08,2023-02-09,1227100.0,0.987,1.032,605.57385,633.1836,0.044547634997091023,range,range,range_to_range,22,False
1455,rolling_2022_2024,2023-03-01,2023-03-02 10:00:00,2023-03-07,2023-03-08,1242800.0,1.018,1.012,632.5852,628.8568,-0.00688751891244932,range,range,range_to_range,4,True
1455,rolling_2022_2024,2023-03-22,2023-03-23 00:00:00,2023-04-21,2023-04-24,1195500.0,1.051,1.136,628.2352500000001,679.0439999999999,0.07979502161383611,trend,trend,trend_to_trend,21,False
1455,rolling_2022_2024,2023-05-16,2023-05-17 00:00:00,2023-06-06,2023-06-07,1295800.0,1.047,1.052,678.3512999999999,681.5908000000001,0.0037712757756749316,range,range,range_to_range,15,False
1455,rolling_2022_2024,2023-06-09,2023-06-12 00:00:00,2023-06-26,2023-06-27,1293300.0,1.053,1.035,680.9224499999999,669.28275,-0.018076431869535226,range,range,range_to_range,9,True
1455,rolling_2022_2024,2023-07-31,2023-08-01 00:00:00,2023-08-08,2023-08-09,1346600.0,0.993,0.988,668.5869,665.2204,-0.006029714246602813,trend,range,trend_to_range,6,True
1455,rolling_2022_2024,2023-08-30,2023-08-31 00:00:00,2023-09-07,2023-09-08,1385900.0,0.959,0.917,664.53905,635.43515,-0.044751346954259974,trend,trend,trend_to_trend,6,True
1455,rolling_2022_2024,2023-09-27,2023-09-28 00:00:00,2023-10-16,2023-10-17,1406000.0,0.903,0.896,634.809,629.888,-0.00874369017041865,trend,trend,trend_to_trend,7,True
1455,rolling_2022_2024,2023-10-27,2023-10-30 00:00:00,2023-11-22,2023-11-23,1430200.0,0.88,0.892,629.288,637.8692,0.012623233837626646,trend,range,trend_to_range,18,False
1455,rolling_2022_2024,2023-12-08,2023-12-11 00:00:00,2023-12-15,2023-12-18,1444900.0,0.882,0.867,637.2009,626.36415,-0.017989304667394235,trend,range,trend_to_range,5,True
1455,rolling_2022_2024,2023-12-29,2024-01-02 00:00:00,2024-01-04,2024-01-05,1435200.0,0.872,0.842,625.7472,604.2192,-0.035368783498159195,range,range,range_to_range,3,True
1455,rolling_2022_2024,2024-02-08,2024-02-19 10:00:00,2024-03-13,2024-03-14,1567900.0,0.77,0.831,603.6415000000001,651.46245,0.07814209778227776,trend,range,trend_to_range,18,False
1455,rolling_2022_2024,2024-04-24,2024-04-25 00:00:00,2024-04-30,2024-05-06,1728500.0,0.753,0.799,650.78025,690.53575,0.06002841872556419,range,range,range_to_range,4,False
1455,rolling_2022_2024,2024-05-10,2024-05-13 00:00:00,2024-05-15,2024-05-16,1768900.0,0.78,0.768,689.871,679.2576,-0.016368738707569275,trend,trend,trend_to_trend,3,True
1455,rolling_2022_2024,2024-06-03,2024-06-04 00:00:00,2024-06-06,2024-06-07,1769400.0,0.767,0.762,678.5649000000001,674.1414000000001,-0.0075118894268643155,trend,range,trend_to_range,3,True
1455,rolling_2022_2024,2024-06-11,2024-06-12 10:00:00,2024-06-25,2024-06-26,1735800.0,0.776,0.734,673.4904,637.0386,-0.05506911492707267,range,range,range_to_range,10,True
1455,rolling_2022_2024,2024-07-17,2024-07-18 00:00:00,2024-07-22,2024-07-23,1715300.0,0.742,0.77,636.3763,660.3905,0.036698631816167504,range,range,range_to_range,3,False
1455,rolling_2022_2024,2024-07-31,2024-08-01 10:00:00,2024-08-05,2024-08-06,1729300.0,0.763,0.73,659.72795,631.1945000000001,-0.04420659919057501,trend,range,trend_to_range,3,True
1455,rolling_2022_2024,2024-09-24,2024-09-25 14:00:00,2024-09-27,2024-09-30,1843800.0,0.684,0.813,630.5796000000001,749.5047,0.1874084887380869,trend,range,trend_to_range,3,False
1455,rolling_2022_2024,2024-10-08,2024-10-09 00:00:00,2024-10-30,2024-10-31,1389100.0,1.078,0.981,748.7249,681.3535499999999,-0.09089101089529472,trend,trend,trend_to_trend,16,False
1455,rolling_2022_2024,2024-11-05,2024-11-06 10:00:00,2024-11-15,2024-11-18,1336000.0,1.019,1.014,680.6919999999999,677.352,-0.005901367275145342,trend,trend,trend_to_trend,8,True
1455,rolling_2022_2024,2024-12-02,2024-12-03 00:00:00,2024-12-05,2024-12-06,1300000.0,1.041,1.03,676.65,669.5,-0.01155570149603391,trend,trend,trend_to_trend,3,True
1455,rolling_2022_2024,2024-12-10,2024-12-11 00:00:00,2024-12-13,2024-12-16,1293700.0,1.034,1.013,668.8429,655.2590499999999,-0.021288678678069273,trend,trend,trend_to_trend,3,True
1455,rolling_2023_2025,2022-12-30,2023-01-03 00:00:00,2023-02-08,2023-02-09,1012600.0,0.987,1.032,499.7181,522.5016,0.044547634997091246,range,range,range_to_range,22,False
1455,rolling_2023_2025,2023-03-01,2023-03-02 10:00:00,2023-03-07,2023-03-08,1025500.0,1.018,1.012,521.9795,518.903,-0.006887518912449542,range,range,range_to_range,4,True
1455,rolling_2023_2025,2023-03-22,2023-03-23 00:00:00,2023-04-21,2023-04-24,986500.0,1.051,1.136,518.4057499999999,560.332,0.07979502161383634,trend,trend,trend_to_trend,21,False
1455,rolling_2023_2025,2023-05-16,2023-05-17 00:00:00,2023-06-06,2023-06-07,1069300.0,1.047,1.052,559.77855,562.4518,0.0037712757756751536,range,range,range_to_range,15,False
1455,rolling_2023_2025,2023-06-09,2023-06-12 00:00:00,2023-06-26,2023-06-27,1067200.0,1.053,1.035,561.8807999999999,552.2760000000001,-0.018076431869535226,range,range,range_to_range,9,True
1455,rolling_2023_2025,2023-07-31,2023-08-01 00:00:00,2023-08-08,2023-08-09,1111200.0,0.993,0.988,551.7108000000001,548.9328,-0.006029714246602813,trend,range,trend_to_range,6,True
1455,rolling_2023_2025,2023-08-30,2023-08-31 00:00:00,2023-09-07,2023-09-08,1143700.0,0.959,0.917,548.4041500000001,524.3864500000001,-0.044751346954260085,trend,trend,trend_to_trend,6,True
1455,rolling_2023_2025,2023-09-27,2023-09-28 00:00:00,2023-10-16,2023-10-17,1160200.0,0.903,0.896,523.8303,519.7696000000001,-0.00874369017041865,trend,trend,trend_to_trend,7,True
1455,rolling_2023_2025,2023-10-27,2023-10-30 00:00:00,2023-11-22,2023-11-23,1180200.0,0.88,0.892,519.288,526.3692,0.012623233837626646,trend,range,trend_to_range,18,False
1455,rolling_2023_2025,2023-12-08,2023-12-11 00:00:00,2023-12-15,2023-12-18,1192300.0,0.882,0.867,525.8043,516.86205,-0.017989304667394235,trend,range,trend_to_range,5,True
1455,rolling_2023_2025,2023-12-29,2024-01-02 00:00:00,2024-01-04,2024-01-05,1184300.0,0.872,0.842,516.3548,498.5903,-0.035368783498159195,range,range,range_to_range,3,True
1455,rolling_2023_2025,2024-02-08,2024-02-19 10:00:00,2024-03-13,2024-03-14,1293800.0,0.77,0.831,498.113,537.5739,0.07814209778227776,trend,range,trend_to_range,18,False
1455,rolling_2023_2025,2024-04-24,2024-04-25 00:00:00,2024-04-30,2024-05-06,1426400.0,0.753,0.799,537.0396,569.8468,0.060028418725564414,range,range,range_to_range,4,False
1455,rolling_2023_2025,2024-05-10,2024-05-13 00:00:00,2024-05-15,2024-05-16,1459600.0,0.78,0.768,569.244,560.4864,-0.016368738707569275,trend,trend,trend_to_trend,3,True
1455,rolling_2023_2025,2024-06-03,2024-06-04 00:00:00,2024-06-06,2024-06-07,1460100.0,0.767,0.762,559.94835,556.2981,-0.0075118894268640934,trend,range,trend_to_range,3,True
1455,rolling_2023_2025,2024-06-11,2024-06-12 10:00:00,2024-06-25,2024-06-26,1432300.0,0.776,0.734,555.7324,525.6541,-0.05506911492707267,range,range,range_to_range,10,True
1455,rolling_2023_2025,2024-07-17,2024-07-18 00:00:00,2024-07-22,2024-07-23,1415500.0,0.742,0.77,525.1505,544.9675,0.03669863181616728,range,range,range_to_range,3,False
1455,rolling_2023_2025,2024-07-31,2024-08-01 10:00:00,2024-08-05,2024-08-06,1427000.0,0.763,0.73,544.4005,520.855,-0.04420659919057501,trend,range,trend_to_range,3,True
1455,rolling_2023_2025,2024-09-24,2024-09-25 14:00:00,2024-09-27,2024-09-30,1521500.0,0.684,0.813,520.3530000000001,618.48975,0.1874084887380869,trend,range,trend_to_range,3,False
1455,rolling_2023_2025,2024-10-08,2024-10-09 00:00:00,2024-10-30,2024-10-31,1146300.0,1.078,0.981,617.8557000000001,562.2601500000001,-0.0908910108952945,trend,trend,trend_to_trend,16,False
1455,rolling_2023_2025,2024-11-05,2024-11-06 10:00:00,2024-11-15,2024-11-18,1102400.0,1.019,1.014,561.6727999999999,558.9168000000001,-0.005901367275145453,trend,trend,trend_to_trend,8,True
1455,rolling_2023_2025,2024-12-02,2024-12-03 00:00:00,2024-12-05,2024-12-06,1072800.0,1.041,1.03,558.3924,552.492,-0.011555701496033799,trend,trend,trend_to_trend,3,True
1455,rolling_2023_2025,2024-12-10,2024-12-11 00:00:00,2024-12-13,2024-12-16,1067600.0,1.034,1.013,551.9492000000001,540.7393999999999,-0.021288678678069384,trend,trend,trend_to_trend,3,True
1455,rolling_2023_2025,2024-12-20,2024-12-23 00:00:00,2024-12-31,2025-01-02,1043800.0,1.035,1.01,540.1665,527.119,-0.025129947103742833,trend,range,trend_to_range,7,True
1455,rolling_2023_2025,2025-01-07,2025-01-08 00:00:00,2025-01-13,2025-01-14,1074700.0,0.98,0.98,526.6030000000001,526.6030000000001,-0.0009995002498748295,range,range,range_to_range,4,True
1455,rolling_2023_2025,2025-01-14,2025-01-15 00:00:00,2025-01-20,2025-01-21,1050100.0,1.002,0.996,526.1001,522.9498,-0.0069815391705343455,range,range,range_to_range,4,True
1455,rolling_2023_2025,2025-01-21,2025-01-22 00:00:00,2025-03-11,2025-03-12,1049000.0,0.996,1.133,522.402,594.2585,0.13641321909326454,range,range,range_to_range,29,False
1455,rolling_2023_2025,2025-04-16,2025-04-17 00:00:00,2025-04-24,2025-04-25,1153900.0,1.029,1.027,593.6815499999999,592.5276499999999,-0.0029411921833060184,range,range,range_to_range,6,True
1455,rolling_2023_2025,2025-05-08,2025-05-09 00:00:00,2025-05-16,2025-05-19,1131800.0,1.046,1.017,591.9314,575.5202999999999,-0.028696454831857565,range,range,range_to_range,6,True
1455,rolling_2023_2025,2025-06-05,2025-06-06 00:00:00,2025-06-10,2025-06-11,1124000.0,1.023,1.007,574.926,565.9339999999999,-0.016624141497188938,trend,trend,trend_to_trend,3,True
1455,rolling_2023_2025,2025-06-24,2025-06-25 10:30:00,2025-08-08,2025-08-11,1127400.0,1.003,1.07,565.3910999999999,603.159,0.06573333472844856,trend,range,trend_to_range,33,False
1455,rolling_2023_2025,2025-08-12,2025-08-13 10:00:00,2025-09-08,2025-09-09,1097500.0,1.098,1.28,602.5275,702.4,0.16459074652109273,trend,trend,trend_to_trend,19,False
1455,rolling_2023_2025,2025-09-10,2025-09-11 00:00:00,2025-10-14,2025-10-15,1092200.0,1.285,1.442,701.7385,787.4762,0.12105737014761098,trend,trend,trend_to_trend,18,False
1455,rolling_2023_2025,2025-10-24,2025-10-27 10:30:00,2025-10-30,2025-10-31,1048200.0,1.501,1.4923366,786.6741,782.13361206,-0.006765483547366835,trend,trend,trend_to_trend,4,True
1455,rolling_2023_2025,2025-12-08,2025-12-09 00:00:00,2025-12-11,2025-12-12,1133000.0,1.3792502000000002,1.3630950000000002,781.3452383000001,772.1933175000001,-0.012700823819422613,range,range,range_to_range,3,True
1455,rolling_2023_2025,2025-12-17,2025-12-18 00:00:00,2025-12-24,2025-12-25,1140300.0,1.352998,1.3873278000000002,771.4118097,790.9849451700001,0.024348273624381855,range,range,range_to_range,5,False
1455,rolling_2024_2026,2023-12-29,2024-01-02 00:00:00,2024-01-04,2024-01-05,1146200.0,0.872,0.842,499.7432,482.5502,-0.035368783498159306,range,range,range_to_range,3,True
1455,rolling_2024_2026,2024-02-08,2024-02-19 10:00:00,2024-03-13,2024-03-14,1252100.0,0.77,0.831,482.05850000000004,520.24755,0.07814209778227754,trend,range,trend_to_range,18,False
1455,rolling_2024_2026,2024-04-24,2024-04-25 00:00:00,2024-04-30,2024-05-06,1380400.0,0.753,0.799,519.7206,551.4698000000001,0.06002841872556419,range,range,range_to_range,4,False
1455,rolling_2024_2026,2024-05-10,2024-05-13 00:00:00,2024-05-15,2024-05-16,1412600.0,0.78,0.768,550.914,542.4384,-0.016368738707569386,trend,trend,trend_to_trend,3,True
1455,rolling_2024_2026,2024-06-03,2024-06-04 00:00:00,2024-06-06,2024-06-07,1413100.0,0.767,0.762,541.92385,538.3910999999999,-0.007511889426863982,trend,range,trend_to_range,3,True
1455,rolling_2024_2026,2024-06-11,2024-06-12 10:00:00,2024-06-25,2024-06-26,1386200.0,0.776,0.734,537.8456,508.73539999999997,-0.05506911492707245,range,range,range_to_range,10,True
1455,rolling_2024_2026,2024-07-17,2024-07-18 00:00:00,2024-07-22,2024-07-23,1369900.0,0.742,0.77,508.23290000000003,527.4115,0.036698631816167504,range,range,range_to_range,3,False
1455,rolling_2024_2026,2024-07-31,2024-08-01 10:00:00,2024-08-05,2024-08-06,1381000.0,0.763,0.73,526.8515,504.065,-0.044206599190575124,trend,range,trend_to_range,3,True
1455,rolling_2024_2026,2024-09-24,2024-09-25 14:00:00,2024-09-27,2024-09-30,1472500.0,0.684,0.813,503.5950000000001,598.57125,0.1874084887380869,trend,range,trend_to_range,3,False
1455,rolling_2024_2026,2024-10-08,2024-10-09 00:00:00,2024-10-30,2024-10-31,1109400.0,1.078,0.981,597.9666000000001,544.1607,-0.0908910108952945,trend,trend,trend_to_trend,16,False
1455,rolling_2024_2026,2024-11-05,2024-11-06 10:00:00,2024-11-15,2024-11-18,1066900.0,1.019,1.014,543.5855499999999,540.9183,-0.005901367275145342,trend,trend,trend_to_trend,8,True
1455,rolling_2024_2026,2024-12-02,2024-12-03 00:00:00,2024-12-05,2024-12-06,1038200.0,1.041,1.03,540.3831,534.673,-0.011555701496033799,trend,trend,trend_to_trend,3,True
1455,rolling_2024_2026,2024-12-10,2024-12-11 00:00:00,2024-12-13,2024-12-16,1033200.0,1.034,1.013,534.1644,523.3158,-0.02128867867806916,trend,trend,trend_to_trend,3,True
1455,rolling_2024_2026,2024-12-20,2024-12-23 00:00:00,2024-12-31,2025-01-02,1010200.0,1.035,1.01,522.7785,510.151,-0.025129947103742722,trend,range,trend_to_range,7,True
1455,rolling_2024_2026,2025-01-07,2025-01-08 00:00:00,2025-01-13,2025-01-14,1040100.0,0.98,0.98,509.649,509.649,-0.0009995002498750516,range,range,range_to_range,4,True
1455,rolling_2024_2026,2025-01-14,2025-01-15 00:00:00,2025-01-20,2025-01-21,1016200.0,1.002,0.996,509.11620000000005,506.06759999999997,-0.0069815391705345675,range,range,range_to_range,4,True
1455,rolling_2024_2026,2025-01-21,2025-01-22 00:00:00,2025-03-11,2025-03-12,1015200.0,0.996,1.133,505.5696,575.1108,0.13641321909326476,range,range,range_to_range,29,False
1455,rolling_2024_2026,2025-04-16,2025-04-17 00:00:00,2025-04-24,2025-04-25,1116700.0,1.029,1.027,574.5421499999999,573.42545,-0.0029411921833057963,range,range,range_to_range,6,True
1455,rolling_2024_2026,2025-05-08,2025-05-09 00:00:00,2025-05-16,2025-05-19,1095300.0,1.046,1.017,572.8419,556.9600499999999,-0.028696454831857898,range,range,range_to_range,6,True
1455,rolling_2024_2026,2025-06-05,2025-06-06 00:00:00,2025-06-10,2025-06-11,1087800.0,1.023,1.007,556.4096999999999,547.7072999999999,-0.016624141497188716,trend,trend,trend_to_trend,3,True
1455,rolling_2024_2026,2025-06-24,2025-06-25 10:30:00,2025-08-08,2025-08-11,1091100.0,1.003,1.07,547.1866499999999,583.7385,0.06573333472844856,trend,range,trend_to_range,33,False
1455,rolling_2024_2026,2025-08-12,2025-08-13 10:00:00,2025-09-08,2025-09-09,1062200.0,1.098,1.28,583.1478000000001,679.808,0.16459074652109273,trend,trend,trend_to_trend,19,False
1455,rolling_2024_2026,2025-09-10,2025-09-11 00:00:00,2025-10-14,2025-10-15,1057000.0,1.285,1.442,679.1225000000001,762.097,0.12105737014761098,trend,trend,trend_to_trend,18,False
1455,rolling_2024_2026,2025-10-24,2025-10-27 10:30:00,2025-10-30,2025-10-31,1014400.0,1.501,1.4923366,761.3072,756.91312352,-0.006765483547366835,trend,trend,trend_to_trend,4,True
1455,rolling_2024_2026,2025-12-08,2025-12-09 00:00:00,2025-12-11,2025-12-12,1096500.0,1.3792502000000002,1.3630950000000002,756.1739221500002,747.3168337500001,-0.012700823819422724,range,range,range_to_range,3,True
1455,rolling_2024_2026,2025-12-17,2025-12-18 00:00:00,2025-12-24,2025-12-25,1103600.0,1.352998,1.3873278000000002,746.5842964,765.5274800400002,0.024348273624382077,range,range,range_to_range,5,False
1455,rolling_2024_2026,2025-12-25,2025-12-26 00:00:00,2026-01-29,2026-01-30,1102500.0,1.3873278000000002,1.5488798,764.7644497500002,853.81998975,0.11533243567444784,range,trend,range_to_trend,23,False
1455,rolling_2024_2026,2026-02-25,2026-02-26 10:00:00,2026-03-02,2026-03-03,1124500.0,1.517,1.5105112,852.93325,849.2849222000001,-0.005272614582622959,trend,trend,trend_to_trend,3,True
1455,rolling_2024_2026,2026-04-08,2026-04-09 00:00:00,2026-04-23,2026-04-24,1230300.0,1.3792502000000002,1.4812299000000002,848.4457605300001,911.1785729850001,0.0728651047828941,range,range,range_to_range,11,False
1455,rolling_2024_2026,2026-04-27,2026-04-28 00:00:00,2026-04-29,2026-04-30,1176100.0,1.5478701,1.5549380000000002,910.225012305,914.3812909000002,0.003562145867705535,range,range,range_to_range,2,False
1455,rolling_2024_2026,2026-05-06,2026-05-07 10:00:00,2026-06-01,2026-06-02,1070300.0,1.707,1.7215385,913.5010500000001,921.2813282750001,0.0075089758869832934,range,trend,range_to_trend,18,False
1455,rolling_2024_2026,2026-06-09,2026-06-10 00:00:00,2026-06-12,2026-06-15,1078700.0,1.706393,1.7397131,920.34306455,938.314260485,0.01850761010027524,range,trend,range_to_trend,3,False
1455,rolling_2024_2026,2026-06-16,2026-06-17 00:00:00,2026-07-13,2026-07-14,1048400.0,1.7881787,2.0476716,937.36327454,1073.3894527200002,0.1439712103293358,trend,trend,trend_to_trend,18,False
1455,rolling_2024_2026,2026-08-04,2026-08-05 00:00:00,2026-08-14,2026-08-17,1288100.0,1.6649953000000002,1.7750526,1072.3402229650003,1143.22262703,0.06503509918782258,range,range,range_to_range,8,False
1455,rolling_2024_2026,2026-08-17,2026-08-18 00:00:00,2026-08-20,2026-08-21,1236900.0,1.8467413,1.7043736,1142.117156985,1054.06985292,-0.07801375419452661,range,range,range_to_range,3,True
1455,rolling_2024_2026,2026-08-21,2026-08-24 10:00:00,2026-08-26,2026-08-27,1233000.0,1.708,1.6952863,1052.982,1045.14400395,-0.008435678618536113,range,range,range_to_range,3,True
1485,full_2021_2026,2021-01-12,2021-01-13 10:30:00,2021-01-28,2021-01-29,697000.0,1.434,1.456,499.749,507.416,0.014326867249778275,warmup,warmup,warmup_to_warmup,12,False
1485,full_2021_2026,2021-03-26,2021-03-29 10:00:00,2021-04-12,2021-04-13,791400.0,1.281,1.267,506.89169999999996,501.3519,-0.011917538498510294,trend,range,trend_to_range,10,True
1485,full_2021_2026,2021-04-16,2021-04-19 00:00:00,2021-05-07,2021-05-10,770500.0,1.3,1.295,500.825,498.89875,-0.004841809864298607,trend,trend,trend_to_trend,12,False
1485,full_2021_2026,2021-05-17,2021-05-18 10:00:00,2021-06-16,2021-06-17,736700.0,1.353,1.441,498.37755,530.7923499999999,0.06397614201029556,range,trend,range_to_trend,21,False
1485,full_2021_2026,2021-06-17,2021-06-18 00:00:00,2021-07-06,2021-07-07,704700.0,1.505,1.557,530.28675,548.6089499999999,0.03351746053883353,trend,trend,trend_to_trend,13,False
1485,full_2021_2026,2021-07-07,2021-07-08 00:00:00,2021-07-14,2021-07-15,684200.0,1.602,1.589,548.0442,543.5969,-0.009106245878309216,trend,trend,trend_to_trend,5,True
1485,full_2021_2026,2021-07-29,2021-07-30 00:00:00,2021-08-09,2021-08-10,668000.0,1.626,1.604,543.0840000000001,535.736,-0.014516112177613616,trend,trend,trend_to_trend,7,True
1485,full_2021_2026,2021-08-24,2021-08-25 00:00:00,2021-08-27,2021-08-30,661500.0,1.618,1.525,535.1535,504.39374999999995,-0.058420418962336074,trend,range,trend_to_range,3,True
1485,full_2021_2026,2021-10-15,2021-10-18 00:00:00,2021-10-27,2021-10-28,720900.0,1.398,1.391,503.90909999999997,501.38595000000004,-0.006001648674947235,trend,trend,trend_to_trend,8,True
1485,full_2021_2026,2021-10-29,2021-11-01 10:00:00,2021-11-18,2021-11-19,700100.0,1.431,1.456,500.92155,509.6728,0.01645333866958909,trend,range,trend_to_range,14,False
1485,full_2021_2026,2021-11-19,2021-11-22 00:00:00,2021-12-02,2021-12-03,688000.0,1.48,1.469,509.12,505.336,-0.008424503964234109,range,range,range_to_range,9,True
1485,full_2021_2026,2021-12-03,2021-12-06 00:00:00,2021-12-08,2021-12-09,681300.0,1.482,1.45,504.8433,493.9425,-0.022570361243130055,range,range,range_to_range,3,True
1485,full_2021_2026,2021-12-17,2021-12-20 00:00:00,2021-12-23,2021-12-24,686300.0,1.438,1.415,493.44969999999995,485.55725,-0.016977950524042384,range,range,range_to_range,4,True
1485,full_2021_2026,2022-01-13,2022-01-14 00:00:00,2022-01-21,2022-01-24,728400.0,1.332,1.326,485.11440000000005,482.92920000000004,-0.0054995025010017295,range,range,range_to_range,6,True
1485,full_2021_2026,2022-02-23,2022-02-24 00:00:00,2022-03-03,2022-03-04,766400.0,1.259,1.239,482.4488,474.7848000000001,-0.016869246075929434,trend,trend,trend_to_trend,6,True
1485,full_2021_2026,2022-03-21,2022-03-22 00:00:00,2022-03-24,2022-03-25,805200.0,1.178,1.167,474.26279999999997,469.8342,-0.010328027836675857,trend,trend,trend_to_trend,3,True
1485,full_2021_2026,2022-05-05,2022-05-06 00:00:00,2022-06-07,2022-06-08,983000.0,0.955,1.139,469.3825,559.8185,0.19147808294805468,trend,range,trend_to_range,22,False
1485,full_2021_2026,2022-06-08,2022-06-09 00:00:00,2022-06-21,2022-06-22,986400.0,1.134,1.116,559.2887999999999,550.4112000000001,-0.016856651039559245,range,range,range_to_range,9,True
1485,full_2021_2026,2022-07-01,2022-07-04 00:00:00,2022-07-08,2022-07-11,981000.0,1.121,1.13,549.8505,554.265,0.007021021157574747,range,range,range_to_range,5,False
1485,full_2021_2026,2022-07-21,2022-07-22 10:00:00,2022-08-16,2022-08-17,980000.0,1.13,1.173,553.7,574.77,0.03701556301495268,trend,range,trend_to_range,18,False
1485,full_2021_2026,2022-10-17,2022-10-18 10:00:00,2022-10-28,2022-10-31,1160000.0,0.99,1.025,574.2,594.5,0.034318699236240535,trend,range,trend_to_range,9,False
1485,full_2021_2026,2022-10-31,2022-11-01 00:00:00,2022-11-07,2022-11-08,1141000.0,1.041,1.09,593.8905,621.845,0.046023578028469014,trend,range,trend_to_range,5,False
1485,full_2021_2026,2022-11-09,2022-11-10 00:00:00,2022-11-21,2022-11-22,1171000.0,1.061,1.061,621.2155,621.2155,-0.0009995002498749406,trend,trend,trend_to_trend,8,True
1485,full_2021_2026,2022-12-12,2022-12-13 00:00:00,2022-12-15,2022-12-16,1207400.0,1.028,1.01,620.6036,609.737,-0.018491726899196315,range,range,range_to_range,3,True
1485,full_2021_2026,2022-12-30,2023-01-03 00:00:00,2023-01-11,2023-01-12,1234300.0,0.987,0.997,609.12705,615.2985500000001,0.009122085360561805,range,range,range_to_range,7,False
1485,full_2021_2026,2023-01-16,2023-01-17 10:00:00,2023-02-08,2023-02-09,1207600.0,1.018,1.032,614.6684,623.1216,0.012739209962798537,range,range,range_to_range,12,False
1485,full_2021_2026,2023-03-01,2023-03-02 10:00:00,2023-03-07,2023-03-08,1223000.0,1.018,1.012,622.5070000000001,618.838,-0.006887518912449431,range,range,range_to_range,4,True
1485,full_2021_2026,2023-03-22,2023-03-23 00:00:00,2023-04-21,2023-04-24,1176500.0,1.051,1.136,618.25075,668.252,0.07979502161383611,trend,trend,trend_to_trend,21,False
1485,full_2021_2026,2023-05-26,2023-05-29 10:00:00,2023-06-06,2023-06-07,1252500.0,1.066,1.052,667.5825,658.815,-0.01411958186010187,range,range,range_to_range,7,True
1485,full_2021_2026,2023-06-09,2023-06-12 00:00:00,2023-06-26,2023-06-27,1250000.0,1.053,1.035,658.125,646.875,-0.018076431869535337,range,range,range_to_range,9,True
1485,full_2021_2026,2023-06-27,2023-06-28 00:00:00,2023-07-05,2023-07-06,1247600.0,1.036,1.029,646.2568000000001,641.8901999999999,-0.007749503626565346,range,trend,range_to_trend,6,True
1485,full_2021_2026,2023-07-31,2023-08-01 00:00:00,2023-08-08,2023-08-09,1291500.0,0.993,0.988,641.22975,638.001,-0.006029714246602702,trend,range,trend_to_range,6,True
1485,full_2021_2026,2023-08-30,2023-08-31 00:00:00,2023-09-07,2023-09-08,1329200.0,0.959,0.917,637.3514,609.4382,-0.044751346954260085,trend,trend,trend_to_trend,6,True
1485,full_2021_2026,2023-09-27,2023-09-28 00:00:00,2023-10-16,2023-10-17,1348500.0,0.903,0.896,608.84775,604.128,-0.00874369017041865,trend,trend,trend_to_trend,7,True
1485,full_2021_2026,2023-10-27,2023-10-30 00:00:00,2023-11-21,2023-11-22,1371700.0,0.88,0.905,603.548,620.69425,0.027381195765753485,trend,range,trend_to_range,17,False
1485,full_2021_2026,2023-12-08,2023-12-11 00:00:00,2023-12-15,2023-12-18,1406000.0,0.882,0.867,620.046,609.501,-0.017989304667394235,trend,range,trend_to_range,5,True
1485,full_2021_2026,2023-12-28,2023-12-29 00:00:00,2024-01-03,2024-01-04,1401400.0,0.869,0.849,608.9083,594.8942999999999,-0.023991456515701004,range,range,range_to_range,3,True
1485,full_2021_2026,2024-02-08,2024-02-19 10:00:00,2024-03-07,2024-03-08,1543600.0,0.77,0.814,594.2860000000001,628.2452,0.05608624259298911,trend,range,trend_to_range,14,False
1485,full_2021_2026,2024-03-11,2024-03-12 10:00:00,2024-03-14,2024-03-15,1497900.0,0.838,0.821,627.6201,614.8879499999999,-0.02126562017320688,range,range,range_to_range,3,True
1485,full_2021_2026,2024-04-24,2024-04-25 00:00:00,2024-04-30,2024-05-06,1631600.0,0.753,0.799,614.2974,651.8242000000001,0.06002841872556419,range,range,range_to_range,4,False
1485,full_2021_2026,2024-05-10,2024-05-13 00:00:00,2024-05-15,2024-05-16,1669600.0,0.78,0.768,651.144,641.1264,-0.016368738707569275,trend,trend,trend_to_trend,3,True
1485,full_2021_2026,2024-06-03,2024-06-04 00:00:00,2024-06-25,2024-06-26,1670100.0,0.767,0.734,640.48335,612.9267,-0.04398126881800313,trend,range,trend_to_range,15,False
1485,full_2021_2026,2024-07-17,2024-07-18 00:00:00,2024-07-22,2024-07-23,1650500.0,0.742,0.77,612.3355,635.4425,0.036698631816167504,range,range,range_to_range,3,False
1485,full_2021_2026,2024-07-31,2024-08-01 10:00:00,2024-08-05,2024-08-06,1664000.0,0.763,0.73,634.816,607.36,-0.044206599190575235,trend,range,trend_to_range,3,True
1485,full_2021_2026,2024-09-24,2024-09-25 14:00:00,2024-10-30,2024-10-31,1774100.0,0.684,0.981,606.7422000000001,870.1960499999999,0.4327770325363631,trend,trend,trend_to_trend,21,False
1485,full_2021_2026,2024-11-05,2024-11-06 10:00:00,2024-11-15,2024-11-18,1706200.0,1.019,1.014,869.3088999999999,865.0434,-0.005901367275145453,trend,trend,trend_to_trend,8,True
1485,full_2021_2026,2024-12-02,2024-12-03 00:00:00,2024-12-05,2024-12-06,1660300.0,1.041,1.03,864.1861499999999,855.0545,-0.011555701496033799,trend,trend,trend_to_trend,3,True
1485,full_2021_2026,2024-12-10,2024-12-11 00:00:00,2024-12-13,2024-12-16,1652200.0,1.034,1.013,854.1874,836.8393,-0.021288678678069273,trend,trend,trend_to_trend,3,True
1485,full_2021_2026,2024-12-20,2024-12-23 00:00:00,2024-12-31,2025-01-02,1615500.0,1.035,1.01,836.0212499999999,815.8275,-0.02512994710374261,trend,range,trend_to_range,7,True
1485,full_2021_2026,2025-01-07,2025-01-08 00:00:00,2025-01-13,2025-01-14,1663300.0,0.98,0.98,815.017,815.017,-0.0009995002498750516,range,range,range_to_range,4,True
1485,full_2021_2026,2025-01-14,2025-01-15 00:00:00,2025-03-11,2025-03-12,1625100.0,1.002,1.133,814.1751,920.61915,0.12960834951785594,range,range,range_to_range,34,False
1485,full_2021_2026,2025-04-16,2025-04-17 00:00:00,2025-04-24,2025-04-25,1787600.0,1.029,1.027,919.7202,917.9326,-0.0029411921833057963,range,range,range_to_range,6,True
1485,full_2021_2026,2025-06-05,2025-06-06 00:00:00,2025-06-10,2025-06-11,1792800.0,1.023,1.007,917.0172,902.6748,-0.016624141497188716,trend,trend,trend_to_trend,3,True
1485,full_2021_2026,2025-06-24,2025-06-25 10:30:00,2025-07-08,2025-07-09,1798100.0,1.003,1.017,901.7471499999999,914.3338499999999,0.01294467422320733,trend,range,trend_to_range,10,False
1485,full_2021_2026,2025-07-14,2025-07-15 00:00:00,2025-08-08,2025-08-11,1794600.0,1.018,1.07,913.4514,960.111,0.05002999482576986,range,range,range_to_range,19,False
1485,full_2021_2026,2025-08-12,2025-08-13 10:00:00,2025-09-08,2025-09-09,1747100.0,1.098,1.28,959.1579,1118.144,0.16459074652109296,trend,trend,trend_to_trend,19,False
1485,full_2021_2026,2025-09-10,2025-09-11 00:00:00,2025-10-14,2025-10-15,1738500.0,1.285,1.442,1116.98625,1253.4585,0.12105737014761098,trend,trend,trend_to_trend,18,False
1485,full_2021_2026,2025-10-24,2025-10-27 10:30:00,2025-10-30,2025-10-31,1668500.0,1.501,1.4923366,1252.20925,1244.98180855,-0.006765483547366946,trend,trend,trend_to_trend,4,True
1485,full_2021_2026,2025-12-08,2025-12-09 00:00:00,2025-12-10,2025-12-11,1803500.0,1.3792502000000002,1.3863181,1243.7388678500004,1250.112346675,0.00411982881180184,range,range,range_to_range,2,False
1485,full_2021_2026,2025-12-17,2025-12-18 00:00:00,2025-12-24,2025-12-25,1846100.0,1.352998,1.3873278000000002,1248.8848039,1280.5729257900002,0.024348273624382077,range,range,range_to_range,5,False
1485,full_2021_2026,2025-12-25,2025-12-26 00:00:00,2026-01-29,2026-01-30,1844200.0,1.3873278000000002,1.5488798,1279.2549643800003,1428.22206358,0.11533243567444762,range,trend,range_to_trend,23,False
1485,full_2021_2026,2026-02-25,2026-02-26 10:00:00,2026-03-02,2026-03-03,1881100.0,1.517,1.5105112,1426.8143499999999,1420.71130916,-0.005272614582622959,trend,trend,trend_to_trend,3,True
1485,full_2021_2026,2026-04-08,2026-04-09 00:00:00,2026-04-23,2026-04-24,2058100.0,1.3792502000000002,1.4812299000000002,1419.3174183100002,1524.259628595,0.0728651047828941,range,range,range_to_range,11,False
1485,full_2021_2026,2026-04-27,2026-04-28 00:00:00,2026-04-29,2026-04-30,1967500.0,1.5478701,1.5549380000000002,1522.7172108749999,1529.6702575000002,0.003562145867705535,range,range,range_to_range,2,False
1485,full_2021_2026,2026-05-06,2026-05-07 10:00:00,2026-06-01,2026-06-02,1790400.0,1.707,1.7215385,1528.1064000000001,1541.1212652000002,0.0075089758869832934,range,trend,range_to_trend,18,False
1485,full_2021_2026,2026-06-09,2026-06-10 00:00:00,2026-06-12,2026-06-15,1804500.0,1.706393,1.7397131,1539.5930842500002,1569.656144475,0.01850761010027524,range,trend,range_to_trend,3,False
1485,full_2021_2026,2026-06-16,2026-06-17 00:00:00,2026-07-13,2026-07-14,1753800.0,1.7881787,2.0476716,1568.05390203,1795.6032260400002,0.14397121032933557,trend,trend,trend_to_trend,18,False
1485,full_2021_2026,2026-08-05,2026-08-06 00:00:00,2026-08-10,2026-08-11,2096300.0,1.7114415,1.7700041,1793.8474082250002,1855.229797415,0.03318458764717924,range,range,range_to_range,3,False
1485,full_2021_2026,2026-08-12,2026-08-13 15:00:00,2026-08-19,2026-08-20,2066200.0,1.794,1.736684,1853.3814000000002,1794.1682403999998,-0.03291628544702019,range,range,range_to_range,5,True
1485,full_2021_2026,2026-08-21,2026-08-24 10:00:00,2026-08-26,2026-08-27,2098800.0,1.708,1.6952863,1792.3752,1779.03344322,-0.008435678618536113,range,range,range_to_range,3,True
1485,rolling_2021_2023,2021-01-12,2021-01-13 10:30:00,2021-01-28,2021-01-29,697000.0,1.434,1.456,499.749,507.416,0.014326867249778275,warmup,warmup,warmup_to_warmup,12,False
1485,rolling_2021_2023,2021-03-26,2021-03-29 10:00:00,2021-04-12,2021-04-13,791400.0,1.281,1.267,506.89169999999996,501.3519,-0.011917538498510294,trend,range,trend_to_range,10,True
1485,rolling_2021_2023,2021-04-16,2021-04-19 00:00:00,2021-05-07,2021-05-10,770500.0,1.3,1.295,500.825,498.89875,-0.004841809864298607,trend,trend,trend_to_trend,12,False
1485,rolling_2021_2023,2021-05-17,2021-05-18 10:00:00,2021-06-16,2021-06-17,736700.0,1.353,1.441,498.37755,530.7923499999999,0.06397614201029556,range,trend,range_to_trend,21,False
1485,rolling_2021_2023,2021-06-17,2021-06-18 00:00:00,2021-07-06,2021-07-07,704700.0,1.505,1.557,530.28675,548.6089499999999,0.03351746053883353,trend,trend,trend_to_trend,13,False
1485,rolling_2021_2023,2021-07-07,2021-07-08 00:00:00,2021-07-14,2021-07-15,684200.0,1.602,1.589,548.0442,543.5969,-0.009106245878309216,trend,trend,trend_to_trend,5,True
1485,rolling_2021_2023,2021-07-29,2021-07-30 00:00:00,2021-08-09,2021-08-10,668000.0,1.626,1.604,543.0840000000001,535.736,-0.014516112177613616,trend,trend,trend_to_trend,7,True
1485,rolling_2021_2023,2021-08-24,2021-08-25 00:00:00,2021-08-27,2021-08-30,661500.0,1.618,1.525,535.1535,504.39374999999995,-0.058420418962336074,trend,range,trend_to_range,3,True
1485,rolling_2021_2023,2021-10-15,2021-10-18 00:00:00,2021-10-27,2021-10-28,720900.0,1.398,1.391,503.90909999999997,501.38595000000004,-0.006001648674947235,trend,trend,trend_to_trend,8,True
1485,rolling_2021_2023,2021-10-29,2021-11-01 10:00:00,2021-11-18,2021-11-19,700100.0,1.431,1.456,500.92155,509.6728,0.01645333866958909,trend,range,trend_to_range,14,False
1485,rolling_2021_2023,2021-11-19,2021-11-22 00:00:00,2021-12-02,2021-12-03,688000.0,1.48,1.469,509.12,505.336,-0.008424503964234109,range,range,range_to_range,9,True
1485,rolling_2021_2023,2021-12-03,2021-12-06 00:00:00,2021-12-08,2021-12-09,681300.0,1.482,1.45,504.8433,493.9425,-0.022570361243130055,range,range,range_to_range,3,True
1485,rolling_2021_2023,2021-12-17,2021-12-20 00:00:00,2021-12-23,2021-12-24,686300.0,1.438,1.415,493.44969999999995,485.55725,-0.016977950524042384,range,range,range_to_range,4,True
1485,rolling_2021_2023,2022-01-13,2022-01-14 00:00:00,2022-01-21,2022-01-24,728400.0,1.332,1.326,485.11440000000005,482.92920000000004,-0.0054995025010017295,range,range,range_to_range,6,True
1485,rolling_2021_2023,2022-02-23,2022-02-24 00:00:00,2022-03-03,2022-03-04,766400.0,1.259,1.239,482.4488,474.7848000000001,-0.016869246075929434,trend,trend,trend_to_trend,6,True
1485,rolling_2021_2023,2022-03-21,2022-03-22 00:00:00,2022-03-24,2022-03-25,805200.0,1.178,1.167,474.26279999999997,469.8342,-0.010328027836675857,trend,trend,trend_to_trend,3,True
1485,rolling_2021_2023,2022-05-05,2022-05-06 00:00:00,2022-06-07,2022-06-08,983000.0,0.955,1.139,469.3825,559.8185,0.19147808294805468,trend,range,trend_to_range,22,False
1485,rolling_2021_2023,2022-06-08,2022-06-09 00:00:00,2022-06-21,2022-06-22,986400.0,1.134,1.116,559.2887999999999,550.4112000000001,-0.016856651039559245,range,range,range_to_range,9,True
1485,rolling_2021_2023,2022-07-01,2022-07-04 00:00:00,2022-07-08,2022-07-11,981000.0,1.121,1.13,549.8505,554.265,0.007021021157574747,range,range,range_to_range,5,False
1485,rolling_2021_2023,2022-07-21,2022-07-22 10:00:00,2022-08-16,2022-08-17,980000.0,1.13,1.173,553.7,574.77,0.03701556301495268,trend,range,trend_to_range,18,False
1485,rolling_2021_2023,2022-10-17,2022-10-18 10:00:00,2022-10-28,2022-10-31,1160000.0,0.99,1.025,574.2,594.5,0.034318699236240535,trend,range,trend_to_range,9,False
1485,rolling_2021_2023,2022-10-31,2022-11-01 00:00:00,2022-11-07,2022-11-08,1141000.0,1.041,1.09,593.8905,621.845,0.046023578028469014,trend,range,trend_to_range,5,False
1485,rolling_2021_2023,2022-11-09,2022-11-10 00:00:00,2022-11-21,2022-11-22,1171000.0,1.061,1.061,621.2155,621.2155,-0.0009995002498749406,trend,trend,trend_to_trend,8,True
1485,rolling_2021_2023,2022-12-12,2022-12-13 00:00:00,2022-12-15,2022-12-16,1207400.0,1.028,1.01,620.6036,609.737,-0.018491726899196315,range,range,range_to_range,3,True
1485,rolling_2021_2023,2022-12-30,2023-01-03 00:00:00,2023-01-11,2023-01-12,1234300.0,0.987,0.997,609.12705,615.2985500000001,0.009122085360561805,range,range,range_to_range,7,False
1485,rolling_2021_2023,2023-01-16,2023-01-17 10:00:00,2023-02-08,2023-02-09,1207600.0,1.018,1.032,614.6684,623.1216,0.012739209962798537,range,range,range_to_range,12,False
1485,rolling_2021_2023,2023-03-01,2023-03-02 10:00:00,2023-03-07,2023-03-08,1223000.0,1.018,1.012,622.5070000000001,618.838,-0.006887518912449431,range,range,range_to_range,4,True
1485,rolling_2021_2023,2023-03-22,2023-03-23 00:00:00,2023-04-21,2023-04-24,1176500.0,1.051,1.136,618.25075,668.252,0.07979502161383611,trend,trend,trend_to_trend,21,False
1485,rolling_2021_2023,2023-05-26,2023-05-29 10:00:00,2023-06-06,2023-06-07,1252500.0,1.066,1.052,667.5825,658.815,-0.01411958186010187,range,range,range_to_range,7,True
1485,rolling_2021_2023,2023-06-09,2023-06-12 00:00:00,2023-06-26,2023-06-27,1250000.0,1.053,1.035,658.125,646.875,-0.018076431869535337,range,range,range_to_range,9,True
1485,rolling_2021_2023,2023-06-27,2023-06-28 00:00:00,2023-07-05,2023-07-06,1247600.0,1.036,1.029,646.2568000000001,641.8901999999999,-0.007749503626565346,range,trend,range_to_trend,6,True
1485,rolling_2021_2023,2023-07-31,2023-08-01 00:00:00,2023-08-08,2023-08-09,1291500.0,0.993,0.988,641.22975,638.001,-0.006029714246602702,trend,range,trend_to_range,6,True
1485,rolling_2021_2023,2023-08-30,2023-08-31 00:00:00,2023-09-07,2023-09-08,1329200.0,0.959,0.917,637.3514,609.4382,-0.044751346954260085,trend,trend,trend_to_trend,6,True
1485,rolling_2021_2023,2023-09-27,2023-09-28 00:00:00,2023-10-16,2023-10-17,1348500.0,0.903,0.896,608.84775,604.128,-0.00874369017041865,trend,trend,trend_to_trend,7,True
1485,rolling_2021_2023,2023-10-27,2023-10-30 00:00:00,2023-11-21,2023-11-22,1371700.0,0.88,0.905,603.548,620.69425,0.027381195765753485,trend,range,trend_to_range,17,False
1485,rolling_2021_2023,2023-12-08,2023-12-11 00:00:00,2023-12-15,2023-12-18,1406000.0,0.882,0.867,620.046,609.501,-0.017989304667394235,trend,range,trend_to_range,5,True
1485,rolling_2022_2024,2022-01-13,2022-01-14 00:00:00,2022-01-21,2022-01-24,750300.0,1.332,1.326,499.69980000000004,497.44890000000004,-0.0054995025010017295,range,range,range_to_range,6,True
1485,rolling_2022_2024,2022-02-23,2022-02-24 00:00:00,2022-03-03,2022-03-04,789500.0,1.259,1.239,496.99024999999995,489.0952500000001,-0.016869246075929323,trend,trend,trend_to_trend,6,True
1485,rolling_2022_2024,2022-03-21,2022-03-22 00:00:00,2022-03-24,2022-03-25,829500.0,1.178,1.167,488.57550000000003,484.01325,-0.010328027836675857,trend,trend,trend_to_trend,3,True
1485,rolling_2022_2024,2022-05-05,2022-05-06 00:00:00,2022-06-07,2022-06-08,1012700.0,0.955,1.139,483.56425,576.73265,0.1914780829480549,trend,range,trend_to_range,22,False
1485,rolling_2022_2024,2022-06-08,2022-06-09 00:00:00,2022-06-21,2022-06-22,1016100.0,1.134,1.116,576.1287,566.9838000000001,-0.016856651039559467,range,range,range_to_range,9,True
1485,rolling_2022_2024,2022-07-01,2022-07-04 00:00:00,2022-07-08,2022-07-11,1010600.0,1.121,1.13,566.4413000000001,570.989,0.007021021157574525,range,range,range_to_range,5,False
1485,rolling_2022_2024,2022-07-21,2022-07-22 10:00:00,2022-08-16,2022-08-17,1009600.0,1.13,1.173,570.424,592.1304,0.03701556301495268,trend,range,trend_to_range,18,False
1485,rolling_2022_2024,2022-10-17,2022-10-18 10:00:00,2022-10-28,2022-10-31,1195000.0,0.99,1.025,591.525,612.4375,0.034318699236240535,trend,range,trend_to_range,9,False
1485,rolling_2022_2024,2022-10-31,2022-11-01 00:00:00,2022-11-07,2022-11-08,1175400.0,1.041,1.09,611.7957,640.593,0.046023578028469014,trend,range,trend_to_range,5,False
1485,rolling_2022_2024,2022-11-09,2022-11-10 00:00:00,2022-11-21,2022-11-22,1206400.0,1.061,1.061,639.9952,639.9952,-0.0009995002498750516,trend,trend,trend_to_trend,8,True
1485,rolling_2022_2024,2022-12-12,2022-12-13 00:00:00,2022-12-15,2022-12-16,1243800.0,1.028,1.01,639.3132,628.119,-0.018491726899196315,range,range,range_to_range,3,True
1485,rolling_2022_2024,2022-12-30,2023-01-03 00:00:00,2023-01-11,2023-01-12,1271600.0,0.987,0.997,627.5346,633.8926,0.009122085360562027,range,range,range_to_range,7,False
1485,rolling_2022_2024,2023-01-16,2023-01-17 10:00:00,2023-02-08,2023-02-09,1244100.0,1.018,1.032,633.2469,641.9556,0.012739209962798537,range,range,range_to_range,12,False
1485,rolling_2022_2024,2023-03-01,2023-03-02 10:00:00,2023-03-07,2023-03-08,1259900.0,1.018,1.012,641.2891,637.5094,-0.006887518912449431,range,range,range_to_range,4,True
1485,rolling_2022_2024,2023-03-22,2023-03-23 00:00:00,2023-04-21,2023-04-24,1212000.0,1.051,1.136,636.9060000000001,688.4159999999999,0.07979502161383611,trend,trend,trend_to_trend,21,False
1485,rolling_2022_2024,2023-05-26,2023-05-29 10:00:00,2023-06-06,2023-06-07,1290300.0,1.066,1.052,687.7299,678.6978,-0.01411958186010176,range,range,range_to_range,7,True
1485,rolling_2022_2024,2023-06-09,2023-06-12 00:00:00,2023-06-26,2023-06-27,1287700.0,1.053,1.035,677.9740499999999,666.38475,-0.018076431869535226,range,range,range_to_range,9,True
1485,rolling_2022_2024,2023-06-27,2023-06-28 00:00:00,2023-07-05,2023-07-06,1285200.0,1.036,1.029,665.7336,661.2353999999999,-0.007749503626565013,range,trend,range_to_trend,6,True
1485,rolling_2022_2024,2023-07-31,2023-08-01 00:00:00,2023-08-08,2023-08-09,1330500.0,0.993,0.988,660.59325,657.267,-0.006029714246602702,trend,range,trend_to_range,6,True
1485,rolling_2022_2024,2023-08-30,2023-08-31 00:00:00,2023-09-07,2023-09-08,1369400.0,0.959,0.917,656.6273,627.8699,-0.044751346954260085,trend,trend,trend_to_trend,6,True
1485,rolling_2022_2024,2023-09-27,2023-09-28 00:00:00,2023-10-16,2023-10-17,1389200.0,0.903,0.896,627.2238000000001,622.3616,-0.00874369017041876,trend,trend,trend_to_trend,7,True
1485,rolling_2022_2024,2023-10-27,2023-10-30 00:00:00,2023-11-21,2023-11-22,1413000.0,0.88,0.905,621.72,639.3825,0.027381195765753485,trend,range,trend_to_range,17,False
1485,rolling_2022_2024,2023-12-08,2023-12-11 00:00:00,2023-12-15,2023-12-18,1448400.0,0.882,0.867,638.7444,627.8814,-0.017989304667394235,trend,range,trend_to_range,5,True
1485,rolling_2022_2024,2023-12-28,2023-12-29 00:00:00,2024-01-03,2024-01-04,1443700.0,0.869,0.849,627.28765,612.8506500000001,-0.02399145651570067,range,range,range_to_range,3,True
1485,rolling_2022_2024,2024-02-08,2024-02-19 10:00:00,2024-03-07,2024-03-08,1590200.0,0.77,0.814,612.227,647.2113999999999,0.05608624259298911,trend,range,trend_to_range,14,False
1485,rolling_2022_2024,2024-03-11,2024-03-12 10:00:00,2024-03-14,2024-03-15,1543100.0,0.838,0.821,646.5589,633.44255,-0.02126562017320721,range,range,range_to_range,3,True
1485,rolling_2022_2024,2024-04-24,2024-04-25 00:00:00,2024-04-30,2024-05-06,1680800.0,0.753,0.799,632.8212,671.4796000000001,0.060028418725564414,range,range,range_to_range,4,False
1485,rolling_2022_2024,2024-05-10,2024-05-13 00:00:00,2024-05-15,2024-05-16,1720000.0,0.78,0.768,670.8000000000001,660.48,-0.016368738707569275,trend,trend,trend_to_trend,3,True
1485,rolling_2022_2024,2024-06-03,2024-06-04 00:00:00,2024-06-25,2024-06-26,1720500.0,0.767,0.734,659.81175,631.4235,-0.04398126881800313,trend,range,trend_to_range,15,False
1485,rolling_2022_2024,2024-07-17,2024-07-18 00:00:00,2024-07-22,2024-07-23,1700300.0,0.742,0.77,630.8113000000001,654.6155,0.03669863181616728,range,range,range_to_range,3,False
1485,rolling_2022_2024,2024-07-31,2024-08-01 10:00:00,2024-08-05,2024-08-06,1714200.0,0.763,0.73,653.9673,625.683,-0.04420659919057501,trend,range,trend_to_range,3,True
1485,rolling_2022_2024,2024-09-24,2024-09-25 14:00:00,2024-10-30,2024-10-31,1827600.0,0.684,0.981,625.0392,896.4377999999999,0.4327770325363631,trend,trend,trend_to_trend,21,False
1485,rolling_2022_2024,2024-11-05,2024-11-06 10:00:00,2024-11-15,2024-11-18,1757700.0,1.019,1.014,895.54815,891.1539,-0.005901367275145453,trend,trend,trend_to_trend,8,True
1485,rolling_2022_2024,2024-12-02,2024-12-03 00:00:00,2024-12-05,2024-12-06,1710400.0,1.041,1.03,890.2632,880.856,-0.011555701496033799,trend,trend,trend_to_trend,3,True
1485,rolling_2022_2024,2024-12-10,2024-12-11 00:00:00,2024-12-13,2024-12-16,1702100.0,1.034,1.013,879.9857000000001,862.1136499999999,-0.021288678678069273,trend,trend,trend_to_trend,3,True
1485,rolling_2023_2025,2022-12-30,2023-01-03 00:00:00,2023-01-11,2023-01-12,1012600.0,0.987,0.997,499.7181,504.7811,0.009122085360561805,range,range,range_to_range,7,False
1485,rolling_2023_2025,2023-01-16,2023-01-17 10:00:00,2023-02-08,2023-02-09,990700.0,1.018,1.032,504.2663,511.20120000000003,0.012739209962798537,range,range,range_to_range,12,False
1485,rolling_2023_2025,2023-03-01,2023-03-02 10:00:00,2023-03-07,2023-03-08,1003400.0,1.018,1.012,510.73060000000004,507.72040000000004,-0.006887518912449542,range,range,range_to_range,4,True
1485,rolling_2023_2025,2023-03-22,2023-03-23 00:00:00,2023-04-21,2023-04-24,965200.0,1.051,1.136,507.2126,548.2336,0.07979502161383634,trend,trend,trend_to_trend,21,False
1485,rolling_2023_2025,2023-05-26,2023-05-29 10:00:00,2023-06-06,2023-06-07,1027500.0,1.066,1.052,547.6575,540.465,-0.01411958186010187,range,range,range_to_range,7,True
1485,rolling_2023_2025,2023-06-09,2023-06-12 00:00:00,2023-06-26,2023-06-27,1025500.0,1.053,1.035,539.92575,530.69625,-0.018076431869535337,range,range,range_to_range,9,True
1485,rolling_2023_2025,2023-06-27,2023-06-28 00:00:00,2023-07-05,2023-07-06,1023500.0,1.036,1.029,530.173,526.59075,-0.007749503626565013,range,trend,range_to_trend,6,True
1485,rolling_2023_2025,2023-07-31,2023-08-01 00:00:00,2023-08-08,2023-08-09,1059500.0,0.993,0.988,526.04175,523.393,-0.006029714246602924,trend,range,trend_to_range,6,True
1485,rolling_2023_2025,2023-08-30,2023-08-31 00:00:00,2023-09-07,2023-09-08,1090500.0,0.959,0.917,522.89475,499.99425,-0.044751346954260085,trend,trend,trend_to_trend,6,True
1485,rolling_2023_2025,2023-09-27,2023-09-28 00:00:00,2023-10-16,2023-10-17,1106300.0,0.903,0.896,499.49445000000003,495.6224,-0.00874369017041865,trend,trend,trend_to_trend,7,True
1485,rolling_2023_2025,2023-10-27,2023-10-30 00:00:00,2023-11-21,2023-11-22,1125300.0,0.88,0.905,495.132,509.19825000000003,0.027381195765753485,trend,range,trend_to_range,17,False
1485,rolling_2023_2025,2023-12-08,2023-12-11 00:00:00,2023-12-15,2023-12-18,1153500.0,0.882,0.867,508.69350000000003,500.04225,-0.017989304667394346,trend,range,trend_to_range,5,True
1485,rolling_2023_2025,2023-12-28,2023-12-29 00:00:00,2024-01-03,2024-01-04,1149700.0,0.869,0.849,499.54465000000005,488.04765,-0.023991456515700893,range,range,range_to_range,3,True
1485,rolling_2023_2025,2024-02-08,2024-02-19 10:00:00,2024-03-07,2024-03-08,1266400.0,0.77,0.814,487.564,515.4248,0.05608624259298911,trend,range,trend_to_range,14,False
1485,rolling_2023_2025,2024-03-11,2024-03-12 10:00:00,2024-03-14,2024-03-15,1228900.0,0.838,0.821,514.9091,504.46344999999997,-0.0212656201732071,range,range,range_to_range,3,True
1485,rolling_2023_2025,2024-04-24,2024-04-25 00:00:00,2024-04-30,2024-05-06,1338500.0,0.753,0.799,503.94525,534.7307500000001,0.06002841872556419,range,range,range_to_range,4,False
1485,rolling_2023_2025,2024-05-10,2024-05-13 00:00:00,2024-05-15,2024-05-16,1369700.0,0.78,0.768,534.183,525.9648000000001,-0.016368738707569164,trend,trend,trend_to_trend,3,True
1485,rolling_2023_2025,2024-06-03,2024-06-04 00:00:00,2024-06-25,2024-06-26,1370100.0,0.767,0.734,525.43335,502.8267,-0.043981268818003016,trend,range,trend_to_range,15,False
1485,rolling_2023_2025,2024-07-17,2024-07-18 00:00:00,2024-07-22,2024-07-23,1354000.0,0.742,0.77,502.334,521.29,0.03669863181616728,range,range,range_to_range,3,False
1485,rolling_2023_2025,2024-07-31,2024-08-01 10:00:00,2024-08-05,2024-08-06,1365100.0,0.763,0.73,520.78565,498.2615,-0.044206599190575124,trend,range,trend_to_range,3,True
1485,rolling_2023_2025,2024-09-24,2024-09-25 14:00:00,2024-10-30,2024-10-31,1455400.0,0.684,0.981,497.74680000000006,713.8737,0.4327770325363631,trend,trend,trend_to_trend,21,False
1485,rolling_2023_2025,2024-11-05,2024-11-06 10:00:00,2024-11-15,2024-11-18,1399700.0,1.019,1.014,713.1471499999999,709.6479,-0.005901367275145453,trend,trend,trend_to_trend,8,True
1485,rolling_2023_2025,2024-12-02,2024-12-03 00:00:00,2024-12-05,2024-12-06,1362100.0,1.041,1.03,708.97305,701.4815,-0.011555701496033799,trend,trend,trend_to_trend,3,True
1485,rolling_2023_2025,2024-12-10,2024-12-11 00:00:00,2024-12-13,2024-12-16,1355400.0,1.034,1.013,700.7418,686.5101,-0.02128867867806916,trend,trend,trend_to_trend,3,True
1485,rolling_2023_2025,2024-12-20,2024-12-23 00:00:00,2024-12-31,2025-01-02,1325300.0,1.035,1.01,685.84275,669.2765,-0.025129947103742833,trend,range,trend_to_range,7,True
1485,rolling_2023_2025,2025-01-07,2025-01-08 00:00:00,2025-01-13,2025-01-14,1364500.0,0.98,0.98,668.605,668.605,-0.0009995002498750516,range,range,range_to_range,4,True
1485,rolling_2023_2025,2025-01-14,2025-01-15 00:00:00,2025-03-11,2025-03-12,1333200.0,1.002,1.133,667.9331999999999,755.2578000000001,0.12960834951785594,range,range,range_to_range,34,False
1485,rolling_2023_2025,2025-04-16,2025-04-17 00:00:00,2025-04-24,2025-04-25,1466500.0,1.029,1.027,754.51425,753.04775,-0.0029411921833057963,range,range,range_to_range,6,True
1485,rolling_2023_2025,2025-06-05,2025-06-06 00:00:00,2025-06-10,2025-06-11,1470800.0,1.023,1.007,752.3141999999999,740.5477999999999,-0.016624141497188827,trend,trend,trend_to_trend,3,True
1485,rolling_2023_2025,2025-06-24,2025-06-25 10:30:00,2025-07-08,2025-07-09,1475100.0,1.003,1.017,739.7626499999999,750.08835,0.012944674223207553,trend,range,trend_to_range,10,False
1485,rolling_2023_2025,2025-07-14,2025-07-15 00:00:00,2025-08-08,2025-08-11,1472200.0,1.018,1.07,749.3498000000001,787.6270000000001,0.05002999482576964,range,range,range_to_range,19,False
1485,rolling_2023_2025,2025-08-12,2025-08-13 10:00:00,2025-09-08,2025-09-09,1433200.0,1.098,1.28,786.8268,917.248,0.16459074652109296,trend,trend,trend_to_trend,19,False
1485,rolling_2023_2025,2025-09-10,2025-09-11 00:00:00,2025-10-14,2025-10-15,1426200.0,1.285,1.442,916.3335000000001,1028.2902,0.12105737014761098,trend,trend,trend_to_trend,18,False
1485,rolling_2023_2025,2025-10-24,2025-10-27 10:30:00,2025-10-30,2025-10-31,1368800.0,1.501,1.4923366,1027.2844,1021.3551690400001,-0.006765483547366724,trend,trend,trend_to_trend,4,True
1485,rolling_2023_2025,2025-12-08,2025-12-09 00:00:00,2025-12-10,2025-12-11,1479500.0,1.3792502000000002,1.3863181,1020.3003354500001,1025.528814475,0.00411982881180184,range,range,range_to_range,2,False
1485,rolling_2023_2025,2025-12-17,2025-12-18 00:00:00,2025-12-24,2025-12-25,1514500.0,1.352998,1.3873278000000002,1024.5577355,1050.5539765500002,0.024348273624382077,range,range,range_to_range,5,False
1485,rolling_2024_2026,2023-12-29,2024-01-02 00:00:00,2024-01-03,2024-01-04,1146200.0,0.872,0.849,499.7432,486.5619,-0.027349284073559632,range,range,range_to_range,2,True
1485,rolling_2024_2026,2024-02-08,2024-02-19 10:00:00,2024-03-07,2024-03-08,1262500.0,0.77,0.814,486.0625,513.8375,0.05608624259298911,trend,range,trend_to_range,14,False
1485,rolling_2024_2026,2024-03-11,2024-03-12 10:00:00,2024-03-14,2024-03-15,1225100.0,0.838,0.821,513.3169,502.90355,-0.02126562017320688,range,range,range_to_range,3,True
1485,rolling_2024_2026,2024-04-24,2024-04-25 00:00:00,2024-04-30,2024-05-06,1334400.0,0.753,0.799,502.4016,533.0928,0.060028418725564414,range,range,range_to_range,4,False
1485,rolling_2024_2026,2024-05-10,2024-05-13 00:00:00,2024-05-15,2024-05-16,1365600.0,0.78,0.768,532.5840000000001,524.3904,-0.016368738707569275,trend,trend,trend_to_trend,3,True
1485,rolling_2024_2026,2024-06-03,2024-06-04 00:00:00,2024-06-25,2024-06-26,1366000.0,0.767,0.734,523.861,501.322,-0.043981268818003016,trend,range,trend_to_range,15,False
1485,rolling_2024_2026,2024-07-17,2024-07-18 00:00:00,2024-07-22,2024-07-23,1349900.0,0.742,0.77,500.8129,519.7115,0.03669863181616728,range,range,range_to_range,3,False
1485,rolling_2024_2026,2024-07-31,2024-08-01 10:00:00,2024-08-05,2024-08-06,1360900.0,0.763,0.73,519.18335,496.7285,-0.044206599190575124,trend,range,trend_to_range,3,True
1485,rolling_2024_2026,2024-09-24,2024-09-25 14:00:00,2024-10-30,2024-10-31,1451000.0,0.684,0.981,496.2420000000001,711.7155,0.43277703253636335,trend,trend,trend_to_trend,21,False
1485,rolling_2024_2026,2024-11-05,2024-11-06 10:00:00,2024-11-15,2024-11-18,1395500.0,1.019,1.014,711.0072499999999,707.5185,-0.005901367275145453,trend,trend,trend_to_trend,8,True
1485,rolling_2024_2026,2024-12-02,2024-12-03 00:00:00,2024-12-05,2024-12-06,1357900.0,1.041,1.03,706.7869499999999,699.3185,-0.01155570149603391,trend,trend,trend_to_trend,3,True
1485,rolling_2024_2026,2024-12-10,2024-12-11 00:00:00,2024-12-13,2024-12-16,1351300.0,1.034,1.013,698.6221,684.43345,-0.02128867867806905,trend,trend,trend_to_trend,3,True
1485,rolling_2024_2026,2024-12-20,2024-12-23 00:00:00,2024-12-31,2025-01-02,1321300.0,1.035,1.01,683.77275,667.2565,-0.025129947103742722,trend,range,trend_to_range,7,True
1485,rolling_2024_2026,2025-01-07,2025-01-08 00:00:00,2025-01-13,2025-01-14,1360400.0,0.98,0.98,666.596,666.596,-0.0009995002498749406,range,range,range_to_range,4,True
1485,rolling_2024_2026,2025-01-14,2025-01-15 00:00:00,2025-03-11,2025-03-12,1329200.0,1.002,1.133,665.9291999999999,752.9918,0.12960834951785616,range,range,range_to_range,34,False
1485,rolling_2024_2026,2025-04-16,2025-04-17 00:00:00,2025-04-24,2025-04-25,1462000.0,1.029,1.027,752.199,750.7369999999999,-0.0029411921833057963,range,range,range_to_range,6,True
1485,rolling_2024_2026,2025-06-05,2025-06-06 00:00:00,2025-06-10,2025-06-11,1466300.0,1.023,1.007,750.01245,738.2820499999999,-0.016624141497188938,trend,trend,trend_to_trend,3,True
1485,rolling_2024_2026,2025-06-24,2025-06-25 10:30:00,2025-07-08,2025-07-09,1470700.0,1.003,1.017,737.5560499999999,747.85095,0.01294467422320733,trend,range,trend_to_range,10,False
1485,rolling_2024_2026,2025-07-14,2025-07-15 00:00:00,2025-08-08,2025-08-11,1467700.0,1.018,1.07,747.0593,785.2195,0.05002999482576986,range,range,range_to_range,19,False
1485,rolling_2024_2026,2025-08-12,2025-08-13 10:00:00,2025-09-08,2025-09-09,1428900.0,1.098,1.28,784.4661000000001,914.496,0.1645907465210925,trend,trend,trend_to_trend,19,False
1485,rolling_2024_2026,2025-09-10,2025-09-11 00:00:00,2025-10-14,2025-10-15,1421900.0,1.285,1.442,913.57075,1025.1898999999999,0.12105737014761098,trend,trend,trend_to_trend,18,False
1485,rolling_2024_2026,2025-10-24,2025-10-27 10:30:00,2025-10-30,2025-10-31,1364600.0,1.501,1.4923366,1024.1323,1018.2212621799999,-0.006765483547366835,trend,trend,trend_to_trend,4,True
1485,rolling_2024_2026,2025-12-08,2025-12-09 00:00:00,2025-12-10,2025-12-11,1475100.0,1.3792502000000002,1.3863181,1017.2659850100002,1022.478914655,0.00411982881180184,range,range,range_to_range,2,False
1485,rolling_2024_2026,2025-12-17,2025-12-18 00:00:00,2025-12-24,2025-12-25,1509900.0,1.352998,1.3873278000000002,1021.4458400999999,1047.3631226100001,0.024348273624382077,range,range,range_to_range,5,False
1485,rolling_2024_2026,2025-12-25,2025-12-26 00:00:00,2026-01-29,2026-01-30,1508400.0,1.3873278000000002,1.5488798,1046.32262676,1168.1651451599998,0.11533243567444762,range,trend,range_to_trend,23,False
1485,rolling_2024_2026,2026-02-25,2026-02-26 10:00:00,2026-03-02,2026-03-03,1538500.0,1.517,1.5105112,1166.95225,1161.9607406000002,-0.005272614582622848,trend,trend,trend_to_trend,3,True
1485,rolling_2024_2026,2026-04-08,2026-04-09 00:00:00,2026-04-23,2026-04-24,1683300.0,1.3792502000000002,1.4812299000000002,1160.8459308300003,1246.6771453350002,0.0728651047828941,range,range,range_to_range,11,False
1485,rolling_2024_2026,2026-04-27,2026-04-28 00:00:00,2026-04-29,2026-04-30,1609200.0,1.5478701,1.5549380000000002,1245.4162824599998,1251.1031148000002,0.003562145867705535,range,range,range_to_range,2,False
1485,rolling_2024_2026,2026-05-06,2026-05-07 10:00:00,2026-06-01,2026-06-02,1464400.0,1.707,1.7215385,1249.8654000000001,1260.5104897,0.0075089758869832934,range,trend,range_to_trend,18,False
1485,rolling_2024_2026,2026-06-09,2026-06-10 00:00:00,2026-06-12,2026-06-15,1475900.0,1.706393,1.7397131,1259.2327143500002,1283.821282145,0.01850761010027524,range,trend,range_to_trend,3,False
1485,rolling_2024_2026,2026-06-16,2026-06-17 00:00:00,2026-07-13,2026-07-14,1434400.0,1.7881787,2.0476716,1282.48176364,1468.59007152,0.14397121032933557,trend,trend,trend_to_trend,18,False
1485,rolling_2024_2026,2026-08-05,2026-08-06 00:00:00,2026-08-10,2026-08-11,1714500.0,1.7114415,1.7700041,1467.133225875,1517.336014725,0.033184587647179464,range,range,range_to_range,3,False
1485,rolling_2024_2026,2026-08-12,2026-08-13 15:00:00,2026-08-19,2026-08-20,1689900.0,1.794,1.736684,1515.8403,1467.4111457999998,-0.03291628544702008,range,range,range_to_range,5,True
1485,rolling_2024_2026,2026-08-21,2026-08-24 10:00:00,2026-08-26,2026-08-27,1716600.0,1.708,1.6952863,1465.9764,1455.06423129,-0.008435678618536113,range,range,range_to_range,3,True
1420,full_2021_2026,2021-01-12,2021-01-13 10:30:00,2021-01-28,2021-01-29,697000.0,1.434,1.456,499.749,507.416,0.014326867249778275,warmup,warmup,warmup_to_warmup,12,False
1420,full_2021_2026,2021-03-26,2021-03-29 10:00:00,2021-04-12,2021-04-13,791400.0,1.281,1.267,506.89169999999996,501.3519,-0.011917538498510294,trend,range,trend_to_range,10,True
1420,full_2021_2026,2021-04-16,2021-04-19 00:00:00,2021-05-07,2021-05-10,770500.0,1.3,1.295,500.825,498.89875,-0.004841809864298607,trend,trend,trend_to_trend,12,False
1420,full_2021_2026,2021-05-14,2021-05-17 00:00:00,2021-06-16,2021-06-17,751800.0,1.326,1.441,498.44340000000005,541.6719,0.08564081458516593,range,trend,range_to_trend,22,False
1420,full_2021_2026,2021-06-17,2021-06-18 00:00:00,2021-07-06,2021-07-07,719100.0,1.505,1.557,541.12275,559.81935,0.03351746053883353,trend,trend,trend_to_trend,13,False
1420,full_2021_2026,2021-07-07,2021-07-08 00:00:00,2021-07-14,2021-07-15,698200.0,1.602,1.589,559.2582000000001,554.7199,-0.009106245878309327,trend,trend,trend_to_trend,5,True
1420,full_2021_2026,2021-07-29,2021-07-30 00:00:00,2021-08-09,2021-08-10,681600.0,1.626,1.604,554.1407999999999,546.6432000000001,-0.014516112177613283,trend,trend,trend_to_trend,7,True
1420,full_2021_2026,2021-08-24,2021-08-25 00:00:00,2021-08-27,2021-08-30,675000.0,1.618,1.525,546.075,514.6875,-0.05842041896233596,trend,range,trend_to_range,3,True
1420,full_2021_2026,2021-10-15,2021-10-18 00:00:00,2021-10-27,2021-10-28,735600.0,1.398,1.391,514.1844,511.6098,-0.006001648674947124,trend,trend,trend_to_trend,8,True
1420,full_2021_2026,2021-10-29,2021-11-01 10:00:00,2021-12-02,2021-12-03,714300.0,1.431,1.469,511.08165,524.6533499999999,0.025528814907710196,trend,range,trend_to_range,24,False
1420,full_2021_2026,2021-12-03,2021-12-06 00:00:00,2021-12-08,2021-12-09,707400.0,1.482,1.45,524.1834,512.865,-0.022570361243130166,range,range,range_to_range,3,True
1420,full_2021_2026,2021-12-10,2021-12-13 00:00:00,2021-12-15,2021-12-16,690500.0,1.484,1.463,512.351,505.10075,-0.015136299774641038,range,range,range_to_range,3,True
1420,full_2021_2026,2021-12-17,2021-12-20 00:00:00,2021-12-23,2021-12-24,701800.0,1.438,1.415,504.59419999999994,496.5235,-0.016977950524042495,range,range,range_to_range,4,True
1420,full_2021_2026,2022-01-17,2022-01-18 00:00:00,2022-01-21,2022-01-24,723000.0,1.372,1.326,495.97800000000007,479.349,-0.03449368610155579,range,range,range_to_range,4,True
1420,full_2021_2026,2022-02-23,2022-02-24 00:00:00,2022-03-03,2022-03-04,760800.0,1.259,1.239,478.92359999999996,471.3156,-0.016869246075929323,trend,trend,trend_to_trend,6,True
1420,full_2021_2026,2022-03-21,2022-03-22 00:00:00,2022-03-24,2022-03-25,799400.0,1.178,1.167,470.84659999999997,466.4499,-0.010328027836675857,trend,trend,trend_to_trend,3,True
1420,full_2021_2026,2022-05-05,2022-05-06 00:00:00,2022-06-22,2022-06-23,975800.0,0.955,1.095,465.9445,534.2505,0.14545083479202803,trend,range,trend_to_range,33,False
1420,full_2021_2026,2022-06-24,2022-06-27 10:30:00,2022-07-11,2022-07-12,938800.0,1.137,1.11,533.7078,521.0340000000001,-0.024722467262410897,range,range,range_to_range,11,False
1420,full_2021_2026,2022-07-21,2022-07-22 10:00:00,2022-08-19,2022-08-22,921300.0,1.13,1.137,520.5345,523.75905,0.005188998421143509,trend,trend,trend_to_trend,21,False
1420,full_2021_2026,2022-10-17,2022-10-18 10:00:00,2022-11-21,2022-11-22,1057100.0,0.99,1.061,523.2645,560.7915499999999,0.07064599013624484,trend,trend,trend_to_trend,25,False
1420,full_2021_2026,2022-12-12,2022-12-13 00:00:00,2022-12-15,2022-12-16,1089900.0,1.028,1.01,560.2085999999999,550.3995,-0.018491726899196315,range,range,range_to_range,3,True
1420,full_2021_2026,2022-12-30,2023-01-03 00:00:00,2023-02-08,2023-02-09,1114200.0,0.987,1.032,549.8576999999999,574.9272000000001,0.044547634997091246,range,range,range_to_range,22,False
1420,full_2021_2026,2023-02-09,2023-02-10 00:00:00,2023-02-16,2023-02-17,1081600.0,1.062,1.028,574.3296,555.9424,-0.03298256709686587,range,range,range_to_range,5,True
1420,full_2021_2026,2023-03-01,2023-03-02 10:00:00,2023-03-07,2023-03-08,1091200.0,1.018,1.012,555.4208000000001,552.1472,-0.006887518912449653,range,range,range_to_range,4,True
1420,full_2021_2026,2023-03-09,2023-03-10 00:00:00,2023-03-16,2023-03-17,1085800.0,1.016,1.019,551.5864,553.2151,0.00195030437537147,range,range,range_to_range,5,False
1420,full_2021_2026,2023-03-17,2023-03-20 00:00:00,2023-04-21,2023-04-24,1065900.0,1.037,1.136,552.66915,605.4312,0.09437277503967412,range,trend,range_to_trend,24,False
1420,full_2021_2026,2023-05-16,2023-05-17 00:00:00,2023-05-23,2023-05-24,1155300.0,1.047,1.038,604.79955,599.6007000000001,-0.009586897095864577,range,range,range_to_range,5,True
1420,full_2021_2026,2023-05-26,2023-05-29 10:00:00,2023-06-08,2023-06-09,1123800.0,1.066,1.033,598.9854,580.4427,-0.03192540690255252,range,range,range_to_range,9,True
1420,full_2021_2026,2023-06-09,2023-06-12 00:00:00,2023-06-26,2023-06-27,1101400.0,1.053,1.035,579.8871,569.9745,-0.018076431869535226,range,range,range_to_range,9,True
1420,full_2021_2026,2023-07-31,2023-08-01 00:00:00,2023-08-10,2023-08-11,1146800.0,0.993,0.982,569.3861999999999,563.0788000000001,-0.012065971042675927,trend,trend,trend_to_trend,8,True
1420,full_2021_2026,2023-08-30,2023-08-31 00:00:00,2023-09-07,2023-09-08,1173200.0,0.959,0.917,562.5494,537.9122000000001,-0.04475134695425986,trend,trend,trend_to_trend,6,True
1420,full_2021_2026,2023-09-27,2023-09-28 00:00:00,2023-10-16,2023-10-17,1190200.0,0.903,0.896,537.3753,533.2096,-0.00874369017041865,trend,trend,trend_to_trend,7,True
1420,full_2021_2026,2023-10-27,2023-10-30 00:00:00,2023-11-22,2023-11-23,1210600.0,0.88,0.892,532.664,539.9276,0.012623233837626424,trend,range,trend_to_range,18,False
1420,full_2021_2026,2023-12-08,2023-12-11 00:00:00,2023-12-15,2023-12-18,1223100.0,0.882,0.867,539.3871,530.21385,-0.017989304667394124,trend,range,trend_to_range,5,True
1420,full_2021_2026,2023-12-28,2023-12-29 00:00:00,2024-01-04,2024-01-05,1219100.0,0.869,0.842,529.69895,513.2411,-0.03203864120873978,range,range,range_to_range,4,True
1420,full_2021_2026,2024-02-08,2024-02-19 10:00:00,2024-03-14,2024-03-15,1331700.0,0.77,0.821,512.7045,546.6628499999999,0.06516806531799024,trend,range,trend_to_range,19,False
1420,full_2021_2026,2024-04-24,2024-04-25 00:00:00,2024-05-15,2024-05-16,1450500.0,0.753,0.768,546.11325,556.992,0.018900908111681103,range,trend,range_to_trend,12,False
1420,full_2021_2026,2024-06-03,2024-06-04 00:00:00,2024-06-25,2024-06-26,1451000.0,0.767,0.734,556.4585,532.517,-0.043981268818002905,trend,range,trend_to_range,15,False
1420,full_2021_2026,2024-07-11,2024-07-12 00:00:00,2024-07-29,2024-07-30,1453500.0,0.732,0.723,531.981,525.44025,-0.01328229327958963,range,range,range_to_range,12,False
1420,full_2021_2026,2024-07-31,2024-08-01 10:00:00,2024-08-05,2024-08-06,1375900.0,0.763,0.73,524.90585,502.2035,-0.04420659919057501,trend,range,trend_to_range,3,True
1420,full_2021_2026,2024-09-24,2024-09-25 14:00:00,2024-10-30,2024-10-31,1467000.0,0.684,0.981,501.71400000000006,719.5635,0.43277703253636335,trend,trend,trend_to_trend,21,False
1420,full_2021_2026,2024-11-05,2024-11-06 10:00:00,2024-11-15,2024-11-18,1410900.0,1.019,1.014,718.8535499999999,715.3263000000001,-0.005901367275145564,trend,trend,trend_to_trend,8,True
1420,full_2021_2026,2024-12-02,2024-12-03 00:00:00,2024-12-05,2024-12-06,1372900.0,1.041,1.03,714.5944499999999,707.0435,-0.011555701496033799,trend,trend,trend_to_trend,3,True
1420,full_2021_2026,2024-12-10,2024-12-11 00:00:00,2024-12-13,2024-12-16,1366200.0,1.034,1.013,706.3254000000001,691.9802999999999,-0.02128867867806916,trend,trend,trend_to_trend,3,True
1420,full_2021_2026,2024-12-20,2024-12-23 00:00:00,2024-12-31,2025-01-02,1335800.0,1.035,1.01,691.2765,674.5790000000001,-0.025129947103742722,trend,range,trend_to_range,7,True
1420,full_2021_2026,2025-01-07,2025-01-08 00:00:00,2025-01-13,2025-01-14,1375400.0,0.98,0.98,673.946,673.946,-0.0009995002498750516,range,range,range_to_range,4,True
1420,full_2021_2026,2025-01-14,2025-01-15 00:00:00,2025-03-11,2025-03-12,1343800.0,1.002,1.133,673.2438000000001,761.2627,0.1296083495178555,range,range,range_to_range,34,False
1420,full_2021_2026,2025-04-15,2025-04-16 10:00:00,2025-04-23,2025-04-24,1479600.0,1.028,1.036,760.5144,766.4328,0.006774822705378769,range,range,range_to_range,6,False
1420,full_2021_2026,2025-05-08,2025-05-09 00:00:00,2025-05-16,2025-05-19,1464000.0,1.046,1.017,765.672,744.4439999999998,-0.028696454831857565,range,range,range_to_range,6,True
1420,full_2021_2026,2025-06-05,2025-06-06 00:00:00,2025-06-10,2025-06-11,1453900.0,1.023,1.007,743.66985,732.03865,-0.016624141497188938,trend,trend,trend_to_trend,3,True
1420,full_2021_2026,2025-06-24,2025-06-25 10:30:00,2025-09-08,2025-09-09,1458300.0,1.003,1.28,731.33745,933.312,0.27489595182468607,trend,trend,trend_to_trend,54,False
1420,full_2021_2026,2025-09-10,2025-09-11 00:00:00,2025-10-14,2025-10-15,1451100.0,1.285,1.442,932.33175,1046.2431,0.12105737014761098,trend,trend,trend_to_trend,18,False
1420,full_2021_2026,2025-10-24,2025-10-27 10:30:00,2025-10-30,2025-10-31,1392700.0,1.501,1.4923366,1045.22135,1039.18859141,-0.006765483547366835,trend,trend,trend_to_trend,4,True
1420,full_2021_2026,2025-12-08,2025-12-09 00:00:00,2025-12-11,2025-12-12,1505400.0,1.3792502000000002,1.3630950000000002,1038.1616255400002,1026.0016065000002,-0.012700823819422613,range,range,range_to_range,3,True
1420,full_2021_2026,2025-12-12,2025-12-15 00:00:00,2025-12-24,2025-12-25,1491700.0,1.3742017,1.3873278000000002,1024.948337945,1034.7384396300001,0.00854275287044226,range,range,range_to_range,8,False
1420,full_2021_2026,2025-12-25,2025-12-26 00:00:00,2026-01-29,2026-01-30,1490200.0,1.3873278000000002,1.5488798,1033.6979437800003,1154.07033898,0.11533243567444784,range,trend,range_to_trend,23,False
1420,full_2021_2026,2026-02-25,2026-02-26 10:00:00,2026-03-02,2026-03-03,1520000.0,1.517,1.5105112,1152.92,1147.9885120000001,-0.005272614582622848,trend,trend,trend_to_trend,3,True
1420,full_2021_2026,2026-04-08,2026-04-09 00:00:00,2026-06-01,2026-06-02,1663000.0,1.3792502000000002,1.7215385,1146.8465413000001,1431.45926275,0.24692229287991418,range,trend,range_to_trend,35,False
1420,full_2021_2026,2026-06-16,2026-06-17 00:00:00,2026-07-13,2026-07-14,1599400.0,1.7881787,2.0476716,1430.00650639,1637.5229785200002,0.1439712103293358,trend,trend,trend_to_trend,18,False
1420,full_2021_2026,2026-08-04,2026-08-05 00:00:00,2026-08-14,2026-08-17,1965100.0,1.6649953000000002,1.7750526,1635.9411320150002,1744.0779321300001,0.06503509918782258,range,range,range_to_range,8,False
1420,full_2021_2026,2026-08-21,2026-08-24 10:00:00,2026-08-26,2026-08-27,2040200.0,1.708,1.6952863,1742.3308000000002,1729.36155463,-0.008435678618536335,range,range,range_to_range,3,True
1420,rolling_2021_2023,2021-01-12,2021-01-13 10:30:00,2021-01-28,2021-01-29,697000.0,1.434,1.456,499.749,507.416,0.014326867249778275,warmup,warmup,warmup_to_warmup,12,False
1420,rolling_2021_2023,2021-03-26,2021-03-29 10:00:00,2021-04-12,2021-04-13,791400.0,1.281,1.267,506.89169999999996,501.3519,-0.011917538498510294,trend,range,trend_to_range,10,True
1420,rolling_2021_2023,2021-04-16,2021-04-19 00:00:00,2021-05-07,2021-05-10,770500.0,1.3,1.295,500.825,498.89875,-0.004841809864298607,trend,trend,trend_to_trend,12,False
1420,rolling_2021_2023,2021-05-14,2021-05-17 00:00:00,2021-06-16,2021-06-17,751800.0,1.326,1.441,498.44340000000005,541.6719,0.08564081458516593,range,trend,range_to_trend,22,False
1420,rolling_2021_2023,2021-06-17,2021-06-18 00:00:00,2021-07-06,2021-07-07,719100.0,1.505,1.557,541.12275,559.81935,0.03351746053883353,trend,trend,trend_to_trend,13,False
1420,rolling_2021_2023,2021-07-07,2021-07-08 00:00:00,2021-07-14,2021-07-15,698200.0,1.602,1.589,559.2582000000001,554.7199,-0.009106245878309327,trend,trend,trend_to_trend,5,True
1420,rolling_2021_2023,2021-07-29,2021-07-30 00:00:00,2021-08-09,2021-08-10,681600.0,1.626,1.604,554.1407999999999,546.6432000000001,-0.014516112177613283,trend,trend,trend_to_trend,7,True
1420,rolling_2021_2023,2021-08-24,2021-08-25 00:00:00,2021-08-27,2021-08-30,675000.0,1.618,1.525,546.075,514.6875,-0.05842041896233596,trend,range,trend_to_range,3,True
1420,rolling_2021_2023,2021-10-15,2021-10-18 00:00:00,2021-10-27,2021-10-28,735600.0,1.398,1.391,514.1844,511.6098,-0.006001648674947124,trend,trend,trend_to_trend,8,True
1420,rolling_2021_2023,2021-10-29,2021-11-01 10:00:00,2021-12-02,2021-12-03,714300.0,1.431,1.469,511.08165,524.6533499999999,0.025528814907710196,trend,range,trend_to_range,24,False
1420,rolling_2021_2023,2021-12-03,2021-12-06 00:00:00,2021-12-08,2021-12-09,707400.0,1.482,1.45,524.1834,512.865,-0.022570361243130166,range,range,range_to_range,3,True
1420,rolling_2021_2023,2021-12-10,2021-12-13 00:00:00,2021-12-15,2021-12-16,690500.0,1.484,1.463,512.351,505.10075,-0.015136299774641038,range,range,range_to_range,3,True
1420,rolling_2021_2023,2021-12-17,2021-12-20 00:00:00,2021-12-23,2021-12-24,701800.0,1.438,1.415,504.59419999999994,496.5235,-0.016977950524042495,range,range,range_to_range,4,True
1420,rolling_2021_2023,2022-01-17,2022-01-18 00:00:00,2022-01-21,2022-01-24,723000.0,1.372,1.326,495.97800000000007,479.349,-0.03449368610155579,range,range,range_to_range,4,True
1420,rolling_2021_2023,2022-02-23,2022-02-24 00:00:00,2022-03-03,2022-03-04,760800.0,1.259,1.239,478.92359999999996,471.3156,-0.016869246075929323,trend,trend,trend_to_trend,6,True
1420,rolling_2021_2023,2022-03-21,2022-03-22 00:00:00,2022-03-24,2022-03-25,799400.0,1.178,1.167,470.84659999999997,466.4499,-0.010328027836675857,trend,trend,trend_to_trend,3,True
1420,rolling_2021_2023,2022-05-05,2022-05-06 00:00:00,2022-06-22,2022-06-23,975800.0,0.955,1.095,465.9445,534.2505,0.14545083479202803,trend,range,trend_to_range,33,False
1420,rolling_2021_2023,2022-06-24,2022-06-27 10:30:00,2022-07-11,2022-07-12,938800.0,1.137,1.11,533.7078,521.0340000000001,-0.024722467262410897,range,range,range_to_range,11,False
1420,rolling_2021_2023,2022-07-21,2022-07-22 10:00:00,2022-08-19,2022-08-22,921300.0,1.13,1.137,520.5345,523.75905,0.005188998421143509,trend,trend,trend_to_trend,21,False
1420,rolling_2021_2023,2022-10-17,2022-10-18 10:00:00,2022-11-21,2022-11-22,1057100.0,0.99,1.061,523.2645,560.7915499999999,0.07064599013624484,trend,trend,trend_to_trend,25,False
1420,rolling_2021_2023,2022-12-12,2022-12-13 00:00:00,2022-12-15,2022-12-16,1089900.0,1.028,1.01,560.2085999999999,550.3995,-0.018491726899196315,range,range,range_to_range,3,True
1420,rolling_2021_2023,2022-12-30,2023-01-03 00:00:00,2023-02-08,2023-02-09,1114200.0,0.987,1.032,549.8576999999999,574.9272000000001,0.044547634997091246,range,range,range_to_range,22,False
1420,rolling_2021_2023,2023-02-09,2023-02-10 00:00:00,2023-02-16,2023-02-17,1081600.0,1.062,1.028,574.3296,555.9424,-0.03298256709686587,range,range,range_to_range,5,True
1420,rolling_2021_2023,2023-03-01,2023-03-02 10:00:00,2023-03-07,2023-03-08,1091200.0,1.018,1.012,555.4208000000001,552.1472,-0.006887518912449653,range,range,range_to_range,4,True
1420,rolling_2021_2023,2023-03-09,2023-03-10 00:00:00,2023-03-16,2023-03-17,1085800.0,1.016,1.019,551.5864,553.2151,0.00195030437537147,range,range,range_to_range,5,False
1420,rolling_2021_2023,2023-03-17,2023-03-20 00:00:00,2023-04-21,2023-04-24,1065900.0,1.037,1.136,552.66915,605.4312,0.09437277503967412,range,trend,range_to_trend,24,False
1420,rolling_2021_2023,2023-05-16,2023-05-17 00:00:00,2023-05-23,2023-05-24,1155300.0,1.047,1.038,604.79955,599.6007000000001,-0.009586897095864577,range,range,range_to_range,5,True
1420,rolling_2021_2023,2023-05-26,2023-05-29 10:00:00,2023-06-08,2023-06-09,1123800.0,1.066,1.033,598.9854,580.4427,-0.03192540690255252,range,range,range_to_range,9,True
1420,rolling_2021_2023,2023-06-09,2023-06-12 00:00:00,2023-06-26,2023-06-27,1101400.0,1.053,1.035,579.8871,569.9745,-0.018076431869535226,range,range,range_to_range,9,True
1420,rolling_2021_2023,2023-07-31,2023-08-01 00:00:00,2023-08-10,2023-08-11,1146800.0,0.993,0.982,569.3861999999999,563.0788000000001,-0.012065971042675927,trend,trend,trend_to_trend,8,True
1420,rolling_2021_2023,2023-08-30,2023-08-31 00:00:00,2023-09-07,2023-09-08,1173200.0,0.959,0.917,562.5494,537.9122000000001,-0.04475134695425986,trend,trend,trend_to_trend,6,True
1420,rolling_2021_2023,2023-09-27,2023-09-28 00:00:00,2023-10-16,2023-10-17,1190200.0,0.903,0.896,537.3753,533.2096,-0.00874369017041865,trend,trend,trend_to_trend,7,True
1420,rolling_2021_2023,2023-10-27,2023-10-30 00:00:00,2023-11-22,2023-11-23,1210600.0,0.88,0.892,532.664,539.9276,0.012623233837626424,trend,range,trend_to_range,18,False
1420,rolling_2021_2023,2023-12-08,2023-12-11 00:00:00,2023-12-15,2023-12-18,1223100.0,0.882,0.867,539.3871,530.21385,-0.017989304667394124,trend,range,trend_to_range,5,True
1420,rolling_2022_2024,2022-01-17,2022-01-18 00:00:00,2022-01-21,2022-01-24,728400.0,1.372,1.326,499.68240000000003,482.92920000000004,-0.034493686101555676,range,range,range_to_range,4,True
1420,rolling_2022_2024,2022-02-23,2022-02-24 00:00:00,2022-03-03,2022-03-04,766500.0,1.259,1.239,482.51174999999995,474.84675000000004,-0.016869246075929212,trend,trend,trend_to_trend,6,True
1420,rolling_2022_2024,2022-03-21,2022-03-22 00:00:00,2022-03-24,2022-03-25,805300.0,1.178,1.167,474.32169999999996,469.89254999999997,-0.010328027836675746,trend,trend,trend_to_trend,3,True
1420,rolling_2022_2024,2022-05-05,2022-05-06 00:00:00,2022-06-22,2022-06-23,983100.0,0.955,1.095,469.43025,538.24725,0.14545083479202803,trend,range,trend_to_range,33,False
1420,rolling_2022_2024,2022-06-24,2022-06-27 10:30:00,2022-07-11,2022-07-12,945900.0,1.137,1.11,537.74415,524.9745,-0.024722467262411008,range,range,range_to_range,11,False
1420,rolling_2022_2024,2022-07-21,2022-07-22 10:00:00,2022-08-19,2022-08-22,928200.0,1.13,1.137,524.433,527.6817,0.005188998421143287,trend,trend,trend_to_trend,21,False
1420,rolling_2022_2024,2022-10-17,2022-10-18 10:00:00,2022-11-21,2022-11-22,1065000.0,0.99,1.061,527.175,564.9825,0.07064599013624506,trend,trend,trend_to_trend,25,False
1420,rolling_2022_2024,2022-12-12,2022-12-13 00:00:00,2022-12-15,2022-12-16,1098100.0,1.028,1.01,564.4234,554.5405000000001,-0.018491726899196204,range,range,range_to_range,3,True
1420,rolling_2022_2024,2022-12-30,2023-01-03 00:00:00,2023-02-08,2023-02-09,1122500.0,0.987,1.032,553.95375,579.21,0.044547634997091023,range,range,range_to_range,22,False
1420,rolling_2022_2024,2023-02-09,2023-02-10 00:00:00,2023-02-16,2023-02-17,1089700.0,1.062,1.028,578.6307,560.1058,-0.03298256709686598,range,range,range_to_range,5,True
1420,rolling_2022_2024,2023-03-01,2023-03-02 10:00:00,2023-03-07,2023-03-08,1099300.0,1.018,1.012,559.5437,556.2458,-0.00688751891244932,range,range,range_to_range,4,True
1420,rolling_2022_2024,2023-03-09,2023-03-10 00:00:00,2023-03-16,2023-03-17,1093900.0,1.016,1.019,555.7012,557.34205,0.001950304375371248,range,range,range_to_range,5,False
1420,rolling_2022_2024,2023-03-17,2023-03-20 00:00:00,2023-04-21,2023-04-24,1073800.0,1.037,1.136,556.7652999999999,609.9183999999999,0.0943727750396739,range,trend,range_to_trend,24,False
1420,rolling_2022_2024,2023-05-16,2023-05-17 00:00:00,2023-05-23,2023-05-24,1163900.0,1.047,1.038,609.3016499999999,604.0640999999999,-0.009586897095864688,range,range,range_to_range,5,True
1420,rolling_2022_2024,2023-05-26,2023-05-29 10:00:00,2023-06-08,2023-06-09,1132200.0,1.066,1.033,603.4626,584.7813,-0.03192540690255241,range,range,range_to_range,9,True
1420,rolling_2022_2024,2023-06-09,2023-06-12 00:00:00,2023-06-26,2023-06-27,1109600.0,1.053,1.035,584.2044,574.218,-0.018076431869535226,range,range,range_to_range,9,True
1420,rolling_2022_2024,2023-07-31,2023-08-01 00:00:00,2023-08-10,2023-08-11,1155400.0,0.993,0.982,573.6561,567.3014000000001,-0.012065971042675927,trend,trend,trend_to_trend,8,True
1420,rolling_2022_2024,2023-08-30,2023-08-31 00:00:00,2023-09-07,2023-09-08,1181900.0,0.959,0.917,566.72105,541.90115,-0.044751346954259974,trend,trend,trend_to_trend,6,True
1420,rolling_2022_2024,2023-09-27,2023-09-28 00:00:00,2023-10-16,2023-10-17,1199100.0,0.903,0.896,541.39365,537.1968,-0.00874369017041865,trend,trend,trend_to_trend,7,True
1420,rolling_2022_2024,2023-10-27,2023-10-30 00:00:00,2023-11-22,2023-11-23,1219700.0,0.88,0.892,536.668,543.9861999999999,0.012623233837626646,trend,range,trend_to_range,18,False
1420,rolling_2022_2024,2023-12-08,2023-12-11 00:00:00,2023-12-15,2023-12-18,1232200.0,0.882,0.867,543.4001999999999,534.1587,-0.017989304667394235,trend,range,trend_to_range,5,True
1420,rolling_2022_2024,2023-12-28,2023-12-29 00:00:00,2024-01-04,2024-01-05,1228200.0,0.869,0.842,533.6529,517.0722,-0.032038641208740004,range,range,range_to_range,4,True
1420,rolling_2022_2024,2024-02-08,2024-02-19 10:00:00,2024-03-14,2024-03-15,1341700.0,0.77,0.821,516.5545,550.76785,0.06516806531799046,trend,range,trend_to_range,19,False
1420,rolling_2022_2024,2024-04-24,2024-04-25 00:00:00,2024-05-15,2024-05-16,1461400.0,0.753,0.768,550.2171,561.1776,0.018900908111681103,range,trend,range_to_trend,12,False
1420,rolling_2022_2024,2024-06-03,2024-06-04 00:00:00,2024-06-25,2024-06-26,1461800.0,0.767,0.734,560.6003000000001,536.4806,-0.043981268818003016,trend,range,trend_to_range,15,False
1420,rolling_2022_2024,2024-07-11,2024-07-12 00:00:00,2024-07-29,2024-07-30,1464400.0,0.732,0.723,535.9704,529.3806,-0.013282293279589852,range,range,range_to_range,12,False
1420,rolling_2022_2024,2024-07-31,2024-08-01 10:00:00,2024-08-05,2024-08-06,1386200.0,0.763,0.73,528.8353000000001,505.963,-0.044206599190575124,trend,range,trend_to_range,3,True
1420,rolling_2022_2024,2024-09-24,2024-09-25 14:00:00,2024-10-30,2024-10-31,1478000.0,0.684,0.981,505.47600000000006,724.9590000000001,0.4327770325363631,trend,trend,trend_to_trend,21,False
1420,rolling_2022_2024,2024-11-05,2024-11-06 10:00:00,2024-11-15,2024-11-18,1421400.0,1.019,1.014,724.2032999999999,720.6498,-0.005901367275145342,trend,trend,trend_to_trend,8,True
1420,rolling_2022_2024,2024-12-02,2024-12-03 00:00:00,2024-12-05,2024-12-06,1383200.0,1.041,1.03,719.9556,712.3480000000001,-0.01155570149603391,trend,trend,trend_to_trend,3,True
1420,rolling_2022_2024,2024-12-10,2024-12-11 00:00:00,2024-12-13,2024-12-16,1376400.0,1.034,1.013,711.5988000000001,697.1466,-0.021288678678069273,trend,trend,trend_to_trend,3,True
1420,rolling_2023_2025,2022-12-30,2023-01-03 00:00:00,2023-02-08,2023-02-09,1012600.0,0.987,1.032,499.7181,522.5016,0.044547634997091246,range,range,range_to_range,22,False
1420,rolling_2023_2025,2023-02-09,2023-02-10 00:00:00,2023-02-16,2023-02-17,983000.0,1.062,1.028,521.973,505.262,-0.03298256709686587,range,range,range_to_range,5,True
1420,rolling_2023_2025,2023-03-01,2023-03-02 10:00:00,2023-03-07,2023-03-08,991700.0,1.018,1.012,504.7753,501.8002,-0.006887518912449431,range,range,range_to_range,4,True
1420,rolling_2023_2025,2023-03-09,2023-03-10 00:00:00,2023-03-16,2023-03-17,986800.0,1.016,1.019,501.29440000000005,502.77459999999996,0.001950304375371248,range,range,range_to_range,5,False
1420,rolling_2023_2025,2023-03-17,2023-03-20 00:00:00,2023-04-21,2023-04-24,968700.0,1.037,1.136,502.27094999999997,550.2216,0.0943727750396739,range,trend,range_to_trend,24,False
1420,rolling_2023_2025,2023-05-16,2023-05-17 00:00:00,2023-05-23,2023-05-24,1050000.0,1.047,1.038,549.6750000000001,544.95,-0.009586897095864688,range,range,range_to_range,5,True
1420,rolling_2023_2025,2023-05-26,2023-05-29 10:00:00,2023-06-08,2023-06-09,1021400.0,1.066,1.033,544.4062000000001,527.5531,-0.03192540690255263,range,range,range_to_range,9,True
1420,rolling_2023_2025,2023-06-09,2023-06-12 00:00:00,2023-06-26,2023-06-27,1001000.0,1.053,1.035,527.0265,518.0174999999999,-0.018076431869535337,range,range,range_to_range,9,True
1420,rolling_2023_2025,2023-07-31,2023-08-01 00:00:00,2023-08-10,2023-08-11,1042300.0,0.993,0.982,517.5019500000001,511.7693,-0.012065971042676038,trend,trend,trend_to_trend,8,True
1420,rolling_2023_2025,2023-08-30,2023-08-31 00:00:00,2023-09-07,2023-09-08,1066200.0,0.959,0.917,511.24289999999996,488.8527,-0.044751346954259974,trend,trend,trend_to_trend,6,True
1420,rolling_2023_2025,2023-09-27,2023-09-28 00:00:00,2023-10-16,2023-10-17,1081700.0,0.903,0.896,488.38755,484.6016,-0.00874369017041865,trend,trend,trend_to_trend,7,True
1420,rolling_2023_2025,2023-10-27,2023-10-30 00:00:00,2023-11-22,2023-11-23,1100200.0,0.88,0.892,484.088,490.6892,0.012623233837626646,trend,range,trend_to_range,18,False
1420,rolling_2023_2025,2023-12-08,2023-12-11 00:00:00,2023-12-15,2023-12-18,1111600.0,0.882,0.867,490.2156,481.8786,-0.017989304667394235,trend,range,trend_to_range,5,True
1420,rolling_2023_2025,2023-12-28,2023-12-29 00:00:00,2024-01-04,2024-01-05,1107900.0,0.869,0.842,481.38255,466.42589999999996,-0.03203864120873978,range,range,range_to_range,4,True
1420,rolling_2023_2025,2024-02-08,2024-02-19 10:00:00,2024-03-14,2024-03-15,1210300.0,0.77,0.821,465.9655,496.82815,0.06516806531799024,trend,range,trend_to_range,19,False
1420,rolling_2023_2025,2024-04-24,2024-04-25 00:00:00,2024-05-15,2024-05-16,1318300.0,0.753,0.768,496.33995000000004,506.22720000000004,0.018900908111681103,range,trend,range_to_trend,12,False
1420,rolling_2023_2025,2024-06-03,2024-06-04 00:00:00,2024-06-25,2024-06-26,1318700.0,0.767,0.734,505.72145,483.9629,-0.04398126881800313,trend,range,trend_to_range,15,False
1420,rolling_2023_2025,2024-07-11,2024-07-12 00:00:00,2024-07-29,2024-07-30,1321000.0,0.732,0.723,483.486,477.5415,-0.013282293279589852,range,range,range_to_range,12,False
1420,rolling_2023_2025,2024-07-31,2024-08-01 10:00:00,2024-08-05,2024-08-06,1250500.0,0.763,0.73,477.06575000000004,456.4325,-0.04420659919057501,trend,range,trend_to_range,3,True
1420,rolling_2023_2025,2024-09-24,2024-09-25 14:00:00,2024-10-30,2024-10-31,1333300.0,0.684,0.981,455.9886,653.98365,0.4327770325363631,trend,trend,trend_to_trend,21,False
1420,rolling_2023_2025,2024-11-05,2024-11-06 10:00:00,2024-11-15,2024-11-18,1282200.0,1.019,1.014,653.2809,650.0754000000001,-0.005901367275145231,trend,trend,trend_to_trend,8,True
1420,rolling_2023_2025,2024-12-02,2024-12-03 00:00:00,2024-12-05,2024-12-06,1247700.0,1.041,1.03,649.42785,642.5655,-0.011555701496034021,trend,trend,trend_to_trend,3,True
1420,rolling_2023_2025,2024-12-10,2024-12-11 00:00:00,2024-12-13,2024-12-16,1241700.0,1.034,1.013,641.9589000000001,628.9210499999999,-0.02128867867806916,trend,trend,trend_to_trend,3,True
1420,rolling_2023_2025,2024-12-20,2024-12-23 00:00:00,2024-12-31,2025-01-02,1214100.0,1.035,1.01,628.29675,613.1205,-0.025129947103742722,trend,range,trend_to_range,7,True
1420,rolling_2023_2025,2025-01-07,2025-01-08 00:00:00,2025-01-13,2025-01-14,1250000.0,0.98,0.98,612.5,612.5,-0.0009995002498750516,range,range,range_to_range,4,True
1420,rolling_2023_2025,2025-01-14,2025-01-15 00:00:00,2025-03-11,2025-03-12,1221300.0,1.002,1.133,611.8713,691.86645,0.12960834951785571,range,range,range_to_range,34,False
1420,rolling_2023_2025,2025-04-15,2025-04-16 10:00:00,2025-04-23,2025-04-24,1344700.0,1.028,1.036,691.1758000000001,696.5545999999999,0.006774822705378769,range,range,range_to_range,6,False
1420,rolling_2023_2025,2025-05-08,2025-05-09 00:00:00,2025-05-16,2025-05-19,1330500.0,1.046,1.017,695.8515,676.5592499999999,-0.028696454831857676,range,range,range_to_range,6,True
1420,rolling_2023_2025,2025-06-05,2025-06-06 00:00:00,2025-06-10,2025-06-11,1321400.0,1.023,1.007,675.8961,665.3249,-0.016624141497188827,trend,trend,trend_to_trend,3,True
1420,rolling_2023_2025,2025-06-24,2025-06-25 10:30:00,2025-09-08,2025-09-09,1325300.0,1.003,1.28,664.6379499999999,848.192,0.27489595182468607,trend,trend,trend_to_trend,54,False
1420,rolling_2023_2025,2025-09-10,2025-09-11 00:00:00,2025-10-14,2025-10-15,1318800.0,1.285,1.442,847.3290000000001,950.8548,0.12105737014761098,trend,trend,trend_to_trend,18,False
1420,rolling_2023_2025,2025-10-24,2025-10-27 10:30:00,2025-10-30,2025-10-31,1265700.0,1.501,1.4923366,949.90785,944.42521731,-0.006765483547366946,trend,trend,trend_to_trend,4,True
1420,rolling_2023_2025,2025-12-08,2025-12-09 00:00:00,2025-12-11,2025-12-12,1368100.0,1.3792502000000002,1.3630950000000002,943.4760993100002,932.4251347500001,-0.012700823819422835,range,range,range_to_range,3,True
1420,rolling_2023_2025,2025-12-12,2025-12-15 00:00:00,2025-12-24,2025-12-25,1355700.0,1.3742017,1.3873278000000002,931.502622345,940.4001492300001,0.00854275287044226,range,range,range_to_range,8,False
1420,rolling_2024_2026,2023-12-29,2024-01-02 00:00:00,2024-01-04,2024-01-05,1146200.0,0.872,0.842,499.7432,482.5502,-0.035368783498159306,range,range,range_to_range,3,True
1420,rolling_2024_2026,2024-02-08,2024-02-19 10:00:00,2024-03-14,2024-03-15,1252100.0,0.77,0.821,482.05850000000004,513.98705,0.06516806531799024,trend,range,trend_to_range,19,False
1420,rolling_2024_2026,2024-04-24,2024-04-25 00:00:00,2024-05-15,2024-05-16,1363800.0,0.753,0.768,513.4707000000001,523.6992,0.018900908111681325,range,trend,range_to_trend,12,False
1420,rolling_2024_2026,2024-06-03,2024-06-04 00:00:00,2024-06-25,2024-06-26,1364200.0,0.767,0.734,523.1707,500.66139999999996,-0.04398126881800313,trend,range,trend_to_range,15,False
1420,rolling_2024_2026,2024-07-11,2024-07-12 00:00:00,2024-07-29,2024-07-30,1366600.0,0.732,0.723,500.1756,494.0259,-0.01328229327958974,range,range,range_to_range,12,False
1420,rolling_2024_2026,2024-07-31,2024-08-01 10:00:00,2024-08-05,2024-08-06,1293600.0,0.763,0.73,493.50840000000005,472.164,-0.044206599190575124,trend,range,trend_to_range,3,True
1420,rolling_2024_2026,2024-09-24,2024-09-25 14:00:00,2024-10-30,2024-10-31,1379300.0,0.684,0.981,471.72060000000005,676.54665,0.43277703253636335,trend,trend,trend_to_trend,21,False
1420,rolling_2024_2026,2024-11-05,2024-11-06 10:00:00,2024-11-15,2024-11-18,1326500.0,1.019,1.014,675.8517499999999,672.5355000000001,-0.005901367275145342,trend,trend,trend_to_trend,8,True
1420,rolling_2024_2026,2024-12-02,2024-12-03 00:00:00,2024-12-05,2024-12-06,1290800.0,1.041,1.03,671.8613999999999,664.7620000000001,-0.01155570149603391,trend,trend,trend_to_trend,3,True
1420,rolling_2024_2026,2024-12-10,2024-12-11 00:00:00,2024-12-13,2024-12-16,1284500.0,1.034,1.013,664.0865,650.5992499999999,-0.021288678678069273,trend,trend,trend_to_trend,3,True
1420,rolling_2024_2026,2024-12-20,2024-12-23 00:00:00,2024-12-31,2025-01-02,1256000.0,1.035,1.01,649.98,634.28,-0.025129947103742833,trend,range,trend_to_range,7,True
1420,rolling_2024_2026,2025-01-07,2025-01-08 00:00:00,2025-01-13,2025-01-14,1293100.0,0.98,0.98,633.619,633.619,-0.0009995002498749406,range,range,range_to_range,4,True
1420,rolling_2024_2026,2025-01-14,2025-01-15 00:00:00,2025-03-11,2025-03-12,1263500.0,1.002,1.133,633.0135,715.77275,0.12960834951785594,range,range,range_to_range,34,False
1420,rolling_2024_2026,2025-04-15,2025-04-16 10:00:00,2025-04-23,2025-04-24,1391100.0,1.028,1.036,715.0254,720.5898000000001,0.006774822705378991,range,range,range_to_range,6,False
1420,rolling_2024_2026,2025-05-08,2025-05-09 00:00:00,2025-05-16,2025-05-19,1376400.0,1.046,1.017,719.8572,699.8993999999999,-0.028696454831857676,range,range,range_to_range,6,True
1420,rolling_2024_2026,2025-06-05,2025-06-06 00:00:00,2025-06-10,2025-06-11,1367000.0,1.023,1.007,699.2204999999999,688.2844999999999,-0.016624141497188938,trend,trend,trend_to_trend,3,True
1420,rolling_2024_2026,2025-06-24,2025-06-25 10:30:00,2025-09-08,2025-09-09,1371100.0,1.003,1.28,687.60665,877.504,0.27489595182468607,trend,trend,trend_to_trend,54,False
1420,rolling_2024_2026,2025-09-10,2025-09-11 00:00:00,2025-10-14,2025-10-15,1364400.0,1.285,1.442,876.6270000000001,983.7324,0.12105737014761075,trend,trend,trend_to_trend,18,False
1420,rolling_2024_2026,2025-10-24,2025-10-27 10:30:00,2025-10-30,2025-10-31,1309400.0,1.501,1.4923366,982.7047,977.03277202,-0.006765483547366724,trend,trend,trend_to_trend,4,True
1420,rolling_2024_2026,2025-12-08,2025-12-09 00:00:00,2025-12-11,2025-12-12,1415400.0,1.3792502000000002,1.3630950000000002,976.0953665400002,964.6623315000002,-0.012700823819422724,range,range,range_to_range,3,True
1420,rolling_2024_2026,2025-12-12,2025-12-15 00:00:00,2025-12-24,2025-12-25,1402500.0,1.3742017,1.3873278000000002,963.658942125,972.8636197500002,0.00854275287044226,range,range,range_to_range,8,False
1420,rolling_2024_2026,2025-12-25,2025-12-26 00:00:00,2026-01-29,2026-01-30,1401100.0,1.3873278000000002,1.5488798,971.8924902900001,1085.06774389,0.11533243567444784,range,trend,range_to_trend,23,False
1420,rolling_2024_2026,2026-02-25,2026-02-26 10:00:00,2026-03-02,2026-03-03,1429100.0,1.517,1.5105112,1083.9723499999998,1079.33577796,-0.005272614582622626,trend,trend,trend_to_trend,3,True
1420,rolling_2024_2026,2026-04-08,2026-04-09 00:00:00,2026-06-01,2026-06-02,1563600.0,1.3792502000000002,1.7215385,1078.29780636,1345.8987993,0.2469222928799144,range,trend,range_to_trend,35,False
1420,rolling_2024_2026,2026-06-16,2026-06-17 00:00:00,2026-07-13,2026-07-14,1503800.0,1.7881787,2.0476716,1344.5315645300002,1539.6442760400002,0.14397121032933557,trend,trend,trend_to_trend,18,False
1420,rolling_2024_2026,2026-08-04,2026-08-05 00:00:00,2026-08-14,2026-08-17,1847600.0,1.6649953000000002,1.7750526,1538.12265814,1639.79359188,0.06503509918782258,range,range,range_to_range,8,False
1420,rolling_2024_2026,2026-08-21,2026-08-24 10:00:00,2026-08-26,2026-08-27,1918200.0,1.708,1.6952863,1638.1428,1625.94909033,-0.008435678618536113,range,range,range_to_range,3,True
36,full_2021_2026,2021-01-12,2021-01-13 10:30:00,2021-01-28,2021-01-29,697000.0,1.434,1.456,499.749,507.416,0.014326867249778275,warmup,warmup,warmup_to_warmup,12,False
36,full_2021_2026,2021-03-26,2021-03-29 10:00:00,2021-04-12,2021-04-13,791400.0,1.281,1.267,506.89169999999996,501.3519,-0.011917538498510294,trend,range,trend_to_range,10,True
36,full_2021_2026,2021-04-16,2021-04-19 00:00:00,2021-05-07,2021-05-10,770500.0,1.3,1.295,500.825,498.89875,-0.004841809864298607,trend,trend,trend_to_trend,12,False
36,full_2021_2026,2021-05-14,2021-05-17 00:00:00,2021-06-16,2021-06-17,751800.0,1.326,1.441,498.44340000000005,541.6719,0.08564081458516593,range,trend,range_to_trend,22,False
36,full_2021_2026,2021-06-17,2021-06-18 00:00:00,2021-07-06,2021-07-07,719100.0,1.505,1.557,541.12275,559.81935,0.03351746053883353,trend,trend,trend_to_trend,13,False
36,full_2021_2026,2021-07-07,2021-07-08 00:00:00,2021-07-14,2021-07-15,698200.0,1.602,1.589,559.2582000000001,554.7199,-0.009106245878309327,trend,trend,trend_to_trend,5,True
36,full_2021_2026,2021-07-29,2021-07-30 00:00:00,2021-08-09,2021-08-10,681600.0,1.626,1.604,554.1407999999999,546.6432000000001,-0.014516112177613283,trend,trend,trend_to_trend,7,True
36,full_2021_2026,2021-08-24,2021-08-25 00:00:00,2021-08-27,2021-08-30,675000.0,1.618,1.525,546.075,514.6875,-0.05842041896233596,trend,range,trend_to_range,3,True
36,full_2021_2026,2021-10-15,2021-10-18 00:00:00,2021-10-27,2021-10-28,735600.0,1.398,1.391,514.1844,511.6098,-0.006001648674947124,trend,trend,trend_to_trend,8,True
36,full_2021_2026,2021-10-29,2021-11-01 10:00:00,2021-12-02,2021-12-03,714300.0,1.431,1.469,511.08165,524.6533499999999,0.025528814907710196,trend,range,trend_to_range,24,False
36,full_2021_2026,2021-12-03,2021-12-06 00:00:00,2021-12-08,2021-12-09,707400.0,1.482,1.45,524.1834,512.865,-0.022570361243130166,range,range,range_to_range,3,True
36,full_2021_2026,2021-12-10,2021-12-13 00:00:00,2021-12-15,2021-12-16,690500.0,1.484,1.463,512.351,505.10075,-0.015136299774641038,range,range,range_to_range,3,True
36,full_2021_2026,2021-12-31,2022-01-04 00:00:00,2022-01-06,2022-01-07,703200.0,1.435,1.366,504.546,480.28560000000004,-0.049035064349358226,range,range,range_to_range,3,True
36,full_2021_2026,2022-01-17,2022-01-18 00:00:00,2022-01-21,2022-01-24,699500.0,1.372,1.326,479.8570000000001,463.7685,-0.034493686101555676,range,range,range_to_range,4,True
36,full_2021_2026,2022-02-23,2022-02-24 00:00:00,2022-03-03,2022-03-04,736000.0,1.259,1.239,463.31199999999995,455.95200000000006,-0.016869246075929323,trend,trend,trend_to_trend,6,True
36,full_2021_2026,2022-03-21,2022-03-22 00:00:00,2022-03-24,2022-03-25,773300.0,1.178,1.167,455.47369999999995,451.22055,-0.010328027836675746,trend,trend,trend_to_trend,3,True
36,full_2021_2026,2022-05-05,2022-05-06 00:00:00,2022-06-22,2022-06-23,944000.0,0.955,1.095,450.76,516.84,0.14545083479202803,trend,range,trend_to_range,33,False
36,full_2021_2026,2022-06-24,2022-06-27 10:30:00,2022-07-05,2022-07-06,908200.0,1.137,1.122,516.3117,509.50020000000006,-0.014178926367950484,range,range,range_to_range,7,True
36,full_2021_2026,2022-07-06,2022-07-07 00:00:00,2022-07-11,2022-07-12,896100.0,1.136,1.11,508.98479999999995,497.3355000000001,-0.02386394830753613,range,range,range_to_range,3,True
36,full_2021_2026,2022-07-21,2022-07-22 10:00:00,2022-08-19,2022-08-22,879400.0,1.13,1.137,496.86099999999993,499.93890000000005,0.005188998421143509,trend,trend,trend_to_trend,21,False
36,full_2021_2026,2022-10-17,2022-10-18 10:00:00,2022-11-21,2022-11-22,1009000.0,0.99,1.061,499.455,535.2745,0.07064599013624506,trend,trend,trend_to_trend,25,False
36,full_2021_2026,2022-12-30,2023-01-03 00:00:00,2023-02-16,2023-02-17,1083500.0,0.987,1.028,534.70725,556.919,0.04049900075291646,range,range,range_to_range,28,False
36,full_2021_2026,2023-03-01,2023-03-02 10:00:00,2023-03-07,2023-03-08,1093100.0,1.018,1.012,556.3879000000001,553.1086,-0.006887518912449431,range,range,range_to_range,4,True
36,full_2021_2026,2023-03-14,2023-03-15 11:30:00,2023-04-21,2023-04-24,1068800.0,1.034,1.136,552.5696,607.0783999999999,0.09754793782992444,range,trend,range_to_trend,27,False
36,full_2021_2026,2023-04-28,2023-05-04 00:00:00,2023-05-08,2023-05-09,1098600.0,1.104,1.082,606.4272000000001,594.3426000000001,-0.02090711890431607,range,range,range_to_range,3,True
36,full_2021_2026,2023-05-16,2023-05-17 00:00:00,2023-05-23,2023-05-24,1134200.0,1.047,1.038,593.7537,588.6498,-0.009586897095864577,range,range,range_to_range,5,True
36,full_2021_2026,2023-05-26,2023-05-29 10:00:00,2023-06-06,2023-06-07,1103300.0,1.066,1.052,588.0589,580.3358000000001,-0.01411958186010187,range,range,range_to_range,7,True
36,full_2021_2026,2023-06-09,2023-06-12 00:00:00,2023-06-26,2023-06-27,1101200.0,1.053,1.035,579.7818,569.871,-0.018076431869535226,range,range,range_to_range,9,True
36,full_2021_2026,2023-07-03,2023-07-04 00:00:00,2023-07-06,2023-07-07,1104400.0,1.031,1.024,569.3181999999999,565.4528,-0.007782238851476331,range,trend,range_to_trend,3,True
36,full_2021_2026,2023-07-31,2023-08-01 00:00:00,2023-08-08,2023-08-09,1137700.0,0.993,0.988,564.86805,562.0238,-0.006029714246602813,trend,range,trend_to_range,6,True
36,full_2021_2026,2023-08-30,2023-08-31 00:00:00,2023-09-07,2023-09-08,1170900.0,0.959,0.917,561.4465499999999,536.85765,-0.04475134695425986,trend,trend,trend_to_trend,6,True
36,full_2021_2026,2023-09-27,2023-09-28 00:00:00,2023-10-16,2023-10-17,1187900.0,0.903,0.896,536.33685,532.1791999999999,-0.00874369017041865,trend,trend,trend_to_trend,7,True
36,full_2021_2026,2023-10-27,2023-10-30 00:00:00,2023-11-22,2023-11-23,1208300.0,0.88,0.892,531.652,538.9018000000001,0.012623233837626646,trend,range,trend_to_range,18,False
36,full_2021_2026,2023-12-08,2023-12-11 00:00:00,2023-12-15,2023-12-18,1220800.0,0.882,0.867,538.3728000000001,529.2168,-0.017989304667394235,trend,range,trend_to_range,5,True
36,full_2021_2026,2023-12-28,2023-12-29 00:00:00,2024-01-04,2024-01-05,1216700.0,0.869,0.842,528.65615,512.2307,-0.03203864120873978,range,range,range_to_range,4,True
36,full_2021_2026,2024-02-08,2024-02-19 10:00:00,2024-03-14,2024-03-15,1329200.0,0.77,0.821,511.742,545.6366,0.06516806531799024,trend,range,trend_to_range,19,False
36,full_2021_2026,2024-03-18,2024-03-19 00:00:00,2024-03-21,2024-03-22,1293200.0,0.843,0.822,545.0838,531.5052,-0.02588563369560759,range,range,range_to_range,3,True
36,full_2021_2026,2024-04-26,2024-04-29 10:00:00,2024-05-15,2024-05-16,1377400.0,0.771,0.768,530.9877000000001,528.9216,-0.004886661727502073,range,trend,range_to_trend,10,True
36,full_2021_2026,2024-06-03,2024-06-04 00:00:00,2024-06-25,2024-06-26,1377800.0,0.767,0.734,528.3863,505.6526,-0.043981268818003016,trend,range,trend_to_range,15,False
36,full_2021_2026,2024-07-11,2024-07-12 00:00:00,2024-07-24,2024-07-25,1380200.0,0.732,0.727,505.1532,501.70270000000005,-0.007823274155272064,range,range,range_to_range,9,True
36,full_2021_2026,2024-07-26,2024-07-29 00:00:00,2024-08-05,2024-08-06,1360100.0,0.737,0.73,501.19685,496.4365,-0.010487971753607495,range,range,range_to_range,6,True
36,full_2021_2026,2024-09-24,2024-09-25 14:00:00,2024-10-30,2024-10-31,1450100.0,0.684,0.981,495.93420000000003,711.27405,0.43277703253636335,trend,trend,trend_to_trend,21,False
36,full_2021_2026,2024-11-05,2024-11-06 10:00:00,2024-11-15,2024-11-18,1394600.0,1.019,1.014,710.5486999999999,707.0622,-0.005901367275145564,trend,trend,trend_to_trend,8,True
36,full_2021_2026,2024-12-02,2024-12-03 00:00:00,2024-12-05,2024-12-06,1357100.0,1.041,1.03,706.37055,698.9065,-0.01155570149603391,trend,trend,trend_to_trend,3,True
36,full_2021_2026,2024-12-10,2024-12-11 00:00:00,2024-12-13,2024-12-16,1350500.0,1.034,1.013,698.2085,684.0282499999998,-0.02128867867806916,trend,trend,trend_to_trend,3,True
36,full_2021_2026,2024-12-20,2024-12-23 00:00:00,2024-12-31,2025-01-02,1320500.0,1.035,1.01,683.35875,666.8525,-0.025129947103742722,trend,range,trend_to_range,7,True
36,full_2021_2026,2025-01-14,2025-01-15 00:00:00,2025-03-13,2025-03-14,1329700.0,1.002,1.095,666.1796999999999,728.01075,0.09172210302034634,range,range,range_to_range,36,False
36,full_2021_2026,2025-04-15,2025-04-16 10:00:00,2025-04-18,2025-04-21,1414900.0,1.028,1.034,727.2586,731.5033000000001,0.0048312419665654804,range,range,range_to_range,3,False
36,full_2021_2026,2025-04-21,2025-04-22 00:00:00,2025-04-24,2025-04-25,1405400.0,1.04,1.027,730.808,721.6728999999999,-0.013487006496751608,range,range,range_to_range,3,True
36,full_2021_2026,2025-05-06,2025-05-07 14:00:00,2025-05-09,2025-05-12,1373200.0,1.05,1.034,720.9300000000001,709.9444000000001,-0.01622236500797203,range,range,range_to_range,3,True
36,full_2021_2026,2025-05-14,2025-05-15 00:00:00,2025-05-19,2025-05-20,1369200.0,1.036,1.019,709.2456,697.6073999999999,-0.01739236559326529,range,range,range_to_range,3,True
36,full_2021_2026,2025-06-05,2025-06-06 00:00:00,2025-06-10,2025-06-11,1362500.0,1.023,1.007,696.9187499999999,686.01875,-0.016624141497188827,trend,trend,trend_to_trend,3,True
36,full_2021_2026,2025-06-24,2025-06-25 10:30:00,2025-09-08,2025-09-09,1366500.0,1.003,1.28,685.2997499999999,874.5600000000001,0.27489595182468607,trend,trend,trend_to_trend,54,False
36,full_2021_2026,2025-09-10,2025-09-11 00:00:00,2025-10-14,2025-10-15,1359800.0,1.285,1.442,873.6715,980.4158,0.12105737014761098,trend,trend,trend_to_trend,18,False
36,full_2021_2026,2025-10-24,2025-10-27 10:30:00,2025-10-30,2025-10-31,1305100.0,1.501,1.4923366,979.47755,973.82424833,-0.006765483547366835,trend,trend,trend_to_trend,4,True
36,full_2021_2026,2025-12-08,2025-12-09 00:00:00,2025-12-11,2025-12-12,1410700.0,1.3792502000000002,1.3630950000000002,972.8541285700002,961.4590582500001,-0.012700823819422724,range,range,range_to_range,3,True
36,full_2021_2026,2025-12-12,2025-12-15 00:00:00,2026-01-29,2026-01-30,1397900.0,1.3742017,1.5488798,960.4982782149999,1082.58953621,0.1259858681974222,range,trend,range_to_trend,32,False
36,full_2021_2026,2026-02-25,2026-02-26 10:00:00,2026-03-02,2026-03-03,1425800.0,1.517,1.5105112,1081.4693,1076.84343448,-0.005272614582622959,trend,trend,trend_to_trend,3,True
36,full_2021_2026,2026-04-08,2026-04-09 00:00:00,2026-06-01,2026-06-02,1559900.0,1.3792502000000002,1.7215385,1075.7461934900002,1342.713953075,0.24692229287991418,range,trend,range_to_trend,35,False
36,full_2021_2026,2026-06-16,2026-06-17 00:00:00,2026-07-13,2026-07-14,1500300.0,1.7881787,2.0476716,1341.402251805,1536.0608507400002,0.14397121032933557,trend,trend,trend_to_trend,18,False
36,full_2021_2026,2026-08-04,2026-08-05 00:00:00,2026-08-13,2026-08-14,1843300.0,1.6649953000000002,1.7891884,1534.542918245,1649.00548886,0.07351660737248111,range,range,range_to_range,7,False
36,full_2021_2026,2026-08-27,2026-08-28 00:00:00,2026-09-01,2026-09-02,1886100.0,1.746781,1.6771117000000002,1647.3018220499998,1581.6001886850001,-0.0408440288526255,range,range,range_to_range,3,True
36,rolling_2021_2023,2021-01-12,2021-01-13 10:30:00,2021-01-28,2021-01-29,697000.0,1.434,1.456,499.749,507.416,0.014326867249778275,warmup,warmup,warmup_to_warmup,12,False
36,rolling_2021_2023,2021-03-26,2021-03-29 10:00:00,2021-04-12,2021-04-13,791400.0,1.281,1.267,506.89169999999996,501.3519,-0.011917538498510294,trend,range,trend_to_range,10,True
36,rolling_2021_2023,2021-04-16,2021-04-19 00:00:00,2021-05-07,2021-05-10,770500.0,1.3,1.295,500.825,498.89875,-0.004841809864298607,trend,trend,trend_to_trend,12,False
36,rolling_2021_2023,2021-05-14,2021-05-17 00:00:00,2021-06-16,2021-06-17,751800.0,1.326,1.441,498.44340000000005,541.6719,0.08564081458516593,range,trend,range_to_trend,22,False
36,rolling_2021_2023,2021-06-17,2021-06-18 00:00:00,2021-07-06,2021-07-07,719100.0,1.505,1.557,541.12275,559.81935,0.03351746053883353,trend,trend,trend_to_trend,13,False
36,rolling_2021_2023,2021-07-07,2021-07-08 00:00:00,2021-07-14,2021-07-15,698200.0,1.602,1.589,559.2582000000001,554.7199,-0.009106245878309327,trend,trend,trend_to_trend,5,True
36,rolling_2021_2023,2021-07-29,2021-07-30 00:00:00,2021-08-09,2021-08-10,681600.0,1.626,1.604,554.1407999999999,546.6432000000001,-0.014516112177613283,trend,trend,trend_to_trend,7,True
36,rolling_2021_2023,2021-08-24,2021-08-25 00:00:00,2021-08-27,2021-08-30,675000.0,1.618,1.525,546.075,514.6875,-0.05842041896233596,trend,range,trend_to_range,3,True
36,rolling_2021_2023,2021-10-15,2021-10-18 00:00:00,2021-10-27,2021-10-28,735600.0,1.398,1.391,514.1844,511.6098,-0.006001648674947124,trend,trend,trend_to_trend,8,True
36,rolling_2021_2023,2021-10-29,2021-11-01 10:00:00,2021-12-02,2021-12-03,714300.0,1.431,1.469,511.08165,524.6533499999999,0.025528814907710196,trend,range,trend_to_range,24,False
36,rolling_2021_2023,2021-12-03,2021-12-06 00:00:00,2021-12-08,2021-12-09,707400.0,1.482,1.45,524.1834,512.865,-0.022570361243130166,range,range,range_to_range,3,True
36,rolling_2021_2023,2021-12-10,2021-12-13 00:00:00,2021-12-15,2021-12-16,690500.0,1.484,1.463,512.351,505.10075,-0.015136299774641038,range,range,range_to_range,3,True
36,rolling_2021_2023,2021-12-31,2022-01-04 00:00:00,2022-01-06,2022-01-07,703200.0,1.435,1.366,504.546,480.28560000000004,-0.049035064349358226,range,range,range_to_range,3,True
36,rolling_2021_2023,2022-01-17,2022-01-18 00:00:00,2022-01-21,2022-01-24,699500.0,1.372,1.326,479.8570000000001,463.7685,-0.034493686101555676,range,range,range_to_range,4,True
36,rolling_2021_2023,2022-02-23,2022-02-24 00:00:00,2022-03-03,2022-03-04,736000.0,1.259,1.239,463.31199999999995,455.95200000000006,-0.016869246075929323,trend,trend,trend_to_trend,6,True
36,rolling_2021_2023,2022-03-21,2022-03-22 00:00:00,2022-03-24,2022-03-25,773300.0,1.178,1.167,455.47369999999995,451.22055,-0.010328027836675746,trend,trend,trend_to_trend,3,True
36,rolling_2021_2023,2022-05-05,2022-05-06 00:00:00,2022-06-22,2022-06-23,944000.0,0.955,1.095,450.76,516.84,0.14545083479202803,trend,range,trend_to_range,33,False
36,rolling_2021_2023,2022-06-24,2022-06-27 10:30:00,2022-07-05,2022-07-06,908200.0,1.137,1.122,516.3117,509.50020000000006,-0.014178926367950484,range,range,range_to_range,7,True
36,rolling_2021_2023,2022-07-06,2022-07-07 00:00:00,2022-07-11,2022-07-12,896100.0,1.136,1.11,508.98479999999995,497.3355000000001,-0.02386394830753613,range,range,range_to_range,3,True
36,rolling_2021_2023,2022-07-21,2022-07-22 10:00:00,2022-08-19,2022-08-22,879400.0,1.13,1.137,496.86099999999993,499.93890000000005,0.005188998421143509,trend,trend,trend_to_trend,21,False
36,rolling_2021_2023,2022-10-17,2022-10-18 10:00:00,2022-11-21,2022-11-22,1009000.0,0.99,1.061,499.455,535.2745,0.07064599013624506,trend,trend,trend_to_trend,25,False
36,rolling_2021_2023,2022-12-30,2023-01-03 00:00:00,2023-02-16,2023-02-17,1083500.0,0.987,1.028,534.70725,556.919,0.04049900075291646,range,range,range_to_range,28,False
36,rolling_2021_2023,2023-03-01,2023-03-02 10:00:00,2023-03-07,2023-03-08,1093100.0,1.018,1.012,556.3879000000001,553.1086,-0.006887518912449431,range,range,range_to_range,4,True
36,rolling_2021_2023,2023-03-14,2023-03-15 11:30:00,2023-04-21,2023-04-24,1068800.0,1.034,1.136,552.5696,607.0783999999999,0.09754793782992444,range,trend,range_to_trend,27,False
36,rolling_2021_2023,2023-04-28,2023-05-04 00:00:00,2023-05-08,2023-05-09,1098600.0,1.104,1.082,606.4272000000001,594.3426000000001,-0.02090711890431607,range,range,range_to_range,3,True
36,rolling_2021_2023,2023-05-16,2023-05-17 00:00:00,2023-05-23,2023-05-24,1134200.0,1.047,1.038,593.7537,588.6498,-0.009586897095864577,range,range,range_to_range,5,True
36,rolling_2021_2023,2023-05-26,2023-05-29 10:00:00,2023-06-06,2023-06-07,1103300.0,1.066,1.052,588.0589,580.3358000000001,-0.01411958186010187,range,range,range_to_range,7,True
36,rolling_2021_2023,2023-06-09,2023-06-12 00:00:00,2023-06-26,2023-06-27,1101200.0,1.053,1.035,579.7818,569.871,-0.018076431869535226,range,range,range_to_range,9,True
36,rolling_2021_2023,2023-07-03,2023-07-04 00:00:00,2023-07-06,2023-07-07,1104400.0,1.031,1.024,569.3181999999999,565.4528,-0.007782238851476331,range,trend,range_to_trend,3,True
36,rolling_2021_2023,2023-07-31,2023-08-01 00:00:00,2023-08-08,2023-08-09,1137700.0,0.993,0.988,564.86805,562.0238,-0.006029714246602813,trend,range,trend_to_range,6,True
36,rolling_2021_2023,2023-08-30,2023-08-31 00:00:00,2023-09-07,2023-09-08,1170900.0,0.959,0.917,561.4465499999999,536.85765,-0.04475134695425986,trend,trend,trend_to_trend,6,True
36,rolling_2021_2023,2023-09-27,2023-09-28 00:00:00,2023-10-16,2023-10-17,1187900.0,0.903,0.896,536.33685,532.1791999999999,-0.00874369017041865,trend,trend,trend_to_trend,7,True
36,rolling_2021_2023,2023-10-27,2023-10-30 00:00:00,2023-11-22,2023-11-23,1208300.0,0.88,0.892,531.652,538.9018000000001,0.012623233837626646,trend,range,trend_to_range,18,False
36,rolling_2021_2023,2023-12-08,2023-12-11 00:00:00,2023-12-15,2023-12-18,1220800.0,0.882,0.867,538.3728000000001,529.2168,-0.017989304667394235,trend,range,trend_to_range,5,True
36,rolling_2022_2024,2021-12-31,2022-01-04 00:00:00,2022-01-06,2022-01-07,696500.0,1.435,1.366,499.73875000000004,475.70950000000005,-0.04903506434935834,range,range,range_to_range,3,True
36,rolling_2022_2024,2022-01-17,2022-01-18 00:00:00,2022-01-21,2022-01-24,692700.0,1.372,1.326,475.1922,459.2601,-0.034493686101555565,range,range,range_to_range,4,True
36,rolling_2022_2024,2022-02-23,2022-02-24 00:00:00,2022-03-03,2022-03-04,728900.0,1.259,1.239,458.84255,451.55355000000003,-0.016869246075929212,trend,trend,trend_to_trend,6,True
36,rolling_2022_2024,2022-03-21,2022-03-22 00:00:00,2022-03-24,2022-03-25,765800.0,1.178,1.167,451.0562,446.8443,-0.010328027836675746,trend,trend,trend_to_trend,3,True
36,rolling_2022_2024,2022-05-05,2022-05-06 00:00:00,2022-06-22,2022-06-23,934900.0,0.955,1.095,446.41475,511.85775,0.14545083479202803,trend,range,trend_to_range,33,False
36,rolling_2022_2024,2022-06-24,2022-06-27 10:30:00,2022-07-05,2022-07-06,899500.0,1.137,1.122,511.36575,504.6195000000001,-0.014178926367950484,range,range,range_to_range,7,True
36,rolling_2022_2024,2022-07-06,2022-07-07 00:00:00,2022-07-11,2022-07-12,887500.0,1.136,1.11,504.09999999999997,492.56250000000006,-0.02386394830753613,range,range,range_to_range,3,True
36,rolling_2022_2024,2022-07-21,2022-07-22 10:00:00,2022-08-19,2022-08-22,870900.0,1.13,1.137,492.0584999999999,495.10665000000006,0.005188998421143509,trend,trend,trend_to_trend,21,False
36,rolling_2022_2024,2022-10-17,2022-10-18 10:00:00,2022-11-21,2022-11-22,999300.0,0.99,1.061,494.6535,530.12865,0.07064599013624506,trend,trend,trend_to_trend,25,False
36,rolling_2022_2024,2022-12-30,2023-01-03 00:00:00,2023-02-16,2023-02-17,1073100.0,0.987,1.028,529.57485,551.5734,0.04049900075291646,range,range,range_to_range,28,False
36,rolling_2022_2024,2023-03-01,2023-03-02 10:00:00,2023-03-07,2023-03-08,1082600.0,1.018,1.012,551.0434,547.7956,-0.006887518912449653,range,range,range_to_range,4,True
36,rolling_2022_2024,2023-03-14,2023-03-15 11:30:00,2023-04-21,2023-04-24,1058500.0,1.034,1.136,547.2445,601.2280000000001,0.09754793782992466,range,trend,range_to_trend,27,False
36,rolling_2022_2024,2023-04-28,2023-05-04 00:00:00,2023-05-08,2023-05-09,1088100.0,1.104,1.082,600.6312,588.6621000000001,-0.020907118904315958,range,range,range_to_range,3,True
36,rolling_2022_2024,2023-05-16,2023-05-17 00:00:00,2023-05-23,2023-05-24,1123300.0,1.047,1.038,588.0475499999999,582.9927000000001,-0.009586897095864466,range,range,range_to_range,5,True
36,rolling_2022_2024,2023-05-26,2023-05-29 10:00:00,2023-06-06,2023-06-07,1092700.0,1.066,1.052,582.4091,574.7602,-0.014119581860101649,range,range,range_to_range,7,True
36,rolling_2022_2024,2023-06-09,2023-06-12 00:00:00,2023-06-26,2023-06-27,1090600.0,1.053,1.035,574.2009,564.3855,-0.018076431869535448,range,range,range_to_range,9,True
36,rolling_2022_2024,2023-07-03,2023-07-04 00:00:00,2023-07-06,2023-07-07,1093700.0,1.031,1.024,563.8023499999999,559.9744000000001,-0.00778223885147622,range,trend,range_to_trend,3,True
36,rolling_2022_2024,2023-07-31,2023-08-01 00:00:00,2023-08-08,2023-08-09,1126700.0,0.993,0.988,559.40655,556.5898000000001,-0.006029714246602702,trend,range,trend_to_range,6,True
36,rolling_2022_2024,2023-08-30,2023-08-31 00:00:00,2023-09-07,2023-09-08,1159700.0,0.959,0.917,556.07615,531.7224500000001,-0.044751346954260085,trend,trend,trend_to_trend,6,True
36,rolling_2022_2024,2023-09-27,2023-09-28 00:00:00,2023-10-16,2023-10-17,1176500.0,0.903,0.896,531.18975,527.072,-0.008743690170418539,trend,trend,trend_to_trend,7,True
36,rolling_2022_2024,2023-10-27,2023-10-30 00:00:00,2023-11-22,2023-11-23,1196700.0,0.88,0.892,526.548,533.7282,0.012623233837626646,trend,range,trend_to_range,18,False
36,rolling_2022_2024,2023-12-08,2023-12-11 00:00:00,2023-12-15,2023-12-18,1209000.0,0.882,0.867,533.169,524.1015,-0.017989304667394235,trend,range,trend_to_range,5,True
36,rolling_2022_2024,2023-12-28,2023-12-29 00:00:00,2024-01-04,2024-01-05,1205000.0,0.869,0.842,523.5725,507.305,-0.03203864120873978,range,range,range_to_range,4,True
36,rolling_2022_2024,2024-02-08,2024-02-19 10:00:00,2024-03-14,2024-03-15,1316400.0,0.77,0.821,506.814,540.3822,0.06516806531799024,trend,range,trend_to_range,19,False
36,rolling_2022_2024,2024-03-18,2024-03-19 00:00:00,2024-03-21,2024-03-22,1280800.0,0.843,0.822,539.8571999999999,526.4087999999999,-0.025885633695607813,range,range,range_to_range,3,True
36,rolling_2022_2024,2024-04-26,2024-04-29 10:00:00,2024-05-15,2024-05-16,1364100.0,0.771,0.768,525.8605500000001,523.8144,-0.004886661727502184,range,trend,range_to_trend,10,True
36,rolling_2022_2024,2024-06-03,2024-06-04 00:00:00,2024-06-25,2024-06-26,1364500.0,0.767,0.734,523.28575,500.7715,-0.043981268818003016,trend,range,trend_to_range,15,False
36,rolling_2022_2024,2024-07-11,2024-07-12 00:00:00,2024-07-24,2024-07-25,1366900.0,0.732,0.727,500.2854,496.86814999999996,-0.007823274155272175,range,range,range_to_range,9,True
36,rolling_2022_2024,2024-07-26,2024-07-29 00:00:00,2024-08-05,2024-08-06,1347000.0,0.737,0.73,496.3695,491.65500000000003,-0.010487971753607606,range,range,range_to_range,6,True
36,rolling_2022_2024,2024-09-24,2024-09-25 14:00:00,2024-10-30,2024-10-31,1436200.0,0.684,0.981,491.1804,704.4561,0.43277703253636335,trend,trend,trend_to_trend,21,False
36,rolling_2022_2024,2024-11-05,2024-11-06 10:00:00,2024-11-15,2024-11-18,1381200.0,1.019,1.014,703.7213999999999,700.2684,-0.005901367275145342,trend,trend,trend_to_trend,8,True
36,rolling_2022_2024,2024-12-02,2024-12-03 00:00:00,2024-12-05,2024-12-06,1344000.0,1.041,1.03,699.552,692.16,-0.011555701496033799,trend,trend,trend_to_trend,3,True
36,rolling_2022_2024,2024-12-10,2024-12-11 00:00:00,2024-12-13,2024-12-16,1337500.0,1.034,1.013,691.4875000000001,677.4437499999999,-0.021288678678069384,trend,trend,trend_to_trend,3,True
36,rolling_2023_2025,2022-12-30,2023-01-03 00:00:00,2023-02-16,2023-02-17,1012600.0,0.987,1.028,499.7181,520.4764,0.04049900075291624,range,range,range_to_range,28,False
36,rolling_2023_2025,2023-03-01,2023-03-02 10:00:00,2023-03-07,2023-03-08,1021500.0,1.018,1.012,519.9435,516.879,-0.006887518912449431,range,range,range_to_range,4,True
36,rolling_2023_2025,2023-03-14,2023-03-15 11:30:00,2023-04-21,2023-04-24,998800.0,1.034,1.136,516.3796000000001,567.3183999999999,0.09754793782992421,range,trend,range_to_trend,27,False
36,rolling_2023_2025,2023-04-28,2023-05-04 00:00:00,2023-05-08,2023-05-09,1026700.0,1.104,1.082,566.7384000000001,555.4447000000001,-0.020907118904315847,range,range,range_to_range,3,True
36,rolling_2023_2025,2023-05-16,2023-05-17 00:00:00,2023-05-23,2023-05-24,1060000.0,1.047,1.038,554.91,550.14,-0.009586897095864466,range,range,range_to_range,5,True
36,rolling_2023_2025,2023-05-26,2023-05-29 10:00:00,2023-06-06,2023-06-07,1031100.0,1.066,1.052,549.5763000000001,542.3586,-0.014119581860101982,range,range,range_to_range,7,True
36,rolling_2023_2025,2023-06-09,2023-06-12 00:00:00,2023-06-26,2023-06-27,1029100.0,1.053,1.035,541.82115,532.55925,-0.018076431869535226,range,range,range_to_range,9,True
36,rolling_2023_2025,2023-07-03,2023-07-04 00:00:00,2023-07-06,2023-07-07,1032100.0,1.031,1.024,532.0475499999999,528.4352,-0.00778223885147622,range,trend,range_to_trend,3,True
36,rolling_2023_2025,2023-07-31,2023-08-01 00:00:00,2023-08-08,2023-08-09,1063200.0,0.993,0.988,527.8788000000001,525.2208,-0.006029714246602813,trend,range,trend_to_range,6,True
36,rolling_2023_2025,2023-08-30,2023-08-31 00:00:00,2023-09-07,2023-09-08,1094300.0,0.959,0.917,524.71685,501.7365500000001,-0.044751346954259974,trend,trend,trend_to_trend,6,True
36,rolling_2023_2025,2023-09-27,2023-09-28 00:00:00,2023-10-16,2023-10-17,1110100.0,0.903,0.896,501.21015000000006,497.3248,-0.00874369017041876,trend,trend,trend_to_trend,7,True
36,rolling_2023_2025,2023-10-27,2023-10-30 00:00:00,2023-11-22,2023-11-23,1129200.0,0.88,0.892,496.848,503.6232,0.012623233837626646,trend,range,trend_to_range,18,False
36,rolling_2023_2025,2023-12-08,2023-12-11 00:00:00,2023-12-15,2023-12-18,1140900.0,0.882,0.867,503.1369,494.58015000000006,-0.017989304667394235,trend,range,trend_to_range,5,True
36,rolling_2023_2025,2023-12-28,2023-12-29 00:00:00,2024-01-04,2024-01-05,1137100.0,0.869,0.842,494.06995,478.71909999999997,-0.03203864120873978,range,range,range_to_range,4,True
36,rolling_2023_2025,2024-02-08,2024-02-19 10:00:00,2024-03-14,2024-03-15,1242200.0,0.77,0.821,478.247,509.9231,0.06516806531799024,trend,range,trend_to_range,19,False
36,rolling_2023_2025,2024-03-18,2024-03-19 00:00:00,2024-03-21,2024-03-22,1208600.0,0.843,0.822,509.4249,496.7346,-0.02588563369560759,range,range,range_to_range,3,True
36,rolling_2023_2025,2024-04-26,2024-04-29 10:00:00,2024-05-15,2024-05-16,1287200.0,0.771,0.768,496.21560000000005,494.2848,-0.004886661727502073,range,trend,range_to_trend,10,True
36,rolling_2023_2025,2024-06-03,2024-06-04 00:00:00,2024-06-25,2024-06-26,1287600.0,0.767,0.734,493.79460000000006,472.54920000000004,-0.043981268818003016,trend,range,trend_to_range,15,False
36,rolling_2023_2025,2024-07-11,2024-07-12 00:00:00,2024-07-24,2024-07-25,1289800.0,0.732,0.727,472.0668,468.8423,-0.007823274155272175,range,range,range_to_range,9,True
36,rolling_2023_2025,2024-07-26,2024-07-29 00:00:00,2024-08-05,2024-08-06,1271100.0,0.737,0.73,468.40035,463.9515,-0.010487971753607495,range,range,range_to_range,6,True
36,rolling_2023_2025,2024-09-24,2024-09-25 14:00:00,2024-10-30,2024-10-31,1355200.0,0.684,0.981,463.4784,664.7256,0.4327770325363631,trend,trend,trend_to_trend,21,False
36,rolling_2023_2025,2024-11-05,2024-11-06 10:00:00,2024-11-15,2024-11-18,1303300.0,1.019,1.014,664.03135,660.7731,-0.005901367275145675,trend,trend,trend_to_trend,8,True
36,rolling_2023_2025,2024-12-02,2024-12-03 00:00:00,2024-12-05,2024-12-06,1268300.0,1.041,1.03,660.1501499999999,653.1745,-0.011555701496033688,trend,trend,trend_to_trend,3,True
36,rolling_2023_2025,2024-12-10,2024-12-11 00:00:00,2024-12-13,2024-12-16,1262100.0,1.034,1.013,652.5057,639.2536499999999,-0.021288678678069495,trend,trend,trend_to_trend,3,True
36,rolling_2023_2025,2024-12-20,2024-12-23 00:00:00,2024-12-31,2025-01-02,1234000.0,1.035,1.01,638.595,623.17,-0.025129947103742722,trend,range,trend_to_range,7,True
36,rolling_2023_2025,2025-01-14,2025-01-15 00:00:00,2025-03-13,2025-03-14,1242600.0,1.002,1.095,622.5426,680.3235,0.09172210302034611,range,range,range_to_range,36,False
36,rolling_2023_2025,2025-04-15,2025-04-16 10:00:00,2025-04-18,2025-04-21,1322300.0,1.028,1.034,679.6622000000001,683.6291,0.004831241966565258,range,range,range_to_range,3,False
36,rolling_2023_2025,2025-04-21,2025-04-22 00:00:00,2025-04-24,2025-04-25,1313400.0,1.04,1.027,682.968,674.4309,-0.01348700649675183,range,range,range_to_range,3,True
36,rolling_2023_2025,2025-05-06,2025-05-07 14:00:00,2025-05-09,2025-05-12,1283300.0,1.05,1.034,673.7325,663.4661,-0.01622236500797225,range,range,range_to_range,3,True
36,rolling_2023_2025,2025-05-14,2025-05-15 00:00:00,2025-05-19,2025-05-20,1279500.0,1.036,1.019,662.7810000000001,651.9052499999999,-0.01739236559326529,range,range,range_to_range,3,True
36,rolling_2023_2025,2025-06-05,2025-06-06 00:00:00,2025-06-10,2025-06-11,1273300.0,1.023,1.007,651.29295,641.10655,-0.016624141497188716,trend,trend,trend_to_trend,3,True
36,rolling_2023_2025,2025-06-24,2025-06-25 10:30:00,2025-09-08,2025-09-09,1277100.0,1.003,1.28,640.4656499999999,817.344,0.27489595182468607,trend,trend,trend_to_trend,54,False
36,rolling_2023_2025,2025-09-10,2025-09-11 00:00:00,2025-10-14,2025-10-15,1270800.0,1.285,1.442,816.489,916.2467999999999,0.12105737014761075,trend,trend,trend_to_trend,18,False
36,rolling_2023_2025,2025-10-24,2025-10-27 10:30:00,2025-10-30,2025-10-31,1219600.0,1.501,1.4923366,915.3098,910.02685868,-0.006765483547366724,trend,trend,trend_to_trend,4,True
36,rolling_2023_2025,2025-12-08,2025-12-09 00:00:00,2025-12-11,2025-12-12,1318300.0,1.3792502000000002,1.3630950000000002,909.1327693300002,898.4840692500001,-0.012700823819422724,range,range,range_to_range,3,True
36,rolling_2024_2026,2023-12-29,2024-01-02 00:00:00,2024-01-04,2024-01-05,1146200.0,0.872,0.842,499.7432,482.5502,-0.035368783498159306,range,range,range_to_range,3,True
36,rolling_2024_2026,2024-02-08,2024-02-19 10:00:00,2024-03-14,2024-03-15,1252100.0,0.77,0.821,482.05850000000004,513.98705,0.06516806531799024,trend,range,trend_to_range,19,False
36,rolling_2024_2026,2024-03-18,2024-03-19 00:00:00,2024-03-21,2024-03-22,1218200.0,0.843,0.822,513.4713,500.68019999999996,-0.0258856336956077,range,range,range_to_range,3,True
36,rolling_2024_2026,2024-04-26,2024-04-29 10:00:00,2024-05-15,2024-05-16,1297500.0,0.771,0.768,500.18625000000003,498.24,-0.004886661727502073,range,trend,range_to_trend,10,True
36,rolling_2024_2026,2024-06-03,2024-06-04 00:00:00,2024-06-25,2024-06-26,1297900.0,0.767,0.734,497.74465000000004,476.3293,-0.043981268818003016,trend,range,trend_to_range,15,False
36,rolling_2024_2026,2024-07-11,2024-07-12 00:00:00,2024-07-24,2024-07-25,1300100.0,0.732,0.727,475.8366,472.58635,-0.007823274155272175,range,range,range_to_range,9,True
36,rolling_2024_2026,2024-07-26,2024-07-29 00:00:00,2024-08-05,2024-08-06,1281200.0,0.737,0.73,472.1222,467.63800000000003,-0.010487971753607606,range,range,range_to_range,6,True
36,rolling_2024_2026,2024-09-24,2024-09-25 14:00:00,2024-10-30,2024-10-31,1366000.0,0.684,0.981,467.1720000000001,670.023,0.4327770325363631,trend,trend,trend_to_trend,21,False
36,rolling_2024_2026,2024-11-05,2024-11-06 10:00:00,2024-11-15,2024-11-18,1313700.0,1.019,1.014,669.3301499999999,666.0459000000001,-0.005901367275145453,trend,trend,trend_to_trend,8,True
36,rolling_2024_2026,2024-12-02,2024-12-03 00:00:00,2024-12-05,2024-12-06,1278400.0,1.041,1.03,665.4072,658.376,-0.011555701496033799,trend,trend,trend_to_trend,3,True
36,rolling_2024_2026,2024-12-10,2024-12-11 00:00:00,2024-12-13,2024-12-16,1272200.0,1.034,1.013,657.7274,644.3693,-0.02128867867806916,trend,trend,trend_to_trend,3,True
36,rolling_2024_2026,2024-12-20,2024-12-23 00:00:00,2024-12-31,2025-01-02,1243900.0,1.035,1.01,643.71825,628.1695,-0.025129947103742833,trend,range,trend_to_range,7,True
36,rolling_2024_2026,2025-01-14,2025-01-15 00:00:00,2025-03-13,2025-03-14,1252500.0,1.002,1.095,627.5025,685.74375,0.09172210302034634,range,range,range_to_range,36,False
36,rolling_2024_2026,2025-04-15,2025-04-16 10:00:00,2025-04-18,2025-04-21,1332800.0,1.028,1.034,685.0592,689.0576,0.004831241966565258,range,range,range_to_range,3,False
36,rolling_2024_2026,2025-04-21,2025-04-22 00:00:00,2025-04-24,2025-04-25,1323800.0,1.04,1.027,688.376,679.7713,-0.013487006496751608,range,range,range_to_range,3,True
36,rolling_2024_2026,2025-05-06,2025-05-07 14:00:00,2025-05-09,2025-05-12,1293500.0,1.05,1.034,679.0875,668.7395,-0.01622236500797203,range,range,range_to_range,3,True
36,rolling_2024_2026,2025-05-14,2025-05-15 00:00:00,2025-05-19,2025-05-20,1289800.0,1.036,1.019,668.1164,657.1531,-0.01739236559326518,range,range,range_to_range,3,True
36,rolling_2024_2026,2025-06-05,2025-06-06 00:00:00,2025-06-10,2025-06-11,1283400.0,1.023,1.007,656.4591,646.1918999999999,-0.01662414149718905,trend,trend,trend_to_trend,3,True
36,rolling_2024_2026,2025-06-24,2025-06-25 10:30:00,2025-09-08,2025-09-09,1287300.0,1.003,1.28,645.5809499999999,823.8720000000001,0.27489595182468585,trend,trend,trend_to_trend,54,False
36,rolling_2024_2026,2025-09-10,2025-09-11 00:00:00,2025-10-14,2025-10-15,1281000.0,1.285,1.442,823.0425,923.601,0.12105737014761098,trend,trend,trend_to_trend,18,False
36,rolling_2024_2026,2025-10-24,2025-10-27 10:30:00,2025-10-30,2025-10-31,1229400.0,1.501,1.4923366,922.6646999999999,917.33930802,-0.006765483547366835,trend,trend,trend_to_trend,4,True
36,rolling_2024_2026,2025-12-08,2025-12-09 00:00:00,2025-12-11,2025-12-12,1328900.0,1.3792502000000002,1.3630950000000002,916.4427953900001,905.70847275,-0.012700823819422613,range,range,range_to_range,3,True
36,rolling_2024_2026,2025-12-12,2025-12-15 00:00:00,2026-01-29,2026-01-30,1316800.0,1.3742017,1.5488798,904.77439928,1019.7824603199999,0.1259858681974222,range,trend,range_to_trend,32,False
36,rolling_2024_2026,2026-02-25,2026-02-26 10:00:00,2026-03-02,2026-03-03,1343100.0,1.517,1.5105112,1018.74135,1014.38379636,-0.005272614582622959,trend,trend,trend_to_trend,3,True
36,rolling_2024_2026,2026-04-08,2026-04-09 00:00:00,2026-06-01,2026-06-02,1469500.0,1.3792502000000002,1.7215385,1013.4040844500003,1264.9004128750003,0.24692229287991418,range,trend,range_to_trend,35,False
36,rolling_2024_2026,2026-06-16,2026-06-17 00:00:00,2026-07-13,2026-07-14,1413300.0,1.7881787,2.0476716,1263.616478355,1446.98713614,0.14397121032933557,trend,trend,trend_to_trend,18,False
36,rolling_2024_2026,2026-08-04,2026-08-05 00:00:00,2026-08-13,2026-08-14,1736400.0,1.6649953000000002,1.7891884,1445.5489194600002,1553.37336888,0.07351660737248111,range,range,range_to_range,7,False
36,rolling_2024_2026,2026-08-27,2026-08-28 00:00:00,2026-09-01,2026-09-02,1776800.0,1.746781,1.6771117000000002,1551.8402404,1489.9460342800003,-0.0408440288526255,range,range,range_to_range,3,True
1157,full_2021_2026,2021-01-12,2021-01-13 10:30:00,2021-01-28,2021-01-29,697000.0,1.434,1.456,499.749,507.416,0.014326867249778275,warmup,warmup,warmup_to_warmup,12,False
1157,full_2021_2026,2021-03-26,2021-03-29 10:00:00,2021-04-12,2021-04-13,791400.0,1.281,1.267,506.89169999999996,501.3519,-0.011917538498510294,trend,range,trend_to_range,10,True
1157,full_2021_2026,2021-04-16,2021-04-19 00:00:00,2021-05-07,2021-05-10,770500.0,1.3,1.295,500.825,498.89875,-0.004841809864298607,trend,trend,trend_to_trend,12,False
1157,full_2021_2026,2021-05-14,2021-05-17 00:00:00,2021-06-16,2021-06-17,751800.0,1.326,1.441,498.44340000000005,541.6719,0.08564081458516593,range,trend,range_to_trend,22,False
1157,full_2021_2026,2021-06-17,2021-06-18 00:00:00,2021-07-06,2021-07-07,719100.0,1.505,1.557,541.12275,559.81935,0.03351746053883353,trend,trend,trend_to_trend,13,False
1157,full_2021_2026,2021-07-07,2021-07-08 00:00:00,2021-07-14,2021-07-15,698200.0,1.602,1.589,559.2582000000001,554.7199,-0.009106245878309327,trend,trend,trend_to_trend,5,True
1157,full_2021_2026,2021-07-29,2021-07-30 00:00:00,2021-08-09,2021-08-10,681600.0,1.626,1.604,554.1407999999999,546.6432000000001,-0.014516112177613283,trend,trend,trend_to_trend,7,True
1157,full_2021_2026,2021-08-24,2021-08-25 00:00:00,2021-08-27,2021-08-30,675000.0,1.618,1.525,546.075,514.6875,-0.05842041896233596,trend,range,trend_to_range,3,True
1157,full_2021_2026,2021-10-15,2021-10-18 00:00:00,2021-10-27,2021-10-28,735600.0,1.398,1.391,514.1844,511.6098,-0.006001648674947124,trend,trend,trend_to_trend,8,True
1157,full_2021_2026,2021-10-29,2021-11-01 10:00:00,2021-12-02,2021-12-03,714300.0,1.431,1.469,511.08165,524.6533499999999,0.025528814907710196,trend,range,trend_to_range,24,False
1157,full_2021_2026,2021-12-10,2021-12-13 00:00:00,2021-12-15,2021-12-16,706400.0,1.484,1.463,524.1488,516.7316000000001,-0.015136299774640927,range,range,range_to_range,3,True
1157,full_2021_2026,2021-12-31,2022-01-04 00:00:00,2022-01-06,2022-01-07,719500.0,1.435,1.366,516.24125,491.41850000000005,-0.04903506434935834,range,range,range_to_range,3,True
1157,full_2021_2026,2022-01-17,2022-01-18 00:00:00,2022-01-21,2022-01-24,715600.0,1.372,1.326,490.90160000000003,474.44280000000003,-0.034493686101555565,range,range,range_to_range,4,True
1157,full_2021_2026,2022-02-23,2022-02-24 00:00:00,2022-03-03,2022-03-04,752900.0,1.259,1.239,473.95055,466.4215500000001,-0.016869246075929212,trend,trend,trend_to_trend,6,True
1157,full_2021_2026,2022-03-21,2022-03-22 00:00:00,2022-03-24,2022-03-25,791100.0,1.178,1.167,465.9579,461.60685000000007,-0.010328027836675746,trend,trend,trend_to_trend,3,True
1157,full_2021_2026,2022-05-05,2022-05-06 00:00:00,2022-06-22,2022-06-23,965800.0,0.955,1.095,461.1695,528.7755,0.14545083479202803,trend,range,trend_to_range,33,False
1157,full_2021_2026,2022-06-24,2022-06-27 10:30:00,2022-07-05,2022-07-06,929200.0,1.137,1.122,528.2502,521.2812000000001,-0.014178926367950262,range,range,range_to_range,7,True
1157,full_2021_2026,2022-07-06,2022-07-07 00:00:00,2022-07-11,2022-07-12,916800.0,1.136,1.11,520.7424,508.82400000000007,-0.023863948307536242,range,range,range_to_range,3,True
1157,full_2021_2026,2022-07-21,2022-07-22 10:00:00,2022-08-19,2022-08-22,899700.0,1.13,1.137,508.3305,511.47945000000004,0.005188998421143509,trend,trend,trend_to_trend,21,False
1157,full_2021_2026,2022-10-17,2022-10-18 10:00:00,2022-11-21,2022-11-22,1032300.0,0.99,1.061,510.9885,547.6351500000001,0.07064599013624506,trend,trend,trend_to_trend,25,False
1157,full_2021_2026,2022-12-30,2023-01-03 00:00:00,2023-02-16,2023-02-17,1108600.0,0.987,1.028,547.0941,569.8204000000001,0.04049900075291624,range,range,range_to_range,28,False
1157,full_2021_2026,2023-03-01,2023-03-02 10:00:00,2023-03-07,2023-03-08,1118300.0,1.018,1.012,569.2147,565.8598000000001,-0.006887518912449209,range,range,range_to_range,4,True
1157,full_2021_2026,2023-03-14,2023-03-15 11:30:00,2023-04-21,2023-04-24,1093400.0,1.034,1.136,565.2878000000001,621.0512,0.09754793782992421,range,trend,range_to_trend,27,False
1157,full_2021_2026,2023-04-28,2023-05-04 00:00:00,2023-05-08,2023-05-09,1124000.0,1.104,1.082,620.448,608.0840000000001,-0.02090711890431607,range,range,range_to_range,3,True
1157,full_2021_2026,2023-05-22,2023-05-23 00:00:00,2023-06-06,2023-06-07,1154900.0,1.052,1.052,607.4774,607.4774,-0.0009995002498750516,range,range,range_to_range,11,False
1157,full_2021_2026,2023-06-09,2023-06-12 00:00:00,2023-06-26,2023-06-27,1152700.0,1.053,1.035,606.8965499999999,596.52225,-0.018076431869535114,range,range,range_to_range,9,True
1157,full_2021_2026,2023-07-31,2023-08-01 00:00:00,2023-08-08,2023-08-09,1200200.0,0.993,0.988,595.8993,592.8988,-0.006029714246602813,trend,range,trend_to_range,6,True
1157,full_2021_2026,2023-08-30,2023-08-31 00:00:00,2023-09-07,2023-09-08,1235300.0,0.959,0.917,592.3263499999999,566.3850500000001,-0.04475134695425986,trend,trend,trend_to_trend,6,True
1157,full_2021_2026,2023-09-27,2023-09-28 00:00:00,2023-10-16,2023-10-17,1253200.0,0.903,0.896,565.8198000000001,561.4336,-0.008743690170418872,trend,trend,trend_to_trend,7,True
1157,full_2021_2026,2023-10-27,2023-10-30 00:00:00,2023-11-22,2023-11-23,1274700.0,0.88,0.892,560.868,568.5161999999999,0.012623233837626646,trend,range,trend_to_range,18,False
1157,full_2021_2026,2023-12-08,2023-12-11 00:00:00,2023-12-15,2023-12-18,1287800.0,0.882,0.867,567.9198,558.2613,-0.017989304667394124,trend,range,trend_to_range,5,True
1157,full_2021_2026,2023-12-28,2023-12-29 00:00:00,2024-01-04,2024-01-05,1283600.0,0.869,0.842,557.7242,540.3956,-0.03203864120873967,range,range,range_to_range,4,True
1157,full_2021_2026,2024-02-08,2024-02-19 10:00:00,2024-03-14,2024-03-15,1402200.0,0.77,0.821,539.847,575.6031,0.06516806531799024,trend,range,trend_to_range,19,False
1157,full_2021_2026,2024-03-18,2024-03-19 00:00:00,2024-03-21,2024-03-22,1364300.0,0.843,0.822,575.05245,560.7272999999999,-0.0258856336956077,range,range,range_to_range,3,True
1157,full_2021_2026,2024-04-26,2024-04-29 10:00:00,2024-05-15,2024-05-16,1453100.0,0.771,0.768,560.1700500000001,557.9904,-0.004886661727502073,range,trend,range_to_trend,10,True
1157,full_2021_2026,2024-06-03,2024-06-04 00:00:00,2024-06-25,2024-06-26,1453500.0,0.767,0.734,557.41725,533.4345,-0.043981268818002905,trend,range,trend_to_range,15,False
1157,full_2021_2026,2024-07-11,2024-07-12 00:00:00,2024-07-24,2024-07-25,1456000.0,0.732,0.727,532.896,529.256,-0.007823274155272064,range,range,range_to_range,9,True
1157,full_2021_2026,2024-07-26,2024-07-29 00:00:00,2024-08-05,2024-08-06,1434800.0,0.737,0.73,528.7238000000001,523.702,-0.010487971753607717,range,range,range_to_range,6,True
1157,full_2021_2026,2024-09-24,2024-09-25 14:00:00,2024-10-30,2024-10-31,1529800.0,0.684,0.981,523.1916,750.3669,0.43277703253636335,trend,trend,trend_to_trend,21,False
1157,full_2021_2026,2024-11-05,2024-11-06 10:00:00,2024-11-15,2024-11-18,1471300.0,1.019,1.014,749.62735,745.9491,-0.005901367275145564,trend,trend,trend_to_trend,8,True
1157,full_2021_2026,2024-12-02,2024-12-03 00:00:00,2024-12-05,2024-12-06,1431700.0,1.041,1.03,745.19985,737.3255,-0.01155570149603391,trend,trend,trend_to_trend,3,True
1157,full_2021_2026,2024-12-10,2024-12-11 00:00:00,2024-12-13,2024-12-16,1424700.0,1.034,1.013,736.5699000000001,721.61055,-0.021288678678069273,trend,trend,trend_to_trend,3,True
1157,full_2021_2026,2024-12-20,2024-12-23 00:00:00,2024-12-31,2025-01-02,1393000.0,1.035,1.01,720.8775,703.465,-0.025129947103742833,trend,range,trend_to_range,7,True
1157,full_2021_2026,2025-01-14,2025-01-15 00:00:00,2025-01-20,2025-01-21,1402700.0,1.002,0.996,702.7527,698.5446,-0.0069815391705344565,range,range,range_to_range,4,True
1157,full_2021_2026,2025-01-21,2025-01-22 00:00:00,2025-03-11,2025-03-12,1401300.0,0.996,1.133,697.8474,793.83645,0.13641321909326432,range,range,range_to_range,29,False
1157,full_2021_2026,2025-04-15,2025-04-16 10:00:00,2025-04-24,2025-04-25,1542900.0,1.028,1.027,793.0506,792.27915,-0.001971290619281918,range,range,range_to_range,7,True
1157,full_2021_2026,2025-05-06,2025-05-07 14:00:00,2025-05-09,2025-05-12,1507600.0,1.05,1.034,791.49,779.4292,-0.01622236500797203,range,range,range_to_range,3,True
1157,full_2021_2026,2025-05-14,2025-05-15 00:00:00,2025-05-19,2025-05-20,1503200.0,1.036,1.019,778.6576,765.8803999999999,-0.01739236559326518,range,range,range_to_range,3,True
1157,full_2021_2026,2025-06-05,2025-06-06 00:00:00,2025-06-10,2025-06-11,1495800.0,1.023,1.007,765.1016999999999,753.1352999999999,-0.016624141497188827,trend,trend,trend_to_trend,3,True
1157,full_2021_2026,2025-06-24,2025-06-25 10:30:00,2025-09-08,2025-09-09,1500300.0,1.003,1.28,752.40045,960.192,0.27489595182468585,trend,trend,trend_to_trend,54,False
1157,full_2021_2026,2025-09-10,2025-09-11 00:00:00,2025-10-14,2025-10-15,1493000.0,1.285,1.442,959.2524999999999,1076.453,0.12105737014761098,trend,trend,trend_to_trend,18,False
1157,full_2021_2026,2025-10-24,2025-10-27 10:30:00,2025-10-30,2025-10-31,1432800.0,1.501,1.4923366,1075.3164,1069.10994024,-0.006765483547366946,trend,trend,trend_to_trend,4,True
1157,full_2021_2026,2025-12-08,2025-12-09 00:00:00,2025-12-11,2025-12-12,1548800.0,1.3792502000000002,1.3630950000000002,1068.0913548800002,1055.5807680000003,-0.012700823819422613,range,range,range_to_range,3,True
1157,full_2021_2026,2025-12-12,2025-12-15 00:00:00,2025-12-18,2025-12-19,1534700.0,1.3742017,1.3509786,1054.493674495,1036.6734287099998,-0.017881948078128485,range,range,range_to_range,4,True
1157,full_2021_2026,2025-12-22,2025-12-23 10:00:00,2026-01-29,2026-01-30,1507500.0,1.374,1.5488798,1035.6525000000001,1167.4681492500001,0.12615116030049012,range,trend,range_to_trend,26,False
1157,full_2021_2026,2026-02-25,2026-02-26 10:00:00,2026-03-02,2026-03-03,1537600.0,1.517,1.5105112,1166.2695999999999,1161.2810105600001,-0.005272614582622959,trend,trend,trend_to_trend,3,True
1157,full_2021_2026,2026-04-08,2026-04-09 00:00:00,2026-06-01,2026-06-02,1682300.0,1.3792502000000002,1.7215385,1160.1563057300002,1448.0721092750002,0.2469222928799144,range,trend,range_to_trend,35,False
1157,full_2021_2026,2026-06-16,2026-06-17 00:00:00,2026-07-13,2026-07-14,1618000.0,1.7881787,2.0476716,1446.6365683,1656.5663244,0.1439712103293358,trend,trend,trend_to_trend,18,False
1157,full_2021_2026,2026-08-05,2026-08-06 00:00:00,2026-08-14,2026-08-17,1933900.0,1.7114415,1.7750526,1654.878358425,1716.38711157,0.03613149177623565,range,range,range_to_range,7,False
1157,full_2021_2026,2026-08-17,2026-08-18 00:00:00,2026-08-20,2026-08-21,1857000.0,1.8467413,1.7043736,1714.69929705,1582.5108876000002,-0.0780137541945265,range,range,range_to_range,3,True
1157,full_2021_2026,2026-08-27,2026-08-28 00:00:00,2026-09-01,2026-09-02,1810100.0,1.746781,1.6771117000000002,1580.92414405,1517.869944085,-0.04084402885262561,range,range,range_to_range,3,True
1157,rolling_2021_2023,2021-01-12,2021-01-13 10:30:00,2021-01-28,2021-01-29,697000.0,1.434,1.456,499.749,507.416,0.014326867249778275,warmup,warmup,warmup_to_warmup,12,False
1157,rolling_2021_2023,2021-03-26,2021-03-29 10:00:00,2021-04-12,2021-04-13,791400.0,1.281,1.267,506.89169999999996,501.3519,-0.011917538498510294,trend,range,trend_to_range,10,True
1157,rolling_2021_2023,2021-04-16,2021-04-19 00:00:00,2021-05-07,2021-05-10,770500.0,1.3,1.295,500.825,498.89875,-0.004841809864298607,trend,trend,trend_to_trend,12,False
1157,rolling_2021_2023,2021-05-14,2021-05-17 00:00:00,2021-06-16,2021-06-17,751800.0,1.326,1.441,498.44340000000005,541.6719,0.08564081458516593,range,trend,range_to_trend,22,False
1157,rolling_2021_2023,2021-06-17,2021-06-18 00:00:00,2021-07-06,2021-07-07,719100.0,1.505,1.557,541.12275,559.81935,0.03351746053883353,trend,trend,trend_to_trend,13,False
1157,rolling_2021_2023,2021-07-07,2021-07-08 00:00:00,2021-07-14,2021-07-15,698200.0,1.602,1.589,559.2582000000001,554.7199,-0.009106245878309327,trend,trend,trend_to_trend,5,True
1157,rolling_2021_2023,2021-07-29,2021-07-30 00:00:00,2021-08-09,2021-08-10,681600.0,1.626,1.604,554.1407999999999,546.6432000000001,-0.014516112177613283,trend,trend,trend_to_trend,7,True
1157,rolling_2021_2023,2021-08-24,2021-08-25 00:00:00,2021-08-27,2021-08-30,675000.0,1.618,1.525,546.075,514.6875,-0.05842041896233596,trend,range,trend_to_range,3,True
1157,rolling_2021_2023,2021-10-15,2021-10-18 00:00:00,2021-10-27,2021-10-28,735600.0,1.398,1.391,514.1844,511.6098,-0.006001648674947124,trend,trend,trend_to_trend,8,True
1157,rolling_2021_2023,2021-10-29,2021-11-01 10:00:00,2021-12-02,2021-12-03,714300.0,1.431,1.469,511.08165,524.6533499999999,0.025528814907710196,trend,range,trend_to_range,24,False
1157,rolling_2021_2023,2021-12-10,2021-12-13 00:00:00,2021-12-15,2021-12-16,706400.0,1.484,1.463,524.1488,516.7316000000001,-0.015136299774640927,range,range,range_to_range,3,True
1157,rolling_2021_2023,2021-12-31,2022-01-04 00:00:00,2022-01-06,2022-01-07,719500.0,1.435,1.366,516.24125,491.41850000000005,-0.04903506434935834,range,range,range_to_range,3,True
1157,rolling_2021_2023,2022-01-17,2022-01-18 00:00:00,2022-01-21,2022-01-24,715600.0,1.372,1.326,490.90160000000003,474.44280000000003,-0.034493686101555565,range,range,range_to_range,4,True
1157,rolling_2021_2023,2022-02-23,2022-02-24 00:00:00,2022-03-03,2022-03-04,752900.0,1.259,1.239,473.95055,466.4215500000001,-0.016869246075929212,trend,trend,trend_to_trend,6,True
1157,rolling_2021_2023,2022-03-21,2022-03-22 00:00:00,2022-03-24,2022-03-25,791100.0,1.178,1.167,465.9579,461.60685000000007,-0.010328027836675746,trend,trend,trend_to_trend,3,True
1157,rolling_2021_2023,2022-05-05,2022-05-06 00:00:00,2022-06-22,2022-06-23,965800.0,0.955,1.095,461.1695,528.7755,0.14545083479202803,trend,range,trend_to_range,33,False
1157,rolling_2021_2023,2022-06-24,2022-06-27 10:30:00,2022-07-05,2022-07-06,929200.0,1.137,1.122,528.2502,521.2812000000001,-0.014178926367950262,range,range,range_to_range,7,True
1157,rolling_2021_2023,2022-07-06,2022-07-07 00:00:00,2022-07-11,2022-07-12,916800.0,1.136,1.11,520.7424,508.82400000000007,-0.023863948307536242,range,range,range_to_range,3,True
1157,rolling_2021_2023,2022-07-21,2022-07-22 10:00:00,2022-08-19,2022-08-22,899700.0,1.13,1.137,508.3305,511.47945000000004,0.005188998421143509,trend,trend,trend_to_trend,21,False
1157,rolling_2021_2023,2022-10-17,2022-10-18 10:00:00,2022-11-21,2022-11-22,1032300.0,0.99,1.061,510.9885,547.6351500000001,0.07064599013624506,trend,trend,trend_to_trend,25,False
1157,rolling_2021_2023,2022-12-30,2023-01-03 00:00:00,2023-02-16,2023-02-17,1108600.0,0.987,1.028,547.0941,569.8204000000001,0.04049900075291624,range,range,range_to_range,28,False
1157,rolling_2021_2023,2023-03-01,2023-03-02 10:00:00,2023-03-07,2023-03-08,1118300.0,1.018,1.012,569.2147,565.8598000000001,-0.006887518912449209,range,range,range_to_range,4,True
1157,rolling_2021_2023,2023-03-14,2023-03-15 11:30:00,2023-04-21,2023-04-24,1093400.0,1.034,1.136,565.2878000000001,621.0512,0.09754793782992421,range,trend,range_to_trend,27,False
1157,rolling_2021_2023,2023-04-28,2023-05-04 00:00:00,2023-05-08,2023-05-09,1124000.0,1.104,1.082,620.448,608.0840000000001,-0.02090711890431607,range,range,range_to_range,3,True
1157,rolling_2021_2023,2023-05-22,2023-05-23 00:00:00,2023-06-06,2023-06-07,1154900.0,1.052,1.052,607.4774,607.4774,-0.0009995002498750516,range,range,range_to_range,11,False
1157,rolling_2021_2023,2023-06-09,2023-06-12 00:00:00,2023-06-26,2023-06-27,1152700.0,1.053,1.035,606.8965499999999,596.52225,-0.018076431869535114,range,range,range_to_range,9,True
1157,rolling_2021_2023,2023-07-31,2023-08-01 00:00:00,2023-08-08,2023-08-09,1200200.0,0.993,0.988,595.8993,592.8988,-0.006029714246602813,trend,range,trend_to_range,6,True
1157,rolling_2021_2023,2023-08-30,2023-08-31 00:00:00,2023-09-07,2023-09-08,1235300.0,0.959,0.917,592.3263499999999,566.3850500000001,-0.04475134695425986,trend,trend,trend_to_trend,6,True
1157,rolling_2021_2023,2023-09-27,2023-09-28 00:00:00,2023-10-16,2023-10-17,1253200.0,0.903,0.896,565.8198000000001,561.4336,-0.008743690170418872,trend,trend,trend_to_trend,7,True
1157,rolling_2021_2023,2023-10-27,2023-10-30 00:00:00,2023-11-22,2023-11-23,1274700.0,0.88,0.892,560.868,568.5161999999999,0.012623233837626646,trend,range,trend_to_range,18,False
1157,rolling_2021_2023,2023-12-08,2023-12-11 00:00:00,2023-12-15,2023-12-18,1287800.0,0.882,0.867,567.9198,558.2613,-0.017989304667394124,trend,range,trend_to_range,5,True
1157,rolling_2022_2024,2021-12-31,2022-01-04 00:00:00,2022-01-06,2022-01-07,696500.0,1.435,1.366,499.73875000000004,475.70950000000005,-0.04903506434935834,range,range,range_to_range,3,True
1157,rolling_2022_2024,2022-01-17,2022-01-18 00:00:00,2022-01-21,2022-01-24,692700.0,1.372,1.326,475.1922,459.2601,-0.034493686101555565,range,range,range_to_range,4,True
1157,rolling_2022_2024,2022-02-23,2022-02-24 00:00:00,2022-03-03,2022-03-04,728900.0,1.259,1.239,458.84255,451.55355000000003,-0.016869246075929212,trend,trend,trend_to_trend,6,True
1157,rolling_2022_2024,2022-03-21,2022-03-22 00:00:00,2022-03-24,2022-03-25,765800.0,1.178,1.167,451.0562,446.8443,-0.010328027836675746,trend,trend,trend_to_trend,3,True
1157,rolling_2022_2024,2022-05-05,2022-05-06 00:00:00,2022-06-22,2022-06-23,934900.0,0.955,1.095,446.41475,511.85775,0.14545083479202803,trend,range,trend_to_range,33,False
1157,rolling_2022_2024,2022-06-24,2022-06-27 10:30:00,2022-07-05,2022-07-06,899500.0,1.137,1.122,511.36575,504.6195000000001,-0.014178926367950484,range,range,range_to_range,7,True
1157,rolling_2022_2024,2022-07-06,2022-07-07 00:00:00,2022-07-11,2022-07-12,887500.0,1.136,1.11,504.09999999999997,492.56250000000006,-0.02386394830753613,range,range,range_to_range,3,True
1157,rolling_2022_2024,2022-07-21,2022-07-22 10:00:00,2022-08-19,2022-08-22,870900.0,1.13,1.137,492.0584999999999,495.10665000000006,0.005188998421143509,trend,trend,trend_to_trend,21,False
1157,rolling_2022_2024,2022-10-17,2022-10-18 10:00:00,2022-11-21,2022-11-22,999300.0,0.99,1.061,494.6535,530.12865,0.07064599013624506,trend,trend,trend_to_trend,25,False
1157,rolling_2022_2024,2022-12-30,2023-01-03 00:00:00,2023-02-16,2023-02-17,1073100.0,0.987,1.028,529.57485,551.5734,0.04049900075291646,range,range,range_to_range,28,False
1157,rolling_2022_2024,2023-03-01,2023-03-02 10:00:00,2023-03-07,2023-03-08,1082600.0,1.018,1.012,551.0434,547.7956,-0.006887518912449653,range,range,range_to_range,4,True
1157,rolling_2022_2024,2023-03-14,2023-03-15 11:30:00,2023-04-21,2023-04-24,1058500.0,1.034,1.136,547.2445,601.2280000000001,0.09754793782992466,range,trend,range_to_trend,27,False
1157,rolling_2022_2024,2023-04-28,2023-05-04 00:00:00,2023-05-08,2023-05-09,1088100.0,1.104,1.082,600.6312,588.6621000000001,-0.020907118904315958,range,range,range_to_range,3,True
1157,rolling_2022_2024,2023-05-22,2023-05-23 00:00:00,2023-06-06,2023-06-07,1118000.0,1.052,1.052,588.068,588.068,-0.0009995002498750516,range,range,range_to_range,11,False
1157,rolling_2022_2024,2023-06-09,2023-06-12 00:00:00,2023-06-26,2023-06-27,1115800.0,1.053,1.035,587.4687,577.4265,-0.018076431869535337,range,range,range_to_range,9,True
1157,rolling_2022_2024,2023-07-31,2023-08-01 00:00:00,2023-08-08,2023-08-09,1161800.0,0.993,0.988,576.8337,573.9291999999999,-0.006029714246602702,trend,range,trend_to_range,6,True
1157,rolling_2022_2024,2023-08-30,2023-08-31 00:00:00,2023-09-07,2023-09-08,1195800.0,0.959,0.917,573.3860999999999,548.2743,-0.044751346954259974,trend,trend,trend_to_trend,6,True
1157,rolling_2022_2024,2023-09-27,2023-09-28 00:00:00,2023-10-16,2023-10-17,1213100.0,0.903,0.896,547.71465,543.4688000000001,-0.008743690170418539,trend,trend,trend_to_trend,7,True
1157,rolling_2022_2024,2023-10-27,2023-10-30 00:00:00,2023-11-22,2023-11-23,1233900.0,0.88,0.892,542.916,550.3194000000001,0.012623233837626868,trend,range,trend_to_range,18,False
1157,rolling_2022_2024,2023-12-08,2023-12-11 00:00:00,2023-12-15,2023-12-18,1246700.0,0.882,0.867,549.7946999999999,540.44445,-0.017989304667394235,trend,range,trend_to_range,5,True
1157,rolling_2022_2024,2023-12-28,2023-12-29 00:00:00,2024-01-04,2024-01-05,1242600.0,0.869,0.842,539.9096999999999,523.1346,-0.03203864120873967,range,range,range_to_range,4,True
1157,rolling_2022_2024,2024-02-08,2024-02-19 10:00:00,2024-03-14,2024-03-15,1357400.0,0.77,0.821,522.599,557.2126999999999,0.06516806531799024,trend,range,trend_to_range,19,False
1157,rolling_2022_2024,2024-03-18,2024-03-19 00:00:00,2024-03-21,2024-03-22,1320600.0,0.843,0.822,556.6329000000001,542.7666,-0.025885633695607813,range,range,range_to_range,3,True
1157,rolling_2022_2024,2024-04-26,2024-04-29 10:00:00,2024-05-15,2024-05-16,1406600.0,0.771,0.768,542.2443000000001,540.1344,-0.004886661727502073,range,trend,range_to_trend,10,True
1157,rolling_2022_2024,2024-06-03,2024-06-04 00:00:00,2024-06-25,2024-06-26,1407000.0,0.767,0.734,539.5845,516.369,-0.043981268818003016,trend,range,trend_to_range,15,False
1157,rolling_2022_2024,2024-07-11,2024-07-12 00:00:00,2024-07-24,2024-07-25,1409500.0,0.732,0.727,515.8770000000001,512.35325,-0.007823274155272064,range,range,range_to_range,9,True
1157,rolling_2022_2024,2024-07-26,2024-07-29 00:00:00,2024-08-05,2024-08-06,1388900.0,0.737,0.73,511.80965,506.9485,-0.010487971753607495,range,range,range_to_range,6,True
1157,rolling_2022_2024,2024-09-24,2024-09-25 14:00:00,2024-10-30,2024-10-31,1480900.0,0.684,0.981,506.46780000000007,726.38145,0.4327770325363631,trend,trend,trend_to_trend,21,False
1157,rolling_2022_2024,2024-11-05,2024-11-06 10:00:00,2024-11-15,2024-11-18,1424200.0,1.019,1.014,725.6298999999999,722.0694000000001,-0.005901367275145342,trend,trend,trend_to_trend,8,True
1157,rolling_2022_2024,2024-12-02,2024-12-03 00:00:00,2024-12-05,2024-12-06,1385900.0,1.041,1.03,721.36095,713.7385,-0.011555701496033799,trend,trend,trend_to_trend,3,True
1157,rolling_2022_2024,2024-12-10,2024-12-11 00:00:00,2024-12-13,2024-12-16,1379100.0,1.034,1.013,712.9947000000001,698.51415,-0.021288678678069273,trend,trend,trend_to_trend,3,True
1157,rolling_2023_2025,2022-12-30,2023-01-03 00:00:00,2023-02-16,2023-02-17,1012600.0,0.987,1.028,499.7181,520.4764,0.04049900075291624,range,range,range_to_range,28,False
1157,rolling_2023_2025,2023-03-01,2023-03-02 10:00:00,2023-03-07,2023-03-08,1021500.0,1.018,1.012,519.9435,516.879,-0.006887518912449431,range,range,range_to_range,4,True
1157,rolling_2023_2025,2023-03-14,2023-03-15 11:30:00,2023-04-21,2023-04-24,998800.0,1.034,1.136,516.3796000000001,567.3183999999999,0.09754793782992421,range,trend,range_to_trend,27,False
1157,rolling_2023_2025,2023-04-28,2023-05-04 00:00:00,2023-05-08,2023-05-09,1026700.0,1.104,1.082,566.7384000000001,555.4447000000001,-0.020907118904315847,range,range,range_to_range,3,True
1157,rolling_2023_2025,2023-05-22,2023-05-23 00:00:00,2023-06-06,2023-06-07,1054900.0,1.052,1.052,554.8774000000001,554.8774000000001,-0.0009995002498752736,range,range,range_to_range,11,False
1157,rolling_2023_2025,2023-06-09,2023-06-12 00:00:00,2023-06-26,2023-06-27,1052900.0,1.053,1.035,554.35185,544.87575,-0.018076431869535114,range,range,range_to_range,9,True
1157,rolling_2023_2025,2023-07-31,2023-08-01 00:00:00,2023-08-08,2023-08-09,1096300.0,0.993,0.988,544.31295,541.5722,-0.006029714246602813,trend,range,trend_to_range,6,True
1157,rolling_2023_2025,2023-08-30,2023-08-31 00:00:00,2023-09-07,2023-09-08,1128400.0,0.959,0.917,541.0677999999999,517.3714,-0.044751346954259974,trend,trend,trend_to_trend,6,True
1157,rolling_2023_2025,2023-09-27,2023-09-28 00:00:00,2023-10-16,2023-10-17,1144700.0,0.903,0.896,516.83205,512.8256,-0.008743690170418539,trend,trend,trend_to_trend,7,True
1157,rolling_2023_2025,2023-10-27,2023-10-30 00:00:00,2023-11-22,2023-11-23,1164400.0,0.88,0.892,512.336,519.3224,0.012623233837626646,trend,range,trend_to_range,18,False
1157,rolling_2023_2025,2023-12-08,2023-12-11 00:00:00,2023-12-15,2023-12-18,1176400.0,0.882,0.867,518.7924,509.9694,-0.017989304667394124,trend,range,trend_to_range,5,True
1157,rolling_2023_2025,2023-12-28,2023-12-29 00:00:00,2024-01-04,2024-01-05,1172500.0,0.869,0.842,509.45125,493.6225,-0.03203864120873978,range,range,range_to_range,4,True
1157,rolling_2023_2025,2024-02-08,2024-02-19 10:00:00,2024-03-14,2024-03-15,1280900.0,0.77,0.821,493.1465,525.80945,0.06516806531799024,trend,range,trend_to_range,19,False
1157,rolling_2023_2025,2024-03-18,2024-03-19 00:00:00,2024-03-21,2024-03-22,1246200.0,0.843,0.822,525.2733,512.1881999999999,-0.0258856336956077,range,range,range_to_range,3,True
1157,rolling_2023_2025,2024-04-26,2024-04-29 10:00:00,2024-05-15,2024-05-16,1327300.0,0.771,0.768,511.67415000000005,509.6832,-0.004886661727501962,range,trend,range_to_trend,10,True
1157,rolling_2023_2025,2024-06-03,2024-06-04 00:00:00,2024-06-25,2024-06-26,1327700.0,0.767,0.734,509.17295,487.2659,-0.04398126881800313,trend,range,trend_to_range,15,False
1157,rolling_2023_2025,2024-07-11,2024-07-12 00:00:00,2024-07-24,2024-07-25,1330000.0,0.732,0.727,486.78000000000003,483.455,-0.007823274155272064,range,range,range_to_range,9,True
1157,rolling_2023_2025,2024-07-26,2024-07-29 00:00:00,2024-08-05,2024-08-06,1310600.0,0.737,0.73,482.9561,478.369,-0.010487971753607495,range,range,range_to_range,6,True
1157,rolling_2023_2025,2024-09-24,2024-09-25 14:00:00,2024-10-30,2024-10-31,1397400.0,0.684,0.981,477.91080000000005,685.4246999999999,0.4327770325363631,trend,trend,trend_to_trend,21,False
1157,rolling_2023_2025,2024-11-05,2024-11-06 10:00:00,2024-11-15,2024-11-18,1343900.0,1.019,1.014,684.71705,681.3573,-0.005901367275145453,trend,trend,trend_to_trend,8,True
1157,rolling_2023_2025,2024-12-02,2024-12-03 00:00:00,2024-12-05,2024-12-06,1307800.0,1.041,1.03,680.7099,673.517,-0.011555701496033688,trend,trend,trend_to_trend,3,True
1157,rolling_2023_2025,2024-12-10,2024-12-11 00:00:00,2024-12-13,2024-12-16,1301400.0,1.034,1.013,672.8238,659.1591,-0.02128867867806916,trend,trend,trend_to_trend,3,True
1157,rolling_2023_2025,2024-12-20,2024-12-23 00:00:00,2024-12-31,2025-01-02,1272500.0,1.035,1.01,658.5187500000001,642.6125000000001,-0.025129947103742833,trend,range,trend_to_range,7,True
1157,rolling_2023_2025,2025-01-14,2025-01-15 00:00:00,2025-01-20,2025-01-21,1281300.0,1.002,0.996,641.9313000000001,638.0874,-0.0069815391705346785,range,range,range_to_range,4,True
1157,rolling_2023_2025,2025-01-21,2025-01-22 00:00:00,2025-03-11,2025-03-12,1280100.0,0.996,1.133,637.4898000000001,725.17665,0.13641321909326454,range,range,range_to_range,29,False
1157,rolling_2023_2025,2025-04-15,2025-04-16 10:00:00,2025-04-24,2025-04-25,1409400.0,1.028,1.027,724.4316,723.7268999999999,-0.001971290619281807,range,range,range_to_range,7,True
1157,rolling_2023_2025,2025-05-06,2025-05-07 14:00:00,2025-05-09,2025-05-12,1377100.0,1.05,1.034,722.9775,711.9607000000001,-0.01622236500797214,range,range,range_to_range,3,True
1157,rolling_2023_2025,2025-05-14,2025-05-15 00:00:00,2025-05-19,2025-05-20,1373100.0,1.036,1.019,711.2658,699.5944499999999,-0.01739236559326518,range,range,range_to_range,3,True
1157,rolling_2023_2025,2025-06-05,2025-06-06 00:00:00,2025-06-10,2025-06-11,1366400.0,1.023,1.007,698.9136,687.9823999999999,-0.01662414149718905,trend,trend,trend_to_trend,3,True
1157,rolling_2023_2025,2025-06-24,2025-06-25 10:30:00,2025-09-08,2025-09-09,1370500.0,1.003,1.28,687.3057499999999,877.12,0.27489595182468585,trend,trend,trend_to_trend,54,False
1157,rolling_2023_2025,2025-09-10,2025-09-11 00:00:00,2025-10-14,2025-10-15,1363800.0,1.285,1.442,876.2415,983.2998,0.12105737014761098,trend,trend,trend_to_trend,18,False
1157,rolling_2023_2025,2025-10-24,2025-10-27 10:30:00,2025-10-30,2025-10-31,1308800.0,1.501,1.4923366,982.2543999999999,976.58507104,-0.006765483547366835,trend,trend,trend_to_trend,4,True
1157,rolling_2023_2025,2025-12-08,2025-12-09 00:00:00,2025-12-11,2025-12-12,1414700.0,1.3792502000000002,1.3630950000000002,975.6126289700002,964.1852482500001,-0.012700823819422724,range,range,range_to_range,3,True
1157,rolling_2023_2025,2025-12-12,2025-12-15 00:00:00,2025-12-18,2025-12-19,1401900.0,1.3742017,1.3509786,963.246681615,946.9684496699999,-0.017881948078128485,range,range,range_to_range,4,True
1157,rolling_2024_2026,2023-12-29,2024-01-02 00:00:00,2024-01-04,2024-01-05,1146200.0,0.872,0.842,499.7432,482.5502,-0.035368783498159306,range,range,range_to_range,3,True
1157,rolling_2024_2026,2024-02-08,2024-02-19 10:00:00,2024-03-14,2024-03-15,1252100.0,0.77,0.821,482.05850000000004,513.98705,0.06516806531799024,trend,range,trend_to_range,19,False
1157,rolling_2024_2026,2024-03-18,2024-03-19 00:00:00,2024-03-21,2024-03-22,1218200.0,0.843,0.822,513.4713,500.68019999999996,-0.0258856336956077,range,range,range_to_range,3,True
1157,rolling_2024_2026,2024-04-26,2024-04-29 10:00:00,2024-05-15,2024-05-16,1297500.0,0.771,0.768,500.18625000000003,498.24,-0.004886661727502073,range,trend,range_to_trend,10,True
1157,rolling_2024_2026,2024-06-03,2024-06-04 00:00:00,2024-06-25,2024-06-26,1297900.0,0.767,0.734,497.74465000000004,476.3293,-0.043981268818003016,trend,range,trend_to_range,15,False
1157,rolling_2024_2026,2024-07-11,2024-07-12 00:00:00,2024-07-24,2024-07-25,1300100.0,0.732,0.727,475.8366,472.58635,-0.007823274155272175,range,range,range_to_range,9,True
1157,rolling_2024_2026,2024-07-26,2024-07-29 00:00:00,2024-08-05,2024-08-06,1281200.0,0.737,0.73,472.1222,467.63800000000003,-0.010487971753607606,range,range,range_to_range,6,True
1157,rolling_2024_2026,2024-09-24,2024-09-25 14:00:00,2024-10-30,2024-10-31,1366000.0,0.684,0.981,467.1720000000001,670.023,0.4327770325363631,trend,trend,trend_to_trend,21,False
1157,rolling_2024_2026,2024-11-05,2024-11-06 10:00:00,2024-11-15,2024-11-18,1313700.0,1.019,1.014,669.3301499999999,666.0459000000001,-0.005901367275145453,trend,trend,trend_to_trend,8,True
1157,rolling_2024_2026,2024-12-02,2024-12-03 00:00:00,2024-12-05,2024-12-06,1278400.0,1.041,1.03,665.4072,658.376,-0.011555701496033799,trend,trend,trend_to_trend,3,True
1157,rolling_2024_2026,2024-12-10,2024-12-11 00:00:00,2024-12-13,2024-12-16,1272200.0,1.034,1.013,657.7274,644.3693,-0.02128867867806916,trend,trend,trend_to_trend,3,True
1157,rolling_2024_2026,2024-12-20,2024-12-23 00:00:00,2024-12-31,2025-01-02,1243900.0,1.035,1.01,643.71825,628.1695,-0.025129947103742833,trend,range,trend_to_range,7,True
1157,rolling_2024_2026,2025-01-14,2025-01-15 00:00:00,2025-01-20,2025-01-21,1252500.0,1.002,0.996,627.5025,623.745,-0.0069815391705345675,range,range,range_to_range,4,True
1157,rolling_2024_2026,2025-01-21,2025-01-22 00:00:00,2025-03-11,2025-03-12,1251300.0,0.996,1.133,623.1474000000001,708.86145,0.13641321909326454,range,range,range_to_range,29,False
1157,rolling_2024_2026,2025-04-15,2025-04-16 10:00:00,2025-04-24,2025-04-25,1377700.0,1.028,1.027,708.1378000000001,707.44895,-0.001971290619281918,range,range,range_to_range,7,True
1157,rolling_2024_2026,2025-05-06,2025-05-07 14:00:00,2025-05-09,2025-05-12,1346200.0,1.05,1.034,706.755,695.9854,-0.01622236500797203,range,range,range_to_range,3,True
1157,rolling_2024_2026,2025-05-14,2025-05-15 00:00:00,2025-05-19,2025-05-20,1342300.0,1.036,1.019,695.3114,683.90185,-0.01739236559326518,range,range,range_to_range,3,True
1157,rolling_2024_2026,2025-06-05,2025-06-06 00:00:00,2025-06-10,2025-06-11,1335700.0,1.023,1.007,683.2105499999999,672.52495,-0.016624141497188827,trend,trend,trend_to_trend,3,True
1157,rolling_2024_2026,2025-06-24,2025-06-25 10:30:00,2025-09-08,2025-09-09,1339700.0,1.003,1.28,671.8595499999999,857.408,0.27489595182468607,trend,trend,trend_to_trend,54,False
1157,rolling_2024_2026,2025-09-10,2025-09-11 00:00:00,2025-10-14,2025-10-15,1333100.0,1.285,1.442,856.51675,961.1651,0.12105737014761098,trend,trend,trend_to_trend,18,False
1157,rolling_2024_2026,2025-10-24,2025-10-27 10:30:00,2025-10-30,2025-10-31,1279400.0,1.501,1.4923366,960.1897,954.6477230200001,-0.006765483547366835,trend,trend,trend_to_trend,4,True
1157,rolling_2024_2026,2025-12-08,2025-12-09 00:00:00,2025-12-11,2025-12-12,1382900.0,1.3792502000000002,1.3630950000000002,953.6825507900002,942.5120377500001,-0.012700823819422724,range,range,range_to_range,3,True
1157,rolling_2024_2026,2025-12-12,2025-12-15 00:00:00,2025-12-18,2025-12-19,1370400.0,1.3742017,1.3509786,941.6030048399999,925.69053672,-0.017881948078128374,range,range,range_to_range,4,True
1157,rolling_2024_2026,2025-12-22,2025-12-23 10:00:00,2026-01-29,2026-01-30,1346100.0,1.374,1.5488798,924.7707,1042.47354939,0.12615116030049012,range,trend,range_to_trend,26,False
1157,rolling_2024_2026,2026-02-25,2026-02-26 10:00:00,2026-03-02,2026-03-03,1373000.0,1.517,1.5105112,1041.4205,1036.9659388,-0.005272614582622848,trend,trend,trend_to_trend,3,True
1157,rolling_2024_2026,2026-04-08,2026-04-09 00:00:00,2026-06-01,2026-06-02,1502200.0,1.3792502000000002,1.7215385,1035.9548252200002,1293.0475673500002,0.2469222928799144,range,trend,range_to_trend,35,False
1157,rolling_2024_2026,2026-06-16,2026-06-17 00:00:00,2026-07-13,2026-07-14,1444700.0,1.7881787,2.0476716,1291.690883945,1479.1355802600003,0.1439712103293358,trend,trend,trend_to_trend,18,False
1157,rolling_2024_2026,2026-08-05,2026-08-06 00:00:00,2026-08-14,2026-08-17,1726800.0,1.7114415,1.7750526,1477.6585911000002,1532.58041484,0.03613149177623565,range,range,range_to_range,7,False
1157,rolling_2024_2026,2026-08-17,2026-08-18 00:00:00,2026-08-20,2026-08-21,1658100.0,1.8467413,1.7043736,1531.040874765,1413.01093308,-0.07801375419452639,range,range,range_to_range,3,True
1157,rolling_2024_2026,2026-08-27,2026-08-28 00:00:00,2026-09-01,2026-09-02,1616300.0,1.746781,1.6771117000000002,1411.66106515,1355.3578203550003,-0.0408440288526255,range,range,range_to_range,3,True
1500,full_2021_2026,2021-01-12,2021-01-13 10:30:00,2021-01-28,2021-01-29,697000.0,1.434,1.456,499.749,507.416,0.014326867249778275,warmup,warmup,warmup_to_warmup,12,False
1500,full_2021_2026,2021-03-26,2021-03-29 10:00:00,2021-04-12,2021-04-13,791400.0,1.281,1.267,506.89169999999996,501.3519,-0.011917538498510294,trend,range,trend_to_range,10,True
1500,full_2021_2026,2021-04-16,2021-04-19 00:00:00,2021-05-07,2021-05-10,770500.0,1.3,1.295,500.825,498.89875,-0.004841809864298607,trend,trend,trend_to_trend,12,False
1500,full_2021_2026,2021-05-17,2021-05-18 10:00:00,2021-06-16,2021-06-17,736700.0,1.353,1.441,498.37755,530.7923499999999,0.06397614201029556,range,trend,range_to_trend,21,False
1500,full_2021_2026,2021-06-17,2021-06-18 00:00:00,2021-07-06,2021-07-07,704700.0,1.505,1.557,530.28675,548.6089499999999,0.03351746053883353,trend,trend,trend_to_trend,13,False
1500,full_2021_2026,2021-07-07,2021-07-08 00:00:00,2021-07-14,2021-07-15,684200.0,1.602,1.589,548.0442,543.5969,-0.009106245878309216,trend,trend,trend_to_trend,5,True
1500,full_2021_2026,2021-07-29,2021-07-30 00:00:00,2021-08-09,2021-08-10,668000.0,1.626,1.604,543.0840000000001,535.736,-0.014516112177613616,trend,trend,trend_to_trend,7,True
1500,full_2021_2026,2021-08-24,2021-08-25 00:00:00,2021-08-27,2021-08-30,661500.0,1.618,1.525,535.1535,504.39374999999995,-0.058420418962336074,trend,range,trend_to_range,3,True
1500,full_2021_2026,2021-10-15,2021-10-18 00:00:00,2021-10-27,2021-10-28,720900.0,1.398,1.391,503.90909999999997,501.38595000000004,-0.006001648674947235,trend,trend,trend_to_trend,8,True
1500,full_2021_2026,2021-10-29,2021-11-01 10:00:00,2021-12-02,2021-12-03,700100.0,1.431,1.469,500.92155,514.2234500000001,0.025528814907710418,trend,range,trend_to_range,24,False
1500,full_2021_2026,2021-12-03,2021-12-06 00:00:00,2021-12-08,2021-12-09,693200.0,1.482,1.45,513.6612,502.57,-0.022570361243130055,range,range,range_to_range,3,True
1500,full_2021_2026,2021-12-17,2021-12-20 00:00:00,2021-12-23,2021-12-24,698300.0,1.438,1.415,502.07769999999994,494.04725,-0.016977950524042495,range,range,range_to_range,4,True
1500,full_2021_2026,2022-01-13,2022-01-14 00:00:00,2022-01-20,2022-01-21,741100.0,1.332,1.343,493.5726,497.64865,0.007250503877190395,range,range,range_to_range,5,False
1500,full_2021_2026,2022-02-23,2022-02-24 00:00:00,2022-03-03,2022-03-04,789800.0,1.259,1.239,497.1791,489.28110000000004,-0.016869246075929323,trend,trend,trend_to_trend,6,True
1500,full_2021_2026,2022-03-21,2022-03-22 00:00:00,2022-03-24,2022-03-25,829800.0,1.178,1.167,488.75219999999996,484.1883,-0.010328027836675857,trend,trend,trend_to_trend,3,True
1500,full_2021_2026,2022-05-05,2022-05-06 00:00:00,2022-06-07,2022-06-08,1013000.0,0.955,1.139,483.7075,576.9035,0.19147808294805468,trend,range,trend_to_range,22,False
1500,full_2021_2026,2022-06-08,2022-06-09 00:00:00,2022-06-21,2022-06-22,1016500.0,1.134,1.116,576.3555,567.207,-0.016856651039559578,range,range,range_to_range,9,True
1500,full_2021_2026,2022-06-24,2022-06-27 10:30:00,2022-06-28,2022-06-29,996700.0,1.137,1.144,566.6239499999999,570.1123999999999,0.0051508986052268835,range,range,range_to_range,2,False
1500,full_2021_2026,2022-07-01,2022-07-04 00:00:00,2022-07-07,2022-07-08,1016100.0,1.121,1.145,569.5240500000001,581.71725,0.020388556836657523,range,range,range_to_range,4,False
1500,full_2021_2026,2022-07-21,2022-07-22 10:00:00,2022-08-16,2022-08-17,1028600.0,1.13,1.173,581.159,603.2739,0.0370155630149529,trend,range,trend_to_range,18,False
1500,full_2021_2026,2022-10-17,2022-10-18 10:00:00,2022-11-21,2022-11-22,1217500.0,0.99,1.061,602.6625,645.88375,0.07064599013624484,trend,trend,trend_to_trend,25,False
1500,full_2021_2026,2022-12-12,2022-12-13 00:00:00,2022-12-15,2022-12-16,1255400.0,1.028,1.01,645.2755999999999,633.977,-0.018491726899196315,range,range,range_to_range,3,True
1500,full_2021_2026,2022-12-30,2023-01-03 00:00:00,2023-01-11,2023-01-12,1283300.0,0.987,0.997,633.3085500000001,639.72505,0.009122085360561805,range,range,range_to_range,7,False
1500,full_2021_2026,2023-01-16,2023-01-17 10:00:00,2023-02-08,2023-02-09,1255600.0,1.018,1.032,639.1004,647.8896,0.012739209962798315,range,range,range_to_range,12,False
1500,full_2021_2026,2023-03-01,2023-03-02 10:00:00,2023-03-07,2023-03-08,1271600.0,1.018,1.012,647.2444,643.4295999999999,-0.006887518912449431,range,range,range_to_range,4,True
1500,full_2021_2026,2023-03-09,2023-03-10 00:00:00,2023-03-14,2023-03-15,1265300.0,1.016,1.035,642.7724000000001,654.7927500000001,0.017682595710019067,range,range,range_to_range,3,False
1500,full_2021_2026,2023-03-15,2023-03-16 00:00:00,2023-04-21,2023-04-24,1277600.0,1.024,1.136,654.1312,725.6768,0.1082661794102946,range,trend,range_to_trend,26,False
1500,full_2021_2026,2023-05-26,2023-05-29 10:00:00,2023-06-06,2023-06-07,1360200.0,1.066,1.052,724.9866000000001,715.4652000000001,-0.01411958186010187,range,range,range_to_range,7,True
1500,full_2021_2026,2023-06-09,2023-06-12 00:00:00,2023-06-26,2023-06-27,1357500.0,1.053,1.035,714.72375,702.50625,-0.018076431869535337,range,range,range_to_range,9,True
1500,full_2021_2026,2023-06-27,2023-06-28 00:00:00,2023-07-05,2023-07-06,1354800.0,1.036,1.029,701.7864000000001,697.0446,-0.007749503626565124,range,trend,range_to_trend,6,True
1500,full_2021_2026,2023-07-31,2023-08-01 00:00:00,2023-08-08,2023-08-09,1402600.0,0.993,0.988,696.3909,692.8844,-0.006029714246602813,trend,range,trend_to_range,6,True
1500,full_2021_2026,2023-08-30,2023-08-31 00:00:00,2023-09-07,2023-09-08,1443500.0,0.959,0.917,692.1582500000001,661.84475,-0.044751346954260085,trend,trend,trend_to_trend,6,True
1500,full_2021_2026,2023-09-27,2023-09-28 00:00:00,2023-10-16,2023-10-17,1464500.0,0.903,0.896,661.22175,656.096,-0.00874369017041865,trend,trend,trend_to_trend,7,True
1500,full_2021_2026,2023-10-27,2023-10-30 00:00:00,2023-11-21,2023-11-22,1489600.0,0.88,0.905,655.424,674.044,0.027381195765753485,trend,range,trend_to_range,17,False
1500,full_2021_2026,2023-12-08,2023-12-11 00:00:00,2023-12-13,2023-12-14,1526900.0,0.882,0.888,673.3629000000001,677.9436,0.005796421517132444,trend,range,trend_to_range,3,False
1500,full_2021_2026,2023-12-28,2023-12-29 00:00:00,2024-01-03,2024-01-04,1558700.0,0.869,0.849,677.2551500000001,661.6681500000001,-0.023991456515700782,range,range,range_to_range,3,True
1500,full_2021_2026,2024-02-08,2024-02-19 10:00:00,2024-03-07,2024-03-08,1716900.0,0.77,0.814,661.0065,698.7783,0.05608624259298933,trend,range,trend_to_range,14,False
1500,full_2021_2026,2024-03-08,2024-03-11 00:00:00,2024-03-13,2024-03-14,1708900.0,0.817,0.831,698.0856499999999,710.04795,0.016119235363958095,range,range,range_to_range,3,False
1500,full_2021_2026,2024-04-24,2024-04-25 00:00:00,2024-05-07,2024-05-08,1884100.0,0.753,0.786,709.36365,740.4513000000001,0.04278139814554871,range,range,range_to_range,6,False
1500,full_2021_2026,2024-05-10,2024-05-13 00:00:00,2024-05-15,2024-05-16,1896700.0,0.78,0.768,739.713,728.3328,-0.016368738707569164,trend,trend,trend_to_trend,3,True
1500,full_2021_2026,2024-06-03,2024-06-04 00:00:00,2024-06-25,2024-06-26,1897200.0,0.767,0.734,727.5762000000001,696.2724000000001,-0.043981268818003016,trend,range,trend_to_range,15,False
1500,full_2021_2026,2024-07-16,2024-07-17 00:00:00,2024-07-23,2024-07-24,1859900.0,0.748,0.739,695.6025999999999,687.23305,-0.013019559738847053,range,range,range_to_range,5,True
1500,full_2021_2026,2024-07-31,2024-08-01 10:00:00,2024-08-05,2024-08-06,1799600.0,0.763,0.73,686.5474,656.854,-0.044206599190575235,trend,range,trend_to_range,3,True
1500,full_2021_2026,2024-08-15,2024-08-16 00:00:00,2024-08-20,2024-08-21,1807700.0,0.726,0.71,656.1951,641.7335,-0.023016040189271725,range,range,range_to_range,3,True
1500,full_2021_2026,2024-09-24,2024-09-25 14:00:00,2024-10-30,2024-10-31,1874500.0,0.684,0.981,641.0790000000001,919.4422500000001,0.43277703253636335,trend,trend,trend_to_trend,21,False
1500,full_2021_2026,2024-11-05,2024-11-06 10:00:00,2024-11-15,2024-11-18,1802800.0,1.019,1.014,918.5265999999999,914.0196,-0.005901367275145453,trend,trend,trend_to_trend,8,True
1500,full_2021_2026,2024-12-02,2024-12-03 00:00:00,2024-12-05,2024-12-06,1754300.0,1.041,1.03,913.1131499999999,903.4645,-0.01155570149603391,trend,trend,trend_to_trend,3,True
1500,full_2021_2026,2024-12-10,2024-12-11 00:00:00,2024-12-13,2024-12-16,1745700.0,1.034,1.013,902.5269000000001,884.19705,-0.02128867867806916,trend,trend,trend_to_trend,3,True
1500,full_2021_2026,2024-12-20,2024-12-23 00:00:00,2024-12-31,2025-01-02,1706900.0,1.035,1.01,883.3207499999999,861.9845,-0.025129947103742722,trend,range,trend_to_range,7,True
1500,full_2021_2026,2025-01-07,2025-01-08 00:00:00,2025-01-13,2025-01-14,1757400.0,0.98,0.98,861.126,861.126,-0.0009995002498749406,range,range,range_to_range,4,True
1500,full_2021_2026,2025-01-14,2025-01-15 00:00:00,2025-03-11,2025-03-12,1717100.0,1.002,1.133,860.2671,972.73715,0.12960834951785594,range,range,range_to_range,34,False
1500,full_2021_2026,2025-04-17,2025-04-18 00:00:00,2025-04-24,2025-04-25,1877800.0,1.035,1.027,971.7615,964.2502999999999,-0.00872124324311263,range,range,range_to_range,5,True
1500,full_2021_2026,2025-06-05,2025-06-06 00:00:00,2025-06-10,2025-06-11,1883300.0,1.023,1.007,963.30795,948.24155,-0.016624141497188827,trend,trend,trend_to_trend,3,True
1500,full_2021_2026,2025-06-24,2025-06-25 10:30:00,2025-07-08,2025-07-09,1888900.0,1.003,1.017,947.2833499999999,960.50565,0.012944674223207553,trend,range,trend_to_range,10,False
1500,full_2021_2026,2025-07-14,2025-07-15 00:00:00,2025-08-08,2025-08-11,1885200.0,1.018,1.07,959.5668000000001,1008.5820000000001,0.050029994825770085,range,range,range_to_range,19,False
1500,full_2021_2026,2025-08-12,2025-08-13 10:00:00,2025-09-08,2025-09-09,1835200.0,1.098,1.28,1007.5248,1174.528,0.16459074652109273,trend,trend,trend_to_trend,19,False
1500,full_2021_2026,2025-09-10,2025-09-11 00:00:00,2025-10-14,2025-10-15,1826300.0,1.285,1.442,1173.39775,1316.7623,0.12105737014761098,trend,trend,trend_to_trend,18,False
1500,full_2021_2026,2025-10-24,2025-10-27 10:30:00,2025-10-30,2025-10-31,1752700.0,1.501,1.4923366,1315.4013499999999,1307.80917941,-0.006765483547366613,trend,trend,trend_to_trend,4,True
1500,full_2021_2026,2025-12-08,2025-12-09 00:00:00,2025-12-10,2025-12-11,1894500.0,1.3792502000000002,1.3863181,1306.4947519500001,1313.189820225,0.00411982881180184,range,range,range_to_range,2,False
1500,full_2021_2026,2025-12-17,2025-12-18 00:00:00,2025-12-24,2025-12-25,1939300.0,1.352998,1.3873278000000002,1311.9345107,1345.2224012700003,0.024348273624382077,range,range,range_to_range,5,False
1500,full_2021_2026,2025-12-25,2025-12-26 00:00:00,2026-01-29,2026-01-30,1937300.0,1.3873278000000002,1.5488798,1343.8350734700002,1500.32241827,0.11533243567444784,range,trend,range_to_trend,23,False
1500,full_2021_2026,2026-02-25,2026-02-26 10:00:00,2026-03-02,2026-03-03,1976000.0,1.517,1.5105112,1498.796,1492.3850656000002,-0.005272614582622848,trend,trend,trend_to_trend,3,True
1500,full_2021_2026,2026-04-08,2026-04-09 00:00:00,2026-04-23,2026-04-24,2161900.0,1.3792502000000002,1.4812299000000002,1490.9005036900003,1601.1354604050002,0.0728651047828941,range,range,range_to_range,11,False
1500,full_2021_2026,2026-04-27,2026-04-28 00:00:00,2026-04-29,2026-04-30,2066800.0,1.5478701,1.5549380000000002,1599.56896134,1606.8729292000003,0.003562145867705535,range,range,range_to_range,2,False
1500,full_2021_2026,2026-05-06,2026-05-07 10:00:00,2026-06-01,2026-06-02,1880800.0,1.707,1.7215385,1605.2628,1618.9348054000002,0.0075089758869832934,range,trend,range_to_trend,18,False
1500,full_2021_2026,2026-06-16,2026-06-17 00:00:00,2026-07-13,2026-07-14,1808900.0,1.7881787,2.0476716,1617.3182252150002,1852.01657862,0.14397121032933557,trend,trend,trend_to_trend,18,False
1500,full_2021_2026,2026-08-05,2026-08-06 00:00:00,2026-08-10,2026-08-11,2162100.0,1.7114415,1.7700041,1850.1538335750001,1913.462932305,0.03318458764717924,range,range,range_to_range,3,False
1500,full_2021_2026,2026-08-12,2026-08-13 15:00:00,2026-08-19,2026-08-20,2131000.0,1.794,1.736684,1911.507,1850.436802,-0.03291628544702008,range,range,range_to_range,5,True
1500,full_2021_2026,2026-08-21,2026-08-24 10:00:00,2026-08-26,2026-08-27,2164700.0,1.708,1.6952863,1848.6538,1834.893126805,-0.008435678618536113,range,range,range_to_range,3,True
1500,rolling_2021_2023,2021-01-12,2021-01-13 10:30:00,2021-01-28,2021-01-29,697000.0,1.434,1.456,499.749,507.416,0.014326867249778275,warmup,warmup,warmup_to_warmup,12,False
1500,rolling_2021_2023,2021-03-26,2021-03-29 10:00:00,2021-04-12,2021-04-13,791400.0,1.281,1.267,506.89169999999996,501.3519,-0.011917538498510294,trend,range,trend_to_range,10,True
1500,rolling_2021_2023,2021-04-16,2021-04-19 00:00:00,2021-05-07,2021-05-10,770500.0,1.3,1.295,500.825,498.89875,-0.004841809864298607,trend,trend,trend_to_trend,12,False
1500,rolling_2021_2023,2021-05-17,2021-05-18 10:00:00,2021-06-16,2021-06-17,736700.0,1.353,1.441,498.37755,530.7923499999999,0.06397614201029556,range,trend,range_to_trend,21,False
1500,rolling_2021_2023,2021-06-17,2021-06-18 00:00:00,2021-07-06,2021-07-07,704700.0,1.505,1.557,530.28675,548.6089499999999,0.03351746053883353,trend,trend,trend_to_trend,13,False
1500,rolling_2021_2023,2021-07-07,2021-07-08 00:00:00,2021-07-14,2021-07-15,684200.0,1.602,1.589,548.0442,543.5969,-0.009106245878309216,trend,trend,trend_to_trend,5,True
1500,rolling_2021_2023,2021-07-29,2021-07-30 00:00:00,2021-08-09,2021-08-10,668000.0,1.626,1.604,543.0840000000001,535.736,-0.014516112177613616,trend,trend,trend_to_trend,7,True
1500,rolling_2021_2023,2021-08-24,2021-08-25 00:00:00,2021-08-27,2021-08-30,661500.0,1.618,1.525,535.1535,504.39374999999995,-0.058420418962336074,trend,range,trend_to_range,3,True
1500,rolling_2021_2023,2021-10-15,2021-10-18 00:00:00,2021-10-27,2021-10-28,720900.0,1.398,1.391,503.90909999999997,501.38595000000004,-0.006001648674947235,trend,trend,trend_to_trend,8,True
1500,rolling_2021_2023,2021-10-29,2021-11-01 10:00:00,2021-12-02,2021-12-03,700100.0,1.431,1.469,500.92155,514.2234500000001,0.025528814907710418,trend,range,trend_to_range,24,False
1500,rolling_2021_2023,2021-12-03,2021-12-06 00:00:00,2021-12-08,2021-12-09,693200.0,1.482,1.45,513.6612,502.57,-0.022570361243130055,range,range,range_to_range,3,True
1500,rolling_2021_2023,2021-12-17,2021-12-20 00:00:00,2021-12-23,2021-12-24,698300.0,1.438,1.415,502.07769999999994,494.04725,-0.016977950524042495,range,range,range_to_range,4,True
1500,rolling_2021_2023,2022-01-13,2022-01-14 00:00:00,2022-01-20,2022-01-21,741100.0,1.332,1.343,493.5726,497.64865,0.007250503877190395,range,range,range_to_range,5,False
1500,rolling_2021_2023,2022-02-23,2022-02-24 00:00:00,2022-03-03,2022-03-04,789800.0,1.259,1.239,497.1791,489.28110000000004,-0.016869246075929323,trend,trend,trend_to_trend,6,True
1500,rolling_2021_2023,2022-03-21,2022-03-22 00:00:00,2022-03-24,2022-03-25,829800.0,1.178,1.167,488.75219999999996,484.1883,-0.010328027836675857,trend,trend,trend_to_trend,3,True
1500,rolling_2021_2023,2022-05-05,2022-05-06 00:00:00,2022-06-07,2022-06-08,1013000.0,0.955,1.139,483.7075,576.9035,0.19147808294805468,trend,range,trend_to_range,22,False
1500,rolling_2021_2023,2022-06-08,2022-06-09 00:00:00,2022-06-21,2022-06-22,1016500.0,1.134,1.116,576.3555,567.207,-0.016856651039559578,range,range,range_to_range,9,True
1500,rolling_2021_2023,2022-06-24,2022-06-27 10:30:00,2022-06-28,2022-06-29,996700.0,1.137,1.144,566.6239499999999,570.1123999999999,0.0051508986052268835,range,range,range_to_range,2,False
1500,rolling_2021_2023,2022-07-01,2022-07-04 00:00:00,2022-07-07,2022-07-08,1016100.0,1.121,1.145,569.5240500000001,581.71725,0.020388556836657523,range,range,range_to_range,4,False
1500,rolling_2021_2023,2022-07-21,2022-07-22 10:00:00,2022-08-16,2022-08-17,1028600.0,1.13,1.173,581.159,603.2739,0.0370155630149529,trend,range,trend_to_range,18,False
1500,rolling_2021_2023,2022-10-17,2022-10-18 10:00:00,2022-11-21,2022-11-22,1217500.0,0.99,1.061,602.6625,645.88375,0.07064599013624484,trend,trend,trend_to_trend,25,False
1500,rolling_2021_2023,2022-12-12,2022-12-13 00:00:00,2022-12-15,2022-12-16,1255400.0,1.028,1.01,645.2755999999999,633.977,-0.018491726899196315,range,range,range_to_range,3,True
1500,rolling_2021_2023,2022-12-30,2023-01-03 00:00:00,2023-01-11,2023-01-12,1283300.0,0.987,0.997,633.3085500000001,639.72505,0.009122085360561805,range,range,range_to_range,7,False
1500,rolling_2021_2023,2023-01-16,2023-01-17 10:00:00,2023-02-08,2023-02-09,1255600.0,1.018,1.032,639.1004,647.8896,0.012739209962798315,range,range,range_to_range,12,False
1500,rolling_2021_2023,2023-03-01,2023-03-02 10:00:00,2023-03-07,2023-03-08,1271600.0,1.018,1.012,647.2444,643.4295999999999,-0.006887518912449431,range,range,range_to_range,4,True
1500,rolling_2021_2023,2023-03-09,2023-03-10 00:00:00,2023-03-14,2023-03-15,1265300.0,1.016,1.035,642.7724000000001,654.7927500000001,0.017682595710019067,range,range,range_to_range,3,False
1500,rolling_2021_2023,2023-03-15,2023-03-16 00:00:00,2023-04-21,2023-04-24,1277600.0,1.024,1.136,654.1312,725.6768,0.1082661794102946,range,trend,range_to_trend,26,False
1500,rolling_2021_2023,2023-05-26,2023-05-29 10:00:00,2023-06-06,2023-06-07,1360200.0,1.066,1.052,724.9866000000001,715.4652000000001,-0.01411958186010187,range,range,range_to_range,7,True
1500,rolling_2021_2023,2023-06-09,2023-06-12 00:00:00,2023-06-26,2023-06-27,1357500.0,1.053,1.035,714.72375,702.50625,-0.018076431869535337,range,range,range_to_range,9,True
1500,rolling_2021_2023,2023-06-27,2023-06-28 00:00:00,2023-07-05,2023-07-06,1354800.0,1.036,1.029,701.7864000000001,697.0446,-0.007749503626565124,range,trend,range_to_trend,6,True
1500,rolling_2021_2023,2023-07-31,2023-08-01 00:00:00,2023-08-08,2023-08-09,1402600.0,0.993,0.988,696.3909,692.8844,-0.006029714246602813,trend,range,trend_to_range,6,True
1500,rolling_2021_2023,2023-08-30,2023-08-31 00:00:00,2023-09-07,2023-09-08,1443500.0,0.959,0.917,692.1582500000001,661.84475,-0.044751346954260085,trend,trend,trend_to_trend,6,True
1500,rolling_2021_2023,2023-09-27,2023-09-28 00:00:00,2023-10-16,2023-10-17,1464500.0,0.903,0.896,661.22175,656.096,-0.00874369017041865,trend,trend,trend_to_trend,7,True
1500,rolling_2021_2023,2023-10-27,2023-10-30 00:00:00,2023-11-21,2023-11-22,1489600.0,0.88,0.905,655.424,674.044,0.027381195765753485,trend,range,trend_to_range,17,False
1500,rolling_2021_2023,2023-12-08,2023-12-11 00:00:00,2023-12-13,2023-12-14,1526900.0,0.882,0.888,673.3629000000001,677.9436,0.005796421517132444,trend,range,trend_to_range,3,False
1500,rolling_2022_2024,2022-01-13,2022-01-14 00:00:00,2022-01-20,2022-01-21,750300.0,1.332,1.343,499.69980000000004,503.82645,0.007250503877190395,range,range,range_to_range,5,False
1500,rolling_2022_2024,2022-02-23,2022-02-24 00:00:00,2022-03-03,2022-03-04,799600.0,1.259,1.239,503.34819999999996,495.35220000000004,-0.016869246075929323,trend,trend,trend_to_trend,6,True
1500,rolling_2022_2024,2022-03-21,2022-03-22 00:00:00,2022-03-24,2022-03-25,840200.0,1.178,1.167,494.8778,490.2567,-0.010328027836675857,trend,trend,trend_to_trend,3,True
1500,rolling_2022_2024,2022-05-05,2022-05-06 00:00:00,2022-06-07,2022-06-08,1025600.0,0.955,1.139,489.724,584.0792,0.19147808294805468,trend,range,trend_to_range,22,False
1500,rolling_2022_2024,2022-06-08,2022-06-09 00:00:00,2022-06-21,2022-06-22,1029100.0,1.134,1.116,583.4997,574.2378000000001,-0.016856651039559467,range,range,range_to_range,9,True
1500,rolling_2022_2024,2022-06-24,2022-06-27 10:30:00,2022-06-28,2022-06-29,1009100.0,1.137,1.144,573.67335,577.2052,0.0051508986052268835,range,range,range_to_range,2,False
1500,rolling_2022_2024,2022-07-01,2022-07-04 00:00:00,2022-07-07,2022-07-08,1028800.0,1.121,1.145,576.6424000000001,588.988,0.020388556836657523,range,range,range_to_range,4,False
1500,rolling_2022_2024,2022-07-21,2022-07-22 10:00:00,2022-08-16,2022-08-17,1041400.0,1.13,1.173,588.391,610.7811,0.03701556301495268,trend,range,trend_to_range,18,False
1500,rolling_2022_2024,2022-10-17,2022-10-18 10:00:00,2022-11-21,2022-11-22,1232700.0,0.99,1.061,610.1865,653.94735,0.07064599013624484,trend,trend,trend_to_trend,25,False
1500,rolling_2022_2024,2022-12-12,2022-12-13 00:00:00,2022-12-15,2022-12-16,1271000.0,1.028,1.01,653.294,641.855,-0.018491726899196315,range,range,range_to_range,3,True
1500,rolling_2022_2024,2022-12-30,2023-01-03 00:00:00,2023-01-11,2023-01-12,1299300.0,0.987,0.997,641.20455,647.70105,0.009122085360561805,range,range,range_to_range,7,False
1500,rolling_2022_2024,2023-01-16,2023-01-17 10:00:00,2023-02-08,2023-02-09,1271200.0,1.018,1.032,647.0408000000001,655.9392,0.012739209962798537,range,range,range_to_range,12,False
1500,rolling_2022_2024,2023-03-01,2023-03-02 10:00:00,2023-03-07,2023-03-08,1287400.0,1.018,1.012,655.2866,651.4244,-0.00688751891244932,range,range,range_to_range,4,True
1500,rolling_2022_2024,2023-03-09,2023-03-10 00:00:00,2023-03-14,2023-03-15,1281100.0,1.016,1.035,650.7988,662.96925,0.017682595710018845,range,range,range_to_range,3,False
1500,rolling_2022_2024,2023-03-15,2023-03-16 00:00:00,2023-04-21,2023-04-24,1293500.0,1.024,1.136,662.272,734.7079999999999,0.1082661794102946,range,trend,range_to_trend,26,False
1500,rolling_2022_2024,2023-05-26,2023-05-29 10:00:00,2023-06-06,2023-06-07,1377100.0,1.066,1.052,733.9943000000001,724.3546,-0.01411958186010187,range,range,range_to_range,7,True
1500,rolling_2022_2024,2023-06-09,2023-06-12 00:00:00,2023-06-26,2023-06-27,1374400.0,1.053,1.035,723.6216,711.2520000000001,-0.018076431869535337,range,range,range_to_range,9,True
1500,rolling_2022_2024,2023-06-27,2023-06-28 00:00:00,2023-07-05,2023-07-06,1371700.0,1.036,1.029,710.5406,705.7396499999999,-0.007749503626565124,range,trend,range_to_trend,6,True
1500,rolling_2022_2024,2023-07-31,2023-08-01 00:00:00,2023-08-08,2023-08-09,1420000.0,0.993,0.988,705.03,701.48,-0.006029714246602813,trend,range,trend_to_range,6,True
1500,rolling_2022_2024,2023-08-30,2023-08-31 00:00:00,2023-09-07,2023-09-08,1461500.0,0.959,0.917,700.78925,670.09775,-0.044751346954259974,trend,trend,trend_to_trend,6,True
1500,rolling_2022_2024,2023-09-27,2023-09-28 00:00:00,2023-10-16,2023-10-17,1482700.0,0.903,0.896,669.4390500000001,664.2496,-0.00874369017041865,trend,trend,trend_to_trend,7,True
1500,rolling_2022_2024,2023-10-27,2023-10-30 00:00:00,2023-11-21,2023-11-22,1508100.0,0.88,0.905,663.564,682.41525,0.027381195765753485,trend,range,trend_to_range,17,False
1500,rolling_2022_2024,2023-12-08,2023-12-11 00:00:00,2023-12-13,2023-12-14,1545900.0,0.882,0.888,681.7419,686.3796,0.005796421517132444,trend,range,trend_to_range,3,False
1500,rolling_2022_2024,2023-12-28,2023-12-29 00:00:00,2024-01-03,2024-01-04,1578100.0,0.869,0.849,685.68445,669.90345,-0.023991456515700893,range,range,range_to_range,3,True
1500,rolling_2022_2024,2024-02-08,2024-02-19 10:00:00,2024-03-07,2024-03-08,1738300.0,0.77,0.814,669.2455,707.4881,0.05608624259298933,trend,range,trend_to_range,14,False
1500,rolling_2022_2024,2024-03-08,2024-03-11 00:00:00,2024-03-13,2024-03-14,1730200.0,0.817,0.831,706.7867,718.8981,0.016119235363958095,range,range,range_to_range,3,False
1500,rolling_2022_2024,2024-04-24,2024-04-25 00:00:00,2024-05-07,2024-05-08,1907500.0,0.753,0.786,718.17375,749.6475,0.04278139814554871,range,range,range_to_range,6,False
1500,rolling_2022_2024,2024-05-10,2024-05-13 00:00:00,2024-05-15,2024-05-16,1920300.0,0.78,0.768,748.917,737.3952,-0.016368738707569053,trend,trend,trend_to_trend,3,True
1500,rolling_2022_2024,2024-06-03,2024-06-04 00:00:00,2024-06-25,2024-06-26,1920800.0,0.767,0.734,736.6268000000001,704.9336,-0.04398126881800313,trend,range,trend_to_range,15,False
1500,rolling_2022_2024,2024-07-16,2024-07-17 00:00:00,2024-07-23,2024-07-24,1883000.0,0.748,0.739,704.242,695.7685,-0.013019559738847164,range,range,range_to_range,5,True
1500,rolling_2022_2024,2024-07-31,2024-08-01 10:00:00,2024-08-05,2024-08-06,1822000.0,0.763,0.73,695.093,665.03,-0.044206599190575235,trend,range,trend_to_range,3,True
1500,rolling_2022_2024,2024-08-15,2024-08-16 00:00:00,2024-08-20,2024-08-21,1830200.0,0.726,0.71,664.3626,649.721,-0.023016040189271725,range,range,range_to_range,3,True
1500,rolling_2022_2024,2024-09-24,2024-09-25 14:00:00,2024-10-30,2024-10-31,1897800.0,0.684,0.981,649.0476000000001,930.8709,0.43277703253636335,trend,trend,trend_to_trend,21,False
1500,rolling_2022_2024,2024-11-05,2024-11-06 10:00:00,2024-11-15,2024-11-18,1825200.0,1.019,1.014,929.9394,925.3764,-0.005901367275145453,trend,trend,trend_to_trend,8,True
1500,rolling_2022_2024,2024-12-02,2024-12-03 00:00:00,2024-12-05,2024-12-06,1776100.0,1.041,1.03,924.4600499999999,914.6915,-0.01155570149603391,trend,trend,trend_to_trend,3,True
1500,rolling_2022_2024,2024-12-10,2024-12-11 00:00:00,2024-12-13,2024-12-16,1767500.0,1.034,1.013,913.7975,895.2387499999999,-0.021288678678069273,trend,trend,trend_to_trend,3,True
1500,rolling_2023_2025,2022-12-30,2023-01-03 00:00:00,2023-01-11,2023-01-12,1012600.0,0.987,0.997,499.7181,504.7811,0.009122085360561805,range,range,range_to_range,7,False
1500,rolling_2023_2025,2023-01-16,2023-01-17 10:00:00,2023-02-08,2023-02-09,990700.0,1.018,1.032,504.2663,511.20120000000003,0.012739209962798537,range,range,range_to_range,12,False
1500,rolling_2023_2025,2023-03-01,2023-03-02 10:00:00,2023-03-07,2023-03-08,1003400.0,1.018,1.012,510.73060000000004,507.72040000000004,-0.006887518912449542,range,range,range_to_range,4,True
1500,rolling_2023_2025,2023-03-09,2023-03-10 00:00:00,2023-03-14,2023-03-15,998400.0,1.016,1.035,507.1872,516.6719999999999,0.017682595710018845,range,range,range_to_range,3,False
1500,rolling_2023_2025,2023-03-15,2023-03-16 00:00:00,2023-04-21,2023-04-24,1008100.0,1.024,1.136,516.1472,572.6007999999999,0.10826617941029482,range,trend,range_to_trend,26,False
1500,rolling_2023_2025,2023-05-26,2023-05-29 10:00:00,2023-06-06,2023-06-07,1073200.0,1.066,1.052,572.0156,564.5032000000001,-0.014119581860101649,range,range,range_to_range,7,True
1500,rolling_2023_2025,2023-06-09,2023-06-12 00:00:00,2023-06-26,2023-06-27,1071200.0,1.053,1.035,563.9867999999999,554.346,-0.018076431869535226,range,range,range_to_range,9,True
1500,rolling_2023_2025,2023-06-27,2023-06-28 00:00:00,2023-07-05,2023-07-06,1069000.0,1.036,1.029,553.742,550.0005,-0.007749503626565235,range,trend,range_to_trend,6,True
1500,rolling_2023_2025,2023-07-31,2023-08-01 00:00:00,2023-08-08,2023-08-09,1106700.0,0.993,0.988,549.4765500000001,546.7098000000001,-0.006029714246602813,trend,range,trend_to_range,6,True
1500,rolling_2023_2025,2023-08-30,2023-08-31 00:00:00,2023-09-07,2023-09-08,1139000.0,0.959,0.917,546.1505,522.2315,-0.044751346954260085,trend,trend,trend_to_trend,6,True
1500,rolling_2023_2025,2023-09-27,2023-09-28 00:00:00,2023-10-16,2023-10-17,1155500.0,0.903,0.896,521.70825,517.664,-0.00874369017041865,trend,trend,trend_to_trend,7,True
1500,rolling_2023_2025,2023-10-27,2023-10-30 00:00:00,2023-11-21,2023-11-22,1175400.0,0.88,0.905,517.176,531.8685,0.027381195765753485,trend,range,trend_to_range,17,False
1500,rolling_2023_2025,2023-12-08,2023-12-11 00:00:00,2023-12-13,2023-12-14,1204800.0,0.882,0.888,531.3168000000001,534.9312,0.005796421517132444,trend,range,trend_to_range,3,False
1500,rolling_2023_2025,2023-12-28,2023-12-29 00:00:00,2024-01-03,2024-01-04,1229900.0,0.869,0.849,534.39155,522.09255,-0.023991456515700782,range,range,range_to_range,3,True
1500,rolling_2023_2025,2024-02-08,2024-02-19 10:00:00,2024-03-07,2024-03-08,1354800.0,0.77,0.814,521.598,551.4036,0.05608624259298911,trend,range,trend_to_range,14,False
1500,rolling_2023_2025,2024-03-08,2024-03-11 00:00:00,2024-03-13,2024-03-14,1348400.0,0.817,0.831,550.8214,560.2601999999999,0.016119235363958095,range,range,range_to_range,3,False
1500,rolling_2023_2025,2024-04-24,2024-04-25 00:00:00,2024-05-07,2024-05-08,1486600.0,0.753,0.786,559.7049000000001,584.2338000000001,0.04278139814554871,range,range,range_to_range,6,False
1500,rolling_2023_2025,2024-05-10,2024-05-13 00:00:00,2024-05-15,2024-05-16,1496600.0,0.78,0.768,583.674,574.6944000000001,-0.016368738707569275,trend,trend,trend_to_trend,3,True
1500,rolling_2023_2025,2024-06-03,2024-06-04 00:00:00,2024-06-25,2024-06-26,1497000.0,0.767,0.734,574.0995,549.399,-0.043981268818003016,trend,range,trend_to_range,15,False
1500,rolling_2023_2025,2024-07-16,2024-07-17 00:00:00,2024-07-23,2024-07-24,1467500.0,0.748,0.739,548.845,542.24125,-0.013019559738847053,range,range,range_to_range,5,True
1500,rolling_2023_2025,2024-07-31,2024-08-01 10:00:00,2024-08-05,2024-08-06,1420000.0,0.763,0.73,541.73,518.3,-0.044206599190575124,trend,range,trend_to_range,3,True
1500,rolling_2023_2025,2024-08-15,2024-08-16 00:00:00,2024-08-20,2024-08-21,1426400.0,0.726,0.71,517.7832000000001,506.372,-0.023016040189271725,range,range,range_to_range,3,True
1500,rolling_2023_2025,2024-09-24,2024-09-25 14:00:00,2024-10-30,2024-10-31,1479100.0,0.684,0.981,505.85220000000004,725.4985499999999,0.43277703253636335,trend,trend,trend_to_trend,21,False
1500,rolling_2023_2025,2024-11-05,2024-11-06 10:00:00,2024-11-15,2024-11-18,1422500.0,1.019,1.014,724.7637499999998,721.2075,-0.005901367275145342,trend,trend,trend_to_trend,8,True
1500,rolling_2023_2025,2024-12-02,2024-12-03 00:00:00,2024-12-05,2024-12-06,1384200.0,1.041,1.03,720.4761,712.863,-0.01155570149603391,trend,trend,trend_to_trend,3,True
1500,rolling_2023_2025,2024-12-10,2024-12-11 00:00:00,2024-12-13,2024-12-16,1377500.0,1.034,1.013,712.1675,697.7037499999999,-0.021288678678069273,trend,trend,trend_to_trend,3,True
1500,rolling_2023_2025,2024-12-20,2024-12-23 00:00:00,2024-12-31,2025-01-02,1346900.0,1.035,1.01,697.02075,680.1845000000001,-0.025129947103742722,trend,range,trend_to_range,7,True
1500,rolling_2023_2025,2025-01-07,2025-01-08 00:00:00,2025-01-13,2025-01-14,1386700.0,0.98,0.98,679.4830000000001,679.4830000000001,-0.0009995002498750516,range,range,range_to_range,4,True
1500,rolling_2023_2025,2025-01-14,2025-01-15 00:00:00,2025-03-11,2025-03-12,1354900.0,1.002,1.133,678.8049000000001,767.55085,0.12960834951785571,range,range,range_to_range,34,False
1500,rolling_2023_2025,2025-04-17,2025-04-18 00:00:00,2025-04-24,2025-04-25,1481700.0,1.035,1.027,766.7797499999999,760.85295,-0.00872124324311263,range,range,range_to_range,5,True
1500,rolling_2023_2025,2025-06-05,2025-06-06 00:00:00,2025-06-10,2025-06-11,1486000.0,1.023,1.007,760.0889999999999,748.2009999999999,-0.016624141497188716,trend,trend,trend_to_trend,3,True
1500,rolling_2023_2025,2025-06-24,2025-06-25 10:30:00,2025-07-08,2025-07-09,1490500.0,1.003,1.017,747.4857499999999,757.9192499999999,0.01294467422320733,trend,range,trend_to_range,10,False
1500,rolling_2023_2025,2025-07-14,2025-07-15 00:00:00,2025-08-08,2025-08-11,1487500.0,1.018,1.07,757.1375,795.8125,0.05002999482576986,range,range,range_to_range,19,False
1500,rolling_2023_2025,2025-08-12,2025-08-13 10:00:00,2025-09-08,2025-09-09,1448100.0,1.098,1.28,795.0069000000001,926.784,0.16459074652109296,trend,trend,trend_to_trend,19,False
1500,rolling_2023_2025,2025-09-10,2025-09-11 00:00:00,2025-10-14,2025-10-15,1441000.0,1.285,1.442,925.8425,1038.961,0.12105737014761098,trend,trend,trend_to_trend,18,False
1500,rolling_2023_2025,2025-10-24,2025-10-27 10:30:00,2025-10-30,2025-10-31,1383000.0,1.501,1.4923366,1037.9415,1031.9507589,-0.006765483547366724,trend,trend,trend_to_trend,4,True
1500,rolling_2023_2025,2025-12-08,2025-12-09 00:00:00,2025-12-10,2025-12-11,1494900.0,1.3792502000000002,1.3863181,1030.9205619900001,1036.203463845,0.00411982881180184,range,range,range_to_range,2,False
1500,rolling_2023_2025,2025-12-17,2025-12-18 00:00:00,2025-12-24,2025-12-25,1530200.0,1.352998,1.3873278000000002,1035.1787697999998,1061.4444997800001,0.024348273624382077,range,range,range_to_range,5,False
1500,rolling_2024_2026,2023-12-29,2024-01-02 00:00:00,2024-01-03,2024-01-04,1146200.0,0.872,0.849,499.7432,486.5619,-0.027349284073559632,range,range,range_to_range,2,True
1500,rolling_2024_2026,2024-02-08,2024-02-19 10:00:00,2024-03-07,2024-03-08,1262500.0,0.77,0.814,486.0625,513.8375,0.05608624259298911,trend,range,trend_to_range,14,False
1500,rolling_2024_2026,2024-03-08,2024-03-11 00:00:00,2024-03-13,2024-03-14,1256600.0,0.817,0.831,513.3211,522.1173,0.016119235363958317,range,range,range_to_range,3,False
1500,rolling_2024_2026,2024-04-24,2024-04-25 00:00:00,2024-05-07,2024-05-08,1385400.0,0.753,0.786,521.6031,544.4622,0.04278139814554893,range,range,range_to_range,6,False
1500,rolling_2024_2026,2024-05-10,2024-05-13 00:00:00,2024-05-15,2024-05-16,1394700.0,0.78,0.768,543.933,535.5648000000001,-0.016368738707569164,trend,trend,trend_to_trend,3,True
1500,rolling_2024_2026,2024-06-03,2024-06-04 00:00:00,2024-06-25,2024-06-26,1395100.0,0.767,0.734,535.02085,512.0017,-0.043981268818002905,trend,range,trend_to_range,15,False
1500,rolling_2024_2026,2024-07-16,2024-07-17 00:00:00,2024-07-23,2024-07-24,1367600.0,0.748,0.739,511.48240000000004,505.32820000000004,-0.013019559738847164,range,range,range_to_range,5,True
1500,rolling_2024_2026,2024-07-31,2024-08-01 10:00:00,2024-08-05,2024-08-06,1323300.0,0.763,0.73,504.83895,483.0045,-0.044206599190575124,trend,range,trend_to_range,3,True
1500,rolling_2024_2026,2024-08-15,2024-08-16 00:00:00,2024-08-20,2024-08-21,1329200.0,0.726,0.71,482.4996,471.866,-0.023016040189271725,range,range,range_to_range,3,True
1500,rolling_2024_2026,2024-09-24,2024-09-25 14:00:00,2024-10-30,2024-10-31,1378400.0,0.684,0.981,471.41280000000006,676.1052,0.4327770325363629,trend,trend,trend_to_trend,21,False
1500,rolling_2024_2026,2024-11-05,2024-11-06 10:00:00,2024-11-15,2024-11-18,1325600.0,1.019,1.014,675.3932,672.0792,-0.005901367275145564,trend,trend,trend_to_trend,8,True
1500,rolling_2024_2026,2024-12-02,2024-12-03 00:00:00,2024-12-05,2024-12-06,1290000.0,1.041,1.03,671.445,664.35,-0.011555701496034021,trend,trend,trend_to_trend,3,True
1500,rolling_2024_2026,2024-12-10,2024-12-11 00:00:00,2024-12-13,2024-12-16,1283700.0,1.034,1.013,663.6729,650.19405,-0.02128867867806916,trend,trend,trend_to_trend,3,True
1500,rolling_2024_2026,2024-12-20,2024-12-23 00:00:00,2024-12-31,2025-01-02,1255100.0,1.035,1.01,649.5142500000001,633.8255,-0.025129947103742833,trend,range,trend_to_range,7,True
1500,rolling_2024_2026,2025-01-07,2025-01-08 00:00:00,2025-01-13,2025-01-14,1292300.0,0.98,0.98,633.227,633.227,-0.0009995002498749406,range,range,range_to_range,4,True
1500,rolling_2024_2026,2025-01-14,2025-01-15 00:00:00,2025-03-11,2025-03-12,1262600.0,1.002,1.133,632.5626,715.2629000000001,0.12960834951785594,range,range,range_to_range,34,False
1500,rolling_2024_2026,2025-04-17,2025-04-18 00:00:00,2025-04-24,2025-04-25,1380800.0,1.035,1.027,714.564,709.0408,-0.008721243243112853,range,range,range_to_range,5,True
1500,rolling_2024_2026,2025-06-05,2025-06-06 00:00:00,2025-06-10,2025-06-11,1384800.0,1.023,1.007,708.3252,697.2467999999999,-0.016624141497188938,trend,trend,trend_to_trend,3,True
1500,rolling_2024_2026,2025-06-24,2025-06-25 10:30:00,2025-07-08,2025-07-09,1388900.0,1.003,1.017,696.53335,706.25565,0.01294467422320733,trend,range,trend_to_range,10,False
1500,rolling_2024_2026,2025-07-14,2025-07-15 00:00:00,2025-08-08,2025-08-11,1386200.0,1.018,1.07,705.5758000000001,741.617,0.05002999482576964,range,range,range_to_range,19,False
1500,rolling_2024_2026,2025-08-12,2025-08-13 10:00:00,2025-09-08,2025-09-09,1349500.0,1.098,1.28,740.8755000000001,863.6800000000001,0.1645907465210925,trend,trend,trend_to_trend,19,False
1500,rolling_2024_2026,2025-09-10,2025-09-11 00:00:00,2025-10-14,2025-10-15,1342900.0,1.285,1.442,862.81325,968.2309,0.12105737014761098,trend,trend,trend_to_trend,18,False
1500,rolling_2024_2026,2025-10-24,2025-10-27 10:30:00,2025-10-30,2025-10-31,1288800.0,1.501,1.4923366,967.2443999999999,961.66170504,-0.006765483547366724,trend,trend,trend_to_trend,4,True
1500,rolling_2024_2026,2025-12-08,2025-12-09 00:00:00,2025-12-10,2025-12-11,1393100.0,1.3792502000000002,1.3863181,960.7167268100002,965.639872555,0.00411982881180184,range,range,range_to_range,2,False
1500,rolling_2024_2026,2025-12-17,2025-12-18 00:00:00,2025-12-24,2025-12-25,1426000.0,1.352998,1.3873278000000002,964.6875739999999,989.1647214000002,0.024348273624382077,range,range,range_to_range,5,False
1500,rolling_2024_2026,2025-12-25,2025-12-26 00:00:00,2026-01-29,2026-01-30,1424500.0,1.3873278000000002,1.5488798,988.1242255500002,1103.1896375499998,0.11533243567444762,range,trend,range_to_trend,23,False
1500,rolling_2024_2026,2026-02-25,2026-02-26 10:00:00,2026-03-02,2026-03-03,1453000.0,1.517,1.5105112,1102.1005,1097.3863868,-0.005272614582623181,trend,trend,trend_to_trend,3,True
1500,rolling_2024_2026,2026-04-08,2026-04-09 00:00:00,2026-04-23,2026-04-24,1589700.0,1.3792502000000002,1.4812299000000002,1096.2970214700003,1177.3555860150002,0.07286510478289387,range,range,range_to_range,11,False
1500,rolling_2024_2026,2026-04-27,2026-04-28 00:00:00,2026-04-29,2026-04-30,1519800.0,1.5478701,1.5549380000000002,1176.22648899,1181.5973862,0.003562145867705535,range,range,range_to_range,2,False
1500,rolling_2024_2026,2026-05-06,2026-05-07 10:00:00,2026-06-01,2026-06-02,1383000.0,1.707,1.7215385,1180.3905,1190.44387275,0.0075089758869832934,range,trend,range_to_trend,18,False
1500,rolling_2024_2026,2026-06-16,2026-06-17 00:00:00,2026-07-13,2026-07-14,1330100.0,1.7881787,2.0476716,1189.228244435,1361.8039975800002,0.1439712103293358,trend,trend,trend_to_trend,18,False
1500,rolling_2024_2026,2026-08-05,2026-08-06 00:00:00,2026-08-10,2026-08-11,1589800.0,1.7114415,1.7700041,1360.42484835,1406.97625909,0.03318458764717924,range,range,range_to_range,3,False
1500,rolling_2024_2026,2026-08-12,2026-08-13 15:00:00,2026-08-19,2026-08-20,1567000.0,1.794,1.736684,1405.599,1360.691914,-0.03291628544702019,range,range,range_to_range,5,True
1500,rolling_2024_2026,2026-08-21,2026-08-24 10:00:00,2026-08-26,2026-08-27,1591700.0,1.708,1.6952863,1359.3118000000002,1349.193601855,-0.008435678618536113,range,range,range_to_range,3,True
1245,full_2021_2026,2021-01-12,2021-01-13 10:30:00,2021-01-28,2021-01-29,697000.0,1.434,1.456,499.749,507.416,0.014326867249778275,warmup,warmup,warmup_to_warmup,12,False
1245,full_2021_2026,2021-03-26,2021-03-29 10:00:00,2021-04-12,2021-04-13,791400.0,1.281,1.267,506.89169999999996,501.3519,-0.011917538498510294,trend,range,trend_to_range,10,True
1245,full_2021_2026,2021-04-16,2021-04-19 00:00:00,2021-05-07,2021-05-10,770500.0,1.3,1.295,500.825,498.89875,-0.004841809864298607,trend,trend,trend_to_trend,12,False
1245,full_2021_2026,2021-05-14,2021-05-17 00:00:00,2021-06-16,2021-06-17,751800.0,1.326,1.441,498.44340000000005,541.6719,0.08564081458516593,range,trend,range_to_trend,22,False
1245,full_2021_2026,2021-06-17,2021-06-18 00:00:00,2021-07-06,2021-07-07,719100.0,1.505,1.557,541.12275,559.81935,0.03351746053883353,trend,trend,trend_to_trend,13,False
1245,full_2021_2026,2021-07-07,2021-07-08 00:00:00,2021-07-14,2021-07-15,698200.0,1.602,1.589,559.2582000000001,554.7199,-0.009106245878309327,trend,trend,trend_to_trend,5,True
1245,full_2021_2026,2021-07-29,2021-07-30 00:00:00,2021-08-09,2021-08-10,681600.0,1.626,1.604,554.1407999999999,546.6432000000001,-0.014516112177613283,trend,trend,trend_to_trend,7,True
1245,full_2021_2026,2021-08-24,2021-08-25 00:00:00,2021-08-27,2021-08-30,675000.0,1.618,1.525,546.075,514.6875,-0.05842041896233596,trend,range,trend_to_range,3,True
1245,full_2021_2026,2021-10-15,2021-10-18 00:00:00,2021-10-27,2021-10-28,735600.0,1.398,1.391,514.1844,511.6098,-0.006001648674947124,trend,trend,trend_to_trend,8,True
1245,full_2021_2026,2021-10-29,2021-11-01 10:00:00,2021-11-18,2021-11-19,714300.0,1.431,1.456,511.08165,520.0104,0.01645333866958887,trend,range,trend_to_range,14,False
1245,full_2021_2026,2021-11-19,2021-11-22 00:00:00,2021-12-02,2021-12-03,702000.0,1.48,1.469,519.48,515.619,-0.008424503964233887,range,range,range_to_range,9,True
1245,full_2021_2026,2021-12-03,2021-12-06 00:00:00,2021-12-14,2021-12-15,695200.0,1.482,1.477,515.1432,513.4052,-0.004369947280071229,range,range,range_to_range,7,True
1245,full_2021_2026,2021-12-17,2021-12-20 00:00:00,2021-12-23,2021-12-24,713300.0,1.438,1.415,512.8627,504.65975000000003,-0.016977950524042495,range,range,range_to_range,4,True
1245,full_2021_2026,2021-12-31,2022-01-04 00:00:00,2022-01-05,2022-01-06,702700.0,1.435,1.371,504.18725,481.70085,-0.04555422637113504,range,range,range_to_range,2,True
1245,full_2021_2026,2022-01-13,2022-01-14 00:00:00,2022-01-21,2022-01-24,722500.0,1.332,1.326,481.185,479.0175,-0.0054995025010017295,range,range,range_to_range,6,True
1245,full_2021_2026,2022-02-23,2022-02-24 00:00:00,2022-03-03,2022-03-04,760200.0,1.259,1.239,478.54589999999996,470.94390000000004,-0.016869246075929323,trend,trend,trend_to_trend,6,True
1245,full_2021_2026,2022-03-21,2022-03-22 00:00:00,2022-03-24,2022-03-25,798800.0,1.178,1.167,470.49319999999994,466.0998,-0.010328027836675857,trend,trend,trend_to_trend,3,True
1245,full_2021_2026,2022-05-05,2022-05-06 00:00:00,2022-06-22,2022-06-23,975200.0,0.955,1.095,465.658,533.922,0.14545083479202803,trend,range,trend_to_range,33,False
1245,full_2021_2026,2022-06-24,2022-06-27 10:30:00,2022-07-11,2022-07-12,938200.0,1.137,1.11,533.3666999999999,520.701,-0.024722467262410674,range,range,range_to_range,11,False
1245,full_2021_2026,2022-07-21,2022-07-22 10:00:00,2022-08-16,2022-08-17,920700.0,1.13,1.173,520.1954999999999,539.9905500000001,0.0370155630149529,trend,range,trend_to_range,18,False
1245,full_2021_2026,2022-10-17,2022-10-18 10:00:00,2022-10-28,2022-10-31,1089800.0,0.99,1.025,539.451,558.5225,0.034318699236240535,trend,range,trend_to_range,9,False
1245,full_2021_2026,2022-10-31,2022-11-01 00:00:00,2022-11-07,2022-11-08,1072000.0,1.041,1.09,557.976,584.24,0.046023578028469014,trend,range,trend_to_range,5,False
1245,full_2021_2026,2022-11-09,2022-11-10 00:00:00,2022-11-21,2022-11-22,1100200.0,1.061,1.061,583.6561,583.6561,-0.0009995002498750516,trend,trend,trend_to_trend,8,True
1245,full_2021_2026,2022-12-30,2023-01-03 00:00:00,2023-01-11,2023-01-12,1181500.0,0.987,0.997,583.07025,588.97775,0.009122085360561805,range,range,range_to_range,7,False
1245,full_2021_2026,2023-01-18,2023-01-19 00:00:00,2023-02-08,2023-02-09,1144700.0,1.028,1.032,588.3758,590.6652,0.0028876612277519698,range,range,range_to_range,10,False
1245,full_2021_2026,2023-02-10,2023-02-13 00:00:00,2023-02-17,2023-02-20,1129300.0,1.045,1.01,590.05925,570.2965,-0.03445884713145808,range,range,range_to_range,5,True
1245,full_2021_2026,2023-03-01,2023-03-02 10:00:00,2023-03-07,2023-03-08,1119300.0,1.018,1.012,569.7237,566.3658,-0.00688751891244932,range,range,range_to_range,4,True
1245,full_2021_2026,2023-03-22,2023-03-23 00:00:00,2023-04-21,2023-04-24,1076700.0,1.051,1.136,565.80585,611.5656,0.07979502161383634,trend,trend,trend_to_trend,21,False
1245,full_2021_2026,2023-05-16,2023-05-17 00:00:00,2023-06-06,2023-06-07,1167100.0,1.047,1.052,610.97685,613.8946,0.0037712757756747095,range,range,range_to_range,15,False
1245,full_2021_2026,2023-06-09,2023-06-12 00:00:00,2023-06-26,2023-06-27,1164800.0,1.053,1.035,613.2672,602.784,-0.018076431869535114,range,range,range_to_range,9,True
1245,full_2021_2026,2023-07-31,2023-08-01 00:00:00,2023-08-08,2023-08-09,1212900.0,0.993,0.988,602.20485,599.1726,-0.006029714246602813,trend,range,trend_to_range,6,True
1245,full_2021_2026,2023-08-30,2023-08-31 00:00:00,2023-09-07,2023-09-08,1248300.0,0.959,0.917,598.55985,572.34555,-0.044751346954259974,trend,trend,trend_to_trend,6,True
1245,full_2021_2026,2023-09-27,2023-09-28 00:00:00,2023-10-16,2023-10-17,1266400.0,0.903,0.896,571.7796,567.3472,-0.008743690170418428,trend,trend,trend_to_trend,7,True
1245,full_2021_2026,2023-10-27,2023-10-30 00:00:00,2023-11-21,2023-11-22,1288100.0,0.88,0.905,566.764,582.8652500000001,0.027381195765753485,trend,range,trend_to_range,17,False
1245,full_2021_2026,2023-12-08,2023-12-11 00:00:00,2023-12-18,2023-12-19,1320400.0,0.882,0.86,582.2964000000001,567.772,-0.02591788006223672,trend,range,trend_to_range,6,True
1245,full_2021_2026,2023-12-28,2023-12-29 00:00:00,2024-01-04,2024-01-05,1305400.0,0.869,0.842,567.1963000000001,549.5734,-0.03203864120873978,range,range,range_to_range,4,True
1245,full_2021_2026,2024-02-08,2024-02-19 10:00:00,2024-03-07,2024-03-08,1426000.0,0.77,0.814,549.01,580.3820000000001,0.05608624259298933,trend,range,trend_to_range,14,False
1245,full_2021_2026,2024-03-08,2024-03-11 00:00:00,2024-03-13,2024-03-14,1419400.0,0.817,0.831,579.8249,589.7606999999999,0.016119235363958317,range,range,range_to_range,3,False
1245,full_2021_2026,2024-04-26,2024-04-29 10:00:00,2024-05-07,2024-05-08,1528300.0,0.771,0.786,589.15965,600.6219,0.01843630713825961,range,range,range_to_range,4,False
1245,full_2021_2026,2024-05-10,2024-05-13 00:00:00,2024-05-15,2024-05-16,1538500.0,0.78,0.768,600.015,590.784,-0.016368738707569164,trend,trend,trend_to_trend,3,True
1245,full_2021_2026,2024-06-03,2024-06-04 00:00:00,2024-06-06,2024-06-07,1539000.0,0.767,0.762,590.2065,586.359,-0.0075118894268642045,trend,range,trend_to_range,3,True
1245,full_2021_2026,2024-06-11,2024-06-12 10:00:00,2024-06-25,2024-06-26,1509700.0,0.776,0.734,585.7636,554.0599000000001,-0.05506911492707245,range,range,range_to_range,10,True
1245,full_2021_2026,2024-07-17,2024-07-18 00:00:00,2024-07-22,2024-07-23,1492000.0,0.742,0.77,553.532,574.42,0.036698631816167504,range,range,range_to_range,3,False
1245,full_2021_2026,2024-07-31,2024-08-01 10:00:00,2024-08-05,2024-08-06,1504100.0,0.763,0.73,573.81415,548.9965,-0.04420659919057501,trend,range,trend_to_range,3,True
1245,full_2021_2026,2024-09-24,2024-09-25 14:00:00,2024-09-27,2024-09-30,1603700.0,0.684,0.813,548.4654,651.90405,0.1874084887380867,trend,range,trend_to_range,3,False
1245,full_2021_2026,2024-10-08,2024-10-09 00:00:00,2024-10-30,2024-10-31,1208200.0,1.078,0.981,651.2198000000001,592.6221,-0.09089101089529461,trend,trend,trend_to_trend,16,False
1245,full_2021_2026,2024-11-05,2024-11-06 10:00:00,2024-11-15,2024-11-18,1162000.0,1.019,1.014,592.039,589.134,-0.005901367275145675,trend,trend,trend_to_trend,8,True
1245,full_2021_2026,2024-12-02,2024-12-03 00:00:00,2024-12-05,2024-12-06,1130800.0,1.041,1.03,588.5813999999999,582.362,-0.011555701496033799,trend,trend,trend_to_trend,3,True
1245,full_2021_2026,2024-12-10,2024-12-11 00:00:00,2024-12-13,2024-12-16,1125300.0,1.034,1.013,581.7801,569.9644499999999,-0.021288678678069273,trend,trend,trend_to_trend,3,True
1245,full_2021_2026,2024-12-20,2024-12-23 00:00:00,2024-12-31,2025-01-02,1100200.0,1.035,1.01,569.3535,555.601,-0.025129947103742833,trend,range,trend_to_range,7,True
1245,full_2021_2026,2025-01-07,2025-01-08 00:00:00,2025-03-11,2025-03-12,1132800.0,0.98,1.133,555.072,641.7312,0.15496690430295046,range,range,range_to_range,39,False
1245,full_2021_2026,2025-04-16,2025-04-17 00:00:00,2025-04-24,2025-04-25,1246000.0,1.029,1.027,641.067,639.821,-0.0029411921833057963,range,range,range_to_range,6,True
1245,full_2021_2026,2025-05-08,2025-05-09 00:00:00,2025-05-13,2025-05-14,1222200.0,1.046,1.034,639.2106,631.8774000000001,-0.01246030904241957,range,range,range_to_range,3,True
1245,full_2021_2026,2025-06-05,2025-06-06 00:00:00,2025-06-10,2025-06-11,1234100.0,1.023,1.007,631.2421499999999,621.3693499999999,-0.016624141497188827,trend,trend,trend_to_trend,3,True
1245,full_2021_2026,2025-06-24,2025-06-25 10:30:00,2025-09-08,2025-09-09,1237800.0,1.003,1.28,620.7566999999999,792.192,0.27489595182468585,trend,trend,trend_to_trend,54,False
1245,full_2021_2026,2025-09-10,2025-09-11 00:00:00,2025-10-14,2025-10-15,1231700.0,1.285,1.442,791.36725,888.0557,0.1210573701476112,trend,trend,trend_to_trend,18,False
1245,full_2021_2026,2025-10-24,2025-10-27 10:30:00,2025-10-30,2025-10-31,1182100.0,1.501,1.4923366,887.1660499999999,882.04554743,-0.006765483547366835,trend,trend,trend_to_trend,4,True
1245,full_2021_2026,2025-12-08,2025-12-09 00:00:00,2025-12-11,2025-12-12,1277800.0,1.3792502000000002,1.3630950000000002,881.2029527800001,870.8813955000002,-0.012700823819422724,range,range,range_to_range,3,True
1245,full_2021_2026,2025-12-17,2025-12-18 00:00:00,2025-12-24,2025-12-25,1286000.0,1.352998,1.3873278000000002,869.977714,892.0517754000002,0.024348273624382077,range,range,range_to_range,5,False
1245,full_2021_2026,2025-12-25,2025-12-26 00:00:00,2026-01-29,2026-01-30,1284700.0,1.3873278000000002,1.5488798,891.1500123300002,994.92293953,0.11533243567444784,range,trend,range_to_trend,23,False
1245,full_2021_2026,2026-02-25,2026-02-26 10:00:00,2026-03-02,2026-03-03,1310400.0,1.517,1.5105112,993.9383999999999,989.68693824,-0.005272614582622848,trend,trend,trend_to_trend,3,True
1245,full_2021_2026,2026-04-08,2026-04-09 00:00:00,2026-04-23,2026-04-24,1433700.0,1.3792502000000002,1.4812299000000002,988.7155058700001,1061.819653815,0.07286510478289387,range,range,range_to_range,11,False
1245,full_2021_2026,2026-05-06,2026-05-07 10:00:00,2026-06-01,2026-06-02,1242800.0,1.707,1.7215385,1060.7298,1069.7640239000002,0.0075089758869835155,range,trend,range_to_trend,18,False
1245,full_2021_2026,2026-06-09,2026-06-10 00:00:00,2026-06-12,2026-06-15,1252600.0,1.706393,1.7397131,1068.7139359,1089.5823145299998,0.01850761010027524,range,trend,range_to_trend,3,False
1245,full_2021_2026,2026-06-16,2026-06-17 00:00:00,2026-07-13,2026-07-14,1217400.0,1.7881787,2.0476716,1088.4643746899999,1246.41770292,0.1439712103293358,trend,trend,trend_to_trend,18,False
1245,full_2021_2026,2026-08-04,2026-08-05 00:00:00,2026-08-14,2026-08-17,1495700.0,1.6649953000000002,1.7750526,1245.1667351050003,1327.4730869100001,0.06503509918782258,range,range,range_to_range,8,False
1245,rolling_2021_2023,2021-01-12,2021-01-13 10:30:00,2021-01-28,2021-01-29,697000.0,1.434,1.456,499.749,507.416,0.014326867249778275,warmup,warmup,warmup_to_warmup,12,False
1245,rolling_2021_2023,2021-03-26,2021-03-29 10:00:00,2021-04-12,2021-04-13,791400.0,1.281,1.267,506.89169999999996,501.3519,-0.011917538498510294,trend,range,trend_to_range,10,True
1245,rolling_2021_2023,2021-04-16,2021-04-19 00:00:00,2021-05-07,2021-05-10,770500.0,1.3,1.295,500.825,498.89875,-0.004841809864298607,trend,trend,trend_to_trend,12,False
1245,rolling_2021_2023,2021-05-14,2021-05-17 00:00:00,2021-06-16,2021-06-17,751800.0,1.326,1.441,498.44340000000005,541.6719,0.08564081458516593,range,trend,range_to_trend,22,False
1245,rolling_2021_2023,2021-06-17,2021-06-18 00:00:00,2021-07-06,2021-07-07,719100.0,1.505,1.557,541.12275,559.81935,0.03351746053883353,trend,trend,trend_to_trend,13,False
1245,rolling_2021_2023,2021-07-07,2021-07-08 00:00:00,2021-07-14,2021-07-15,698200.0,1.602,1.589,559.2582000000001,554.7199,-0.009106245878309327,trend,trend,trend_to_trend,5,True
1245,rolling_2021_2023,2021-07-29,2021-07-30 00:00:00,2021-08-09,2021-08-10,681600.0,1.626,1.604,554.1407999999999,546.6432000000001,-0.014516112177613283,trend,trend,trend_to_trend,7,True
1245,rolling_2021_2023,2021-08-24,2021-08-25 00:00:00,2021-08-27,2021-08-30,675000.0,1.618,1.525,546.075,514.6875,-0.05842041896233596,trend,range,trend_to_range,3,True
1245,rolling_2021_2023,2021-10-15,2021-10-18 00:00:00,2021-10-27,2021-10-28,735600.0,1.398,1.391,514.1844,511.6098,-0.006001648674947124,trend,trend,trend_to_trend,8,True
1245,rolling_2021_2023,2021-10-29,2021-11-01 10:00:00,2021-11-18,2021-11-19,714300.0,1.431,1.456,511.08165,520.0104,0.01645333866958887,trend,range,trend_to_range,14,False
1245,rolling_2021_2023,2021-11-19,2021-11-22 00:00:00,2021-12-02,2021-12-03,702000.0,1.48,1.469,519.48,515.619,-0.008424503964233887,range,range,range_to_range,9,True
1245,rolling_2021_2023,2021-12-03,2021-12-06 00:00:00,2021-12-14,2021-12-15,695200.0,1.482,1.477,515.1432,513.4052,-0.004369947280071229,range,range,range_to_range,7,True
1245,rolling_2021_2023,2021-12-17,2021-12-20 00:00:00,2021-12-23,2021-12-24,713300.0,1.438,1.415,512.8627,504.65975000000003,-0.016977950524042495,range,range,range_to_range,4,True
1245,rolling_2021_2023,2021-12-31,2022-01-04 00:00:00,2022-01-05,2022-01-06,702700.0,1.435,1.371,504.18725,481.70085,-0.04555422637113504,range,range,range_to_range,2,True
1245,rolling_2021_2023,2022-01-13,2022-01-14 00:00:00,2022-01-21,2022-01-24,722500.0,1.332,1.326,481.185,479.0175,-0.0054995025010017295,range,range,range_to_range,6,True
1245,rolling_2021_2023,2022-02-23,2022-02-24 00:00:00,2022-03-03,2022-03-04,760200.0,1.259,1.239,478.54589999999996,470.94390000000004,-0.016869246075929323,trend,trend,trend_to_trend,6,True
1245,rolling_2021_2023,2022-03-21,2022-03-22 00:00:00,2022-03-24,2022-03-25,798800.0,1.178,1.167,470.49319999999994,466.0998,-0.010328027836675857,trend,trend,trend_to_trend,3,True
1245,rolling_2021_2023,2022-05-05,2022-05-06 00:00:00,2022-06-22,2022-06-23,975200.0,0.955,1.095,465.658,533.922,0.14545083479202803,trend,range,trend_to_range,33,False
1245,rolling_2021_2023,2022-06-24,2022-06-27 10:30:00,2022-07-11,2022-07-12,938200.0,1.137,1.11,533.3666999999999,520.701,-0.024722467262410674,range,range,range_to_range,11,False
1245,rolling_2021_2023,2022-07-21,2022-07-22 10:00:00,2022-08-16,2022-08-17,920700.0,1.13,1.173,520.1954999999999,539.9905500000001,0.0370155630149529,trend,range,trend_to_range,18,False
1245,rolling_2021_2023,2022-10-17,2022-10-18 10:00:00,2022-10-28,2022-10-31,1089800.0,0.99,1.025,539.451,558.5225,0.034318699236240535,trend,range,trend_to_range,9,False
1245,rolling_2021_2023,2022-10-31,2022-11-01 00:00:00,2022-11-07,2022-11-08,1072000.0,1.041,1.09,557.976,584.24,0.046023578028469014,trend,range,trend_to_range,5,False
1245,rolling_2021_2023,2022-11-09,2022-11-10 00:00:00,2022-11-21,2022-11-22,1100200.0,1.061,1.061,583.6561,583.6561,-0.0009995002498750516,trend,trend,trend_to_trend,8,True
1245,rolling_2021_2023,2022-12-30,2023-01-03 00:00:00,2023-01-11,2023-01-12,1181500.0,0.987,0.997,583.07025,588.97775,0.009122085360561805,range,range,range_to_range,7,False
1245,rolling_2021_2023,2023-01-18,2023-01-19 00:00:00,2023-02-08,2023-02-09,1144700.0,1.028,1.032,588.3758,590.6652,0.0028876612277519698,range,range,range_to_range,10,False
1245,rolling_2021_2023,2023-02-10,2023-02-13 00:00:00,2023-02-17,2023-02-20,1129300.0,1.045,1.01,590.05925,570.2965,-0.03445884713145808,range,range,range_to_range,5,True
1245,rolling_2021_2023,2023-03-01,2023-03-02 10:00:00,2023-03-07,2023-03-08,1119300.0,1.018,1.012,569.7237,566.3658,-0.00688751891244932,range,range,range_to_range,4,True
1245,rolling_2021_2023,2023-03-22,2023-03-23 00:00:00,2023-04-21,2023-04-24,1076700.0,1.051,1.136,565.80585,611.5656,0.07979502161383634,trend,trend,trend_to_trend,21,False
1245,rolling_2021_2023,2023-05-16,2023-05-17 00:00:00,2023-06-06,2023-06-07,1167100.0,1.047,1.052,610.97685,613.8946,0.0037712757756747095,range,range,range_to_range,15,False
1245,rolling_2021_2023,2023-06-09,2023-06-12 00:00:00,2023-06-26,2023-06-27,1164800.0,1.053,1.035,613.2672,602.784,-0.018076431869535114,range,range,range_to_range,9,True
1245,rolling_2021_2023,2023-07-31,2023-08-01 00:00:00,2023-08-08,2023-08-09,1212900.0,0.993,0.988,602.20485,599.1726,-0.006029714246602813,trend,range,trend_to_range,6,True
1245,rolling_2021_2023,2023-08-30,2023-08-31 00:00:00,2023-09-07,2023-09-08,1248300.0,0.959,0.917,598.55985,572.34555,-0.044751346954259974,trend,trend,trend_to_trend,6,True
1245,rolling_2021_2023,2023-09-27,2023-09-28 00:00:00,2023-10-16,2023-10-17,1266400.0,0.903,0.896,571.7796,567.3472,-0.008743690170418428,trend,trend,trend_to_trend,7,True
1245,rolling_2021_2023,2023-10-27,2023-10-30 00:00:00,2023-11-21,2023-11-22,1288100.0,0.88,0.905,566.764,582.8652500000001,0.027381195765753485,trend,range,trend_to_range,17,False
1245,rolling_2021_2023,2023-12-08,2023-12-11 00:00:00,2023-12-18,2023-12-19,1320400.0,0.882,0.86,582.2964000000001,567.772,-0.02591788006223672,trend,range,trend_to_range,6,True
1245,rolling_2022_2024,2021-12-31,2022-01-04 00:00:00,2022-01-05,2022-01-06,696500.0,1.435,1.371,499.73875000000004,477.45075,-0.04555422637113493,range,range,range_to_range,2,True
1245,rolling_2022_2024,2022-01-13,2022-01-14 00:00:00,2022-01-21,2022-01-24,716100.0,1.332,1.326,476.92260000000005,474.77430000000004,-0.005499502501001841,range,range,range_to_range,6,True
1245,rolling_2022_2024,2022-02-23,2022-02-24 00:00:00,2022-03-03,2022-03-04,753500.0,1.259,1.239,474.32824999999997,466.79325000000006,-0.016869246075929212,trend,trend,trend_to_trend,6,True
1245,rolling_2022_2024,2022-03-21,2022-03-22 00:00:00,2022-03-24,2022-03-25,791700.0,1.178,1.167,466.3113,461.95695,-0.010328027836675857,trend,trend,trend_to_trend,3,True
1245,rolling_2022_2024,2022-05-05,2022-05-06 00:00:00,2022-06-22,2022-06-23,966500.0,0.955,1.095,461.50375,529.15875,0.14545083479202803,trend,range,trend_to_range,33,False
1245,rolling_2022_2024,2022-06-24,2022-06-27 10:30:00,2022-07-11,2022-07-12,929900.0,1.137,1.11,528.64815,516.0945,-0.024722467262411008,range,range,range_to_range,11,False
1245,rolling_2022_2024,2022-07-21,2022-07-22 10:00:00,2022-08-16,2022-08-17,912500.0,1.13,1.173,515.5625,535.18125,0.0370155630149529,trend,range,trend_to_range,18,False
1245,rolling_2022_2024,2022-10-17,2022-10-18 10:00:00,2022-10-28,2022-10-31,1080100.0,0.99,1.025,534.6495,553.55125,0.03431869923624031,trend,range,trend_to_range,9,False
1245,rolling_2022_2024,2022-10-31,2022-11-01 00:00:00,2022-11-07,2022-11-08,1062500.0,1.041,1.09,553.03125,579.0625,0.046023578028469014,trend,range,trend_to_range,5,False
1245,rolling_2022_2024,2022-11-09,2022-11-10 00:00:00,2022-11-21,2022-11-22,1090400.0,1.061,1.061,578.4572,578.4572,-0.0009995002498751626,trend,trend,trend_to_trend,8,True
1245,rolling_2022_2024,2022-12-30,2023-01-03 00:00:00,2023-01-11,2023-01-12,1171000.0,0.987,0.997,577.8885,583.7435,0.009122085360561805,range,range,range_to_range,7,False
1245,rolling_2022_2024,2023-01-18,2023-01-19 00:00:00,2023-02-08,2023-02-09,1134500.0,1.028,1.032,583.133,585.402,0.0028876612277519698,range,range,range_to_range,10,False
1245,rolling_2022_2024,2023-02-10,2023-02-13 00:00:00,2023-02-17,2023-02-20,1119300.0,1.045,1.01,584.83425,565.2465,-0.03445884713145819,range,range,range_to_range,5,True
1245,rolling_2022_2024,2023-03-01,2023-03-02 10:00:00,2023-03-07,2023-03-08,1109400.0,1.018,1.012,564.6845999999999,561.3564,-0.00688751891244932,range,range,range_to_range,4,True
1245,rolling_2022_2024,2023-03-22,2023-03-23 00:00:00,2023-04-21,2023-04-24,1067200.0,1.051,1.136,560.8136,606.1696,0.07979502161383634,trend,trend,trend_to_trend,21,False
1245,rolling_2022_2024,2023-05-16,2023-05-17 00:00:00,2023-06-06,2023-06-07,1156700.0,1.047,1.052,605.5324499999999,608.4242,0.0037712757756749316,range,range,range_to_range,15,False
1245,rolling_2022_2024,2023-06-09,2023-06-12 00:00:00,2023-06-26,2023-06-27,1154500.0,1.053,1.035,607.84425,597.45375,-0.018076431869535448,range,range,range_to_range,9,True
1245,rolling_2022_2024,2023-07-31,2023-08-01 00:00:00,2023-08-08,2023-08-09,1202100.0,0.993,0.988,596.84265,593.8374,-0.006029714246602813,trend,range,trend_to_range,6,True
1245,rolling_2022_2024,2023-08-30,2023-08-31 00:00:00,2023-09-07,2023-09-08,1237200.0,0.959,0.917,593.2374,567.2562,-0.044751346954259974,trend,trend,trend_to_trend,6,True
1245,rolling_2022_2024,2023-09-27,2023-09-28 00:00:00,2023-10-16,2023-10-17,1255100.0,0.903,0.896,566.6776500000001,562.2848,-0.00874369017041865,trend,trend,trend_to_trend,7,True
1245,rolling_2022_2024,2023-10-27,2023-10-30 00:00:00,2023-11-21,2023-11-22,1276700.0,0.88,0.905,561.748,577.70675,0.027381195765753708,trend,range,trend_to_range,17,False
1245,rolling_2022_2024,2023-12-08,2023-12-11 00:00:00,2023-12-18,2023-12-19,1308700.0,0.882,0.86,577.1367,562.741,-0.025917880062236276,trend,range,trend_to_range,6,True
1245,rolling_2022_2024,2023-12-28,2023-12-29 00:00:00,2024-01-04,2024-01-05,1293800.0,0.869,0.842,562.1561,544.6898,-0.03203864120873989,range,range,range_to_range,4,True
1245,rolling_2022_2024,2024-02-08,2024-02-19 10:00:00,2024-03-07,2024-03-08,1413400.0,0.77,0.814,544.159,575.2538,0.05608624259298911,trend,range,trend_to_range,14,False
1245,rolling_2022_2024,2024-03-08,2024-03-11 00:00:00,2024-03-13,2024-03-14,1406800.0,0.817,0.831,574.6777999999999,584.5254,0.01611923536395854,range,range,range_to_range,3,False
1245,rolling_2022_2024,2024-04-26,2024-04-29 10:00:00,2024-05-07,2024-05-08,1514800.0,0.771,0.786,583.9554,595.3164,0.01843630713825961,range,range,range_to_range,4,False
1245,rolling_2022_2024,2024-05-10,2024-05-13 00:00:00,2024-05-15,2024-05-16,1524900.0,0.78,0.768,594.711,585.5616,-0.016368738707569164,trend,trend,trend_to_trend,3,True
1245,rolling_2022_2024,2024-06-03,2024-06-04 00:00:00,2024-06-06,2024-06-07,1525400.0,0.767,0.762,584.9909,581.1774,-0.0075118894268642045,trend,range,trend_to_range,3,True
1245,rolling_2022_2024,2024-06-11,2024-06-12 10:00:00,2024-06-25,2024-06-26,1496300.0,0.776,0.734,580.5644000000001,549.1421,-0.05506911492707267,range,range,range_to_range,10,True
1245,rolling_2022_2024,2024-07-17,2024-07-18 00:00:00,2024-07-22,2024-07-23,1478700.0,0.742,0.77,548.5976999999999,569.2995,0.036698631816167504,range,range,range_to_range,3,False
1245,rolling_2022_2024,2024-07-31,2024-08-01 10:00:00,2024-08-05,2024-08-06,1490800.0,0.763,0.73,568.7402,544.142,-0.0442065991905749,trend,range,trend_to_range,3,True
1245,rolling_2022_2024,2024-09-24,2024-09-25 14:00:00,2024-09-27,2024-09-30,1589500.0,0.684,0.813,543.609,646.13175,0.18740848873808713,trend,range,trend_to_range,3,False
1245,rolling_2022_2024,2024-10-08,2024-10-09 00:00:00,2024-10-30,2024-10-31,1197500.0,1.078,0.981,645.4525,587.37375,-0.09089101089529439,trend,trend,trend_to_trend,16,False
1245,rolling_2022_2024,2024-11-05,2024-11-06 10:00:00,2024-11-15,2024-11-18,1151700.0,1.019,1.014,586.7911499999999,583.9119000000001,-0.005901367275145231,trend,trend,trend_to_trend,8,True
1245,rolling_2022_2024,2024-12-02,2024-12-03 00:00:00,2024-12-05,2024-12-06,1120700.0,1.041,1.03,583.32435,577.1605,-0.011555701496033799,trend,trend,trend_to_trend,3,True
1245,rolling_2022_2024,2024-12-10,2024-12-11 00:00:00,2024-12-13,2024-12-16,1115300.0,1.034,1.013,576.6101,564.89945,-0.02128867867806894,trend,trend,trend_to_trend,3,True
1245,rolling_2023_2025,2022-12-30,2023-01-03 00:00:00,2023-01-11,2023-01-12,1012600.0,0.987,0.997,499.7181,504.7811,0.009122085360561805,range,range,range_to_range,7,False
1245,rolling_2023_2025,2023-01-18,2023-01-19 00:00:00,2023-02-08,2023-02-09,981100.0,1.028,1.032,504.28540000000004,506.24760000000003,0.0028876612277517477,range,range,range_to_range,10,False
1245,rolling_2023_2025,2023-02-10,2023-02-13 00:00:00,2023-02-17,2023-02-20,967900.0,1.045,1.01,505.72774999999996,488.78950000000003,-0.03445884713145797,range,range,range_to_range,5,True
1245,rolling_2023_2025,2023-03-01,2023-03-02 10:00:00,2023-03-07,2023-03-08,959400.0,1.018,1.012,488.3346,485.45640000000003,-0.006887518912449431,range,range,range_to_range,4,True
1245,rolling_2023_2025,2023-03-22,2023-03-23 00:00:00,2023-04-21,2023-04-24,922800.0,1.051,1.136,484.9314,524.1504,0.07979502161383634,trend,trend,trend_to_trend,21,False
1245,rolling_2023_2025,2023-05-16,2023-05-17 00:00:00,2023-06-06,2023-06-07,1000300.0,1.047,1.052,523.65705,526.1578000000001,0.0037712757756749316,range,range,range_to_range,15,False
1245,rolling_2023_2025,2023-06-09,2023-06-12 00:00:00,2023-06-26,2023-06-27,998300.0,1.053,1.035,525.6049499999999,516.6202499999999,-0.018076431869535448,range,range,range_to_range,9,True
1245,rolling_2023_2025,2023-07-31,2023-08-01 00:00:00,2023-08-08,2023-08-09,1039500.0,0.993,0.988,516.11175,513.513,-0.006029714246602813,trend,range,trend_to_range,6,True
1245,rolling_2023_2025,2023-08-30,2023-08-31 00:00:00,2023-09-07,2023-09-08,1069900.0,0.959,0.917,513.01705,490.54915000000005,-0.044751346954259974,trend,trend,trend_to_trend,6,True
1245,rolling_2023_2025,2023-09-27,2023-09-28 00:00:00,2023-10-16,2023-10-17,1085400.0,0.903,0.896,490.0581,486.2592,-0.00874369017041876,trend,trend,trend_to_trend,7,True
1245,rolling_2023_2025,2023-10-27,2023-10-30 00:00:00,2023-11-21,2023-11-22,1104000.0,0.88,0.905,485.76,499.56,0.027381195765753485,trend,range,trend_to_range,17,False
1245,rolling_2023_2025,2023-12-08,2023-12-11 00:00:00,2023-12-18,2023-12-19,1131700.0,0.882,0.86,499.0797,486.63100000000003,-0.025917880062236498,trend,range,trend_to_range,6,True
1245,rolling_2023_2025,2023-12-28,2023-12-29 00:00:00,2024-01-04,2024-01-05,1118800.0,0.869,0.842,486.1186,471.0148,-0.03203864120873978,range,range,range_to_range,4,True
1245,rolling_2023_2025,2024-02-08,2024-02-19 10:00:00,2024-03-07,2024-03-08,1222200.0,0.77,0.814,470.547,497.43539999999996,0.05608624259298911,trend,range,trend_to_range,14,False
1245,rolling_2023_2025,2024-03-08,2024-03-11 00:00:00,2024-03-13,2024-03-14,1216500.0,0.817,0.831,496.94024999999993,505.45575,0.016119235363958317,range,range,range_to_range,3,False
1245,rolling_2023_2025,2024-04-26,2024-04-29 10:00:00,2024-05-07,2024-05-08,1309900.0,0.771,0.786,504.96645,514.7907,0.01843630713825961,range,range,range_to_range,4,False
1245,rolling_2023_2025,2024-05-10,2024-05-13 00:00:00,2024-05-15,2024-05-16,1318600.0,0.78,0.768,514.254,506.34240000000005,-0.016368738707569164,trend,trend,trend_to_trend,3,True
1245,rolling_2023_2025,2024-06-03,2024-06-04 00:00:00,2024-06-06,2024-06-07,1319000.0,0.767,0.762,505.8365,502.539,-0.0075118894268640934,trend,range,trend_to_range,3,True
1245,rolling_2023_2025,2024-06-11,2024-06-12 10:00:00,2024-06-25,2024-06-26,1294000.0,0.776,0.734,502.072,474.898,-0.05506911492707267,range,range,range_to_range,10,True
1245,rolling_2023_2025,2024-07-17,2024-07-18 00:00:00,2024-07-22,2024-07-23,1278700.0,0.742,0.77,474.39770000000004,492.2995,0.036698631816167504,range,range,range_to_range,3,False
1245,rolling_2023_2025,2024-07-31,2024-08-01 10:00:00,2024-08-05,2024-08-06,1289200.0,0.763,0.73,491.8298,470.558,-0.04420659919057501,trend,range,trend_to_range,3,True
1245,rolling_2023_2025,2024-09-24,2024-09-25 14:00:00,2024-09-27,2024-09-30,1374500.0,0.684,0.813,470.07900000000006,558.73425,0.1874084887380869,trend,range,trend_to_range,3,False
1245,rolling_2023_2025,2024-10-08,2024-10-09 00:00:00,2024-10-30,2024-10-31,1035600.0,1.078,0.981,558.1884,507.9618,-0.09089101089529461,trend,trend,trend_to_trend,16,False
1245,rolling_2023_2025,2024-11-05,2024-11-06 10:00:00,2024-11-15,2024-11-18,995900.0,1.019,1.014,507.41104999999993,504.9213,-0.005901367275145453,trend,trend,trend_to_trend,8,True
1245,rolling_2023_2025,2024-12-02,2024-12-03 00:00:00,2024-12-05,2024-12-06,969100.0,1.041,1.03,504.41655,499.0865,-0.011555701496033799,trend,trend,trend_to_trend,3,True
1245,rolling_2023_2025,2024-12-10,2024-12-11 00:00:00,2024-12-13,2024-12-16,964400.0,1.034,1.013,498.5948,488.4686,-0.02128867867806905,trend,trend,trend_to_trend,3,True
1245,rolling_2023_2025,2024-12-20,2024-12-23 00:00:00,2024-12-31,2025-01-02,943000.0,1.035,1.01,488.00249999999994,476.21500000000003,-0.02512994710374261,trend,range,trend_to_range,7,True
1245,rolling_2023_2025,2025-01-07,2025-01-08 00:00:00,2025-03-11,2025-03-12,970900.0,0.98,1.133,475.741,550.01485,0.15496690430295046,range,range,range_to_range,39,False
1245,rolling_2023_2025,2025-04-16,2025-04-17 00:00:00,2025-04-24,2025-04-25,1067900.0,1.029,1.027,549.43455,548.3666499999999,-0.0029411921833057963,range,range,range_to_range,6,True
1245,rolling_2023_2025,2025-05-08,2025-05-09 00:00:00,2025-05-13,2025-05-14,1047500.0,1.046,1.034,547.8425,541.5575,-0.012460309042419682,range,range,range_to_range,3,True
1245,rolling_2023_2025,2025-06-05,2025-06-06 00:00:00,2025-06-10,2025-06-11,1057700.0,1.023,1.007,541.0135499999999,532.5519499999999,-0.016624141497188827,trend,trend,trend_to_trend,3,True
1245,rolling_2023_2025,2025-06-24,2025-06-25 10:30:00,2025-09-08,2025-09-09,1060800.0,1.003,1.28,531.9911999999999,678.912,0.27489595182468585,trend,trend,trend_to_trend,54,False
1245,rolling_2023_2025,2025-09-10,2025-09-11 00:00:00,2025-10-14,2025-10-15,1055600.0,1.285,1.442,678.2230000000001,761.0876,0.12105737014761098,trend,trend,trend_to_trend,18,False
1245,rolling_2023_2025,2025-10-24,2025-10-27 10:30:00,2025-10-30,2025-10-31,1013100.0,1.501,1.4923366,760.33155,755.9431047300001,-0.006765483547366724,trend,trend,trend_to_trend,4,True
1245,rolling_2023_2025,2025-12-08,2025-12-09 00:00:00,2025-12-11,2025-12-12,1095100.0,1.3792502000000002,1.3630950000000002,755.2084470100001,746.3626672500001,-0.012700823819422724,range,range,range_to_range,3,True
1245,rolling_2023_2025,2025-12-17,2025-12-18 00:00:00,2025-12-24,2025-12-25,1102200.0,1.352998,1.3873278000000002,745.6371978,764.5563505800001,0.024348273624382077,range,range,range_to_range,5,False
1245,rolling_2024_2026,2023-12-29,2024-01-02 00:00:00,2024-01-04,2024-01-05,1146200.0,0.872,0.842,499.7432,482.5502,-0.035368783498159306,range,range,range_to_range,3,True
1245,rolling_2024_2026,2024-02-08,2024-02-19 10:00:00,2024-03-07,2024-03-08,1252100.0,0.77,0.814,482.05850000000004,509.6047,0.05608624259298911,trend,range,trend_to_range,14,False
1245,rolling_2024_2026,2024-03-08,2024-03-11 00:00:00,2024-03-13,2024-03-14,1246200.0,0.817,0.831,509.07269999999994,517.7961,0.016119235363958095,range,range,range_to_range,3,False
1245,rolling_2024_2026,2024-04-26,2024-04-29 10:00:00,2024-05-07,2024-05-08,1341900.0,0.771,0.786,517.30245,527.3667,0.018436307138259833,range,range,range_to_range,4,False
1245,rolling_2024_2026,2024-05-10,2024-05-13 00:00:00,2024-05-15,2024-05-16,1350900.0,0.78,0.768,526.851,518.7456000000001,-0.016368738707569275,trend,trend,trend_to_trend,3,True
1245,rolling_2024_2026,2024-06-03,2024-06-04 00:00:00,2024-06-06,2024-06-07,1351300.0,0.767,0.762,518.22355,514.8453,-0.0075118894268642045,trend,range,trend_to_range,3,True
1245,rolling_2024_2026,2024-06-11,2024-06-12 10:00:00,2024-06-25,2024-06-26,1325600.0,0.776,0.734,514.3328,486.4952,-0.05506911492707245,range,range,range_to_range,10,True
1245,rolling_2024_2026,2024-07-17,2024-07-18 00:00:00,2024-07-22,2024-07-23,1310000.0,0.742,0.77,486.01,504.35,0.036698631816167504,range,range,range_to_range,3,False
1245,rolling_2024_2026,2024-07-31,2024-08-01 10:00:00,2024-08-05,2024-08-06,1320700.0,0.763,0.73,503.84705,482.0555,-0.044206599190575124,trend,range,trend_to_range,3,True
1245,rolling_2024_2026,2024-09-24,2024-09-25 14:00:00,2024-09-27,2024-09-30,1408100.0,0.684,0.813,481.5702,572.3926499999999,0.1874084887380869,trend,range,trend_to_range,3,False
1245,rolling_2024_2026,2024-10-08,2024-10-09 00:00:00,2024-10-30,2024-10-31,1060900.0,1.078,0.981,571.8251000000001,520.37145,-0.09089101089529461,trend,trend,trend_to_trend,16,False
1245,rolling_2024_2026,2024-11-05,2024-11-06 10:00:00,2024-11-15,2024-11-18,1020300.0,1.019,1.014,519.84285,517.2921,-0.005901367275145453,trend,trend,trend_to_trend,8,True
1245,rolling_2024_2026,2024-12-02,2024-12-03 00:00:00,2024-12-05,2024-12-06,992800.0,1.041,1.03,516.7524,511.29200000000003,-0.01155570149603391,trend,trend,trend_to_trend,3,True
1245,rolling_2024_2026,2024-12-10,2024-12-11 00:00:00,2024-12-13,2024-12-16,988000.0,1.034,1.013,510.796,500.42199999999997,-0.02128867867806916,trend,trend,trend_to_trend,3,True
1245,rolling_2024_2026,2024-12-20,2024-12-23 00:00:00,2024-12-31,2025-01-02,966000.0,1.035,1.01,499.905,487.83,-0.025129947103742722,trend,range,trend_to_range,7,True
1245,rolling_2024_2026,2025-01-07,2025-01-08 00:00:00,2025-03-11,2025-03-12,994600.0,0.98,1.133,487.354,563.4409,0.15496690430295046,range,range,range_to_range,39,False
1245,rolling_2024_2026,2025-04-16,2025-04-17 00:00:00,2025-04-24,2025-04-25,1094000.0,1.029,1.027,562.863,561.769,-0.0029411921833057963,range,range,range_to_range,6,True
1245,rolling_2024_2026,2025-05-08,2025-05-09 00:00:00,2025-05-13,2025-05-14,1073100.0,1.046,1.034,561.2313,554.7927000000001,-0.012460309042419682,range,range,range_to_range,3,True
1245,rolling_2024_2026,2025-06-05,2025-06-06 00:00:00,2025-06-10,2025-06-11,1083500.0,1.023,1.007,554.21025,545.54225,-0.016624141497188827,trend,trend,trend_to_trend,3,True
1245,rolling_2024_2026,2025-06-24,2025-06-25 10:30:00,2025-09-08,2025-09-09,1086800.0,1.003,1.28,545.0301999999999,695.552,0.27489595182468607,trend,trend,trend_to_trend,54,False
1245,rolling_2024_2026,2025-09-10,2025-09-11 00:00:00,2025-10-14,2025-10-15,1081500.0,1.285,1.442,694.86375,779.7615000000001,0.12105737014761098,trend,trend,trend_to_trend,18,False
1245,rolling_2024_2026,2025-10-24,2025-10-27 10:30:00,2025-10-30,2025-10-31,1037900.0,1.501,1.4923366,778.94395,774.44807857,-0.006765483547366724,trend,trend,trend_to_trend,4,True
1245,rolling_2024_2026,2025-12-08,2025-12-09 00:00:00,2025-12-11,2025-12-12,1121900.0,1.3792502000000002,1.3630950000000002,773.6903996900002,764.6281402500001,-0.012700823819422724,range,range,range_to_range,3,True
1245,rolling_2024_2026,2025-12-17,2025-12-18 00:00:00,2025-12-24,2025-12-25,1129100.0,1.352998,1.3873278000000002,763.8350209,783.2159094900002,0.024348273624382077,range,range,range_to_range,5,False
1245,rolling_2024_2026,2025-12-25,2025-12-26 00:00:00,2026-01-29,2026-01-30,1128000.0,1.3873278000000002,1.5488798,782.4528792000001,873.5682072,0.11533243567444784,range,trend,range_to_trend,23,False
1245,rolling_2024_2026,2026-02-25,2026-02-26 10:00:00,2026-03-02,2026-03-03,1150500.0,1.517,1.5105112,872.65425,868.9215678,-0.005272614582622848,trend,trend,trend_to_trend,3,True
1245,rolling_2024_2026,2026-04-08,2026-04-09 00:00:00,2026-04-23,2026-04-24,1258800.0,1.3792502000000002,1.4812299000000002,868.1000758800002,932.2860990600002,0.0728651047828941,range,range,range_to_range,11,False
1245,rolling_2024_2026,2026-05-06,2026-05-07 10:00:00,2026-06-01,2026-06-02,1091200.0,1.707,1.7215385,931.3392000000001,939.2714056000001,0.0075089758869832934,range,trend,range_to_trend,18,False
1245,rolling_2024_2026,2026-06-09,2026-06-10 00:00:00,2026-06-12,2026-06-15,1099800.0,1.706393,1.7397131,938.3455107,956.66823369,0.01850761010027524,range,trend,range_to_trend,3,False
1245,rolling_2024_2026,2026-06-16,2026-06-17 00:00:00,2026-07-13,2026-07-14,1068900.0,1.7881787,2.0476716,955.6921062150001,1094.3780866200002,0.1439712103293358,trend,trend,trend_to_trend,18,False
1245,rolling_2024_2026,2026-08-04,2026-08-05 00:00:00,2026-08-14,2026-08-17,1313300.0,1.6649953000000002,1.7750526,1093.319163745,1165.58828979,0.0650350991878228,range,range,range_to_range,8,False
1010,full_2021_2026,2021-01-12,2021-01-13 10:30:00,2021-01-28,2021-01-29,697000.0,1.434,1.456,499.749,507.416,0.014326867249778275,warmup,warmup,warmup_to_warmup,12,False
1010,full_2021_2026,2021-03-26,2021-03-29 10:00:00,2021-04-12,2021-04-13,791400.0,1.281,1.267,506.89169999999996,501.3519,-0.011917538498510294,trend,range,trend_to_range,10,True
1010,full_2021_2026,2021-04-16,2021-04-19 00:00:00,2021-05-07,2021-05-10,770500.0,1.3,1.295,500.825,498.89875,-0.004841809864298607,trend,trend,trend_to_trend,12,False
1010,full_2021_2026,2021-05-14,2021-05-17 00:00:00,2021-06-16,2021-06-17,751800.0,1.326,1.441,498.44340000000005,541.6719,0.08564081458516593,range,trend,range_to_trend,22,False
1010,full_2021_2026,2021-06-17,2021-06-18 00:00:00,2021-07-06,2021-07-07,719100.0,1.505,1.557,541.12275,559.81935,0.03351746053883353,trend,trend,trend_to_trend,13,False
1010,full_2021_2026,2021-07-07,2021-07-08 00:00:00,2021-07-14,2021-07-15,698200.0,1.602,1.589,559.2582000000001,554.7199,-0.009106245878309327,trend,trend,trend_to_trend,5,True
1010,full_2021_2026,2021-07-29,2021-07-30 00:00:00,2021-08-09,2021-08-10,681600.0,1.626,1.604,554.1407999999999,546.6432000000001,-0.014516112177613283,trend,trend,trend_to_trend,7,True
1010,full_2021_2026,2021-08-24,2021-08-25 00:00:00,2021-08-27,2021-08-30,675000.0,1.618,1.525,546.075,514.6875,-0.05842041896233596,trend,range,trend_to_range,3,True
1010,full_2021_2026,2021-10-15,2021-10-18 00:00:00,2021-10-27,2021-10-28,735600.0,1.398,1.391,514.1844,511.6098,-0.006001648674947124,trend,trend,trend_to_trend,8,True
1010,full_2021_2026,2021-10-29,2021-11-01 10:00:00,2021-11-18,2021-11-19,714300.0,1.431,1.456,511.08165,520.0104,0.01645333866958887,trend,range,trend_to_range,14,False
1010,full_2021_2026,2021-11-19,2021-11-22 00:00:00,2021-12-02,2021-12-03,702000.0,1.48,1.469,519.48,515.619,-0.008424503964233887,range,range,range_to_range,9,True
1010,full_2021_2026,2021-12-03,2021-12-06 00:00:00,2021-12-14,2021-12-15,695200.0,1.482,1.477,515.1432,513.4052,-0.004369947280071229,range,range,range_to_range,7,True
1010,full_2021_2026,2021-12-17,2021-12-20 00:00:00,2021-12-23,2021-12-24,713300.0,1.438,1.415,512.8627,504.65975000000003,-0.016977950524042495,range,range,range_to_range,4,True
1010,full_2021_2026,2022-01-13,2022-01-14 00:00:00,2022-01-20,2022-01-21,757000.0,1.332,1.343,504.16200000000003,508.32550000000003,0.007250503877190395,range,range,range_to_range,5,False
1010,full_2021_2026,2022-02-23,2022-02-24 00:00:00,2022-03-03,2022-03-04,806700.0,1.259,1.239,507.81764999999996,499.75065,-0.016869246075929323,trend,trend,trend_to_trend,6,True
1010,full_2021_2026,2022-03-21,2022-03-22 00:00:00,2022-03-24,2022-03-25,847700.0,1.178,1.167,499.2953,494.63295,-0.010328027836675857,trend,trend,trend_to_trend,3,True
1010,full_2021_2026,2022-05-05,2022-05-06 00:00:00,2022-06-07,2022-06-08,1034800.0,0.955,1.139,494.117,589.3186,0.19147808294805468,trend,range,trend_to_range,22,False
1010,full_2021_2026,2022-06-08,2022-06-09 00:00:00,2022-06-21,2022-06-22,1038300.0,1.134,1.116,588.7161,579.3714,-0.016856651039559578,range,range,range_to_range,9,True
1010,full_2021_2026,2022-06-24,2022-06-27 10:30:00,2022-06-28,2022-06-29,1018100.0,1.137,1.144,578.78985,582.3532,0.005150898605226661,range,range,range_to_range,2,False
1010,full_2021_2026,2022-06-29,2022-06-30 00:00:00,2022-07-08,2022-07-11,1034300.0,1.125,1.13,581.79375,584.3795,0.003440501971236687,range,range,range_to_range,7,False
1010,full_2021_2026,2022-07-21,2022-07-22 10:00:00,2022-08-16,2022-08-17,1033300.0,1.13,1.173,583.8145000000001,606.0304500000001,0.03701556301495268,trend,range,trend_to_range,18,False
1010,full_2021_2026,2022-10-17,2022-10-18 10:00:00,2022-11-21,2022-11-22,1223000.0,0.99,1.061,605.385,648.8015,0.07064599013624484,trend,trend,trend_to_trend,25,False
1010,full_2021_2026,2022-12-12,2022-12-13 00:00:00,2022-12-15,2022-12-16,1261000.0,1.028,1.01,648.154,636.8050000000001,-0.018491726899196315,range,range,range_to_range,3,True
1010,full_2021_2026,2022-12-30,2023-01-03 00:00:00,2023-01-11,2023-01-12,1289100.0,0.987,0.997,636.17085,642.61635,0.009122085360561805,range,range,range_to_range,7,False
1010,full_2021_2026,2023-01-16,2023-01-17 10:00:00,2023-02-08,2023-02-09,1261300.0,1.018,1.032,642.0016999999999,650.8308000000001,0.012739209962798759,range,range,range_to_range,12,False
1010,full_2021_2026,2023-02-09,2023-02-10 00:00:00,2023-02-14,2023-02-15,1224400.0,1.062,1.047,650.1564000000001,640.9734,-0.01510967680001829,range,range,range_to_range,3,True
1010,full_2021_2026,2023-03-01,2023-03-02 10:00:00,2023-03-07,2023-03-08,1258000.0,1.018,1.012,640.322,636.548,-0.006887518912449431,range,range,range_to_range,4,True
1010,full_2021_2026,2023-03-09,2023-03-10 00:00:00,2023-03-14,2023-03-15,1251800.0,1.016,1.035,635.9144,647.8065,0.017682595710019067,range,range,range_to_range,3,False
1010,full_2021_2026,2023-03-15,2023-03-16 00:00:00,2023-04-21,2023-04-24,1264000.0,1.024,1.136,647.168,717.9519999999999,0.1082661794102946,range,trend,range_to_trend,26,False
1010,full_2021_2026,2023-05-26,2023-05-29 10:00:00,2023-06-06,2023-06-07,1345700.0,1.066,1.052,717.2581000000001,707.8382,-0.014119581860101982,range,range,range_to_range,7,True
1010,full_2021_2026,2023-06-09,2023-06-12 00:00:00,2023-06-26,2023-06-27,1343100.0,1.053,1.035,707.1421499999999,695.05425,-0.018076431869535226,range,range,range_to_range,9,True
1010,full_2021_2026,2023-06-27,2023-06-28 00:00:00,2023-07-05,2023-07-06,1340400.0,1.036,1.029,694.3272000000001,689.6357999999999,-0.007749503626565235,range,trend,range_to_trend,6,True
1010,full_2021_2026,2023-07-31,2023-08-01 00:00:00,2023-08-08,2023-08-09,1387600.0,0.993,0.988,688.9434,685.4744000000001,-0.006029714246602702,trend,range,trend_to_range,6,True
1010,full_2021_2026,2023-08-30,2023-08-31 00:00:00,2023-09-07,2023-09-08,1428200.0,0.959,0.917,684.8219,654.8297000000001,-0.044751346954259974,trend,trend,trend_to_trend,6,True
1010,full_2021_2026,2023-09-27,2023-09-28 00:00:00,2023-10-16,2023-10-17,1448900.0,0.903,0.896,654.17835,649.1072,-0.008743690170418428,trend,trend,trend_to_trend,7,True
1010,full_2021_2026,2023-10-27,2023-10-30 00:00:00,2023-11-21,2023-11-22,1473700.0,0.88,0.905,648.428,666.84925,0.027381195765753485,trend,range,trend_to_range,17,False
1010,full_2021_2026,2023-12-08,2023-12-11 00:00:00,2023-12-13,2023-12-14,1510600.0,0.882,0.888,666.1745999999999,670.7064,0.005796421517132666,trend,range,trend_to_range,3,False
1010,full_2021_2026,2023-12-28,2023-12-29 00:00:00,2024-01-03,2024-01-04,1542100.0,0.869,0.849,670.0424499999999,654.62145,-0.023991456515700782,range,range,range_to_range,3,True
1010,full_2021_2026,2024-02-08,2024-02-19 10:00:00,2024-03-07,2024-03-08,1698700.0,0.77,0.814,653.9995,691.3708999999999,0.05608624259298911,trend,range,trend_to_range,14,False
1010,full_2021_2026,2024-03-08,2024-03-11 00:00:00,2024-03-13,2024-03-14,1690700.0,0.817,0.831,690.65095,702.48585,0.016119235363958317,range,range,range_to_range,3,False
1010,full_2021_2026,2024-04-24,2024-04-25 00:00:00,2024-05-09,2024-05-10,1864000.0,0.753,0.796,701.796,741.8720000000001,0.05604833705325296,range,range,range_to_range,8,False
1010,full_2021_2026,2024-05-10,2024-05-13 00:00:00,2024-05-15,2024-05-16,1900300.0,0.78,0.768,741.117,729.7152000000001,-0.016368738707569275,trend,trend,trend_to_trend,3,True
1010,full_2021_2026,2024-06-03,2024-06-04 00:00:00,2024-06-25,2024-06-26,1900900.0,0.767,0.734,728.9951500000001,697.6302999999999,-0.04398126881800324,trend,range,trend_to_range,15,False
1010,full_2021_2026,2024-07-16,2024-07-17 00:00:00,2024-07-23,2024-07-24,1863500.0,0.748,0.739,696.9490000000001,688.56325,-0.013019559738847053,range,range,range_to_range,5,True
1010,full_2021_2026,2024-07-31,2024-08-01 10:00:00,2024-08-05,2024-08-06,1803100.0,0.763,0.73,687.88265,658.1315,-0.044206599190575124,trend,range,trend_to_range,3,True
1010,full_2021_2026,2024-08-15,2024-08-16 00:00:00,2024-08-20,2024-08-21,1811200.0,0.726,0.71,657.4656,642.976,-0.023016040189271725,range,range,range_to_range,3,True
1010,full_2021_2026,2024-09-24,2024-09-25 14:00:00,2024-10-30,2024-10-31,1878100.0,0.684,0.981,642.3102000000001,921.20805,0.4327770325363631,trend,trend,trend_to_trend,21,False
1010,full_2021_2026,2024-11-05,2024-11-06 10:00:00,2024-11-15,2024-11-18,1806300.0,1.019,1.014,920.3098499999999,915.7941,-0.005901367275145453,trend,trend,trend_to_trend,8,True
1010,full_2021_2026,2024-12-02,2024-12-03 00:00:00,2024-12-05,2024-12-06,1757700.0,1.041,1.03,914.88285,905.2155,-0.011555701496033799,trend,trend,trend_to_trend,3,True
1010,full_2021_2026,2024-12-10,2024-12-11 00:00:00,2024-12-13,2024-12-16,1749100.0,1.034,1.013,904.2847,885.91915,-0.021288678678069273,trend,trend,trend_to_trend,3,True
1010,full_2021_2026,2024-12-20,2024-12-23 00:00:00,2024-12-31,2025-01-02,1710200.0,1.035,1.01,885.0284999999999,863.6510000000001,-0.025129947103742722,trend,range,trend_to_range,7,True
1010,full_2021_2026,2025-01-07,2025-01-08 00:00:00,2025-01-13,2025-01-14,1760800.0,0.98,0.98,862.792,862.792,-0.0009995002498749406,range,range,range_to_range,4,True
1010,full_2021_2026,2025-01-14,2025-01-15 00:00:00,2025-03-11,2025-03-12,1720400.0,1.002,1.133,861.9204000000001,974.6066,0.12960834951785571,range,range,range_to_range,34,False
1010,full_2021_2026,2025-04-17,2025-04-18 00:00:00,2025-04-24,2025-04-25,1881400.0,1.035,1.027,973.6244999999999,966.0989,-0.008721243243112742,range,range,range_to_range,5,True
1010,full_2021_2026,2025-05-08,2025-05-09 00:00:00,2025-05-15,2025-05-16,1845400.0,1.046,1.02,965.1442000000001,941.154,-0.025831252633721546,range,range,range_to_range,5,True
1010,full_2021_2026,2025-06-05,2025-06-06 00:00:00,2025-06-10,2025-06-11,1838200.0,1.023,1.007,940.2393,925.5337,-0.016624141497188827,trend,trend,trend_to_trend,3,True
1010,full_2021_2026,2025-06-24,2025-06-25 10:30:00,2025-07-08,2025-07-09,1843700.0,1.003,1.017,924.61555,937.52145,0.012944674223207553,trend,range,trend_to_range,10,False
1010,full_2021_2026,2025-07-11,2025-07-14 10:00:00,2025-08-08,2025-08-11,1836400.0,1.02,1.07,936.564,982.474,0.047971112482974254,range,range,range_to_range,20,False
1010,full_2021_2026,2025-08-12,2025-08-13 10:00:00,2025-09-08,2025-09-09,1787800.0,1.098,1.28,981.5022000000001,1144.192,0.16459074652109296,trend,trend,trend_to_trend,19,False
1010,full_2021_2026,2025-09-10,2025-09-11 00:00:00,2025-10-14,2025-10-15,1779000.0,1.285,1.442,1143.0075,1282.659,0.1210573701476112,trend,trend,trend_to_trend,18,False
1010,full_2021_2026,2025-10-24,2025-10-27 10:30:00,2025-10-30,2025-10-31,1707400.0,1.501,1.4923366,1281.4037,1274.0077554200002,-0.006765483547366946,trend,trend,trend_to_trend,4,True
1010,full_2021_2026,2025-12-08,2025-12-09 00:00:00,2025-12-11,2025-12-12,1845500.0,1.3792502000000002,1.3630950000000002,1272.70312205,1257.7959112500002,-0.012700823819422724,range,range,range_to_range,3,True
1010,full_2021_2026,2025-12-17,2025-12-18 00:00:00,2025-12-24,2025-12-25,1857500.0,1.352998,1.3873278000000002,1256.5968925,1288.4806942500002,0.024348273624382077,range,range,range_to_range,5,False
1010,full_2021_2026,2025-12-25,2025-12-26 00:00:00,2026-01-29,2026-01-30,1855600.0,1.3873278000000002,1.5488798,1287.1627328400002,1437.05067844,0.11533243567444784,range,trend,range_to_trend,23,False
1010,full_2021_2026,2026-02-25,2026-02-26 10:00:00,2026-03-02,2026-03-03,1892700.0,1.517,1.5105112,1435.61295,1429.47227412,-0.005272614582622959,trend,trend,trend_to_trend,3,True
1010,full_2021_2026,2026-04-08,2026-04-09 00:00:00,2026-04-23,2026-04-24,2070800.0,1.3792502000000002,1.4812299000000002,1428.0756570800004,1533.6654384600004,0.0728651047828941,range,range,range_to_range,11,False
1010,full_2021_2026,2026-04-27,2026-04-28 00:00:00,2026-04-29,2026-04-30,1979600.0,1.5478701,1.5549380000000002,1532.0818249799997,1539.0776324000003,0.003562145867705535,range,range,range_to_range,2,False
1010,full_2021_2026,2026-05-06,2026-05-07 10:00:00,2026-06-01,2026-06-02,1801500.0,1.707,1.7215385,1537.58025,1550.675803875,0.0075089758869832934,range,trend,range_to_trend,18,False
1010,full_2021_2026,2026-06-09,2026-06-10 00:00:00,2026-06-12,2026-06-15,1815600.0,1.706393,1.7397131,1549.0635654,1579.3115521799998,0.01850761010027524,range,trend,range_to_trend,3,False
1010,full_2021_2026,2026-06-16,2026-06-17 00:00:00,2026-07-13,2026-07-14,1764700.0,1.7881787,2.0476716,1577.799475945,1806.7630362600003,0.1439712103293358,trend,trend,trend_to_trend,18,False
1010,full_2021_2026,2026-08-05,2026-08-06 00:00:00,2026-08-10,2026-08-11,2109200.0,1.7114415,1.7700041,1804.8862059000003,1866.64632386,0.03318458764717924,range,range,range_to_range,3,False
1010,full_2021_2026,2026-08-12,2026-08-13 15:00:00,2026-08-19,2026-08-20,2078900.0,1.794,1.736684,1864.7733,1805.1961838,-0.03291628544702019,range,range,range_to_range,5,True
1010,full_2021_2026,2026-08-21,2026-08-24 10:00:00,2026-08-26,2026-08-27,2111800.0,1.708,1.6952863,1803.4772,1790.0528041700002,-0.008435678618536113,range,range,range_to_range,3,True
1010,rolling_2021_2023,2021-01-12,2021-01-13 10:30:00,2021-01-28,2021-01-29,697000.0,1.434,1.456,499.749,507.416,0.014326867249778275,warmup,warmup,warmup_to_warmup,12,False
1010,rolling_2021_2023,2021-03-26,2021-03-29 10:00:00,2021-04-12,2021-04-13,791400.0,1.281,1.267,506.89169999999996,501.3519,-0.011917538498510294,trend,range,trend_to_range,10,True
1010,rolling_2021_2023,2021-04-16,2021-04-19 00:00:00,2021-05-07,2021-05-10,770500.0,1.3,1.295,500.825,498.89875,-0.004841809864298607,trend,trend,trend_to_trend,12,False
1010,rolling_2021_2023,2021-05-14,2021-05-17 00:00:00,2021-06-16,2021-06-17,751800.0,1.326,1.441,498.44340000000005,541.6719,0.08564081458516593,range,trend,range_to_trend,22,False
1010,rolling_2021_2023,2021-06-17,2021-06-18 00:00:00,2021-07-06,2021-07-07,719100.0,1.505,1.557,541.12275,559.81935,0.03351746053883353,trend,trend,trend_to_trend,13,False
1010,rolling_2021_2023,2021-07-07,2021-07-08 00:00:00,2021-07-14,2021-07-15,698200.0,1.602,1.589,559.2582000000001,554.7199,-0.009106245878309327,trend,trend,trend_to_trend,5,True
1010,rolling_2021_2023,2021-07-29,2021-07-30 00:00:00,2021-08-09,2021-08-10,681600.0,1.626,1.604,554.1407999999999,546.6432000000001,-0.014516112177613283,trend,trend,trend_to_trend,7,True
1010,rolling_2021_2023,2021-08-24,2021-08-25 00:00:00,2021-08-27,2021-08-30,675000.0,1.618,1.525,546.075,514.6875,-0.05842041896233596,trend,range,trend_to_range,3,True
1010,rolling_2021_2023,2021-10-15,2021-10-18 00:00:00,2021-10-27,2021-10-28,735600.0,1.398,1.391,514.1844,511.6098,-0.006001648674947124,trend,trend,trend_to_trend,8,True
1010,rolling_2021_2023,2021-10-29,2021-11-01 10:00:00,2021-11-18,2021-11-19,714300.0,1.431,1.456,511.08165,520.0104,0.01645333866958887,trend,range,trend_to_range,14,False
1010,rolling_2021_2023,2021-11-19,2021-11-22 00:00:00,2021-12-02,2021-12-03,702000.0,1.48,1.469,519.48,515.619,-0.008424503964233887,range,range,range_to_range,9,True
1010,rolling_2021_2023,2021-12-03,2021-12-06 00:00:00,2021-12-14,2021-12-15,695200.0,1.482,1.477,515.1432,513.4052,-0.004369947280071229,range,range,range_to_range,7,True
1010,rolling_2021_2023,2021-12-17,2021-12-20 00:00:00,2021-12-23,2021-12-24,713300.0,1.438,1.415,512.8627,504.65975000000003,-0.016977950524042495,range,range,range_to_range,4,True
1010,rolling_2021_2023,2022-01-13,2022-01-14 00:00:00,2022-01-20,2022-01-21,757000.0,1.332,1.343,504.16200000000003,508.32550000000003,0.007250503877190395,range,range,range_to_range,5,False
1010,rolling_2021_2023,2022-02-23,2022-02-24 00:00:00,2022-03-03,2022-03-04,806700.0,1.259,1.239,507.81764999999996,499.75065,-0.016869246075929323,trend,trend,trend_to_trend,6,True
1010,rolling_2021_2023,2022-03-21,2022-03-22 00:00:00,2022-03-24,2022-03-25,847700.0,1.178,1.167,499.2953,494.63295,-0.010328027836675857,trend,trend,trend_to_trend,3,True
1010,rolling_2021_2023,2022-05-05,2022-05-06 00:00:00,2022-06-07,2022-06-08,1034800.0,0.955,1.139,494.117,589.3186,0.19147808294805468,trend,range,trend_to_range,22,False
1010,rolling_2021_2023,2022-06-08,2022-06-09 00:00:00,2022-06-21,2022-06-22,1038300.0,1.134,1.116,588.7161,579.3714,-0.016856651039559578,range,range,range_to_range,9,True
1010,rolling_2021_2023,2022-06-24,2022-06-27 10:30:00,2022-06-28,2022-06-29,1018100.0,1.137,1.144,578.78985,582.3532,0.005150898605226661,range,range,range_to_range,2,False
1010,rolling_2021_2023,2022-06-29,2022-06-30 00:00:00,2022-07-08,2022-07-11,1034300.0,1.125,1.13,581.79375,584.3795,0.003440501971236687,range,range,range_to_range,7,False
1010,rolling_2021_2023,2022-07-21,2022-07-22 10:00:00,2022-08-16,2022-08-17,1033300.0,1.13,1.173,583.8145000000001,606.0304500000001,0.03701556301495268,trend,range,trend_to_range,18,False
1010,rolling_2021_2023,2022-10-17,2022-10-18 10:00:00,2022-11-21,2022-11-22,1223000.0,0.99,1.061,605.385,648.8015,0.07064599013624484,trend,trend,trend_to_trend,25,False
1010,rolling_2021_2023,2022-12-12,2022-12-13 00:00:00,2022-12-15,2022-12-16,1261000.0,1.028,1.01,648.154,636.8050000000001,-0.018491726899196315,range,range,range_to_range,3,True
1010,rolling_2021_2023,2022-12-30,2023-01-03 00:00:00,2023-01-11,2023-01-12,1289100.0,0.987,0.997,636.17085,642.61635,0.009122085360561805,range,range,range_to_range,7,False
1010,rolling_2021_2023,2023-01-16,2023-01-17 10:00:00,2023-02-08,2023-02-09,1261300.0,1.018,1.032,642.0016999999999,650.8308000000001,0.012739209962798759,range,range,range_to_range,12,False
1010,rolling_2021_2023,2023-02-09,2023-02-10 00:00:00,2023-02-14,2023-02-15,1224400.0,1.062,1.047,650.1564000000001,640.9734,-0.01510967680001829,range,range,range_to_range,3,True
1010,rolling_2021_2023,2023-03-01,2023-03-02 10:00:00,2023-03-07,2023-03-08,1258000.0,1.018,1.012,640.322,636.548,-0.006887518912449431,range,range,range_to_range,4,True
1010,rolling_2021_2023,2023-03-09,2023-03-10 00:00:00,2023-03-14,2023-03-15,1251800.0,1.016,1.035,635.9144,647.8065,0.017682595710019067,range,range,range_to_range,3,False
1010,rolling_2021_2023,2023-03-15,2023-03-16 00:00:00,2023-04-21,2023-04-24,1264000.0,1.024,1.136,647.168,717.9519999999999,0.1082661794102946,range,trend,range_to_trend,26,False
1010,rolling_2021_2023,2023-05-26,2023-05-29 10:00:00,2023-06-06,2023-06-07,1345700.0,1.066,1.052,717.2581000000001,707.8382,-0.014119581860101982,range,range,range_to_range,7,True
1010,rolling_2021_2023,2023-06-09,2023-06-12 00:00:00,2023-06-26,2023-06-27,1343100.0,1.053,1.035,707.1421499999999,695.05425,-0.018076431869535226,range,range,range_to_range,9,True
1010,rolling_2021_2023,2023-06-27,2023-06-28 00:00:00,2023-07-05,2023-07-06,1340400.0,1.036,1.029,694.3272000000001,689.6357999999999,-0.007749503626565235,range,trend,range_to_trend,6,True
1010,rolling_2021_2023,2023-07-31,2023-08-01 00:00:00,2023-08-08,2023-08-09,1387600.0,0.993,0.988,688.9434,685.4744000000001,-0.006029714246602702,trend,range,trend_to_range,6,True
1010,rolling_2021_2023,2023-08-30,2023-08-31 00:00:00,2023-09-07,2023-09-08,1428200.0,0.959,0.917,684.8219,654.8297000000001,-0.044751346954259974,trend,trend,trend_to_trend,6,True
1010,rolling_2021_2023,2023-09-27,2023-09-28 00:00:00,2023-10-16,2023-10-17,1448900.0,0.903,0.896,654.17835,649.1072,-0.008743690170418428,trend,trend,trend_to_trend,7,True
1010,rolling_2021_2023,2023-10-27,2023-10-30 00:00:00,2023-11-21,2023-11-22,1473700.0,0.88,0.905,648.428,666.84925,0.027381195765753485,trend,range,trend_to_range,17,False
1010,rolling_2021_2023,2023-12-08,2023-12-11 00:00:00,2023-12-13,2023-12-14,1510600.0,0.882,0.888,666.1745999999999,670.7064,0.005796421517132666,trend,range,trend_to_range,3,False
1010,rolling_2022_2024,2022-01-13,2022-01-14 00:00:00,2022-01-20,2022-01-21,750300.0,1.332,1.343,499.69980000000004,503.82645,0.007250503877190395,range,range,range_to_range,5,False
1010,rolling_2022_2024,2022-02-23,2022-02-24 00:00:00,2022-03-03,2022-03-04,799600.0,1.259,1.239,503.34819999999996,495.35220000000004,-0.016869246075929323,trend,trend,trend_to_trend,6,True
1010,rolling_2022_2024,2022-03-21,2022-03-22 00:00:00,2022-03-24,2022-03-25,840200.0,1.178,1.167,494.8778,490.2567,-0.010328027836675857,trend,trend,trend_to_trend,3,True
1010,rolling_2022_2024,2022-05-05,2022-05-06 00:00:00,2022-06-07,2022-06-08,1025600.0,0.955,1.139,489.724,584.0792,0.19147808294805468,trend,range,trend_to_range,22,False
1010,rolling_2022_2024,2022-06-08,2022-06-09 00:00:00,2022-06-21,2022-06-22,1029100.0,1.134,1.116,583.4997,574.2378000000001,-0.016856651039559467,range,range,range_to_range,9,True
1010,rolling_2022_2024,2022-06-24,2022-06-27 10:30:00,2022-06-28,2022-06-29,1009100.0,1.137,1.144,573.67335,577.2052,0.0051508986052268835,range,range,range_to_range,2,False
1010,rolling_2022_2024,2022-06-29,2022-06-30 00:00:00,2022-07-08,2022-07-11,1025100.0,1.125,1.13,576.61875,579.1815,0.003440501971236687,range,range,range_to_range,7,False
1010,rolling_2022_2024,2022-07-21,2022-07-22 10:00:00,2022-08-16,2022-08-17,1024100.0,1.13,1.173,578.6165,600.6346500000001,0.0370155630149529,trend,range,trend_to_range,18,False
1010,rolling_2022_2024,2022-10-17,2022-10-18 10:00:00,2022-11-21,2022-11-22,1212200.0,0.99,1.061,600.039,643.0721,0.07064599013624484,trend,trend,trend_to_trend,25,False
1010,rolling_2022_2024,2022-12-12,2022-12-13 00:00:00,2022-12-15,2022-12-16,1249900.0,1.028,1.01,642.4485999999999,631.1995000000001,-0.018491726899196315,range,range,range_to_range,3,True
1010,rolling_2022_2024,2022-12-30,2023-01-03 00:00:00,2023-01-11,2023-01-12,1277700.0,0.987,0.997,630.54495,636.93345,0.009122085360562027,range,range,range_to_range,7,False
1010,rolling_2022_2024,2023-01-16,2023-01-17 10:00:00,2023-02-08,2023-02-09,1250100.0,1.018,1.032,636.3009000000001,645.0516,0.012739209962798537,range,range,range_to_range,12,False
1010,rolling_2022_2024,2023-02-09,2023-02-10 00:00:00,2023-02-14,2023-02-15,1213600.0,1.062,1.047,644.4216,635.3196,-0.015109676800018068,range,range,range_to_range,3,True
1010,rolling_2022_2024,2023-03-01,2023-03-02 10:00:00,2023-03-07,2023-03-08,1246900.0,1.018,1.012,634.6721,630.9314,-0.00688751891244932,range,range,range_to_range,4,True
1010,rolling_2022_2024,2023-03-09,2023-03-10 00:00:00,2023-03-14,2023-03-15,1240700.0,1.016,1.035,630.2755999999999,642.0622500000001,0.017682595710019067,range,range,range_to_range,3,False
1010,rolling_2022_2024,2023-03-15,2023-03-16 00:00:00,2023-04-21,2023-04-24,1252800.0,1.024,1.136,641.4336,711.5903999999999,0.1082661794102946,range,trend,range_to_trend,26,False
1010,rolling_2022_2024,2023-05-26,2023-05-29 10:00:00,2023-06-06,2023-06-07,1333700.0,1.066,1.052,710.8621,701.5262000000001,-0.01411958186010187,range,range,range_to_range,7,True
1010,rolling_2022_2024,2023-06-09,2023-06-12 00:00:00,2023-06-26,2023-06-27,1331100.0,1.053,1.035,700.8241499999999,688.84425,-0.018076431869535226,range,range,range_to_range,9,True
1010,rolling_2022_2024,2023-06-27,2023-06-28 00:00:00,2023-07-05,2023-07-06,1328500.0,1.036,1.029,688.163,683.51325,-0.007749503626565124,range,trend,range_to_trend,6,True
1010,rolling_2022_2024,2023-07-31,2023-08-01 00:00:00,2023-08-08,2023-08-09,1375300.0,0.993,0.988,682.83645,679.3982,-0.006029714246602813,trend,range,trend_to_range,6,True
1010,rolling_2022_2024,2023-08-30,2023-08-31 00:00:00,2023-09-07,2023-09-08,1415500.0,0.959,0.917,678.73225,649.00675,-0.044751346954259974,trend,trend,trend_to_trend,6,True
1010,rolling_2022_2024,2023-09-27,2023-09-28 00:00:00,2023-10-16,2023-10-17,1436000.0,0.903,0.896,648.354,643.328,-0.00874369017041865,trend,trend,trend_to_trend,7,True
1010,rolling_2022_2024,2023-10-27,2023-10-30 00:00:00,2023-11-21,2023-11-22,1460700.0,0.88,0.905,642.708,660.96675,0.027381195765753485,trend,range,trend_to_range,17,False
1010,rolling_2022_2024,2023-12-08,2023-12-11 00:00:00,2023-12-13,2023-12-14,1497300.0,0.882,0.888,660.3093,664.8012,0.005796421517132222,trend,range,trend_to_range,3,False
1010,rolling_2022_2024,2023-12-28,2023-12-29 00:00:00,2024-01-03,2024-01-04,1528500.0,0.869,0.849,664.13325,648.84825,-0.02399145651570067,range,range,range_to_range,3,True
1010,rolling_2022_2024,2024-02-08,2024-02-19 10:00:00,2024-03-07,2024-03-08,1683600.0,0.77,0.814,648.186,685.2252,0.05608624259298911,trend,range,trend_to_range,14,False
1010,rolling_2022_2024,2024-03-08,2024-03-11 00:00:00,2024-03-13,2024-03-14,1675700.0,0.817,0.831,684.5234499999999,696.25335,0.016119235363958317,range,range,range_to_range,3,False
1010,rolling_2022_2024,2024-04-24,2024-04-25 00:00:00,2024-05-09,2024-05-10,1847500.0,0.753,0.796,695.58375,735.3050000000001,0.05604833705325296,range,range,range_to_range,8,False
1010,rolling_2022_2024,2024-05-10,2024-05-13 00:00:00,2024-05-15,2024-05-16,1883500.0,0.78,0.768,734.565,723.264,-0.016368738707569275,trend,trend,trend_to_trend,3,True
1010,rolling_2022_2024,2024-06-03,2024-06-04 00:00:00,2024-06-25,2024-06-26,1884100.0,0.767,0.734,722.55235,691.4647,-0.043981268818003016,trend,range,trend_to_range,15,False
1010,rolling_2022_2024,2024-07-16,2024-07-17 00:00:00,2024-07-23,2024-07-24,1847000.0,0.748,0.739,690.778,682.4665,-0.013019559738847164,range,range,range_to_range,5,True
1010,rolling_2022_2024,2024-07-31,2024-08-01 10:00:00,2024-08-05,2024-08-06,1787100.0,0.763,0.73,681.7786500000001,652.2915,-0.044206599190575124,trend,range,trend_to_range,3,True
1010,rolling_2022_2024,2024-08-15,2024-08-16 00:00:00,2024-08-20,2024-08-21,1795100.0,0.726,0.71,651.6212999999999,637.2605,-0.023016040189271725,range,range,range_to_range,3,True
1010,rolling_2022_2024,2024-09-24,2024-09-25 14:00:00,2024-10-30,2024-10-31,1861500.0,0.684,0.981,636.633,913.06575,0.43277703253636335,trend,trend,trend_to_trend,21,False
1010,rolling_2022_2024,2024-11-05,2024-11-06 10:00:00,2024-11-15,2024-11-18,1790300.0,1.019,1.014,912.1578499999998,907.6821,-0.005901367275145564,trend,trend,trend_to_trend,8,True
1010,rolling_2022_2024,2024-12-02,2024-12-03 00:00:00,2024-12-05,2024-12-06,1742100.0,1.041,1.03,906.7630499999999,897.1815,-0.011555701496033799,trend,trend,trend_to_trend,3,True
1010,rolling_2022_2024,2024-12-10,2024-12-11 00:00:00,2024-12-13,2024-12-16,1733600.0,1.034,1.013,896.2712000000001,878.0683999999999,-0.021288678678069273,trend,trend,trend_to_trend,3,True
1010,rolling_2023_2025,2022-12-30,2023-01-03 00:00:00,2023-01-11,2023-01-12,1012600.0,0.987,0.997,499.7181,504.7811,0.009122085360561805,range,range,range_to_range,7,False
1010,rolling_2023_2025,2023-01-16,2023-01-17 10:00:00,2023-02-08,2023-02-09,990700.0,1.018,1.032,504.2663,511.20120000000003,0.012739209962798537,range,range,range_to_range,12,False
1010,rolling_2023_2025,2023-02-09,2023-02-10 00:00:00,2023-02-14,2023-02-15,961800.0,1.062,1.047,510.71580000000006,503.5023,-0.01510967680001829,range,range,range_to_range,3,True
1010,rolling_2023_2025,2023-03-01,2023-03-02 10:00:00,2023-03-07,2023-03-08,988200.0,1.018,1.012,502.9938,500.0292,-0.006887518912449431,range,range,range_to_range,4,True
1010,rolling_2023_2025,2023-03-09,2023-03-10 00:00:00,2023-03-14,2023-03-15,983300.0,1.016,1.035,499.51640000000003,508.85774999999995,0.017682595710018845,range,range,range_to_range,3,False
1010,rolling_2023_2025,2023-03-15,2023-03-16 00:00:00,2023-04-21,2023-04-24,992900.0,1.024,1.136,508.3648,563.9671999999999,0.10826617941029482,range,trend,range_to_trend,26,False
1010,rolling_2023_2025,2023-05-26,2023-05-29 10:00:00,2023-06-06,2023-06-07,1057000.0,1.066,1.052,563.381,555.982,-0.014119581860101982,range,range,range_to_range,7,True
1010,rolling_2023_2025,2023-06-09,2023-06-12 00:00:00,2023-06-26,2023-06-27,1055000.0,1.053,1.035,555.4575,545.9625,-0.018076431869535226,range,range,range_to_range,9,True
1010,rolling_2023_2025,2023-06-27,2023-06-28 00:00:00,2023-07-05,2023-07-06,1052900.0,1.036,1.029,545.4022000000001,541.71705,-0.007749503626565346,range,trend,range_to_trend,6,True
1010,rolling_2023_2025,2023-07-31,2023-08-01 00:00:00,2023-08-08,2023-08-09,1090000.0,0.993,0.988,541.1850000000001,538.46,-0.006029714246602813,trend,range,trend_to_range,6,True
1010,rolling_2023_2025,2023-08-30,2023-08-31 00:00:00,2023-09-07,2023-09-08,1121800.0,0.959,0.917,537.9031,514.3453000000001,-0.044751346954259974,trend,trend,trend_to_trend,6,True
1010,rolling_2023_2025,2023-09-27,2023-09-28 00:00:00,2023-10-16,2023-10-17,1138100.0,0.903,0.896,513.85215,509.8688,-0.008743690170418872,trend,trend,trend_to_trend,7,True
1010,rolling_2023_2025,2023-10-27,2023-10-30 00:00:00,2023-11-21,2023-11-22,1157600.0,0.88,0.905,509.344,523.814,0.027381195765753485,trend,range,trend_to_range,17,False
1010,rolling_2023_2025,2023-12-08,2023-12-11 00:00:00,2023-12-13,2023-12-14,1186600.0,0.882,0.888,523.2906,526.8504,0.005796421517132666,trend,range,trend_to_range,3,False
1010,rolling_2023_2025,2023-12-28,2023-12-29 00:00:00,2024-01-03,2024-01-04,1211300.0,0.869,0.849,526.30985,514.19685,-0.023991456515700782,range,range,range_to_range,3,True
1010,rolling_2023_2025,2024-02-08,2024-02-19 10:00:00,2024-03-07,2024-03-08,1334300.0,0.77,0.814,513.7055,543.0601,0.05608624259298933,trend,range,trend_to_range,14,False
1010,rolling_2023_2025,2024-03-08,2024-03-11 00:00:00,2024-03-13,2024-03-14,1328100.0,0.817,0.831,542.52885,551.8255499999999,0.016119235363958317,range,range,range_to_range,3,False
1010,rolling_2023_2025,2024-04-24,2024-04-25 00:00:00,2024-05-09,2024-05-10,1464200.0,0.753,0.796,551.2713000000001,582.7515999999999,0.05604833705325274,range,range,range_to_range,8,False
1010,rolling_2023_2025,2024-05-10,2024-05-13 00:00:00,2024-05-15,2024-05-16,1492700.0,0.78,0.768,582.153,573.1968,-0.016368738707569164,trend,trend,trend_to_trend,3,True
1010,rolling_2023_2025,2024-06-03,2024-06-04 00:00:00,2024-06-25,2024-06-26,1493200.0,0.767,0.734,572.6422,548.0044,-0.043981268818002794,trend,range,trend_to_range,15,False
1010,rolling_2023_2025,2024-07-16,2024-07-17 00:00:00,2024-07-23,2024-07-24,1463800.0,0.748,0.739,547.4612,540.8741,-0.013019559738847053,range,range,range_to_range,5,True
1010,rolling_2023_2025,2024-07-31,2024-08-01 10:00:00,2024-08-05,2024-08-06,1416300.0,0.763,0.73,540.31845,516.9495000000001,-0.0442065991905749,trend,range,trend_to_range,3,True
1010,rolling_2023_2025,2024-08-15,2024-08-16 00:00:00,2024-08-20,2024-08-21,1422700.0,0.726,0.71,516.4401,505.05850000000004,-0.023016040189271725,range,range,range_to_range,3,True
1010,rolling_2023_2025,2024-09-24,2024-09-25 14:00:00,2024-10-30,2024-10-31,1475300.0,0.684,0.981,504.55260000000004,723.6346500000001,0.43277703253636335,trend,trend,trend_to_trend,21,False
1010,rolling_2023_2025,2024-11-05,2024-11-06 10:00:00,2024-11-15,2024-11-18,1418800.0,1.019,1.014,722.8786,719.3316,-0.005901367275145453,trend,trend,trend_to_trend,8,True
1010,rolling_2023_2025,2024-12-02,2024-12-03 00:00:00,2024-12-05,2024-12-06,1380700.0,1.041,1.03,718.65435,711.0605,-0.011555701496033799,trend,trend,trend_to_trend,3,True
1010,rolling_2023_2025,2024-12-10,2024-12-11 00:00:00,2024-12-13,2024-12-16,1373900.0,1.034,1.013,710.3063000000001,695.88035,-0.021288678678069273,trend,trend,trend_to_trend,3,True
1010,rolling_2023_2025,2024-12-20,2024-12-23 00:00:00,2024-12-31,2025-01-02,1343400.0,1.035,1.01,695.2095,678.417,-0.025129947103742833,trend,range,trend_to_range,7,True
1010,rolling_2023_2025,2025-01-07,2025-01-08 00:00:00,2025-01-13,2025-01-14,1383100.0,0.98,0.98,677.719,677.719,-0.0009995002498751626,range,range,range_to_range,4,True
1010,rolling_2023_2025,2025-01-14,2025-01-15 00:00:00,2025-03-11,2025-03-12,1351400.0,1.002,1.133,677.0514000000001,765.5681,0.12960834951785571,range,range,range_to_range,34,False
1010,rolling_2023_2025,2025-04-17,2025-04-18 00:00:00,2025-04-24,2025-04-25,1477900.0,1.035,1.027,764.8132499999999,758.9016499999999,-0.00872124324311263,range,range,range_to_range,5,True
1010,rolling_2023_2025,2025-05-08,2025-05-09 00:00:00,2025-05-15,2025-05-16,1449600.0,1.046,1.02,758.1408,739.296,-0.025831252633721435,range,range,range_to_range,5,True
1010,rolling_2023_2025,2025-06-05,2025-06-06 00:00:00,2025-06-10,2025-06-11,1443900.0,1.023,1.007,738.55485,727.0036499999999,-0.016624141497188938,trend,trend,trend_to_trend,3,True
1010,rolling_2023_2025,2025-06-24,2025-06-25 10:30:00,2025-07-08,2025-07-09,1448200.0,1.003,1.017,726.2723,736.4096999999999,0.012944674223207553,trend,range,trend_to_range,10,False
1010,rolling_2023_2025,2025-07-11,2025-07-14 10:00:00,2025-08-08,2025-08-11,1442500.0,1.02,1.07,735.6750000000001,771.7375000000001,0.04797111248297403,range,range,range_to_range,20,False
1010,rolling_2023_2025,2025-08-12,2025-08-13 10:00:00,2025-09-08,2025-09-09,1404300.0,1.098,1.28,770.9607000000001,898.7520000000001,0.16459074652109273,trend,trend,trend_to_trend,19,False
1010,rolling_2023_2025,2025-09-10,2025-09-11 00:00:00,2025-10-14,2025-10-15,1397400.0,1.285,1.442,897.8295,1007.5253999999999,0.12105737014761098,trend,trend,trend_to_trend,18,False
1010,rolling_2023_2025,2025-10-24,2025-10-27 10:30:00,2025-10-30,2025-10-31,1341200.0,1.501,1.4923366,1006.5706,1000.76092396,-0.006765483547366835,trend,trend,trend_to_trend,4,True
1010,rolling_2023_2025,2025-12-08,2025-12-09 00:00:00,2025-12-11,2025-12-12,1449700.0,1.3792502000000002,1.3630950000000002,999.7495074700003,988.0394107500002,-0.012700823819422613,range,range,range_to_range,3,True
1010,rolling_2023_2025,2025-12-17,2025-12-18 00:00:00,2025-12-24,2025-12-25,1459000.0,1.352998,1.3873278000000002,987.012041,1012.0556301000003,0.024348273624382077,range,range,range_to_range,5,False
1010,rolling_2024_2026,2023-12-29,2024-01-02 00:00:00,2024-01-03,2024-01-04,1146200.0,0.872,0.849,499.7432,486.5619,-0.027349284073559632,range,range,range_to_range,2,True
1010,rolling_2024_2026,2024-02-08,2024-02-19 10:00:00,2024-03-07,2024-03-08,1262500.0,0.77,0.814,486.0625,513.8375,0.05608624259298911,trend,range,trend_to_range,14,False
1010,rolling_2024_2026,2024-03-08,2024-03-11 00:00:00,2024-03-13,2024-03-14,1256600.0,0.817,0.831,513.3211,522.1173,0.016119235363958317,range,range,range_to_range,3,False
1010,rolling_2024_2026,2024-04-24,2024-04-25 00:00:00,2024-05-09,2024-05-10,1385400.0,0.753,0.796,521.6031,551.3892000000001,0.05604833705325296,range,range,range_to_range,8,False
1010,rolling_2024_2026,2024-05-10,2024-05-13 00:00:00,2024-05-15,2024-05-16,1412400.0,0.78,0.768,550.836,542.3616,-0.016368738707569164,trend,trend,trend_to_trend,3,True
1010,rolling_2024_2026,2024-06-03,2024-06-04 00:00:00,2024-06-25,2024-06-26,1412800.0,0.767,0.734,541.8088,518.4976,-0.04398126881800313,trend,range,trend_to_range,15,False
1010,rolling_2024_2026,2024-07-16,2024-07-17 00:00:00,2024-07-23,2024-07-24,1385000.0,0.748,0.739,517.99,511.7575,-0.013019559738847053,range,range,range_to_range,5,True
1010,rolling_2024_2026,2024-07-31,2024-08-01 10:00:00,2024-08-05,2024-08-06,1340100.0,0.763,0.73,511.24815,489.1365,-0.044206599190575124,trend,range,trend_to_range,3,True
1010,rolling_2024_2026,2024-08-15,2024-08-16 00:00:00,2024-08-20,2024-08-21,1346100.0,0.726,0.71,488.6343,477.8655,-0.023016040189271725,range,range,range_to_range,3,True
1010,rolling_2024_2026,2024-09-24,2024-09-25 14:00:00,2024-10-30,2024-10-31,1395900.0,0.684,0.981,477.3978000000001,684.68895,0.4327770325363629,trend,trend,trend_to_trend,21,False
1010,rolling_2024_2026,2024-11-05,2024-11-06 10:00:00,2024-11-15,2024-11-18,1342500.0,1.019,1.014,684.0037499999999,680.6475,-0.005901367275145342,trend,trend,trend_to_trend,8,True
1010,rolling_2024_2026,2024-12-02,2024-12-03 00:00:00,2024-12-05,2024-12-06,1306400.0,1.041,1.03,679.9812,672.796,-0.01155570149603391,trend,trend,trend_to_trend,3,True
1010,rolling_2024_2026,2024-12-10,2024-12-11 00:00:00,2024-12-13,2024-12-16,1300000.0,1.034,1.013,672.1,658.4499999999999,-0.021288678678069273,trend,trend,trend_to_trend,3,True
1010,rolling_2024_2026,2024-12-20,2024-12-23 00:00:00,2024-12-31,2025-01-02,1271100.0,1.035,1.01,657.79425,641.9055,-0.025129947103742944,trend,range,trend_to_range,7,True
1010,rolling_2024_2026,2025-01-07,2025-01-08 00:00:00,2025-01-13,2025-01-14,1308700.0,0.98,0.98,641.263,641.263,-0.0009995002498751626,range,range,range_to_range,4,True
1010,rolling_2024_2026,2025-01-14,2025-01-15 00:00:00,2025-03-11,2025-03-12,1278700.0,1.002,1.133,640.6287,724.38355,0.12960834951785616,range,range,range_to_range,34,False
1010,rolling_2024_2026,2025-04-17,2025-04-18 00:00:00,2025-04-24,2025-04-25,1398400.0,1.035,1.027,723.672,718.0783999999999,-0.008721243243112853,range,range,range_to_range,5,True
1010,rolling_2024_2026,2025-05-08,2025-05-09 00:00:00,2025-05-15,2025-05-16,1371600.0,1.046,1.02,717.3468,699.516,-0.025831252633721435,range,range,range_to_range,5,True
1010,rolling_2024_2026,2025-06-05,2025-06-06 00:00:00,2025-06-10,2025-06-11,1366200.0,1.023,1.007,698.8113,687.8817,-0.016624141497188827,trend,trend,trend_to_trend,3,True
1010,rolling_2024_2026,2025-06-24,2025-06-25 10:30:00,2025-07-08,2025-07-09,1370300.0,1.003,1.017,687.2054499999999,696.79755,0.01294467422320733,trend,range,trend_to_range,10,False
1010,rolling_2024_2026,2025-07-11,2025-07-14 10:00:00,2025-08-08,2025-08-11,1364900.0,1.02,1.07,696.099,730.2215,0.047971112482974254,range,range,range_to_range,20,False
1010,rolling_2024_2026,2025-08-12,2025-08-13 10:00:00,2025-09-08,2025-09-09,1328700.0,1.098,1.28,729.4563,850.368,0.16459074652109273,trend,trend,trend_to_trend,19,False
1010,rolling_2024_2026,2025-09-10,2025-09-11 00:00:00,2025-10-14,2025-10-15,1322200.0,1.285,1.442,849.5135,953.3062,0.12105737014761098,trend,trend,trend_to_trend,18,False
1010,rolling_2024_2026,2025-10-24,2025-10-27 10:30:00,2025-10-30,2025-10-31,1269000.0,1.501,1.4923366,952.3844999999999,946.8875727000001,-0.006765483547366724,trend,trend,trend_to_trend,4,True
1010,rolling_2024_2026,2025-12-08,2025-12-09 00:00:00,2025-12-11,2025-12-12,1371700.0,1.3792502000000002,1.3630950000000002,945.9587496700002,934.8787057500001,-0.012700823819422724,range,range,range_to_range,3,True
1010,rolling_2024_2026,2025-12-17,2025-12-18 00:00:00,2025-12-24,2025-12-25,1380500.0,1.352998,1.3873278000000002,933.9068695,957.6030139500002,0.024348273624382077,range,range,range_to_range,5,False
1010,rolling_2024_2026,2025-12-25,2025-12-26 00:00:00,2026-01-29,2026-01-30,1379100.0,1.3873278000000002,1.5488798,956.6318844900002,1068.03006609,0.11533243567444762,range,trend,range_to_trend,23,False
1010,rolling_2024_2026,2026-02-25,2026-02-26 10:00:00,2026-03-02,2026-03-03,1406700.0,1.517,1.5105112,1066.9819499999999,1062.4180525200002,-0.005272614582622848,trend,trend,trend_to_trend,3,True
1010,rolling_2024_2026,2026-04-08,2026-04-09 00:00:00,2026-04-23,2026-04-24,1539000.0,1.3792502000000002,1.4812299000000002,1061.3330289000003,1139.8064080500003,0.0728651047828941,range,range,range_to_range,11,False
1010,rolling_2024_2026,2026-04-27,2026-04-28 00:00:00,2026-04-29,2026-04-30,1471300.0,1.5478701,1.5549380000000002,1138.690639065,1143.8901397000002,0.003562145867705535,range,range,range_to_range,2,False
1010,rolling_2024_2026,2026-05-06,2026-05-07 10:00:00,2026-06-01,2026-06-02,1338900.0,1.707,1.7215385,1142.75115,1152.4839488250002,0.0075089758869832934,range,trend,range_to_trend,18,False
1010,rolling_2024_2026,2026-06-09,2026-06-10 00:00:00,2026-06-12,2026-06-15,1349400.0,1.706393,1.7397131,1151.3033571,1173.78442857,0.01850761010027524,range,trend,range_to_trend,3,False
1010,rolling_2024_2026,2026-06-16,2026-06-17 00:00:00,2026-07-13,2026-07-14,1311500.0,1.7881787,2.0476716,1172.598182525,1342.7606517000002,0.14397121032933557,trend,trend,trend_to_trend,18,False
1010,rolling_2024_2026,2026-08-05,2026-08-06 00:00:00,2026-08-10,2026-08-11,1567600.0,1.7114415,1.7700041,1341.4278477,1387.32921358,0.03318458764717924,range,range,range_to_range,3,False
1010,rolling_2024_2026,2026-08-12,2026-08-13 15:00:00,2026-08-19,2026-08-20,1545100.0,1.794,1.736684,1385.9547,1341.6752241999998,-0.03291628544702019,range,range,range_to_range,5,True
1010,rolling_2024_2026,2026-08-21,2026-08-24 10:00:00,2026-08-26,2026-08-27,1569500.0,1.708,1.6952863,1340.353,1330.375923925,-0.008435678618536224,range,range,range_to_range,3,True
977,full_2021_2026,2021-01-12,2021-01-13 10:30:00,2021-01-28,2021-01-29,697000.0,1.434,1.456,499.749,507.416,0.014326867249778275,warmup,warmup,warmup_to_warmup,12,False
977,full_2021_2026,2021-03-26,2021-03-29 10:00:00,2021-04-12,2021-04-13,791400.0,1.281,1.267,506.89169999999996,501.3519,-0.011917538498510294,trend,range,trend_to_range,10,True
977,full_2021_2026,2021-04-16,2021-04-19 00:00:00,2021-05-07,2021-05-10,770500.0,1.3,1.295,500.825,498.89875,-0.004841809864298607,trend,trend,trend_to_trend,12,False
977,full_2021_2026,2021-05-14,2021-05-17 00:00:00,2021-06-16,2021-06-17,751800.0,1.326,1.441,498.44340000000005,541.6719,0.08564081458516593,range,trend,range_to_trend,22,False
977,full_2021_2026,2021-06-17,2021-06-18 00:00:00,2021-07-06,2021-07-07,719100.0,1.505,1.557,541.12275,559.81935,0.03351746053883353,trend,trend,trend_to_trend,13,False
977,full_2021_2026,2021-07-07,2021-07-08 00:00:00,2021-07-14,2021-07-15,698200.0,1.602,1.589,559.2582000000001,554.7199,-0.009106245878309327,trend,trend,trend_to_trend,5,True
977,full_2021_2026,2021-07-29,2021-07-30 00:00:00,2021-08-09,2021-08-10,681600.0,1.626,1.604,554.1407999999999,546.6432000000001,-0.014516112177613283,trend,trend,trend_to_trend,7,True
977,full_2021_2026,2021-08-24,2021-08-25 00:00:00,2021-08-27,2021-08-30,675000.0,1.618,1.525,546.075,514.6875,-0.05842041896233596,trend,range,trend_to_range,3,True
977,full_2021_2026,2021-10-15,2021-10-18 00:00:00,2021-10-27,2021-10-28,735600.0,1.398,1.391,514.1844,511.6098,-0.006001648674947124,trend,trend,trend_to_trend,8,True
977,full_2021_2026,2021-10-29,2021-11-01 10:00:00,2021-12-02,2021-12-03,714300.0,1.431,1.469,511.08165,524.6533499999999,0.025528814907710196,trend,range,trend_to_range,24,False
977,full_2021_2026,2021-12-03,2021-12-06 00:00:00,2021-12-08,2021-12-09,707400.0,1.482,1.45,524.1834,512.865,-0.022570361243130166,range,range,range_to_range,3,True
977,full_2021_2026,2021-12-10,2021-12-13 00:00:00,2021-12-15,2021-12-16,690500.0,1.484,1.463,512.351,505.10075,-0.015136299774641038,range,range,range_to_range,3,True
977,full_2021_2026,2021-12-31,2022-01-04 00:00:00,2022-01-06,2022-01-07,703200.0,1.435,1.366,504.546,480.28560000000004,-0.049035064349358226,range,range,range_to_range,3,True
977,full_2021_2026,2022-01-17,2022-01-18 00:00:00,2022-01-21,2022-01-24,699500.0,1.372,1.326,479.8570000000001,463.7685,-0.034493686101555676,range,range,range_to_range,4,True
977,full_2021_2026,2022-02-23,2022-02-24 00:00:00,2022-03-03,2022-03-04,736000.0,1.259,1.239,463.31199999999995,455.95200000000006,-0.016869246075929323,trend,trend,trend_to_trend,6,True
977,full_2021_2026,2022-03-21,2022-03-22 00:00:00,2022-03-24,2022-03-25,773300.0,1.178,1.167,455.47369999999995,451.22055,-0.010328027836675746,trend,trend,trend_to_trend,3,True
977,full_2021_2026,2022-05-05,2022-05-06 00:00:00,2022-06-22,2022-06-23,944000.0,0.955,1.095,450.76,516.84,0.14545083479202803,trend,range,trend_to_range,33,False
977,full_2021_2026,2022-06-24,2022-06-27 10:30:00,2022-07-05,2022-07-06,908200.0,1.137,1.122,516.3117,509.50020000000006,-0.014178926367950484,range,range,range_to_range,7,True
977,full_2021_2026,2022-07-06,2022-07-07 00:00:00,2022-07-11,2022-07-12,896100.0,1.136,1.11,508.98479999999995,497.3355000000001,-0.02386394830753613,range,range,range_to_range,3,True
977,full_2021_2026,2022-07-21,2022-07-22 10:00:00,2022-08-19,2022-08-22,879400.0,1.13,1.137,496.86099999999993,499.93890000000005,0.005188998421143509,trend,trend,trend_to_trend,21,False
977,full_2021_2026,2022-10-17,2022-10-18 10:00:00,2022-11-21,2022-11-22,1009000.0,0.99,1.061,499.455,535.2745,0.07064599013624506,trend,trend,trend_to_trend,25,False
977,full_2021_2026,2022-12-30,2023-01-03 00:00:00,2023-02-16,2023-02-17,1083500.0,0.987,1.028,534.70725,556.919,0.04049900075291646,range,range,range_to_range,28,False
977,full_2021_2026,2023-03-01,2023-03-02 10:00:00,2023-03-07,2023-03-08,1093100.0,1.018,1.012,556.3879000000001,553.1086,-0.006887518912449431,range,range,range_to_range,4,True
977,full_2021_2026,2023-03-14,2023-03-15 11:30:00,2023-04-21,2023-04-24,1068800.0,1.034,1.136,552.5696,607.0783999999999,0.09754793782992444,range,trend,range_to_trend,27,False
977,full_2021_2026,2023-04-28,2023-05-04 00:00:00,2023-05-08,2023-05-09,1098600.0,1.104,1.082,606.4272000000001,594.3426000000001,-0.02090711890431607,range,range,range_to_range,3,True
977,full_2021_2026,2023-05-16,2023-05-17 00:00:00,2023-05-23,2023-05-24,1134200.0,1.047,1.038,593.7537,588.6498,-0.009586897095864577,range,range,range_to_range,5,True
977,full_2021_2026,2023-05-26,2023-05-29 10:00:00,2023-06-06,2023-06-07,1103300.0,1.066,1.052,588.0589,580.3358000000001,-0.01411958186010187,range,range,range_to_range,7,True
977,full_2021_2026,2023-06-09,2023-06-12 00:00:00,2023-06-26,2023-06-27,1101200.0,1.053,1.035,579.7818,569.871,-0.018076431869535226,range,range,range_to_range,9,True
977,full_2021_2026,2023-07-03,2023-07-04 00:00:00,2023-07-06,2023-07-07,1104400.0,1.031,1.024,569.3181999999999,565.4528,-0.007782238851476331,range,trend,range_to_trend,3,True
977,full_2021_2026,2023-07-31,2023-08-01 00:00:00,2023-08-08,2023-08-09,1137700.0,0.993,0.988,564.86805,562.0238,-0.006029714246602813,trend,range,trend_to_range,6,True
977,full_2021_2026,2023-08-30,2023-08-31 00:00:00,2023-09-07,2023-09-08,1170900.0,0.959,0.917,561.4465499999999,536.85765,-0.04475134695425986,trend,trend,trend_to_trend,6,True
977,full_2021_2026,2023-09-27,2023-09-28 00:00:00,2023-10-16,2023-10-17,1187900.0,0.903,0.896,536.33685,532.1791999999999,-0.00874369017041865,trend,trend,trend_to_trend,7,True
977,full_2021_2026,2023-10-27,2023-10-30 00:00:00,2023-11-22,2023-11-23,1208300.0,0.88,0.892,531.652,538.9018000000001,0.012623233837626646,trend,range,trend_to_range,18,False
977,full_2021_2026,2023-12-08,2023-12-11 00:00:00,2023-12-15,2023-12-18,1220800.0,0.882,0.867,538.3728000000001,529.2168,-0.017989304667394235,trend,range,trend_to_range,5,True
977,full_2021_2026,2023-12-28,2023-12-29 00:00:00,2024-01-04,2024-01-05,1216700.0,0.869,0.842,528.65615,512.2307,-0.03203864120873978,range,range,range_to_range,4,True
977,full_2021_2026,2024-02-08,2024-02-19 10:00:00,2024-03-14,2024-03-15,1329200.0,0.77,0.821,511.742,545.6366,0.06516806531799024,trend,range,trend_to_range,19,False
977,full_2021_2026,2024-03-18,2024-03-19 00:00:00,2024-03-21,2024-03-22,1293200.0,0.843,0.822,545.0838,531.5052,-0.02588563369560759,range,range,range_to_range,3,True
977,full_2021_2026,2024-04-26,2024-04-29 10:00:00,2024-05-15,2024-05-16,1377400.0,0.771,0.768,530.9877000000001,528.9216,-0.004886661727502073,range,trend,range_to_trend,10,True
977,full_2021_2026,2024-06-03,2024-06-04 00:00:00,2024-06-25,2024-06-26,1377800.0,0.767,0.734,528.3863,505.6526,-0.043981268818003016,trend,range,trend_to_range,15,False
977,full_2021_2026,2024-07-11,2024-07-12 00:00:00,2024-07-24,2024-07-25,1380200.0,0.732,0.727,505.1532,501.70270000000005,-0.007823274155272064,range,range,range_to_range,9,True
977,full_2021_2026,2024-07-26,2024-07-29 00:00:00,2024-08-05,2024-08-06,1360100.0,0.737,0.73,501.19685,496.4365,-0.010487971753607495,range,range,range_to_range,6,True
977,full_2021_2026,2024-09-24,2024-09-25 14:00:00,2024-10-30,2024-10-31,1450100.0,0.684,0.981,495.93420000000003,711.27405,0.43277703253636335,trend,trend,trend_to_trend,21,False
977,full_2021_2026,2024-11-05,2024-11-06 10:00:00,2024-11-15,2024-11-18,1394600.0,1.019,1.014,710.5486999999999,707.0622,-0.005901367275145564,trend,trend,trend_to_trend,8,True
977,full_2021_2026,2024-12-02,2024-12-03 00:00:00,2024-12-05,2024-12-06,1357100.0,1.041,1.03,706.37055,698.9065,-0.01155570149603391,trend,trend,trend_to_trend,3,True
977,full_2021_2026,2024-12-10,2024-12-11 00:00:00,2024-12-13,2024-12-16,1350500.0,1.034,1.013,698.2085,684.0282499999998,-0.02128867867806916,trend,trend,trend_to_trend,3,True
977,full_2021_2026,2024-12-20,2024-12-23 00:00:00,2024-12-31,2025-01-02,1320500.0,1.035,1.01,683.35875,666.8525,-0.025129947103742722,trend,range,trend_to_range,7,True
977,full_2021_2026,2025-01-14,2025-01-15 00:00:00,2025-03-13,2025-03-14,1329700.0,1.002,1.095,666.1796999999999,728.01075,0.09172210302034634,range,range,range_to_range,36,False
977,full_2021_2026,2025-04-15,2025-04-16 10:00:00,2025-04-18,2025-04-21,1414900.0,1.028,1.034,727.2586,731.5033000000001,0.0048312419665654804,range,range,range_to_range,3,False
977,full_2021_2026,2025-04-21,2025-04-22 00:00:00,2025-04-24,2025-04-25,1405400.0,1.04,1.027,730.808,721.6728999999999,-0.013487006496751608,range,range,range_to_range,3,True
977,full_2021_2026,2025-05-06,2025-05-07 14:00:00,2025-05-09,2025-05-12,1373200.0,1.05,1.034,720.9300000000001,709.9444000000001,-0.01622236500797203,range,range,range_to_range,3,True
977,full_2021_2026,2025-05-14,2025-05-15 00:00:00,2025-05-19,2025-05-20,1369200.0,1.036,1.019,709.2456,697.6073999999999,-0.01739236559326529,range,range,range_to_range,3,True
977,full_2021_2026,2025-06-05,2025-06-06 00:00:00,2025-06-10,2025-06-11,1362500.0,1.023,1.007,696.9187499999999,686.01875,-0.016624141497188827,trend,trend,trend_to_trend,3,True
977,full_2021_2026,2025-06-24,2025-06-25 10:30:00,2025-09-08,2025-09-09,1366500.0,1.003,1.28,685.2997499999999,874.5600000000001,0.27489595182468607,trend,trend,trend_to_trend,54,False
977,full_2021_2026,2025-09-10,2025-09-11 00:00:00,2025-10-14,2025-10-15,1359800.0,1.285,1.442,873.6715,980.4158,0.12105737014761098,trend,trend,trend_to_trend,18,False
977,full_2021_2026,2025-10-24,2025-10-27 10:30:00,2025-10-30,2025-10-31,1305100.0,1.501,1.4923366,979.47755,973.82424833,-0.006765483547366835,trend,trend,trend_to_trend,4,True
977,full_2021_2026,2025-12-08,2025-12-09 00:00:00,2025-12-11,2025-12-12,1410700.0,1.3792502000000002,1.3630950000000002,972.8541285700002,961.4590582500001,-0.012700823819422724,range,range,range_to_range,3,True
977,full_2021_2026,2025-12-12,2025-12-15 00:00:00,2026-01-29,2026-01-30,1397900.0,1.3742017,1.5488798,960.4982782149999,1082.58953621,0.1259858681974222,range,trend,range_to_trend,32,False
977,full_2021_2026,2026-02-25,2026-02-26 10:00:00,2026-03-02,2026-03-03,1425800.0,1.517,1.5105112,1081.4693,1076.84343448,-0.005272614582622959,trend,trend,trend_to_trend,3,True
977,full_2021_2026,2026-04-08,2026-04-09 00:00:00,2026-06-01,2026-06-02,1559900.0,1.3792502000000002,1.7215385,1075.7461934900002,1342.713953075,0.24692229287991418,range,trend,range_to_trend,35,False
977,full_2021_2026,2026-06-16,2026-06-17 00:00:00,2026-07-13,2026-07-14,1500300.0,1.7881787,2.0476716,1341.402251805,1536.0608507400002,0.14397121032933557,trend,trend,trend_to_trend,18,False
977,full_2021_2026,2026-08-04,2026-08-05 00:00:00,2026-08-13,2026-08-14,1843300.0,1.6649953000000002,1.7891884,1534.542918245,1649.00548886,0.07351660737248111,range,range,range_to_range,7,False
977,full_2021_2026,2026-08-27,2026-08-28 00:00:00,2026-09-01,2026-09-02,1886100.0,1.746781,1.6771117000000002,1647.3018220499998,1581.6001886850001,-0.0408440288526255,range,range,range_to_range,3,True
977,rolling_2021_2023,2021-01-12,2021-01-13 10:30:00,2021-01-28,2021-01-29,697000.0,1.434,1.456,499.749,507.416,0.014326867249778275,warmup,warmup,warmup_to_warmup,12,False
977,rolling_2021_2023,2021-03-26,2021-03-29 10:00:00,2021-04-12,2021-04-13,791400.0,1.281,1.267,506.89169999999996,501.3519,-0.011917538498510294,trend,range,trend_to_range,10,True
977,rolling_2021_2023,2021-04-16,2021-04-19 00:00:00,2021-05-07,2021-05-10,770500.0,1.3,1.295,500.825,498.89875,-0.004841809864298607,trend,trend,trend_to_trend,12,False
977,rolling_2021_2023,2021-05-14,2021-05-17 00:00:00,2021-06-16,2021-06-17,751800.0,1.326,1.441,498.44340000000005,541.6719,0.08564081458516593,range,trend,range_to_trend,22,False
977,rolling_2021_2023,2021-06-17,2021-06-18 00:00:00,2021-07-06,2021-07-07,719100.0,1.505,1.557,541.12275,559.81935,0.03351746053883353,trend,trend,trend_to_trend,13,False
977,rolling_2021_2023,2021-07-07,2021-07-08 00:00:00,2021-07-14,2021-07-15,698200.0,1.602,1.589,559.2582000000001,554.7199,-0.009106245878309327,trend,trend,trend_to_trend,5,True
977,rolling_2021_2023,2021-07-29,2021-07-30 00:00:00,2021-08-09,2021-08-10,681600.0,1.626,1.604,554.1407999999999,546.6432000000001,-0.014516112177613283,trend,trend,trend_to_trend,7,True
977,rolling_2021_2023,2021-08-24,2021-08-25 00:00:00,2021-08-27,2021-08-30,675000.0,1.618,1.525,546.075,514.6875,-0.05842041896233596,trend,range,trend_to_range,3,True
977,rolling_2021_2023,2021-10-15,2021-10-18 00:00:00,2021-10-27,2021-10-28,735600.0,1.398,1.391,514.1844,511.6098,-0.006001648674947124,trend,trend,trend_to_trend,8,True
977,rolling_2021_2023,2021-10-29,2021-11-01 10:00:00,2021-12-02,2021-12-03,714300.0,1.431,1.469,511.08165,524.6533499999999,0.025528814907710196,trend,range,trend_to_range,24,False
977,rolling_2021_2023,2021-12-03,2021-12-06 00:00:00,2021-12-08,2021-12-09,707400.0,1.482,1.45,524.1834,512.865,-0.022570361243130166,range,range,range_to_range,3,True
977,rolling_2021_2023,2021-12-10,2021-12-13 00:00:00,2021-12-15,2021-12-16,690500.0,1.484,1.463,512.351,505.10075,-0.015136299774641038,range,range,range_to_range,3,True
977,rolling_2021_2023,2021-12-31,2022-01-04 00:00:00,2022-01-06,2022-01-07,703200.0,1.435,1.366,504.546,480.28560000000004,-0.049035064349358226,range,range,range_to_range,3,True
977,rolling_2021_2023,2022-01-17,2022-01-18 00:00:00,2022-01-21,2022-01-24,699500.0,1.372,1.326,479.8570000000001,463.7685,-0.034493686101555676,range,range,range_to_range,4,True
977,rolling_2021_2023,2022-02-23,2022-02-24 00:00:00,2022-03-03,2022-03-04,736000.0,1.259,1.239,463.31199999999995,455.95200000000006,-0.016869246075929323,trend,trend,trend_to_trend,6,True
977,rolling_2021_2023,2022-03-21,2022-03-22 00:00:00,2022-03-24,2022-03-25,773300.0,1.178,1.167,455.47369999999995,451.22055,-0.010328027836675746,trend,trend,trend_to_trend,3,True
977,rolling_2021_2023,2022-05-05,2022-05-06 00:00:00,2022-06-22,2022-06-23,944000.0,0.955,1.095,450.76,516.84,0.14545083479202803,trend,range,trend_to_range,33,False
977,rolling_2021_2023,2022-06-24,2022-06-27 10:30:00,2022-07-05,2022-07-06,908200.0,1.137,1.122,516.3117,509.50020000000006,-0.014178926367950484,range,range,range_to_range,7,True
977,rolling_2021_2023,2022-07-06,2022-07-07 00:00:00,2022-07-11,2022-07-12,896100.0,1.136,1.11,508.98479999999995,497.3355000000001,-0.02386394830753613,range,range,range_to_range,3,True
977,rolling_2021_2023,2022-07-21,2022-07-22 10:00:00,2022-08-19,2022-08-22,879400.0,1.13,1.137,496.86099999999993,499.93890000000005,0.005188998421143509,trend,trend,trend_to_trend,21,False
977,rolling_2021_2023,2022-10-17,2022-10-18 10:00:00,2022-11-21,2022-11-22,1009000.0,0.99,1.061,499.455,535.2745,0.07064599013624506,trend,trend,trend_to_trend,25,False
977,rolling_2021_2023,2022-12-30,2023-01-03 00:00:00,2023-02-16,2023-02-17,1083500.0,0.987,1.028,534.70725,556.919,0.04049900075291646,range,range,range_to_range,28,False
977,rolling_2021_2023,2023-03-01,2023-03-02 10:00:00,2023-03-07,2023-03-08,1093100.0,1.018,1.012,556.3879000000001,553.1086,-0.006887518912449431,range,range,range_to_range,4,True
977,rolling_2021_2023,2023-03-14,2023-03-15 11:30:00,2023-04-21,2023-04-24,1068800.0,1.034,1.136,552.5696,607.0783999999999,0.09754793782992444,range,trend,range_to_trend,27,False
977,rolling_2021_2023,2023-04-28,2023-05-04 00:00:00,2023-05-08,2023-05-09,1098600.0,1.104,1.082,606.4272000000001,594.3426000000001,-0.02090711890431607,range,range,range_to_range,3,True
977,rolling_2021_2023,2023-05-16,2023-05-17 00:00:00,2023-05-23,2023-05-24,1134200.0,1.047,1.038,593.7537,588.6498,-0.009586897095864577,range,range,range_to_range,5,True
977,rolling_2021_2023,2023-05-26,2023-05-29 10:00:00,2023-06-06,2023-06-07,1103300.0,1.066,1.052,588.0589,580.3358000000001,-0.01411958186010187,range,range,range_to_range,7,True
977,rolling_2021_2023,2023-06-09,2023-06-12 00:00:00,2023-06-26,2023-06-27,1101200.0,1.053,1.035,579.7818,569.871,-0.018076431869535226,range,range,range_to_range,9,True
977,rolling_2021_2023,2023-07-03,2023-07-04 00:00:00,2023-07-06,2023-07-07,1104400.0,1.031,1.024,569.3181999999999,565.4528,-0.007782238851476331,range,trend,range_to_trend,3,True
977,rolling_2021_2023,2023-07-31,2023-08-01 00:00:00,2023-08-08,2023-08-09,1137700.0,0.993,0.988,564.86805,562.0238,-0.006029714246602813,trend,range,trend_to_range,6,True
977,rolling_2021_2023,2023-08-30,2023-08-31 00:00:00,2023-09-07,2023-09-08,1170900.0,0.959,0.917,561.4465499999999,536.85765,-0.04475134695425986,trend,trend,trend_to_trend,6,True
977,rolling_2021_2023,2023-09-27,2023-09-28 00:00:00,2023-10-16,2023-10-17,1187900.0,0.903,0.896,536.33685,532.1791999999999,-0.00874369017041865,trend,trend,trend_to_trend,7,True
977,rolling_2021_2023,2023-10-27,2023-10-30 00:00:00,2023-11-22,2023-11-23,1208300.0,0.88,0.892,531.652,538.9018000000001,0.012623233837626646,trend,range,trend_to_range,18,False
977,rolling_2021_2023,2023-12-08,2023-12-11 00:00:00,2023-12-15,2023-12-18,1220800.0,0.882,0.867,538.3728000000001,529.2168,-0.017989304667394235,trend,range,trend_to_range,5,True
977,rolling_2022_2024,2021-12-31,2022-01-04 00:00:00,2022-01-06,2022-01-07,696500.0,1.435,1.366,499.73875000000004,475.70950000000005,-0.04903506434935834,range,range,range_to_range,3,True
977,rolling_2022_2024,2022-01-17,2022-01-18 00:00:00,2022-01-21,2022-01-24,692700.0,1.372,1.326,475.1922,459.2601,-0.034493686101555565,range,range,range_to_range,4,True
977,rolling_2022_2024,2022-02-23,2022-02-24 00:00:00,2022-03-03,2022-03-04,728900.0,1.259,1.239,458.84255,451.55355000000003,-0.016869246075929212,trend,trend,trend_to_trend,6,True
977,rolling_2022_2024,2022-03-21,2022-03-22 00:00:00,2022-03-24,2022-03-25,765800.0,1.178,1.167,451.0562,446.8443,-0.010328027836675746,trend,trend,trend_to_trend,3,True
977,rolling_2022_2024,2022-05-05,2022-05-06 00:00:00,2022-06-22,2022-06-23,934900.0,0.955,1.095,446.41475,511.85775,0.14545083479202803,trend,range,trend_to_range,33,False
977,rolling_2022_2024,2022-06-24,2022-06-27 10:30:00,2022-07-05,2022-07-06,899500.0,1.137,1.122,511.36575,504.6195000000001,-0.014178926367950484,range,range,range_to_range,7,True
977,rolling_2022_2024,2022-07-06,2022-07-07 00:00:00,2022-07-11,2022-07-12,887500.0,1.136,1.11,504.09999999999997,492.56250000000006,-0.02386394830753613,range,range,range_to_range,3,True
977,rolling_2022_2024,2022-07-21,2022-07-22 10:00:00,2022-08-19,2022-08-22,870900.0,1.13,1.137,492.0584999999999,495.10665000000006,0.005188998421143509,trend,trend,trend_to_trend,21,False
977,rolling_2022_2024,2022-10-17,2022-10-18 10:00:00,2022-11-21,2022-11-22,999300.0,0.99,1.061,494.6535,530.12865,0.07064599013624506,trend,trend,trend_to_trend,25,False
977,rolling_2022_2024,2022-12-30,2023-01-03 00:00:00,2023-02-16,2023-02-17,1073100.0,0.987,1.028,529.57485,551.5734,0.04049900075291646,range,range,range_to_range,28,False
977,rolling_2022_2024,2023-03-01,2023-03-02 10:00:00,2023-03-07,2023-03-08,1082600.0,1.018,1.012,551.0434,547.7956,-0.006887518912449653,range,range,range_to_range,4,True
977,rolling_2022_2024,2023-03-14,2023-03-15 11:30:00,2023-04-21,2023-04-24,1058500.0,1.034,1.136,547.2445,601.2280000000001,0.09754793782992466,range,trend,range_to_trend,27,False
977,rolling_2022_2024,2023-04-28,2023-05-04 00:00:00,2023-05-08,2023-05-09,1088100.0,1.104,1.082,600.6312,588.6621000000001,-0.020907118904315958,range,range,range_to_range,3,True
977,rolling_2022_2024,2023-05-16,2023-05-17 00:00:00,2023-05-23,2023-05-24,1123300.0,1.047,1.038,588.0475499999999,582.9927000000001,-0.009586897095864466,range,range,range_to_range,5,True
977,rolling_2022_2024,2023-05-26,2023-05-29 10:00:00,2023-06-06,2023-06-07,1092700.0,1.066,1.052,582.4091,574.7602,-0.014119581860101649,range,range,range_to_range,7,True
977,rolling_2022_2024,2023-06-09,2023-06-12 00:00:00,2023-06-26,2023-06-27,1090600.0,1.053,1.035,574.2009,564.3855,-0.018076431869535448,range,range,range_to_range,9,True
977,rolling_2022_2024,2023-07-03,2023-07-04 00:00:00,2023-07-06,2023-07-07,1093700.0,1.031,1.024,563.8023499999999,559.9744000000001,-0.00778223885147622,range,trend,range_to_trend,3,True
977,rolling_2022_2024,2023-07-31,2023-08-01 00:00:00,2023-08-08,2023-08-09,1126700.0,0.993,0.988,559.40655,556.5898000000001,-0.006029714246602702,trend,range,trend_to_range,6,True
977,rolling_2022_2024,2023-08-30,2023-08-31 00:00:00,2023-09-07,2023-09-08,1159700.0,0.959,0.917,556.07615,531.7224500000001,-0.044751346954260085,trend,trend,trend_to_trend,6,True
977,rolling_2022_2024,2023-09-27,2023-09-28 00:00:00,2023-10-16,2023-10-17,1176500.0,0.903,0.896,531.18975,527.072,-0.008743690170418539,trend,trend,trend_to_trend,7,True
977,rolling_2022_2024,2023-10-27,2023-10-30 00:00:00,2023-11-22,2023-11-23,1196700.0,0.88,0.892,526.548,533.7282,0.012623233837626646,trend,range,trend_to_range,18,False
977,rolling_2022_2024,2023-12-08,2023-12-11 00:00:00,2023-12-15,2023-12-18,1209000.0,0.882,0.867,533.169,524.1015,-0.017989304667394235,trend,range,trend_to_range,5,True
977,rolling_2022_2024,2023-12-28,2023-12-29 00:00:00,2024-01-04,2024-01-05,1205000.0,0.869,0.842,523.5725,507.305,-0.03203864120873978,range,range,range_to_range,4,True
977,rolling_2022_2024,2024-02-08,2024-02-19 10:00:00,2024-03-14,2024-03-15,1316400.0,0.77,0.821,506.814,540.3822,0.06516806531799024,trend,range,trend_to_range,19,False
977,rolling_2022_2024,2024-03-18,2024-03-19 00:00:00,2024-03-21,2024-03-22,1280800.0,0.843,0.822,539.8571999999999,526.4087999999999,-0.025885633695607813,range,range,range_to_range,3,True
977,rolling_2022_2024,2024-04-26,2024-04-29 10:00:00,2024-05-15,2024-05-16,1364100.0,0.771,0.768,525.8605500000001,523.8144,-0.004886661727502184,range,trend,range_to_trend,10,True
977,rolling_2022_2024,2024-06-03,2024-06-04 00:00:00,2024-06-25,2024-06-26,1364500.0,0.767,0.734,523.28575,500.7715,-0.043981268818003016,trend,range,trend_to_range,15,False
977,rolling_2022_2024,2024-07-11,2024-07-12 00:00:00,2024-07-24,2024-07-25,1366900.0,0.732,0.727,500.2854,496.86814999999996,-0.007823274155272175,range,range,range_to_range,9,True
977,rolling_2022_2024,2024-07-26,2024-07-29 00:00:00,2024-08-05,2024-08-06,1347000.0,0.737,0.73,496.3695,491.65500000000003,-0.010487971753607606,range,range,range_to_range,6,True
977,rolling_2022_2024,2024-09-24,2024-09-25 14:00:00,2024-10-30,2024-10-31,1436200.0,0.684,0.981,491.1804,704.4561,0.43277703253636335,trend,trend,trend_to_trend,21,False
977,rolling_2022_2024,2024-11-05,2024-11-06 10:00:00,2024-11-15,2024-11-18,1381200.0,1.019,1.014,703.7213999999999,700.2684,-0.005901367275145342,trend,trend,trend_to_trend,8,True
977,rolling_2022_2024,2024-12-02,2024-12-03 00:00:00,2024-12-05,2024-12-06,1344000.0,1.041,1.03,699.552,692.16,-0.011555701496033799,trend,trend,trend_to_trend,3,True
977,rolling_2022_2024,2024-12-10,2024-12-11 00:00:00,2024-12-13,2024-12-16,1337500.0,1.034,1.013,691.4875000000001,677.4437499999999,-0.021288678678069384,trend,trend,trend_to_trend,3,True
977,rolling_2023_2025,2022-12-30,2023-01-03 00:00:00,2023-02-16,2023-02-17,1012600.0,0.987,1.028,499.7181,520.4764,0.04049900075291624,range,range,range_to_range,28,False
977,rolling_2023_2025,2023-03-01,2023-03-02 10:00:00,2023-03-07,2023-03-08,1021500.0,1.018,1.012,519.9435,516.879,-0.006887518912449431,range,range,range_to_range,4,True
977,rolling_2023_2025,2023-03-14,2023-03-15 11:30:00,2023-04-21,2023-04-24,998800.0,1.034,1.136,516.3796000000001,567.3183999999999,0.09754793782992421,range,trend,range_to_trend,27,False
977,rolling_2023_2025,2023-04-28,2023-05-04 00:00:00,2023-05-08,2023-05-09,1026700.0,1.104,1.082,566.7384000000001,555.4447000000001,-0.020907118904315847,range,range,range_to_range,3,True
977,rolling_2023_2025,2023-05-16,2023-05-17 00:00:00,2023-05-23,2023-05-24,1060000.0,1.047,1.038,554.91,550.14,-0.009586897095864466,range,range,range_to_range,5,True
977,rolling_2023_2025,2023-05-26,2023-05-29 10:00:00,2023-06-06,2023-06-07,1031100.0,1.066,1.052,549.5763000000001,542.3586,-0.014119581860101982,range,range,range_to_range,7,True
977,rolling_2023_2025,2023-06-09,2023-06-12 00:00:00,2023-06-26,2023-06-27,1029100.0,1.053,1.035,541.82115,532.55925,-0.018076431869535226,range,range,range_to_range,9,True
977,rolling_2023_2025,2023-07-03,2023-07-04 00:00:00,2023-07-06,2023-07-07,1032100.0,1.031,1.024,532.0475499999999,528.4352,-0.00778223885147622,range,trend,range_to_trend,3,True
977,rolling_2023_2025,2023-07-31,2023-08-01 00:00:00,2023-08-08,2023-08-09,1063200.0,0.993,0.988,527.8788000000001,525.2208,-0.006029714246602813,trend,range,trend_to_range,6,True
977,rolling_2023_2025,2023-08-30,2023-08-31 00:00:00,2023-09-07,2023-09-08,1094300.0,0.959,0.917,524.71685,501.7365500000001,-0.044751346954259974,trend,trend,trend_to_trend,6,True
977,rolling_2023_2025,2023-09-27,2023-09-28 00:00:00,2023-10-16,2023-10-17,1110100.0,0.903,0.896,501.21015000000006,497.3248,-0.00874369017041876,trend,trend,trend_to_trend,7,True
977,rolling_2023_2025,2023-10-27,2023-10-30 00:00:00,2023-11-22,2023-11-23,1129200.0,0.88,0.892,496.848,503.6232,0.012623233837626646,trend,range,trend_to_range,18,False
977,rolling_2023_2025,2023-12-08,2023-12-11 00:00:00,2023-12-15,2023-12-18,1140900.0,0.882,0.867,503.1369,494.58015000000006,-0.017989304667394235,trend,range,trend_to_range,5,True
977,rolling_2023_2025,2023-12-28,2023-12-29 00:00:00,2024-01-04,2024-01-05,1137100.0,0.869,0.842,494.06995,478.71909999999997,-0.03203864120873978,range,range,range_to_range,4,True
977,rolling_2023_2025,2024-02-08,2024-02-19 10:00:00,2024-03-14,2024-03-15,1242200.0,0.77,0.821,478.247,509.9231,0.06516806531799024,trend,range,trend_to_range,19,False
977,rolling_2023_2025,2024-03-18,2024-03-19 00:00:00,2024-03-21,2024-03-22,1208600.0,0.843,0.822,509.4249,496.7346,-0.02588563369560759,range,range,range_to_range,3,True
977,rolling_2023_2025,2024-04-26,2024-04-29 10:00:00,2024-05-15,2024-05-16,1287200.0,0.771,0.768,496.21560000000005,494.2848,-0.004886661727502073,range,trend,range_to_trend,10,True
977,rolling_2023_2025,2024-06-03,2024-06-04 00:00:00,2024-06-25,2024-06-26,1287600.0,0.767,0.734,493.79460000000006,472.54920000000004,-0.043981268818003016,trend,range,trend_to_range,15,False
977,rolling_2023_2025,2024-07-11,2024-07-12 00:00:00,2024-07-24,2024-07-25,1289800.0,0.732,0.727,472.0668,468.8423,-0.007823274155272175,range,range,range_to_range,9,True
977,rolling_2023_2025,2024-07-26,2024-07-29 00:00:00,2024-08-05,2024-08-06,1271100.0,0.737,0.73,468.40035,463.9515,-0.010487971753607495,range,range,range_to_range,6,True
977,rolling_2023_2025,2024-09-24,2024-09-25 14:00:00,2024-10-30,2024-10-31,1355200.0,0.684,0.981,463.4784,664.7256,0.4327770325363631,trend,trend,trend_to_trend,21,False
977,rolling_2023_2025,2024-11-05,2024-11-06 10:00:00,2024-11-15,2024-11-18,1303300.0,1.019,1.014,664.03135,660.7731,-0.005901367275145675,trend,trend,trend_to_trend,8,True
977,rolling_2023_2025,2024-12-02,2024-12-03 00:00:00,2024-12-05,2024-12-06,1268300.0,1.041,1.03,660.1501499999999,653.1745,-0.011555701496033688,trend,trend,trend_to_trend,3,True
977,rolling_2023_2025,2024-12-10,2024-12-11 00:00:00,2024-12-13,2024-12-16,1262100.0,1.034,1.013,652.5057,639.2536499999999,-0.021288678678069495,trend,trend,trend_to_trend,3,True
977,rolling_2023_2025,2024-12-20,2024-12-23 00:00:00,2024-12-31,2025-01-02,1234000.0,1.035,1.01,638.595,623.17,-0.025129947103742722,trend,range,trend_to_range,7,True
977,rolling_2023_2025,2025-01-14,2025-01-15 00:00:00,2025-03-13,2025-03-14,1242600.0,1.002,1.095,622.5426,680.3235,0.09172210302034611,range,range,range_to_range,36,False
977,rolling_2023_2025,2025-04-15,2025-04-16 10:00:00,2025-04-18,2025-04-21,1322300.0,1.028,1.034,679.6622000000001,683.6291,0.004831241966565258,range,range,range_to_range,3,False
977,rolling_2023_2025,2025-04-21,2025-04-22 00:00:00,2025-04-24,2025-04-25,1313400.0,1.04,1.027,682.968,674.4309,-0.01348700649675183,range,range,range_to_range,3,True
977,rolling_2023_2025,2025-05-06,2025-05-07 14:00:00,2025-05-09,2025-05-12,1283300.0,1.05,1.034,673.7325,663.4661,-0.01622236500797225,range,range,range_to_range,3,True
977,rolling_2023_2025,2025-05-14,2025-05-15 00:00:00,2025-05-19,2025-05-20,1279500.0,1.036,1.019,662.7810000000001,651.9052499999999,-0.01739236559326529,range,range,range_to_range,3,True
977,rolling_2023_2025,2025-06-05,2025-06-06 00:00:00,2025-06-10,2025-06-11,1273300.0,1.023,1.007,651.29295,641.10655,-0.016624141497188716,trend,trend,trend_to_trend,3,True
977,rolling_2023_2025,2025-06-24,2025-06-25 10:30:00,2025-09-08,2025-09-09,1277100.0,1.003,1.28,640.4656499999999,817.344,0.27489595182468607,trend,trend,trend_to_trend,54,False
977,rolling_2023_2025,2025-09-10,2025-09-11 00:00:00,2025-10-14,2025-10-15,1270800.0,1.285,1.442,816.489,916.2467999999999,0.12105737014761075,trend,trend,trend_to_trend,18,False
977,rolling_2023_2025,2025-10-24,2025-10-27 10:30:00,2025-10-30,2025-10-31,1219600.0,1.501,1.4923366,915.3098,910.02685868,-0.006765483547366724,trend,trend,trend_to_trend,4,True
977,rolling_2023_2025,2025-12-08,2025-12-09 00:00:00,2025-12-11,2025-12-12,1318300.0,1.3792502000000002,1.3630950000000002,909.1327693300002,898.4840692500001,-0.012700823819422724,range,range,range_to_range,3,True
977,rolling_2024_2026,2023-12-29,2024-01-02 00:00:00,2024-01-04,2024-01-05,1146200.0,0.872,0.842,499.7432,482.5502,-0.035368783498159306,range,range,range_to_range,3,True
977,rolling_2024_2026,2024-02-08,2024-02-19 10:00:00,2024-03-14,2024-03-15,1252100.0,0.77,0.821,482.05850000000004,513.98705,0.06516806531799024,trend,range,trend_to_range,19,False
977,rolling_2024_2026,2024-03-18,2024-03-19 00:00:00,2024-03-21,2024-03-22,1218200.0,0.843,0.822,513.4713,500.68019999999996,-0.0258856336956077,range,range,range_to_range,3,True
977,rolling_2024_2026,2024-04-26,2024-04-29 10:00:00,2024-05-15,2024-05-16,1297500.0,0.771,0.768,500.18625000000003,498.24,-0.004886661727502073,range,trend,range_to_trend,10,True
977,rolling_2024_2026,2024-06-03,2024-06-04 00:00:00,2024-06-25,2024-06-26,1297900.0,0.767,0.734,497.74465000000004,476.3293,-0.043981268818003016,trend,range,trend_to_range,15,False
977,rolling_2024_2026,2024-07-11,2024-07-12 00:00:00,2024-07-24,2024-07-25,1300100.0,0.732,0.727,475.8366,472.58635,-0.007823274155272175,range,range,range_to_range,9,True
977,rolling_2024_2026,2024-07-26,2024-07-29 00:00:00,2024-08-05,2024-08-06,1281200.0,0.737,0.73,472.1222,467.63800000000003,-0.010487971753607606,range,range,range_to_range,6,True
977,rolling_2024_2026,2024-09-24,2024-09-25 14:00:00,2024-10-30,2024-10-31,1366000.0,0.684,0.981,467.1720000000001,670.023,0.4327770325363631,trend,trend,trend_to_trend,21,False
977,rolling_2024_2026,2024-11-05,2024-11-06 10:00:00,2024-11-15,2024-11-18,1313700.0,1.019,1.014,669.3301499999999,666.0459000000001,-0.005901367275145453,trend,trend,trend_to_trend,8,True
977,rolling_2024_2026,2024-12-02,2024-12-03 00:00:00,2024-12-05,2024-12-06,1278400.0,1.041,1.03,665.4072,658.376,-0.011555701496033799,trend,trend,trend_to_trend,3,True
977,rolling_2024_2026,2024-12-10,2024-12-11 00:00:00,2024-12-13,2024-12-16,1272200.0,1.034,1.013,657.7274,644.3693,-0.02128867867806916,trend,trend,trend_to_trend,3,True
977,rolling_2024_2026,2024-12-20,2024-12-23 00:00:00,2024-12-31,2025-01-02,1243900.0,1.035,1.01,643.71825,628.1695,-0.025129947103742833,trend,range,trend_to_range,7,True
977,rolling_2024_2026,2025-01-14,2025-01-15 00:00:00,2025-03-13,2025-03-14,1252500.0,1.002,1.095,627.5025,685.74375,0.09172210302034634,range,range,range_to_range,36,False
977,rolling_2024_2026,2025-04-15,2025-04-16 10:00:00,2025-04-18,2025-04-21,1332800.0,1.028,1.034,685.0592,689.0576,0.004831241966565258,range,range,range_to_range,3,False
977,rolling_2024_2026,2025-04-21,2025-04-22 00:00:00,2025-04-24,2025-04-25,1323800.0,1.04,1.027,688.376,679.7713,-0.013487006496751608,range,range,range_to_range,3,True
977,rolling_2024_2026,2025-05-06,2025-05-07 14:00:00,2025-05-09,2025-05-12,1293500.0,1.05,1.034,679.0875,668.7395,-0.01622236500797203,range,range,range_to_range,3,True
977,rolling_2024_2026,2025-05-14,2025-05-15 00:00:00,2025-05-19,2025-05-20,1289800.0,1.036,1.019,668.1164,657.1531,-0.01739236559326518,range,range,range_to_range,3,True
977,rolling_2024_2026,2025-06-05,2025-06-06 00:00:00,2025-06-10,2025-06-11,1283400.0,1.023,1.007,656.4591,646.1918999999999,-0.01662414149718905,trend,trend,trend_to_trend,3,True
977,rolling_2024_2026,2025-06-24,2025-06-25 10:30:00,2025-09-08,2025-09-09,1287300.0,1.003,1.28,645.5809499999999,823.8720000000001,0.27489595182468585,trend,trend,trend_to_trend,54,False
977,rolling_2024_2026,2025-09-10,2025-09-11 00:00:00,2025-10-14,2025-10-15,1281000.0,1.285,1.442,823.0425,923.601,0.12105737014761098,trend,trend,trend_to_trend,18,False
977,rolling_2024_2026,2025-10-24,2025-10-27 10:30:00,2025-10-30,2025-10-31,1229400.0,1.501,1.4923366,922.6646999999999,917.33930802,-0.006765483547366835,trend,trend,trend_to_trend,4,True
977,rolling_2024_2026,2025-12-08,2025-12-09 00:00:00,2025-12-11,2025-12-12,1328900.0,1.3792502000000002,1.3630950000000002,916.4427953900001,905.70847275,-0.012700823819422613,range,range,range_to_range,3,True
977,rolling_2024_2026,2025-12-12,2025-12-15 00:00:00,2026-01-29,2026-01-30,1316800.0,1.3742017,1.5488798,904.77439928,1019.7824603199999,0.1259858681974222,range,trend,range_to_trend,32,False
977,rolling_2024_2026,2026-02-25,2026-02-26 10:00:00,2026-03-02,2026-03-03,1343100.0,1.517,1.5105112,1018.74135,1014.38379636,-0.005272614582622959,trend,trend,trend_to_trend,3,True
977,rolling_2024_2026,2026-04-08,2026-04-09 00:00:00,2026-06-01,2026-06-02,1469500.0,1.3792502000000002,1.7215385,1013.4040844500003,1264.9004128750003,0.24692229287991418,range,trend,range_to_trend,35,False
977,rolling_2024_2026,2026-06-16,2026-06-17 00:00:00,2026-07-13,2026-07-14,1413300.0,1.7881787,2.0476716,1263.616478355,1446.98713614,0.14397121032933557,trend,trend,trend_to_trend,18,False
977,rolling_2024_2026,2026-08-04,2026-08-05 00:00:00,2026-08-13,2026-08-14,1736400.0,1.6649953000000002,1.7891884,1445.5489194600002,1553.37336888,0.07351660737248111,range,range,range_to_range,7,False
977,rolling_2024_2026,2026-08-27,2026-08-28 00:00:00,2026-09-01,2026-09-02,1776800.0,1.746781,1.6771117000000002,1551.8402404,1489.9460342800003,-0.0408440288526255,range,range,range_to_range,3,True
1205,full_2021_2026,2021-01-12,2021-01-13 10:30:00,2021-01-28,2021-01-29,697000.0,1.434,1.456,499.749,507.416,0.014326867249778275,warmup,warmup,warmup_to_warmup,12,False
1205,full_2021_2026,2021-03-26,2021-03-29 10:00:00,2021-04-12,2021-04-13,791400.0,1.281,1.267,506.89169999999996,501.3519,-0.011917538498510294,trend,range,trend_to_range,10,True
1205,full_2021_2026,2021-04-16,2021-04-19 00:00:00,2021-05-07,2021-05-10,770500.0,1.3,1.295,500.825,498.89875,-0.004841809864298607,trend,trend,trend_to_trend,12,False
1205,full_2021_2026,2021-05-14,2021-05-17 00:00:00,2021-06-16,2021-06-17,751800.0,1.326,1.441,498.44340000000005,541.6719,0.08564081458516593,range,trend,range_to_trend,22,False
1205,full_2021_2026,2021-06-17,2021-06-18 00:00:00,2021-07-06,2021-07-07,719100.0,1.505,1.557,541.12275,559.81935,0.03351746053883353,trend,trend,trend_to_trend,13,False
1205,full_2021_2026,2021-07-07,2021-07-08 00:00:00,2021-07-14,2021-07-15,698200.0,1.602,1.589,559.2582000000001,554.7199,-0.009106245878309327,trend,trend,trend_to_trend,5,True
1205,full_2021_2026,2021-07-29,2021-07-30 00:00:00,2021-08-09,2021-08-10,681600.0,1.626,1.604,554.1407999999999,546.6432000000001,-0.014516112177613283,trend,trend,trend_to_trend,7,True
1205,full_2021_2026,2021-08-24,2021-08-25 00:00:00,2021-08-27,2021-08-30,675000.0,1.618,1.525,546.075,514.6875,-0.05842041896233596,trend,range,trend_to_range,3,True
1205,full_2021_2026,2021-10-15,2021-10-18 00:00:00,2021-10-27,2021-10-28,735600.0,1.398,1.391,514.1844,511.6098,-0.006001648674947124,trend,trend,trend_to_trend,8,True
1205,full_2021_2026,2021-10-29,2021-11-01 10:00:00,2021-12-02,2021-12-03,714300.0,1.431,1.469,511.08165,524.6533499999999,0.025528814907710196,trend,range,trend_to_range,24,False
1205,full_2021_2026,2021-12-03,2021-12-06 00:00:00,2021-12-08,2021-12-09,707400.0,1.482,1.45,524.1834,512.865,-0.022570361243130166,range,range,range_to_range,3,True
1205,full_2021_2026,2021-12-10,2021-12-13 00:00:00,2021-12-15,2021-12-16,690500.0,1.484,1.463,512.351,505.10075,-0.015136299774641038,range,range,range_to_range,3,True
1205,full_2021_2026,2021-12-31,2022-01-04 00:00:00,2022-01-06,2022-01-07,703200.0,1.435,1.366,504.546,480.28560000000004,-0.049035064349358226,range,range,range_to_range,3,True
1205,full_2021_2026,2022-01-17,2022-01-18 00:00:00,2022-01-21,2022-01-24,699500.0,1.372,1.326,479.8570000000001,463.7685,-0.034493686101555676,range,range,range_to_range,4,True
1205,full_2021_2026,2022-02-23,2022-02-24 00:00:00,2022-03-03,2022-03-04,736000.0,1.259,1.239,463.31199999999995,455.95200000000006,-0.016869246075929323,trend,trend,trend_to_trend,6,True
1205,full_2021_2026,2022-03-21,2022-03-22 00:00:00,2022-03-24,2022-03-25,773300.0,1.178,1.167,455.47369999999995,451.22055,-0.010328027836675746,trend,trend,trend_to_trend,3,True
1205,full_2021_2026,2022-05-05,2022-05-06 00:00:00,2022-06-22,2022-06-23,944000.0,0.955,1.095,450.76,516.84,0.14545083479202803,trend,range,trend_to_range,33,False
1205,full_2021_2026,2022-06-24,2022-06-27 10:30:00,2022-07-05,2022-07-06,908200.0,1.137,1.122,516.3117,509.50020000000006,-0.014178926367950484,range,range,range_to_range,7,True
1205,full_2021_2026,2022-07-06,2022-07-07 00:00:00,2022-07-11,2022-07-12,896100.0,1.136,1.11,508.98479999999995,497.3355000000001,-0.02386394830753613,range,range,range_to_range,3,True
1205,full_2021_2026,2022-07-21,2022-07-22 10:00:00,2022-08-19,2022-08-22,879400.0,1.13,1.137,496.86099999999993,499.93890000000005,0.005188998421143509,trend,trend,trend_to_trend,21,False
1205,full_2021_2026,2022-10-17,2022-10-18 10:00:00,2022-11-21,2022-11-22,1009000.0,0.99,1.061,499.455,535.2745,0.07064599013624506,trend,trend,trend_to_trend,25,False
1205,full_2021_2026,2022-12-30,2023-01-03 00:00:00,2023-02-16,2023-02-17,1083500.0,0.987,1.028,534.70725,556.919,0.04049900075291646,range,range,range_to_range,28,False
1205,full_2021_2026,2023-03-01,2023-03-02 10:00:00,2023-03-07,2023-03-08,1093100.0,1.018,1.012,556.3879000000001,553.1086,-0.006887518912449431,range,range,range_to_range,4,True
1205,full_2021_2026,2023-03-14,2023-03-15 11:30:00,2023-04-21,2023-04-24,1068800.0,1.034,1.136,552.5696,607.0783999999999,0.09754793782992444,range,trend,range_to_trend,27,False
1205,full_2021_2026,2023-04-28,2023-05-04 00:00:00,2023-05-08,2023-05-09,1098600.0,1.104,1.082,606.4272000000001,594.3426000000001,-0.02090711890431607,range,range,range_to_range,3,True
1205,full_2021_2026,2023-05-16,2023-05-17 00:00:00,2023-05-23,2023-05-24,1134200.0,1.047,1.038,593.7537,588.6498,-0.009586897095864577,range,range,range_to_range,5,True
1205,full_2021_2026,2023-05-26,2023-05-29 10:00:00,2023-06-06,2023-06-07,1103300.0,1.066,1.052,588.0589,580.3358000000001,-0.01411958186010187,range,range,range_to_range,7,True
1205,full_2021_2026,2023-06-09,2023-06-12 00:00:00,2023-06-26,2023-06-27,1101200.0,1.053,1.035,579.7818,569.871,-0.018076431869535226,range,range,range_to_range,9,True
1205,full_2021_2026,2023-07-03,2023-07-04 00:00:00,2023-07-06,2023-07-07,1104400.0,1.031,1.024,569.3181999999999,565.4528,-0.007782238851476331,range,trend,range_to_trend,3,True
1205,full_2021_2026,2023-07-31,2023-08-01 00:00:00,2023-08-08,2023-08-09,1137700.0,0.993,0.988,564.86805,562.0238,-0.006029714246602813,trend,range,trend_to_range,6,True
1205,full_2021_2026,2023-08-30,2023-08-31 00:00:00,2023-09-07,2023-09-08,1170900.0,0.959,0.917,561.4465499999999,536.85765,-0.04475134695425986,trend,trend,trend_to_trend,6,True
1205,full_2021_2026,2023-09-27,2023-09-28 00:00:00,2023-10-16,2023-10-17,1187900.0,0.903,0.896,536.33685,532.1791999999999,-0.00874369017041865,trend,trend,trend_to_trend,7,True
1205,full_2021_2026,2023-10-27,2023-10-30 00:00:00,2023-11-22,2023-11-23,1208300.0,0.88,0.892,531.652,538.9018000000001,0.012623233837626646,trend,range,trend_to_range,18,False
1205,full_2021_2026,2023-12-08,2023-12-11 00:00:00,2023-12-15,2023-12-18,1220800.0,0.882,0.867,538.3728000000001,529.2168,-0.017989304667394235,trend,range,trend_to_range,5,True
1205,full_2021_2026,2023-12-28,2023-12-29 00:00:00,2024-01-04,2024-01-05,1216700.0,0.869,0.842,528.65615,512.2307,-0.03203864120873978,range,range,range_to_range,4,True
1205,full_2021_2026,2024-02-08,2024-02-19 10:00:00,2024-03-14,2024-03-15,1329200.0,0.77,0.821,511.742,545.6366,0.06516806531799024,trend,range,trend_to_range,19,False
1205,full_2021_2026,2024-03-18,2024-03-19 00:00:00,2024-03-21,2024-03-22,1293200.0,0.843,0.822,545.0838,531.5052,-0.02588563369560759,range,range,range_to_range,3,True
1205,full_2021_2026,2024-04-26,2024-04-29 10:00:00,2024-05-15,2024-05-16,1377400.0,0.771,0.768,530.9877000000001,528.9216,-0.004886661727502073,range,trend,range_to_trend,10,True
1205,full_2021_2026,2024-06-03,2024-06-04 00:00:00,2024-06-25,2024-06-26,1377800.0,0.767,0.734,528.3863,505.6526,-0.043981268818003016,trend,range,trend_to_range,15,False
1205,full_2021_2026,2024-07-11,2024-07-12 00:00:00,2024-07-24,2024-07-25,1380200.0,0.732,0.727,505.1532,501.70270000000005,-0.007823274155272064,range,range,range_to_range,9,True
1205,full_2021_2026,2024-07-26,2024-07-29 00:00:00,2024-08-05,2024-08-06,1360100.0,0.737,0.73,501.19685,496.4365,-0.010487971753607495,range,range,range_to_range,6,True
1205,full_2021_2026,2024-09-24,2024-09-25 14:00:00,2024-10-30,2024-10-31,1450100.0,0.684,0.981,495.93420000000003,711.27405,0.43277703253636335,trend,trend,trend_to_trend,21,False
1205,full_2021_2026,2024-11-05,2024-11-06 10:00:00,2024-11-15,2024-11-18,1394600.0,1.019,1.014,710.5486999999999,707.0622,-0.005901367275145564,trend,trend,trend_to_trend,8,True
1205,full_2021_2026,2024-12-02,2024-12-03 00:00:00,2024-12-05,2024-12-06,1357100.0,1.041,1.03,706.37055,698.9065,-0.01155570149603391,trend,trend,trend_to_trend,3,True
1205,full_2021_2026,2024-12-10,2024-12-11 00:00:00,2024-12-13,2024-12-16,1350500.0,1.034,1.013,698.2085,684.0282499999998,-0.02128867867806916,trend,trend,trend_to_trend,3,True
1205,full_2021_2026,2024-12-20,2024-12-23 00:00:00,2024-12-31,2025-01-02,1320500.0,1.035,1.01,683.35875,666.8525,-0.025129947103742722,trend,range,trend_to_range,7,True
1205,full_2021_2026,2025-01-14,2025-01-15 00:00:00,2025-03-13,2025-03-14,1329700.0,1.002,1.095,666.1796999999999,728.01075,0.09172210302034634,range,range,range_to_range,36,False
1205,full_2021_2026,2025-04-15,2025-04-16 10:00:00,2025-04-18,2025-04-21,1414900.0,1.028,1.034,727.2586,731.5033000000001,0.0048312419665654804,range,range,range_to_range,3,False
1205,full_2021_2026,2025-04-21,2025-04-22 00:00:00,2025-04-24,2025-04-25,1405400.0,1.04,1.027,730.808,721.6728999999999,-0.013487006496751608,range,range,range_to_range,3,True
1205,full_2021_2026,2025-05-06,2025-05-07 14:00:00,2025-05-09,2025-05-12,1373200.0,1.05,1.034,720.9300000000001,709.9444000000001,-0.01622236500797203,range,range,range_to_range,3,True
1205,full_2021_2026,2025-05-14,2025-05-15 00:00:00,2025-05-19,2025-05-20,1369200.0,1.036,1.019,709.2456,697.6073999999999,-0.01739236559326529,range,range,range_to_range,3,True
1205,full_2021_2026,2025-06-05,2025-06-06 00:00:00,2025-06-10,2025-06-11,1362500.0,1.023,1.007,696.9187499999999,686.01875,-0.016624141497188827,trend,trend,trend_to_trend,3,True
1205,full_2021_2026,2025-06-24,2025-06-25 10:30:00,2025-09-08,2025-09-09,1366500.0,1.003,1.28,685.2997499999999,874.5600000000001,0.27489595182468607,trend,trend,trend_to_trend,54,False
1205,full_2021_2026,2025-09-10,2025-09-11 00:00:00,2025-10-14,2025-10-15,1359800.0,1.285,1.442,873.6715,980.4158,0.12105737014761098,trend,trend,trend_to_trend,18,False
1205,full_2021_2026,2025-10-24,2025-10-27 10:30:00,2025-10-30,2025-10-31,1305100.0,1.501,1.4923366,979.47755,973.82424833,-0.006765483547366835,trend,trend,trend_to_trend,4,True
1205,full_2021_2026,2025-12-08,2025-12-09 00:00:00,2025-12-11,2025-12-12,1410700.0,1.3792502000000002,1.3630950000000002,972.8541285700002,961.4590582500001,-0.012700823819422724,range,range,range_to_range,3,True
1205,full_2021_2026,2025-12-12,2025-12-15 00:00:00,2026-01-29,2026-01-30,1397900.0,1.3742017,1.5488798,960.4982782149999,1082.58953621,0.1259858681974222,range,trend,range_to_trend,32,False
1205,full_2021_2026,2026-02-25,2026-02-26 10:00:00,2026-03-02,2026-03-03,1425800.0,1.517,1.5105112,1081.4693,1076.84343448,-0.005272614582622959,trend,trend,trend_to_trend,3,True
1205,full_2021_2026,2026-04-08,2026-04-09 00:00:00,2026-06-01,2026-06-02,1559900.0,1.3792502000000002,1.7215385,1075.7461934900002,1342.713953075,0.24692229287991418,range,trend,range_to_trend,35,False
1205,full_2021_2026,2026-06-16,2026-06-17 00:00:00,2026-07-13,2026-07-14,1500300.0,1.7881787,2.0476716,1341.402251805,1536.0608507400002,0.14397121032933557,trend,trend,trend_to_trend,18,False
1205,full_2021_2026,2026-08-04,2026-08-05 00:00:00,2026-08-13,2026-08-14,1843300.0,1.6649953000000002,1.7891884,1534.542918245,1649.00548886,0.07351660737248111,range,range,range_to_range,7,False
1205,full_2021_2026,2026-08-27,2026-08-28 00:00:00,2026-09-01,2026-09-02,1886100.0,1.746781,1.6771117000000002,1647.3018220499998,1581.6001886850001,-0.0408440288526255,range,range,range_to_range,3,True
1205,rolling_2021_2023,2021-01-12,2021-01-13 10:30:00,2021-01-28,2021-01-29,697000.0,1.434,1.456,499.749,507.416,0.014326867249778275,warmup,warmup,warmup_to_warmup,12,False
1205,rolling_2021_2023,2021-03-26,2021-03-29 10:00:00,2021-04-12,2021-04-13,791400.0,1.281,1.267,506.89169999999996,501.3519,-0.011917538498510294,trend,range,trend_to_range,10,True
1205,rolling_2021_2023,2021-04-16,2021-04-19 00:00:00,2021-05-07,2021-05-10,770500.0,1.3,1.295,500.825,498.89875,-0.004841809864298607,trend,trend,trend_to_trend,12,False
1205,rolling_2021_2023,2021-05-14,2021-05-17 00:00:00,2021-06-16,2021-06-17,751800.0,1.326,1.441,498.44340000000005,541.6719,0.08564081458516593,range,trend,range_to_trend,22,False
1205,rolling_2021_2023,2021-06-17,2021-06-18 00:00:00,2021-07-06,2021-07-07,719100.0,1.505,1.557,541.12275,559.81935,0.03351746053883353,trend,trend,trend_to_trend,13,False
1205,rolling_2021_2023,2021-07-07,2021-07-08 00:00:00,2021-07-14,2021-07-15,698200.0,1.602,1.589,559.2582000000001,554.7199,-0.009106245878309327,trend,trend,trend_to_trend,5,True
1205,rolling_2021_2023,2021-07-29,2021-07-30 00:00:00,2021-08-09,2021-08-10,681600.0,1.626,1.604,554.1407999999999,546.6432000000001,-0.014516112177613283,trend,trend,trend_to_trend,7,True
1205,rolling_2021_2023,2021-08-24,2021-08-25 00:00:00,2021-08-27,2021-08-30,675000.0,1.618,1.525,546.075,514.6875,-0.05842041896233596,trend,range,trend_to_range,3,True
1205,rolling_2021_2023,2021-10-15,2021-10-18 00:00:00,2021-10-27,2021-10-28,735600.0,1.398,1.391,514.1844,511.6098,-0.006001648674947124,trend,trend,trend_to_trend,8,True
1205,rolling_2021_2023,2021-10-29,2021-11-01 10:00:00,2021-12-02,2021-12-03,714300.0,1.431,1.469,511.08165,524.6533499999999,0.025528814907710196,trend,range,trend_to_range,24,False
1205,rolling_2021_2023,2021-12-03,2021-12-06 00:00:00,2021-12-08,2021-12-09,707400.0,1.482,1.45,524.1834,512.865,-0.022570361243130166,range,range,range_to_range,3,True
1205,rolling_2021_2023,2021-12-10,2021-12-13 00:00:00,2021-12-15,2021-12-16,690500.0,1.484,1.463,512.351,505.10075,-0.015136299774641038,range,range,range_to_range,3,True
1205,rolling_2021_2023,2021-12-31,2022-01-04 00:00:00,2022-01-06,2022-01-07,703200.0,1.435,1.366,504.546,480.28560000000004,-0.049035064349358226,range,range,range_to_range,3,True
1205,rolling_2021_2023,2022-01-17,2022-01-18 00:00:00,2022-01-21,2022-01-24,699500.0,1.372,1.326,479.8570000000001,463.7685,-0.034493686101555676,range,range,range_to_range,4,True
1205,rolling_2021_2023,2022-02-23,2022-02-24 00:00:00,2022-03-03,2022-03-04,736000.0,1.259,1.239,463.31199999999995,455.95200000000006,-0.016869246075929323,trend,trend,trend_to_trend,6,True
1205,rolling_2021_2023,2022-03-21,2022-03-22 00:00:00,2022-03-24,2022-03-25,773300.0,1.178,1.167,455.47369999999995,451.22055,-0.010328027836675746,trend,trend,trend_to_trend,3,True
1205,rolling_2021_2023,2022-05-05,2022-05-06 00:00:00,2022-06-22,2022-06-23,944000.0,0.955,1.095,450.76,516.84,0.14545083479202803,trend,range,trend_to_range,33,False
1205,rolling_2021_2023,2022-06-24,2022-06-27 10:30:00,2022-07-05,2022-07-06,908200.0,1.137,1.122,516.3117,509.50020000000006,-0.014178926367950484,range,range,range_to_range,7,True
1205,rolling_2021_2023,2022-07-06,2022-07-07 00:00:00,2022-07-11,2022-07-12,896100.0,1.136,1.11,508.98479999999995,497.3355000000001,-0.02386394830753613,range,range,range_to_range,3,True
1205,rolling_2021_2023,2022-07-21,2022-07-22 10:00:00,2022-08-19,2022-08-22,879400.0,1.13,1.137,496.86099999999993,499.93890000000005,0.005188998421143509,trend,trend,trend_to_trend,21,False
1205,rolling_2021_2023,2022-10-17,2022-10-18 10:00:00,2022-11-21,2022-11-22,1009000.0,0.99,1.061,499.455,535.2745,0.07064599013624506,trend,trend,trend_to_trend,25,False
1205,rolling_2021_2023,2022-12-30,2023-01-03 00:00:00,2023-02-16,2023-02-17,1083500.0,0.987,1.028,534.70725,556.919,0.04049900075291646,range,range,range_to_range,28,False
1205,rolling_2021_2023,2023-03-01,2023-03-02 10:00:00,2023-03-07,2023-03-08,1093100.0,1.018,1.012,556.3879000000001,553.1086,-0.006887518912449431,range,range,range_to_range,4,True
1205,rolling_2021_2023,2023-03-14,2023-03-15 11:30:00,2023-04-21,2023-04-24,1068800.0,1.034,1.136,552.5696,607.0783999999999,0.09754793782992444,range,trend,range_to_trend,27,False
1205,rolling_2021_2023,2023-04-28,2023-05-04 00:00:00,2023-05-08,2023-05-09,1098600.0,1.104,1.082,606.4272000000001,594.3426000000001,-0.02090711890431607,range,range,range_to_range,3,True
1205,rolling_2021_2023,2023-05-16,2023-05-17 00:00:00,2023-05-23,2023-05-24,1134200.0,1.047,1.038,593.7537,588.6498,-0.009586897095864577,range,range,range_to_range,5,True
1205,rolling_2021_2023,2023-05-26,2023-05-29 10:00:00,2023-06-06,2023-06-07,1103300.0,1.066,1.052,588.0589,580.3358000000001,-0.01411958186010187,range,range,range_to_range,7,True
1205,rolling_2021_2023,2023-06-09,2023-06-12 00:00:00,2023-06-26,2023-06-27,1101200.0,1.053,1.035,579.7818,569.871,-0.018076431869535226,range,range,range_to_range,9,True
1205,rolling_2021_2023,2023-07-03,2023-07-04 00:00:00,2023-07-06,2023-07-07,1104400.0,1.031,1.024,569.3181999999999,565.4528,-0.007782238851476331,range,trend,range_to_trend,3,True
1205,rolling_2021_2023,2023-07-31,2023-08-01 00:00:00,2023-08-08,2023-08-09,1137700.0,0.993,0.988,564.86805,562.0238,-0.006029714246602813,trend,range,trend_to_range,6,True
1205,rolling_2021_2023,2023-08-30,2023-08-31 00:00:00,2023-09-07,2023-09-08,1170900.0,0.959,0.917,561.4465499999999,536.85765,-0.04475134695425986,trend,trend,trend_to_trend,6,True
1205,rolling_2021_2023,2023-09-27,2023-09-28 00:00:00,2023-10-16,2023-10-17,1187900.0,0.903,0.896,536.33685,532.1791999999999,-0.00874369017041865,trend,trend,trend_to_trend,7,True
1205,rolling_2021_2023,2023-10-27,2023-10-30 00:00:00,2023-11-22,2023-11-23,1208300.0,0.88,0.892,531.652,538.9018000000001,0.012623233837626646,trend,range,trend_to_range,18,False
1205,rolling_2021_2023,2023-12-08,2023-12-11 00:00:00,2023-12-15,2023-12-18,1220800.0,0.882,0.867,538.3728000000001,529.2168,-0.017989304667394235,trend,range,trend_to_range,5,True
1205,rolling_2022_2024,2021-12-31,2022-01-04 00:00:00,2022-01-06,2022-01-07,696500.0,1.435,1.366,499.73875000000004,475.70950000000005,-0.04903506434935834,range,range,range_to_range,3,True
1205,rolling_2022_2024,2022-01-17,2022-01-18 00:00:00,2022-01-21,2022-01-24,692700.0,1.372,1.326,475.1922,459.2601,-0.034493686101555565,range,range,range_to_range,4,True
1205,rolling_2022_2024,2022-02-23,2022-02-24 00:00:00,2022-03-03,2022-03-04,728900.0,1.259,1.239,458.84255,451.55355000000003,-0.016869246075929212,trend,trend,trend_to_trend,6,True
1205,rolling_2022_2024,2022-03-21,2022-03-22 00:00:00,2022-03-24,2022-03-25,765800.0,1.178,1.167,451.0562,446.8443,-0.010328027836675746,trend,trend,trend_to_trend,3,True
1205,rolling_2022_2024,2022-05-05,2022-05-06 00:00:00,2022-06-22,2022-06-23,934900.0,0.955,1.095,446.41475,511.85775,0.14545083479202803,trend,range,trend_to_range,33,False
1205,rolling_2022_2024,2022-06-24,2022-06-27 10:30:00,2022-07-05,2022-07-06,899500.0,1.137,1.122,511.36575,504.6195000000001,-0.014178926367950484,range,range,range_to_range,7,True
1205,rolling_2022_2024,2022-07-06,2022-07-07 00:00:00,2022-07-11,2022-07-12,887500.0,1.136,1.11,504.09999999999997,492.56250000000006,-0.02386394830753613,range,range,range_to_range,3,True
1205,rolling_2022_2024,2022-07-21,2022-07-22 10:00:00,2022-08-19,2022-08-22,870900.0,1.13,1.137,492.0584999999999,495.10665000000006,0.005188998421143509,trend,trend,trend_to_trend,21,False
1205,rolling_2022_2024,2022-10-17,2022-10-18 10:00:00,2022-11-21,2022-11-22,999300.0,0.99,1.061,494.6535,530.12865,0.07064599013624506,trend,trend,trend_to_trend,25,False
1205,rolling_2022_2024,2022-12-30,2023-01-03 00:00:00,2023-02-16,2023-02-17,1073100.0,0.987,1.028,529.57485,551.5734,0.04049900075291646,range,range,range_to_range,28,False
1205,rolling_2022_2024,2023-03-01,2023-03-02 10:00:00,2023-03-07,2023-03-08,1082600.0,1.018,1.012,551.0434,547.7956,-0.006887518912449653,range,range,range_to_range,4,True
1205,rolling_2022_2024,2023-03-14,2023-03-15 11:30:00,2023-04-21,2023-04-24,1058500.0,1.034,1.136,547.2445,601.2280000000001,0.09754793782992466,range,trend,range_to_trend,27,False
1205,rolling_2022_2024,2023-04-28,2023-05-04 00:00:00,2023-05-08,2023-05-09,1088100.0,1.104,1.082,600.6312,588.6621000000001,-0.020907118904315958,range,range,range_to_range,3,True
1205,rolling_2022_2024,2023-05-16,2023-05-17 00:00:00,2023-05-23,2023-05-24,1123300.0,1.047,1.038,588.0475499999999,582.9927000000001,-0.009586897095864466,range,range,range_to_range,5,True
1205,rolling_2022_2024,2023-05-26,2023-05-29 10:00:00,2023-06-06,2023-06-07,1092700.0,1.066,1.052,582.4091,574.7602,-0.014119581860101649,range,range,range_to_range,7,True
1205,rolling_2022_2024,2023-06-09,2023-06-12 00:00:00,2023-06-26,2023-06-27,1090600.0,1.053,1.035,574.2009,564.3855,-0.018076431869535448,range,range,range_to_range,9,True
1205,rolling_2022_2024,2023-07-03,2023-07-04 00:00:00,2023-07-06,2023-07-07,1093700.0,1.031,1.024,563.8023499999999,559.9744000000001,-0.00778223885147622,range,trend,range_to_trend,3,True
1205,rolling_2022_2024,2023-07-31,2023-08-01 00:00:00,2023-08-08,2023-08-09,1126700.0,0.993,0.988,559.40655,556.5898000000001,-0.006029714246602702,trend,range,trend_to_range,6,True
1205,rolling_2022_2024,2023-08-30,2023-08-31 00:00:00,2023-09-07,2023-09-08,1159700.0,0.959,0.917,556.07615,531.7224500000001,-0.044751346954260085,trend,trend,trend_to_trend,6,True
1205,rolling_2022_2024,2023-09-27,2023-09-28 00:00:00,2023-10-16,2023-10-17,1176500.0,0.903,0.896,531.18975,527.072,-0.008743690170418539,trend,trend,trend_to_trend,7,True
1205,rolling_2022_2024,2023-10-27,2023-10-30 00:00:00,2023-11-22,2023-11-23,1196700.0,0.88,0.892,526.548,533.7282,0.012623233837626646,trend,range,trend_to_range,18,False
1205,rolling_2022_2024,2023-12-08,2023-12-11 00:00:00,2023-12-15,2023-12-18,1209000.0,0.882,0.867,533.169,524.1015,-0.017989304667394235,trend,range,trend_to_range,5,True
1205,rolling_2022_2024,2023-12-28,2023-12-29 00:00:00,2024-01-04,2024-01-05,1205000.0,0.869,0.842,523.5725,507.305,-0.03203864120873978,range,range,range_to_range,4,True
1205,rolling_2022_2024,2024-02-08,2024-02-19 10:00:00,2024-03-14,2024-03-15,1316400.0,0.77,0.821,506.814,540.3822,0.06516806531799024,trend,range,trend_to_range,19,False
1205,rolling_2022_2024,2024-03-18,2024-03-19 00:00:00,2024-03-21,2024-03-22,1280800.0,0.843,0.822,539.8571999999999,526.4087999999999,-0.025885633695607813,range,range,range_to_range,3,True
1205,rolling_2022_2024,2024-04-26,2024-04-29 10:00:00,2024-05-15,2024-05-16,1364100.0,0.771,0.768,525.8605500000001,523.8144,-0.004886661727502184,range,trend,range_to_trend,10,True
1205,rolling_2022_2024,2024-06-03,2024-06-04 00:00:00,2024-06-25,2024-06-26,1364500.0,0.767,0.734,523.28575,500.7715,-0.043981268818003016,trend,range,trend_to_range,15,False
1205,rolling_2022_2024,2024-07-11,2024-07-12 00:00:00,2024-07-24,2024-07-25,1366900.0,0.732,0.727,500.2854,496.86814999999996,-0.007823274155272175,range,range,range_to_range,9,True
1205,rolling_2022_2024,2024-07-26,2024-07-29 00:00:00,2024-08-05,2024-08-06,1347000.0,0.737,0.73,496.3695,491.65500000000003,-0.010487971753607606,range,range,range_to_range,6,True
1205,rolling_2022_2024,2024-09-24,2024-09-25 14:00:00,2024-10-30,2024-10-31,1436200.0,0.684,0.981,491.1804,704.4561,0.43277703253636335,trend,trend,trend_to_trend,21,False
1205,rolling_2022_2024,2024-11-05,2024-11-06 10:00:00,2024-11-15,2024-11-18,1381200.0,1.019,1.014,703.7213999999999,700.2684,-0.005901367275145342,trend,trend,trend_to_trend,8,True
1205,rolling_2022_2024,2024-12-02,2024-12-03 00:00:00,2024-12-05,2024-12-06,1344000.0,1.041,1.03,699.552,692.16,-0.011555701496033799,trend,trend,trend_to_trend,3,True
1205,rolling_2022_2024,2024-12-10,2024-12-11 00:00:00,2024-12-13,2024-12-16,1337500.0,1.034,1.013,691.4875000000001,677.4437499999999,-0.021288678678069384,trend,trend,trend_to_trend,3,True
1205,rolling_2023_2025,2022-12-30,2023-01-03 00:00:00,2023-02-16,2023-02-17,1012600.0,0.987,1.028,499.7181,520.4764,0.04049900075291624,range,range,range_to_range,28,False
1205,rolling_2023_2025,2023-03-01,2023-03-02 10:00:00,2023-03-07,2023-03-08,1021500.0,1.018,1.012,519.9435,516.879,-0.006887518912449431,range,range,range_to_range,4,True
1205,rolling_2023_2025,2023-03-14,2023-03-15 11:30:00,2023-04-21,2023-04-24,998800.0,1.034,1.136,516.3796000000001,567.3183999999999,0.09754793782992421,range,trend,range_to_trend,27,False
1205,rolling_2023_2025,2023-04-28,2023-05-04 00:00:00,2023-05-08,2023-05-09,1026700.0,1.104,1.082,566.7384000000001,555.4447000000001,-0.020907118904315847,range,range,range_to_range,3,True
1205,rolling_2023_2025,2023-05-16,2023-05-17 00:00:00,2023-05-23,2023-05-24,1060000.0,1.047,1.038,554.91,550.14,-0.009586897095864466,range,range,range_to_range,5,True
1205,rolling_2023_2025,2023-05-26,2023-05-29 10:00:00,2023-06-06,2023-06-07,1031100.0,1.066,1.052,549.5763000000001,542.3586,-0.014119581860101982,range,range,range_to_range,7,True
1205,rolling_2023_2025,2023-06-09,2023-06-12 00:00:00,2023-06-26,2023-06-27,1029100.0,1.053,1.035,541.82115,532.55925,-0.018076431869535226,range,range,range_to_range,9,True
1205,rolling_2023_2025,2023-07-03,2023-07-04 00:00:00,2023-07-06,2023-07-07,1032100.0,1.031,1.024,532.0475499999999,528.4352,-0.00778223885147622,range,trend,range_to_trend,3,True
1205,rolling_2023_2025,2023-07-31,2023-08-01 00:00:00,2023-08-08,2023-08-09,1063200.0,0.993,0.988,527.8788000000001,525.2208,-0.006029714246602813,trend,range,trend_to_range,6,True
1205,rolling_2023_2025,2023-08-30,2023-08-31 00:00:00,2023-09-07,2023-09-08,1094300.0,0.959,0.917,524.71685,501.7365500000001,-0.044751346954259974,trend,trend,trend_to_trend,6,True
1205,rolling_2023_2025,2023-09-27,2023-09-28 00:00:00,2023-10-16,2023-10-17,1110100.0,0.903,0.896,501.21015000000006,497.3248,-0.00874369017041876,trend,trend,trend_to_trend,7,True
1205,rolling_2023_2025,2023-10-27,2023-10-30 00:00:00,2023-11-22,2023-11-23,1129200.0,0.88,0.892,496.848,503.6232,0.012623233837626646,trend,range,trend_to_range,18,False
1205,rolling_2023_2025,2023-12-08,2023-12-11 00:00:00,2023-12-15,2023-12-18,1140900.0,0.882,0.867,503.1369,494.58015000000006,-0.017989304667394235,trend,range,trend_to_range,5,True
1205,rolling_2023_2025,2023-12-28,2023-12-29 00:00:00,2024-01-04,2024-01-05,1137100.0,0.869,0.842,494.06995,478.71909999999997,-0.03203864120873978,range,range,range_to_range,4,True
1205,rolling_2023_2025,2024-02-08,2024-02-19 10:00:00,2024-03-14,2024-03-15,1242200.0,0.77,0.821,478.247,509.9231,0.06516806531799024,trend,range,trend_to_range,19,False
1205,rolling_2023_2025,2024-03-18,2024-03-19 00:00:00,2024-03-21,2024-03-22,1208600.0,0.843,0.822,509.4249,496.7346,-0.02588563369560759,range,range,range_to_range,3,True
1205,rolling_2023_2025,2024-04-26,2024-04-29 10:00:00,2024-05-15,2024-05-16,1287200.0,0.771,0.768,496.21560000000005,494.2848,-0.004886661727502073,range,trend,range_to_trend,10,True
1205,rolling_2023_2025,2024-06-03,2024-06-04 00:00:00,2024-06-25,2024-06-26,1287600.0,0.767,0.734,493.79460000000006,472.54920000000004,-0.043981268818003016,trend,range,trend_to_range,15,False
1205,rolling_2023_2025,2024-07-11,2024-07-12 00:00:00,2024-07-24,2024-07-25,1289800.0,0.732,0.727,472.0668,468.8423,-0.007823274155272175,range,range,range_to_range,9,True
1205,rolling_2023_2025,2024-07-26,2024-07-29 00:00:00,2024-08-05,2024-08-06,1271100.0,0.737,0.73,468.40035,463.9515,-0.010487971753607495,range,range,range_to_range,6,True
1205,rolling_2023_2025,2024-09-24,2024-09-25 14:00:00,2024-10-30,2024-10-31,1355200.0,0.684,0.981,463.4784,664.7256,0.4327770325363631,trend,trend,trend_to_trend,21,False
1205,rolling_2023_2025,2024-11-05,2024-11-06 10:00:00,2024-11-15,2024-11-18,1303300.0,1.019,1.014,664.03135,660.7731,-0.005901367275145675,trend,trend,trend_to_trend,8,True
1205,rolling_2023_2025,2024-12-02,2024-12-03 00:00:00,2024-12-05,2024-12-06,1268300.0,1.041,1.03,660.1501499999999,653.1745,-0.011555701496033688,trend,trend,trend_to_trend,3,True
1205,rolling_2023_2025,2024-12-10,2024-12-11 00:00:00,2024-12-13,2024-12-16,1262100.0,1.034,1.013,652.5057,639.2536499999999,-0.021288678678069495,trend,trend,trend_to_trend,3,True
1205,rolling_2023_2025,2024-12-20,2024-12-23 00:00:00,2024-12-31,2025-01-02,1234000.0,1.035,1.01,638.595,623.17,-0.025129947103742722,trend,range,trend_to_range,7,True
1205,rolling_2023_2025,2025-01-14,2025-01-15 00:00:00,2025-03-13,2025-03-14,1242600.0,1.002,1.095,622.5426,680.3235,0.09172210302034611,range,range,range_to_range,36,False
1205,rolling_2023_2025,2025-04-15,2025-04-16 10:00:00,2025-04-18,2025-04-21,1322300.0,1.028,1.034,679.6622000000001,683.6291,0.004831241966565258,range,range,range_to_range,3,False
1205,rolling_2023_2025,2025-04-21,2025-04-22 00:00:00,2025-04-24,2025-04-25,1313400.0,1.04,1.027,682.968,674.4309,-0.01348700649675183,range,range,range_to_range,3,True
1205,rolling_2023_2025,2025-05-06,2025-05-07 14:00:00,2025-05-09,2025-05-12,1283300.0,1.05,1.034,673.7325,663.4661,-0.01622236500797225,range,range,range_to_range,3,True
1205,rolling_2023_2025,2025-05-14,2025-05-15 00:00:00,2025-05-19,2025-05-20,1279500.0,1.036,1.019,662.7810000000001,651.9052499999999,-0.01739236559326529,range,range,range_to_range,3,True
1205,rolling_2023_2025,2025-06-05,2025-06-06 00:00:00,2025-06-10,2025-06-11,1273300.0,1.023,1.007,651.29295,641.10655,-0.016624141497188716,trend,trend,trend_to_trend,3,True
1205,rolling_2023_2025,2025-06-24,2025-06-25 10:30:00,2025-09-08,2025-09-09,1277100.0,1.003,1.28,640.4656499999999,817.344,0.27489595182468607,trend,trend,trend_to_trend,54,False
1205,rolling_2023_2025,2025-09-10,2025-09-11 00:00:00,2025-10-14,2025-10-15,1270800.0,1.285,1.442,816.489,916.2467999999999,0.12105737014761075,trend,trend,trend_to_trend,18,False
1205,rolling_2023_2025,2025-10-24,2025-10-27 10:30:00,2025-10-30,2025-10-31,1219600.0,1.501,1.4923366,915.3098,910.02685868,-0.006765483547366724,trend,trend,trend_to_trend,4,True
1205,rolling_2023_2025,2025-12-08,2025-12-09 00:00:00,2025-12-11,2025-12-12,1318300.0,1.3792502000000002,1.3630950000000002,909.1327693300002,898.4840692500001,-0.012700823819422724,range,range,range_to_range,3,True
1205,rolling_2024_2026,2023-12-29,2024-01-02 00:00:00,2024-01-04,2024-01-05,1146200.0,0.872,0.842,499.7432,482.5502,-0.035368783498159306,range,range,range_to_range,3,True
1205,rolling_2024_2026,2024-02-08,2024-02-19 10:00:00,2024-03-14,2024-03-15,1252100.0,0.77,0.821,482.05850000000004,513.98705,0.06516806531799024,trend,range,trend_to_range,19,False
1205,rolling_2024_2026,2024-03-18,2024-03-19 00:00:00,2024-03-21,2024-03-22,1218200.0,0.843,0.822,513.4713,500.68019999999996,-0.0258856336956077,range,range,range_to_range,3,True
1205,rolling_2024_2026,2024-04-26,2024-04-29 10:00:00,2024-05-15,2024-05-16,1297500.0,0.771,0.768,500.18625000000003,498.24,-0.004886661727502073,range,trend,range_to_trend,10,True
1205,rolling_2024_2026,2024-06-03,2024-06-04 00:00:00,2024-06-25,2024-06-26,1297900.0,0.767,0.734,497.74465000000004,476.3293,-0.043981268818003016,trend,range,trend_to_range,15,False
1205,rolling_2024_2026,2024-07-11,2024-07-12 00:00:00,2024-07-24,2024-07-25,1300100.0,0.732,0.727,475.8366,472.58635,-0.007823274155272175,range,range,range_to_range,9,True
1205,rolling_2024_2026,2024-07-26,2024-07-29 00:00:00,2024-08-05,2024-08-06,1281200.0,0.737,0.73,472.1222,467.63800000000003,-0.010487971753607606,range,range,range_to_range,6,True
1205,rolling_2024_2026,2024-09-24,2024-09-25 14:00:00,2024-10-30,2024-10-31,1366000.0,0.684,0.981,467.1720000000001,670.023,0.4327770325363631,trend,trend,trend_to_trend,21,False
1205,rolling_2024_2026,2024-11-05,2024-11-06 10:00:00,2024-11-15,2024-11-18,1313700.0,1.019,1.014,669.3301499999999,666.0459000000001,-0.005901367275145453,trend,trend,trend_to_trend,8,True
1205,rolling_2024_2026,2024-12-02,2024-12-03 00:00:00,2024-12-05,2024-12-06,1278400.0,1.041,1.03,665.4072,658.376,-0.011555701496033799,trend,trend,trend_to_trend,3,True
1205,rolling_2024_2026,2024-12-10,2024-12-11 00:00:00,2024-12-13,2024-12-16,1272200.0,1.034,1.013,657.7274,644.3693,-0.02128867867806916,trend,trend,trend_to_trend,3,True
1205,rolling_2024_2026,2024-12-20,2024-12-23 00:00:00,2024-12-31,2025-01-02,1243900.0,1.035,1.01,643.71825,628.1695,-0.025129947103742833,trend,range,trend_to_range,7,True
1205,rolling_2024_2026,2025-01-14,2025-01-15 00:00:00,2025-03-13,2025-03-14,1252500.0,1.002,1.095,627.5025,685.74375,0.09172210302034634,range,range,range_to_range,36,False
1205,rolling_2024_2026,2025-04-15,2025-04-16 10:00:00,2025-04-18,2025-04-21,1332800.0,1.028,1.034,685.0592,689.0576,0.004831241966565258,range,range,range_to_range,3,False
1205,rolling_2024_2026,2025-04-21,2025-04-22 00:00:00,2025-04-24,2025-04-25,1323800.0,1.04,1.027,688.376,679.7713,-0.013487006496751608,range,range,range_to_range,3,True
1205,rolling_2024_2026,2025-05-06,2025-05-07 14:00:00,2025-05-09,2025-05-12,1293500.0,1.05,1.034,679.0875,668.7395,-0.01622236500797203,range,range,range_to_range,3,True
1205,rolling_2024_2026,2025-05-14,2025-05-15 00:00:00,2025-05-19,2025-05-20,1289800.0,1.036,1.019,668.1164,657.1531,-0.01739236559326518,range,range,range_to_range,3,True
1205,rolling_2024_2026,2025-06-05,2025-06-06 00:00:00,2025-06-10,2025-06-11,1283400.0,1.023,1.007,656.4591,646.1918999999999,-0.01662414149718905,trend,trend,trend_to_trend,3,True
1205,rolling_2024_2026,2025-06-24,2025-06-25 10:30:00,2025-09-08,2025-09-09,1287300.0,1.003,1.28,645.5809499999999,823.8720000000001,0.27489595182468585,trend,trend,trend_to_trend,54,False
1205,rolling_2024_2026,2025-09-10,2025-09-11 00:00:00,2025-10-14,2025-10-15,1281000.0,1.285,1.442,823.0425,923.601,0.12105737014761098,trend,trend,trend_to_trend,18,False
1205,rolling_2024_2026,2025-10-24,2025-10-27 10:30:00,2025-10-30,2025-10-31,1229400.0,1.501,1.4923366,922.6646999999999,917.33930802,-0.006765483547366835,trend,trend,trend_to_trend,4,True
1205,rolling_2024_2026,2025-12-08,2025-12-09 00:00:00,2025-12-11,2025-12-12,1328900.0,1.3792502000000002,1.3630950000000002,916.4427953900001,905.70847275,-0.012700823819422613,range,range,range_to_range,3,True
1205,rolling_2024_2026,2025-12-12,2025-12-15 00:00:00,2026-01-29,2026-01-30,1316800.0,1.3742017,1.5488798,904.77439928,1019.7824603199999,0.1259858681974222,range,trend,range_to_trend,32,False
1205,rolling_2024_2026,2026-02-25,2026-02-26 10:00:00,2026-03-02,2026-03-03,1343100.0,1.517,1.5105112,1018.74135,1014.38379636,-0.005272614582622959,trend,trend,trend_to_trend,3,True
1205,rolling_2024_2026,2026-04-08,2026-04-09 00:00:00,2026-06-01,2026-06-02,1469500.0,1.3792502000000002,1.7215385,1013.4040844500003,1264.9004128750003,0.24692229287991418,range,trend,range_to_trend,35,False
1205,rolling_2024_2026,2026-06-16,2026-06-17 00:00:00,2026-07-13,2026-07-14,1413300.0,1.7881787,2.0476716,1263.616478355,1446.98713614,0.14397121032933557,trend,trend,trend_to_trend,18,False
1205,rolling_2024_2026,2026-08-04,2026-08-05 00:00:00,2026-08-13,2026-08-14,1736400.0,1.6649953000000002,1.7891884,1445.5489194600002,1553.37336888,0.07351660737248111,range,range,range_to_range,7,False
1205,rolling_2024_2026,2026-08-27,2026-08-28 00:00:00,2026-09-01,2026-09-02,1776800.0,1.746781,1.6771117000000002,1551.8402404,1489.9460342800003,-0.0408440288526255,range,range,range_to_range,3,True
1259,full_2021_2026,2021-01-12,2021-01-13 10:30:00,2021-01-28,2021-01-29,697000.0,1.434,1.456,499.749,507.416,0.014326867249778275,warmup,warmup,warmup_to_warmup,12,False
1259,full_2021_2026,2021-03-26,2021-03-29 10:00:00,2021-03-31,2021-04-01,791400.0,1.281,1.273,506.89169999999996,503.7261,-0.007238379249095206,trend,range,trend_to_range,3,True
1259,full_2021_2026,2021-04-02,2021-04-06 10:00:00,2021-04-12,2021-04-13,760100.0,1.324,1.267,503.18620000000004,481.52335,-0.04400782992189711,range,range,range_to_range,5,True
1259,full_2021_2026,2021-04-16,2021-04-19 00:00:00,2021-05-07,2021-05-10,740100.0,1.3,1.295,481.065,479.21475000000004,-0.004841809864298607,trend,trend,trend_to_trend,12,False
1259,full_2021_2026,2021-05-14,2021-05-17 00:00:00,2021-06-16,2021-06-17,722100.0,1.326,1.441,478.75230000000005,520.27305,0.08564081458516593,range,trend,range_to_trend,22,False
1259,full_2021_2026,2021-06-17,2021-06-18 00:00:00,2021-07-06,2021-07-07,690700.0,1.505,1.557,519.7517499999999,537.7099499999999,0.03351746053883353,trend,trend,trend_to_trend,13,False
1259,full_2021_2026,2021-07-07,2021-07-08 00:00:00,2021-07-14,2021-07-15,670600.0,1.602,1.589,537.1505999999999,532.7917,-0.009106245878309327,trend,trend,trend_to_trend,5,True
1259,full_2021_2026,2021-07-29,2021-07-30 00:00:00,2021-08-09,2021-08-10,654700.0,1.626,1.604,532.2710999999999,525.0694000000001,-0.014516112177613394,trend,trend,trend_to_trend,7,True
1259,full_2021_2026,2021-08-24,2021-08-25 00:00:00,2021-08-27,2021-08-30,648400.0,1.618,1.525,524.5556,494.40500000000003,-0.05842041896233596,trend,range,trend_to_range,3,True
1259,full_2021_2026,2021-10-15,2021-10-18 00:00:00,2021-10-27,2021-10-28,706600.0,1.398,1.391,493.91339999999997,491.4403,-0.006001648674947124,trend,trend,trend_to_trend,8,True
1259,full_2021_2026,2021-10-29,2021-11-01 10:00:00,2021-11-18,2021-11-19,686100.0,1.431,1.456,490.90455,499.4808,0.01645333866958909,trend,range,trend_to_range,14,False
1259,full_2021_2026,2021-11-19,2021-11-22 00:00:00,2021-12-02,2021-12-03,674300.0,1.48,1.469,498.982,495.27335000000005,-0.008424503964233998,range,range,range_to_range,9,True
1259,full_2021_2026,2021-12-03,2021-12-06 00:00:00,2021-12-08,2021-12-09,667700.0,1.482,1.45,494.76570000000004,484.0825,-0.022570361243130166,range,range,range_to_range,3,True
1259,full_2021_2026,2021-12-10,2021-12-13 00:00:00,2021-12-15,2021-12-16,651800.0,1.484,1.463,483.6356,476.79170000000005,-0.015136299774640927,range,range,range_to_range,3,True
1259,full_2021_2026,2021-12-17,2021-12-20 00:00:00,2021-12-23,2021-12-24,662500.0,1.438,1.415,476.33750000000003,468.71875,-0.016977950524042607,range,range,range_to_range,4,True
1259,full_2021_2026,2021-12-31,2022-01-04 00:00:00,2022-01-05,2022-01-06,652600.0,1.435,1.371,468.2405,447.3573,-0.04555422637113504,range,range,range_to_range,2,True
1259,full_2021_2026,2022-01-13,2022-01-14 00:00:00,2022-01-20,2022-01-21,671000.0,1.332,1.343,446.886,450.5765,0.007250503877190617,range,range,range_to_range,5,False
1259,full_2021_2026,2022-02-23,2022-02-24 00:00:00,2022-03-03,2022-03-04,715100.0,1.259,1.239,450.15545,443.00445,-0.016869246075929323,trend,trend,trend_to_trend,6,True
1259,full_2021_2026,2022-03-21,2022-03-22 00:00:00,2022-03-24,2022-03-25,751400.0,1.178,1.167,442.5746,438.44190000000003,-0.010328027836675857,trend,trend,trend_to_trend,3,True
1259,full_2021_2026,2022-05-05,2022-05-06 00:00:00,2022-06-22,2022-06-23,917200.0,0.955,1.095,437.963,502.16700000000003,0.14545083479202803,trend,range,trend_to_range,33,False
1259,full_2021_2026,2022-06-24,2022-06-27 10:30:00,2022-07-07,2022-07-08,882500.0,1.137,1.145,501.70125,505.23125,0.006029527013098557,range,range,range_to_range,9,False
1259,full_2021_2026,2022-07-21,2022-07-22 10:00:00,2022-08-19,2022-08-22,893300.0,1.13,1.137,504.71449999999993,507.84105,0.005188998421143509,trend,trend,trend_to_trend,21,False
1259,full_2021_2026,2022-10-17,2022-10-18 10:00:00,2022-10-28,2022-10-31,1024900.0,0.99,1.025,507.32550000000003,525.26125,0.034318699236240535,trend,range,trend_to_range,9,False
1259,full_2021_2026,2022-10-31,2022-11-01 00:00:00,2022-11-07,2022-11-08,1008100.0,1.041,1.09,524.71605,549.4145,0.046023578028469236,trend,range,trend_to_range,5,False
1259,full_2021_2026,2022-11-09,2022-11-10 00:00:00,2022-11-21,2022-11-22,1034700.0,1.061,1.061,548.90835,548.90835,-0.0009995002498749406,trend,trend,trend_to_trend,8,True
1259,full_2021_2026,2022-12-30,2023-01-03 00:00:00,2023-02-08,2023-02-09,1111100.0,0.987,1.032,548.32785,573.3276,0.044547634997091246,range,range,range_to_range,22,False
1259,full_2021_2026,2023-02-10,2023-02-13 00:00:00,2023-02-16,2023-02-17,1096200.0,1.045,1.028,572.7645,563.4468,-0.01725118302092976,range,range,range_to_range,4,True
1259,full_2021_2026,2023-03-01,2023-03-02 10:00:00,2023-03-07,2023-03-08,1105900.0,1.018,1.012,562.9031,559.5854,-0.00688751891244932,range,range,range_to_range,4,True
1259,full_2021_2026,2023-03-22,2023-03-23 00:00:00,2023-04-21,2023-04-24,1063800.0,1.051,1.136,559.0269,604.2384,0.07979502161383634,trend,trend,trend_to_trend,21,False
1259,full_2021_2026,2023-05-16,2023-05-17 00:00:00,2023-06-06,2023-06-07,1153000.0,1.047,1.052,603.5955,606.4780000000001,0.0037712757756747095,range,range,range_to_range,15,False
1259,full_2021_2026,2023-06-09,2023-06-12 00:00:00,2023-06-26,2023-06-27,1150800.0,1.053,1.035,605.8962,595.539,-0.018076431869535337,range,range,range_to_range,9,True
1259,full_2021_2026,2023-07-31,2023-08-01 00:00:00,2023-08-08,2023-08-09,1198300.0,0.993,0.988,594.9559499999999,591.9602,-0.006029714246602924,trend,range,trend_to_range,6,True
1259,full_2021_2026,2023-08-30,2023-08-31 00:00:00,2023-09-07,2023-09-08,1233300.0,0.959,0.917,591.36735,565.4680500000001,-0.044751346954259974,trend,trend,trend_to_trend,6,True
1259,full_2021_2026,2023-09-27,2023-09-28 00:00:00,2023-10-16,2023-10-17,1251100.0,0.903,0.896,564.87165,560.4928000000001,-0.00874369017041865,trend,trend,trend_to_trend,7,True
1259,full_2021_2026,2023-10-27,2023-10-30 00:00:00,2023-11-22,2023-11-23,1272600.0,0.88,0.892,559.944,567.5796,0.012623233837626646,trend,range,trend_to_range,18,False
1259,full_2021_2026,2023-12-08,2023-12-11 00:00:00,2023-12-15,2023-12-18,1285800.0,0.882,0.867,567.0378000000001,557.3943,-0.017989304667394235,trend,range,trend_to_range,5,True
1259,full_2021_2026,2023-12-28,2023-12-29 00:00:00,2024-01-04,2024-01-05,1281500.0,0.869,0.842,556.81175,539.5115,-0.03203864120873978,range,range,range_to_range,4,True
1259,full_2021_2026,2024-02-08,2024-02-19 10:00:00,2024-03-13,2024-03-14,1400000.0,0.77,0.831,539.0,581.7,0.07814209778227776,trend,range,trend_to_range,18,False
1259,full_2021_2026,2024-04-26,2024-04-29 10:00:00,2024-05-07,2024-05-08,1507400.0,0.771,0.786,581.1027,592.4082000000001,0.018436307138259833,range,range,range_to_range,4,False
1259,full_2021_2026,2024-05-10,2024-05-13 00:00:00,2024-05-15,2024-05-16,1517500.0,0.78,0.768,591.825,582.72,-0.016368738707569275,trend,trend,trend_to_trend,3,True
1259,full_2021_2026,2024-06-03,2024-06-04 00:00:00,2024-06-06,2024-06-07,1517900.0,0.767,0.762,582.11465,578.3199000000001,-0.0075118894268640934,trend,range,trend_to_range,3,True
1259,full_2021_2026,2024-06-11,2024-06-12 10:00:00,2024-06-25,2024-06-26,1489100.0,0.776,0.734,577.7708,546.4997,-0.05506911492707278,range,range,range_to_range,10,True
1259,full_2021_2026,2024-07-17,2024-07-18 00:00:00,2024-07-22,2024-07-23,1471500.0,0.742,0.77,545.9265,566.5275,0.03669863181616728,range,range,range_to_range,3,False
1259,full_2021_2026,2024-07-31,2024-08-01 10:00:00,2024-08-05,2024-08-06,1483500.0,0.763,0.73,565.95525,541.4775,-0.044206599190575235,trend,range,trend_to_range,3,True
1259,full_2021_2026,2024-09-24,2024-09-25 14:00:00,2024-09-27,2024-09-30,1581700.0,0.684,0.813,540.9414,642.96105,0.1874084887380869,trend,range,trend_to_range,3,False
1259,full_2021_2026,2024-10-08,2024-10-09 00:00:00,2024-10-30,2024-10-31,1191700.0,1.078,0.981,642.3263000000001,584.52885,-0.0908910108952945,trend,trend,trend_to_trend,16,False
1259,full_2021_2026,2024-11-05,2024-11-06 10:00:00,2024-11-15,2024-11-18,1146100.0,1.019,1.014,583.93795,581.0726999999999,-0.005901367275145453,trend,trend,trend_to_trend,8,True
1259,full_2021_2026,2024-12-02,2024-12-03 00:00:00,2024-12-05,2024-12-06,1115300.0,1.041,1.03,580.5136499999999,574.3795,-0.01155570149603391,trend,trend,trend_to_trend,3,True
1259,full_2021_2026,2024-12-10,2024-12-11 00:00:00,2024-12-13,2024-12-16,1109800.0,1.034,1.013,573.7666,562.1137,-0.02128867867806916,trend,trend,trend_to_trend,3,True
1259,full_2021_2026,2024-12-20,2024-12-23 00:00:00,2024-12-31,2025-01-02,1085200.0,1.035,1.01,561.591,548.0260000000001,-0.025129947103742944,trend,range,trend_to_range,7,True
1259,full_2021_2026,2025-01-07,2025-01-08 00:00:00,2025-01-13,2025-01-14,1117300.0,0.98,0.98,547.477,547.477,-0.0009995002498749406,range,range,range_to_range,4,True
1259,full_2021_2026,2025-01-14,2025-01-15 00:00:00,2025-01-20,2025-01-21,1091600.0,1.002,0.996,546.8916,543.6168,-0.0069815391705343455,range,range,range_to_range,4,True
1259,full_2021_2026,2025-01-21,2025-01-22 00:00:00,2025-03-11,2025-03-12,1090600.0,0.996,1.133,543.1188000000001,617.8249000000001,0.13641321909326454,range,range,range_to_range,29,False
1259,full_2021_2026,2025-04-16,2025-04-17 00:00:00,2025-04-24,2025-04-25,1199600.0,1.029,1.027,617.1941999999999,615.9946,-0.0029411921833059074,range,range,range_to_range,6,True
1259,full_2021_2026,2025-05-08,2025-05-09 00:00:00,2025-05-13,2025-05-14,1176600.0,1.046,1.034,615.3618,608.3022000000001,-0.01246030904241957,range,range,range_to_range,3,True
1259,full_2021_2026,2025-06-05,2025-06-06 00:00:00,2025-06-10,2025-06-11,1188100.0,1.023,1.007,607.7131499999999,598.20835,-0.016624141497188716,trend,trend,trend_to_trend,3,True
1259,full_2021_2026,2025-06-24,2025-06-25 10:30:00,2025-09-08,2025-09-09,1191600.0,1.003,1.28,597.5873999999999,762.624,0.27489595182468585,trend,trend,trend_to_trend,54,False
1259,full_2021_2026,2025-09-10,2025-09-11 00:00:00,2025-10-14,2025-10-15,1185800.0,1.285,1.442,761.8765,854.9617999999999,0.12105737014761098,trend,trend,trend_to_trend,18,False
1259,full_2021_2026,2025-10-24,2025-10-27 10:30:00,2025-10-30,2025-10-31,1138000.0,1.501,1.4923366,854.0689999999998,849.1395254,-0.006765483547366613,trend,trend,trend_to_trend,4,True
1259,full_2021_2026,2025-12-08,2025-12-09 00:00:00,2025-12-11,2025-12-12,1230100.0,1.3792502000000002,1.3630950000000002,848.3078355100001,838.3715797500001,-0.012700823819422613,range,range,range_to_range,3,True
1259,full_2021_2026,2025-12-17,2025-12-18 00:00:00,2025-12-24,2025-12-25,1238100.0,1.352998,1.3873278000000002,837.5734119,858.8252745900002,0.024348273624382077,range,range,range_to_range,5,False
1259,full_2021_2026,2025-12-29,2025-12-30 00:00:00,2026-01-29,2026-01-30,1239500.0,1.3842987,1.5488798,857.919119325,959.91825605,0.11777298805010328,range,trend,range_to_trend,21,False
1259,full_2021_2026,2026-02-25,2026-02-26 10:00:00,2026-03-02,2026-03-03,1264300.0,1.517,1.5105112,958.97155,954.86965508,-0.005272614582622737,trend,trend,trend_to_trend,3,True
1259,full_2021_2026,2026-04-08,2026-04-09 00:00:00,2026-04-23,2026-04-24,1383200.0,1.3792502000000002,1.4812299000000002,953.8894383200002,1024.4185988400002,0.07286510478289387,range,range,range_to_range,11,False
1259,full_2021_2026,2026-05-06,2026-05-07 10:00:00,2026-06-01,2026-06-02,1199100.0,1.707,1.7215385,1023.4318500000002,1032.148407675,0.007508975886983071,range,trend,range_to_trend,18,False
1259,full_2021_2026,2026-06-16,2026-06-17 00:00:00,2026-07-13,2026-07-14,1153200.0,1.7881787,2.0476716,1031.0638384200001,1180.68744456,0.14397121032933535,trend,trend,trend_to_trend,18,False
1259,full_2021_2026,2026-08-04,2026-08-05 00:00:00,2026-08-14,2026-08-17,1416900.0,1.6649953000000002,1.7750526,1179.5659202850002,1257.53601447,0.06503509918782258,range,range,range_to_range,8,False
1259,rolling_2021_2023,2021-01-12,2021-01-13 10:30:00,2021-01-28,2021-01-29,697000.0,1.434,1.456,499.749,507.416,0.014326867249778275,warmup,warmup,warmup_to_warmup,12,False
1259,rolling_2021_2023,2021-03-26,2021-03-29 10:00:00,2021-03-31,2021-04-01,791400.0,1.281,1.273,506.89169999999996,503.7261,-0.007238379249095206,trend,range,trend_to_range,3,True
1259,rolling_2021_2023,2021-04-02,2021-04-06 10:00:00,2021-04-12,2021-04-13,760100.0,1.324,1.267,503.18620000000004,481.52335,-0.04400782992189711,range,range,range_to_range,5,True
1259,rolling_2021_2023,2021-04-16,2021-04-19 00:00:00,2021-05-07,2021-05-10,740100.0,1.3,1.295,481.065,479.21475000000004,-0.004841809864298607,trend,trend,trend_to_trend,12,False
1259,rolling_2021_2023,2021-05-14,2021-05-17 00:00:00,2021-06-16,2021-06-17,722100.0,1.326,1.441,478.75230000000005,520.27305,0.08564081458516593,range,trend,range_to_trend,22,False
1259,rolling_2021_2023,2021-06-17,2021-06-18 00:00:00,2021-07-06,2021-07-07,690700.0,1.505,1.557,519.7517499999999,537.7099499999999,0.03351746053883353,trend,trend,trend_to_trend,13,False
1259,rolling_2021_2023,2021-07-07,2021-07-08 00:00:00,2021-07-14,2021-07-15,670600.0,1.602,1.589,537.1505999999999,532.7917,-0.009106245878309327,trend,trend,trend_to_trend,5,True
1259,rolling_2021_2023,2021-07-29,2021-07-30 00:00:00,2021-08-09,2021-08-10,654700.0,1.626,1.604,532.2710999999999,525.0694000000001,-0.014516112177613394,trend,trend,trend_to_trend,7,True
1259,rolling_2021_2023,2021-08-24,2021-08-25 00:00:00,2021-08-27,2021-08-30,648400.0,1.618,1.525,524.5556,494.40500000000003,-0.05842041896233596,trend,range,trend_to_range,3,True
1259,rolling_2021_2023,2021-10-15,2021-10-18 00:00:00,2021-10-27,2021-10-28,706600.0,1.398,1.391,493.91339999999997,491.4403,-0.006001648674947124,trend,trend,trend_to_trend,8,True
1259,rolling_2021_2023,2021-10-29,2021-11-01 10:00:00,2021-11-18,2021-11-19,686100.0,1.431,1.456,490.90455,499.4808,0.01645333866958909,trend,range,trend_to_range,14,False
1259,rolling_2021_2023,2021-11-19,2021-11-22 00:00:00,2021-12-02,2021-12-03,674300.0,1.48,1.469,498.982,495.27335000000005,-0.008424503964233998,range,range,range_to_range,9,True
1259,rolling_2021_2023,2021-12-03,2021-12-06 00:00:00,2021-12-08,2021-12-09,667700.0,1.482,1.45,494.76570000000004,484.0825,-0.022570361243130166,range,range,range_to_range,3,True
1259,rolling_2021_2023,2021-12-10,2021-12-13 00:00:00,2021-12-15,2021-12-16,651800.0,1.484,1.463,483.6356,476.79170000000005,-0.015136299774640927,range,range,range_to_range,3,True
1259,rolling_2021_2023,2021-12-17,2021-12-20 00:00:00,2021-12-23,2021-12-24,662500.0,1.438,1.415,476.33750000000003,468.71875,-0.016977950524042607,range,range,range_to_range,4,True
1259,rolling_2021_2023,2021-12-31,2022-01-04 00:00:00,2022-01-05,2022-01-06,652600.0,1.435,1.371,468.2405,447.3573,-0.04555422637113504,range,range,range_to_range,2,True
1259,rolling_2021_2023,2022-01-13,2022-01-14 00:00:00,2022-01-20,2022-01-21,671000.0,1.332,1.343,446.886,450.5765,0.007250503877190617,range,range,range_to_range,5,False
1259,rolling_2021_2023,2022-02-23,2022-02-24 00:00:00,2022-03-03,2022-03-04,715100.0,1.259,1.239,450.15545,443.00445,-0.016869246075929323,trend,trend,trend_to_trend,6,True
1259,rolling_2021_2023,2022-03-21,2022-03-22 00:00:00,2022-03-24,2022-03-25,751400.0,1.178,1.167,442.5746,438.44190000000003,-0.010328027836675857,trend,trend,trend_to_trend,3,True
1259,rolling_2021_2023,2022-05-05,2022-05-06 00:00:00,2022-06-22,2022-06-23,917200.0,0.955,1.095,437.963,502.16700000000003,0.14545083479202803,trend,range,trend_to_range,33,False
1259,rolling_2021_2023,2022-06-24,2022-06-27 10:30:00,2022-07-07,2022-07-08,882500.0,1.137,1.145,501.70125,505.23125,0.006029527013098557,range,range,range_to_range,9,False
1259,rolling_2021_2023,2022-07-21,2022-07-22 10:00:00,2022-08-19,2022-08-22,893300.0,1.13,1.137,504.71449999999993,507.84105,0.005188998421143509,trend,trend,trend_to_trend,21,False
1259,rolling_2021_2023,2022-10-17,2022-10-18 10:00:00,2022-10-28,2022-10-31,1024900.0,0.99,1.025,507.32550000000003,525.26125,0.034318699236240535,trend,range,trend_to_range,9,False
1259,rolling_2021_2023,2022-10-31,2022-11-01 00:00:00,2022-11-07,2022-11-08,1008100.0,1.041,1.09,524.71605,549.4145,0.046023578028469236,trend,range,trend_to_range,5,False
1259,rolling_2021_2023,2022-11-09,2022-11-10 00:00:00,2022-11-21,2022-11-22,1034700.0,1.061,1.061,548.90835,548.90835,-0.0009995002498749406,trend,trend,trend_to_trend,8,True
1259,rolling_2021_2023,2022-12-30,2023-01-03 00:00:00,2023-02-08,2023-02-09,1111100.0,0.987,1.032,548.32785,573.3276,0.044547634997091246,range,range,range_to_range,22,False
1259,rolling_2021_2023,2023-02-10,2023-02-13 00:00:00,2023-02-16,2023-02-17,1096200.0,1.045,1.028,572.7645,563.4468,-0.01725118302092976,range,range,range_to_range,4,True
1259,rolling_2021_2023,2023-03-01,2023-03-02 10:00:00,2023-03-07,2023-03-08,1105900.0,1.018,1.012,562.9031,559.5854,-0.00688751891244932,range,range,range_to_range,4,True
1259,rolling_2021_2023,2023-03-22,2023-03-23 00:00:00,2023-04-21,2023-04-24,1063800.0,1.051,1.136,559.0269,604.2384,0.07979502161383634,trend,trend,trend_to_trend,21,False
1259,rolling_2021_2023,2023-05-16,2023-05-17 00:00:00,2023-06-06,2023-06-07,1153000.0,1.047,1.052,603.5955,606.4780000000001,0.0037712757756747095,range,range,range_to_range,15,False
1259,rolling_2021_2023,2023-06-09,2023-06-12 00:00:00,2023-06-26,2023-06-27,1150800.0,1.053,1.035,605.8962,595.539,-0.018076431869535337,range,range,range_to_range,9,True
1259,rolling_2021_2023,2023-07-31,2023-08-01 00:00:00,2023-08-08,2023-08-09,1198300.0,0.993,0.988,594.9559499999999,591.9602,-0.006029714246602924,trend,range,trend_to_range,6,True
1259,rolling_2021_2023,2023-08-30,2023-08-31 00:00:00,2023-09-07,2023-09-08,1233300.0,0.959,0.917,591.36735,565.4680500000001,-0.044751346954259974,trend,trend,trend_to_trend,6,True
1259,rolling_2021_2023,2023-09-27,2023-09-28 00:00:00,2023-10-16,2023-10-17,1251100.0,0.903,0.896,564.87165,560.4928000000001,-0.00874369017041865,trend,trend,trend_to_trend,7,True
1259,rolling_2021_2023,2023-10-27,2023-10-30 00:00:00,2023-11-22,2023-11-23,1272600.0,0.88,0.892,559.944,567.5796,0.012623233837626646,trend,range,trend_to_range,18,False
1259,rolling_2021_2023,2023-12-08,2023-12-11 00:00:00,2023-12-15,2023-12-18,1285800.0,0.882,0.867,567.0378000000001,557.3943,-0.017989304667394235,trend,range,trend_to_range,5,True
1259,rolling_2022_2024,2021-12-31,2022-01-04 00:00:00,2022-01-05,2022-01-06,696500.0,1.435,1.371,499.73875000000004,477.45075,-0.04555422637113493,range,range,range_to_range,2,True
1259,rolling_2022_2024,2022-01-13,2022-01-14 00:00:00,2022-01-20,2022-01-21,716100.0,1.332,1.343,476.92260000000005,480.86114999999995,0.007250503877190395,range,range,range_to_range,5,False
1259,rolling_2022_2024,2022-02-23,2022-02-24 00:00:00,2022-03-03,2022-03-04,763200.0,1.259,1.239,480.4344,472.80240000000003,-0.016869246075929434,trend,trend,trend_to_trend,6,True
1259,rolling_2022_2024,2022-03-21,2022-03-22 00:00:00,2022-03-24,2022-03-25,801900.0,1.178,1.167,472.3191,467.90865,-0.010328027836675746,trend,trend,trend_to_trend,3,True
1259,rolling_2022_2024,2022-05-05,2022-05-06 00:00:00,2022-06-22,2022-06-23,978900.0,0.955,1.095,467.42475,535.94775,0.14545083479202803,trend,range,trend_to_range,33,False
1259,rolling_2022_2024,2022-06-24,2022-06-27 10:30:00,2022-07-07,2022-07-08,941800.0,1.137,1.145,535.4133,539.1805,0.006029527013098557,range,range,range_to_range,9,False
1259,rolling_2022_2024,2022-07-21,2022-07-22 10:00:00,2022-08-19,2022-08-22,953400.0,1.13,1.137,538.671,542.0079000000001,0.005188998421143287,trend,trend,trend_to_trend,21,False
1259,rolling_2022_2024,2022-10-17,2022-10-18 10:00:00,2022-10-28,2022-10-31,1093800.0,0.99,1.025,541.431,560.5725,0.03431869923624031,trend,range,trend_to_range,9,False
1259,rolling_2022_2024,2022-10-31,2022-11-01 00:00:00,2022-11-07,2022-11-08,1075900.0,1.041,1.09,560.00595,586.3655,0.046023578028469014,trend,range,trend_to_range,5,False
1259,rolling_2022_2024,2022-11-09,2022-11-10 00:00:00,2022-11-21,2022-11-22,1104200.0,1.061,1.061,585.7781,585.7781,-0.0009995002498750516,trend,trend,trend_to_trend,8,True
1259,rolling_2022_2024,2022-12-30,2023-01-03 00:00:00,2023-02-08,2023-02-09,1185800.0,0.987,1.032,585.1923,611.8728000000001,0.044547634997091023,range,range,range_to_range,22,False
1259,rolling_2022_2024,2023-02-10,2023-02-13 00:00:00,2023-02-16,2023-02-17,1169900.0,1.045,1.028,611.27275,601.3285999999999,-0.01725118302092965,range,range,range_to_range,4,True
1259,rolling_2022_2024,2023-03-01,2023-03-02 10:00:00,2023-03-07,2023-03-08,1180200.0,1.018,1.012,600.7218,597.1812,-0.006887518912449542,range,range,range_to_range,4,True
1259,rolling_2022_2024,2023-03-22,2023-03-23 00:00:00,2023-04-21,2023-04-24,1135300.0,1.051,1.136,596.6001499999999,644.8503999999999,0.07979502161383611,trend,trend,trend_to_trend,21,False
1259,rolling_2022_2024,2023-05-16,2023-05-17 00:00:00,2023-06-06,2023-06-07,1230600.0,1.047,1.052,644.2191,647.2956,0.0037712757756744875,range,range,range_to_range,15,False
1259,rolling_2022_2024,2023-06-09,2023-06-12 00:00:00,2023-06-26,2023-06-27,1228200.0,1.053,1.035,646.6473,635.5935000000001,-0.018076431869535226,range,range,range_to_range,9,True
1259,rolling_2022_2024,2023-07-31,2023-08-01 00:00:00,2023-08-08,2023-08-09,1278800.0,0.993,0.988,634.9241999999999,631.7271999999999,-0.006029714246602813,trend,range,trend_to_range,6,True
1259,rolling_2022_2024,2023-08-30,2023-08-31 00:00:00,2023-09-07,2023-09-08,1316200.0,0.959,0.917,631.1179000000001,603.4777,-0.044751346954259974,trend,trend,trend_to_trend,6,True
1259,rolling_2022_2024,2023-09-27,2023-09-28 00:00:00,2023-10-16,2023-10-17,1335300.0,0.903,0.896,602.88795,598.2144000000001,-0.00874369017041865,trend,trend,trend_to_trend,7,True
1259,rolling_2022_2024,2023-10-27,2023-10-30 00:00:00,2023-11-22,2023-11-23,1358200.0,0.88,0.892,597.6080000000001,605.7572,0.012623233837626424,trend,range,trend_to_range,18,False
1259,rolling_2022_2024,2023-12-08,2023-12-11 00:00:00,2023-12-15,2023-12-18,1372200.0,0.882,0.867,605.1401999999999,594.8487,-0.017989304667394235,trend,range,trend_to_range,5,True
1259,rolling_2022_2024,2023-12-28,2023-12-29 00:00:00,2024-01-04,2024-01-05,1367700.0,0.869,0.842,594.26565,575.8017,-0.03203864120873978,range,range,range_to_range,4,True
1259,rolling_2022_2024,2024-02-08,2024-02-19 10:00:00,2024-03-13,2024-03-14,1494100.0,0.77,0.831,575.2285,620.79855,0.07814209778227754,trend,range,trend_to_range,18,False
1259,rolling_2022_2024,2024-04-26,2024-04-29 10:00:00,2024-05-07,2024-05-08,1608800.0,0.771,0.786,620.1924,632.2584,0.01843630713825961,range,range,range_to_range,4,False
1259,rolling_2022_2024,2024-05-10,2024-05-13 00:00:00,2024-05-15,2024-05-16,1619500.0,0.78,0.768,631.605,621.888,-0.016368738707569275,trend,trend,trend_to_trend,3,True
1259,rolling_2022_2024,2024-06-03,2024-06-04 00:00:00,2024-06-06,2024-06-07,1620000.0,0.767,0.762,621.27,617.22,-0.0075118894268640934,trend,range,trend_to_range,3,True
1259,rolling_2022_2024,2024-06-11,2024-06-12 10:00:00,2024-06-25,2024-06-26,1589200.0,0.776,0.734,616.6096,583.2364,-0.05506911492707256,range,range,range_to_range,10,True
1259,rolling_2022_2024,2024-07-17,2024-07-18 00:00:00,2024-07-22,2024-07-23,1570500.0,0.742,0.77,582.6555,604.6425,0.03669863181616728,range,range,range_to_range,3,False
1259,rolling_2022_2024,2024-07-31,2024-08-01 10:00:00,2024-08-05,2024-08-06,1583300.0,0.763,0.73,604.02895,577.9045,-0.0442065991905749,trend,range,trend_to_range,3,True
1259,rolling_2022_2024,2024-09-24,2024-09-25 14:00:00,2024-09-27,2024-09-30,1688100.0,0.684,0.813,577.3302000000001,686.2126499999999,0.1874084887380869,trend,range,trend_to_range,3,False
1259,rolling_2022_2024,2024-10-08,2024-10-09 00:00:00,2024-10-30,2024-10-31,1271800.0,1.078,0.981,685.5002000000001,623.8179,-0.09089101089529439,trend,trend,trend_to_trend,16,False
1259,rolling_2022_2024,2024-11-05,2024-11-06 10:00:00,2024-11-15,2024-11-18,1223200.0,1.019,1.014,623.2203999999999,620.1624,-0.005901367275145342,trend,trend,trend_to_trend,8,True
1259,rolling_2022_2024,2024-12-02,2024-12-03 00:00:00,2024-12-05,2024-12-06,1190300.0,1.041,1.03,619.5511499999999,613.0045,-0.011555701496033799,trend,trend,trend_to_trend,3,True
1259,rolling_2022_2024,2024-12-10,2024-12-11 00:00:00,2024-12-13,2024-12-16,1184500.0,1.034,1.013,612.3865000000001,599.9492499999999,-0.021288678678069384,trend,trend,trend_to_trend,3,True
1259,rolling_2023_2025,2022-12-30,2023-01-03 00:00:00,2023-02-08,2023-02-09,1012600.0,0.987,1.032,499.7181,522.5016,0.044547634997091246,range,range,range_to_range,22,False
1259,rolling_2023_2025,2023-02-10,2023-02-13 00:00:00,2023-02-16,2023-02-17,999000.0,1.045,1.028,521.9775,513.486,-0.01725118302092965,range,range,range_to_range,4,True
1259,rolling_2023_2025,2023-03-01,2023-03-02 10:00:00,2023-03-07,2023-03-08,1007800.0,1.018,1.012,512.9702,509.9468,-0.006887518912449542,range,range,range_to_range,4,True
1259,rolling_2023_2025,2023-03-22,2023-03-23 00:00:00,2023-04-21,2023-04-24,969500.0,1.051,1.136,509.47225,550.676,0.07979502161383634,trend,trend,trend_to_trend,21,False
1259,rolling_2023_2025,2023-05-16,2023-05-17 00:00:00,2023-06-06,2023-06-07,1050800.0,1.047,1.052,550.0938,552.7208,0.0037712757756749316,range,range,range_to_range,15,False
1259,rolling_2023_2025,2023-06-09,2023-06-12 00:00:00,2023-06-26,2023-06-27,1048800.0,1.053,1.035,552.1931999999999,542.754,-0.018076431869535337,range,range,range_to_range,9,True
1259,rolling_2023_2025,2023-07-31,2023-08-01 00:00:00,2023-08-08,2023-08-09,1092000.0,0.993,0.988,542.178,539.448,-0.006029714246602924,trend,range,trend_to_range,6,True
1259,rolling_2023_2025,2023-08-30,2023-08-31 00:00:00,2023-09-07,2023-09-08,1123900.0,0.959,0.917,538.91005,515.3081500000001,-0.044751346954260085,trend,trend,trend_to_trend,6,True
1259,rolling_2023_2025,2023-09-27,2023-09-28 00:00:00,2023-10-16,2023-10-17,1140200.0,0.903,0.896,514.8003,510.80960000000005,-0.00874369017041865,trend,trend,trend_to_trend,7,True
1259,rolling_2023_2025,2023-10-27,2023-10-30 00:00:00,2023-11-22,2023-11-23,1159800.0,0.88,0.892,510.312,517.2708,0.012623233837626424,trend,range,trend_to_range,18,False
1259,rolling_2023_2025,2023-12-08,2023-12-11 00:00:00,2023-12-15,2023-12-18,1171800.0,0.882,0.867,516.7638,507.9753,-0.017989304667394235,trend,range,trend_to_range,5,True
1259,rolling_2023_2025,2023-12-28,2023-12-29 00:00:00,2024-01-04,2024-01-05,1167900.0,0.869,0.842,507.45255,491.6859,-0.03203864120873978,range,range,range_to_range,4,True
1259,rolling_2023_2025,2024-02-08,2024-02-19 10:00:00,2024-03-13,2024-03-14,1275800.0,0.77,0.831,491.183,530.0949,0.07814209778227799,trend,range,trend_to_range,18,False
1259,rolling_2023_2025,2024-04-26,2024-04-29 10:00:00,2024-05-07,2024-05-08,1373800.0,0.771,0.786,529.5999,539.9034,0.01843630713825961,range,range,range_to_range,4,False
1259,rolling_2023_2025,2024-05-10,2024-05-13 00:00:00,2024-05-15,2024-05-16,1382900.0,0.78,0.768,539.331,531.0336,-0.016368738707569275,trend,trend,trend_to_trend,3,True
1259,rolling_2023_2025,2024-06-03,2024-06-04 00:00:00,2024-06-06,2024-06-07,1383400.0,0.767,0.762,530.5339,527.0754000000001,-0.0075118894268640934,trend,range,trend_to_range,3,True
1259,rolling_2023_2025,2024-06-11,2024-06-12 10:00:00,2024-06-25,2024-06-26,1357000.0,0.776,0.734,526.516,498.019,-0.05506911492707256,range,range,range_to_range,10,True
1259,rolling_2023_2025,2024-07-17,2024-07-18 00:00:00,2024-07-22,2024-07-23,1341100.0,0.742,0.77,497.5481,516.3235,0.03669863181616728,range,range,range_to_range,3,False
1259,rolling_2023_2025,2024-07-31,2024-08-01 10:00:00,2024-08-05,2024-08-06,1352000.0,0.763,0.73,515.788,493.48,-0.04420659919057501,trend,range,trend_to_range,3,True
1259,rolling_2023_2025,2024-09-24,2024-09-25 14:00:00,2024-09-27,2024-09-30,1441500.0,0.684,0.813,492.99300000000005,585.96975,0.1874084887380869,trend,range,trend_to_range,3,False
1259,rolling_2023_2025,2024-10-08,2024-10-09 00:00:00,2024-10-30,2024-10-31,1086000.0,1.078,0.981,585.354,532.683,-0.0908910108952945,trend,trend,trend_to_trend,16,False
1259,rolling_2023_2025,2024-11-05,2024-11-06 10:00:00,2024-11-15,2024-11-18,1044500.0,1.019,1.014,532.1727500000001,529.5615,-0.005901367275145564,trend,trend,trend_to_trend,8,True
1259,rolling_2023_2025,2024-12-02,2024-12-03 00:00:00,2024-12-05,2024-12-06,1016400.0,1.041,1.03,529.0362,523.446,-0.011555701496033799,trend,trend,trend_to_trend,3,True
1259,rolling_2023_2025,2024-12-10,2024-12-11 00:00:00,2024-12-13,2024-12-16,1011500.0,1.034,1.013,522.9455,512.32475,-0.021288678678069273,trend,trend,trend_to_trend,3,True
1259,rolling_2023_2025,2024-12-20,2024-12-23 00:00:00,2024-12-31,2025-01-02,989000.0,1.035,1.01,511.80749999999995,499.445,-0.02512994710374261,trend,range,trend_to_range,7,True
1259,rolling_2023_2025,2025-01-07,2025-01-08 00:00:00,2025-01-13,2025-01-14,1018200.0,0.98,0.98,498.918,498.918,-0.0009995002498749406,range,range,range_to_range,4,True
1259,rolling_2023_2025,2025-01-14,2025-01-15 00:00:00,2025-01-20,2025-01-21,994900.0,1.002,0.996,498.4449,495.46020000000004,-0.0069815391705344565,range,range,range_to_range,4,True
1259,rolling_2023_2025,2025-01-21,2025-01-22 00:00:00,2025-03-11,2025-03-12,993900.0,0.996,1.133,494.9622,563.04435,0.13641321909326454,range,range,range_to_range,29,False
1259,rolling_2023_2025,2025-04-16,2025-04-17 00:00:00,2025-04-24,2025-04-25,1093200.0,1.029,1.027,562.4513999999999,561.3582,-0.0029411921833055743,range,range,range_to_range,6,True
1259,rolling_2023_2025,2025-05-08,2025-05-09 00:00:00,2025-05-13,2025-05-14,1072300.0,1.046,1.034,560.8129,554.3791,-0.012460309042419682,range,range,range_to_range,3,True
1259,rolling_2023_2025,2025-06-05,2025-06-06 00:00:00,2025-06-10,2025-06-11,1082800.0,1.023,1.007,553.8521999999999,545.1898,-0.01662414149718905,trend,trend,trend_to_trend,3,True
1259,rolling_2023_2025,2025-06-24,2025-06-25 10:30:00,2025-09-08,2025-09-09,1086000.0,1.003,1.28,544.6289999999999,695.04,0.27489595182468607,trend,trend,trend_to_trend,54,False
1259,rolling_2023_2025,2025-09-10,2025-09-11 00:00:00,2025-10-14,2025-10-15,1080700.0,1.285,1.442,694.34975,779.1847,0.12105737014761075,trend,trend,trend_to_trend,18,False
1259,rolling_2023_2025,2025-10-24,2025-10-27 10:30:00,2025-10-30,2025-10-31,1037200.0,1.501,1.4923366,778.4186,773.92576076,-0.006765483547366835,trend,trend,trend_to_trend,4,True
1259,rolling_2023_2025,2025-12-08,2025-12-09 00:00:00,2025-12-11,2025-12-12,1121100.0,1.3792502000000002,1.3630950000000002,773.1386996100001,764.0829022500001,-0.012700823819422835,range,range,range_to_range,3,True
1259,rolling_2023_2025,2025-12-17,2025-12-18 00:00:00,2025-12-24,2025-12-25,1128300.0,1.352998,1.3873278000000002,763.2938217,782.6609783700002,0.024348273624382077,range,range,range_to_range,5,False
1259,rolling_2024_2026,2023-12-29,2024-01-02 00:00:00,2024-01-04,2024-01-05,1146200.0,0.872,0.842,499.7432,482.5502,-0.035368783498159306,range,range,range_to_range,3,True
1259,rolling_2024_2026,2024-02-08,2024-02-19 10:00:00,2024-03-13,2024-03-14,1252100.0,0.77,0.831,482.05850000000004,520.24755,0.07814209778227754,trend,range,trend_to_range,18,False
1259,rolling_2024_2026,2024-04-26,2024-04-29 10:00:00,2024-05-07,2024-05-08,1348200.0,0.771,0.786,519.7311000000001,529.8426,0.01843630713825939,range,range,range_to_range,4,False
1259,rolling_2024_2026,2024-05-10,2024-05-13 00:00:00,2024-05-15,2024-05-16,1357200.0,0.78,0.768,529.308,521.1648,-0.016368738707569275,trend,trend,trend_to_trend,3,True
1259,rolling_2024_2026,2024-06-03,2024-06-04 00:00:00,2024-06-06,2024-06-07,1357600.0,0.767,0.762,520.6396000000001,517.2456000000001,-0.0075118894268642045,trend,range,trend_to_range,3,True
1259,rolling_2024_2026,2024-06-11,2024-06-12 10:00:00,2024-06-25,2024-06-26,1331800.0,0.776,0.734,516.7384000000001,488.7706,-0.05506911492707267,range,range,range_to_range,10,True
1259,rolling_2024_2026,2024-07-17,2024-07-18 00:00:00,2024-07-22,2024-07-23,1316100.0,0.742,0.77,488.2731,506.6985,0.03669863181616728,range,range,range_to_range,3,False
1259,rolling_2024_2026,2024-07-31,2024-08-01 10:00:00,2024-08-05,2024-08-06,1326900.0,0.763,0.73,506.2123500000001,484.31850000000003,-0.044206599190575235,trend,range,trend_to_range,3,True
1259,rolling_2024_2026,2024-09-24,2024-09-25 14:00:00,2024-09-27,2024-09-30,1414700.0,0.684,0.813,483.8274,575.0755499999999,0.1874084887380869,trend,range,trend_to_range,3,False
1259,rolling_2024_2026,2024-10-08,2024-10-09 00:00:00,2024-10-30,2024-10-31,1065800.0,1.078,0.981,574.4662000000001,522.7749,-0.0908910108952945,trend,trend,trend_to_trend,16,False
1259,rolling_2024_2026,2024-11-05,2024-11-06 10:00:00,2024-11-15,2024-11-18,1025100.0,1.019,1.014,522.28845,519.7257000000001,-0.005901367275145342,trend,trend,trend_to_trend,8,True
1259,rolling_2024_2026,2024-12-02,2024-12-03 00:00:00,2024-12-05,2024-12-06,997500.0,1.041,1.03,519.1987499999999,513.7125,-0.011555701496033799,trend,trend,trend_to_trend,3,True
1259,rolling_2024_2026,2024-12-10,2024-12-11 00:00:00,2024-12-13,2024-12-16,992600.0,1.034,1.013,513.1742,502.7519,-0.021288678678069273,trend,trend,trend_to_trend,3,True
1259,rolling_2024_2026,2024-12-20,2024-12-23 00:00:00,2024-12-31,2025-01-02,970600.0,1.035,1.01,502.28549999999996,490.153,-0.025129947103742722,trend,range,trend_to_range,7,True
1259,rolling_2024_2026,2025-01-07,2025-01-08 00:00:00,2025-01-13,2025-01-14,999300.0,0.98,0.98,489.657,489.657,-0.0009995002498750516,range,range,range_to_range,4,True
1259,rolling_2024_2026,2025-01-14,2025-01-15 00:00:00,2025-01-20,2025-01-21,976400.0,1.002,0.996,489.17640000000006,486.2472,-0.0069815391705344565,range,range,range_to_range,4,True
1259,rolling_2024_2026,2025-01-21,2025-01-22 00:00:00,2025-03-11,2025-03-12,975400.0,0.996,1.133,485.74920000000003,552.5640999999999,0.13641321909326454,range,range,range_to_range,29,False
1259,rolling_2024_2026,2025-04-16,2025-04-17 00:00:00,2025-04-24,2025-04-25,1072900.0,1.029,1.027,552.0070499999999,550.9341499999999,-0.0029411921833059074,range,range,range_to_range,6,True
1259,rolling_2024_2026,2025-05-08,2025-05-09 00:00:00,2025-05-13,2025-05-14,1052300.0,1.046,1.034,550.3529000000001,544.0391,-0.01246030904241957,range,range,range_to_range,3,True
1259,rolling_2024_2026,2025-06-05,2025-06-06 00:00:00,2025-06-10,2025-06-11,1062600.0,1.023,1.007,543.5198999999999,535.0191,-0.016624141497188605,trend,trend,trend_to_trend,3,True
1259,rolling_2024_2026,2025-06-24,2025-06-25 10:30:00,2025-09-08,2025-09-09,1065800.0,1.003,1.28,534.4987,682.112,0.27489595182468585,trend,trend,trend_to_trend,54,False
1259,rolling_2024_2026,2025-09-10,2025-09-11 00:00:00,2025-10-14,2025-10-15,1060600.0,1.285,1.442,681.4355,764.6926,0.1210573701476112,trend,trend,trend_to_trend,18,False
1259,rolling_2024_2026,2025-10-24,2025-10-27 10:30:00,2025-10-30,2025-10-31,1017800.0,1.501,1.4923366,763.8589,759.45009574,-0.006765483547366724,trend,trend,trend_to_trend,4,True
1259,rolling_2024_2026,2025-12-08,2025-12-09 00:00:00,2025-12-11,2025-12-12,1100200.0,1.3792502000000002,1.3630950000000002,758.72553502,749.8385595000001,-0.012700823819422613,range,range,range_to_range,3,True
1259,rolling_2024_2026,2025-12-17,2025-12-18 00:00:00,2025-12-24,2025-12-25,1107300.0,1.352998,1.3873278000000002,749.0873426999999,768.0940364700002,0.0243482736243823,range,range,range_to_range,5,False
1259,rolling_2024_2026,2025-12-29,2025-12-30 00:00:00,2026-01-29,2026-01-30,1108600.0,1.3842987,1.5488798,767.31676941,858.54407314,0.1177729880501035,range,trend,range_to_trend,21,False
1259,rolling_2024_2026,2026-02-25,2026-02-26 10:00:00,2026-03-02,2026-03-03,1130800.0,1.517,1.5105112,857.7117999999999,854.0430324800001,-0.005272614582622737,trend,trend,trend_to_trend,3,True
1259,rolling_2024_2026,2026-04-08,2026-04-09 00:00:00,2026-04-23,2026-04-24,1237200.0,1.3792502000000002,1.4812299000000002,853.2041737200001,916.2888161400001,0.0728651047828941,range,range,range_to_range,11,False
1259,rolling_2024_2026,2026-05-06,2026-05-07 10:00:00,2026-06-01,2026-06-02,1072500.0,1.707,1.7215385,915.37875,923.175020625,0.0075089758869832934,range,trend,range_to_trend,18,False
1259,rolling_2024_2026,2026-06-16,2026-06-17 00:00:00,2026-07-13,2026-07-14,1031500.0,1.7881787,2.0476716,922.2531645250001,1056.0866277,0.1439712103293358,trend,trend,trend_to_trend,18,False
1259,rolling_2024_2026,2026-08-04,2026-08-05 00:00:00,2026-08-14,2026-08-17,1267300.0,1.6649953000000002,1.7750526,1055.0242718450002,1124.76207999,0.06503509918782258,range,range,range_to_range,8,False
1273,full_2021_2026,2021-01-12,2021-01-13 10:30:00,2021-01-28,2021-01-29,697000.0,1.434,1.456,499.749,507.416,0.014326867249778275,warmup,warmup,warmup_to_warmup,12,False
1273,full_2021_2026,2021-03-26,2021-03-29 10:00:00,2021-04-12,2021-04-13,791400.0,1.281,1.267,506.89169999999996,501.3519,-0.011917538498510294,trend,range,trend_to_range,10,True
1273,full_2021_2026,2021-04-16,2021-04-19 00:00:00,2021-05-07,2021-05-10,770500.0,1.3,1.295,500.825,498.89875,-0.004841809864298607,trend,trend,trend_to_trend,12,False
1273,full_2021_2026,2021-05-14,2021-05-17 00:00:00,2021-06-16,2021-06-17,751800.0,1.326,1.441,498.44340000000005,541.6719,0.08564081458516593,range,trend,range_to_trend,22,False
1273,full_2021_2026,2021-06-17,2021-06-18 00:00:00,2021-07-06,2021-07-07,719100.0,1.505,1.557,541.12275,559.81935,0.03351746053883353,trend,trend,trend_to_trend,13,False
1273,full_2021_2026,2021-07-07,2021-07-08 00:00:00,2021-07-14,2021-07-15,698200.0,1.602,1.589,559.2582000000001,554.7199,-0.009106245878309327,trend,trend,trend_to_trend,5,True
1273,full_2021_2026,2021-07-29,2021-07-30 00:00:00,2021-08-09,2021-08-10,681600.0,1.626,1.604,554.1407999999999,546.6432000000001,-0.014516112177613283,trend,trend,trend_to_trend,7,True
1273,full_2021_2026,2021-08-24,2021-08-25 00:00:00,2021-08-27,2021-08-30,675000.0,1.618,1.525,546.075,514.6875,-0.05842041896233596,trend,range,trend_to_range,3,True
1273,full_2021_2026,2021-10-15,2021-10-18 00:00:00,2021-10-27,2021-10-28,735600.0,1.398,1.391,514.1844,511.6098,-0.006001648674947124,trend,trend,trend_to_trend,8,True
1273,full_2021_2026,2021-10-29,2021-11-01 10:00:00,2021-12-02,2021-12-03,714300.0,1.431,1.469,511.08165,524.6533499999999,0.025528814907710196,trend,range,trend_to_range,24,False
1273,full_2021_2026,2021-12-10,2021-12-13 00:00:00,2021-12-15,2021-12-16,706400.0,1.484,1.463,524.1488,516.7316000000001,-0.015136299774640927,range,range,range_to_range,3,True
1273,full_2021_2026,2022-01-18,2022-01-19 00:00:00,2022-01-21,2022-01-24,748700.0,1.379,1.326,516.22865,496.38810000000007,-0.03939473338022781,range,range,range_to_range,3,True
1273,full_2021_2026,2022-02-23,2022-02-24 00:00:00,2022-03-03,2022-03-04,787800.0,1.259,1.239,495.9201,488.04210000000006,-0.016869246075929323,trend,trend,trend_to_trend,6,True
1273,full_2021_2026,2022-03-21,2022-03-22 00:00:00,2022-03-24,2022-03-25,827700.0,1.178,1.167,487.5153,482.96295000000003,-0.010328027836675746,trend,trend,trend_to_trend,3,True
1273,full_2021_2026,2022-05-05,2022-05-06 00:00:00,2022-06-22,2022-06-23,1010500.0,0.955,1.095,482.51375,553.24875,0.14545083479202803,trend,range,trend_to_range,33,False
1273,full_2021_2026,2022-06-24,2022-06-27 10:30:00,2022-06-29,2022-06-30,972200.0,1.137,1.125,552.6957,546.8625000000001,-0.011543041144335464,range,range,range_to_range,3,True
1273,full_2021_2026,2022-06-30,2022-07-01 00:00:00,2022-07-05,2022-07-06,960900.0,1.137,1.122,546.27165,539.0649000000001,-0.014178926367950706,range,range,range_to_range,3,True
1273,full_2021_2026,2022-07-21,2022-07-22 10:00:00,2022-08-19,2022-08-22,953200.0,1.13,1.137,538.558,541.8942,0.005188998421143287,trend,trend,trend_to_trend,21,False
1273,full_2021_2026,2022-10-17,2022-10-18 10:00:00,2022-11-21,2022-11-22,1093600.0,0.99,1.061,541.332,580.1547999999999,0.07064599013624506,trend,trend,trend_to_trend,25,False
1273,full_2021_2026,2022-12-30,2023-01-03 00:00:00,2023-02-14,2023-02-15,1174400.0,0.987,1.047,579.5664,614.7983999999999,0.05973001341274653,range,range,range_to_range,26,False
1273,full_2021_2026,2023-03-06,2023-03-07 00:00:00,2023-03-09,2023-03-10,1192600.0,1.03,1.016,614.189,605.8408000000001,-0.014578147819294118,range,range,range_to_range,3,True
1273,full_2021_2026,2023-03-14,2023-03-15 11:30:00,2023-04-21,2023-04-24,1170700.0,1.034,1.136,605.2519000000001,664.9576,0.09754793782992421,range,trend,range_to_trend,27,False
1273,full_2021_2026,2023-05-26,2023-05-29 10:00:00,2023-06-06,2023-06-07,1246300.0,1.066,1.052,664.2779,655.5538,-0.014119581860101982,range,range,range_to_range,7,True
1273,full_2021_2026,2023-06-09,2023-06-12 00:00:00,2023-06-21,2023-06-26,1243900.0,1.053,1.036,654.91335,644.3402000000001,-0.01712771344622077,range,range,range_to_range,8,True
1273,full_2021_2026,2023-07-31,2023-08-01 00:00:00,2023-08-08,2023-08-09,1296500.0,0.993,0.988,643.71225,640.471,-0.006029714246602813,trend,range,trend_to_range,6,True
1273,full_2021_2026,2023-08-30,2023-08-31 00:00:00,2023-09-07,2023-09-08,1334300.0,0.959,0.917,639.79685,611.77655,-0.044751346954260085,trend,trend,trend_to_trend,6,True
1273,full_2021_2026,2023-09-27,2023-09-28 00:00:00,2023-10-16,2023-10-17,1353700.0,0.903,0.896,611.19555,606.4576,-0.008743690170418872,trend,trend,trend_to_trend,7,True
1273,full_2021_2026,2023-10-27,2023-10-30 00:00:00,2023-11-22,2023-11-23,1376900.0,0.88,0.892,605.836,614.0974,0.012623233837626646,trend,range,trend_to_range,18,False
1273,full_2021_2026,2023-12-08,2023-12-11 00:00:00,2023-12-15,2023-12-18,1391100.0,0.882,0.867,613.4751,603.04185,-0.017989304667394124,trend,range,trend_to_range,5,True
1273,full_2021_2026,2023-12-29,2024-01-02 00:00:00,2024-01-04,2024-01-05,1381800.0,0.872,0.842,602.4648000000001,581.7378,-0.035368783498159306,range,range,range_to_range,3,True
1273,full_2021_2026,2024-02-08,2024-02-19 10:00:00,2024-03-21,2024-03-22,1509500.0,0.77,0.822,581.1575,620.4045,0.06646546856441926,trend,range,trend_to_range,24,False
1273,full_2021_2026,2024-04-26,2024-04-29 10:00:00,2024-05-15,2024-05-16,1607700.0,0.771,0.768,619.7683499999999,617.3568,-0.004886661727501851,range,trend,range_to_trend,10,True
1273,full_2021_2026,2024-06-03,2024-06-04 00:00:00,2024-06-06,2024-06-07,1608200.0,0.767,0.762,616.7447000000001,612.7242,-0.0075118894268643155,trend,range,trend_to_range,3,True
1273,full_2021_2026,2024-06-11,2024-06-12 10:00:00,2024-06-24,2024-06-25,1577600.0,0.776,0.755,612.1088000000001,595.544,-0.028034307588473917,range,range,range_to_range,9,True
1273,full_2021_2026,2024-07-11,2024-07-12 00:00:00,2024-07-24,2024-07-25,1625600.0,0.732,0.727,594.9696,590.9055999999999,-0.007823274155271953,range,range,range_to_range,9,True
1273,full_2021_2026,2024-07-26,2024-07-29 00:00:00,2024-08-06,2024-08-07,1601900.0,0.737,0.73,590.30015,584.6935,-0.010487971753607717,range,trend,range_to_trend,7,True
1273,full_2021_2026,2024-09-24,2024-09-25 14:00:00,2024-10-30,2024-10-31,1707900.0,0.684,0.981,584.1018,837.7249499999999,0.4327770325363631,trend,trend,trend_to_trend,21,False
1273,full_2021_2026,2024-11-05,2024-11-06 10:00:00,2024-11-15,2024-11-18,1642600.0,1.019,1.014,836.9046999999999,832.7982,-0.005901367275145675,trend,trend,trend_to_trend,8,True
1273,full_2021_2026,2024-12-02,2024-12-03 00:00:00,2024-12-05,2024-12-06,1598400.0,1.041,1.03,831.9671999999999,823.176,-0.01155570149603391,trend,trend,trend_to_trend,3,True
1273,full_2021_2026,2024-12-10,2024-12-11 00:00:00,2024-12-13,2024-12-16,1590600.0,1.034,1.013,822.3402000000001,805.6388999999999,-0.02128867867806916,trend,trend,trend_to_trend,3,True
1273,full_2021_2026,2024-12-20,2024-12-23 00:00:00,2024-12-31,2025-01-02,1555200.0,1.035,1.01,804.8159999999999,785.376,-0.025129947103742722,trend,range,trend_to_range,7,True
1273,full_2021_2026,2025-01-21,2025-01-22 00:00:00,2025-01-27,2025-02-05,1575500.0,0.996,1.007,784.599,793.26425,0.010033637799574002,range,range,range_to_range,4,False
1273,full_2021_2026,2025-02-05,2025-02-06 00:00:00,2025-03-11,2025-03-12,1585000.0,1.0,1.133,792.5,897.9025,0.13186756621689155,range,range,range_to_range,24,False
1273,full_2021_2026,2025-04-16,2025-04-17 00:00:00,2025-04-24,2025-04-25,1743400.0,1.029,1.027,896.9793,895.2358999999999,-0.0029411921833057963,range,range,range_to_range,6,True
1273,full_2021_2026,2025-05-06,2025-05-07 14:00:00,2025-05-09,2025-05-12,1703500.0,1.05,1.034,894.3375,880.7095,-0.01622236500797225,range,range,range_to_range,3,True
1273,full_2021_2026,2025-05-14,2025-05-15 00:00:00,2025-05-19,2025-05-20,1698500.0,1.036,1.019,879.823,865.3857499999999,-0.01739236559326529,range,range,range_to_range,3,True
1273,full_2021_2026,2025-06-05,2025-06-06 00:00:00,2025-06-10,2025-06-11,1690200.0,1.023,1.007,864.5373,851.0156999999999,-0.016624141497188827,trend,trend,trend_to_trend,3,True
1273,full_2021_2026,2025-06-24,2025-06-25 10:30:00,2025-08-08,2025-08-11,1695200.0,1.003,1.07,850.1428,906.932,0.06573333472844833,trend,range,trend_to_range,33,False
1273,full_2021_2026,2025-08-12,2025-08-13 10:00:00,2025-09-08,2025-09-09,1650300.0,1.098,1.28,906.0147000000001,1056.192,0.16459074652109296,trend,trend,trend_to_trend,19,False
1273,full_2021_2026,2025-09-10,2025-09-11 00:00:00,2025-10-14,2025-10-15,1642300.0,1.285,1.442,1055.17775,1184.0983,0.12105737014761098,trend,trend,trend_to_trend,18,False
1273,full_2021_2026,2025-10-24,2025-10-27 10:30:00,2025-10-30,2025-10-31,1576100.0,1.501,1.4923366,1182.86305,1176.03585763,-0.006765483547366613,trend,trend,trend_to_trend,4,True
1273,full_2021_2026,2025-12-08,2025-12-09 00:00:00,2025-12-11,2025-12-12,1703700.0,1.3792502000000002,1.3630950000000002,1174.9142828700003,1161.1524757500003,-0.012700823819422724,range,range,range_to_range,3,True
1273,full_2021_2026,2025-12-12,2025-12-15 00:00:00,2026-01-29,2026-01-30,1688200.0,1.3742017,1.5488798,1159.96365497,1307.40943918,0.1259858681974222,range,trend,range_to_trend,32,False
1273,full_2021_2026,2026-02-25,2026-02-26 10:00:00,2026-03-02,2026-03-03,1722000.0,1.517,1.5105112,1306.137,1300.5501432,-0.005272614582622959,trend,trend,trend_to_trend,3,True
1273,full_2021_2026,2026-04-08,2026-04-09 00:00:00,2026-06-01,2026-06-02,1884000.0,1.3792502000000002,1.7215385,1299.2536884,1621.689267,0.24692229287991418,range,trend,range_to_trend,35,False
1273,full_2021_2026,2026-06-16,2026-06-17 00:00:00,2026-07-13,2026-07-14,1811900.0,1.7881787,2.0476716,1620.000493265,1855.08808602,0.14397121032933557,trend,trend,trend_to_trend,18,False
1273,full_2021_2026,2026-08-10,2026-08-11 00:00:00,2026-08-14,2026-08-17,2094100.0,1.7700041,1.7750526,1853.2827929050002,1858.56882483,0.001849902202350151,range,range,range_to_range,4,False
1273,full_2021_2026,2026-08-17,2026-08-18 00:00:00,2026-08-20,2026-08-21,2010800.0,1.8467413,1.7043736,1856.71370302,1713.5772174400001,-0.0780137541945265,range,range,range_to_range,3,True
1273,full_2021_2026,2026-08-27,2026-08-28 00:00:00,2026-09-01,2026-09-02,1960000.0,1.746781,1.6771117000000002,1711.84538,1643.5694660000004,-0.04084402885262539,range,range,range_to_range,3,True
1273,rolling_2021_2023,2021-01-12,2021-01-13 10:30:00,2021-01-28,2021-01-29,697000.0,1.434,1.456,499.749,507.416,0.014326867249778275,warmup,warmup,warmup_to_warmup,12,False
1273,rolling_2021_2023,2021-03-26,2021-03-29 10:00:00,2021-04-12,2021-04-13,791400.0,1.281,1.267,506.89169999999996,501.3519,-0.011917538498510294,trend,range,trend_to_range,10,True
1273,rolling_2021_2023,2021-04-16,2021-04-19 00:00:00,2021-05-07,2021-05-10,770500.0,1.3,1.295,500.825,498.89875,-0.004841809864298607,trend,trend,trend_to_trend,12,False
1273,rolling_2021_2023,2021-05-14,2021-05-17 00:00:00,2021-06-16,2021-06-17,751800.0,1.326,1.441,498.44340000000005,541.6719,0.08564081458516593,range,trend,range_to_trend,22,False
1273,rolling_2021_2023,2021-06-17,2021-06-18 00:00:00,2021-07-06,2021-07-07,719100.0,1.505,1.557,541.12275,559.81935,0.03351746053883353,trend,trend,trend_to_trend,13,False
1273,rolling_2021_2023,2021-07-07,2021-07-08 00:00:00,2021-07-14,2021-07-15,698200.0,1.602,1.589,559.2582000000001,554.7199,-0.009106245878309327,trend,trend,trend_to_trend,5,True
1273,rolling_2021_2023,2021-07-29,2021-07-30 00:00:00,2021-08-09,2021-08-10,681600.0,1.626,1.604,554.1407999999999,546.6432000000001,-0.014516112177613283,trend,trend,trend_to_trend,7,True
1273,rolling_2021_2023,2021-08-24,2021-08-25 00:00:00,2021-08-27,2021-08-30,675000.0,1.618,1.525,546.075,514.6875,-0.05842041896233596,trend,range,trend_to_range,3,True
1273,rolling_2021_2023,2021-10-15,2021-10-18 00:00:00,2021-10-27,2021-10-28,735600.0,1.398,1.391,514.1844,511.6098,-0.006001648674947124,trend,trend,trend_to_trend,8,True
1273,rolling_2021_2023,2021-10-29,2021-11-01 10:00:00,2021-12-02,2021-12-03,714300.0,1.431,1.469,511.08165,524.6533499999999,0.025528814907710196,trend,range,trend_to_range,24,False
1273,rolling_2021_2023,2021-12-10,2021-12-13 00:00:00,2021-12-15,2021-12-16,706400.0,1.484,1.463,524.1488,516.7316000000001,-0.015136299774640927,range,range,range_to_range,3,True
1273,rolling_2021_2023,2022-01-18,2022-01-19 00:00:00,2022-01-21,2022-01-24,748700.0,1.379,1.326,516.22865,496.38810000000007,-0.03939473338022781,range,range,range_to_range,3,True
1273,rolling_2021_2023,2022-02-23,2022-02-24 00:00:00,2022-03-03,2022-03-04,787800.0,1.259,1.239,495.9201,488.04210000000006,-0.016869246075929323,trend,trend,trend_to_trend,6,True
1273,rolling_2021_2023,2022-03-21,2022-03-22 00:00:00,2022-03-24,2022-03-25,827700.0,1.178,1.167,487.5153,482.96295000000003,-0.010328027836675746,trend,trend,trend_to_trend,3,True
1273,rolling_2021_2023,2022-05-05,2022-05-06 00:00:00,2022-06-22,2022-06-23,1010500.0,0.955,1.095,482.51375,553.24875,0.14545083479202803,trend,range,trend_to_range,33,False
1273,rolling_2021_2023,2022-06-24,2022-06-27 10:30:00,2022-06-29,2022-06-30,972200.0,1.137,1.125,552.6957,546.8625000000001,-0.011543041144335464,range,range,range_to_range,3,True
1273,rolling_2021_2023,2022-06-30,2022-07-01 00:00:00,2022-07-05,2022-07-06,960900.0,1.137,1.122,546.27165,539.0649000000001,-0.014178926367950706,range,range,range_to_range,3,True
1273,rolling_2021_2023,2022-07-21,2022-07-22 10:00:00,2022-08-19,2022-08-22,953200.0,1.13,1.137,538.558,541.8942,0.005188998421143287,trend,trend,trend_to_trend,21,False
1273,rolling_2021_2023,2022-10-17,2022-10-18 10:00:00,2022-11-21,2022-11-22,1093600.0,0.99,1.061,541.332,580.1547999999999,0.07064599013624506,trend,trend,trend_to_trend,25,False
1273,rolling_2021_2023,2022-12-30,2023-01-03 00:00:00,2023-02-14,2023-02-15,1174400.0,0.987,1.047,579.5664,614.7983999999999,0.05973001341274653,range,range,range_to_range,26,False
1273,rolling_2021_2023,2023-03-06,2023-03-07 00:00:00,2023-03-09,2023-03-10,1192600.0,1.03,1.016,614.189,605.8408000000001,-0.014578147819294118,range,range,range_to_range,3,True
1273,rolling_2021_2023,2023-03-14,2023-03-15 11:30:00,2023-04-21,2023-04-24,1170700.0,1.034,1.136,605.2519000000001,664.9576,0.09754793782992421,range,trend,range_to_trend,27,False
1273,rolling_2021_2023,2023-05-26,2023-05-29 10:00:00,2023-06-06,2023-06-07,1246300.0,1.066,1.052,664.2779,655.5538,-0.014119581860101982,range,range,range_to_range,7,True
1273,rolling_2021_2023,2023-06-09,2023-06-12 00:00:00,2023-06-21,2023-06-26,1243900.0,1.053,1.036,654.91335,644.3402000000001,-0.01712771344622077,range,range,range_to_range,8,True
1273,rolling_2021_2023,2023-07-31,2023-08-01 00:00:00,2023-08-08,2023-08-09,1296500.0,0.993,0.988,643.71225,640.471,-0.006029714246602813,trend,range,trend_to_range,6,True
1273,rolling_2021_2023,2023-08-30,2023-08-31 00:00:00,2023-09-07,2023-09-08,1334300.0,0.959,0.917,639.79685,611.77655,-0.044751346954260085,trend,trend,trend_to_trend,6,True
1273,rolling_2021_2023,2023-09-27,2023-09-28 00:00:00,2023-10-16,2023-10-17,1353700.0,0.903,0.896,611.19555,606.4576,-0.008743690170418872,trend,trend,trend_to_trend,7,True
1273,rolling_2021_2023,2023-10-27,2023-10-30 00:00:00,2023-11-22,2023-11-23,1376900.0,0.88,0.892,605.836,614.0974,0.012623233837626646,trend,range,trend_to_range,18,False
1273,rolling_2021_2023,2023-12-08,2023-12-11 00:00:00,2023-12-15,2023-12-18,1391100.0,0.882,0.867,613.4751,603.04185,-0.017989304667394124,trend,range,trend_to_range,5,True
1273,rolling_2022_2024,2022-01-18,2022-01-19 00:00:00,2022-01-21,2022-01-24,724800.0,1.379,1.326,499.7496,480.54240000000004,-0.03939473338022792,range,range,range_to_range,3,True
1273,rolling_2022_2024,2022-02-23,2022-02-24 00:00:00,2022-03-03,2022-03-04,762600.0,1.259,1.239,480.0567,472.4307,-0.016869246075929323,trend,trend,trend_to_trend,6,True
1273,rolling_2022_2024,2022-03-21,2022-03-22 00:00:00,2022-03-24,2022-03-25,801200.0,1.178,1.167,471.9068,467.5002,-0.010328027836675857,trend,trend,trend_to_trend,3,True
1273,rolling_2022_2024,2022-05-05,2022-05-06 00:00:00,2022-06-22,2022-06-23,978200.0,0.955,1.095,467.0905,535.5645000000001,0.1454508347920278,trend,range,trend_to_range,33,False
1273,rolling_2022_2024,2022-06-24,2022-06-27 10:30:00,2022-06-29,2022-06-30,941100.0,1.137,1.125,535.01535,529.36875,-0.011543041144335353,range,range,range_to_range,3,True
1273,rolling_2022_2024,2022-06-30,2022-07-01 00:00:00,2022-07-05,2022-07-06,930200.0,1.137,1.122,528.8186999999999,521.8422,-0.014178926367950262,range,range,range_to_range,3,True
1273,rolling_2022_2024,2022-07-21,2022-07-22 10:00:00,2022-08-19,2022-08-22,922700.0,1.13,1.137,521.3254999999999,524.55495,0.005188998421143287,trend,trend,trend_to_trend,21,False
1273,rolling_2022_2024,2022-10-17,2022-10-18 10:00:00,2022-11-21,2022-11-22,1058700.0,0.99,1.061,524.0565,561.64035,0.07064599013624506,trend,trend,trend_to_trend,25,False
1273,rolling_2022_2024,2022-12-30,2023-01-03 00:00:00,2023-02-14,2023-02-15,1136900.0,0.987,1.047,561.06015,595.1671499999999,0.059730013412746086,range,range,range_to_range,26,False
1273,rolling_2022_2024,2023-03-06,2023-03-07 00:00:00,2023-03-09,2023-03-10,1154500.0,1.03,1.016,594.5675,586.486,-0.014578147819294118,range,range,range_to_range,3,True
1273,rolling_2022_2024,2023-03-14,2023-03-15 11:30:00,2023-04-21,2023-04-24,1133300.0,1.034,1.136,585.9161,643.7144,0.09754793782992444,range,trend,range_to_trend,27,False
1273,rolling_2022_2024,2023-05-26,2023-05-29 10:00:00,2023-06-06,2023-06-07,1206500.0,1.066,1.052,643.0645000000001,634.619,-0.01411958186010187,range,range,range_to_range,7,True
1273,rolling_2022_2024,2023-06-09,2023-06-12 00:00:00,2023-06-21,2023-06-26,1204100.0,1.053,1.036,633.9586499999999,623.7238000000001,-0.01712771344622066,range,range,range_to_range,8,True
1273,rolling_2022_2024,2023-07-31,2023-08-01 00:00:00,2023-08-08,2023-08-09,1255000.0,0.993,0.988,623.1075,619.97,-0.006029714246602702,trend,range,trend_to_range,6,True
1273,rolling_2022_2024,2023-08-30,2023-08-31 00:00:00,2023-09-07,2023-09-08,1291700.0,0.959,0.917,619.3701500000001,592.24445,-0.044751346954260196,trend,trend,trend_to_trend,6,True
1273,rolling_2022_2024,2023-09-27,2023-09-28 00:00:00,2023-10-16,2023-10-17,1310400.0,0.903,0.896,591.6456,587.0592,-0.008743690170418428,trend,trend,trend_to_trend,7,True
1273,rolling_2022_2024,2023-10-27,2023-10-30 00:00:00,2023-11-22,2023-11-23,1332900.0,0.88,0.892,586.476,594.4734000000001,0.012623233837626646,trend,range,trend_to_range,18,False
1273,rolling_2022_2024,2023-12-08,2023-12-11 00:00:00,2023-12-15,2023-12-18,1346700.0,0.882,0.867,593.8947,583.79445,-0.017989304667394235,trend,range,trend_to_range,5,True
1273,rolling_2022_2024,2023-12-29,2024-01-02 00:00:00,2024-01-04,2024-01-05,1337600.0,0.872,0.842,583.1936,563.1296,-0.035368783498159306,range,range,range_to_range,3,True
1273,rolling_2022_2024,2024-02-08,2024-02-19 10:00:00,2024-03-21,2024-03-22,1461200.0,0.77,0.822,562.562,600.5532,0.06646546856441904,trend,range,trend_to_range,24,False
1273,rolling_2022_2024,2024-04-26,2024-04-29 10:00:00,2024-05-15,2024-05-16,1556300.0,0.771,0.768,599.95365,597.6192000000001,-0.004886661727502073,range,trend,range_to_trend,10,True
1273,rolling_2022_2024,2024-06-03,2024-06-04 00:00:00,2024-06-06,2024-06-07,1556800.0,0.767,0.762,597.0328000000001,593.1408,-0.007511889426863982,trend,range,trend_to_range,3,True
1273,rolling_2022_2024,2024-06-11,2024-06-12 10:00:00,2024-06-24,2024-06-25,1527200.0,0.776,0.755,592.5536,576.518,-0.028034307588473695,range,range,range_to_range,9,True
1273,rolling_2022_2024,2024-07-11,2024-07-12 00:00:00,2024-07-24,2024-07-25,1573600.0,0.732,0.727,575.9376,572.0036,-0.007823274155272064,range,range,range_to_range,9,True
1273,rolling_2022_2024,2024-07-26,2024-07-29 00:00:00,2024-08-06,2024-08-07,1550700.0,0.737,0.73,571.43295,566.0055,-0.010487971753607495,range,trend,range_to_trend,7,True
1273,rolling_2022_2024,2024-09-24,2024-09-25 14:00:00,2024-10-30,2024-10-31,1653300.0,0.684,0.981,565.4286000000001,810.94365,0.4327770325363631,trend,trend,trend_to_trend,21,False
1273,rolling_2022_2024,2024-11-05,2024-11-06 10:00:00,2024-11-15,2024-11-18,1590100.0,1.019,1.014,810.15595,806.1807,-0.005901367275145564,trend,trend,trend_to_trend,8,True
1273,rolling_2022_2024,2024-12-02,2024-12-03 00:00:00,2024-12-05,2024-12-06,1547300.0,1.041,1.03,805.36965,796.8595,-0.011555701496033799,trend,trend,trend_to_trend,3,True
1273,rolling_2022_2024,2024-12-10,2024-12-11 00:00:00,2024-12-13,2024-12-16,1539700.0,1.034,1.013,796.0249,779.8580499999999,-0.02128867867806916,trend,trend,trend_to_trend,3,True
1273,rolling_2023_2025,2022-12-30,2023-01-03 00:00:00,2023-02-14,2023-02-15,1012600.0,0.987,1.047,499.7181,530.0961,0.05973001341274653,range,range,range_to_range,26,False
1273,rolling_2023_2025,2023-03-06,2023-03-07 00:00:00,2023-03-09,2023-03-10,1028300.0,1.03,1.016,529.5745000000001,522.3764,-0.01457814781929423,range,range,range_to_range,3,True
1273,rolling_2023_2025,2023-03-14,2023-03-15 11:30:00,2023-04-21,2023-04-24,1009400.0,1.034,1.136,521.8598,573.3392,0.09754793782992444,range,trend,range_to_trend,27,False
1273,rolling_2023_2025,2023-05-26,2023-05-29 10:00:00,2023-06-06,2023-06-07,1074600.0,1.066,1.052,572.7618000000001,565.2396,-0.01411958186010187,range,range,range_to_range,7,True
1273,rolling_2023_2025,2023-06-09,2023-06-12 00:00:00,2023-06-21,2023-06-26,1072500.0,1.053,1.036,564.67125,555.5550000000001,-0.01712771344622066,range,range,range_to_range,8,True
1273,rolling_2023_2025,2023-07-31,2023-08-01 00:00:00,2023-08-08,2023-08-09,1117800.0,0.993,0.988,554.9877,552.1931999999999,-0.006029714246602813,trend,range,trend_to_range,6,True
1273,rolling_2023_2025,2023-08-30,2023-08-31 00:00:00,2023-09-07,2023-09-08,1150500.0,0.959,0.917,551.66475,527.50425,-0.044751346954260085,trend,trend,trend_to_trend,6,True
1273,rolling_2023_2025,2023-09-27,2023-09-28 00:00:00,2023-10-16,2023-10-17,1167200.0,0.903,0.896,526.9908,522.9056,-0.00874369017041876,trend,trend,trend_to_trend,7,True
1273,rolling_2023_2025,2023-10-27,2023-10-30 00:00:00,2023-11-22,2023-11-23,1187200.0,0.88,0.892,522.368,529.4911999999999,0.012623233837626424,trend,range,trend_to_range,18,False
1273,rolling_2023_2025,2023-12-08,2023-12-11 00:00:00,2023-12-15,2023-12-18,1199400.0,0.882,0.867,528.9354000000001,519.9399000000001,-0.017989304667394235,trend,range,trend_to_range,5,True
1273,rolling_2023_2025,2023-12-29,2024-01-02 00:00:00,2024-01-04,2024-01-05,1191400.0,0.872,0.842,519.4504000000001,501.57939999999996,-0.035368783498159306,range,range,range_to_range,3,True
1273,rolling_2023_2025,2024-02-08,2024-02-19 10:00:00,2024-03-21,2024-03-22,1301500.0,0.77,0.822,501.0775,534.9165,0.06646546856441904,trend,range,trend_to_range,24,False
1273,rolling_2023_2025,2024-04-26,2024-04-29 10:00:00,2024-05-15,2024-05-16,1386200.0,0.771,0.768,534.3801,532.3008000000001,-0.004886661727501962,range,trend,range_to_trend,10,True
1273,rolling_2023_2025,2024-06-03,2024-06-04 00:00:00,2024-06-06,2024-06-07,1386600.0,0.767,0.762,531.7610999999999,528.2946,-0.0075118894268640934,trend,range,trend_to_range,3,True
1273,rolling_2023_2025,2024-06-11,2024-06-12 10:00:00,2024-06-24,2024-06-25,1360200.0,0.776,0.755,527.7576,513.4755,-0.028034307588473584,range,range,range_to_range,9,True
1273,rolling_2023_2025,2024-07-11,2024-07-12 00:00:00,2024-07-24,2024-07-25,1401600.0,0.732,0.727,512.9856,509.4816,-0.007823274155272175,range,range,range_to_range,9,True
1273,rolling_2023_2025,2024-07-26,2024-07-29 00:00:00,2024-08-06,2024-08-07,1381200.0,0.737,0.73,508.97220000000004,504.13800000000003,-0.010487971753607606,range,trend,range_to_trend,7,True
1273,rolling_2023_2025,2024-09-24,2024-09-25 14:00:00,2024-10-30,2024-10-31,1472600.0,0.684,0.981,503.6292,722.3103,0.43277703253636335,trend,trend,trend_to_trend,21,False
1273,rolling_2023_2025,2024-11-05,2024-11-06 10:00:00,2024-11-15,2024-11-18,1416200.0,1.019,1.014,721.5538999999999,718.0134,-0.005901367275145342,trend,trend,trend_to_trend,8,True
1273,rolling_2023_2025,2024-12-02,2024-12-03 00:00:00,2024-12-05,2024-12-06,1378100.0,1.041,1.03,717.3010499999999,709.7215,-0.011555701496033688,trend,trend,trend_to_trend,3,True
1273,rolling_2023_2025,2024-12-10,2024-12-11 00:00:00,2024-12-13,2024-12-16,1371400.0,1.034,1.013,709.0138000000001,694.6141,-0.02128867867806916,trend,trend,trend_to_trend,3,True
1273,rolling_2023_2025,2024-12-20,2024-12-23 00:00:00,2024-12-31,2025-01-02,1340900.0,1.035,1.01,693.91575,677.1545,-0.025129947103742722,trend,range,trend_to_range,7,True
1273,rolling_2023_2025,2025-01-21,2025-01-22 00:00:00,2025-01-27,2025-02-05,1358400.0,0.996,1.007,676.4832,683.9544,0.010033637799574224,range,range,range_to_range,4,False
1273,rolling_2023_2025,2025-02-05,2025-02-06 00:00:00,2025-03-11,2025-03-12,1366600.0,1.0,1.133,683.3000000000001,774.1789,0.13186756621689155,range,range,range_to_range,24,False
1273,rolling_2023_2025,2025-04-16,2025-04-17 00:00:00,2025-04-24,2025-04-25,1503200.0,1.029,1.027,773.3964,771.8932,-0.0029411921833057963,range,range,range_to_range,6,True
1273,rolling_2023_2025,2025-05-06,2025-05-07 14:00:00,2025-05-09,2025-05-12,1468800.0,1.05,1.034,771.12,759.3696,-0.01622236500797236,range,range,range_to_range,3,True
1273,rolling_2023_2025,2025-05-14,2025-05-15 00:00:00,2025-05-19,2025-05-20,1464500.0,1.036,1.019,758.611,746.1627499999998,-0.01739236559326529,range,range,range_to_range,3,True
1273,rolling_2023_2025,2025-06-05,2025-06-06 00:00:00,2025-06-10,2025-06-11,1457300.0,1.023,1.007,745.40895,733.75055,-0.016624141497188938,trend,trend,trend_to_trend,3,True
1273,rolling_2023_2025,2025-06-24,2025-06-25 10:30:00,2025-08-08,2025-08-11,1461700.0,1.003,1.07,733.0425499999999,782.0095,0.06573333472844856,trend,range,trend_to_range,33,False
1273,rolling_2023_2025,2025-08-12,2025-08-13 10:00:00,2025-09-08,2025-09-09,1423000.0,1.098,1.28,781.2270000000001,910.72,0.16459074652109273,trend,trend,trend_to_trend,19,False
1273,rolling_2023_2025,2025-09-10,2025-09-11 00:00:00,2025-10-14,2025-10-15,1416000.0,1.285,1.442,909.78,1020.936,0.12105737014761098,trend,trend,trend_to_trend,18,False
1273,rolling_2023_2025,2025-10-24,2025-10-27 10:30:00,2025-10-30,2025-10-31,1359000.0,1.501,1.4923366,1019.9294999999998,1014.0427197,-0.006765483547366724,trend,trend,trend_to_trend,4,True
1273,rolling_2023_2025,2025-12-08,2025-12-09 00:00:00,2025-12-11,2025-12-12,1468900.0,1.3792502000000002,1.3630950000000002,1012.9903093900002,1001.1251227500002,-0.012700823819422724,range,range,range_to_range,3,True
1273,rolling_2024_2026,2023-12-29,2024-01-02 00:00:00,2024-01-04,2024-01-05,1146200.0,0.872,0.842,499.7432,482.5502,-0.035368783498159306,range,range,range_to_range,3,True
1273,rolling_2024_2026,2024-02-08,2024-02-19 10:00:00,2024-03-21,2024-03-22,1252100.0,0.77,0.822,482.05850000000004,514.6131,0.06646546856441904,trend,range,trend_to_range,24,False
1273,rolling_2024_2026,2024-04-26,2024-04-29 10:00:00,2024-05-15,2024-05-16,1333600.0,0.771,0.768,514.1028,512.1024,-0.004886661727501962,range,trend,range_to_trend,10,True
1273,rolling_2024_2026,2024-06-03,2024-06-04 00:00:00,2024-06-06,2024-06-07,1334000.0,0.767,0.762,511.589,508.254,-0.0075118894268640934,trend,range,trend_to_range,3,True
1273,rolling_2024_2026,2024-06-11,2024-06-12 10:00:00,2024-06-24,2024-06-25,1308600.0,0.776,0.755,507.7368,493.9965,-0.028034307588473695,range,range,range_to_range,9,True
1273,rolling_2024_2026,2024-07-11,2024-07-12 00:00:00,2024-07-24,2024-07-25,1348400.0,0.732,0.727,493.51439999999997,490.1434,-0.007823274155272064,range,range,range_to_range,9,True
1273,rolling_2024_2026,2024-07-26,2024-07-29 00:00:00,2024-08-06,2024-08-07,1328800.0,0.737,0.73,489.6628,485.012,-0.010487971753607606,range,trend,range_to_trend,7,True
1273,rolling_2024_2026,2024-09-24,2024-09-25 14:00:00,2024-10-30,2024-10-31,1416700.0,0.684,0.981,484.51140000000004,694.89135,0.43277703253636335,trend,trend,trend_to_trend,21,False
1273,rolling_2024_2026,2024-11-05,2024-11-06 10:00:00,2024-11-15,2024-11-18,1362500.0,1.019,1.014,694.1937499999999,690.7875,-0.005901367275145564,trend,trend,trend_to_trend,8,True
1273,rolling_2024_2026,2024-12-02,2024-12-03 00:00:00,2024-12-05,2024-12-06,1325800.0,1.041,1.03,690.0789,682.787,-0.01155570149603391,trend,trend,trend_to_trend,3,True
1273,rolling_2024_2026,2024-12-10,2024-12-11 00:00:00,2024-12-13,2024-12-16,1319400.0,1.034,1.013,682.1298,668.2761,-0.02128867867806916,trend,trend,trend_to_trend,3,True
1273,rolling_2024_2026,2024-12-20,2024-12-23 00:00:00,2024-12-31,2025-01-02,1290000.0,1.035,1.01,667.575,651.45,-0.025129947103742722,trend,range,trend_to_range,7,True
1273,rolling_2024_2026,2025-01-21,2025-01-22 00:00:00,2025-01-27,2025-02-05,1306900.0,0.996,1.007,650.8362,658.02415,0.010033637799574002,range,range,range_to_range,4,False
1273,rolling_2024_2026,2025-02-05,2025-02-06 00:00:00,2025-03-11,2025-03-12,1314700.0,1.0,1.133,657.35,744.77755,0.13186756621689155,range,range,range_to_range,24,False
1273,rolling_2024_2026,2025-04-16,2025-04-17 00:00:00,2025-04-24,2025-04-25,1446100.0,1.029,1.027,744.0184499999999,742.57235,-0.0029411921833059074,range,range,range_to_range,6,True
1273,rolling_2024_2026,2025-05-06,2025-05-07 14:00:00,2025-05-09,2025-05-12,1413000.0,1.05,1.034,741.825,730.5210000000001,-0.01622236500797214,range,range,range_to_range,3,True
1273,rolling_2024_2026,2025-05-14,2025-05-15 00:00:00,2025-05-19,2025-05-20,1408900.0,1.036,1.019,729.8102000000001,717.8345499999999,-0.01739236559326529,range,range,range_to_range,3,True
1273,rolling_2024_2026,2025-06-05,2025-06-06 00:00:00,2025-06-10,2025-06-11,1402000.0,1.023,1.007,717.1229999999999,705.9069999999999,-0.016624141497188716,trend,trend,trend_to_trend,3,True
1273,rolling_2024_2026,2025-06-24,2025-06-25 10:30:00,2025-08-08,2025-08-11,1406200.0,1.003,1.07,705.2093,752.317,0.06573333472844833,trend,range,trend_to_range,33,False
1273,rolling_2024_2026,2025-08-12,2025-08-13 10:00:00,2025-09-08,2025-09-09,1368900.0,1.098,1.28,751.5261000000002,876.096,0.16459074652109273,trend,trend,trend_to_trend,19,False
1273,rolling_2024_2026,2025-09-10,2025-09-11 00:00:00,2025-10-14,2025-10-15,1362200.0,1.285,1.442,875.2135000000001,982.1462,0.12105737014761098,trend,trend,trend_to_trend,18,False
1273,rolling_2024_2026,2025-10-24,2025-10-27 10:30:00,2025-10-30,2025-10-31,1307400.0,1.501,1.4923366,981.2037,975.54043542,-0.006765483547366724,trend,trend,trend_to_trend,4,True
1273,rolling_2024_2026,2025-12-08,2025-12-09 00:00:00,2025-12-11,2025-12-12,1413200.0,1.3792502000000002,1.3630950000000002,974.5781913200001,963.1629270000002,-0.012700823819422613,range,range,range_to_range,3,True
1273,rolling_2024_2026,2025-12-12,2025-12-15 00:00:00,2026-01-29,2026-01-30,1400300.0,1.3742017,1.5488798,962.1473202550001,1084.4481919700002,0.1259858681974222,range,trend,range_to_trend,32,False
1273,rolling_2024_2026,2026-02-25,2026-02-26 10:00:00,2026-03-02,2026-03-03,1428300.0,1.517,1.5105112,1083.36555,1078.73157348,-0.005272614582623181,trend,trend,trend_to_trend,3,True
1273,rolling_2024_2026,2026-04-08,2026-04-09 00:00:00,2026-06-01,2026-06-02,1562700.0,1.3792502000000002,1.7215385,1077.6771437700002,1345.1241069750001,0.2469222928799144,range,trend,range_to_trend,35,False
1273,rolling_2024_2026,2026-06-16,2026-06-17 00:00:00,2026-07-13,2026-07-14,1502900.0,1.7881787,2.0476716,1343.726884115,1538.72282382,0.14397121032933557,trend,trend,trend_to_trend,18,False
1273,rolling_2024_2026,2026-08-10,2026-08-11 00:00:00,2026-08-14,2026-08-17,1737000.0,1.7700041,1.7750526,1537.24856085,1541.6331831,0.001849902202350151,range,range,range_to_range,4,False
1273,rolling_2024_2026,2026-08-17,2026-08-18 00:00:00,2026-08-20,2026-08-21,1667900.0,1.8467413,1.7043736,1540.089907135,1421.36236372,-0.0780137541945265,range,range,range_to_range,3,True
1273,rolling_2024_2026,2026-08-27,2026-08-28 00:00:00,2026-09-01,2026-09-02,1625800.0,1.746781,1.6771117000000002,1419.9582748999999,1363.3241009300002,-0.04084402885262539,range,range,range_to_range,3,True
1036,full_2021_2026,2021-01-12,2021-01-13 10:30:00,2021-01-28,2021-01-29,697000.0,1.434,1.456,499.749,507.416,0.014326867249778275,warmup,warmup,warmup_to_warmup,12,False
1036,full_2021_2026,2021-03-26,2021-03-29 10:00:00,2021-04-12,2021-04-13,791400.0,1.281,1.267,506.89169999999996,501.3519,-0.011917538498510294,trend,range,trend_to_range,10,True
1036,full_2021_2026,2021-04-16,2021-04-19 00:00:00,2021-05-06,2021-05-07,770500.0,1.3,1.333,500.825,513.5382500000001,0.024359743205320417,trend,range,trend_to_range,11,False
1036,full_2021_2026,2021-05-14,2021-05-17 00:00:00,2021-05-21,2021-05-24,773800.0,1.326,1.339,513.0294,518.0591,0.00879462229669481,range,range,range_to_range,5,False
1036,full_2021_2026,2021-05-24,2021-05-25 00:00:00,2021-06-16,2021-06-17,762800.0,1.357,1.441,517.5598,549.5974,0.06083988219596903,range,trend,range_to_trend,16,False
1036,full_2021_2026,2021-06-17,2021-06-18 00:00:00,2021-07-06,2021-07-07,729600.0,1.505,1.557,549.024,567.9936,0.03351746053883353,trend,trend,trend_to_trend,13,False
1036,full_2021_2026,2021-07-07,2021-07-08 00:00:00,2021-07-14,2021-07-15,708400.0,1.602,1.589,567.4284,562.8238,-0.009106245878309216,trend,trend,trend_to_trend,5,True
1036,full_2021_2026,2021-07-29,2021-07-30 00:00:00,2021-08-09,2021-08-10,691600.0,1.626,1.604,562.2707999999999,554.6632000000001,-0.014516112177613394,trend,trend,trend_to_trend,7,True
1036,full_2021_2026,2021-08-24,2021-08-25 00:00:00,2021-08-27,2021-08-30,684900.0,1.618,1.525,554.0841000000001,522.2362499999999,-0.058420418962336185,trend,range,trend_to_range,3,True
1036,full_2021_2026,2021-10-15,2021-10-18 00:00:00,2021-10-27,2021-10-28,746400.0,1.398,1.391,521.7336,519.1212,-0.006001648674947235,trend,trend,trend_to_trend,8,True
1036,full_2021_2026,2021-10-29,2021-11-01 10:00:00,2021-11-18,2021-11-19,724800.0,1.431,1.456,518.5944000000001,527.6544,0.01645333866958887,trend,range,trend_to_range,14,False
1036,full_2021_2026,2021-11-22,2021-11-23 00:00:00,2021-12-01,2021-12-02,695000.0,1.517,1.494,527.1575,519.165,-0.016145849290252756,range,range,range_to_range,7,True
1036,full_2021_2026,2021-12-03,2021-12-06 00:00:00,2021-12-08,2021-12-09,699900.0,1.482,1.45,518.6259,507.4275,-0.022570361243130166,range,range,range_to_range,3,True
1036,full_2021_2026,2021-12-10,2021-12-13 00:00:00,2021-12-15,2021-12-16,683200.0,1.484,1.463,506.93440000000004,499.7608000000001,-0.015136299774641038,range,range,range_to_range,3,True
1036,full_2021_2026,2021-12-17,2021-12-20 00:00:00,2021-12-23,2021-12-24,694400.0,1.438,1.415,499.2736,491.288,-0.016977950524042384,range,range,range_to_range,4,True
1036,full_2021_2026,2021-12-31,2022-01-04 00:00:00,2022-01-05,2022-01-06,684000.0,1.435,1.371,490.77,468.882,-0.04555422637113504,range,range,range_to_range,2,True
1036,full_2021_2026,2022-01-13,2022-01-14 00:00:00,2022-01-20,2022-01-21,703300.0,1.332,1.343,468.3978000000001,472.26595000000003,0.007250503877190395,range,range,range_to_range,5,False
1036,full_2021_2026,2022-02-23,2022-02-24 00:00:00,2022-03-03,2022-03-04,749500.0,1.259,1.239,471.81024999999994,464.31525000000005,-0.016869246075929212,trend,trend,trend_to_trend,6,True
1036,full_2021_2026,2022-03-21,2022-03-22 00:00:00,2022-03-24,2022-03-25,787500.0,1.178,1.167,463.83750000000003,459.50625,-0.010328027836675857,trend,trend,trend_to_trend,3,True
1036,full_2021_2026,2022-05-05,2022-05-06 00:00:00,2022-06-14,2022-06-15,961400.0,0.955,1.105,459.06850000000003,531.1735,0.1559115730093068,trend,range,trend_to_range,27,False
1036,full_2021_2026,2022-06-17,2022-06-20 10:00:00,2022-06-22,2022-06-23,940900.0,1.128,1.095,530.6676,515.14275,-0.030225578700011746,range,range,range_to_range,3,True
1036,full_2021_2026,2022-06-24,2022-06-27 10:30:00,2022-07-11,2022-07-12,905200.0,1.137,1.11,514.6062000000001,502.3860000000001,-0.024722467262411008,range,range,range_to_range,11,False
1036,full_2021_2026,2022-07-21,2022-07-22 10:00:00,2022-08-16,2022-08-17,888300.0,1.13,1.173,501.88949999999994,520.9879500000001,0.0370155630149529,trend,range,trend_to_range,18,False
1036,full_2021_2026,2022-10-17,2022-10-18 10:00:00,2022-10-28,2022-10-31,1051400.0,0.99,1.025,520.443,538.8425,0.034318699236240535,trend,range,trend_to_range,9,False
1036,full_2021_2026,2022-10-31,2022-11-01 00:00:00,2022-11-07,2022-11-08,1034200.0,1.041,1.09,538.3011,563.639,0.046023578028469014,trend,range,trend_to_range,5,False
1036,full_2021_2026,2022-11-09,2022-11-10 00:00:00,2022-11-21,2022-11-22,1061400.0,1.061,1.061,563.0726999999999,563.0726999999999,-0.0009995002498749406,trend,trend,trend_to_trend,8,True
1036,full_2021_2026,2023-01-03,2023-01-04 00:00:00,2023-01-11,2023-01-12,1120600.0,1.004,0.997,562.5412,558.6191,-0.007964643176419761,range,range,range_to_range,6,True
1036,full_2021_2026,2023-02-02,2023-02-03 00:00:00,2023-02-06,2023-02-07,1057900.0,1.055,1.047,558.04225,553.8106499999999,-0.008574859489686615,range,range,range_to_range,2,True
1036,full_2021_2026,2023-02-21,2023-02-22 00:00:00,2023-03-07,2023-03-08,1092300.0,1.013,1.012,553.24995,552.7038000000001,-0.0019856804075749634,range,range,range_to_range,10,True
1036,full_2021_2026,2023-03-09,2023-03-10 00:00:00,2023-03-15,2023-03-16,1086900.0,1.016,1.024,552.1451999999999,556.4928000000001,0.00686664541744908,range,range,range_to_range,4,False
1036,full_2021_2026,2023-03-22,2023-03-23 00:00:00,2023-04-21,2023-04-24,1058000.0,1.051,1.136,555.979,600.944,0.07979502161383634,trend,trend,trend_to_trend,21,False
1036,full_2021_2026,2023-04-28,2023-05-04 00:00:00,2023-05-08,2023-05-09,1087500.0,1.104,1.082,600.3000000000001,588.3375,-0.020907118904315958,range,range,range_to_range,3,True
1036,full_2021_2026,2023-05-19,2023-05-22 00:00:00,2023-06-02,2023-06-05,1103800.0,1.065,1.084,587.7735,598.2596000000001,0.016823043877122634,range,range,range_to_range,10,False
1036,full_2021_2026,2023-06-09,2023-06-12 00:00:00,2023-06-21,2023-06-26,1135200.0,1.053,1.036,597.6827999999999,588.0336,-0.01712771344622077,range,range,range_to_range,8,True
1036,full_2021_2026,2023-07-03,2023-07-04 00:00:00,2023-07-06,2023-07-07,1139500.0,1.031,1.024,587.41225,583.424,-0.007782238851476442,range,trend,range_to_trend,3,True
1036,full_2021_2026,2023-07-31,2023-08-01 00:00:00,2023-08-08,2023-08-09,1173900.0,0.993,0.988,582.84135,579.9066,-0.006029714246602813,trend,range,trend_to_range,6,True
1036,full_2021_2026,2023-08-30,2023-08-31 00:00:00,2023-09-07,2023-09-08,1208200.0,0.959,0.917,579.3319,553.9597000000001,-0.044751346954260085,trend,trend,trend_to_trend,6,True
1036,full_2021_2026,2023-09-27,2023-09-28 00:00:00,2023-10-16,2023-10-17,1225700.0,0.903,0.896,553.4035500000001,549.1136,-0.00874369017041876,trend,trend,trend_to_trend,7,True
1036,full_2021_2026,2023-10-27,2023-10-30 00:00:00,2023-11-16,2023-11-17,1246800.0,0.88,0.905,548.592,564.177,0.027381195765753708,trend,range,trend_to_range,14,False
1036,full_2021_2026,2023-12-08,2023-12-11 00:00:00,2023-12-13,2023-12-14,1278000.0,0.882,0.888,563.598,567.432,0.005796421517132666,trend,range,trend_to_range,3,False
1036,full_2021_2026,2023-12-22,2023-12-25 00:00:00,2023-12-27,2023-12-28,1313700.0,0.863,0.849,566.8615500000001,557.66565,-0.01720576559923992,range,range,range_to_range,3,True
1036,full_2021_2026,2023-12-28,2023-12-29 00:00:00,2024-01-04,2024-01-05,1282200.0,0.869,0.842,557.1159,539.8062,-0.03203864120873989,range,range,range_to_range,4,True
1036,full_2021_2026,2024-02-08,2024-02-19 10:00:00,2024-03-06,2024-03-07,1400700.0,0.77,0.831,539.2695,581.99085,0.07814209778227776,trend,range,trend_to_range,13,False
1036,full_2021_2026,2024-04-29,2024-04-30 00:00:00,2024-05-07,2024-05-08,1464500.0,0.794,0.786,581.4065,575.5485,-0.011064996469019928,range,range,range_to_range,3,True
1036,full_2021_2026,2024-05-10,2024-05-13 00:00:00,2024-05-15,2024-05-16,1474300.0,0.78,0.768,574.977,566.1312,-0.016368738707569053,trend,trend,trend_to_trend,3,True
1036,full_2021_2026,2024-06-03,2024-06-04 00:00:00,2024-06-06,2024-06-07,1474700.0,0.767,0.762,565.5474499999999,561.8607,-0.0075118894268642045,trend,range,trend_to_range,3,True
1036,full_2021_2026,2024-06-11,2024-06-12 10:00:00,2024-06-24,2024-06-25,1446700.0,0.776,0.755,561.3196,546.12925,-0.028034307588473806,range,range,range_to_range,9,True
1036,full_2021_2026,2024-07-17,2024-07-18 00:00:00,2024-07-22,2024-07-23,1470600.0,0.742,0.77,545.5926,566.181,0.03669863181616728,range,range,range_to_range,3,False
1036,full_2021_2026,2024-07-31,2024-08-01 10:00:00,2024-08-05,2024-08-06,1482600.0,0.763,0.73,565.6119,541.149,-0.04420659919057501,trend,range,trend_to_range,3,True
1036,full_2021_2026,2024-09-24,2024-09-25 14:00:00,2024-09-27,2024-09-30,1580700.0,0.684,0.813,540.5994000000001,642.55455,0.1874084887380869,trend,range,trend_to_range,3,False
1036,full_2021_2026,2024-10-08,2024-10-09 00:00:00,2024-10-30,2024-10-31,1190900.0,1.078,0.981,641.8951000000001,584.13645,-0.09089101089529483,trend,trend,trend_to_trend,16,False
1036,full_2021_2026,2024-11-05,2024-11-06 10:00:00,2024-11-15,2024-11-18,1145400.0,1.019,1.014,583.5812999999999,580.7178,-0.005901367275145342,trend,trend,trend_to_trend,8,True
1036,full_2021_2026,2024-12-02,2024-12-03 00:00:00,2024-12-05,2024-12-06,1114500.0,1.041,1.03,580.09725,573.9675,-0.011555701496034021,trend,trend,trend_to_trend,3,True
1036,full_2021_2026,2024-12-10,2024-12-11 00:00:00,2024-12-13,2024-12-16,1109100.0,1.034,1.013,573.4047,561.7591499999999,-0.021288678678069495,trend,trend,trend_to_trend,3,True
1036,full_2021_2026,2024-12-20,2024-12-23 00:00:00,2024-12-31,2025-01-02,1084500.0,1.035,1.01,561.22875,547.6725,-0.025129947103742944,trend,range,trend_to_range,7,True
1036,full_2021_2026,2025-01-17,2025-01-20 10:00:00,2025-01-27,2025-02-05,1106400.0,0.989,1.007,547.1148000000001,557.0723999999999,0.017182510867922662,range,range,range_to_range,6,False
1036,full_2021_2026,2025-02-05,2025-02-06 00:00:00,2025-03-11,2025-03-12,1113000.0,1.0,1.133,556.5,630.5145,0.13186756621689155,range,range,range_to_range,24,False
1036,full_2021_2026,2025-04-15,2025-04-16 10:00:00,2025-04-24,2025-04-25,1225500.0,1.028,1.027,629.907,629.29425,-0.001971290619281696,range,range,range_to_range,7,True
1036,full_2021_2026,2025-05-20,2025-05-21 00:00:00,2025-05-23,2025-05-26,1231400.0,1.021,1.006,628.6297,619.3942,-0.01567629505521473,range,trend,range_to_trend,3,True
1036,full_2021_2026,2025-06-05,2025-06-06 00:00:00,2025-06-10,2025-06-11,1209800.0,1.023,1.007,618.8127,609.1342999999999,-0.016624141497188827,trend,trend,trend_to_trend,3,True
1036,full_2021_2026,2025-06-24,2025-06-25 10:30:00,2025-06-27,2025-06-30,1213400.0,1.003,1.016,608.5201,616.4072,0.011948661760844193,trend,range,trend_to_range,3,False
1036,full_2021_2026,2025-07-14,2025-07-15 00:00:00,2025-08-08,2025-08-11,1209800.0,1.018,1.07,615.7882,647.243,0.05002999482576986,range,range,range_to_range,19,False
1036,full_2021_2026,2025-08-12,2025-08-13 10:00:00,2025-09-08,2025-09-09,1177700.0,1.098,1.28,646.5573,753.7280000000001,0.16459074652109273,trend,trend,trend_to_trend,19,False
1036,full_2021_2026,2025-09-10,2025-09-11 00:00:00,2025-10-14,2025-10-15,1172000.0,1.285,1.442,753.01,845.0120000000001,0.12105737014761098,trend,trend,trend_to_trend,18,False
1036,full_2021_2026,2025-10-24,2025-10-27 10:30:00,2025-10-30,2025-10-31,1124800.0,1.501,1.4923366,844.1623999999999,839.29010384,-0.006765483547366724,trend,trend,trend_to_trend,4,True
1036,full_2021_2026,2025-12-08,2025-12-09 00:00:00,2025-12-11,2025-12-12,1215800.0,1.3792502000000002,1.3630950000000002,838.4461965800001,828.6254505000002,-0.012700823819422613,range,range,range_to_range,3,True
1036,full_2021_2026,2026-01-05,2026-01-06 10:00:00,2026-01-13,2026-01-14,1147300.0,1.443,1.5125306,827.77695,867.6631786900001,0.04713709306123093,trend,range,trend_to_range,6,False
1036,full_2021_2026,2026-01-14,2026-01-15 00:00:00,2026-01-29,2026-01-30,1131800.0,1.5317149,1.5488798,866.79746191,876.51107882,0.01019562730170831,range,trend,range_to_trend,11,False
1036,full_2021_2026,2026-02-25,2026-02-26 10:00:00,2026-03-02,2026-03-03,1154400.0,1.517,1.5105112,875.6124,871.86706464,-0.005272614582622848,trend,trend,trend_to_trend,3,True
1036,full_2021_2026,2026-04-08,2026-04-09 00:00:00,2026-04-23,2026-04-24,1263000.0,1.3792502000000002,1.4812299000000002,870.9965013000001,935.3966818500002,0.0728651047828941,range,range,range_to_range,11,False
1036,full_2021_2026,2026-05-06,2026-05-07 10:00:00,2026-06-01,2026-06-02,1094900.0,1.707,1.7215385,934.49715,942.4562518250001,0.0075089758869832934,range,trend,range_to_trend,18,False
1036,full_2021_2026,2026-06-16,2026-06-17 00:00:00,2026-07-13,2026-07-14,1053000.0,1.7881787,2.0476716,941.47608555,1078.0990974000001,0.1439712103293358,trend,trend,trend_to_trend,18,False
1036,full_2021_2026,2026-08-05,2026-08-06 00:00:00,2026-08-14,2026-08-17,1258600.0,1.7114415,1.7750526,1077.01013595,1117.04060118,0.03613149177623565,range,range,range_to_range,7,False
1036,full_2021_2026,2026-08-17,2026-08-18 00:00:00,2026-08-20,2026-08-21,1208600.0,1.8467413,1.7043736,1115.98576759,1029.95296648,-0.0780137541945265,range,range,range_to_range,3,True
1036,rolling_2021_2023,2021-01-12,2021-01-13 10:30:00,2021-01-28,2021-01-29,697000.0,1.434,1.456,499.749,507.416,0.014326867249778275,warmup,warmup,warmup_to_warmup,12,False
1036,rolling_2021_2023,2021-03-26,2021-03-29 10:00:00,2021-04-12,2021-04-13,791400.0,1.281,1.267,506.89169999999996,501.3519,-0.011917538498510294,trend,range,trend_to_range,10,True
1036,rolling_2021_2023,2021-04-16,2021-04-19 00:00:00,2021-05-06,2021-05-07,770500.0,1.3,1.333,500.825,513.5382500000001,0.024359743205320417,trend,range,trend_to_range,11,False
1036,rolling_2021_2023,2021-05-14,2021-05-17 00:00:00,2021-05-21,2021-05-24,773800.0,1.326,1.339,513.0294,518.0591,0.00879462229669481,range,range,range_to_range,5,False
1036,rolling_2021_2023,2021-05-24,2021-05-25 00:00:00,2021-06-16,2021-06-17,762800.0,1.357,1.441,517.5598,549.5974,0.06083988219596903,range,trend,range_to_trend,16,False
1036,rolling_2021_2023,2021-06-17,2021-06-18 00:00:00,2021-07-06,2021-07-07,729600.0,1.505,1.557,549.024,567.9936,0.03351746053883353,trend,trend,trend_to_trend,13,False
1036,rolling_2021_2023,2021-07-07,2021-07-08 00:00:00,2021-07-14,2021-07-15,708400.0,1.602,1.589,567.4284,562.8238,-0.009106245878309216,trend,trend,trend_to_trend,5,True
1036,rolling_2021_2023,2021-07-29,2021-07-30 00:00:00,2021-08-09,2021-08-10,691600.0,1.626,1.604,562.2707999999999,554.6632000000001,-0.014516112177613394,trend,trend,trend_to_trend,7,True
1036,rolling_2021_2023,2021-08-24,2021-08-25 00:00:00,2021-08-27,2021-08-30,684900.0,1.618,1.525,554.0841000000001,522.2362499999999,-0.058420418962336185,trend,range,trend_to_range,3,True
1036,rolling_2021_2023,2021-10-15,2021-10-18 00:00:00,2021-10-27,2021-10-28,746400.0,1.398,1.391,521.7336,519.1212,-0.006001648674947235,trend,trend,trend_to_trend,8,True
1036,rolling_2021_2023,2021-10-29,2021-11-01 10:00:00,2021-11-18,2021-11-19,724800.0,1.431,1.456,518.5944000000001,527.6544,0.01645333866958887,trend,range,trend_to_range,14,False
1036,rolling_2021_2023,2021-11-22,2021-11-23 00:00:00,2021-12-01,2021-12-02,695000.0,1.517,1.494,527.1575,519.165,-0.016145849290252756,range,range,range_to_range,7,True
1036,rolling_2021_2023,2021-12-03,2021-12-06 00:00:00,2021-12-08,2021-12-09,699900.0,1.482,1.45,518.6259,507.4275,-0.022570361243130166,range,range,range_to_range,3,True
1036,rolling_2021_2023,2021-12-10,2021-12-13 00:00:00,2021-12-15,2021-12-16,683200.0,1.484,1.463,506.93440000000004,499.7608000000001,-0.015136299774641038,range,range,range_to_range,3,True
1036,rolling_2021_2023,2021-12-17,2021-12-20 00:00:00,2021-12-23,2021-12-24,694400.0,1.438,1.415,499.2736,491.288,-0.016977950524042384,range,range,range_to_range,4,True
1036,rolling_2021_2023,2021-12-31,2022-01-04 00:00:00,2022-01-05,2022-01-06,684000.0,1.435,1.371,490.77,468.882,-0.04555422637113504,range,range,range_to_range,2,True
1036,rolling_2021_2023,2022-01-13,2022-01-14 00:00:00,2022-01-20,2022-01-21,703300.0,1.332,1.343,468.3978000000001,472.26595000000003,0.007250503877190395,range,range,range_to_range,5,False
1036,rolling_2021_2023,2022-02-23,2022-02-24 00:00:00,2022-03-03,2022-03-04,749500.0,1.259,1.239,471.81024999999994,464.31525000000005,-0.016869246075929212,trend,trend,trend_to_trend,6,True
1036,rolling_2021_2023,2022-03-21,2022-03-22 00:00:00,2022-03-24,2022-03-25,787500.0,1.178,1.167,463.83750000000003,459.50625,-0.010328027836675857,trend,trend,trend_to_trend,3,True
1036,rolling_2021_2023,2022-05-05,2022-05-06 00:00:00,2022-06-14,2022-06-15,961400.0,0.955,1.105,459.06850000000003,531.1735,0.1559115730093068,trend,range,trend_to_range,27,False
1036,rolling_2021_2023,2022-06-17,2022-06-20 10:00:00,2022-06-22,2022-06-23,940900.0,1.128,1.095,530.6676,515.14275,-0.030225578700011746,range,range,range_to_range,3,True
1036,rolling_2021_2023,2022-06-24,2022-06-27 10:30:00,2022-07-11,2022-07-12,905200.0,1.137,1.11,514.6062000000001,502.3860000000001,-0.024722467262411008,range,range,range_to_range,11,False
1036,rolling_2021_2023,2022-07-21,2022-07-22 10:00:00,2022-08-16,2022-08-17,888300.0,1.13,1.173,501.88949999999994,520.9879500000001,0.0370155630149529,trend,range,trend_to_range,18,False
1036,rolling_2021_2023,2022-10-17,2022-10-18 10:00:00,2022-10-28,2022-10-31,1051400.0,0.99,1.025,520.443,538.8425,0.034318699236240535,trend,range,trend_to_range,9,False
1036,rolling_2021_2023,2022-10-31,2022-11-01 00:00:00,2022-11-07,2022-11-08,1034200.0,1.041,1.09,538.3011,563.639,0.046023578028469014,trend,range,trend_to_range,5,False
1036,rolling_2021_2023,2022-11-09,2022-11-10 00:00:00,2022-11-21,2022-11-22,1061400.0,1.061,1.061,563.0726999999999,563.0726999999999,-0.0009995002498749406,trend,trend,trend_to_trend,8,True
1036,rolling_2021_2023,2023-01-03,2023-01-04 00:00:00,2023-01-11,2023-01-12,1120600.0,1.004,0.997,562.5412,558.6191,-0.007964643176419761,range,range,range_to_range,6,True
1036,rolling_2021_2023,2023-02-02,2023-02-03 00:00:00,2023-02-06,2023-02-07,1057900.0,1.055,1.047,558.04225,553.8106499999999,-0.008574859489686615,range,range,range_to_range,2,True
1036,rolling_2021_2023,2023-02-21,2023-02-22 00:00:00,2023-03-07,2023-03-08,1092300.0,1.013,1.012,553.24995,552.7038000000001,-0.0019856804075749634,range,range,range_to_range,10,True
1036,rolling_2021_2023,2023-03-09,2023-03-10 00:00:00,2023-03-15,2023-03-16,1086900.0,1.016,1.024,552.1451999999999,556.4928000000001,0.00686664541744908,range,range,range_to_range,4,False
1036,rolling_2021_2023,2023-03-22,2023-03-23 00:00:00,2023-04-21,2023-04-24,1058000.0,1.051,1.136,555.979,600.944,0.07979502161383634,trend,trend,trend_to_trend,21,False
1036,rolling_2021_2023,2023-04-28,2023-05-04 00:00:00,2023-05-08,2023-05-09,1087500.0,1.104,1.082,600.3000000000001,588.3375,-0.020907118904315958,range,range,range_to_range,3,True
1036,rolling_2021_2023,2023-05-19,2023-05-22 00:00:00,2023-06-02,2023-06-05,1103800.0,1.065,1.084,587.7735,598.2596000000001,0.016823043877122634,range,range,range_to_range,10,False
1036,rolling_2021_2023,2023-06-09,2023-06-12 00:00:00,2023-06-21,2023-06-26,1135200.0,1.053,1.036,597.6827999999999,588.0336,-0.01712771344622077,range,range,range_to_range,8,True
1036,rolling_2021_2023,2023-07-03,2023-07-04 00:00:00,2023-07-06,2023-07-07,1139500.0,1.031,1.024,587.41225,583.424,-0.007782238851476442,range,trend,range_to_trend,3,True
1036,rolling_2021_2023,2023-07-31,2023-08-01 00:00:00,2023-08-08,2023-08-09,1173900.0,0.993,0.988,582.84135,579.9066,-0.006029714246602813,trend,range,trend_to_range,6,True
1036,rolling_2021_2023,2023-08-30,2023-08-31 00:00:00,2023-09-07,2023-09-08,1208200.0,0.959,0.917,579.3319,553.9597000000001,-0.044751346954260085,trend,trend,trend_to_trend,6,True
1036,rolling_2021_2023,2023-09-27,2023-09-28 00:00:00,2023-10-16,2023-10-17,1225700.0,0.903,0.896,553.4035500000001,549.1136,-0.00874369017041876,trend,trend,trend_to_trend,7,True
1036,rolling_2021_2023,2023-10-27,2023-10-30 00:00:00,2023-11-16,2023-11-17,1246800.0,0.88,0.905,548.592,564.177,0.027381195765753708,trend,range,trend_to_range,14,False
1036,rolling_2021_2023,2023-12-08,2023-12-11 00:00:00,2023-12-13,2023-12-14,1278000.0,0.882,0.888,563.598,567.432,0.005796421517132666,trend,range,trend_to_range,3,False
1036,rolling_2021_2023,2023-12-22,2023-12-25 00:00:00,2023-12-27,2023-12-28,1313700.0,0.863,0.849,566.8615500000001,557.66565,-0.01720576559923992,range,range,range_to_range,3,True
1036,rolling_2022_2024,2021-12-31,2022-01-04 00:00:00,2022-01-05,2022-01-06,696500.0,1.435,1.371,499.73875000000004,477.45075,-0.04555422637113493,range,range,range_to_range,2,True
1036,rolling_2022_2024,2022-01-13,2022-01-14 00:00:00,2022-01-20,2022-01-21,716100.0,1.332,1.343,476.92260000000005,480.86114999999995,0.007250503877190395,range,range,range_to_range,5,False
1036,rolling_2022_2024,2022-02-23,2022-02-24 00:00:00,2022-03-03,2022-03-04,763200.0,1.259,1.239,480.4344,472.80240000000003,-0.016869246075929434,trend,trend,trend_to_trend,6,True
1036,rolling_2022_2024,2022-03-21,2022-03-22 00:00:00,2022-03-24,2022-03-25,801900.0,1.178,1.167,472.3191,467.90865,-0.010328027836675746,trend,trend,trend_to_trend,3,True
1036,rolling_2022_2024,2022-05-05,2022-05-06 00:00:00,2022-06-14,2022-06-15,978900.0,0.955,1.105,467.42475,540.84225,0.1559115730093068,trend,range,trend_to_range,27,False
1036,rolling_2022_2024,2022-06-17,2022-06-20 10:00:00,2022-06-22,2022-06-23,958000.0,1.128,1.095,540.312,524.505,-0.030225578700011635,range,range,range_to_range,3,True
1036,rolling_2022_2024,2022-06-24,2022-06-27 10:30:00,2022-07-11,2022-07-12,921700.0,1.137,1.11,523.98645,511.54350000000005,-0.024722467262410897,range,range,range_to_range,11,False
1036,rolling_2022_2024,2022-07-21,2022-07-22 10:00:00,2022-08-16,2022-08-17,904500.0,1.13,1.173,511.04249999999996,530.48925,0.03701556301495268,trend,range,trend_to_range,18,False
1036,rolling_2022_2024,2022-10-17,2022-10-18 10:00:00,2022-10-28,2022-10-31,1070600.0,0.99,1.025,529.947,548.6825,0.034318699236240535,trend,range,trend_to_range,9,False
1036,rolling_2022_2024,2022-10-31,2022-11-01 00:00:00,2022-11-07,2022-11-08,1053100.0,1.041,1.09,548.1385499999999,573.9395000000001,0.046023578028469014,trend,range,trend_to_range,5,False
1036,rolling_2022_2024,2022-11-09,2022-11-10 00:00:00,2022-11-21,2022-11-22,1080800.0,1.061,1.061,573.3644,573.3644,-0.0009995002498751626,trend,trend,trend_to_trend,8,True
1036,rolling_2022_2024,2023-01-03,2023-01-04 00:00:00,2023-01-11,2023-01-12,1141000.0,1.004,0.997,572.782,568.7885,-0.00796464317641965,range,range,range_to_range,6,True
1036,rolling_2022_2024,2023-02-02,2023-02-03 00:00:00,2023-02-06,2023-02-07,1077200.0,1.055,1.047,568.223,563.9141999999999,-0.008574859489686504,range,range,range_to_range,2,True
1036,rolling_2022_2024,2023-02-21,2023-02-22 00:00:00,2023-03-07,2023-03-08,1112200.0,1.013,1.012,563.3293,562.7732,-0.0019856804075750745,range,range,range_to_range,10,True
1036,rolling_2022_2024,2023-03-09,2023-03-10 00:00:00,2023-03-15,2023-03-16,1106800.0,1.016,1.024,562.2544,566.6816,0.006866645417448636,range,range,range_to_range,4,False
1036,rolling_2022_2024,2023-03-22,2023-03-23 00:00:00,2023-04-21,2023-04-24,1077200.0,1.051,1.136,566.0686,611.8496,0.07979502161383611,trend,trend,trend_to_trend,21,False
1036,rolling_2022_2024,2023-04-28,2023-05-04 00:00:00,2023-05-08,2023-05-09,1107400.0,1.104,1.082,611.2848,599.1034000000001,-0.020907118904315958,range,range,range_to_range,3,True
1036,rolling_2022_2024,2023-05-19,2023-05-22 00:00:00,2023-06-02,2023-06-05,1123900.0,1.065,1.084,598.47675,609.1538,0.016823043877122634,range,range,range_to_range,10,False
1036,rolling_2022_2024,2023-06-09,2023-06-12 00:00:00,2023-06-21,2023-06-26,1155800.0,1.053,1.036,608.5287,598.7044000000001,-0.01712771344622066,range,range,range_to_range,8,True
1036,rolling_2022_2024,2023-07-03,2023-07-04 00:00:00,2023-07-06,2023-07-07,1160300.0,1.031,1.024,598.13465,594.0735999999999,-0.007782238851476109,range,trend,range_to_trend,3,True
1036,rolling_2022_2024,2023-07-31,2023-08-01 00:00:00,2023-08-08,2023-08-09,1195300.0,0.993,0.988,593.46645,590.4782,-0.006029714246602702,trend,range,trend_to_range,6,True
1036,rolling_2022_2024,2023-08-30,2023-08-31 00:00:00,2023-09-07,2023-09-08,1230200.0,0.959,0.917,589.8809,564.0467000000001,-0.044751346954260085,trend,trend,trend_to_trend,6,True
1036,rolling_2022_2024,2023-09-27,2023-09-28 00:00:00,2023-10-16,2023-10-17,1248100.0,0.903,0.896,563.51715,559.1488,-0.00874369017041865,trend,trend,trend_to_trend,7,True
1036,rolling_2022_2024,2023-10-27,2023-10-30 00:00:00,2023-11-16,2023-11-17,1269500.0,0.88,0.905,558.58,574.44875,0.027381195765753485,trend,range,trend_to_range,14,False
1036,rolling_2022_2024,2023-12-08,2023-12-11 00:00:00,2023-12-13,2023-12-14,1301300.0,0.882,0.888,573.8733000000001,577.7772,0.005796421517132444,trend,range,trend_to_range,3,False
1036,rolling_2022_2024,2023-12-22,2023-12-25 00:00:00,2023-12-27,2023-12-28,1337600.0,0.863,0.849,577.1744,567.8112,-0.01720576559923992,range,range,range_to_range,3,True
1036,rolling_2022_2024,2023-12-28,2023-12-29 00:00:00,2024-01-04,2024-01-05,1305600.0,0.869,0.842,567.2832,549.6576,-0.03203864120873967,range,range,range_to_range,4,True
1036,rolling_2022_2024,2024-02-08,2024-02-19 10:00:00,2024-03-06,2024-03-07,1426200.0,0.77,0.831,549.087,592.5861,0.07814209778227754,trend,range,trend_to_range,13,False
1036,rolling_2022_2024,2024-04-29,2024-04-30 00:00:00,2024-05-07,2024-05-08,1491200.0,0.794,0.786,592.0064,586.0416,-0.01106499646902015,range,range,range_to_range,3,True
1036,rolling_2022_2024,2024-05-10,2024-05-13 00:00:00,2024-05-15,2024-05-16,1501100.0,0.78,0.768,585.429,576.4224,-0.016368738707569275,trend,trend,trend_to_trend,3,True
1036,rolling_2022_2024,2024-06-03,2024-06-04 00:00:00,2024-06-06,2024-06-07,1501600.0,0.767,0.762,575.8636,572.1096,-0.0075118894268642045,trend,range,trend_to_range,3,True
1036,rolling_2022_2024,2024-06-11,2024-06-12 10:00:00,2024-06-24,2024-06-25,1473000.0,0.776,0.755,571.524,556.0575,-0.028034307588473917,range,range,range_to_range,9,True
1036,rolling_2022_2024,2024-07-17,2024-07-18 00:00:00,2024-07-22,2024-07-23,1497300.0,0.742,0.77,555.4983000000001,576.4605,0.03669863181616728,range,range,range_to_range,3,False
1036,rolling_2022_2024,2024-07-31,2024-08-01 10:00:00,2024-08-05,2024-08-06,1509600.0,0.763,0.73,575.9124,551.004,-0.044206599190575124,trend,range,trend_to_range,3,True
1036,rolling_2022_2024,2024-09-24,2024-09-25 14:00:00,2024-09-27,2024-09-30,1609500.0,0.684,0.813,550.449,654.26175,0.1874084887380869,trend,range,trend_to_range,3,False
1036,rolling_2022_2024,2024-10-08,2024-10-09 00:00:00,2024-10-30,2024-10-31,1212600.0,1.078,0.981,653.5914,594.7803,-0.09089101089529439,trend,trend,trend_to_trend,16,False
1036,rolling_2022_2024,2024-11-05,2024-11-06 10:00:00,2024-11-15,2024-11-18,1166200.0,1.019,1.014,594.1788999999999,591.2634,-0.005901367275145342,trend,trend,trend_to_trend,8,True
1036,rolling_2022_2024,2024-12-02,2024-12-03 00:00:00,2024-12-05,2024-12-06,1134800.0,1.041,1.03,590.6633999999999,584.422,-0.011555701496033799,trend,trend,trend_to_trend,3,True
1036,rolling_2022_2024,2024-12-10,2024-12-11 00:00:00,2024-12-13,2024-12-16,1129300.0,1.034,1.013,583.8481,571.99045,-0.02128867867806916,trend,trend,trend_to_trend,3,True
1036,rolling_2023_2025,2023-01-03,2023-01-04 00:00:00,2023-01-11,2023-01-12,995500.0,1.004,0.997,499.741,496.25675,-0.007964643176419761,range,range,range_to_range,6,True
1036,rolling_2023_2025,2023-02-02,2023-02-03 00:00:00,2023-02-06,2023-02-07,939800.0,1.055,1.047,495.74449999999996,491.9853,-0.008574859489686282,range,range,range_to_range,2,True
1036,rolling_2023_2025,2023-02-21,2023-02-22 00:00:00,2023-03-07,2023-03-08,970400.0,1.013,1.012,491.50759999999997,491.02240000000006,-0.0019856804075750745,range,range,range_to_range,10,True
1036,rolling_2023_2025,2023-03-09,2023-03-10 00:00:00,2023-03-15,2023-03-16,965600.0,1.016,1.024,490.52479999999997,494.3872,0.006866645417448858,range,range,range_to_range,4,False
1036,rolling_2023_2025,2023-03-22,2023-03-23 00:00:00,2023-04-21,2023-04-24,939800.0,1.051,1.136,493.8649,533.8063999999999,0.07979502161383634,trend,trend,trend_to_trend,21,False
1036,rolling_2023_2025,2023-04-28,2023-05-04 00:00:00,2023-05-08,2023-05-09,966100.0,1.104,1.082,533.2872000000001,522.6601,-0.020907118904315958,range,range,range_to_range,3,True
1036,rolling_2023_2025,2023-05-19,2023-05-22 00:00:00,2023-06-02,2023-06-05,980600.0,1.065,1.084,522.1695,531.4852000000001,0.016823043877122634,range,range,range_to_range,10,False
1036,rolling_2023_2025,2023-06-09,2023-06-12 00:00:00,2023-06-21,2023-06-26,1008400.0,1.053,1.036,530.9226,522.3512000000001,-0.01712771344622077,range,range,range_to_range,8,True
1036,rolling_2023_2025,2023-07-03,2023-07-04 00:00:00,2023-07-06,2023-07-07,1012300.0,1.031,1.024,521.84065,518.2976000000001,-0.00778223885147622,range,trend,range_to_trend,3,True
1036,rolling_2023_2025,2023-07-31,2023-08-01 00:00:00,2023-08-08,2023-08-09,1042800.0,0.993,0.988,517.7502000000001,515.1432,-0.006029714246602813,trend,range,trend_to_range,6,True
1036,rolling_2023_2025,2023-08-30,2023-08-31 00:00:00,2023-09-07,2023-09-08,1073300.0,0.959,0.917,514.64735,492.10805000000005,-0.044751346954259974,trend,trend,trend_to_trend,6,True
1036,rolling_2023_2025,2023-09-27,2023-09-28 00:00:00,2023-10-16,2023-10-17,1088900.0,0.903,0.896,491.63835000000006,487.8272,-0.00874369017041876,trend,trend,trend_to_trend,7,True
1036,rolling_2023_2025,2023-10-27,2023-10-30 00:00:00,2023-11-16,2023-11-17,1107600.0,0.88,0.905,487.344,501.189,0.027381195765753485,trend,range,trend_to_range,14,False
1036,rolling_2023_2025,2023-12-08,2023-12-11 00:00:00,2023-12-13,2023-12-14,1135300.0,0.882,0.888,500.6673,504.07320000000004,0.005796421517132666,trend,range,trend_to_range,3,False
1036,rolling_2023_2025,2023-12-22,2023-12-25 00:00:00,2023-12-27,2023-12-28,1167000.0,0.863,0.849,503.5605,495.3915,-0.01720576559923981,range,range,range_to_range,3,True
1036,rolling_2023_2025,2023-12-28,2023-12-29 00:00:00,2024-01-04,2024-01-05,1139000.0,0.869,0.842,494.8955,479.519,-0.03203864120873967,range,range,range_to_range,4,True
1036,rolling_2023_2025,2024-02-08,2024-02-19 10:00:00,2024-03-06,2024-03-07,1244300.0,0.77,0.831,479.0555,517.0066499999999,0.07814209778227754,trend,range,trend_to_range,13,False
1036,rolling_2023_2025,2024-04-29,2024-04-30 00:00:00,2024-05-07,2024-05-08,1301000.0,0.794,0.786,516.497,511.293,-0.011064996469019817,range,range,range_to_range,3,True
1036,rolling_2023_2025,2024-05-10,2024-05-13 00:00:00,2024-05-15,2024-05-16,1309700.0,0.78,0.768,510.783,502.9248,-0.016368738707569386,trend,trend,trend_to_trend,3,True
1036,rolling_2023_2025,2024-06-03,2024-06-04 00:00:00,2024-06-06,2024-06-07,1310100.0,0.767,0.762,502.42335,499.14810000000006,-0.0075118894268642045,trend,range,trend_to_range,3,True
1036,rolling_2023_2025,2024-06-11,2024-06-12 10:00:00,2024-06-24,2024-06-25,1285200.0,0.776,0.755,498.65760000000006,485.163,-0.028034307588473806,range,range,range_to_range,9,True
1036,rolling_2023_2025,2024-07-17,2024-07-18 00:00:00,2024-07-22,2024-07-23,1306400.0,0.742,0.77,484.67440000000005,502.964,0.03669863181616728,range,range,range_to_range,3,False
1036,rolling_2023_2025,2024-07-31,2024-08-01 10:00:00,2024-08-05,2024-08-06,1317000.0,0.763,0.73,502.4355,480.705,-0.044206599190575124,trend,range,trend_to_range,3,True
1036,rolling_2023_2025,2024-09-24,2024-09-25 14:00:00,2024-09-27,2024-09-30,1404200.0,0.684,0.813,480.23640000000006,570.8072999999999,0.1874084887380869,trend,range,trend_to_range,3,False
1036,rolling_2023_2025,2024-10-08,2024-10-09 00:00:00,2024-10-30,2024-10-31,1057900.0,1.078,0.981,570.2081000000001,518.89995,-0.0908910108952945,trend,trend,trend_to_trend,16,False
1036,rolling_2023_2025,2024-11-05,2024-11-06 10:00:00,2024-11-15,2024-11-18,1017500.0,1.019,1.014,518.41625,515.8725000000001,-0.005901367275145453,trend,trend,trend_to_trend,8,True
1036,rolling_2023_2025,2024-12-02,2024-12-03 00:00:00,2024-12-05,2024-12-06,990100.0,1.041,1.03,515.34705,509.9015,-0.01155570149603391,trend,trend,trend_to_trend,3,True
1036,rolling_2023_2025,2024-12-10,2024-12-11 00:00:00,2024-12-13,2024-12-16,985300.0,1.034,1.013,509.40010000000007,499.05445,-0.021288678678069273,trend,trend,trend_to_trend,3,True
1036,rolling_2023_2025,2024-12-20,2024-12-23 00:00:00,2024-12-31,2025-01-02,963400.0,1.035,1.01,498.55949999999996,486.517,-0.025129947103742722,trend,range,trend_to_range,7,True
1036,rolling_2023_2025,2025-01-17,2025-01-20 10:00:00,2025-01-27,2025-02-05,982800.0,0.989,1.007,485.9946,494.83979999999997,0.017182510867922884,range,range,range_to_range,6,False
1036,rolling_2023_2025,2025-02-05,2025-02-06 00:00:00,2025-03-11,2025-03-12,988700.0,1.0,1.133,494.35,560.09855,0.13186756621689177,range,range,range_to_range,24,False
1036,rolling_2023_2025,2025-04-15,2025-04-16 10:00:00,2025-04-24,2025-04-25,1088600.0,1.028,1.027,559.5404000000001,558.9961,-0.001971290619282029,range,range,range_to_range,7,True
1036,rolling_2023_2025,2025-05-20,2025-05-21 00:00:00,2025-05-23,2025-05-26,1093900.0,1.021,1.006,558.4359499999999,550.2316999999999,-0.01567629505521473,range,trend,range_to_trend,3,True
1036,rolling_2023_2025,2025-06-05,2025-06-06 00:00:00,2025-06-10,2025-06-11,1074700.0,1.023,1.007,549.7090499999999,541.11145,-0.016624141497188716,trend,trend,trend_to_trend,3,True
1036,rolling_2023_2025,2025-06-24,2025-06-25 10:30:00,2025-06-27,2025-06-30,1077900.0,1.003,1.016,540.5668499999999,547.5731999999999,0.011948661760844415,trend,range,trend_to_range,3,False
1036,rolling_2023_2025,2025-07-14,2025-07-15 00:00:00,2025-08-08,2025-08-11,1074700.0,1.018,1.07,547.0223000000001,574.9645,0.05002999482576964,range,range,range_to_range,19,False
1036,rolling_2023_2025,2025-08-12,2025-08-13 10:00:00,2025-09-08,2025-09-09,1046200.0,1.098,1.28,574.3638000000001,669.568,0.16459074652109273,trend,trend,trend_to_trend,19,False
1036,rolling_2023_2025,2025-09-10,2025-09-11 00:00:00,2025-10-14,2025-10-15,1041100.0,1.285,1.442,668.90675,750.6331,0.12105737014761098,trend,trend,trend_to_trend,18,False
1036,rolling_2023_2025,2025-10-24,2025-10-27 10:30:00,2025-10-30,2025-10-31,999200.0,1.501,1.4923366,749.8996,745.5713653600001,-0.006765483547366724,trend,trend,trend_to_trend,4,True
1036,rolling_2023_2025,2025-12-08,2025-12-09 00:00:00,2025-12-11,2025-12-12,1080000.0,1.3792502000000002,1.3630950000000002,744.7951080000001,736.0713000000001,-0.012700823819422724,range,range,range_to_range,3,True
1036,rolling_2024_2026,2023-12-29,2024-01-02 00:00:00,2024-01-04,2024-01-05,1146200.0,0.872,0.842,499.7432,482.5502,-0.035368783498159306,range,range,range_to_range,3,True
1036,rolling_2024_2026,2024-02-08,2024-02-19 10:00:00,2024-03-06,2024-03-07,1252100.0,0.77,0.831,482.05850000000004,520.24755,0.07814209778227754,trend,range,trend_to_range,13,False
1036,rolling_2024_2026,2024-04-29,2024-04-30 00:00:00,2024-05-07,2024-05-08,1309100.0,0.794,0.786,519.7127,514.4763,-0.011064996469019817,range,range,range_to_range,3,True
1036,rolling_2024_2026,2024-05-10,2024-05-13 00:00:00,2024-05-15,2024-05-16,1317900.0,0.78,0.768,513.981,506.07360000000006,-0.016368738707569275,trend,trend,trend_to_trend,3,True
1036,rolling_2024_2026,2024-06-03,2024-06-04 00:00:00,2024-06-06,2024-06-07,1318300.0,0.767,0.762,505.56804999999997,502.2723,-0.0075118894268640934,trend,range,trend_to_range,3,True
1036,rolling_2024_2026,2024-06-11,2024-06-12 10:00:00,2024-06-24,2024-06-25,1293200.0,0.776,0.755,501.76160000000004,488.183,-0.028034307588473806,range,range,range_to_range,9,True
1036,rolling_2024_2026,2024-07-17,2024-07-18 00:00:00,2024-07-22,2024-07-23,1314500.0,0.742,0.77,487.6795,506.08250000000004,0.036698631816167504,range,range,range_to_range,3,False
1036,rolling_2024_2026,2024-07-31,2024-08-01 10:00:00,2024-08-05,2024-08-06,1325300.0,0.763,0.73,505.60195000000004,483.7345,-0.044206599190575124,trend,range,trend_to_range,3,True
1036,rolling_2024_2026,2024-09-24,2024-09-25 14:00:00,2024-09-27,2024-09-30,1413000.0,0.684,0.813,483.2460000000001,574.3845,0.1874084887380869,trend,range,trend_to_range,3,False
1036,rolling_2024_2026,2024-10-08,2024-10-09 00:00:00,2024-10-30,2024-10-31,1064600.0,1.078,0.981,573.8194000000001,522.1863,-0.09089101089529439,trend,trend,trend_to_trend,16,False
1036,rolling_2024_2026,2024-11-05,2024-11-06 10:00:00,2024-11-15,2024-11-18,1023800.0,1.019,1.014,521.6261,519.0666,-0.005901367275145453,trend,trend,trend_to_trend,8,True
1036,rolling_2024_2026,2024-12-02,2024-12-03 00:00:00,2024-12-05,2024-12-06,996300.0,1.041,1.03,518.57415,513.0945,-0.01155570149603391,trend,trend,trend_to_trend,3,True
1036,rolling_2024_2026,2024-12-10,2024-12-11 00:00:00,2024-12-13,2024-12-16,991400.0,1.034,1.013,512.5538,502.1441,-0.02128867867806916,trend,trend,trend_to_trend,3,True
1036,rolling_2024_2026,2024-12-20,2024-12-23 00:00:00,2024-12-31,2025-01-02,969400.0,1.035,1.01,501.6645,489.547,-0.025129947103742722,trend,range,trend_to_range,7,True
1036,rolling_2024_2026,2025-01-17,2025-01-20 10:00:00,2025-01-27,2025-02-05,989000.0,0.989,1.007,489.0605,497.96149999999994,0.017182510867922884,range,range,range_to_range,6,False
1036,rolling_2024_2026,2025-02-05,2025-02-06 00:00:00,2025-03-11,2025-03-12,994900.0,1.0,1.133,497.45,563.61085,0.13186756621689155,range,range,range_to_range,24,False
1036,rolling_2024_2026,2025-04-15,2025-04-16 10:00:00,2025-04-24,2025-04-25,1095400.0,1.028,1.027,563.0356,562.4879,-0.001971290619282029,range,range,range_to_range,7,True
1036,rolling_2024_2026,2025-05-20,2025-05-21 00:00:00,2025-05-23,2025-05-26,1100800.0,1.021,1.006,561.9583999999999,553.7024,-0.015676295055214506,range,trend,range_to_trend,3,True
1036,rolling_2024_2026,2025-06-05,2025-06-06 00:00:00,2025-06-10,2025-06-11,1081400.0,1.023,1.007,553.1360999999999,544.4848999999999,-0.01662414149718905,trend,trend,trend_to_trend,3,True
1036,rolling_2024_2026,2025-06-24,2025-06-25 10:30:00,2025-06-27,2025-06-30,1084600.0,1.003,1.016,543.9268999999999,550.9768,0.011948661760844637,trend,range,trend_to_range,3,False
1036,rolling_2024_2026,2025-07-14,2025-07-15 00:00:00,2025-08-08,2025-08-11,1081400.0,1.018,1.07,550.4326,578.549,0.05002999482576986,range,range,range_to_range,19,False
1036,rolling_2024_2026,2025-08-12,2025-08-13 10:00:00,2025-09-08,2025-09-09,1052800.0,1.098,1.28,577.9872,673.792,0.16459074652109273,trend,trend,trend_to_trend,19,False
1036,rolling_2024_2026,2025-09-10,2025-09-11 00:00:00,2025-10-14,2025-10-15,1047600.0,1.285,1.442,673.083,755.3196,0.12105737014761098,trend,trend,trend_to_trend,18,False
1036,rolling_2024_2026,2025-10-24,2025-10-27 10:30:00,2025-10-30,2025-10-31,1005400.0,1.501,1.4923366,754.5527,750.19760882,-0.006765483547366724,trend,trend,trend_to_trend,4,True
1036,rolling_2024_2026,2025-12-08,2025-12-09 00:00:00,2025-12-11,2025-12-12,1086800.0,1.3792502000000002,1.3630950000000002,749.4845586800002,740.7058230000001,-0.012700823819422835,range,range,range_to_range,3,True
1036,rolling_2024_2026,2026-01-05,2026-01-06 10:00:00,2026-01-13,2026-01-14,1025600.0,1.443,1.5125306,739.9704,775.62569168,0.04713709306123093,trend,range,trend_to_range,6,False
1036,rolling_2024_2026,2026-01-14,2026-01-15 00:00:00,2026-01-29,2026-01-30,1011700.0,1.5317149,1.5488798,774.8179821650001,783.50084683,0.01019562730170831,range,trend,range_to_trend,11,False
1036,rolling_2024_2026,2026-02-25,2026-02-26 10:00:00,2026-03-02,2026-03-03,1032000.0,1.517,1.5105112,782.772,779.4237792,-0.00527261458262307,trend,trend,trend_to_trend,3,True
1036,rolling_2024_2026,2026-04-08,2026-04-09 00:00:00,2026-04-23,2026-04-24,1129000.0,1.3792502000000002,1.4812299000000002,778.5867379000001,836.1542785500002,0.0728651047828941,range,range,range_to_range,11,False
1036,rolling_2024_2026,2026-05-06,2026-05-07 10:00:00,2026-06-01,2026-06-02,978700.0,1.707,1.7215385,835.32045,842.4348649750001,0.0075089758869832934,range,trend,range_to_trend,18,False
1036,rolling_2024_2026,2026-06-16,2026-06-17 00:00:00,2026-07-13,2026-07-14,941300.0,1.7881787,2.0476716,841.606305155,963.7366385400001,0.1439712103293358,trend,trend,trend_to_trend,18,False
1036,rolling_2024_2026,2026-08-05,2026-08-06 00:00:00,2026-08-14,2026-08-17,1125100.0,1.7114415,1.7750526,962.7714158250001,998.5558401300001,0.03613149177623587,range,range,range_to_range,7,False
1036,rolling_2024_2026,2026-08-17,2026-08-18 00:00:00,2026-08-20,2026-08-21,1080300.0,1.8467413,1.7043736,997.5173131949999,920.61740004,-0.0780137541945265,range,range,range_to_range,3,True
1278,full_2021_2026,2021-01-12,2021-01-13 10:30:00,2021-01-28,2021-01-29,697000.0,1.434,1.456,499.749,507.416,0.014326867249778275,warmup,warmup,warmup_to_warmup,12,False
1278,full_2021_2026,2021-03-26,2021-03-29 10:00:00,2021-04-12,2021-04-13,791400.0,1.281,1.267,506.89169999999996,501.3519,-0.011917538498510294,trend,range,trend_to_range,10,True
1278,full_2021_2026,2021-04-16,2021-04-19 00:00:00,2021-05-07,2021-05-10,770500.0,1.3,1.295,500.825,498.89875,-0.004841809864298607,trend,trend,trend_to_trend,12,False
1278,full_2021_2026,2021-05-17,2021-05-18 10:00:00,2021-06-16,2021-06-17,736700.0,1.353,1.441,498.37755,530.7923499999999,0.06397614201029556,range,trend,range_to_trend,21,False
1278,full_2021_2026,2021-06-17,2021-06-18 00:00:00,2021-07-06,2021-07-07,704700.0,1.505,1.557,530.28675,548.6089499999999,0.03351746053883353,trend,trend,trend_to_trend,13,False
1278,full_2021_2026,2021-07-07,2021-07-08 00:00:00,2021-07-14,2021-07-15,684200.0,1.602,1.589,548.0442,543.5969,-0.009106245878309216,trend,trend,trend_to_trend,5,True
1278,full_2021_2026,2021-07-29,2021-07-30 00:00:00,2021-08-09,2021-08-10,668000.0,1.626,1.604,543.0840000000001,535.736,-0.014516112177613616,trend,trend,trend_to_trend,7,True
1278,full_2021_2026,2021-08-24,2021-08-25 00:00:00,2021-08-27,2021-08-30,661500.0,1.618,1.525,535.1535,504.39374999999995,-0.058420418962336074,trend,range,trend_to_range,3,True
1278,full_2021_2026,2021-10-15,2021-10-18 00:00:00,2021-10-27,2021-10-28,720900.0,1.398,1.391,503.90909999999997,501.38595000000004,-0.006001648674947235,trend,trend,trend_to_trend,8,True
1278,full_2021_2026,2021-10-29,2021-11-01 10:00:00,2021-12-02,2021-12-03,700100.0,1.431,1.469,500.92155,514.2234500000001,0.025528814907710418,trend,range,trend_to_range,24,False
1278,full_2021_2026,2022-01-18,2022-01-19 00:00:00,2022-01-21,2022-01-24,745000.0,1.379,1.326,513.6775,493.935,-0.03939473338022803,range,range,range_to_range,3,True
1278,full_2021_2026,2022-02-23,2022-02-24 00:00:00,2022-03-03,2022-03-04,783900.0,1.259,1.239,493.46505,485.6260500000001,-0.016869246075929323,trend,trend,trend_to_trend,6,True
1278,full_2021_2026,2022-03-21,2022-03-22 00:00:00,2022-03-24,2022-03-25,823700.0,1.178,1.167,485.1593,480.62895000000003,-0.010328027836675968,trend,trend,trend_to_trend,3,True
1278,full_2021_2026,2022-05-05,2022-05-06 00:00:00,2022-06-22,2022-06-23,1005500.0,0.955,1.095,480.12625,550.51125,0.14545083479202803,trend,range,trend_to_range,33,False
1278,full_2021_2026,2022-06-28,2022-06-29 00:00:00,2022-07-01,2022-07-04,961500.0,1.144,1.121,549.9780000000001,538.92075,-0.021084300507089093,range,range,range_to_range,3,True
1278,full_2021_2026,2022-07-21,2022-07-22 10:00:00,2022-08-19,2022-08-22,952900.0,1.13,1.137,538.3885,541.72365,0.005188998421143509,trend,trend,trend_to_trend,21,False
1278,full_2021_2026,2022-10-17,2022-10-18 10:00:00,2022-11-21,2022-11-22,1093300.0,0.99,1.061,541.1835,579.9956500000001,0.07064599013624506,trend,trend,trend_to_trend,25,False
1278,full_2021_2026,2022-12-30,2023-01-03 00:00:00,2023-02-14,2023-02-15,1174100.0,0.987,1.047,579.41835,614.64135,0.05973001341274653,range,range,range_to_range,26,False
1278,full_2021_2026,2023-03-06,2023-03-07 00:00:00,2023-03-09,2023-03-10,1192200.0,1.03,1.016,613.9830000000001,605.6376,-0.01457814781929434,range,range,range_to_range,3,True
1278,full_2021_2026,2023-03-14,2023-03-15 11:30:00,2023-04-21,2023-04-24,1170300.0,1.034,1.136,605.0450999999999,664.7303999999999,0.09754793782992444,range,trend,range_to_trend,27,False
1278,full_2021_2026,2023-05-26,2023-05-29 10:00:00,2023-06-06,2023-06-07,1245900.0,1.066,1.052,664.0647000000001,655.3434000000001,-0.01411958186010187,range,range,range_to_range,7,True
1278,full_2021_2026,2023-06-09,2023-06-12 00:00:00,2023-06-21,2023-06-26,1243500.0,1.053,1.036,654.70275,644.133,-0.01712771344622077,range,range,range_to_range,8,True
1278,full_2021_2026,2023-07-31,2023-08-01 00:00:00,2023-08-07,2023-08-08,1296000.0,0.993,0.992,643.464,642.816,-0.002005543049220626,trend,range,trend_to_range,5,True
1278,full_2021_2026,2023-08-30,2023-08-31 00:00:00,2023-09-07,2023-09-08,1339300.0,0.959,0.917,642.19435,614.0690500000001,-0.044751346954260085,trend,trend,trend_to_trend,6,True
1278,full_2021_2026,2023-09-27,2023-09-28 00:00:00,2023-10-16,2023-10-17,1358700.0,0.903,0.896,613.4530500000001,608.6976,-0.00874369017041876,trend,trend,trend_to_trend,7,True
1278,full_2021_2026,2023-10-27,2023-10-30 00:00:00,2023-11-22,2023-11-23,1382000.0,0.88,0.892,608.08,616.372,0.012623233837626646,trend,range,trend_to_range,18,False
1278,full_2021_2026,2023-12-08,2023-12-11 00:00:00,2023-12-13,2023-12-14,1396300.0,0.882,0.888,615.7683000000001,619.9572,0.005796421517132222,trend,range,trend_to_range,3,False
1278,full_2021_2026,2023-12-29,2024-01-02 00:00:00,2024-01-04,2024-01-05,1420500.0,0.872,0.842,619.338,598.0305,-0.035368783498159306,range,range,range_to_range,3,True
1278,full_2021_2026,2024-02-08,2024-02-19 10:00:00,2024-03-21,2024-03-22,1551800.0,0.77,0.822,597.443,637.7897999999999,0.06646546856441904,trend,range,trend_to_range,24,False
1278,full_2021_2026,2024-04-26,2024-04-29 10:00:00,2024-05-15,2024-05-16,1652800.0,0.771,0.768,637.1544,634.6752000000001,-0.004886661727501962,range,trend,range_to_trend,10,True
1278,full_2021_2026,2024-06-03,2024-06-04 00:00:00,2024-06-06,2024-06-07,1653300.0,0.767,0.762,634.04055,629.9073000000001,-0.0075118894268642045,trend,range,trend_to_range,3,True
1278,full_2021_2026,2024-06-11,2024-06-12 10:00:00,2024-06-24,2024-06-25,1621800.0,0.776,0.755,629.2584,612.2295,-0.028034307588473695,range,range,range_to_range,9,True
1278,full_2021_2026,2024-07-11,2024-07-12 00:00:00,2024-07-24,2024-07-25,1671100.0,0.732,0.727,611.6226,607.44485,-0.007823274155272064,range,range,range_to_range,9,True
1278,full_2021_2026,2024-07-26,2024-07-29 00:00:00,2024-08-05,2024-08-06,1646800.0,0.737,0.73,606.8458,601.082,-0.010487971753607606,range,range,range_to_range,6,True
1278,full_2021_2026,2024-09-24,2024-09-25 14:00:00,2024-10-30,2024-10-31,1755800.0,0.684,0.981,600.4836000000001,861.2199,0.43277703253636335,trend,trend,trend_to_trend,21,False
1278,full_2021_2026,2024-11-05,2024-11-06 10:00:00,2024-11-15,2024-11-18,1688600.0,1.019,1.014,860.3417,856.1202,-0.005901367275145564,trend,trend,trend_to_trend,8,True
1278,full_2021_2026,2024-12-02,2024-12-03 00:00:00,2024-12-05,2024-12-06,1643200.0,1.041,1.03,855.2856,846.248,-0.01155570149603391,trend,trend,trend_to_trend,3,True
1278,full_2021_2026,2024-12-10,2024-12-11 00:00:00,2024-12-13,2024-12-16,1635200.0,1.034,1.013,845.3984,828.2288,-0.02128867867806916,trend,trend,trend_to_trend,3,True
1278,full_2021_2026,2024-12-20,2024-12-23 00:00:00,2024-12-31,2025-01-02,1598800.0,1.035,1.01,827.3789999999999,807.394,-0.025129947103742722,trend,range,trend_to_range,7,True
1278,full_2021_2026,2025-01-21,2025-01-22 00:00:00,2025-01-27,2025-02-05,1619700.0,0.996,1.007,806.6106,815.51895,0.010033637799574002,range,range,range_to_range,4,False
1278,full_2021_2026,2025-02-05,2025-02-06 00:00:00,2025-03-11,2025-03-12,1629400.0,1.0,1.133,814.7,923.0551,0.13186756621689155,range,range,range_to_range,24,False
1278,full_2021_2026,2025-04-16,2025-04-17 00:00:00,2025-04-24,2025-04-25,1792300.0,1.029,1.027,922.13835,920.34605,-0.0029411921833057963,range,range,range_to_range,6,True
1278,full_2021_2026,2025-05-06,2025-05-07 14:00:00,2025-05-09,2025-05-12,1751300.0,1.05,1.034,919.4325,905.4221,-0.01622236500797236,range,range,range_to_range,3,True
1278,full_2021_2026,2025-05-14,2025-05-15 00:00:00,2025-05-19,2025-05-20,1746100.0,1.036,1.019,904.4798000000001,889.6379499999999,-0.01739236559326518,range,range,range_to_range,3,True
1278,full_2021_2026,2025-06-05,2025-06-06 00:00:00,2025-06-10,2025-06-11,1737600.0,1.023,1.007,888.7823999999999,874.8815999999999,-0.016624141497188827,trend,trend,trend_to_trend,3,True
1278,full_2021_2026,2025-06-24,2025-06-25 10:30:00,2025-08-08,2025-08-11,1742800.0,1.003,1.07,874.0142,932.398,0.06573333472844833,trend,range,trend_to_range,33,False
1278,full_2021_2026,2025-08-12,2025-08-13 10:00:00,2025-09-08,2025-09-09,1696600.0,1.098,1.28,931.4334,1085.824,0.16459074652109273,trend,trend,trend_to_trend,19,False
1278,full_2021_2026,2025-09-10,2025-09-11 00:00:00,2025-10-14,2025-10-15,1688300.0,1.285,1.442,1084.7327500000001,1217.2643,0.1210573701476112,trend,trend,trend_to_trend,18,False
1278,full_2021_2026,2025-10-24,2025-10-27 10:30:00,2025-10-30,2025-10-31,1620300.0,1.501,1.4923366,1216.03515,1209.01649649,-0.006765483547366835,trend,trend,trend_to_trend,4,True
1278,full_2021_2026,2025-12-08,2025-12-09 00:00:00,2025-12-11,2025-12-12,1751400.0,1.3792502000000002,1.3630950000000002,1207.8094001400002,1193.6622915,-0.012700823819422724,range,range,range_to_range,3,True
1278,full_2021_2026,2025-12-12,2025-12-15 00:00:00,2026-01-29,2026-01-30,1735500.0,1.3742017,1.5488798,1192.463525175,1344.04044645,0.12598586819742197,range,trend,range_to_trend,32,False
1278,full_2021_2026,2026-02-25,2026-02-26 10:00:00,2026-03-02,2026-03-03,1770200.0,1.517,1.5105112,1342.6967,1336.95346312,-0.00527261458262307,trend,trend,trend_to_trend,3,True
1278,full_2021_2026,2026-04-08,2026-04-09 00:00:00,2026-06-01,2026-06-02,1936800.0,1.3792502000000002,1.7215385,1335.6658936800002,1667.1378834000002,0.24692229287991418,range,trend,range_to_trend,35,False
1278,full_2021_2026,2026-06-16,2026-06-17 00:00:00,2026-07-13,2026-07-14,1862700.0,1.7881787,2.0476716,1665.420232245,1907.0989446600001,0.1439712103293358,trend,trend,trend_to_trend,18,False
1278,full_2021_2026,2026-08-12,2026-08-13 15:00:00,2026-08-19,2026-08-20,2124000.0,1.794,1.736684,1905.228,1844.3584079999998,-0.03291628544702019,range,range,range_to_range,5,True
1278,full_2021_2026,2026-08-27,2026-08-28 00:00:00,2026-09-01,2026-09-02,2109600.0,1.746781,1.6771117000000002,1842.5045988,1769.0174211600001,-0.0408440288526255,range,range,range_to_range,3,True
1278,rolling_2021_2023,2021-01-12,2021-01-13 10:30:00,2021-01-28,2021-01-29,697000.0,1.434,1.456,499.749,507.416,0.014326867249778275,warmup,warmup,warmup_to_warmup,12,False
1278,rolling_2021_2023,2021-03-26,2021-03-29 10:00:00,2021-04-12,2021-04-13,791400.0,1.281,1.267,506.89169999999996,501.3519,-0.011917538498510294,trend,range,trend_to_range,10,True
1278,rolling_2021_2023,2021-04-16,2021-04-19 00:00:00,2021-05-07,2021-05-10,770500.0,1.3,1.295,500.825,498.89875,-0.004841809864298607,trend,trend,trend_to_trend,12,False
1278,rolling_2021_2023,2021-05-17,2021-05-18 10:00:00,2021-06-16,2021-06-17,736700.0,1.353,1.441,498.37755,530.7923499999999,0.06397614201029556,range,trend,range_to_trend,21,False
1278,rolling_2021_2023,2021-06-17,2021-06-18 00:00:00,2021-07-06,2021-07-07,704700.0,1.505,1.557,530.28675,548.6089499999999,0.03351746053883353,trend,trend,trend_to_trend,13,False
1278,rolling_2021_2023,2021-07-07,2021-07-08 00:00:00,2021-07-14,2021-07-15,684200.0,1.602,1.589,548.0442,543.5969,-0.009106245878309216,trend,trend,trend_to_trend,5,True
1278,rolling_2021_2023,2021-07-29,2021-07-30 00:00:00,2021-08-09,2021-08-10,668000.0,1.626,1.604,543.0840000000001,535.736,-0.014516112177613616,trend,trend,trend_to_trend,7,True
1278,rolling_2021_2023,2021-08-24,2021-08-25 00:00:00,2021-08-27,2021-08-30,661500.0,1.618,1.525,535.1535,504.39374999999995,-0.058420418962336074,trend,range,trend_to_range,3,True
1278,rolling_2021_2023,2021-10-15,2021-10-18 00:00:00,2021-10-27,2021-10-28,720900.0,1.398,1.391,503.90909999999997,501.38595000000004,-0.006001648674947235,trend,trend,trend_to_trend,8,True
1278,rolling_2021_2023,2021-10-29,2021-11-01 10:00:00,2021-12-02,2021-12-03,700100.0,1.431,1.469,500.92155,514.2234500000001,0.025528814907710418,trend,range,trend_to_range,24,False
1278,rolling_2021_2023,2022-01-18,2022-01-19 00:00:00,2022-01-21,2022-01-24,745000.0,1.379,1.326,513.6775,493.935,-0.03939473338022803,range,range,range_to_range,3,True
1278,rolling_2021_2023,2022-02-23,2022-02-24 00:00:00,2022-03-03,2022-03-04,783900.0,1.259,1.239,493.46505,485.6260500000001,-0.016869246075929323,trend,trend,trend_to_trend,6,True
1278,rolling_2021_2023,2022-03-21,2022-03-22 00:00:00,2022-03-24,2022-03-25,823700.0,1.178,1.167,485.1593,480.62895000000003,-0.010328027836675968,trend,trend,trend_to_trend,3,True
1278,rolling_2021_2023,2022-05-05,2022-05-06 00:00:00,2022-06-22,2022-06-23,1005500.0,0.955,1.095,480.12625,550.51125,0.14545083479202803,trend,range,trend_to_range,33,False
1278,rolling_2021_2023,2022-06-28,2022-06-29 00:00:00,2022-07-01,2022-07-04,961500.0,1.144,1.121,549.9780000000001,538.92075,-0.021084300507089093,range,range,range_to_range,3,True
1278,rolling_2021_2023,2022-07-21,2022-07-22 10:00:00,2022-08-19,2022-08-22,952900.0,1.13,1.137,538.3885,541.72365,0.005188998421143509,trend,trend,trend_to_trend,21,False
1278,rolling_2021_2023,2022-10-17,2022-10-18 10:00:00,2022-11-21,2022-11-22,1093300.0,0.99,1.061,541.1835,579.9956500000001,0.07064599013624506,trend,trend,trend_to_trend,25,False
1278,rolling_2021_2023,2022-12-30,2023-01-03 00:00:00,2023-02-14,2023-02-15,1174100.0,0.987,1.047,579.41835,614.64135,0.05973001341274653,range,range,range_to_range,26,False
1278,rolling_2021_2023,2023-03-06,2023-03-07 00:00:00,2023-03-09,2023-03-10,1192200.0,1.03,1.016,613.9830000000001,605.6376,-0.01457814781929434,range,range,range_to_range,3,True
1278,rolling_2021_2023,2023-03-14,2023-03-15 11:30:00,2023-04-21,2023-04-24,1170300.0,1.034,1.136,605.0450999999999,664.7303999999999,0.09754793782992444,range,trend,range_to_trend,27,False
1278,rolling_2021_2023,2023-05-26,2023-05-29 10:00:00,2023-06-06,2023-06-07,1245900.0,1.066,1.052,664.0647000000001,655.3434000000001,-0.01411958186010187,range,range,range_to_range,7,True
1278,rolling_2021_2023,2023-06-09,2023-06-12 00:00:00,2023-06-21,2023-06-26,1243500.0,1.053,1.036,654.70275,644.133,-0.01712771344622077,range,range,range_to_range,8,True
1278,rolling_2021_2023,2023-07-31,2023-08-01 00:00:00,2023-08-07,2023-08-08,1296000.0,0.993,0.992,643.464,642.816,-0.002005543049220626,trend,range,trend_to_range,5,True
1278,rolling_2021_2023,2023-08-30,2023-08-31 00:00:00,2023-09-07,2023-09-08,1339300.0,0.959,0.917,642.19435,614.0690500000001,-0.044751346954260085,trend,trend,trend_to_trend,6,True
1278,rolling_2021_2023,2023-09-27,2023-09-28 00:00:00,2023-10-16,2023-10-17,1358700.0,0.903,0.896,613.4530500000001,608.6976,-0.00874369017041876,trend,trend,trend_to_trend,7,True
1278,rolling_2021_2023,2023-10-27,2023-10-30 00:00:00,2023-11-22,2023-11-23,1382000.0,0.88,0.892,608.08,616.372,0.012623233837626646,trend,range,trend_to_range,18,False
1278,rolling_2021_2023,2023-12-08,2023-12-11 00:00:00,2023-12-13,2023-12-14,1396300.0,0.882,0.888,615.7683000000001,619.9572,0.005796421517132222,trend,range,trend_to_range,3,False
1278,rolling_2022_2024,2022-01-18,2022-01-19 00:00:00,2022-01-21,2022-01-24,724800.0,1.379,1.326,499.7496,480.54240000000004,-0.03939473338022792,range,range,range_to_range,3,True
1278,rolling_2022_2024,2022-02-23,2022-02-24 00:00:00,2022-03-03,2022-03-04,762600.0,1.259,1.239,480.0567,472.4307,-0.016869246075929323,trend,trend,trend_to_trend,6,True
1278,rolling_2022_2024,2022-03-21,2022-03-22 00:00:00,2022-03-24,2022-03-25,801200.0,1.178,1.167,471.9068,467.5002,-0.010328027836675857,trend,trend,trend_to_trend,3,True
1278,rolling_2022_2024,2022-05-05,2022-05-06 00:00:00,2022-06-22,2022-06-23,978200.0,0.955,1.095,467.0905,535.5645000000001,0.1454508347920278,trend,range,trend_to_range,33,False
1278,rolling_2022_2024,2022-06-28,2022-06-29 00:00:00,2022-07-01,2022-07-04,935300.0,1.144,1.121,534.9916,524.2356500000001,-0.021084300507089093,range,range,range_to_range,3,True
1278,rolling_2022_2024,2022-07-21,2022-07-22 10:00:00,2022-08-19,2022-08-22,926900.0,1.13,1.137,523.6985,526.9426500000001,0.005188998421143509,trend,trend,trend_to_trend,21,False
1278,rolling_2022_2024,2022-10-17,2022-10-18 10:00:00,2022-11-21,2022-11-22,1063500.0,0.99,1.061,526.4325,564.18675,0.07064599013624484,trend,trend,trend_to_trend,25,False
1278,rolling_2022_2024,2022-12-30,2023-01-03 00:00:00,2023-02-14,2023-02-15,1142100.0,0.987,1.047,563.62635,597.88935,0.05973001341274653,range,range,range_to_range,26,False
1278,rolling_2022_2024,2023-03-06,2023-03-07 00:00:00,2023-03-09,2023-03-10,1159800.0,1.03,1.016,597.297,589.1784,-0.01457814781929434,range,range,range_to_range,3,True
1278,rolling_2022_2024,2023-03-14,2023-03-15 11:30:00,2023-04-21,2023-04-24,1138500.0,1.034,1.136,588.6045,646.668,0.09754793782992444,range,trend,range_to_trend,27,False
1278,rolling_2022_2024,2023-05-26,2023-05-29 10:00:00,2023-06-06,2023-06-07,1212000.0,1.066,1.052,645.996,637.5120000000001,-0.014119581860101982,range,range,range_to_range,7,True
1278,rolling_2022_2024,2023-06-09,2023-06-12 00:00:00,2023-06-21,2023-06-26,1209700.0,1.053,1.036,636.9070499999999,626.6246,-0.01712771344622077,range,range,range_to_range,8,True
1278,rolling_2022_2024,2023-07-31,2023-08-01 00:00:00,2023-08-07,2023-08-08,1260800.0,0.993,0.992,625.9871999999999,625.3568,-0.002005543049220515,trend,range,trend_to_range,5,True
1278,rolling_2022_2024,2023-08-30,2023-08-31 00:00:00,2023-09-07,2023-09-08,1302900.0,0.959,0.917,624.74055,597.3796500000001,-0.044751346954259974,trend,trend,trend_to_trend,6,True
1278,rolling_2022_2024,2023-09-27,2023-09-28 00:00:00,2023-10-16,2023-10-17,1321700.0,0.903,0.896,596.74755,592.1216,-0.00874369017041876,trend,trend,trend_to_trend,7,True
1278,rolling_2022_2024,2023-10-27,2023-10-30 00:00:00,2023-11-22,2023-11-23,1344400.0,0.88,0.892,591.5360000000001,599.6024,0.012623233837626646,trend,range,trend_to_range,18,False
1278,rolling_2022_2024,2023-12-08,2023-12-11 00:00:00,2023-12-13,2023-12-14,1358300.0,0.882,0.888,599.0103,603.0852,0.005796421517132444,trend,range,trend_to_range,3,False
1278,rolling_2022_2024,2023-12-29,2024-01-02 00:00:00,2024-01-04,2024-01-05,1381900.0,0.872,0.842,602.5084,581.7799,-0.035368783498159084,range,range,range_to_range,3,True
1278,rolling_2022_2024,2024-02-08,2024-02-19 10:00:00,2024-03-21,2024-03-22,1509600.0,0.77,0.822,581.196,620.4456,0.06646546856441904,trend,range,trend_to_range,24,False
1278,rolling_2022_2024,2024-04-26,2024-04-29 10:00:00,2024-05-15,2024-05-16,1607800.0,0.771,0.768,619.8069,617.3952,-0.004886661727501851,range,trend,range_to_trend,10,True
1278,rolling_2022_2024,2024-06-03,2024-06-04 00:00:00,2024-06-06,2024-06-07,1608300.0,0.767,0.762,616.78305,612.7623000000001,-0.0075118894268642045,trend,range,trend_to_range,3,True
1278,rolling_2022_2024,2024-06-11,2024-06-12 10:00:00,2024-06-24,2024-06-25,1577700.0,0.776,0.755,612.1476,595.58175,-0.028034307588473695,range,range,range_to_range,9,True
1278,rolling_2022_2024,2024-07-11,2024-07-12 00:00:00,2024-07-24,2024-07-25,1625700.0,0.732,0.727,595.0061999999999,590.94195,-0.007823274155271953,range,range,range_to_range,9,True
1278,rolling_2022_2024,2024-07-26,2024-07-29 00:00:00,2024-08-05,2024-08-06,1602000.0,0.737,0.73,590.337,584.73,-0.010487971753607606,range,range,range_to_range,6,True
1278,rolling_2022_2024,2024-09-24,2024-09-25 14:00:00,2024-10-30,2024-10-31,1708000.0,0.684,0.981,584.136,837.774,0.43277703253636357,trend,trend,trend_to_trend,21,False
1278,rolling_2022_2024,2024-11-05,2024-11-06 10:00:00,2024-11-15,2024-11-18,1642700.0,1.019,1.014,836.9556499999999,832.8489000000001,-0.005901367275145453,trend,trend,trend_to_trend,8,True
1278,rolling_2022_2024,2024-12-02,2024-12-03 00:00:00,2024-12-05,2024-12-06,1598500.0,1.041,1.03,832.0192499999999,823.2275,-0.011555701496033799,trend,trend,trend_to_trend,3,True
1278,rolling_2022_2024,2024-12-10,2024-12-11 00:00:00,2024-12-13,2024-12-16,1590700.0,1.034,1.013,822.3919000000001,805.6895499999999,-0.02128867867806916,trend,trend,trend_to_trend,3,True
1278,rolling_2023_2025,2022-12-30,2023-01-03 00:00:00,2023-02-14,2023-02-15,1012600.0,0.987,1.047,499.7181,530.0961,0.05973001341274653,range,range,range_to_range,26,False
1278,rolling_2023_2025,2023-03-06,2023-03-07 00:00:00,2023-03-09,2023-03-10,1028300.0,1.03,1.016,529.5745000000001,522.3764,-0.01457814781929423,range,range,range_to_range,3,True
1278,rolling_2023_2025,2023-03-14,2023-03-15 11:30:00,2023-04-21,2023-04-24,1009400.0,1.034,1.136,521.8598,573.3392,0.09754793782992444,range,trend,range_to_trend,27,False
1278,rolling_2023_2025,2023-05-26,2023-05-29 10:00:00,2023-06-06,2023-06-07,1074600.0,1.066,1.052,572.7618000000001,565.2396,-0.01411958186010187,range,range,range_to_range,7,True
1278,rolling_2023_2025,2023-06-09,2023-06-12 00:00:00,2023-06-21,2023-06-26,1072500.0,1.053,1.036,564.67125,555.5550000000001,-0.01712771344622066,range,range,range_to_range,8,True
1278,rolling_2023_2025,2023-07-31,2023-08-01 00:00:00,2023-08-07,2023-08-08,1117800.0,0.993,0.992,554.9877,554.4288,-0.002005543049220515,trend,range,trend_to_range,5,True
1278,rolling_2023_2025,2023-08-30,2023-08-31 00:00:00,2023-09-07,2023-09-08,1155100.0,0.959,0.917,553.87045,529.61335,-0.044751346954260085,trend,trend,trend_to_trend,6,True
1278,rolling_2023_2025,2023-09-27,2023-09-28 00:00:00,2023-10-16,2023-10-17,1171900.0,0.903,0.896,529.11285,525.0111999999999,-0.00874369017041865,trend,trend,trend_to_trend,7,True
1278,rolling_2023_2025,2023-10-27,2023-10-30 00:00:00,2023-11-22,2023-11-23,1192000.0,0.88,0.892,524.48,531.6320000000001,0.012623233837626646,trend,range,trend_to_range,18,False
1278,rolling_2023_2025,2023-12-08,2023-12-11 00:00:00,2023-12-13,2023-12-14,1204300.0,0.882,0.888,531.0963,534.7092,0.005796421517132444,trend,range,trend_to_range,3,False
1278,rolling_2023_2025,2023-12-29,2024-01-02 00:00:00,2024-01-04,2024-01-05,1225200.0,0.872,0.842,534.1872,515.8091999999999,-0.035368783498159195,range,range,range_to_range,3,True
1278,rolling_2023_2025,2024-02-08,2024-02-19 10:00:00,2024-03-21,2024-03-22,1338400.0,0.77,0.822,515.284,550.0824,0.06646546856441926,trend,range,trend_to_range,24,False
1278,rolling_2023_2025,2024-04-26,2024-04-29 10:00:00,2024-05-15,2024-05-16,1425500.0,0.771,0.768,549.53025,547.392,-0.004886661727502073,range,trend,range_to_trend,10,True
1278,rolling_2023_2025,2024-06-03,2024-06-04 00:00:00,2024-06-06,2024-06-07,1425900.0,0.767,0.762,546.8326500000001,543.2679,-0.0075118894268642045,trend,range,trend_to_range,3,True
1278,rolling_2023_2025,2024-06-11,2024-06-12 10:00:00,2024-06-24,2024-06-25,1398800.0,0.776,0.755,542.7344,528.047,-0.028034307588473806,range,range,range_to_range,9,True
1278,rolling_2023_2025,2024-07-11,2024-07-12 00:00:00,2024-07-24,2024-07-25,1441300.0,0.732,0.727,527.5158,523.91255,-0.007823274155272175,range,range,range_to_range,9,True
1278,rolling_2023_2025,2024-07-26,2024-07-29 00:00:00,2024-08-05,2024-08-06,1420400.0,0.737,0.73,523.4173999999999,518.446,-0.010487971753607606,range,range,range_to_range,6,True
1278,rolling_2023_2025,2024-09-24,2024-09-25 14:00:00,2024-10-30,2024-10-31,1514400.0,0.684,0.981,517.9248,742.8131999999999,0.4327770325363631,trend,trend,trend_to_trend,21,False
1278,rolling_2023_2025,2024-11-05,2024-11-06 10:00:00,2024-11-15,2024-11-18,1456400.0,1.019,1.014,742.0358,738.3948,-0.005901367275145342,trend,trend,trend_to_trend,8,True
1278,rolling_2023_2025,2024-12-02,2024-12-03 00:00:00,2024-12-05,2024-12-06,1417200.0,1.041,1.03,737.6526,729.8580000000001,-0.011555701496033799,trend,trend,trend_to_trend,3,True
1278,rolling_2023_2025,2024-12-10,2024-12-11 00:00:00,2024-12-13,2024-12-16,1410300.0,1.034,1.013,729.1251,714.31695,-0.02128867867806905,trend,trend,trend_to_trend,3,True
1278,rolling_2023_2025,2024-12-20,2024-12-23 00:00:00,2024-12-31,2025-01-02,1379000.0,1.035,1.01,713.6325,696.395,-0.025129947103742833,trend,range,trend_to_range,7,True
1278,rolling_2023_2025,2025-01-21,2025-01-22 00:00:00,2025-01-27,2025-02-05,1397000.0,0.996,1.007,695.706,703.3894999999999,0.010033637799574002,range,range,range_to_range,4,False
1278,rolling_2023_2025,2025-02-05,2025-02-06 00:00:00,2025-03-11,2025-03-12,1405300.0,1.0,1.133,702.65,796.10245,0.13186756621689155,range,range,range_to_range,24,False
1278,rolling_2023_2025,2025-04-16,2025-04-17 00:00:00,2025-04-24,2025-04-25,1545800.0,1.029,1.027,795.3140999999999,793.7683,-0.0029411921833060184,range,range,range_to_range,6,True
1278,rolling_2023_2025,2025-05-06,2025-05-07 14:00:00,2025-05-09,2025-05-12,1510500.0,1.05,1.034,793.0125,780.9285,-0.01622236500797214,range,range,range_to_range,3,True
1278,rolling_2023_2025,2025-05-14,2025-05-15 00:00:00,2025-05-19,2025-05-20,1506000.0,1.036,1.019,780.1080000000001,767.3069999999999,-0.01739236559326529,range,range,range_to_range,3,True
1278,rolling_2023_2025,2025-06-05,2025-06-06 00:00:00,2025-06-10,2025-06-11,1498600.0,1.023,1.007,766.5338999999999,754.5451,-0.016624141497188716,trend,trend,trend_to_trend,3,True
1278,rolling_2023_2025,2025-06-24,2025-06-25 10:30:00,2025-08-08,2025-08-11,1503100.0,1.003,1.07,753.8046499999999,804.1585,0.06573333472844856,trend,range,trend_to_range,33,False
1278,rolling_2023_2025,2025-08-12,2025-08-13 10:00:00,2025-09-08,2025-09-09,1463300.0,1.098,1.28,803.3517,936.5120000000001,0.16459074652109273,trend,trend,trend_to_trend,19,False
1278,rolling_2023_2025,2025-09-10,2025-09-11 00:00:00,2025-10-14,2025-10-15,1456200.0,1.285,1.442,935.6085,1049.9202,0.12105737014761098,trend,trend,trend_to_trend,18,False
1278,rolling_2023_2025,2025-10-24,2025-10-27 10:30:00,2025-10-30,2025-10-31,1397500.0,1.501,1.4923366,1048.82375,1042.7701992500001,-0.006765483547366835,trend,trend,trend_to_trend,4,True
1278,rolling_2023_2025,2025-12-08,2025-12-09 00:00:00,2025-12-11,2025-12-12,1510600.0,1.3792502000000002,1.3630950000000002,1041.7476760600002,1029.5456535,-0.012700823819422724,range,range,range_to_range,3,True
1278,rolling_2024_2026,2023-12-29,2024-01-02 00:00:00,2024-01-04,2024-01-05,1146200.0,0.872,0.842,499.7432,482.5502,-0.035368783498159306,range,range,range_to_range,3,True
1278,rolling_2024_2026,2024-02-08,2024-02-19 10:00:00,2024-03-21,2024-03-22,1252100.0,0.77,0.822,482.05850000000004,514.6131,0.06646546856441904,trend,range,trend_to_range,24,False
1278,rolling_2024_2026,2024-04-26,2024-04-29 10:00:00,2024-05-15,2024-05-16,1333600.0,0.771,0.768,514.1028,512.1024,-0.004886661727501962,range,trend,range_to_trend,10,True
1278,rolling_2024_2026,2024-06-03,2024-06-04 00:00:00,2024-06-06,2024-06-07,1334000.0,0.767,0.762,511.589,508.254,-0.0075118894268640934,trend,range,trend_to_range,3,True
1278,rolling_2024_2026,2024-06-11,2024-06-12 10:00:00,2024-06-24,2024-06-25,1308600.0,0.776,0.755,507.7368,493.9965,-0.028034307588473695,range,range,range_to_range,9,True
1278,rolling_2024_2026,2024-07-11,2024-07-12 00:00:00,2024-07-24,2024-07-25,1348400.0,0.732,0.727,493.51439999999997,490.1434,-0.007823274155272064,range,range,range_to_range,9,True
1278,rolling_2024_2026,2024-07-26,2024-07-29 00:00:00,2024-08-05,2024-08-06,1328800.0,0.737,0.73,489.6628,485.012,-0.010487971753607606,range,range,range_to_range,6,True
1278,rolling_2024_2026,2024-09-24,2024-09-25 14:00:00,2024-10-30,2024-10-31,1416700.0,0.684,0.981,484.51140000000004,694.89135,0.43277703253636335,trend,trend,trend_to_trend,21,False
1278,rolling_2024_2026,2024-11-05,2024-11-06 10:00:00,2024-11-15,2024-11-18,1362500.0,1.019,1.014,694.1937499999999,690.7875,-0.005901367275145564,trend,trend,trend_to_trend,8,True
1278,rolling_2024_2026,2024-12-02,2024-12-03 00:00:00,2024-12-05,2024-12-06,1325800.0,1.041,1.03,690.0789,682.787,-0.01155570149603391,trend,trend,trend_to_trend,3,True
1278,rolling_2024_2026,2024-12-10,2024-12-11 00:00:00,2024-12-13,2024-12-16,1319400.0,1.034,1.013,682.1298,668.2761,-0.02128867867806916,trend,trend,trend_to_trend,3,True
1278,rolling_2024_2026,2024-12-20,2024-12-23 00:00:00,2024-12-31,2025-01-02,1290000.0,1.035,1.01,667.575,651.45,-0.025129947103742722,trend,range,trend_to_range,7,True
1278,rolling_2024_2026,2025-01-21,2025-01-22 00:00:00,2025-01-27,2025-02-05,1306900.0,0.996,1.007,650.8362,658.02415,0.010033637799574002,range,range,range_to_range,4,False
1278,rolling_2024_2026,2025-02-05,2025-02-06 00:00:00,2025-03-11,2025-03-12,1314700.0,1.0,1.133,657.35,744.77755,0.13186756621689155,range,range,range_to_range,24,False
1278,rolling_2024_2026,2025-04-16,2025-04-17 00:00:00,2025-04-24,2025-04-25,1446100.0,1.029,1.027,744.0184499999999,742.57235,-0.0029411921833059074,range,range,range_to_range,6,True
1278,rolling_2024_2026,2025-05-06,2025-05-07 14:00:00,2025-05-09,2025-05-12,1413000.0,1.05,1.034,741.825,730.5210000000001,-0.01622236500797214,range,range,range_to_range,3,True
1278,rolling_2024_2026,2025-05-14,2025-05-15 00:00:00,2025-05-19,2025-05-20,1408900.0,1.036,1.019,729.8102000000001,717.8345499999999,-0.01739236559326529,range,range,range_to_range,3,True
1278,rolling_2024_2026,2025-06-05,2025-06-06 00:00:00,2025-06-10,2025-06-11,1402000.0,1.023,1.007,717.1229999999999,705.9069999999999,-0.016624141497188716,trend,trend,trend_to_trend,3,True
1278,rolling_2024_2026,2025-06-24,2025-06-25 10:30:00,2025-08-08,2025-08-11,1406200.0,1.003,1.07,705.2093,752.317,0.06573333472844833,trend,range,trend_to_range,33,False
1278,rolling_2024_2026,2025-08-12,2025-08-13 10:00:00,2025-09-08,2025-09-09,1368900.0,1.098,1.28,751.5261000000002,876.096,0.16459074652109273,trend,trend,trend_to_trend,19,False
1278,rolling_2024_2026,2025-09-10,2025-09-11 00:00:00,2025-10-14,2025-10-15,1362200.0,1.285,1.442,875.2135000000001,982.1462,0.12105737014761098,trend,trend,trend_to_trend,18,False
1278,rolling_2024_2026,2025-10-24,2025-10-27 10:30:00,2025-10-30,2025-10-31,1307400.0,1.501,1.4923366,981.2037,975.54043542,-0.006765483547366724,trend,trend,trend_to_trend,4,True
1278,rolling_2024_2026,2025-12-08,2025-12-09 00:00:00,2025-12-11,2025-12-12,1413200.0,1.3792502000000002,1.3630950000000002,974.5781913200001,963.1629270000002,-0.012700823819422613,range,range,range_to_range,3,True
1278,rolling_2024_2026,2025-12-12,2025-12-15 00:00:00,2026-01-29,2026-01-30,1400300.0,1.3742017,1.5488798,962.1473202550001,1084.4481919700002,0.1259858681974222,range,trend,range_to_trend,32,False
1278,rolling_2024_2026,2026-02-25,2026-02-26 10:00:00,2026-03-02,2026-03-03,1428300.0,1.517,1.5105112,1083.36555,1078.73157348,-0.005272614582623181,trend,trend,trend_to_trend,3,True
1278,rolling_2024_2026,2026-04-08,2026-04-09 00:00:00,2026-06-01,2026-06-02,1562700.0,1.3792502000000002,1.7215385,1077.6771437700002,1345.1241069750001,0.2469222928799144,range,trend,range_to_trend,35,False
1278,rolling_2024_2026,2026-06-16,2026-06-17 00:00:00,2026-07-13,2026-07-14,1502900.0,1.7881787,2.0476716,1343.726884115,1538.72282382,0.14397121032933557,trend,trend,trend_to_trend,18,False
1278,rolling_2024_2026,2026-08-12,2026-08-13 15:00:00,2026-08-19,2026-08-20,1713700.0,1.794,1.736684,1537.1889,1488.0776853999998,-0.03291628544702019,range,range,range_to_range,5,True
1278,rolling_2024_2026,2026-08-27,2026-08-28 00:00:00,2026-09-01,2026-09-02,1702100.0,1.746781,1.6771117000000002,1486.59797005,1427.3059122850002,-0.04084402885262561,range,range,range_to_range,3,True
1401,full_2021_2026,2021-01-12,2021-01-13 10:30:00,2021-01-28,2021-01-29,697000.0,1.434,1.456,499.749,507.416,0.014326867249778275,warmup,warmup,warmup_to_warmup,12,False
1401,full_2021_2026,2021-03-26,2021-03-29 10:00:00,2021-04-12,2021-04-13,791400.0,1.281,1.267,506.89169999999996,501.3519,-0.011917538498510294,trend,range,trend_to_range,10,True
1401,full_2021_2026,2021-04-16,2021-04-19 00:00:00,2021-05-07,2021-05-10,770500.0,1.3,1.295,500.825,498.89875,-0.004841809864298607,trend,trend,trend_to_trend,12,False
1401,full_2021_2026,2021-05-14,2021-05-17 00:00:00,2021-06-16,2021-06-17,751800.0,1.326,1.441,498.44340000000005,541.6719,0.08564081458516593,range,trend,range_to_trend,22,False
1401,full_2021_2026,2021-06-17,2021-06-18 00:00:00,2021-07-06,2021-07-07,719100.0,1.505,1.557,541.12275,559.81935,0.03351746053883353,trend,trend,trend_to_trend,13,False
1401,full_2021_2026,2021-07-07,2021-07-08 00:00:00,2021-07-14,2021-07-15,698200.0,1.602,1.589,559.2582000000001,554.7199,-0.009106245878309327,trend,trend,trend_to_trend,5,True
1401,full_2021_2026,2021-07-29,2021-07-30 00:00:00,2021-08-09,2021-08-10,681600.0,1.626,1.604,554.1407999999999,546.6432000000001,-0.014516112177613283,trend,trend,trend_to_trend,7,True
1401,full_2021_2026,2021-08-24,2021-08-25 00:00:00,2021-08-27,2021-08-30,675000.0,1.618,1.525,546.075,514.6875,-0.05842041896233596,trend,range,trend_to_range,3,True
1401,full_2021_2026,2021-10-15,2021-10-18 00:00:00,2021-10-27,2021-10-28,735600.0,1.398,1.391,514.1844,511.6098,-0.006001648674947124,trend,trend,trend_to_trend,8,True
1401,full_2021_2026,2021-10-29,2021-11-01 10:00:00,2021-12-02,2021-12-03,714300.0,1.431,1.469,511.08165,524.6533499999999,0.025528814907710196,trend,range,trend_to_range,24,False
1401,full_2021_2026,2021-12-10,2021-12-13 00:00:00,2021-12-15,2021-12-16,706400.0,1.484,1.463,524.1488,516.7316000000001,-0.015136299774640927,range,range,range_to_range,3,True
1401,full_2021_2026,2022-01-18,2022-01-19 00:00:00,2022-01-21,2022-01-24,748700.0,1.379,1.326,516.22865,496.38810000000007,-0.03939473338022781,range,range,range_to_range,3,True
1401,full_2021_2026,2022-02-23,2022-02-24 00:00:00,2022-03-03,2022-03-04,787800.0,1.259,1.239,495.9201,488.04210000000006,-0.016869246075929323,trend,trend,trend_to_trend,6,True
1401,full_2021_2026,2022-03-21,2022-03-22 00:00:00,2022-03-24,2022-03-25,827700.0,1.178,1.167,487.5153,482.96295000000003,-0.010328027836675746,trend,trend,trend_to_trend,3,True
1401,full_2021_2026,2022-05-05,2022-05-06 00:00:00,2022-06-22,2022-06-23,1010500.0,0.955,1.095,482.51375,553.24875,0.14545083479202803,trend,range,trend_to_range,33,False
1401,full_2021_2026,2022-06-24,2022-06-27 10:30:00,2022-07-05,2022-07-06,972200.0,1.137,1.122,552.6957,545.4042000000001,-0.014178926367950373,range,range,range_to_range,7,True
1401,full_2021_2026,2022-07-06,2022-07-07 00:00:00,2022-07-11,2022-07-12,959200.0,1.136,1.11,544.8256,532.356,-0.023863948307536353,range,range,range_to_range,3,True
1401,full_2021_2026,2022-07-21,2022-07-22 10:00:00,2022-08-19,2022-08-22,941300.0,1.13,1.137,531.8345,535.12905,0.005188998421143287,trend,trend,trend_to_trend,21,False
1401,full_2021_2026,2022-10-17,2022-10-18 10:00:00,2022-11-21,2022-11-22,1080000.0,0.99,1.061,534.6,572.94,0.07064599013624506,trend,trend,trend_to_trend,25,False
1401,full_2021_2026,2022-12-30,2023-01-03 00:00:00,2023-02-16,2023-02-17,1159800.0,0.987,1.028,572.3613,596.1372000000001,0.04049900075291646,range,range,range_to_range,28,False
1401,full_2021_2026,2023-03-06,2023-03-07 00:00:00,2023-03-09,2023-03-10,1156400.0,1.03,1.016,595.546,587.4512,-0.014578147819294451,range,range,range_to_range,3,True
1401,full_2021_2026,2023-03-14,2023-03-15 11:30:00,2023-04-21,2023-04-24,1135100.0,1.034,1.136,586.8467,644.7367999999999,0.09754793782992399,range,trend,range_to_trend,27,False
1401,full_2021_2026,2023-05-26,2023-05-29 10:00:00,2023-06-06,2023-06-07,1208500.0,1.066,1.052,644.1305,635.671,-0.01411958186010187,range,range,range_to_range,7,True
1401,full_2021_2026,2023-06-09,2023-06-12 00:00:00,2023-06-26,2023-06-27,1206100.0,1.053,1.035,635.0116499999999,624.15675,-0.018076431869535226,range,range,range_to_range,9,True
1401,full_2021_2026,2023-07-31,2023-08-01 00:00:00,2023-08-08,2023-08-09,1255900.0,0.993,0.988,623.55435,620.4146,-0.006029714246602924,trend,range,trend_to_range,6,True
1401,full_2021_2026,2023-08-30,2023-08-31 00:00:00,2023-09-07,2023-09-08,1292500.0,0.959,0.917,619.75375,592.61125,-0.044751346954260085,trend,trend,trend_to_trend,6,True
1401,full_2021_2026,2023-09-27,2023-09-28 00:00:00,2023-10-16,2023-10-17,1311300.0,0.903,0.896,592.05195,587.4624,-0.00874369017041876,trend,trend,trend_to_trend,7,True
1401,full_2021_2026,2023-10-27,2023-10-30 00:00:00,2023-11-22,2023-11-23,1333800.0,0.88,0.892,586.872,594.8748,0.012623233837626646,trend,range,trend_to_range,18,False
1401,full_2021_2026,2023-12-08,2023-12-11 00:00:00,2023-12-15,2023-12-18,1347600.0,0.882,0.867,594.2916,584.1845999999999,-0.017989304667394346,trend,range,trend_to_range,5,True
1401,full_2021_2026,2023-12-29,2024-01-02 00:00:00,2024-01-04,2024-01-05,1338500.0,0.872,0.842,583.586,563.5085,-0.035368783498159084,range,range,range_to_range,3,True
1401,full_2021_2026,2024-02-08,2024-02-19 10:00:00,2024-03-14,2024-03-15,1462200.0,0.77,0.821,562.947,600.2331,0.06516806531799024,trend,range,trend_to_range,19,False
1401,full_2021_2026,2024-03-18,2024-03-19 00:00:00,2024-03-21,2024-03-22,1422600.0,0.843,0.822,599.6259,584.6886,-0.025885633695607813,range,range,range_to_range,3,True
1401,full_2021_2026,2024-04-26,2024-04-29 10:00:00,2024-05-15,2024-05-16,1515200.0,0.771,0.768,584.1096,581.8368,-0.004886661727501851,range,trend,range_to_trend,10,True
1401,full_2021_2026,2024-06-03,2024-06-04 00:00:00,2024-06-25,2024-06-26,1515700.0,0.767,0.734,581.27095,556.2619000000001,-0.043981268818002905,trend,range,trend_to_range,15,False
1401,full_2021_2026,2024-07-11,2024-07-12 00:00:00,2024-07-24,2024-07-25,1518300.0,0.732,0.727,555.6977999999999,551.9020499999999,-0.007823274155271953,range,range,range_to_range,9,True
1401,full_2021_2026,2024-07-26,2024-07-29 00:00:00,2024-08-06,2024-08-07,1496200.0,0.737,0.73,551.3497,546.113,-0.010487971753607384,range,trend,range_to_trend,7,True
1401,full_2021_2026,2024-09-24,2024-09-25 14:00:00,2024-10-30,2024-10-31,1595200.0,0.684,0.981,545.5584,782.4456,0.43277703253636335,trend,trend,trend_to_trend,21,False
1401,full_2021_2026,2024-11-05,2024-11-06 10:00:00,2024-11-15,2024-11-18,1534200.0,1.019,1.014,781.6749,777.8394000000001,-0.005901367275145342,trend,trend,trend_to_trend,8,True
1401,full_2021_2026,2024-12-02,2024-12-03 00:00:00,2024-12-05,2024-12-06,1492900.0,1.041,1.03,777.05445,768.8435000000001,-0.011555701496033799,trend,trend,trend_to_trend,3,True
1401,full_2021_2026,2024-12-10,2024-12-11 00:00:00,2024-12-13,2024-12-16,1485600.0,1.034,1.013,768.0552000000001,752.4563999999999,-0.021288678678069384,trend,trend,trend_to_trend,3,True
1401,full_2021_2026,2024-12-20,2024-12-23 00:00:00,2024-12-31,2025-01-02,1452600.0,1.035,1.01,751.7205,733.563,-0.025129947103742944,trend,range,trend_to_range,7,True
1401,full_2021_2026,2025-01-21,2025-01-22 00:00:00,2025-03-11,2025-03-12,1471500.0,0.996,1.133,732.807,833.60475,0.13641321909326454,range,range,range_to_range,29,False
1401,full_2021_2026,2025-04-16,2025-04-17 00:00:00,2025-04-24,2025-04-25,1618600.0,1.029,1.027,832.7697,831.1511,-0.0029411921833057963,range,range,range_to_range,6,True
1401,full_2021_2026,2025-05-06,2025-05-07 14:00:00,2025-05-09,2025-05-12,1581600.0,1.05,1.034,830.34,817.6872000000001,-0.01622236500797225,range,range,range_to_range,3,True
1401,full_2021_2026,2025-05-14,2025-05-15 00:00:00,2025-05-19,2025-05-20,1577000.0,1.036,1.019,816.886,803.4814999999999,-0.01739236559326529,range,range,range_to_range,3,True
1401,full_2021_2026,2025-06-05,2025-06-06 00:00:00,2025-06-10,2025-06-11,1569200.0,1.023,1.007,802.6457999999999,790.0921999999999,-0.016624141497188938,trend,trend,trend_to_trend,3,True
1401,full_2021_2026,2025-06-24,2025-06-25 10:30:00,2025-09-08,2025-09-09,1573900.0,1.003,1.28,789.3108499999998,1007.296,0.27489595182468607,trend,trend,trend_to_trend,54,False
1401,full_2021_2026,2025-09-10,2025-09-11 00:00:00,2025-10-14,2025-10-15,1566200.0,1.285,1.442,1006.2834999999999,1129.2302,0.1210573701476112,trend,trend,trend_to_trend,18,False
1401,full_2021_2026,2025-10-24,2025-10-27 10:30:00,2025-10-30,2025-10-31,1503100.0,1.501,1.4923366,1128.0765499999998,1121.56557173,-0.006765483547366724,trend,trend,trend_to_trend,4,True
1401,full_2021_2026,2025-12-08,2025-12-09 00:00:00,2025-12-11,2025-12-12,1624800.0,1.3792502000000002,1.3630950000000002,1120.5028624800002,1107.378378,-0.012700823819422835,range,range,range_to_range,3,True
1401,full_2021_2026,2025-12-12,2025-12-15 00:00:00,2026-01-29,2026-01-30,1610000.0,1.3742017,1.5488798,1106.2323685,1246.848239,0.1259858681974222,range,trend,range_to_trend,32,False
1401,full_2021_2026,2026-02-25,2026-02-26 10:00:00,2026-03-02,2026-03-03,1642200.0,1.517,1.5105112,1245.6087,1240.2807463200002,-0.005272614582622848,trend,trend,trend_to_trend,3,True
1401,full_2021_2026,2026-04-08,2026-04-09 00:00:00,2026-06-01,2026-06-02,1796700.0,1.3792502000000002,1.7215385,1239.0494171700002,1546.5441114750001,0.24692229287991418,range,trend,range_to_trend,35,False
1401,full_2021_2026,2026-06-16,2026-06-17 00:00:00,2026-07-13,2026-07-14,1728000.0,1.7881787,2.0476716,1544.9863968,1769.1882624000002,0.1439712103293358,trend,trend,trend_to_trend,18,False
1401,full_2021_2026,2026-08-05,2026-08-06 00:00:00,2026-08-14,2026-08-17,2065400.0,1.7114415,1.7750526,1767.40563705,1833.09682002,0.03613149177623565,range,range,range_to_range,7,False
1401,full_2021_2026,2026-08-17,2026-08-18 00:00:00,2026-08-20,2026-08-21,1983300.0,1.8467413,1.7043736,1831.321010145,1690.14208044,-0.07801375419452661,range,range,range_to_range,3,True
1401,full_2021_2026,2026-08-27,2026-08-28 00:00:00,2026-09-01,2026-09-02,1933200.0,1.746781,1.6771117000000002,1688.4385146,1621.0961692200003,-0.04084402885262539,range,range,range_to_range,3,True
1401,rolling_2021_2023,2021-01-12,2021-01-13 10:30:00,2021-01-28,2021-01-29,697000.0,1.434,1.456,499.749,507.416,0.014326867249778275,warmup,warmup,warmup_to_warmup,12,False
1401,rolling_2021_2023,2021-03-26,2021-03-29 10:00:00,2021-04-12,2021-04-13,791400.0,1.281,1.267,506.89169999999996,501.3519,-0.011917538498510294,trend,range,trend_to_range,10,True
1401,rolling_2021_2023,2021-04-16,2021-04-19 00:00:00,2021-05-07,2021-05-10,770500.0,1.3,1.295,500.825,498.89875,-0.004841809864298607,trend,trend,trend_to_trend,12,False
1401,rolling_2021_2023,2021-05-14,2021-05-17 00:00:00,2021-06-16,2021-06-17,751800.0,1.326,1.441,498.44340000000005,541.6719,0.08564081458516593,range,trend,range_to_trend,22,False
1401,rolling_2021_2023,2021-06-17,2021-06-18 00:00:00,2021-07-06,2021-07-07,719100.0,1.505,1.557,541.12275,559.81935,0.03351746053883353,trend,trend,trend_to_trend,13,False
1401,rolling_2021_2023,2021-07-07,2021-07-08 00:00:00,2021-07-14,2021-07-15,698200.0,1.602,1.589,559.2582000000001,554.7199,-0.009106245878309327,trend,trend,trend_to_trend,5,True
1401,rolling_2021_2023,2021-07-29,2021-07-30 00:00:00,2021-08-09,2021-08-10,681600.0,1.626,1.604,554.1407999999999,546.6432000000001,-0.014516112177613283,trend,trend,trend_to_trend,7,True
1401,rolling_2021_2023,2021-08-24,2021-08-25 00:00:00,2021-08-27,2021-08-30,675000.0,1.618,1.525,546.075,514.6875,-0.05842041896233596,trend,range,trend_to_range,3,True
1401,rolling_2021_2023,2021-10-15,2021-10-18 00:00:00,2021-10-27,2021-10-28,735600.0,1.398,1.391,514.1844,511.6098,-0.006001648674947124,trend,trend,trend_to_trend,8,True
1401,rolling_2021_2023,2021-10-29,2021-11-01 10:00:00,2021-12-02,2021-12-03,714300.0,1.431,1.469,511.08165,524.6533499999999,0.025528814907710196,trend,range,trend_to_range,24,False
1401,rolling_2021_2023,2021-12-10,2021-12-13 00:00:00,2021-12-15,2021-12-16,706400.0,1.484,1.463,524.1488,516.7316000000001,-0.015136299774640927,range,range,range_to_range,3,True
1401,rolling_2021_2023,2022-01-18,2022-01-19 00:00:00,2022-01-21,2022-01-24,748700.0,1.379,1.326,516.22865,496.38810000000007,-0.03939473338022781,range,range,range_to_range,3,True
1401,rolling_2021_2023,2022-02-23,2022-02-24 00:00:00,2022-03-03,2022-03-04,787800.0,1.259,1.239,495.9201,488.04210000000006,-0.016869246075929323,trend,trend,trend_to_trend,6,True
1401,rolling_2021_2023,2022-03-21,2022-03-22 00:00:00,2022-03-24,2022-03-25,827700.0,1.178,1.167,487.5153,482.96295000000003,-0.010328027836675746,trend,trend,trend_to_trend,3,True
1401,rolling_2021_2023,2022-05-05,2022-05-06 00:00:00,2022-06-22,2022-06-23,1010500.0,0.955,1.095,482.51375,553.24875,0.14545083479202803,trend,range,trend_to_range,33,False
1401,rolling_2021_2023,2022-06-24,2022-06-27 10:30:00,2022-07-05,2022-07-06,972200.0,1.137,1.122,552.6957,545.4042000000001,-0.014178926367950373,range,range,range_to_range,7,True
1401,rolling_2021_2023,2022-07-06,2022-07-07 00:00:00,2022-07-11,2022-07-12,959200.0,1.136,1.11,544.8256,532.356,-0.023863948307536353,range,range,range_to_range,3,True
1401,rolling_2021_2023,2022-07-21,2022-07-22 10:00:00,2022-08-19,2022-08-22,941300.0,1.13,1.137,531.8345,535.12905,0.005188998421143287,trend,trend,trend_to_trend,21,False
1401,rolling_2021_2023,2022-10-17,2022-10-18 10:00:00,2022-11-21,2022-11-22,1080000.0,0.99,1.061,534.6,572.94,0.07064599013624506,trend,trend,trend_to_trend,25,False
1401,rolling_2021_2023,2022-12-30,2023-01-03 00:00:00,2023-02-16,2023-02-17,1159800.0,0.987,1.028,572.3613,596.1372000000001,0.04049900075291646,range,range,range_to_range,28,False
1401,rolling_2021_2023,2023-03-06,2023-03-07 00:00:00,2023-03-09,2023-03-10,1156400.0,1.03,1.016,595.546,587.4512,-0.014578147819294451,range,range,range_to_range,3,True
1401,rolling_2021_2023,2023-03-14,2023-03-15 11:30:00,2023-04-21,2023-04-24,1135100.0,1.034,1.136,586.8467,644.7367999999999,0.09754793782992399,range,trend,range_to_trend,27,False
1401,rolling_2021_2023,2023-05-26,2023-05-29 10:00:00,2023-06-06,2023-06-07,1208500.0,1.066,1.052,644.1305,635.671,-0.01411958186010187,range,range,range_to_range,7,True
1401,rolling_2021_2023,2023-06-09,2023-06-12 00:00:00,2023-06-26,2023-06-27,1206100.0,1.053,1.035,635.0116499999999,624.15675,-0.018076431869535226,range,range,range_to_range,9,True
1401,rolling_2021_2023,2023-07-31,2023-08-01 00:00:00,2023-08-08,2023-08-09,1255900.0,0.993,0.988,623.55435,620.4146,-0.006029714246602924,trend,range,trend_to_range,6,True
1401,rolling_2021_2023,2023-08-30,2023-08-31 00:00:00,2023-09-07,2023-09-08,1292500.0,0.959,0.917,619.75375,592.61125,-0.044751346954260085,trend,trend,trend_to_trend,6,True
1401,rolling_2021_2023,2023-09-27,2023-09-28 00:00:00,2023-10-16,2023-10-17,1311300.0,0.903,0.896,592.05195,587.4624,-0.00874369017041876,trend,trend,trend_to_trend,7,True
1401,rolling_2021_2023,2023-10-27,2023-10-30 00:00:00,2023-11-22,2023-11-23,1333800.0,0.88,0.892,586.872,594.8748,0.012623233837626646,trend,range,trend_to_range,18,False
1401,rolling_2021_2023,2023-12-08,2023-12-11 00:00:00,2023-12-15,2023-12-18,1347600.0,0.882,0.867,594.2916,584.1845999999999,-0.017989304667394346,trend,range,trend_to_range,5,True
1401,rolling_2022_2024,2022-01-18,2022-01-19 00:00:00,2022-01-21,2022-01-24,724800.0,1.379,1.326,499.7496,480.54240000000004,-0.03939473338022792,range,range,range_to_range,3,True
1401,rolling_2022_2024,2022-02-23,2022-02-24 00:00:00,2022-03-03,2022-03-04,762600.0,1.259,1.239,480.0567,472.4307,-0.016869246075929323,trend,trend,trend_to_trend,6,True
1401,rolling_2022_2024,2022-03-21,2022-03-22 00:00:00,2022-03-24,2022-03-25,801200.0,1.178,1.167,471.9068,467.5002,-0.010328027836675857,trend,trend,trend_to_trend,3,True
1401,rolling_2022_2024,2022-05-05,2022-05-06 00:00:00,2022-06-22,2022-06-23,978200.0,0.955,1.095,467.0905,535.5645000000001,0.1454508347920278,trend,range,trend_to_range,33,False
1401,rolling_2022_2024,2022-06-24,2022-06-27 10:30:00,2022-07-05,2022-07-06,941100.0,1.137,1.122,535.01535,527.9571000000001,-0.014178926367950373,range,range,range_to_range,7,True
1401,rolling_2022_2024,2022-07-06,2022-07-07 00:00:00,2022-07-11,2022-07-12,928500.0,1.136,1.11,527.388,515.3175000000001,-0.023863948307536353,range,range,range_to_range,3,True
1401,rolling_2022_2024,2022-07-21,2022-07-22 10:00:00,2022-08-19,2022-08-22,911200.0,1.13,1.137,514.828,518.0172,0.005188998421143509,trend,trend,trend_to_trend,21,False
1401,rolling_2022_2024,2022-10-17,2022-10-18 10:00:00,2022-11-21,2022-11-22,1045500.0,0.99,1.061,517.5225,554.63775,0.07064599013624506,trend,trend,trend_to_trend,25,False
1401,rolling_2022_2024,2022-12-30,2023-01-03 00:00:00,2023-02-16,2023-02-17,1122700.0,0.987,1.028,554.05245,577.0678,0.04049900075291646,range,range,range_to_range,28,False
1401,rolling_2022_2024,2023-03-06,2023-03-07 00:00:00,2023-03-09,2023-03-10,1119400.0,1.03,1.016,576.491,568.6551999999999,-0.01457814781929423,range,range,range_to_range,3,True
1401,rolling_2022_2024,2023-03-14,2023-03-15 11:30:00,2023-04-21,2023-04-24,1098800.0,1.034,1.136,568.0796,624.1184,0.09754793782992421,range,trend,range_to_trend,27,False
1401,rolling_2022_2024,2023-05-26,2023-05-29 10:00:00,2023-06-06,2023-06-07,1169800.0,1.066,1.052,623.5034,615.3148000000001,-0.01411958186010187,range,range,range_to_range,7,True
1401,rolling_2022_2024,2023-06-09,2023-06-12 00:00:00,2023-06-26,2023-06-27,1167500.0,1.053,1.035,614.68875,604.18125,-0.018076431869535226,range,range,range_to_range,9,True
1401,rolling_2022_2024,2023-07-31,2023-08-01 00:00:00,2023-08-08,2023-08-09,1215700.0,0.993,0.988,603.59505,600.5558000000001,-0.006029714246602702,trend,range,trend_to_range,6,True
1401,rolling_2022_2024,2023-08-30,2023-08-31 00:00:00,2023-09-07,2023-09-08,1251200.0,0.959,0.917,599.9504000000001,573.6752000000001,-0.044751346954259974,trend,trend,trend_to_trend,6,True
1401,rolling_2022_2024,2023-09-27,2023-09-28 00:00:00,2023-10-16,2023-10-17,1269400.0,0.903,0.896,573.1341,568.6912000000001,-0.008743690170418428,trend,trend,trend_to_trend,7,True
1401,rolling_2022_2024,2023-10-27,2023-10-30 00:00:00,2023-11-22,2023-11-23,1291100.0,0.88,0.892,568.0840000000001,575.8306,0.012623233837626646,trend,range,trend_to_range,18,False
1401,rolling_2022_2024,2023-12-08,2023-12-11 00:00:00,2023-12-15,2023-12-18,1304500.0,0.882,0.867,575.2845,565.50075,-0.017989304667394124,trend,range,trend_to_range,5,True
1401,rolling_2022_2024,2023-12-29,2024-01-02 00:00:00,2024-01-04,2024-01-05,1295700.0,0.872,0.842,564.9252,545.4897,-0.035368783498159195,range,range,range_to_range,3,True
1401,rolling_2022_2024,2024-02-08,2024-02-19 10:00:00,2024-03-14,2024-03-15,1415400.0,0.77,0.821,544.929,581.0217,0.06516806531799024,trend,range,trend_to_range,19,False
1401,rolling_2022_2024,2024-03-18,2024-03-19 00:00:00,2024-03-21,2024-03-22,1377100.0,0.843,0.822,580.4476500000001,565.9881,-0.0258856336956077,range,range,range_to_range,3,True
1401,rolling_2022_2024,2024-04-26,2024-04-29 10:00:00,2024-05-15,2024-05-16,1466800.0,0.771,0.768,565.4514,563.2512,-0.004886661727501851,range,trend,range_to_trend,10,True
1401,rolling_2022_2024,2024-06-03,2024-06-04 00:00:00,2024-06-25,2024-06-26,1467200.0,0.767,0.734,562.6712,538.4624,-0.043981268818002905,trend,range,trend_to_range,15,False
1401,rolling_2022_2024,2024-07-11,2024-07-12 00:00:00,2024-07-24,2024-07-25,1469700.0,0.732,0.727,537.9101999999999,534.23595,-0.007823274155272064,range,range,range_to_range,9,True
1401,rolling_2022_2024,2024-07-26,2024-07-29 00:00:00,2024-08-06,2024-08-07,1448300.0,0.737,0.73,533.6985500000001,528.6295,-0.010487971753607828,range,trend,range_to_trend,7,True
1401,rolling_2022_2024,2024-09-24,2024-09-25 14:00:00,2024-10-30,2024-10-31,1544200.0,0.684,0.981,528.1164,757.4301,0.43277703253636335,trend,trend,trend_to_trend,21,False
1401,rolling_2022_2024,2024-11-05,2024-11-06 10:00:00,2024-11-15,2024-11-18,1485100.0,1.019,1.014,756.65845,752.9457,-0.005901367275145564,trend,trend,trend_to_trend,8,True
1401,rolling_2022_2024,2024-12-02,2024-12-03 00:00:00,2024-12-05,2024-12-06,1445200.0,1.041,1.03,752.2266,744.278,-0.011555701496033799,trend,trend,trend_to_trend,3,True
1401,rolling_2022_2024,2024-12-10,2024-12-11 00:00:00,2024-12-13,2024-12-16,1438100.0,1.034,1.013,743.4977000000001,728.3976499999999,-0.021288678678069273,trend,trend,trend_to_trend,3,True
1401,rolling_2023_2025,2022-12-30,2023-01-03 00:00:00,2023-02-16,2023-02-17,1012600.0,0.987,1.028,499.7181,520.4764,0.04049900075291624,range,range,range_to_range,28,False
1401,rolling_2023_2025,2023-03-06,2023-03-07 00:00:00,2023-03-09,2023-03-10,1009600.0,1.03,1.016,519.944,512.8768,-0.01457814781929423,range,range,range_to_range,3,True
1401,rolling_2023_2025,2023-03-14,2023-03-15 11:30:00,2023-04-21,2023-04-24,991100.0,1.034,1.136,512.3987000000001,562.9448,0.09754793782992444,range,trend,range_to_trend,27,False
1401,rolling_2023_2025,2023-05-26,2023-05-29 10:00:00,2023-06-06,2023-06-07,1055100.0,1.066,1.052,562.3683000000001,554.9825999999999,-0.014119581860101982,range,range,range_to_range,7,True
1401,rolling_2023_2025,2023-06-09,2023-06-12 00:00:00,2023-06-26,2023-06-27,1053000.0,1.053,1.035,554.4045,544.9275,-0.018076431869535226,range,range,range_to_range,9,True
1401,rolling_2023_2025,2023-07-31,2023-08-01 00:00:00,2023-08-08,2023-08-09,1096500.0,0.993,0.988,544.41225,541.671,-0.006029714246602924,trend,range,trend_to_range,6,True
1401,rolling_2023_2025,2023-08-30,2023-08-31 00:00:00,2023-09-07,2023-09-08,1128500.0,0.959,0.917,541.11575,517.41725,-0.044751346954260196,trend,trend,trend_to_trend,6,True
1401,rolling_2023_2025,2023-09-27,2023-09-28 00:00:00,2023-10-16,2023-10-17,1144900.0,0.903,0.896,516.92235,512.9152,-0.00874369017041876,trend,trend,trend_to_trend,7,True
1401,rolling_2023_2025,2023-10-27,2023-10-30 00:00:00,2023-11-22,2023-11-23,1164500.0,0.88,0.892,512.38,519.367,0.012623233837626646,trend,range,trend_to_range,18,False
1401,rolling_2023_2025,2023-12-08,2023-12-11 00:00:00,2023-12-15,2023-12-18,1176500.0,0.882,0.867,518.8365,510.01275,-0.017989304667394124,trend,range,trend_to_range,5,True
1401,rolling_2023_2025,2023-12-29,2024-01-02 00:00:00,2024-01-04,2024-01-05,1168600.0,0.872,0.842,509.5096,491.9806,-0.035368783498159195,range,range,range_to_range,3,True
1401,rolling_2023_2025,2024-02-08,2024-02-19 10:00:00,2024-03-14,2024-03-15,1276600.0,0.77,0.821,491.491,524.0443,0.06516806531799024,trend,range,trend_to_range,19,False
1401,rolling_2023_2025,2024-03-18,2024-03-19 00:00:00,2024-03-21,2024-03-22,1242100.0,0.843,0.822,523.5451499999999,510.50309999999996,-0.0258856336956077,range,range,range_to_range,3,True
1401,rolling_2023_2025,2024-04-26,2024-04-29 10:00:00,2024-05-15,2024-05-16,1322900.0,0.771,0.768,509.97795,507.9936000000001,-0.004886661727501962,range,trend,range_to_trend,10,True
1401,rolling_2023_2025,2024-06-03,2024-06-04 00:00:00,2024-06-25,2024-06-26,1323300.0,0.767,0.734,507.48555,485.6511,-0.043981268818003016,trend,range,trend_to_range,15,False
1401,rolling_2023_2025,2024-07-11,2024-07-12 00:00:00,2024-07-24,2024-07-25,1325600.0,0.732,0.727,485.1696,481.8556,-0.007823274155272175,range,range,range_to_range,9,True
1401,rolling_2023_2025,2024-07-26,2024-07-29 00:00:00,2024-08-06,2024-08-07,1306300.0,0.737,0.73,481.37155,476.7995,-0.010487971753607606,range,trend,range_to_trend,7,True
1401,rolling_2023_2025,2024-09-24,2024-09-25 14:00:00,2024-10-30,2024-10-31,1392800.0,0.684,0.981,476.33760000000007,683.1684,0.43277703253636335,trend,trend,trend_to_trend,21,False
1401,rolling_2023_2025,2024-11-05,2024-11-06 10:00:00,2024-11-15,2024-11-18,1339500.0,1.019,1.014,682.4752499999998,679.1265,-0.005901367275145342,trend,trend,trend_to_trend,8,True
1401,rolling_2023_2025,2024-12-02,2024-12-03 00:00:00,2024-12-05,2024-12-06,1303400.0,1.041,1.03,678.4196999999999,671.251,-0.011555701496033799,trend,trend,trend_to_trend,3,True
1401,rolling_2023_2025,2024-12-10,2024-12-11 00:00:00,2024-12-13,2024-12-16,1297100.0,1.034,1.013,670.6007000000001,656.98115,-0.021288678678069273,trend,trend,trend_to_trend,3,True
1401,rolling_2023_2025,2024-12-20,2024-12-23 00:00:00,2024-12-31,2025-01-02,1268300.0,1.035,1.01,656.34525,640.4915,-0.025129947103742833,trend,range,trend_to_range,7,True
1401,rolling_2023_2025,2025-01-21,2025-01-22 00:00:00,2025-03-11,2025-03-12,1284800.0,0.996,1.133,639.8304,727.8392,0.13641321909326432,range,range,range_to_range,29,False
1401,rolling_2023_2025,2025-04-16,2025-04-17 00:00:00,2025-04-24,2025-04-25,1413200.0,1.029,1.027,727.0913999999999,725.6782,-0.0029411921833057963,range,range,range_to_range,6,True
1401,rolling_2023_2025,2025-05-06,2025-05-07 14:00:00,2025-05-09,2025-05-12,1380900.0,1.05,1.034,724.9725,713.9253000000001,-0.01622236500797214,range,range,range_to_range,3,True
1401,rolling_2023_2025,2025-05-14,2025-05-15 00:00:00,2025-05-19,2025-05-20,1376900.0,1.036,1.019,713.2342000000001,701.53055,-0.017392365593265402,range,range,range_to_range,3,True
1401,rolling_2023_2025,2025-06-05,2025-06-06 00:00:00,2025-06-10,2025-06-11,1370100.0,1.023,1.007,700.8061499999999,689.8453499999999,-0.016624141497188827,trend,trend,trend_to_trend,3,True
1401,rolling_2023_2025,2025-06-24,2025-06-25 10:30:00,2025-09-08,2025-09-09,1374200.0,1.003,1.28,689.1613,879.488,0.27489595182468607,trend,trend,trend_to_trend,54,False
1401,rolling_2023_2025,2025-09-10,2025-09-11 00:00:00,2025-10-14,2025-10-15,1367500.0,1.285,1.442,878.61875,985.9675,0.12105737014761098,trend,trend,trend_to_trend,18,False
1401,rolling_2023_2025,2025-10-24,2025-10-27 10:30:00,2025-10-30,2025-10-31,1312400.0,1.501,1.4923366,984.9562,979.27127692,-0.006765483547366835,trend,trend,trend_to_trend,4,True
1401,rolling_2023_2025,2025-12-08,2025-12-09 00:00:00,2025-12-11,2025-12-12,1418600.0,1.3792502000000002,1.3630950000000002,978.3021668600002,966.8432835000002,-0.012700823819422724,range,range,range_to_range,3,True
1401,rolling_2024_2026,2023-12-29,2024-01-02 00:00:00,2024-01-04,2024-01-05,1146200.0,0.872,0.842,499.7432,482.5502,-0.035368783498159306,range,range,range_to_range,3,True
1401,rolling_2024_2026,2024-02-08,2024-02-19 10:00:00,2024-03-14,2024-03-15,1252100.0,0.77,0.821,482.05850000000004,513.98705,0.06516806531799024,trend,range,trend_to_range,19,False
1401,rolling_2024_2026,2024-03-18,2024-03-19 00:00:00,2024-03-21,2024-03-22,1218200.0,0.843,0.822,513.4713,500.68019999999996,-0.0258856336956077,range,range,range_to_range,3,True
1401,rolling_2024_2026,2024-04-26,2024-04-29 10:00:00,2024-05-15,2024-05-16,1297500.0,0.771,0.768,500.18625000000003,498.24,-0.004886661727502073,range,trend,range_to_trend,10,True
1401,rolling_2024_2026,2024-06-03,2024-06-04 00:00:00,2024-06-25,2024-06-26,1297900.0,0.767,0.734,497.74465000000004,476.3293,-0.043981268818003016,trend,range,trend_to_range,15,False
1401,rolling_2024_2026,2024-07-11,2024-07-12 00:00:00,2024-07-24,2024-07-25,1300100.0,0.732,0.727,475.8366,472.58635,-0.007823274155272175,range,range,range_to_range,9,True
1401,rolling_2024_2026,2024-07-26,2024-07-29 00:00:00,2024-08-06,2024-08-07,1281200.0,0.737,0.73,472.1222,467.63800000000003,-0.010487971753607606,range,trend,range_to_trend,7,True
1401,rolling_2024_2026,2024-09-24,2024-09-25 14:00:00,2024-10-30,2024-10-31,1366000.0,0.684,0.981,467.1720000000001,670.023,0.4327770325363631,trend,trend,trend_to_trend,21,False
1401,rolling_2024_2026,2024-11-05,2024-11-06 10:00:00,2024-11-15,2024-11-18,1313700.0,1.019,1.014,669.3301499999999,666.0459000000001,-0.005901367275145453,trend,trend,trend_to_trend,8,True
1401,rolling_2024_2026,2024-12-02,2024-12-03 00:00:00,2024-12-05,2024-12-06,1278400.0,1.041,1.03,665.4072,658.376,-0.011555701496033799,trend,trend,trend_to_trend,3,True
1401,rolling_2024_2026,2024-12-10,2024-12-11 00:00:00,2024-12-13,2024-12-16,1272200.0,1.034,1.013,657.7274,644.3693,-0.02128867867806916,trend,trend,trend_to_trend,3,True
1401,rolling_2024_2026,2024-12-20,2024-12-23 00:00:00,2024-12-31,2025-01-02,1243900.0,1.035,1.01,643.71825,628.1695,-0.025129947103742833,trend,range,trend_to_range,7,True
1401,rolling_2024_2026,2025-01-21,2025-01-22 00:00:00,2025-03-11,2025-03-12,1260100.0,0.996,1.133,627.5298,713.8466500000001,0.13641321909326476,range,range,range_to_range,29,False
1401,rolling_2024_2026,2025-04-16,2025-04-17 00:00:00,2025-04-24,2025-04-25,1386100.0,1.029,1.027,713.1484499999999,711.76235,-0.0029411921833057963,range,range,range_to_range,6,True
1401,rolling_2024_2026,2025-05-06,2025-05-07 14:00:00,2025-05-09,2025-05-12,1354300.0,1.05,1.034,711.0075,700.1731,-0.01622236500797225,range,range,range_to_range,3,True
1401,rolling_2024_2026,2025-05-14,2025-05-15 00:00:00,2025-05-19,2025-05-20,1350400.0,1.036,1.019,699.5072000000001,688.0287999999999,-0.017392365593265402,range,range,range_to_range,3,True
1401,rolling_2024_2026,2025-06-05,2025-06-06 00:00:00,2025-06-10,2025-06-11,1343800.0,1.023,1.007,687.3537,676.6033,-0.01662414149718905,trend,trend,trend_to_trend,3,True
1401,rolling_2024_2026,2025-06-24,2025-06-25 10:30:00,2025-09-08,2025-09-09,1347800.0,1.003,1.28,675.9217,862.592,0.27489595182468585,trend,trend,trend_to_trend,54,False
1401,rolling_2024_2026,2025-09-10,2025-09-11 00:00:00,2025-10-14,2025-10-15,1341200.0,1.285,1.442,861.721,967.0052,0.12105737014761098,trend,trend,trend_to_trend,18,False
1401,rolling_2024_2026,2025-10-24,2025-10-27 10:30:00,2025-10-30,2025-10-31,1287200.0,1.501,1.4923366,966.0436,960.4678357600001,-0.006765483547366835,trend,trend,trend_to_trend,4,True
1401,rolling_2024_2026,2025-12-08,2025-12-09 00:00:00,2025-12-11,2025-12-12,1391300.0,1.3792502000000002,1.3630950000000002,959.4754016300001,948.2370367500001,-0.012700823819422613,range,range,range_to_range,3,True
1401,rolling_2024_2026,2025-12-12,2025-12-15 00:00:00,2026-01-29,2026-01-30,1378700.0,1.3742017,1.5488798,947.3059418949999,1067.72029013,0.1259858681974222,range,trend,range_to_trend,32,False
1401,rolling_2024_2026,2026-02-25,2026-02-26 10:00:00,2026-03-02,2026-03-03,1406300.0,1.517,1.5105112,1066.67855,1062.11595028,-0.005272614582622959,trend,trend,trend_to_trend,3,True
1401,rolling_2024_2026,2026-04-08,2026-04-09 00:00:00,2026-06-01,2026-06-02,1538600.0,1.3792502000000002,1.7215385,1061.05717886,1324.3795680500002,0.24692229287991418,range,trend,range_to_trend,35,False
1401,rolling_2024_2026,2026-06-16,2026-06-17 00:00:00,2026-07-13,2026-07-14,1479700.0,1.7881787,2.0476716,1322.984011195,1514.9698332600003,0.1439712103293358,trend,trend,trend_to_trend,18,False
1401,rolling_2024_2026,2026-08-05,2026-08-06 00:00:00,2026-08-14,2026-08-17,1768700.0,1.7114415,1.7750526,1513.513290525,1569.76776681,0.03613149177623565,range,range,range_to_range,7,False
1401,rolling_2024_2026,2026-08-17,2026-08-18 00:00:00,2026-08-20,2026-08-21,1698300.0,1.8467413,1.7043736,1568.160374895,1447.26884244,-0.07801375419452661,range,range,range_to_range,3,True
1401,rolling_2024_2026,2026-08-27,2026-08-28 00:00:00,2026-09-01,2026-09-02,1655400.0,1.746781,1.6771117000000002,1445.8106337,1388.1453540900004,-0.04084402885262539,range,range,range_to_range,3,True
1236,full_2021_2026,2021-01-12,2021-01-13 10:30:00,2021-01-28,2021-01-29,697000.0,1.434,1.456,499.749,507.416,0.014326867249778275,warmup,warmup,warmup_to_warmup,12,False
1236,full_2021_2026,2021-03-26,2021-03-29 10:00:00,2021-04-12,2021-04-13,791400.0,1.281,1.267,506.89169999999996,501.3519,-0.011917538498510294,trend,range,trend_to_range,10,True
1236,full_2021_2026,2021-04-16,2021-04-19 00:00:00,2021-05-07,2021-05-10,770500.0,1.3,1.295,500.825,498.89875,-0.004841809864298607,trend,trend,trend_to_trend,12,False
1236,full_2021_2026,2021-05-17,2021-05-18 10:00:00,2021-06-16,2021-06-17,736700.0,1.353,1.441,498.37755,530.7923499999999,0.06397614201029556,range,trend,range_to_trend,21,False
1236,full_2021_2026,2021-06-17,2021-06-18 00:00:00,2021-07-06,2021-07-07,704700.0,1.505,1.557,530.28675,548.6089499999999,0.03351746053883353,trend,trend,trend_to_trend,13,False
1236,full_2021_2026,2021-07-07,2021-07-08 00:00:00,2021-07-14,2021-07-15,684200.0,1.602,1.589,548.0442,543.5969,-0.009106245878309216,trend,trend,trend_to_trend,5,True
1236,full_2021_2026,2021-07-29,2021-07-30 00:00:00,2021-08-09,2021-08-10,668000.0,1.626,1.604,543.0840000000001,535.736,-0.014516112177613616,trend,trend,trend_to_trend,7,True
1236,full_2021_2026,2021-08-24,2021-08-25 00:00:00,2021-08-27,2021-08-30,661500.0,1.618,1.525,535.1535,504.39374999999995,-0.058420418962336074,trend,range,trend_to_range,3,True
1236,full_2021_2026,2021-10-15,2021-10-18 00:00:00,2021-10-27,2021-10-28,720900.0,1.398,1.391,503.90909999999997,501.38595000000004,-0.006001648674947235,trend,trend,trend_to_trend,8,True
1236,full_2021_2026,2021-10-29,2021-11-01 10:00:00,2021-12-02,2021-12-03,700100.0,1.431,1.469,500.92155,514.2234500000001,0.025528814907710418,trend,range,trend_to_range,24,False
1236,full_2021_2026,2021-12-03,2021-12-06 00:00:00,2021-12-08,2021-12-09,693200.0,1.482,1.45,513.6612,502.57,-0.022570361243130055,range,range,range_to_range,3,True
1236,full_2021_2026,2021-12-17,2021-12-20 00:00:00,2021-12-23,2021-12-24,698300.0,1.438,1.415,502.07769999999994,494.04725,-0.016977950524042495,range,range,range_to_range,4,True
1236,full_2021_2026,2022-01-13,2022-01-14 00:00:00,2022-01-21,2022-01-24,741100.0,1.332,1.326,493.5726,491.3493000000001,-0.0054995025010017295,range,range,range_to_range,6,True
1236,full_2021_2026,2022-02-23,2022-02-24 00:00:00,2022-03-03,2022-03-04,779800.0,1.259,1.239,490.8841,483.08610000000004,-0.016869246075929323,trend,trend,trend_to_trend,6,True
1236,full_2021_2026,2022-03-21,2022-03-22 00:00:00,2022-03-24,2022-03-25,819300.0,1.178,1.167,482.56769999999995,478.06155,-0.010328027836675857,trend,trend,trend_to_trend,3,True
1236,full_2021_2026,2022-05-05,2022-05-06 00:00:00,2022-06-22,2022-06-23,1000200.0,0.955,1.095,477.5955,547.6095,0.14545083479202803,trend,range,trend_to_range,33,False
1236,full_2021_2026,2022-07-01,2022-07-04 00:00:00,2022-07-07,2022-07-08,976000.0,1.121,1.145,547.048,558.76,0.020388556836657523,range,range,range_to_range,4,False
1236,full_2021_2026,2022-07-21,2022-07-22 10:00:00,2022-08-19,2022-08-22,988000.0,1.13,1.137,558.22,561.678,0.005188998421143287,trend,trend,trend_to_trend,21,False
1236,full_2021_2026,2022-10-17,2022-10-18 10:00:00,2022-10-28,2022-10-31,1133600.0,0.99,1.025,561.1320000000001,580.97,0.034318699236240535,trend,range,trend_to_range,9,False
1236,full_2021_2026,2022-10-31,2022-11-01 00:00:00,2022-11-07,2022-11-08,1115000.0,1.041,1.09,580.3575,607.6750000000001,0.046023578028469014,trend,range,trend_to_range,5,False
1236,full_2021_2026,2022-11-09,2022-11-10 00:00:00,2022-11-21,2022-11-22,1144400.0,1.061,1.061,607.1042,607.1042,-0.0009995002498749406,trend,trend,trend_to_trend,8,True
1236,full_2021_2026,2022-12-30,2023-01-03 00:00:00,2023-02-08,2023-02-09,1228900.0,0.987,1.032,606.4621500000001,634.1124000000001,0.044547634997091023,range,range,range_to_range,22,False
1236,full_2021_2026,2023-02-10,2023-02-13 00:00:00,2023-02-15,2023-02-16,1212400.0,1.045,1.048,633.479,635.2976,0.001868443768546335,range,range,range_to_range,3,False
1236,full_2021_2026,2023-03-01,2023-03-02 10:00:00,2023-03-07,2023-03-08,1246900.0,1.018,1.012,634.6721,630.9314,-0.00688751891244932,range,range,range_to_range,4,True
1236,full_2021_2026,2023-03-22,2023-03-23 00:00:00,2023-04-21,2023-04-24,1199400.0,1.051,1.136,630.2846999999999,681.2592,0.07979502161383634,trend,trend,trend_to_trend,21,False
1236,full_2021_2026,2023-05-26,2023-05-29 10:00:00,2023-06-06,2023-06-07,1276900.0,1.066,1.052,680.5877,671.6494,-0.014119581860101982,range,range,range_to_range,7,True
1236,full_2021_2026,2023-06-09,2023-06-12 00:00:00,2023-06-26,2023-06-27,1274400.0,1.053,1.035,670.9716,659.5020000000001,-0.018076431869535337,range,range,range_to_range,9,True
1236,full_2021_2026,2023-07-31,2023-08-01 00:00:00,2023-08-08,2023-08-09,1327000.0,0.993,0.988,658.8555,655.538,-0.006029714246602813,trend,range,trend_to_range,6,True
1236,full_2021_2026,2023-08-30,2023-08-31 00:00:00,2023-09-07,2023-09-08,1365800.0,0.959,0.917,654.9011,626.2193000000001,-0.04475134695425986,trend,trend,trend_to_trend,6,True
1236,full_2021_2026,2023-09-27,2023-09-28 00:00:00,2023-10-16,2023-10-17,1385600.0,0.903,0.896,625.5984000000001,620.7488000000001,-0.00874369017041865,trend,trend,trend_to_trend,7,True
1236,full_2021_2026,2023-10-27,2023-10-30 00:00:00,2023-11-22,2023-11-23,1409400.0,0.88,0.892,620.136,628.5924,0.012623233837626646,trend,range,trend_to_range,18,False
1236,full_2021_2026,2023-12-08,2023-12-11 00:00:00,2023-12-15,2023-12-18,1423900.0,0.882,0.867,627.9399000000001,617.26065,-0.017989304667394346,trend,range,trend_to_range,5,True
1236,full_2021_2026,2023-12-29,2024-01-02 00:00:00,2024-01-04,2024-01-05,1414300.0,0.872,0.842,616.6348,595.4203,-0.03536878349815953,range,range,range_to_range,3,True
1236,full_2021_2026,2024-02-08,2024-02-19 10:00:00,2024-03-13,2024-03-14,1545100.0,0.77,0.831,594.8635,641.9890499999999,0.07814209778227754,trend,range,trend_to_range,18,False
1236,full_2021_2026,2024-04-26,2024-04-29 10:00:00,2024-05-09,2024-05-10,1663600.0,0.771,0.796,641.3178,662.1128000000001,0.031393512063682794,range,range,range_to_range,6,False
1236,full_2021_2026,2024-05-10,2024-05-13 00:00:00,2024-05-15,2024-05-16,1696100.0,0.78,0.768,661.479,651.3024,-0.016368738707569275,trend,trend,trend_to_trend,3,True
1236,full_2021_2026,2024-06-03,2024-06-04 00:00:00,2024-06-25,2024-06-26,1696600.0,0.767,0.734,650.6461,622.6522,-0.043981268818002905,trend,range,trend_to_range,15,False
1236,full_2021_2026,2024-07-17,2024-07-18 00:00:00,2024-07-22,2024-07-23,1676600.0,0.742,0.77,622.0186,645.491,0.036698631816167504,range,range,range_to_range,3,False
1236,full_2021_2026,2024-07-31,2024-08-01 10:00:00,2024-08-05,2024-08-06,1690300.0,0.763,0.73,644.8494499999999,616.9595,-0.044206599190575235,trend,range,trend_to_range,3,True
1236,full_2021_2026,2024-09-24,2024-09-25 14:00:00,2024-09-27,2024-09-30,1802200.0,0.684,0.813,616.3524,732.5943,0.1874084887380869,trend,range,trend_to_range,3,False
1236,full_2021_2026,2024-10-08,2024-10-09 00:00:00,2024-10-30,2024-10-31,1357800.0,1.078,0.981,731.8542000000001,666.0009,-0.09089101089529461,trend,trend,trend_to_trend,16,False
1236,full_2021_2026,2024-11-05,2024-11-06 10:00:00,2024-11-15,2024-11-18,1305800.0,1.019,1.014,665.3051,662.0406,-0.005901367275145564,trend,trend,trend_to_trend,8,True
1236,full_2021_2026,2024-12-02,2024-12-03 00:00:00,2024-12-05,2024-12-06,1270700.0,1.041,1.03,661.39935,654.4105000000001,-0.01155570149603391,trend,trend,trend_to_trend,3,True
1236,full_2021_2026,2024-12-10,2024-12-11 00:00:00,2024-12-13,2024-12-16,1264500.0,1.034,1.013,653.7465,640.4692499999999,-0.021288678678069273,trend,trend,trend_to_trend,3,True
1236,full_2021_2026,2024-12-20,2024-12-23 00:00:00,2024-12-31,2025-01-02,1236400.0,1.035,1.01,639.837,624.3820000000001,-0.025129947103742833,trend,range,trend_to_range,7,True
1236,full_2021_2026,2025-01-07,2025-01-08 00:00:00,2025-01-13,2025-01-14,1273000.0,0.98,0.98,623.77,623.77,-0.0009995002498750516,range,range,range_to_range,4,True
1236,full_2021_2026,2025-01-14,2025-01-15 00:00:00,2025-01-20,2025-01-21,1243800.0,1.002,0.996,623.1438,619.4124,-0.0069815391705345675,range,range,range_to_range,4,True
1236,full_2021_2026,2025-01-21,2025-01-22 00:00:00,2025-03-11,2025-03-12,1242500.0,0.996,1.133,618.765,703.87625,0.13641321909326476,range,range,range_to_range,29,False
1236,full_2021_2026,2025-04-16,2025-04-17 00:00:00,2025-04-24,2025-04-25,1366700.0,1.029,1.027,703.1671499999999,701.80045,-0.0029411921833057963,range,range,range_to_range,6,True
1236,full_2021_2026,2025-06-05,2025-06-06 00:00:00,2025-06-10,2025-06-11,1370700.0,1.023,1.007,701.1130499999999,690.1474499999999,-0.016624141497188827,trend,trend,trend_to_trend,3,True
1236,full_2021_2026,2025-06-24,2025-06-25 10:30:00,2025-08-08,2025-08-11,1374800.0,1.003,1.07,689.4621999999999,735.518,0.06573333472844856,trend,range,trend_to_range,33,False
1236,full_2021_2026,2025-08-12,2025-08-13 10:00:00,2025-09-08,2025-09-09,1338400.0,1.098,1.28,734.7816000000001,856.576,0.16459074652109273,trend,trend,trend_to_trend,19,False
1236,full_2021_2026,2025-09-10,2025-09-11 00:00:00,2025-10-14,2025-10-15,1331900.0,1.285,1.442,855.74575,960.2999000000001,0.12105737014761098,trend,trend,trend_to_trend,18,False
1236,full_2021_2026,2025-10-24,2025-10-27 10:30:00,2025-10-30,2025-10-31,1278200.0,1.501,1.4923366,959.2891,953.75232106,-0.006765483547366835,trend,trend,trend_to_trend,4,True
1236,full_2021_2026,2025-12-08,2025-12-09 00:00:00,2025-12-11,2025-12-12,1381700.0,1.3792502000000002,1.3630950000000002,952.8550006700001,941.6941807500001,-0.012700823819422724,range,range,range_to_range,3,True
1236,full_2021_2026,2025-12-17,2025-12-18 00:00:00,2025-12-24,2025-12-25,1390600.0,1.352998,1.3873278000000002,940.7395094,964.6090193400001,0.024348273624382077,range,range,range_to_range,5,False
1236,full_2021_2026,2025-12-29,2025-12-30 00:00:00,2026-01-29,2026-01-30,1392200.0,1.3842987,1.5488798,963.61032507,1078.17522878,0.11777298805010328,range,trend,range_to_trend,21,False
1236,full_2021_2026,2026-02-25,2026-02-26 10:00:00,2026-03-02,2026-03-03,1420100.0,1.517,1.5105112,1077.1458499999999,1072.53847756,-0.005272614582622848,trend,trend,trend_to_trend,3,True
1236,full_2021_2026,2026-04-08,2026-04-09 00:00:00,2026-04-23,2026-04-24,1553600.0,1.3792502000000002,1.4812299000000002,1071.4015553600002,1150.61938632,0.0728651047828941,range,range,range_to_range,11,False
1236,full_2021_2026,2026-04-27,2026-04-28 00:00:00,2026-04-29,2026-04-30,1485300.0,1.5478701,1.5549380000000002,1149.5257297649998,1154.7747057000001,0.003562145867705535,range,range,range_to_range,2,False
1236,full_2021_2026,2026-05-06,2026-05-07 10:00:00,2026-06-01,2026-06-02,1351600.0,1.707,1.7215385,1153.5906000000002,1163.4157183,0.0075089758869832934,range,trend,range_to_trend,18,False
1236,full_2021_2026,2026-06-16,2026-06-17 00:00:00,2026-07-13,2026-07-14,1299900.0,1.7881787,2.0476716,1162.226746065,1330.8841564200002,0.14397121032933557,trend,trend,trend_to_trend,18,False
1236,full_2021_2026,2026-08-05,2026-08-06 00:00:00,2026-08-14,2026-08-17,1553800.0,1.7114415,1.7750526,1329.61890135,1379.03836494,0.03613149177623587,range,range,range_to_range,7,False
1236,full_2021_2026,2026-08-17,2026-08-18 00:00:00,2026-08-20,2026-08-21,1491900.0,1.8467413,1.7043736,1377.576672735,1271.3774869200001,-0.07801375419452661,range,range,range_to_range,3,True
1236,rolling_2021_2023,2021-01-12,2021-01-13 10:30:00,2021-01-28,2021-01-29,697000.0,1.434,1.456,499.749,507.416,0.014326867249778275,warmup,warmup,warmup_to_warmup,12,False
1236,rolling_2021_2023,2021-03-26,2021-03-29 10:00:00,2021-04-12,2021-04-13,791400.0,1.281,1.267,506.89169999999996,501.3519,-0.011917538498510294,trend,range,trend_to_range,10,True
1236,rolling_2021_2023,2021-04-16,2021-04-19 00:00:00,2021-05-07,2021-05-10,770500.0,1.3,1.295,500.825,498.89875,-0.004841809864298607,trend,trend,trend_to_trend,12,False
1236,rolling_2021_2023,2021-05-17,2021-05-18 10:00:00,2021-06-16,2021-06-17,736700.0,1.353,1.441,498.37755,530.7923499999999,0.06397614201029556,range,trend,range_to_trend,21,False
1236,rolling_2021_2023,2021-06-17,2021-06-18 00:00:00,2021-07-06,2021-07-07,704700.0,1.505,1.557,530.28675,548.6089499999999,0.03351746053883353,trend,trend,trend_to_trend,13,False
1236,rolling_2021_2023,2021-07-07,2021-07-08 00:00:00,2021-07-14,2021-07-15,684200.0,1.602,1.589,548.0442,543.5969,-0.009106245878309216,trend,trend,trend_to_trend,5,True
1236,rolling_2021_2023,2021-07-29,2021-07-30 00:00:00,2021-08-09,2021-08-10,668000.0,1.626,1.604,543.0840000000001,535.736,-0.014516112177613616,trend,trend,trend_to_trend,7,True
1236,rolling_2021_2023,2021-08-24,2021-08-25 00:00:00,2021-08-27,2021-08-30,661500.0,1.618,1.525,535.1535,504.39374999999995,-0.058420418962336074,trend,range,trend_to_range,3,True
1236,rolling_2021_2023,2021-10-15,2021-10-18 00:00:00,2021-10-27,2021-10-28,720900.0,1.398,1.391,503.90909999999997,501.38595000000004,-0.006001648674947235,trend,trend,trend_to_trend,8,True
1236,rolling_2021_2023,2021-10-29,2021-11-01 10:00:00,2021-12-02,2021-12-03,700100.0,1.431,1.469,500.92155,514.2234500000001,0.025528814907710418,trend,range,trend_to_range,24,False
1236,rolling_2021_2023,2021-12-03,2021-12-06 00:00:00,2021-12-08,2021-12-09,693200.0,1.482,1.45,513.6612,502.57,-0.022570361243130055,range,range,range_to_range,3,True
1236,rolling_2021_2023,2021-12-17,2021-12-20 00:00:00,2021-12-23,2021-12-24,698300.0,1.438,1.415,502.07769999999994,494.04725,-0.016977950524042495,range,range,range_to_range,4,True
1236,rolling_2021_2023,2022-01-13,2022-01-14 00:00:00,2022-01-21,2022-01-24,741100.0,1.332,1.326,493.5726,491.3493000000001,-0.0054995025010017295,range,range,range_to_range,6,True
1236,rolling_2021_2023,2022-02-23,2022-02-24 00:00:00,2022-03-03,2022-03-04,779800.0,1.259,1.239,490.8841,483.08610000000004,-0.016869246075929323,trend,trend,trend_to_trend,6,True
1236,rolling_2021_2023,2022-03-21,2022-03-22 00:00:00,2022-03-24,2022-03-25,819300.0,1.178,1.167,482.56769999999995,478.06155,-0.010328027836675857,trend,trend,trend_to_trend,3,True
1236,rolling_2021_2023,2022-05-05,2022-05-06 00:00:00,2022-06-22,2022-06-23,1000200.0,0.955,1.095,477.5955,547.6095,0.14545083479202803,trend,range,trend_to_range,33,False
1236,rolling_2021_2023,2022-07-01,2022-07-04 00:00:00,2022-07-07,2022-07-08,976000.0,1.121,1.145,547.048,558.76,0.020388556836657523,range,range,range_to_range,4,False
1236,rolling_2021_2023,2022-07-21,2022-07-22 10:00:00,2022-08-19,2022-08-22,988000.0,1.13,1.137,558.22,561.678,0.005188998421143287,trend,trend,trend_to_trend,21,False
1236,rolling_2021_2023,2022-10-17,2022-10-18 10:00:00,2022-10-28,2022-10-31,1133600.0,0.99,1.025,561.1320000000001,580.97,0.034318699236240535,trend,range,trend_to_range,9,False
1236,rolling_2021_2023,2022-10-31,2022-11-01 00:00:00,2022-11-07,2022-11-08,1115000.0,1.041,1.09,580.3575,607.6750000000001,0.046023578028469014,trend,range,trend_to_range,5,False
1236,rolling_2021_2023,2022-11-09,2022-11-10 00:00:00,2022-11-21,2022-11-22,1144400.0,1.061,1.061,607.1042,607.1042,-0.0009995002498749406,trend,trend,trend_to_trend,8,True
1236,rolling_2021_2023,2022-12-30,2023-01-03 00:00:00,2023-02-08,2023-02-09,1228900.0,0.987,1.032,606.4621500000001,634.1124000000001,0.044547634997091023,range,range,range_to_range,22,False
1236,rolling_2021_2023,2023-02-10,2023-02-13 00:00:00,2023-02-15,2023-02-16,1212400.0,1.045,1.048,633.479,635.2976,0.001868443768546335,range,range,range_to_range,3,False
1236,rolling_2021_2023,2023-03-01,2023-03-02 10:00:00,2023-03-07,2023-03-08,1246900.0,1.018,1.012,634.6721,630.9314,-0.00688751891244932,range,range,range_to_range,4,True
1236,rolling_2021_2023,2023-03-22,2023-03-23 00:00:00,2023-04-21,2023-04-24,1199400.0,1.051,1.136,630.2846999999999,681.2592,0.07979502161383634,trend,trend,trend_to_trend,21,False
1236,rolling_2021_2023,2023-05-26,2023-05-29 10:00:00,2023-06-06,2023-06-07,1276900.0,1.066,1.052,680.5877,671.6494,-0.014119581860101982,range,range,range_to_range,7,True
1236,rolling_2021_2023,2023-06-09,2023-06-12 00:00:00,2023-06-26,2023-06-27,1274400.0,1.053,1.035,670.9716,659.5020000000001,-0.018076431869535337,range,range,range_to_range,9,True
1236,rolling_2021_2023,2023-07-31,2023-08-01 00:00:00,2023-08-08,2023-08-09,1327000.0,0.993,0.988,658.8555,655.538,-0.006029714246602813,trend,range,trend_to_range,6,True
1236,rolling_2021_2023,2023-08-30,2023-08-31 00:00:00,2023-09-07,2023-09-08,1365800.0,0.959,0.917,654.9011,626.2193000000001,-0.04475134695425986,trend,trend,trend_to_trend,6,True
1236,rolling_2021_2023,2023-09-27,2023-09-28 00:00:00,2023-10-16,2023-10-17,1385600.0,0.903,0.896,625.5984000000001,620.7488000000001,-0.00874369017041865,trend,trend,trend_to_trend,7,True
1236,rolling_2021_2023,2023-10-27,2023-10-30 00:00:00,2023-11-22,2023-11-23,1409400.0,0.88,0.892,620.136,628.5924,0.012623233837626646,trend,range,trend_to_range,18,False
1236,rolling_2021_2023,2023-12-08,2023-12-11 00:00:00,2023-12-15,2023-12-18,1423900.0,0.882,0.867,627.9399000000001,617.26065,-0.017989304667394346,trend,range,trend_to_range,5,True
1236,rolling_2022_2024,2022-01-13,2022-01-14 00:00:00,2022-01-21,2022-01-24,750300.0,1.332,1.326,499.69980000000004,497.44890000000004,-0.0054995025010017295,range,range,range_to_range,6,True
1236,rolling_2022_2024,2022-02-23,2022-02-24 00:00:00,2022-03-03,2022-03-04,789500.0,1.259,1.239,496.99024999999995,489.0952500000001,-0.016869246075929323,trend,trend,trend_to_trend,6,True
1236,rolling_2022_2024,2022-03-21,2022-03-22 00:00:00,2022-03-24,2022-03-25,829500.0,1.178,1.167,488.57550000000003,484.01325,-0.010328027836675857,trend,trend,trend_to_trend,3,True
1236,rolling_2022_2024,2022-05-05,2022-05-06 00:00:00,2022-06-22,2022-06-23,1012700.0,0.955,1.095,483.56425,554.45325,0.14545083479202803,trend,range,trend_to_range,33,False
1236,rolling_2022_2024,2022-07-01,2022-07-04 00:00:00,2022-07-07,2022-07-08,988200.0,1.121,1.145,553.8860999999999,565.7445,0.020388556836657523,range,range,range_to_range,4,False
1236,rolling_2022_2024,2022-07-21,2022-07-22 10:00:00,2022-08-19,2022-08-22,1000300.0,1.13,1.137,565.1695,568.67055,0.005188998421143509,trend,trend,trend_to_trend,21,False
1236,rolling_2022_2024,2022-10-17,2022-10-18 10:00:00,2022-10-28,2022-10-31,1147700.0,0.99,1.025,568.1115,588.19625,0.03431869923624031,trend,range,trend_to_range,9,False
1236,rolling_2022_2024,2022-10-31,2022-11-01 00:00:00,2022-11-07,2022-11-08,1128900.0,1.041,1.09,587.59245,615.2505,0.04602357802846879,trend,range,trend_to_range,5,False
1236,rolling_2022_2024,2022-11-09,2022-11-10 00:00:00,2022-11-21,2022-11-22,1158600.0,1.061,1.061,614.6373,614.6373,-0.0009995002498751626,trend,trend,trend_to_trend,8,True
1236,rolling_2022_2024,2022-12-30,2023-01-03 00:00:00,2023-02-08,2023-02-09,1244200.0,0.987,1.032,614.0127,642.0072000000001,0.044547634997091246,range,range,range_to_range,22,False
1236,rolling_2022_2024,2023-02-10,2023-02-13 00:00:00,2023-02-15,2023-02-16,1227500.0,1.045,1.048,641.36875,643.21,0.0018684437685465571,range,range,range_to_range,3,False
1236,rolling_2022_2024,2023-03-01,2023-03-02 10:00:00,2023-03-07,2023-03-08,1262400.0,1.018,1.012,642.5616,638.7744,-0.00688751891244932,range,range,range_to_range,4,True
1236,rolling_2022_2024,2023-03-22,2023-03-23 00:00:00,2023-04-21,2023-04-24,1214400.0,1.051,1.136,638.1672,689.7792,0.07979502161383634,trend,trend,trend_to_trend,21,False
1236,rolling_2022_2024,2023-05-26,2023-05-29 10:00:00,2023-06-06,2023-06-07,1292800.0,1.066,1.052,689.0624,680.0128000000001,-0.014119581860101649,range,range,range_to_range,7,True
1236,rolling_2022_2024,2023-06-09,2023-06-12 00:00:00,2023-06-26,2023-06-27,1290300.0,1.053,1.035,679.34295,667.7302500000001,-0.018076431869535226,range,range,range_to_range,9,True
1236,rolling_2022_2024,2023-07-31,2023-08-01 00:00:00,2023-08-08,2023-08-09,1343500.0,0.993,0.988,667.0477500000001,663.689,-0.006029714246602702,trend,range,trend_to_range,6,True
1236,rolling_2022_2024,2023-08-30,2023-08-31 00:00:00,2023-09-07,2023-09-08,1382800.0,0.959,0.917,663.0526,634.0138000000001,-0.044751346954260085,trend,trend,trend_to_trend,6,True
1236,rolling_2022_2024,2023-09-27,2023-09-28 00:00:00,2023-10-16,2023-10-17,1402800.0,0.903,0.896,633.3642000000001,628.4544000000001,-0.00874369017041865,trend,trend,trend_to_trend,7,True
1236,rolling_2022_2024,2023-10-27,2023-10-30 00:00:00,2023-11-22,2023-11-23,1426900.0,0.88,0.892,627.836,636.3974000000001,0.012623233837626868,trend,range,trend_to_range,18,False
1236,rolling_2022_2024,2023-12-08,2023-12-11 00:00:00,2023-12-15,2023-12-18,1441600.0,0.882,0.867,635.7456,624.9336,-0.017989304667394346,trend,range,trend_to_range,5,True
1236,rolling_2022_2024,2023-12-29,2024-01-02 00:00:00,2024-01-04,2024-01-05,1432000.0,0.872,0.842,624.352,602.872,-0.035368783498159084,range,range,range_to_range,3,True
1236,rolling_2022_2024,2024-02-08,2024-02-19 10:00:00,2024-03-13,2024-03-14,1564300.0,0.77,0.831,602.2555,649.9666500000001,0.07814209778227776,trend,range,trend_to_range,18,False
1236,rolling_2022_2024,2024-04-26,2024-04-29 10:00:00,2024-05-09,2024-05-10,1684300.0,0.771,0.796,649.2976500000001,670.3514,0.031393512063682794,range,range,range_to_range,6,False
1236,rolling_2022_2024,2024-05-10,2024-05-13 00:00:00,2024-05-15,2024-05-16,1717200.0,0.78,0.768,669.708,659.4048,-0.016368738707569275,trend,trend,trend_to_trend,3,True
1236,rolling_2022_2024,2024-06-03,2024-06-04 00:00:00,2024-06-25,2024-06-26,1717700.0,0.767,0.734,658.7379500000001,630.3959,-0.043981268818002905,trend,range,trend_to_range,15,False
1236,rolling_2022_2024,2024-07-17,2024-07-18 00:00:00,2024-07-22,2024-07-23,1697500.0,0.742,0.77,629.7725,653.5375,0.03669863181616728,range,range,range_to_range,3,False
1236,rolling_2022_2024,2024-07-31,2024-08-01 10:00:00,2024-08-05,2024-08-06,1711300.0,0.763,0.73,652.86095,624.6245,-0.0442065991905749,trend,range,trend_to_range,3,True
1236,rolling_2022_2024,2024-09-24,2024-09-25 14:00:00,2024-09-27,2024-09-30,1824600.0,0.684,0.813,624.0132000000001,741.6999,0.1874084887380869,trend,range,trend_to_range,3,False
1236,rolling_2022_2024,2024-10-08,2024-10-09 00:00:00,2024-10-30,2024-10-31,1374700.0,1.078,0.981,740.9633000000001,674.29035,-0.0908910108952945,trend,trend,trend_to_trend,16,False
1236,rolling_2022_2024,2024-11-05,2024-11-06 10:00:00,2024-11-15,2024-11-18,1322100.0,1.019,1.014,673.6099499999999,670.3046999999999,-0.005901367275145453,trend,trend,trend_to_trend,8,True
1236,rolling_2022_2024,2024-12-02,2024-12-03 00:00:00,2024-12-05,2024-12-06,1286500.0,1.041,1.03,669.62325,662.5475,-0.01155570149603391,trend,trend,trend_to_trend,3,True
1236,rolling_2022_2024,2024-12-10,2024-12-11 00:00:00,2024-12-13,2024-12-16,1280300.0,1.034,1.013,661.9150999999999,648.47195,-0.02128867867806916,trend,trend,trend_to_trend,3,True
1236,rolling_2023_2025,2022-12-30,2023-01-03 00:00:00,2023-02-08,2023-02-09,1012600.0,0.987,1.032,499.7181,522.5016,0.044547634997091246,range,range,range_to_range,22,False
1236,rolling_2023_2025,2023-02-10,2023-02-13 00:00:00,2023-02-15,2023-02-16,999000.0,1.045,1.048,521.9775,523.476,0.001868443768546335,range,range,range_to_range,3,False
1236,rolling_2023_2025,2023-03-01,2023-03-02 10:00:00,2023-03-07,2023-03-08,1027400.0,1.018,1.012,522.9466,519.8644,-0.006887518912449431,range,range,range_to_range,4,True
1236,rolling_2023_2025,2023-03-22,2023-03-23 00:00:00,2023-04-21,2023-04-24,988300.0,1.051,1.136,519.35165,561.3543999999999,0.07979502161383611,trend,trend,trend_to_trend,21,False
1236,rolling_2023_2025,2023-05-26,2023-05-29 10:00:00,2023-06-06,2023-06-07,1052200.0,1.066,1.052,560.8226,553.4572000000001,-0.01411958186010176,range,range,range_to_range,7,True
1236,rolling_2023_2025,2023-06-09,2023-06-12 00:00:00,2023-06-26,2023-06-27,1050100.0,1.053,1.035,552.87765,543.42675,-0.018076431869535337,range,range,range_to_range,9,True
1236,rolling_2023_2025,2023-07-31,2023-08-01 00:00:00,2023-08-08,2023-08-09,1093400.0,0.993,0.988,542.8731,540.1396,-0.006029714246602813,trend,range,trend_to_range,6,True
1236,rolling_2023_2025,2023-08-30,2023-08-31 00:00:00,2023-09-07,2023-09-08,1125400.0,0.959,0.917,539.6293,515.9959,-0.04475134695425986,trend,trend,trend_to_trend,6,True
1236,rolling_2023_2025,2023-09-27,2023-09-28 00:00:00,2023-10-16,2023-10-17,1141700.0,0.903,0.896,515.47755,511.48160000000007,-0.008743690170418539,trend,trend,trend_to_trend,7,True
1236,rolling_2023_2025,2023-10-27,2023-10-30 00:00:00,2023-11-22,2023-11-23,1161300.0,0.88,0.892,510.97200000000004,517.9398,0.012623233837626646,trend,range,trend_to_range,18,False
1236,rolling_2023_2025,2023-12-08,2023-12-11 00:00:00,2023-12-15,2023-12-18,1173300.0,0.882,0.867,517.4253,508.62555,-0.017989304667394235,trend,range,trend_to_range,5,True
1236,rolling_2023_2025,2023-12-29,2024-01-02 00:00:00,2024-01-04,2024-01-05,1165400.0,0.872,0.842,508.11440000000005,490.6334,-0.035368783498159306,range,range,range_to_range,3,True
1236,rolling_2023_2025,2024-02-08,2024-02-19 10:00:00,2024-03-13,2024-03-14,1273100.0,0.77,0.831,490.1435,528.97305,0.07814209778227754,trend,range,trend_to_range,18,False
1236,rolling_2023_2025,2024-04-26,2024-04-29 10:00:00,2024-05-09,2024-05-10,1370800.0,0.771,0.796,528.4434,545.5784,0.031393512063682794,range,range,range_to_range,6,False
1236,rolling_2023_2025,2024-05-10,2024-05-13 00:00:00,2024-05-15,2024-05-16,1397500.0,0.78,0.768,545.025,536.64,-0.016368738707569164,trend,trend,trend_to_trend,3,True
1236,rolling_2023_2025,2024-06-03,2024-06-04 00:00:00,2024-06-25,2024-06-26,1397900.0,0.767,0.734,536.09465,513.0293,-0.04398126881800324,trend,range,trend_to_range,15,False
1236,rolling_2023_2025,2024-07-17,2024-07-18 00:00:00,2024-07-22,2024-07-23,1381500.0,0.742,0.77,512.5365,531.8775,0.036698631816167504,range,range,range_to_range,3,False
1236,rolling_2023_2025,2024-07-31,2024-08-01 10:00:00,2024-08-05,2024-08-06,1392800.0,0.763,0.73,531.3532,508.372,-0.04420659919057501,trend,range,trend_to_range,3,True
1236,rolling_2023_2025,2024-09-24,2024-09-25 14:00:00,2024-09-27,2024-09-30,1484900.0,0.684,0.813,507.83580000000006,603.61185,0.1874084887380869,trend,range,trend_to_range,3,False
1236,rolling_2023_2025,2024-10-08,2024-10-09 00:00:00,2024-10-30,2024-10-31,1118800.0,1.078,0.981,603.0332000000001,548.7714000000001,-0.0908910108952945,trend,trend,trend_to_trend,16,False
1236,rolling_2023_2025,2024-11-05,2024-11-06 10:00:00,2024-11-15,2024-11-18,1076000.0,1.019,1.014,548.222,545.532,-0.005901367275145564,trend,trend,trend_to_trend,8,True
1236,rolling_2023_2025,2024-12-02,2024-12-03 00:00:00,2024-12-05,2024-12-06,1047000.0,1.041,1.03,544.9635000000001,539.205,-0.011555701496034021,trend,trend,trend_to_trend,3,True
1236,rolling_2023_2025,2024-12-10,2024-12-11 00:00:00,2024-12-13,2024-12-16,1041900.0,1.034,1.013,538.6623000000001,527.72235,-0.02128867867806916,trend,trend,trend_to_trend,3,True
1236,rolling_2023_2025,2024-12-20,2024-12-23 00:00:00,2024-12-31,2025-01-02,1018700.0,1.035,1.01,527.17725,514.4435,-0.025129947103742833,trend,range,trend_to_range,7,True
1236,rolling_2023_2025,2025-01-07,2025-01-08 00:00:00,2025-01-13,2025-01-14,1048900.0,0.98,0.98,513.961,513.961,-0.0009995002498750516,range,range,range_to_range,4,True
1236,rolling_2023_2025,2025-01-14,2025-01-15 00:00:00,2025-01-20,2025-01-21,1024800.0,1.002,0.996,513.4248,510.35040000000004,-0.0069815391705344565,range,range,range_to_range,4,True
1236,rolling_2023_2025,2025-01-21,2025-01-22 00:00:00,2025-03-11,2025-03-12,1023800.0,0.996,1.133,509.85240000000005,579.9826999999999,0.13641321909326454,range,range,range_to_range,29,False
1236,rolling_2023_2025,2025-04-16,2025-04-17 00:00:00,2025-04-24,2025-04-25,1126200.0,1.029,1.027,579.4299,578.3036999999999,-0.0029411921833059074,range,range,range_to_range,6,True
1236,rolling_2023_2025,2025-06-05,2025-06-06 00:00:00,2025-06-10,2025-06-11,1129400.0,1.023,1.007,577.6881,568.6528999999999,-0.016624141497188938,trend,trend,trend_to_trend,3,True
1236,rolling_2023_2025,2025-06-24,2025-06-25 10:30:00,2025-08-08,2025-08-11,1132800.0,1.003,1.07,568.0992,606.048,0.06573333472844833,trend,range,trend_to_range,33,False
1236,rolling_2023_2025,2025-08-12,2025-08-13 10:00:00,2025-09-08,2025-09-09,1102800.0,1.098,1.28,605.4372000000001,705.792,0.16459074652109273,trend,trend,trend_to_trend,19,False
1236,rolling_2023_2025,2025-09-10,2025-09-11 00:00:00,2025-10-14,2025-10-15,1097400.0,1.285,1.442,705.0795,791.2254,0.12105737014761098,trend,trend,trend_to_trend,18,False
1236,rolling_2023_2025,2025-10-24,2025-10-27 10:30:00,2025-10-30,2025-10-31,1053200.0,1.501,1.4923366,790.4266,785.86445356,-0.006765483547366724,trend,trend,trend_to_trend,4,True
1236,rolling_2023_2025,2025-12-08,2025-12-09 00:00:00,2025-12-11,2025-12-12,1138400.0,1.3792502000000002,1.3630950000000002,785.0692138400001,775.8736740000002,-0.012700823819422502,range,range,range_to_range,3,True
1236,rolling_2023_2025,2025-12-17,2025-12-18 00:00:00,2025-12-24,2025-12-25,1145800.0,1.352998,1.3873278000000002,775.1325542000001,794.8000966200001,0.024348273624381855,range,range,range_to_range,5,False
1236,rolling_2024_2026,2023-12-29,2024-01-02 00:00:00,2024-01-04,2024-01-05,1146200.0,0.872,0.842,499.7432,482.5502,-0.035368783498159306,range,range,range_to_range,3,True
1236,rolling_2024_2026,2024-02-08,2024-02-19 10:00:00,2024-03-13,2024-03-14,1252100.0,0.77,0.831,482.05850000000004,520.24755,0.07814209778227754,trend,range,trend_to_range,18,False
1236,rolling_2024_2026,2024-04-26,2024-04-29 10:00:00,2024-05-09,2024-05-10,1348200.0,0.771,0.796,519.7311000000001,536.5835999999999,0.031393512063682794,range,range,range_to_range,6,False
1236,rolling_2024_2026,2024-05-10,2024-05-13 00:00:00,2024-05-15,2024-05-16,1374500.0,0.78,0.768,536.0550000000001,527.808,-0.016368738707569164,trend,trend,trend_to_trend,3,True
1236,rolling_2024_2026,2024-06-03,2024-06-04 00:00:00,2024-06-25,2024-06-26,1374900.0,0.767,0.734,527.2741500000001,504.5883,-0.043981268818003016,trend,range,trend_to_range,15,False
1236,rolling_2024_2026,2024-07-17,2024-07-18 00:00:00,2024-07-22,2024-07-23,1358700.0,0.742,0.77,504.07770000000005,523.0995,0.03669863181616728,range,range,range_to_range,3,False
1236,rolling_2024_2026,2024-07-31,2024-08-01 10:00:00,2024-08-05,2024-08-06,1369800.0,0.763,0.73,522.5787,499.97700000000003,-0.04420659919057501,trend,range,trend_to_range,3,True
1236,rolling_2024_2026,2024-09-24,2024-09-25 14:00:00,2024-09-27,2024-09-30,1460500.0,0.684,0.813,499.49100000000004,593.69325,0.1874084887380869,trend,range,trend_to_range,3,False
1236,rolling_2024_2026,2024-10-08,2024-10-09 00:00:00,2024-10-30,2024-10-31,1100300.0,1.078,0.981,593.0617000000001,539.6971500000001,-0.09089101089529439,trend,trend,trend_to_trend,16,False
1236,rolling_2024_2026,2024-11-05,2024-11-06 10:00:00,2024-11-15,2024-11-18,1058200.0,1.019,1.014,539.1528999999999,536.5074000000001,-0.005901367275145453,trend,trend,trend_to_trend,8,True
1236,rolling_2024_2026,2024-12-02,2024-12-03 00:00:00,2024-12-05,2024-12-06,1029800.0,1.041,1.03,536.0108999999999,530.347,-0.01155570149603391,trend,trend,trend_to_trend,3,True
1236,rolling_2024_2026,2024-12-10,2024-12-11 00:00:00,2024-12-13,2024-12-16,1024800.0,1.034,1.013,529.8216,519.0612,-0.02128867867806905,trend,trend,trend_to_trend,3,True
1236,rolling_2024_2026,2024-12-20,2024-12-23 00:00:00,2024-12-31,2025-01-02,1002000.0,1.035,1.01,518.535,506.01,-0.025129947103742722,trend,range,trend_to_range,7,True
1236,rolling_2024_2026,2025-01-07,2025-01-08 00:00:00,2025-01-13,2025-01-14,1031600.0,0.98,0.98,505.48400000000004,505.48400000000004,-0.0009995002498751626,range,range,range_to_range,4,True
1236,rolling_2024_2026,2025-01-14,2025-01-15 00:00:00,2025-01-20,2025-01-21,1007900.0,1.002,0.996,504.95790000000005,501.93420000000003,-0.0069815391705345675,range,range,range_to_range,4,True
1236,rolling_2024_2026,2025-01-21,2025-01-22 00:00:00,2025-03-11,2025-03-12,1006900.0,0.996,1.133,501.43620000000004,570.40885,0.13641321909326454,range,range,range_to_range,29,False
1236,rolling_2024_2026,2025-04-16,2025-04-17 00:00:00,2025-04-24,2025-04-25,1107600.0,1.029,1.027,569.8602,568.7526,-0.0029411921833057963,range,range,range_to_range,6,True
1236,rolling_2024_2026,2025-06-05,2025-06-06 00:00:00,2025-06-10,2025-06-11,1110800.0,1.023,1.007,568.1741999999999,559.2878,-0.016624141497188938,trend,trend,trend_to_trend,3,True
1236,rolling_2024_2026,2025-06-24,2025-06-25 10:30:00,2025-08-08,2025-08-11,1114100.0,1.003,1.07,558.72115,596.0435,0.06573333472844856,trend,range,trend_to_range,33,False
1236,rolling_2024_2026,2025-08-12,2025-08-13 10:00:00,2025-09-08,2025-09-09,1084600.0,1.098,1.28,595.4454000000001,694.144,0.1645907465210925,trend,trend,trend_to_trend,19,False
1236,rolling_2024_2026,2025-09-10,2025-09-11 00:00:00,2025-10-14,2025-10-15,1079300.0,1.285,1.442,693.45025,778.1753,0.12105737014761098,trend,trend,trend_to_trend,18,False
1236,rolling_2024_2026,2025-10-24,2025-10-27 10:30:00,2025-10-30,2025-10-31,1035800.0,1.501,1.4923366,777.3679,772.88112514,-0.006765483547366724,trend,trend,trend_to_trend,4,True
1236,rolling_2024_2026,2025-12-08,2025-12-09 00:00:00,2025-12-11,2025-12-12,1119700.0,1.3792502000000002,1.3630950000000002,772.1732244700002,763.1287357500001,-0.012700823819422724,range,range,range_to_range,3,True
1236,rolling_2024_2026,2025-12-17,2025-12-18 00:00:00,2025-12-24,2025-12-25,1126900.0,1.352998,1.3873278000000002,762.3467231,781.6898489100001,0.024348273624382077,range,range,range_to_range,5,False
1236,rolling_2024_2026,2025-12-29,2025-12-30 00:00:00,2026-01-29,2026-01-30,1128200.0,1.3842987,1.5488798,780.88289667,873.72309518,0.11777298805010328,range,trend,range_to_trend,21,False
1236,rolling_2024_2026,2026-02-25,2026-02-26 10:00:00,2026-03-02,2026-03-03,1150800.0,1.517,1.5105112,872.8818,869.14814448,-0.005272614582622959,trend,trend,trend_to_trend,3,True
1236,rolling_2024_2026,2026-04-08,2026-04-09 00:00:00,2026-04-23,2026-04-24,1259000.0,1.3792502000000002,1.4812299000000002,868.2380009000001,932.4342220500001,0.0728651047828941,range,range,range_to_range,11,False
1236,rolling_2024_2026,2026-04-27,2026-04-28 00:00:00,2026-04-29,2026-04-30,1203600.0,1.5478701,1.5549380000000002,931.5082261800001,935.7616884000001,0.003562145867705535,range,range,range_to_range,2,False
1236,rolling_2024_2026,2026-05-06,2026-05-07 10:00:00,2026-06-01,2026-06-02,1095300.0,1.707,1.7215385,934.83855,942.800559525,0.0075089758869832934,range,trend,range_to_trend,18,False
1236,rolling_2024_2026,2026-06-16,2026-06-17 00:00:00,2026-07-13,2026-07-14,1053400.0,1.7881787,2.0476716,941.8337212900001,1078.5086317200003,0.14397121032933557,trend,trend,trend_to_trend,18,False
1236,rolling_2024_2026,2026-08-05,2026-08-06 00:00:00,2026-08-14,2026-08-17,1259100.0,1.7114415,1.7750526,1077.437996325,1117.48436433,0.03613149177623587,range,range,range_to_range,7,False
1236,rolling_2024_2026,2026-08-17,2026-08-18 00:00:00,2026-08-20,2026-08-21,1209000.0,1.8467413,1.7043736,1116.35511585,1030.2938412,-0.0780137541945265,range,range,range_to_range,3,True
0,full_2021_2026,2021-01-12,2021-01-13 10:30:00,2021-01-28,2021-01-29,697000.0,1.434,1.456,499.749,507.416,0.014326867249778275,warmup,warmup,warmup_to_warmup,12,False
0,full_2021_2026,2021-03-26,2021-03-29 10:00:00,2021-04-12,2021-04-13,791400.0,1.281,1.267,506.89169999999996,501.3519,-0.011917538498510294,trend,range,trend_to_range,10,True
0,full_2021_2026,2021-04-16,2021-04-19 00:00:00,2021-05-07,2021-05-10,770500.0,1.3,1.295,500.825,498.89875,-0.004841809864298607,trend,trend,trend_to_trend,12,False
0,full_2021_2026,2021-05-14,2021-05-17 00:00:00,2021-06-16,2021-06-17,751800.0,1.326,1.441,498.44340000000005,541.6719,0.08564081458516593,range,trend,range_to_trend,22,False
0,full_2021_2026,2021-06-17,2021-06-18 00:00:00,2021-07-06,2021-07-07,719100.0,1.505,1.557,541.12275,559.81935,0.03351746053883353,trend,trend,trend_to_trend,13,False
0,full_2021_2026,2021-07-07,2021-07-08 00:00:00,2021-07-14,2021-07-15,698200.0,1.602,1.589,559.2582000000001,554.7199,-0.009106245878309327,trend,trend,trend_to_trend,5,True
0,full_2021_2026,2021-07-29,2021-07-30 00:00:00,2021-08-09,2021-08-10,681600.0,1.626,1.604,554.1407999999999,546.6432000000001,-0.014516112177613283,trend,trend,trend_to_trend,7,True
0,full_2021_2026,2021-08-24,2021-08-25 00:00:00,2021-08-27,2021-08-30,675000.0,1.618,1.525,546.075,514.6875,-0.05842041896233596,trend,range,trend_to_range,3,True
0,full_2021_2026,2021-10-15,2021-10-18 00:00:00,2021-10-27,2021-10-28,735600.0,1.398,1.391,514.1844,511.6098,-0.006001648674947124,trend,trend,trend_to_trend,8,True
0,full_2021_2026,2021-10-29,2021-11-01 10:00:00,2021-12-02,2021-12-03,714300.0,1.431,1.469,511.08165,524.6533499999999,0.025528814907710196,trend,range,trend_to_range,24,False
0,full_2021_2026,2021-12-03,2021-12-06 00:00:00,2021-12-08,2021-12-09,707400.0,1.482,1.45,524.1834,512.865,-0.022570361243130166,range,range,range_to_range,3,True
0,full_2021_2026,2021-12-10,2021-12-13 00:00:00,2021-12-15,2021-12-16,690500.0,1.484,1.463,512.351,505.10075,-0.015136299774641038,range,range,range_to_range,3,True
0,full_2021_2026,2021-12-17,2021-12-20 00:00:00,2021-12-27,2021-12-28,701800.0,1.438,1.398,504.59419999999994,490.55819999999994,-0.028788109422340336,range,range,range_to_range,6,True
0,full_2021_2026,2021-12-31,2022-01-04 00:00:00,2022-01-05,2022-01-06,683000.0,1.435,1.371,490.0525,468.1965,-0.04555422637113493,range,range,range_to_range,2,True
0,full_2021_2026,2022-01-17,2022-01-18 00:00:00,2022-01-20,2022-01-21,681800.0,1.372,1.343,467.7148000000001,457.8287,-0.022115400025934484,range,range,range_to_range,3,True
0,full_2021_2026,2022-02-23,2022-02-24 00:00:00,2022-03-03,2022-03-04,726600.0,1.259,1.239,457.39469999999994,450.12870000000004,-0.016869246075929323,trend,trend,trend_to_trend,6,True
0,full_2021_2026,2022-03-21,2022-03-22 00:00:00,2022-03-24,2022-03-25,763400.0,1.178,1.167,449.64259999999996,445.44390000000004,-0.010328027836675746,trend,trend,trend_to_trend,3,True
0,full_2021_2026,2022-05-05,2022-05-06 00:00:00,2022-06-22,2022-06-23,932000.0,0.955,1.095,445.03000000000003,510.27000000000004,0.14545083479202803,trend,range,trend_to_range,33,False
0,full_2021_2026,2022-06-24,2022-06-27 10:30:00,2022-07-05,2022-07-06,896700.0,1.137,1.122,509.77395,503.04870000000005,-0.014178926367950484,range,range,range_to_range,7,True
0,full_2021_2026,2022-07-06,2022-07-07 00:00:00,2022-07-11,2022-07-12,884700.0,1.136,1.11,502.5096,491.0085000000001,-0.023863948307536242,range,range,range_to_range,3,True
0,full_2021_2026,2022-07-21,2022-07-22 10:00:00,2022-08-19,2022-08-22,868200.0,1.13,1.137,490.53299999999996,493.5717,0.005188998421143509,trend,trend,trend_to_trend,21,False
0,full_2021_2026,2022-10-17,2022-10-18 10:00:00,2022-11-21,2022-11-22,996100.0,0.99,1.061,493.0695,528.4310499999999,0.07064599013624484,trend,trend,trend_to_trend,25,False
0,full_2021_2026,2022-12-02,2022-12-05 10:00:00,2022-12-07,2022-12-08,1015200.0,1.04,1.026,527.904,520.7976000000001,-0.014447583900357608,range,range,range_to_range,3,True
0,full_2021_2026,2022-12-12,2022-12-13 00:00:00,2022-12-15,2022-12-16,1012200.0,1.028,1.01,520.2708,511.161,-0.018491726899196315,range,range,range_to_range,3,True
0,full_2021_2026,2022-12-27,2022-12-28 00:00:00,2023-01-13,2023-01-16,1037900.0,0.984,0.999,510.6468,518.43105,0.014229165904852348,range,range,range_to_range,12,False
0,full_2021_2026,2023-01-18,2023-01-19 00:00:00,2023-02-16,2023-02-17,1007700.0,1.028,1.028,517.9578,517.9578,-0.0009995002498750516,range,range,range_to_range,16,False
0,full_2021_2026,2023-03-01,2023-03-02 10:00:00,2023-03-07,2023-03-08,1016500.0,1.018,1.012,517.3985,514.349,-0.006887518912449542,range,range,range_to_range,4,True
0,full_2021_2026,2023-03-09,2023-03-10 00:00:00,2023-03-16,2023-03-17,1011500.0,1.016,1.019,513.842,515.35925,0.001950304375371248,range,range,range_to_range,5,False
0,full_2021_2026,2023-03-17,2023-03-20 00:00:00,2023-04-21,2023-04-24,993000.0,1.037,1.136,514.8705,564.024,0.09437277503967412,range,trend,range_to_trend,24,False
0,full_2021_2026,2023-04-28,2023-05-04 00:00:00,2023-05-08,2023-05-09,1020700.0,1.104,1.082,563.4264000000001,552.1987,-0.020907118904315958,range,range,range_to_range,3,True
0,full_2021_2026,2023-05-15,2023-05-16 00:00:00,2023-05-23,2023-05-24,1052800.0,1.048,1.038,551.6672000000001,546.4032000000001,-0.010531947766574845,range,range,range_to_range,6,True
0,full_2021_2026,2023-05-26,2023-05-29 10:00:00,2023-06-06,2023-06-07,1024100.0,1.066,1.052,545.8453000000001,538.6766,-0.01411958186010176,range,range,range_to_range,7,True
0,full_2021_2026,2023-06-07,2023-06-08 00:00:00,2023-07-05,2023-07-06,1033900.0,1.041,1.029,538.14495,531.9415499999999,-0.012515356154775836,range,trend,range_to_trend,18,False
0,full_2021_2026,2023-07-31,2023-08-01 00:00:00,2023-08-08,2023-08-09,1070300.0,0.993,0.988,531.40395,528.7282,-0.006029714246602702,trend,range,trend_to_range,6,True
0,full_2021_2026,2023-08-30,2023-08-31 00:00:00,2023-09-07,2023-09-08,1101600.0,0.959,0.917,528.2171999999999,505.08360000000005,-0.044751346954259974,trend,trend,trend_to_trend,6,True
0,full_2021_2026,2023-09-27,2023-09-28 00:00:00,2023-10-16,2023-10-17,1117500.0,0.903,0.896,504.55125000000004,500.64,-0.00874369017041865,trend,trend,trend_to_trend,7,True
0,full_2021_2026,2023-10-27,2023-10-30 00:00:00,2023-11-22,2023-11-23,1136700.0,0.88,0.892,500.148,506.9682,0.012623233837626646,trend,range,trend_to_range,18,False
0,full_2021_2026,2023-12-08,2023-12-11 00:00:00,2023-12-15,2023-12-18,1148500.0,0.882,0.867,506.4885,497.87475,-0.017989304667394124,trend,range,trend_to_range,5,True
0,full_2021_2026,2023-12-28,2023-12-29 00:00:00,2024-01-04,2024-01-05,1144700.0,0.869,0.842,497.37215000000003,481.9187,-0.03203864120873967,range,range,range_to_range,4,True
0,full_2021_2026,2024-02-08,2024-02-19 10:00:00,2024-03-14,2024-03-15,1250500.0,0.77,0.821,481.4425,513.33025,0.06516806531799024,trend,range,trend_to_range,19,False
0,full_2021_2026,2024-03-18,2024-03-19 00:00:00,2024-03-21,2024-03-22,1216600.0,0.843,0.822,512.7968999999999,500.0226,-0.0258856336956077,range,range,range_to_range,3,True
0,full_2021_2026,2024-04-18,2024-04-19 00:00:00,2024-04-23,2024-04-24,1316300.0,0.759,0.746,499.53585,490.97990000000004,-0.018110180746253923,range,range,range_to_range,3,True
0,full_2021_2026,2024-04-24,2024-04-25 00:00:00,2024-05-15,2024-05-16,1302700.0,0.753,0.768,490.46655,500.2368,0.018900908111681325,range,trend,range_to_trend,12,False
0,full_2021_2026,2024-05-31,2024-06-03 00:00:00,2024-06-25,2024-06-26,1313400.0,0.761,0.734,499.74870000000004,482.0178,-0.03644367041183749,range,range,range_to_range,16,False
0,full_2021_2026,2024-07-11,2024-07-12 00:00:00,2024-07-24,2024-07-25,1315700.0,0.732,0.727,481.5462,478.25695,-0.007823274155272064,range,range,range_to_range,9,True
0,full_2021_2026,2024-07-31,2024-08-01 10:00:00,2024-08-05,2024-08-06,1252400.0,0.763,0.73,477.79060000000004,457.12600000000003,-0.044206599190575124,trend,range,trend_to_range,3,True
0,full_2021_2026,2024-09-24,2024-09-25 14:00:00,2024-10-30,2024-10-31,1335200.0,0.684,0.981,456.63840000000005,654.9156,0.43277703253636335,trend,trend,trend_to_trend,21,False
0,full_2021_2026,2024-11-05,2024-11-06 10:00:00,2024-11-15,2024-11-18,1284100.0,1.019,1.014,654.2489499999999,651.0387,-0.005901367275145453,trend,trend,trend_to_trend,8,True
0,full_2021_2026,2024-12-02,2024-12-03 00:00:00,2024-12-05,2024-12-06,1249600.0,1.041,1.03,650.4168,643.544,-0.011555701496033799,trend,trend,trend_to_trend,3,True
0,full_2021_2026,2024-12-10,2024-12-11 00:00:00,2024-12-13,2024-12-16,1243500.0,1.034,1.013,642.8895,629.8327499999999,-0.021288678678069384,trend,trend,trend_to_trend,3,True
0,full_2021_2026,2024-12-20,2024-12-23 00:00:00,2024-12-31,2025-01-02,1215900.0,1.035,1.01,629.22825,614.0295,-0.025129947103742722,trend,range,trend_to_range,7,True
0,full_2021_2026,2025-01-14,2025-01-15 00:00:00,2025-03-11,2025-03-12,1224300.0,1.002,1.133,613.3743000000001,693.5659499999999,0.12960834951785571,range,range,range_to_range,34,False
0,full_2021_2026,2025-03-27,2025-03-28 00:00:00,2025-04-01,2025-04-02,1304900.0,1.062,1.048,692.9019000000001,683.7676,-0.014168998363341845,range,range,range_to_range,3,True
0,full_2021_2026,2025-04-11,2025-04-14 10:00:00,2025-04-18,2025-04-21,1320000.0,1.035,1.034,683.1,682.44,-0.001964718124029763,range,range,range_to_range,5,True
0,full_2021_2026,2025-04-21,2025-04-22 00:00:00,2025-04-24,2025-04-25,1311000.0,1.04,1.027,681.72,673.1985,-0.013487006496751608,range,range,range_to_range,3,True
0,full_2021_2026,2025-05-07,2025-05-08 00:00:00,2025-05-12,2025-05-13,1281000.0,1.05,1.041,672.525,666.7605,-0.009562361676304754,range,range,range_to_range,3,True
0,full_2021_2026,2025-05-14,2025-05-15 00:00:00,2025-05-19,2025-05-20,1285900.0,1.036,1.019,666.0962000000001,655.1660499999999,-0.017392365593265513,range,range,range_to_range,3,True
0,full_2021_2026,2025-06-05,2025-06-06 00:00:00,2025-06-10,2025-06-11,1279600.0,1.023,1.007,654.5153999999999,644.2786,-0.016624141497188716,trend,trend,trend_to_trend,3,True
0,full_2021_2026,2025-06-24,2025-06-25 10:30:00,2025-09-08,2025-09-09,1283400.0,1.003,1.28,643.6251,821.376,0.27489595182468585,trend,trend,trend_to_trend,54,False
0,full_2021_2026,2025-09-10,2025-09-11 00:00:00,2025-10-14,2025-10-15,1277100.0,1.285,1.442,820.53675,920.7891,0.12105737014761098,trend,trend,trend_to_trend,18,False
0,full_2021_2026,2025-10-24,2025-10-27 10:30:00,2025-10-30,2025-10-31,1225700.0,1.501,1.4923366,919.88785,914.57848531,-0.006765483547366946,trend,trend,trend_to_trend,4,True
0,full_2021_2026,2025-12-01,2025-12-02 00:00:00,2025-12-04,2025-12-05,1335600.0,1.3681435,1.3620853,913.6462293000001,909.60056334,-0.005423118698953067,range,range,range_to_range,3,True
0,full_2021_2026,2025-12-08,2025-12-09 00:00:00,2025-12-11,2025-12-12,1317700.0,1.3792502000000002,1.3630950000000002,908.7189942700002,898.0751407500002,-0.012700823819422724,range,range,range_to_range,3,True
0,full_2021_2026,2025-12-12,2025-12-15 00:00:00,2026-01-29,2026-01-30,1305700.0,1.3742017,1.5488798,897.147579845,1011.1861774299999,0.1259858681974222,range,trend,range_to_trend,32,False
0,full_2021_2026,2026-02-25,2026-02-26 10:00:00,2026-03-02,2026-03-03,1331800.0,1.517,1.5105112,1010.1703,1005.8494080800001,-0.005272614582622959,trend,trend,trend_to_trend,3,True
0,full_2021_2026,2026-03-06,2026-03-09 00:00:00,2026-03-11,2026-03-12,1409700.0,1.4256964,1.4418516,1004.9021075400001,1016.28910026,0.010320618727463371,range,range,range_to_range,3,False
0,full_2021_2026,2026-04-01,2026-04-02 00:00:00,2026-06-01,2026-06-02,1525800.0,1.3307846,1.7215385,1015.2555713400001,1313.36172165,0.2923337269149946,range,trend,range_to_trend,39,False
0,full_2021_2026,2026-06-16,2026-06-17 00:00:00,2026-07-13,2026-07-14,1467400.0,1.7881787,2.0476716,1311.9867121900002,1502.37665292,0.14397121032933557,trend,trend,trend_to_trend,18,False
0,full_2021_2026,2026-08-04,2026-08-05 00:00:00,2026-08-14,2026-08-17,1802900.0,1.6649953000000002,1.7750526,1500.910013185,1600.12116627,0.06503509918782258,range,range,range_to_range,8,False
0,full_2021_2026,2026-08-27,2026-08-28 00:00:00,2026-09-01,2026-09-02,1830300.0,1.746781,1.6771117000000002,1598.56663215,1534.8087722550001,-0.040844028852625724,range,range,range_to_range,3,True
0,rolling_2021_2023,2021-01-12,2021-01-13 10:30:00,2021-01-28,2021-01-29,697000.0,1.434,1.456,499.749,507.416,0.014326867249778275,warmup,warmup,warmup_to_warmup,12,False
0,rolling_2021_2023,2021-03-26,2021-03-29 10:00:00,2021-04-12,2021-04-13,791400.0,1.281,1.267,506.89169999999996,501.3519,-0.011917538498510294,trend,range,trend_to_range,10,True
0,rolling_2021_2023,2021-04-16,2021-04-19 00:00:00,2021-05-07,2021-05-10,770500.0,1.3,1.295,500.825,498.89875,-0.004841809864298607,trend,trend,trend_to_trend,12,False
0,rolling_2021_2023,2021-05-14,2021-05-17 00:00:00,2021-06-16,2021-06-17,751800.0,1.326,1.441,498.44340000000005,541.6719,0.08564081458516593,range,trend,range_to_trend,22,False
0,rolling_2021_2023,2021-06-17,2021-06-18 00:00:00,2021-07-06,2021-07-07,719100.0,1.505,1.557,541.12275,559.81935,0.03351746053883353,trend,trend,trend_to_trend,13,False
0,rolling_2021_2023,2021-07-07,2021-07-08 00:00:00,2021-07-14,2021-07-15,698200.0,1.602,1.589,559.2582000000001,554.7199,-0.009106245878309327,trend,trend,trend_to_trend,5,True
0,rolling_2021_2023,2021-07-29,2021-07-30 00:00:00,2021-08-09,2021-08-10,681600.0,1.626,1.604,554.1407999999999,546.6432000000001,-0.014516112177613283,trend,trend,trend_to_trend,7,True
0,rolling_2021_2023,2021-08-24,2021-08-25 00:00:00,2021-08-27,2021-08-30,675000.0,1.618,1.525,546.075,514.6875,-0.05842041896233596,trend,range,trend_to_range,3,True
0,rolling_2021_2023,2021-10-15,2021-10-18 00:00:00,2021-10-27,2021-10-28,735600.0,1.398,1.391,514.1844,511.6098,-0.006001648674947124,trend,trend,trend_to_trend,8,True
0,rolling_2021_2023,2021-10-29,2021-11-01 10:00:00,2021-12-02,2021-12-03,714300.0,1.431,1.469,511.08165,524.6533499999999,0.025528814907710196,trend,range,trend_to_range,24,False
0,rolling_2021_2023,2021-12-03,2021-12-06 00:00:00,2021-12-08,2021-12-09,707400.0,1.482,1.45,524.1834,512.865,-0.022570361243130166,range,range,range_to_range,3,True
0,rolling_2021_2023,2021-12-10,2021-12-13 00:00:00,2021-12-15,2021-12-16,690500.0,1.484,1.463,512.351,505.10075,-0.015136299774641038,range,range,range_to_range,3,True
0,rolling_2021_2023,2021-12-17,2021-12-20 00:00:00,2021-12-27,2021-12-28,701800.0,1.438,1.398,504.59419999999994,490.55819999999994,-0.028788109422340336,range,range,range_to_range,6,True
0,rolling_2021_2023,2021-12-31,2022-01-04 00:00:00,2022-01-05,2022-01-06,683000.0,1.435,1.371,490.0525,468.1965,-0.04555422637113493,range,range,range_to_range,2,True
0,rolling_2021_2023,2022-01-17,2022-01-18 00:00:00,2022-01-20,2022-01-21,681800.0,1.372,1.343,467.7148000000001,457.8287,-0.022115400025934484,range,range,range_to_range,3,True
0,rolling_2021_2023,2022-02-23,2022-02-24 00:00:00,2022-03-03,2022-03-04,726600.0,1.259,1.239,457.39469999999994,450.12870000000004,-0.016869246075929323,trend,trend,trend_to_trend,6,True
0,rolling_2021_2023,2022-03-21,2022-03-22 00:00:00,2022-03-24,2022-03-25,763400.0,1.178,1.167,449.64259999999996,445.44390000000004,-0.010328027836675746,trend,trend,trend_to_trend,3,True
0,rolling_2021_2023,2022-05-05,2022-05-06 00:00:00,2022-06-22,2022-06-23,932000.0,0.955,1.095,445.03000000000003,510.27000000000004,0.14545083479202803,trend,range,trend_to_range,33,False
0,rolling_2021_2023,2022-06-24,2022-06-27 10:30:00,2022-07-05,2022-07-06,896700.0,1.137,1.122,509.77395,503.04870000000005,-0.014178926367950484,range,range,range_to_range,7,True
0,rolling_2021_2023,2022-07-06,2022-07-07 00:00:00,2022-07-11,2022-07-12,884700.0,1.136,1.11,502.5096,491.0085000000001,-0.023863948307536242,range,range,range_to_range,3,True
0,rolling_2021_2023,2022-07-21,2022-07-22 10:00:00,2022-08-19,2022-08-22,868200.0,1.13,1.137,490.53299999999996,493.5717,0.005188998421143509,trend,trend,trend_to_trend,21,False
0,rolling_2021_2023,2022-10-17,2022-10-18 10:00:00,2022-11-21,2022-11-22,996100.0,0.99,1.061,493.0695,528.4310499999999,0.07064599013624484,trend,trend,trend_to_trend,25,False
0,rolling_2021_2023,2022-12-02,2022-12-05 10:00:00,2022-12-07,2022-12-08,1015200.0,1.04,1.026,527.904,520.7976000000001,-0.014447583900357608,range,range,range_to_range,3,True
0,rolling_2021_2023,2022-12-12,2022-12-13 00:00:00,2022-12-15,2022-12-16,1012200.0,1.028,1.01,520.2708,511.161,-0.018491726899196315,range,range,range_to_range,3,True
0,rolling_2021_2023,2022-12-27,2022-12-28 00:00:00,2023-01-13,2023-01-16,1037900.0,0.984,0.999,510.6468,518.43105,0.014229165904852348,range,range,range_to_range,12,False
0,rolling_2021_2023,2023-01-18,2023-01-19 00:00:00,2023-02-16,2023-02-17,1007700.0,1.028,1.028,517.9578,517.9578,-0.0009995002498750516,range,range,range_to_range,16,False
0,rolling_2021_2023,2023-03-01,2023-03-02 10:00:00,2023-03-07,2023-03-08,1016500.0,1.018,1.012,517.3985,514.349,-0.006887518912449542,range,range,range_to_range,4,True
0,rolling_2021_2023,2023-03-09,2023-03-10 00:00:00,2023-03-16,2023-03-17,1011500.0,1.016,1.019,513.842,515.35925,0.001950304375371248,range,range,range_to_range,5,False
0,rolling_2021_2023,2023-03-17,2023-03-20 00:00:00,2023-04-21,2023-04-24,993000.0,1.037,1.136,514.8705,564.024,0.09437277503967412,range,trend,range_to_trend,24,False
0,rolling_2021_2023,2023-04-28,2023-05-04 00:00:00,2023-05-08,2023-05-09,1020700.0,1.104,1.082,563.4264000000001,552.1987,-0.020907118904315958,range,range,range_to_range,3,True
0,rolling_2021_2023,2023-05-15,2023-05-16 00:00:00,2023-05-23,2023-05-24,1052800.0,1.048,1.038,551.6672000000001,546.4032000000001,-0.010531947766574845,range,range,range_to_range,6,True
0,rolling_2021_2023,2023-05-26,2023-05-29 10:00:00,2023-06-06,2023-06-07,1024100.0,1.066,1.052,545.8453000000001,538.6766,-0.01411958186010176,range,range,range_to_range,7,True
0,rolling_2021_2023,2023-06-07,2023-06-08 00:00:00,2023-07-05,2023-07-06,1033900.0,1.041,1.029,538.14495,531.9415499999999,-0.012515356154775836,range,trend,range_to_trend,18,False
0,rolling_2021_2023,2023-07-31,2023-08-01 00:00:00,2023-08-08,2023-08-09,1070300.0,0.993,0.988,531.40395,528.7282,-0.006029714246602702,trend,range,trend_to_range,6,True
0,rolling_2021_2023,2023-08-30,2023-08-31 00:00:00,2023-09-07,2023-09-08,1101600.0,0.959,0.917,528.2171999999999,505.08360000000005,-0.044751346954259974,trend,trend,trend_to_trend,6,True
0,rolling_2021_2023,2023-09-27,2023-09-28 00:00:00,2023-10-16,2023-10-17,1117500.0,0.903,0.896,504.55125000000004,500.64,-0.00874369017041865,trend,trend,trend_to_trend,7,True
0,rolling_2021_2023,2023-10-27,2023-10-30 00:00:00,2023-11-22,2023-11-23,1136700.0,0.88,0.892,500.148,506.9682,0.012623233837626646,trend,range,trend_to_range,18,False
0,rolling_2021_2023,2023-12-08,2023-12-11 00:00:00,2023-12-15,2023-12-18,1148500.0,0.882,0.867,506.4885,497.87475,-0.017989304667394124,trend,range,trend_to_range,5,True
0,rolling_2022_2024,2021-12-31,2022-01-04 00:00:00,2022-01-05,2022-01-06,696500.0,1.435,1.371,499.73875000000004,477.45075,-0.04555422637113493,range,range,range_to_range,2,True
0,rolling_2022_2024,2022-01-17,2022-01-18 00:00:00,2022-01-20,2022-01-21,695300.0,1.372,1.343,476.97580000000005,466.89395,-0.022115400025934706,range,range,range_to_range,3,True
0,rolling_2022_2024,2022-02-23,2022-02-24 00:00:00,2022-03-03,2022-03-04,740900.0,1.259,1.239,466.39655,458.98755000000006,-0.016869246075929212,trend,trend,trend_to_trend,6,True
0,rolling_2022_2024,2022-03-21,2022-03-22 00:00:00,2022-03-24,2022-03-25,778500.0,1.178,1.167,458.5365,454.25475,-0.010328027836675857,trend,trend,trend_to_trend,3,True
0,rolling_2022_2024,2022-05-05,2022-05-06 00:00:00,2022-06-22,2022-06-23,950400.0,0.955,1.095,453.81600000000003,520.344,0.14545083479202803,trend,range,trend_to_range,33,False
0,rolling_2022_2024,2022-06-24,2022-06-27 10:30:00,2022-07-05,2022-07-06,914400.0,1.137,1.122,519.8364,512.9784000000001,-0.014178926367950595,range,range,range_to_range,7,True
0,rolling_2022_2024,2022-07-06,2022-07-07 00:00:00,2022-07-11,2022-07-12,902200.0,1.136,1.11,512.4496,500.72100000000006,-0.023863948307536242,range,range,range_to_range,3,True
0,rolling_2022_2024,2022-07-21,2022-07-22 10:00:00,2022-08-19,2022-08-22,885300.0,1.13,1.137,500.19449999999995,503.29305,0.005188998421143509,trend,trend,trend_to_trend,21,False
0,rolling_2022_2024,2022-10-17,2022-10-18 10:00:00,2022-11-21,2022-11-22,1015800.0,0.99,1.061,502.821,538.8819000000001,0.07064599013624506,trend,trend,trend_to_trend,25,False
0,rolling_2022_2024,2022-12-02,2022-12-05 10:00:00,2022-12-07,2022-12-08,1035300.0,1.04,1.026,538.356,531.1089000000001,-0.014447583900357497,range,range,range_to_range,3,True
0,rolling_2022_2024,2022-12-12,2022-12-13 00:00:00,2022-12-15,2022-12-16,1032200.0,1.028,1.01,530.5508000000001,521.261,-0.018491726899196537,range,range,range_to_range,3,True
0,rolling_2022_2024,2022-12-27,2022-12-28 00:00:00,2023-01-13,2023-01-16,1058400.0,0.984,0.999,520.7328,528.6708000000001,0.01422916590485257,range,range,range_to_range,12,False
0,rolling_2022_2024,2023-01-18,2023-01-19 00:00:00,2023-02-16,2023-02-17,1027500.0,1.028,1.028,528.135,528.135,-0.0009995002498750516,range,range,range_to_range,16,False
0,rolling_2022_2024,2023-03-01,2023-03-02 10:00:00,2023-03-07,2023-03-08,1036600.0,1.018,1.012,527.6294,524.5196,-0.006887518912449542,range,range,range_to_range,4,True
0,rolling_2022_2024,2023-03-09,2023-03-10 00:00:00,2023-03-16,2023-03-17,1031500.0,1.016,1.019,524.0020000000001,525.54925,0.00195030437537147,range,range,range_to_range,5,False
0,rolling_2022_2024,2023-03-17,2023-03-20 00:00:00,2023-04-21,2023-04-24,1012600.0,1.037,1.136,525.0331,575.1568,0.09437277503967412,range,trend,range_to_trend,24,False
0,rolling_2022_2024,2023-04-28,2023-05-04 00:00:00,2023-05-08,2023-05-09,1040900.0,1.104,1.082,574.5768,563.1269000000001,-0.020907118904315958,range,range,range_to_range,3,True
0,rolling_2022_2024,2023-05-15,2023-05-16 00:00:00,2023-05-23,2023-05-24,1073600.0,1.048,1.038,562.5664,557.1984,-0.010531947766574734,range,range,range_to_range,6,True
0,rolling_2022_2024,2023-05-26,2023-05-29 10:00:00,2023-06-06,2023-06-07,1044300.0,1.066,1.052,556.6119,549.3018000000001,-0.01411958186010176,range,range,range_to_range,7,True
0,rolling_2022_2024,2023-06-07,2023-06-08 00:00:00,2023-07-05,2023-07-06,1054300.0,1.041,1.029,548.7631499999999,542.43735,-0.012515356154775503,range,trend,range_to_trend,18,False
0,rolling_2022_2024,2023-07-31,2023-08-01 00:00:00,2023-08-08,2023-08-09,1091400.0,0.993,0.988,541.8801,539.1516,-0.006029714246602702,trend,range,trend_to_range,6,True
0,rolling_2022_2024,2023-08-30,2023-08-31 00:00:00,2023-09-07,2023-09-08,1123300.0,0.959,0.917,538.62235,515.03305,-0.044751346954259974,trend,trend,trend_to_trend,6,True
0,rolling_2022_2024,2023-09-27,2023-09-28 00:00:00,2023-10-16,2023-10-17,1139600.0,0.903,0.896,514.5294,510.5408,-0.00874369017041865,trend,trend,trend_to_trend,7,True
0,rolling_2022_2024,2023-10-27,2023-10-30 00:00:00,2023-11-22,2023-11-23,1159200.0,0.88,0.892,510.048,517.0032,0.012623233837626646,trend,range,trend_to_range,18,False
0,rolling_2022_2024,2023-12-08,2023-12-11 00:00:00,2023-12-15,2023-12-18,1171100.0,0.882,0.867,516.4551,507.67185,-0.017989304667394235,trend,range,trend_to_range,5,True
0,rolling_2022_2024,2023-12-28,2023-12-29 00:00:00,2024-01-04,2024-01-05,1167300.0,0.869,0.842,507.19185,491.4333,-0.03203864120873967,range,range,range_to_range,4,True
0,rolling_2022_2024,2024-02-08,2024-02-19 10:00:00,2024-03-14,2024-03-15,1275100.0,0.77,0.821,490.9135,523.42855,0.06516806531799024,trend,range,trend_to_range,19,False
0,rolling_2022_2024,2024-03-18,2024-03-19 00:00:00,2024-03-21,2024-03-22,1240600.0,0.843,0.822,522.9128999999999,509.8866,-0.0258856336956077,range,range,range_to_range,3,True
0,rolling_2022_2024,2024-04-18,2024-04-19 00:00:00,2024-04-23,2024-04-24,1342300.0,0.759,0.746,509.40285,500.6779,-0.018110180746253923,range,range,range_to_range,3,True
0,rolling_2022_2024,2024-04-24,2024-04-25 00:00:00,2024-05-15,2024-05-16,1328500.0,0.753,0.768,500.18025,510.144,0.018900908111681325,range,trend,range_to_trend,12,False
0,rolling_2022_2024,2024-05-31,2024-06-03 00:00:00,2024-06-25,2024-06-26,1339300.0,0.761,0.734,509.60365,491.5231,-0.03644367041183749,range,range,range_to_range,16,False
0,rolling_2022_2024,2024-07-11,2024-07-12 00:00:00,2024-07-24,2024-07-25,1341700.0,0.732,0.727,491.0622,487.70795000000004,-0.007823274155272064,range,range,range_to_range,9,True
0,rolling_2022_2024,2024-07-31,2024-08-01 10:00:00,2024-08-05,2024-08-06,1277100.0,0.763,0.73,487.21365000000003,466.1415,-0.044206599190575235,trend,range,trend_to_range,3,True
0,rolling_2022_2024,2024-09-24,2024-09-25 14:00:00,2024-10-30,2024-10-31,1361600.0,0.684,0.981,465.66720000000004,667.8648000000001,0.43277703253636335,trend,trend,trend_to_trend,21,False
0,rolling_2022_2024,2024-11-05,2024-11-06 10:00:00,2024-11-15,2024-11-18,1309500.0,1.019,1.014,667.1902499999999,663.9165,-0.005901367275145453,trend,trend,trend_to_trend,8,True
0,rolling_2022_2024,2024-12-02,2024-12-03 00:00:00,2024-12-05,2024-12-06,1274300.0,1.041,1.03,663.2731499999999,656.2645,-0.011555701496033799,trend,trend,trend_to_trend,3,True
0,rolling_2022_2024,2024-12-10,2024-12-11 00:00:00,2024-12-13,2024-12-16,1268100.0,1.034,1.013,655.6077000000001,642.2926499999999,-0.021288678678069384,trend,trend,trend_to_trend,3,True
0,rolling_2023_2025,2022-12-30,2023-01-03 00:00:00,2023-01-13,2023-01-16,1012600.0,0.987,0.999,499.7181,505.7937,0.011146402482649309,range,range,range_to_range,9,False
0,rolling_2023_2025,2023-01-18,2023-01-19 00:00:00,2023-02-16,2023-02-17,983100.0,1.028,1.028,505.31340000000006,505.31340000000006,-0.0009995002498750516,range,range,range_to_range,16,False
0,rolling_2023_2025,2023-03-01,2023-03-02 10:00:00,2023-03-07,2023-03-08,991700.0,1.018,1.012,504.7753,501.8002,-0.006887518912449431,range,range,range_to_range,4,True
0,rolling_2023_2025,2023-03-09,2023-03-10 00:00:00,2023-03-16,2023-03-17,986800.0,1.016,1.019,501.29440000000005,502.77459999999996,0.001950304375371248,range,range,range_to_range,5,False
0,rolling_2023_2025,2023-03-17,2023-03-20 00:00:00,2023-04-21,2023-04-24,968700.0,1.037,1.136,502.27094999999997,550.2216,0.0943727750396739,range,trend,range_to_trend,24,False
0,rolling_2023_2025,2023-04-28,2023-05-04 00:00:00,2023-05-08,2023-05-09,995800.0,1.104,1.082,549.6816000000001,538.7278,-0.02090711890431607,range,range,range_to_range,3,True
0,rolling_2023_2025,2023-05-15,2023-05-16 00:00:00,2023-05-23,2023-05-24,1027100.0,1.048,1.038,538.2004000000001,533.0649000000001,-0.010531947766574845,range,range,range_to_range,6,True
0,rolling_2023_2025,2023-05-26,2023-05-29 10:00:00,2023-06-06,2023-06-07,999100.0,1.066,1.052,532.5203,525.5266,-0.014119581860101982,range,range,range_to_range,7,True
0,rolling_2023_2025,2023-06-07,2023-06-08 00:00:00,2023-07-05,2023-07-06,1008700.0,1.041,1.029,525.0283499999999,518.97615,-0.012515356154775725,range,trend,range_to_trend,18,False
0,rolling_2023_2025,2023-07-31,2023-08-01 00:00:00,2023-08-08,2023-08-09,1044200.0,0.993,0.988,518.4453,515.8348,-0.006029714246602702,trend,range,trend_to_range,6,True
0,rolling_2023_2025,2023-08-30,2023-08-31 00:00:00,2023-09-07,2023-09-08,1074700.0,0.959,0.917,515.3186499999999,492.74995,-0.044751346954259974,trend,trend,trend_to_trend,6,True
0,rolling_2023_2025,2023-09-27,2023-09-28 00:00:00,2023-10-16,2023-10-17,1090300.0,0.903,0.896,492.27045000000004,488.4544,-0.00874369017041865,trend,trend,trend_to_trend,7,True
0,rolling_2023_2025,2023-10-27,2023-10-30 00:00:00,2023-11-22,2023-11-23,1109000.0,0.88,0.892,487.96000000000004,494.61400000000003,0.012623233837626646,trend,range,trend_to_range,18,False
0,rolling_2023_2025,2023-12-08,2023-12-11 00:00:00,2023-12-15,2023-12-18,1120400.0,0.882,0.867,494.0964,485.69340000000005,-0.017989304667394235,trend,range,trend_to_range,5,True
0,rolling_2023_2025,2023-12-28,2023-12-29 00:00:00,2024-01-04,2024-01-05,1116700.0,0.869,0.842,485.20615000000004,470.13070000000005,-0.03203864120873967,range,range,range_to_range,4,True
0,rolling_2023_2025,2024-02-08,2024-02-19 10:00:00,2024-03-14,2024-03-15,1220000.0,0.77,0.821,469.7,500.80999999999995,0.06516806531799024,trend,range,trend_to_range,19,False
0,rolling_2023_2025,2024-03-18,2024-03-19 00:00:00,2024-03-21,2024-03-22,1186900.0,0.843,0.822,500.27835,487.8159,-0.025885633695607813,range,range,range_to_range,3,True
0,rolling_2023_2025,2024-04-18,2024-04-19 00:00:00,2024-04-23,2024-04-24,1284200.0,0.759,0.746,487.3539,479.0066,-0.018110180746254034,range,range,range_to_range,3,True
0,rolling_2023_2025,2024-04-24,2024-04-25 00:00:00,2024-05-15,2024-05-16,1271000.0,0.753,0.768,478.5315,488.064,0.018900908111681103,range,trend,range_to_trend,12,False
0,rolling_2023_2025,2024-05-31,2024-06-03 00:00:00,2024-06-25,2024-06-26,1281400.0,0.761,0.734,487.5727,470.2738,-0.03644367041183749,range,range,range_to_range,16,False
0,rolling_2023_2025,2024-07-11,2024-07-12 00:00:00,2024-07-24,2024-07-25,1283600.0,0.732,0.727,469.7976,466.5886,-0.007823274155272175,range,range,range_to_range,9,True
0,rolling_2023_2025,2024-07-31,2024-08-01 10:00:00,2024-08-05,2024-08-06,1221800.0,0.763,0.73,466.11670000000004,445.957,-0.044206599190575235,trend,range,trend_to_range,3,True
0,rolling_2023_2025,2024-09-24,2024-09-25 14:00:00,2024-10-30,2024-10-31,1302700.0,0.684,0.981,445.52340000000004,638.97435,0.43277703253636335,trend,trend,trend_to_trend,21,False
0,rolling_2023_2025,2024-11-05,2024-11-06 10:00:00,2024-11-15,2024-11-18,1252800.0,1.019,1.014,638.3016,635.1696,-0.005901367275145342,trend,trend,trend_to_trend,8,True
0,rolling_2023_2025,2024-12-02,2024-12-03 00:00:00,2024-12-05,2024-12-06,1219100.0,1.041,1.03,634.5415499999999,627.8365,-0.011555701496033799,trend,trend,trend_to_trend,3,True
0,rolling_2023_2025,2024-12-10,2024-12-11 00:00:00,2024-12-13,2024-12-16,1213200.0,1.034,1.013,627.2244000000001,614.4857999999999,-0.02128867867806916,trend,trend,trend_to_trend,3,True
0,rolling_2023_2025,2024-12-20,2024-12-23 00:00:00,2024-12-31,2025-01-02,1186200.0,1.035,1.01,613.8585,599.0310000000001,-0.025129947103742833,trend,range,trend_to_range,7,True
0,rolling_2023_2025,2025-01-14,2025-01-15 00:00:00,2025-03-11,2025-03-12,1194500.0,1.002,1.133,598.4445000000001,676.68425,0.12960834951785594,range,range,range_to_range,34,False
0,rolling_2023_2025,2025-03-27,2025-03-28 00:00:00,2025-04-01,2025-04-02,1273100.0,1.062,1.048,676.0161,667.1044,-0.014168998363341956,range,range,range_to_range,3,True
0,rolling_2023_2025,2025-04-11,2025-04-14 10:00:00,2025-04-18,2025-04-21,1287800.0,1.035,1.034,666.4365,665.7926,-0.001964718124029874,range,range,range_to_range,5,True
0,rolling_2023_2025,2025-04-21,2025-04-22 00:00:00,2025-04-24,2025-04-25,1279100.0,1.04,1.027,665.1320000000001,656.81785,-0.013487006496751608,range,range,range_to_range,3,True
0,rolling_2023_2025,2025-05-07,2025-05-08 00:00:00,2025-05-12,2025-05-13,1249800.0,1.05,1.041,656.145,650.5208999999999,-0.009562361676304754,range,range,range_to_range,3,True
0,rolling_2023_2025,2025-05-14,2025-05-15 00:00:00,2025-05-19,2025-05-20,1254600.0,1.036,1.019,649.8828000000001,639.2187,-0.017392365593265402,range,range,range_to_range,3,True
0,rolling_2023_2025,2025-06-05,2025-06-06 00:00:00,2025-06-10,2025-06-11,1248400.0,1.023,1.007,638.5566,628.5694,-0.016624141497188938,trend,trend,trend_to_trend,3,True
0,rolling_2023_2025,2025-06-24,2025-06-25 10:30:00,2025-09-08,2025-09-09,1252100.0,1.003,1.28,627.92815,801.344,0.27489595182468607,trend,trend,trend_to_trend,54,False
0,rolling_2023_2025,2025-09-10,2025-09-11 00:00:00,2025-10-14,2025-10-15,1246000.0,1.285,1.442,800.5550000000001,898.366,0.1210573701476112,trend,trend,trend_to_trend,18,False
0,rolling_2023_2025,2025-10-24,2025-10-27 10:30:00,2025-10-30,2025-10-31,1195800.0,1.501,1.4923366,897.4478999999999,892.26805314,-0.006765483547366835,trend,trend,trend_to_trend,4,True
0,rolling_2023_2025,2025-12-01,2025-12-02 00:00:00,2025-12-04,2025-12-05,1303100.0,1.3681435,1.3620853,891.413897425,887.4666772149999,-0.005423118698953067,range,range,range_to_range,3,True
0,rolling_2023_2025,2025-12-08,2025-12-09 00:00:00,2025-12-11,2025-12-12,1285600.0,1.3792502000000002,1.3630950000000002,886.5820285600001,876.1974660000002,-0.012700823819422724,range,range,range_to_range,3,True
0,rolling_2024_2026,2023-12-29,2024-01-02 00:00:00,2024-01-04,2024-01-05,1146200.0,0.872,0.842,499.7432,482.5502,-0.035368783498159306,range,range,range_to_range,3,True
0,rolling_2024_2026,2024-02-08,2024-02-19 10:00:00,2024-03-14,2024-03-15,1252100.0,0.77,0.821,482.05850000000004,513.98705,0.06516806531799024,trend,range,trend_to_range,19,False
0,rolling_2024_2026,2024-03-18,2024-03-19 00:00:00,2024-03-21,2024-03-22,1218200.0,0.843,0.822,513.4713,500.68019999999996,-0.0258856336956077,range,range,range_to_range,3,True
0,rolling_2024_2026,2024-04-18,2024-04-19 00:00:00,2024-04-23,2024-04-24,1318000.0,0.759,0.746,500.181,491.61400000000003,-0.018110180746253923,range,range,range_to_range,3,True
0,rolling_2024_2026,2024-04-24,2024-04-25 00:00:00,2024-05-15,2024-05-16,1304400.0,0.753,0.768,491.1066,500.88960000000003,0.018900908111681325,range,trend,range_to_trend,12,False
0,rolling_2024_2026,2024-05-31,2024-06-03 00:00:00,2024-06-25,2024-06-26,1315100.0,0.761,0.734,500.39555,482.6417,-0.03644367041183749,range,range,range_to_range,16,False
0,rolling_2024_2026,2024-07-11,2024-07-12 00:00:00,2024-07-24,2024-07-25,1317400.0,0.732,0.727,482.16839999999996,478.87489999999997,-0.007823274155272064,range,range,range_to_range,9,True
0,rolling_2024_2026,2024-07-31,2024-08-01 10:00:00,2024-08-05,2024-08-06,1254000.0,0.763,0.73,478.401,457.71000000000004,-0.04420659919057501,trend,range,trend_to_range,3,True
0,rolling_2024_2026,2024-09-24,2024-09-25 14:00:00,2024-10-30,2024-10-31,1337000.0,0.684,0.981,457.2540000000001,655.7985,0.43277703253636335,trend,trend,trend_to_trend,21,False
0,rolling_2024_2026,2024-11-05,2024-11-06 10:00:00,2024-11-15,2024-11-18,1285800.0,1.019,1.014,655.1151,651.9005999999999,-0.005901367275145675,trend,trend,trend_to_trend,8,True
0,rolling_2024_2026,2024-12-02,2024-12-03 00:00:00,2024-12-05,2024-12-06,1251200.0,1.041,1.03,651.2496,644.368,-0.01155570149603391,trend,trend,trend_to_trend,3,True
0,rolling_2024_2026,2024-12-10,2024-12-11 00:00:00,2024-12-13,2024-12-16,1245100.0,1.034,1.013,643.7167000000001,630.6431499999999,-0.021288678678069273,trend,trend,trend_to_trend,3,True
0,rolling_2024_2026,2024-12-20,2024-12-23 00:00:00,2024-12-31,2025-01-02,1217500.0,1.035,1.01,630.05625,614.8375,-0.025129947103742722,trend,range,trend_to_range,7,True
0,rolling_2024_2026,2025-01-14,2025-01-15 00:00:00,2025-03-11,2025-03-12,1225900.0,1.002,1.133,614.1759000000001,694.47235,0.12960834951785594,range,range,range_to_range,34,False
0,rolling_2024_2026,2025-03-27,2025-03-28 00:00:00,2025-04-01,2025-04-02,1306600.0,1.062,1.048,693.8046000000002,684.6584,-0.014168998363341956,range,range,range_to_range,3,True
0,rolling_2024_2026,2025-04-11,2025-04-14 10:00:00,2025-04-18,2025-04-21,1321700.0,1.035,1.034,683.97975,683.3189,-0.001964718124029763,range,range,range_to_range,5,True
0,rolling_2024_2026,2025-04-21,2025-04-22 00:00:00,2025-04-24,2025-04-25,1312700.0,1.04,1.027,682.604,674.0714499999999,-0.013487006496751719,range,range,range_to_range,3,True
0,rolling_2024_2026,2025-05-07,2025-05-08 00:00:00,2025-05-12,2025-05-13,1282700.0,1.05,1.041,673.4175,667.64535,-0.009562361676304643,range,range,range_to_range,3,True
0,rolling_2024_2026,2025-05-14,2025-05-15 00:00:00,2025-05-19,2025-05-20,1287600.0,1.036,1.019,666.9768,656.0322,-0.01739236559326529,range,range,range_to_range,3,True
0,rolling_2024_2026,2025-06-05,2025-06-06 00:00:00,2025-06-10,2025-06-11,1281300.0,1.023,1.007,655.38495,645.13455,-0.01662414149718905,trend,trend,trend_to_trend,3,True
0,rolling_2024_2026,2025-06-24,2025-06-25 10:30:00,2025-09-08,2025-09-09,1285100.0,1.003,1.28,644.4776499999999,822.464,0.27489595182468607,trend,trend,trend_to_trend,54,False
0,rolling_2024_2026,2025-09-10,2025-09-11 00:00:00,2025-10-14,2025-10-15,1278800.0,1.285,1.442,821.629,922.0147999999999,0.12105737014761098,trend,trend,trend_to_trend,18,False
0,rolling_2024_2026,2025-10-24,2025-10-27 10:30:00,2025-10-30,2025-10-31,1227300.0,1.501,1.4923366,921.0886499999999,915.7723545900001,-0.006765483547366835,trend,trend,trend_to_trend,4,True
0,rolling_2024_2026,2025-12-01,2025-12-02 00:00:00,2025-12-04,2025-12-05,1337400.0,1.3681435,1.3620853,914.87755845,910.82644011,-0.005423118698953178,range,range,range_to_range,3,True
0,rolling_2024_2026,2025-12-08,2025-12-09 00:00:00,2025-12-11,2025-12-12,1319400.0,1.3792502000000002,1.3630950000000002,909.8913569400002,899.2337715000002,-0.012700823819422502,range,range,range_to_range,3,True
0,rolling_2024_2026,2025-12-12,2025-12-15 00:00:00,2026-01-29,2026-01-30,1307500.0,1.3742017,1.5488798,898.384361375,1012.5801692499999,0.1259858681974222,range,trend,range_to_trend,32,False
0,rolling_2024_2026,2026-02-25,2026-02-26 10:00:00,2026-03-02,2026-03-03,1333600.0,1.517,1.5105112,1011.5356,1007.2088681600001,-0.005272614582622848,trend,trend,trend_to_trend,3,True
0,rolling_2024_2026,2026-03-06,2026-03-09 00:00:00,2026-03-11,2026-03-12,1411500.0,1.4256964,1.4418516,1006.1852343,1017.5867666999999,0.010320618727463371,range,range,range_to_range,3,False
0,rolling_2024_2026,2026-04-01,2026-04-02 00:00:00,2026-06-01,2026-06-02,1527800.0,1.3307846,1.7215385,1016.5863559400001,1315.0832601500001,0.2923337269149946,range,trend,range_to_trend,39,False
0,rolling_2024_2026,2026-06-16,2026-06-17 00:00:00,2026-07-13,2026-07-14,1469400.0,1.7881787,2.0476716,1313.77489089,1504.42432452,0.1439712103293358,trend,trend,trend_to_trend,18,False
0,rolling_2024_2026,2026-08-04,2026-08-05 00:00:00,2026-08-14,2026-08-17,1805300.0,1.6649953000000002,1.7750526,1502.9080075450001,1602.25122939,0.06503509918782258,range,range,range_to_range,8,False
0,rolling_2024_2026,2026-08-27,2026-08-28 00:00:00,2026-09-01,2026-09-02,1832700.0,1.746781,1.6771117000000002,1600.66276935,1536.8213062950003,-0.04084402885262561,range,range,range_to_range,3,True
