trial_id,behavior_hash,nearest_points,neighborhood_radius,local_feasible_rate,local_feasible_points
S007-EX27-DECOUPLED-ENTRY-BOUNDARY-02955,8f5f4891bea51cf90f9365b086d2d7d2e98453ebd98cf90fcad9684a44af8586,20,0.23188595387454525,0.6,12
S007-EX27-DECOUPLED-ENTRY-BOUNDARY-02855,0b69fd132db25814770d42a16554a26c207fd4618cc4a8f4b83b691c7407fb54,20,0.19017615895282902,0.75,15
S007-EX27-DECOUPLED-ENTRY-BOUNDARY-02736,b9781bb8ebc4902a0427ad2b8d94cfca1c98f9d305d71c77c4780d656f185e0b,20,0.23188595387454525,0.6,12
S007-EX27-DECOUPLED-ENTRY-BOUNDARY-02768,883155a2085031e890d007896cf1d9722a717f81018909d47a204cdb7733198b,20,0.07623547535466502,1.0,20
S007-EX27-DECOUPLED-ENTRY-BOUNDARY-02981,39ea76807620f52af7cab0dd10c56a1f8299e12bf1ca228cc08c035a6469538c,20,0.07018744194903992,1.0,20
S007-EX27-DECOUPLED-ENTRY-BOUNDARY-02690,85c18abd24b8ede079bd87c63f7da868346562f18608ad85b7d96e80df49d2aa,20,0.07018744194903992,1.0,20
S007-EX27-DECOUPLED-ENTRY-BOUNDARY-02787,7ff3726b76ef436078c86cd56a0e6d6cf5bb3f8307436d18e889821e889b228d,20,0.23188595387454525,0.6,12
S007-EX27-DECOUPLED-ENTRY-BOUNDARY-02812,cef4a7df50927927980f21b36478ba12aee8c1b2485e744eeaf30a0010d9edb1,20,0.03203970476294282,1.0,20
S007-EX27-DECOUPLED-ENTRY-BOUNDARY-02556,55b9313dafeafa308c01a57c820ec24c7dee7c5a42943a92ddb471538d481924,20,0.042357413768844665,0.95,19
S007-EX27-DECOUPLED-ENTRY-BOUNDARY-02155,41dd82cc5d93492798db3184028931257b50abeb70ca3359ae1bdb737d3376bd,20,0.03203970476294282,1.0,20
S007-EX27-DECOUPLED-ENTRY-BOUNDARY-02715,41dd82cc5d93492798db3184028931257b50abeb70ca3359ae1bdb737d3376bd,20,0.03203970476294282,1.0,20
S007-EX27-DECOUPLED-ENTRY-BOUNDARY-02991,9bf7665906b37ad6abbbfc9ab0d629444f45935bdb2132ecd5dd237daa3bfb39,20,0.09618732398590679,1.0,20
S007-EX27-DECOUPLED-ENTRY-BOUNDARY-02915,5e1de76a0331fee7359a79416cd6655f73ac0da3ebecdb80ea576ac4c0e6c07f,20,0.03271286596984524,1.0,20
S007-EX27-DECOUPLED-ENTRY-BOUNDARY-02431,9c6a1e76ac334bcb574621df3cfe2a2e7e5c16dea9e98c004ffcc14a174d1313,20,0.042357413768844665,0.95,19
S007-EX27-DECOUPLED-ENTRY-BOUNDARY-02677,e4e8564f178828552a1e0fca3d8f8eddc28f2d18cf7dd8abbd14dff44bb123e7,20,0.03203970476294282,1.0,20
S007-EX27-DECOUPLED-ENTRY-BOUNDARY-02293,cf2b3403bdb7b3b1978f8df5371059eb91be461b29d5ed286625ef3abfa4c154,20,0.042357413768844665,0.95,19
S007-EX27-DECOUPLED-ENTRY-BOUNDARY-02638,cf2b3403bdb7b3b1978f8df5371059eb91be461b29d5ed286625ef3abfa4c154,20,0.042357413768844665,0.95,19
S007-EX27-DECOUPLED-ENTRY-BOUNDARY-02865,cf2b3403bdb7b3b1978f8df5371059eb91be461b29d5ed286625ef3abfa4c154,20,0.042357413768844665,0.95,19
S007-EX27-DECOUPLED-ENTRY-BOUNDARY-02820,ab7732de5317b3bc5994708082c8813a49c9f5da13943038bd627acbfce18ca8,20,0.042357413768844665,0.95,19
S007-EX27-DECOUPLED-ENTRY-BOUNDARY-02322,d7a921036f9f32922bff851f815fb1c0f3c7dd30a35b86e50b3817602d46b8bf,20,0.042357413768844665,0.95,19
S007-EX27-DECOUPLED-ENTRY-BOUNDARY-02780,d7a921036f9f32922bff851f815fb1c0f3c7dd30a35b86e50b3817602d46b8bf,20,0.042357413768844665,0.95,19
S007-EX27-DECOUPLED-ENTRY-BOUNDARY-02815,d7a921036f9f32922bff851f815fb1c0f3c7dd30a35b86e50b3817602d46b8bf,20,0.042357413768844665,0.95,19
S007-EX27-DECOUPLED-ENTRY-BOUNDARY-02552,76820495c9230ec668f63d13b496f412455f4e5a5860a2fbce747cdc91391b13,20,0.042357413768844665,0.95,19
S007-EX27-DECOUPLED-ENTRY-BOUNDARY-01973,d411bdd03fb611bac724b165a2c3a53edacbf947bce943f0c81faf398098d525,20,0.03203970476294282,1.0,20
S007-EX27-DECOUPLED-ENTRY-BOUNDARY-02557,d411bdd03fb611bac724b165a2c3a53edacbf947bce943f0c81faf398098d525,20,0.03203970476294282,1.0,20
S007-EX27-DECOUPLED-ENTRY-BOUNDARY-02640,d411bdd03fb611bac724b165a2c3a53edacbf947bce943f0c81faf398098d525,20,0.03203970476294282,1.0,20
S007-EX27-DECOUPLED-ENTRY-BOUNDARY-02848,d411bdd03fb611bac724b165a2c3a53edacbf947bce943f0c81faf398098d525,20,0.03203970476294282,1.0,20
S007-EX27-DECOUPLED-ENTRY-BOUNDARY-02702,cb9f7fc482e8426547aeca8481ef8a68ecb456b0fcd0f11cd2e42336eccb965c,20,0.049747520090479336,1.0,20
S007-EX27-DECOUPLED-ENTRY-BOUNDARY-02006,8cbca49c2efa565bcd1b0703fb0a1f40d73cec56ee52a2adeac4768eb0b4c192,20,0.03203970476294282,1.0,20
S007-EX27-DECOUPLED-ENTRY-BOUNDARY-02827,8cbca49c2efa565bcd1b0703fb0a1f40d73cec56ee52a2adeac4768eb0b4c192,20,0.03203970476294282,1.0,20
S007-EX27-DECOUPLED-ENTRY-BOUNDARY-02852,5c1aadc4857056965ad64f67a9afadaeb9b84184aed0338693c3e3c4bb265be6,20,0.04766975823454167,1.0,20
S007-EX27-DECOUPLED-ENTRY-BOUNDARY-02500,dd4a361734fec3adcbcc48bfbb01019f873d21e6eb6e4e16fd88343690d587b4,20,0.12151008077708692,1.0,20
S007-EX27-DECOUPLED-ENTRY-BOUNDARY-02779,bb3a80603cd07f186de833cbdcd43ee1b82efe483b7e7250774e7f19d3fc83b0,20,0.042357413768844665,0.95,19
S007-EX27-DECOUPLED-ENTRY-BOUNDARY-02902,ae6706b70dc7c8aed7a56b676bebbb305df1a1c94aabc6e0bcfbc6188bb8df42,20,0.03203970476294282,1.0,20
S007-EX27-DECOUPLED-ENTRY-BOUNDARY-02686,5e9e3030333c4437584a55452e5fbf0e74d89758130f419df8fcf736a1661de2,20,0.11825507180007633,1.0,20
S007-EX27-DECOUPLED-ENTRY-BOUNDARY-02565,97f1a0b7454dae7855015b7d1df163c086c57cfdfbd40bf1b66a6812e792b30f,20,0.11825507180007633,1.0,20
S007-EX27-DECOUPLED-ENTRY-BOUNDARY-02050,54ab0a6a15b3b24055aead69c690a89510b5d561f6f23196cd959d26bca96690,20,0.08227480023209988,1.0,20
S007-EX27-DECOUPLED-ENTRY-BOUNDARY-02872,0de6fe3302e1b0536d2a19a7a787d07926b66c887fd20f8327248ca44ed8759e,20,0.03203970476294282,1.0,20
S007-EX27-DECOUPLED-ENTRY-BOUNDARY-02199,0a265b7409935f6e35c7aa787299d4fb987ec17abad0dba77e52b65a4def691a,20,0.042357413768844665,0.95,19
S007-EX27-DECOUPLED-ENTRY-BOUNDARY-02869,f19c9adc44f9ff1c202a0ba0a7fc46d9a3e2906dc4206620d3234a52c4fe0c83,20,0.07717798084241967,1.0,20
S007-EX27-DECOUPLED-ENTRY-BOUNDARY-02618,217ecc8e1b150ba7658a24c781dd0de0b938fe7cd828f3e2f58bcad7465f5196,20,0.03203970476294282,1.0,20
S007-EX27-DECOUPLED-ENTRY-BOUNDARY-02701,217ecc8e1b150ba7658a24c781dd0de0b938fe7cd828f3e2f58bcad7465f5196,20,0.03203970476294282,1.0,20
S007-EX27-DECOUPLED-ENTRY-BOUNDARY-02888,217ecc8e1b150ba7658a24c781dd0de0b938fe7cd828f3e2f58bcad7465f5196,20,0.03203970476294282,1.0,20
S007-EX27-DECOUPLED-ENTRY-BOUNDARY-02389,7c76ac1e18c50eb7267d5329f98823dae4f4fbee426a48743acda388edaff7b7,20,0.03203970476294282,1.0,20
S007-EX27-DECOUPLED-ENTRY-BOUNDARY-02266,5d1c025c33d5b2414b4a1788430cefb70cc945593ea334305a79de21e65e867e,20,0.09618732398590679,1.0,20
S007-EX27-DECOUPLED-ENTRY-BOUNDARY-02804,19cfd25ac66526ec71fd4e9e939b4e7f1c03cd5e345d2e7bd753efd52eeabb86,20,0.03203970476294282,1.0,20
S007-EX27-DECOUPLED-ENTRY-BOUNDARY-02239,a35b8625cc15c777fb10f74a77d3e916d0241b52916e31a889b0cc774e4f6039,20,0.11653740999933282,1.0,20
S007-EX27-DECOUPLED-ENTRY-BOUNDARY-02665,a35b8625cc15c777fb10f74a77d3e916d0241b52916e31a889b0cc774e4f6039,20,0.11059346879867826,1.0,20
S007-EX27-DECOUPLED-ENTRY-BOUNDARY-02783,565605308b274820b991d34f3bd5f8dc55955a9312ac5f3a72ceb9eac0af22e8,20,0.09960459713933534,1.0,20
S007-EX27-DECOUPLED-ENTRY-BOUNDARY-02544,f1d59b5aeec294679e8358e9e61020370572abc5d9b58b971082112ce8d83499,20,0.08227480023209988,1.0,20
S007-EX27-DECOUPLED-ENTRY-BOUNDARY-02215,8725c8ac5f51d49a656271410cfd1cf638d1d31b2f9631f7db00585fb81fe1b9,20,0.09960459713933534,1.0,20
S007-EX27-DECOUPLED-ENTRY-BOUNDARY-02744,c5b0581381c4668d0e3b52da14476b5f3359418c73fb8cf571a5cb6ef151dfd9,20,0.042357413768844665,0.95,19
S007-EX27-DECOUPLED-ENTRY-BOUNDARY-02521,7d34ebbabbdae42d0962f189991143b06181684ba93865c79e59e3e378205932,20,0.042357413768844665,0.95,19
S007-EX27-DECOUPLED-ENTRY-BOUNDARY-01811,2601591b3827de13bdfdb0c6544b99486c26edfe40f38b9430feab4d681d88e0,20,0.12151008077708692,1.0,20
S007-EX27-DECOUPLED-ENTRY-BOUNDARY-01943,f247dab5df8284cfb624e7856444743481ab68299703dc6c8a3a4200ce6f514f,20,0.09358789697504943,0.95,19
S007-EX27-DECOUPLED-ENTRY-BOUNDARY-02191,f247dab5df8284cfb624e7856444743481ab68299703dc6c8a3a4200ce6f514f,20,0.09358789697504943,0.95,19
S007-EX27-DECOUPLED-ENTRY-BOUNDARY-01908,111f30542137213ae79315db5d34ee65e58e48dcbf29c01d22c12e9b665c9b75,20,0.08227480023209988,1.0,20
S007-EX27-DECOUPLED-ENTRY-BOUNDARY-02136,f884cd26d5170f64cb3d206243f7744c2eaa2b7134bc163a8eeec093a48e0d1e,20,0.08227480023209988,1.0,20
S007-EX27-DECOUPLED-ENTRY-BOUNDARY-02909,9b9194cc1303d2a2cf1a489c6bf14cb0afcc5e5852ae9b99a37d79cc6f735a14,20,0.03635241385006993,1.0,20
S007-EX27-DECOUPLED-ENTRY-BOUNDARY-02849,adbfebf33d0409915061868952abec3cc7ae5efb7f7e7ba1f78cabc1dc4bca91,20,0.1033742941058306,1.0,20
S007-EX27-DECOUPLED-ENTRY-BOUNDARY-02379,88b37825dc9410be0164b9d38b5ddb6303fc88b4816f5685c1775d0aa8109cfb,20,0.03670734725419089,1.0,20
S007-EX27-DECOUPLED-ENTRY-BOUNDARY-02948,6ddaa237fb5bc71c001a7af86418deffdfbc0141a13fefea6431dd524c795e0c,20,0.042357413768844665,0.95,19
S007-EX27-DECOUPLED-ENTRY-BOUNDARY-02110,9c6165cf31007fbdf86c25b93a36655623b00fd2be8f71c596bae0a304604cae,20,0.09960459713933534,1.0,20
S007-EX27-DECOUPLED-ENTRY-BOUNDARY-01822,273cb67b167b30f8817c20700342057fe7bb104509dc8d3a210a919fac624fad,20,0.18977522096095623,0.8,16
S007-EX27-DECOUPLED-ENTRY-BOUNDARY-02941,8d0202f376501115f78b9f753598bfd556f626ae921aa050b26033648e5576df,20,0.08227480023209988,1.0,20
S007-EX27-DECOUPLED-ENTRY-BOUNDARY-02487,86b1f722e68099408086856d7afc23ffa6ae3a59060966ad4f0480a165347f0a,20,0.09618732398590679,1.0,20
S007-EX27-DECOUPLED-ENTRY-BOUNDARY-01969,9d5b6bdec8b2c5e760191b234aa7b9cdf7c1275a2840fd8f26112fa23c80654b,20,0.15690263205399457,0.85,17
S007-EX27-DECOUPLED-ENTRY-BOUNDARY-02540,2a83ed6ac6c1fb4db6002d887a91ddee4c5e4c91c7b00eb75376c391bbefafba,20,0.11653740999933282,1.0,20
S007-EX27-DECOUPLED-ENTRY-BOUNDARY-02090,81ba9695afc9afe6ea1c4e2a50b78cc9990d54fb68724a614bc1a40d62f1aea9,20,0.08227480023209988,1.0,20
S007-EX27-DECOUPLED-ENTRY-BOUNDARY-02280,9c66086efd37819cb48eb4c50c67fbf4d0e8e5863ce37828501ce84e78003ffe,20,0.10142550159996189,1.0,20
S007-EX27-DECOUPLED-ENTRY-BOUNDARY-01027,8ea2b0c051d0966e76d11c042095f5caf6f6039a5630d94dcf5bfba4011631be,20,0.13359321058747176,0.95,19
S007-EX27-DECOUPLED-ENTRY-BOUNDARY-02630,1f94c220bd799821bfaa74b9d875de128d4c71f8c16a2b5ea970e46bd536329c,20,0.08972799177267154,0.95,19
S007-EX27-DECOUPLED-ENTRY-BOUNDARY-02722,50259b35626e4dcee8a0b6ca03dc653a60099d892b3bfbd2c4f64b081b3c4796,20,0.13003051314439107,0.9,18
S007-EX27-DECOUPLED-ENTRY-BOUNDARY-02558,76caf75e76b996fe51696c06872731834d9b2e6757a52145fe6801e918a5575e,20,0.1226822247718482,0.95,19
S007-EX27-DECOUPLED-ENTRY-BOUNDARY-01986,31fc46b0dbe8926c04164116c00cc50761bd0550fc68bdb159e60622be9c3601,20,0.09358789697504943,0.95,19
S007-EX27-DECOUPLED-ENTRY-BOUNDARY-02821,d6dafcf9f65c2ea0be11f7c127a2a6e4acf0aa4a4e767dcf6fc3e21042ff26a3,20,0.08227480023209988,1.0,20
S007-EX27-DECOUPLED-ENTRY-BOUNDARY-02099,d641914f51b625e7bf741181c641d04d4504f460f377b58b506555e8a126b76e,20,0.09358789697504943,0.95,19
S007-EX27-DECOUPLED-ENTRY-BOUNDARY-02591,0391293313fbf295405f781a0d29a3d3a5a56c52737215acd64ecd86bcff0d7c,20,0.130201504480979,1.0,20
S007-EX27-DECOUPLED-ENTRY-BOUNDARY-02949,c9acd8dfb767370984799445437fce39a3fa19d721b3f479cf3f58bf40d2fc8f,20,0.09960459713933534,0.85,17
S007-EX27-DECOUPLED-ENTRY-BOUNDARY-02104,c748fc95c8d2b802d0638e30977064af901ddc585a0405355cb994157594914b,20,0.08227480023209988,1.0,20
S007-EX27-DECOUPLED-ENTRY-BOUNDARY-02831,988d3792cc2dfaa007bf3b48d87ba85c7110b8f20c62d276110d073b4524b8cb,20,0.09960459713933534,1.0,20
S007-EX27-DECOUPLED-ENTRY-BOUNDARY-01776,d275f2f8f5c128fcbb5d6c89df8757ab5040e2cbbfae2c9f935ec11582eb3756,20,0.03670734725419089,1.0,20
S007-EX27-DECOUPLED-ENTRY-BOUNDARY-02824,7c575f11c341a51f308e473b4ff2dcb9f8797d00f329bfd121741e6bc64ba899,20,0.03203970476294282,1.0,20
S007-EX27-DECOUPLED-ENTRY-BOUNDARY-01785,1fc556886bffd25376cf5a0fe8165e738535da2c9e5c0e0561d2bb9a9501bc30,20,0.09960459713933534,1.0,20
S007-EX27-DECOUPLED-ENTRY-BOUNDARY-01758,20b80647d465e266057563edf6fd44b7bf0623ceb378cc955709017750c6111c,20,0.13359321058747176,0.95,19
S007-EX27-DECOUPLED-ENTRY-BOUNDARY-02914,53659e8ed70be6e385fedda6ca2a12d06fd9c939f8560fb30f89328cea87f600,20,0.16494250251291953,0.9,18
S007-EX27-DECOUPLED-ENTRY-BOUNDARY-02748,1dbfd6c31d1032e380c7b8caefe394c21f5ef4d210657275a0e0c70bea3eaa57,20,0.03203970476294282,1.0,20
S007-EX27-DECOUPLED-ENTRY-BOUNDARY-02711,b90d07bdbea90df729ba3706571cd7c29b8160496a235609054174415b6b1102,20,0.09618732398590679,1.0,20
S007-EX27-DECOUPLED-ENTRY-BOUNDARY-02925,58251d3de7a1f27bac01c1aac19fb27a6bce7601ee436fe94ecdc4a27a95352e,20,0.09960459713933534,0.85,17
S007-EX27-DECOUPLED-ENTRY-BOUNDARY-02685,8b52846caa7834e08b15a4175e097294793e23fc8c3a2fb97871dabd42869269,20,0.09618732398590679,1.0,20
S007-EX27-DECOUPLED-ENTRY-BOUNDARY-02598,b0d04848e9bb67f0082eaab8f52daddaaf244ba8bf23e239b74b77fb522b2bbe,20,0.042357413768844665,0.95,19
S007-EX27-DECOUPLED-ENTRY-BOUNDARY-02896,abe70ad2f8b1a3be94fa051e8ea13f46ff4f15344eaebcdeec1ece382a42a321,20,0.17019862668318797,0.75,15
S007-EX27-DECOUPLED-ENTRY-BOUNDARY-02942,77b4e832df72b8be968f1e60f89146af78bfe2d8bf96846739b66fd150d53e60,20,0.08156460157539591,1.0,20
S007-EX27-DECOUPLED-ENTRY-BOUNDARY-02669,edb047c2bc56eb904e6d80f92dc83dd9a0a17fe875372f5b297116e69926c805,20,0.12381024579207334,1.0,20
S007-EX27-DECOUPLED-ENTRY-BOUNDARY-02151,7d1cc4f900dd8aa0fce8f0df2743581d9e51e015a7c78b596b07dbd03fae8eb4,20,0.08227480023209988,1.0,20
S007-EX27-DECOUPLED-ENTRY-BOUNDARY-02472,064be1d9f1c73aabe1871ec786fceee7728e80b8ad73c5a1390b9b0026ae63c8,20,0.14832861870460623,1.0,20
S007-EX27-DECOUPLED-ENTRY-BOUNDARY-02978,ebadfc32a5741af61b2312982accfe9ccdf284b87bb2615eb4bb6b1912d431ee,20,0.14640511913877008,1.0,20
S007-EX27-DECOUPLED-ENTRY-BOUNDARY-02200,7958b839c2f20fae8b46d6a782a8c0899d0d8eb296462c889dd26dfadbf65063,20,0.11512990853753047,1.0,20
S007-EX27-DECOUPLED-ENTRY-BOUNDARY-02733,d9271c97a1bd23730ae85a34428099da8db1a023c8e175dbe038f71a77210590,20,0.050826125280595935,1.0,20
S007-EX27-DECOUPLED-ENTRY-BOUNDARY-02840,d82a647d85d1c15f66ab4efec5867f4146996ad0e7a06c9e58b77b93b760f7f2,20,0.09618732398590679,1.0,20
S007-EX27-DECOUPLED-ENTRY-BOUNDARY-01575,39df32efeb131946258a1b92aaaf335b6f09653130820bbfbaccf8050c522d48,20,0.15690263205399457,0.5,10
S007-EX27-DECOUPLED-ENTRY-BOUNDARY-02885,353746f2ec988b5926ae065349f34413fc7eeb14fe1c100817caeac6ff37f626,20,0.09960459713933534,1.0,20
S007-EX27-DECOUPLED-ENTRY-BOUNDARY-01068,10fe1169175a3c8cf77878c974436c475b85b043f587cd104fdbab47f0db2acc,20,0.14219778720277204,0.4,8
S007-EX27-DECOUPLED-ENTRY-BOUNDARY-02424,c2040248fe0a23b5c4f144db3499f7823fa27aab4b9b9d4296f6e4bf77e99a6d,20,0.03670734725419089,1.0,20
S007-EX27-DECOUPLED-ENTRY-BOUNDARY-01916,d72a94449a10ed9f023bbc96a778aa9d75c6537a934b4fefbcaada0daf450575,20,0.08227480023209988,1.0,20
S007-EX27-DECOUPLED-ENTRY-BOUNDARY-02163,763c464ac280189cf5e6fe91a401bf3f8c8a6eb1b5b6aa7885e69de74e444d5d,20,0.15690263205399457,0.85,17
S007-EX27-DECOUPLED-ENTRY-BOUNDARY-02927,5b317abf124e1c106b86475f59e4872a324bb00859d4255a70aff9c4e9738712,20,0.1226822247718482,1.0,20
S007-EX27-DECOUPLED-ENTRY-BOUNDARY-01397,11f3d54a40fc6242ea5575574a69c7eec253c5ff8cf12146ace08608589fed59,20,0.15690263205399457,0.85,17
S007-EX27-DECOUPLED-ENTRY-BOUNDARY-01899,e8b0f8169db0d99d2014f1cdcc17d49e401032e8917412207753da5c6e555973,20,0.14832861870460623,0.9,18
S007-EX27-DECOUPLED-ENTRY-BOUNDARY-01285,08d299d54ca75ed3c5d6aff62466dc61e8378978ec434841f37e896ee964d855,20,0.15690263205399457,0.85,17
S007-EX27-DECOUPLED-ENTRY-BOUNDARY-02579,455e26f07b0ae34c6bf4550e03a6c65eee6cfee85dda54038f6457ef486e72cf,20,0.08227480023209988,1.0,20
S007-EX27-DECOUPLED-ENTRY-BOUNDARY-02534,b3fdeb55067edf6ffbe4829c0905cd09d264741d596c28f2501a554bd8215966,20,0.20348708473815386,0.6,12
S007-EX27-DECOUPLED-ENTRY-BOUNDARY-02616,76c141015e64feb9819a60c33a561bbede8bb6972f25709ec0873b4feda0975b,20,0.09960459713933534,1.0,20
S007-EX27-DECOUPLED-ENTRY-BOUNDARY-02366,50346d33b0dc8382c06f42e9b6d2ed090b32419d18721ff73e2f75dce5ca64e4,20,0.15690263205399457,0.9,18
S007-EX27-DECOUPLED-ENTRY-BOUNDARY-02334,4124b18d9cbcf982d5bcb199fadcbe130ef3f81e49333590dad3cba718e9c7be,20,0.09960459713933534,1.0,20
S007-EX27-DECOUPLED-ENTRY-BOUNDARY-02911,0ac763a8860701a4047c8d1554db2098c9407bf17bb7a0aab5009dab799e84a2,20,0.09960459713933534,1.0,20
S007-EX27-DECOUPLED-ENTRY-BOUNDARY-01872,8e0a203a17da233f52290ecc7621bd023739aa3c73081fa89a835492383899b0,20,0.14954895007443125,1.0,20
S007-EX27-DECOUPLED-ENTRY-BOUNDARY-02684,cf6c9df979b8fcd941ab88295b8f033d28604cff2a15fe9e56d388bf8019bd77,20,0.09618732398590679,1.0,20
S007-EX27-DECOUPLED-ENTRY-BOUNDARY-02847,f4fe9941cecc9c9b5e215554fa707605a17037f34edf87ffbe89150c85c35630,20,0.07486380113979357,1.0,20
S007-EX27-DECOUPLED-ENTRY-BOUNDARY-02647,f7aa54f2c7b19975e2ad36be9b6cdf94ab1d13f3c0b2618aa21174159148eac3,20,0.08721914729761066,1.0,20
S007-EX27-DECOUPLED-ENTRY-BOUNDARY-01788,83f0210cdef6a7d51719d1951ff449e66294deb4adff50dd972c9547f7ff1394,20,0.15340493409310074,0.95,19
S007-EX27-DECOUPLED-ENTRY-BOUNDARY-02792,f253d85e312888a711105d5ed90cd07dfb54e9a4bdb41de0905739fd8269097e,20,0.09618732398590679,1.0,20
S007-EX27-DECOUPLED-ENTRY-BOUNDARY-02641,c6a5384d0d2a67a463a3b3d5fb7910337485b7b5bbf7857e0906efccffd68bbd,20,0.1226822247718482,0.9,18
S007-EX27-DECOUPLED-ENTRY-BOUNDARY-02950,d2ba6564ae6ae6dbf68d637eb1f921b1f84c03217eefdd252133b1ae08feec2a,20,0.12366594496169292,0.9,18
S007-EX27-DECOUPLED-ENTRY-BOUNDARY-02587,b8059d636904ad43a35c5560a30969d96fe5ad8a77de52913dbdeda2438ad9b4,20,0.1147132663531546,1.0,20
S007-EX27-DECOUPLED-ENTRY-BOUNDARY-02762,6c968a44b780e1e8c0d4f16f7e2fb4d694ba8ce23664fb8daa21cefeb51065f2,20,0.1033742941058306,1.0,20
S007-EX27-DECOUPLED-ENTRY-BOUNDARY-02851,76392cf83a694368197a72eedbe944e1a0405578b7ce6e6518fc23f4524ae2a9,20,0.16672638883927582,0.85,17
S007-EX27-DECOUPLED-ENTRY-BOUNDARY-02632,3b4ef0b2870d29d4f6a7ec7e64a9ffc99077e9eff40b1f049333d2a2b22cb661,20,0.11933248787051032,0.9,18
S007-EX27-DECOUPLED-ENTRY-BOUNDARY-02886,a37637074f2f8b3308993121a1b2e8695edcbf209443440ca2d24cf5aeb968a6,20,0.09618732398590679,1.0,20
S007-EX27-DECOUPLED-ENTRY-BOUNDARY-02910,ad002a87cdc61f82291e0f912b41b7f974bebbe2454f1294d003a0e028fe38b9,20,0.09960459713933534,1.0,20
S007-EX27-DECOUPLED-ENTRY-BOUNDARY-02651,2c5ed23207bacda833fd2bf7a4873c983dbe8b8c28b884f961bd22ccb65bb726,20,0.16672638883927582,0.85,17
S007-EX27-DECOUPLED-ENTRY-BOUNDARY-02931,57eaee7a7a99c6cb8e3a2aa1dcc29acba0fc6a1caf9a701204eb012ca5334926,20,0.060653577248359625,1.0,20
S007-EX27-DECOUPLED-ENTRY-BOUNDARY-01909,879a130b599523b542a624c22defa20d752640785d60cf9c1945151beb8bc0e4,20,0.13045064904027925,0.95,19
S007-EX27-DECOUPLED-ENTRY-BOUNDARY-02219,18e3db6b8e2851d2e68395df28a0000cdaa716719b2b0094b589c1e87bc254b3,20,0.11924007370678247,0.9,18
S007-EX27-DECOUPLED-ENTRY-BOUNDARY-02880,82f3935edf09e5642de42eeb06249e2fffa9645e47f7ac5e8333012d4057120b,20,0.11575740933202677,1.0,20
S007-EX27-DECOUPLED-ENTRY-BOUNDARY-02992,006e0d3e5ad00aa9f4b13d92a82cfa0f482ecd7704bdf0a02d65f511b95d624b,20,0.09960459713933534,1.0,20
S007-EX27-DECOUPLED-ENTRY-BOUNDARY-02900,1c07a0c29e83cb57e545c693432b05220429a0df518519ecf631b4b77917e7d7,20,0.09618732398590679,1.0,20
S007-EX27-DECOUPLED-ENTRY-BOUNDARY-02928,f3d586deee4eb89f7c6f3e8007a0158c9ff3d1acc4e14a5732af179aa44b6515,20,0.09960459713933534,1.0,20
S007-EX27-DECOUPLED-ENTRY-BOUNDARY-02958,33b74156cefdcfdbd38dcf0eda25b8f7cdc59d150d2bd59b4b321c6ef9a419f7,20,0.09960459713933534,1.0,20
S007-EX27-DECOUPLED-ENTRY-BOUNDARY-02313,861e20d5cfa9019a027f90644958d8920adc35d0fefd036367970a76e19df39e,20,0.15690263205399457,0.95,19
S007-EX27-DECOUPLED-ENTRY-BOUNDARY-02741,cd3a6ae52cead5dda44673b3e94d880c3e9379d69399c1af06293b28f41a7fc6,20,0.09960459713933534,1.0,20
S007-EX27-DECOUPLED-ENTRY-BOUNDARY-02747,78ec4f4653a430a26a57f4d24b88528a810027317b0ef2d2c6ed82fd8fad15bc,20,0.06495365865658065,1.0,20
S007-EX27-DECOUPLED-ENTRY-BOUNDARY-02940,b666d211746b8b671f58e6154b4306093d61b92458a413872e94155a7ca37c9e,20,0.11086670858737291,0.85,17
S007-EX27-DECOUPLED-ENTRY-BOUNDARY-02986,092df58b7a8e4e2852392f6cc6897e6f6e7e2ff25b947dd55c51034cf74ef274,20,0.08227480023209988,1.0,20
S007-EX27-DECOUPLED-ENTRY-BOUNDARY-02008,11c57ca1c69f7353b54d4c3d7c6e503a97524192f97eaeb606c34b37d604154e,20,0.0959901599112456,0.85,17
S007-EX27-DECOUPLED-ENTRY-BOUNDARY-01966,434a913c335ff2fe95fca917153f717379ec16eeba0cb3ed33b166cc89b81510,20,0.15690263205399457,0.85,17
S007-EX27-DECOUPLED-ENTRY-BOUNDARY-02962,2dde73707f07d3311bc52a39a2a177d920622d6c58523c1602ab87bbefc8a178,20,0.15690263205399457,0.95,19
S007-EX27-DECOUPLED-ENTRY-BOUNDARY-02868,849e074ad3ed7a31663958fa6be7205262632c4dc0cf439aef8536ac131dbb3b,20,0.09960459713933534,1.0,20
S007-EX27-DECOUPLED-ENTRY-BOUNDARY-01786,f7e24a87962a6eaa18fbf2378f19fc1c9c220a40bd35afd4202275eff3f52d75,20,0.09960459713933534,0.85,17
S007-EX27-DECOUPLED-ENTRY-BOUNDARY-02705,8cf6d32101fc380dc4c469d70b811d9074e60fd5acf230b1ef880b601f3931c4,20,0.14402357648491476,0.85,17
S007-EX27-DECOUPLED-ENTRY-BOUNDARY-01715,9977fb75c66f33b4b4e5be03bbd4bed516e7a894ed7e0553dd273f4136aeb14e,20,0.08227480023209988,1.0,20
S007-EX27-DECOUPLED-ENTRY-BOUNDARY-01690,d6984887325624b808ed193a5f188baae339c5cfb3bf8c7753b8b9873ff4287c,20,0.18977522096095623,0.7,14
S007-EX27-DECOUPLED-ENTRY-BOUNDARY-02417,73bd0896bf4fa5baadd4a82c43ce9727c702922edfb530d6b651566b573b8af2,20,0.042357413768844665,0.95,19
S007-EX27-DECOUPLED-ENTRY-BOUNDARY-02344,39f4cee80839f870bb60d92c9a2a115b096c97443ca1e1e9024941331861460a,20,0.15690263205399457,0.85,17
S007-EX27-DECOUPLED-ENTRY-BOUNDARY-02326,110e3b4f364775061cfeee5240478bfef71f2a4cd4b9eb094b3af355f462f43c,20,0.047890270227418985,1.0,20
S007-EX27-DECOUPLED-ENTRY-BOUNDARY-02989,0f4990929cb1ad5ea6d6c4f886f86e19a19accc922067eb972f9ff845cb1949f,20,0.09960459713933534,1.0,20
S007-EX27-DECOUPLED-ENTRY-BOUNDARY-02585,b13ef4748c5cad1df5740e808747fa6501a80fc5bf357292f9b0579a0cfc7672,20,0.09618732398590679,1.0,20
S007-EX27-DECOUPLED-ENTRY-BOUNDARY-02363,464a6648766c7d2d40844ed62b68c7c9c7809b189198a30a25a12dd99ecea748,20,0.11754243480286242,0.95,19
S007-EX27-DECOUPLED-ENTRY-BOUNDARY-02345,5d7fa510c39618a611f34ae65b4177724822a747778370fa97f605e1563e325f,20,0.14832861870460623,0.95,19
S007-EX27-DECOUPLED-ENTRY-BOUNDARY-02874,ba2eac2a8e96f3d708ea12a7c1c8b12dd199f8af6f00dcc979a179117d762dea,20,0.08227480023209988,1.0,20
S007-EX27-DECOUPLED-ENTRY-BOUNDARY-02056,788fe7fd4ca948808b96bd02399d8c1c9a2c5385cc6d481ede189919aa7d1286,20,0.10242115838206212,0.9,18
S007-EX27-DECOUPLED-ENTRY-BOUNDARY-02898,54bd4b7505f3db8014455baf9b08d4384c9545048d10a0814f39368403b20712,20,0.03203970476294282,1.0,20
S007-EX27-DECOUPLED-ENTRY-BOUNDARY-02602,dcc48b102908788d5f738255b9c7bbf1e3dbaf10330437ad138a6053b2f49a98,20,0.130201504480979,1.0,20
S007-EX27-DECOUPLED-ENTRY-BOUNDARY-01573,7d0b0036203988ed496cb5746d6b367b7840f91411d2e435225e634a911052c8,20,0.2122094094943332,0.65,13
S007-EX27-DECOUPLED-ENTRY-BOUNDARY-01592,d5630051972c1f7c24adb7885b416ec9e91bdfffc95255bee15b036d640fd4f9,20,0.15690263205399457,0.9,18
S007-EX27-DECOUPLED-ENTRY-BOUNDARY-02446,d3433a3e05a5d7b2243f314d125638b4886592ae2b784c4d3f2ee4d6d18270d6,20,0.08227480023209988,1.0,20
S007-EX27-DECOUPLED-ENTRY-BOUNDARY-02595,6bdfdaea7ea640642c66958e33ea0647f850398a6c8aafbd28a945651de5d403,20,0.15690263205399457,0.9,18
S007-EX27-DECOUPLED-ENTRY-BOUNDARY-02664,f09d586a6b16b3209be05e4c36094a424e8b08f58b9f599df4d8816d0a9bc063,20,0.0960032497109451,0.95,19
S007-EX27-DECOUPLED-ENTRY-BOUNDARY-02660,f29c6db75789ff5ae53ff5fddbbfa5048983eaf788be73d92ada5955dd937052,20,0.12155733467745589,1.0,20
S007-EX27-DECOUPLED-ENTRY-BOUNDARY-02853,f29c6db75789ff5ae53ff5fddbbfa5048983eaf788be73d92ada5955dd937052,20,0.130201504480979,1.0,20
S007-EX27-DECOUPLED-ENTRY-BOUNDARY-02503,1c1c3fee94228bd704d84bbcaebefa41dd091b314453e540687eb261e3280c13,20,0.14832861870460623,0.85,17
S007-EX27-DECOUPLED-ENTRY-BOUNDARY-02160,7cde73d7f4606d409e6809b8791c438853e885ea8fab441c7d6b0865a4b2b3b8,20,0.1147132663531546,1.0,20
S007-EX27-DECOUPLED-ENTRY-BOUNDARY-01949,c2da8362e5928ed2f7a3530c107b9c44afe1b1ee95e451c71f051753ed7451e6,20,0.13873992790826484,0.8,16
S007-EX27-DECOUPLED-ENTRY-BOUNDARY-02811,3f411bab3fd6dbfb3df8d304401f195c3b72098dbd2356651c17a4b4bd8ed0bf,20,0.20181305835723906,0.8,16
S007-EX27-DECOUPLED-ENTRY-BOUNDARY-02438,d141729de838cbe4e97bdb29a60042ee1dae9e577bd20b4e3654c7c9f5e186e6,20,0.14832861870460623,0.85,17
S007-EX27-DECOUPLED-ENTRY-BOUNDARY-02985,a16ae9a705b6f7efdfe2af5a2ecefb3558bd82c0b27d6ae19b8374a32e3129a6,20,0.18668920412092216,0.75,15
S007-EX27-DECOUPLED-ENTRY-BOUNDARY-02175,0bd8c4d908967c78cbbcce2171fb2b4261638ff780f6ddf7f5f98617d3c1ba74,20,0.18895132789868496,0.7,14
S007-EX27-DECOUPLED-ENTRY-BOUNDARY-02859,513c3b0fe3abed39ac816cbf52bf8a6da8e1b69da5864a28a486393120502cb6,20,0.13873992790826484,0.95,19
S007-EX27-DECOUPLED-ENTRY-BOUNDARY-02083,9df3caaef110f4f547e594ed546b8bb1cecae3b4782a391997e46aeb46647e91,20,0.15690263205399457,0.95,19
S007-EX27-DECOUPLED-ENTRY-BOUNDARY-02436,a33af2f2942f09ba1557ca9d688ead2b6694cec20b1c184fe3ac7d6dbaab0434,20,0.15690263205399457,0.9,18
S007-EX27-DECOUPLED-ENTRY-BOUNDARY-02069,bed55938d6f2fb0c1cac09f533b1fc4e8dcc8e50975c8e18ebcf907a2a8d7f12,20,0.13182319163261202,0.95,19
S007-EX27-DECOUPLED-ENTRY-BOUNDARY-02718,0dea13cfbeda4e4eab1b4d232bb8f8c1f3bfbf6439685249a37f12500fb9b3d2,20,0.1315656307320745,0.85,17
S007-EX27-DECOUPLED-ENTRY-BOUNDARY-01798,9866eed409160d96ea393b006f0c035d3d402e8668904f7daa1fbb66e4c13aed,20,0.09960459713933534,0.85,17
S007-EX27-DECOUPLED-ENTRY-BOUNDARY-00899,cb6a50bcad2847a2cb0259d0c05f6aaa755ea185adcdb6ea56bd52ab451a10ca,20,0.09456173544337254,0.85,17
S007-EX27-DECOUPLED-ENTRY-BOUNDARY-02512,b30b9cf184fb4d9d09414926ed84ac324dc05026af684f2022dca3b01dd4284e,20,0.15827718971764293,0.8,16
S007-EX27-DECOUPLED-ENTRY-BOUNDARY-02496,d4f377048596b0aa41d8f235afd3801a26d5833f9c78fef9b7f25672ab044a55,20,0.1482093729664049,1.0,20
S007-EX27-DECOUPLED-ENTRY-BOUNDARY-02836,6a14de0be471653e50ee65a07fc9c3414ed04b0affd51ac40533b2caff59875b,20,0.130201504480979,1.0,20
S007-EX27-DECOUPLED-ENTRY-BOUNDARY-02921,4df3e477922c8b22d5812275c6153dbb510f060eabce8f19e39ea364729a041e,20,0.14082615171912827,1.0,20
S007-EX27-DECOUPLED-ENTRY-BOUNDARY-02259,b66b32da5c68f3f660864646e6824dd47eae63339295cf401a6a7fb581d4ddc9,20,0.09358789697504943,0.95,19
S007-EX27-DECOUPLED-ENTRY-BOUNDARY-02305,2431f29d7fb58ac1cbfb55305330cd38e88902750a76575a33a73c528b66b90c,20,0.09358789697504943,0.95,19
S007-EX27-DECOUPLED-ENTRY-BOUNDARY-01972,8b427b4ac7c01268301d32dd0190f8bae7666a2776cce96e4da462f9cddea47a,20,0.05148781809841174,1.0,20
S007-EX27-DECOUPLED-ENTRY-BOUNDARY-02998,9ea0316146b494d5fbe807ff07b403907acc83b7f9e32b78be530e5c75f1bc8d,20,0.09346627931442275,0.95,19
S007-EX27-DECOUPLED-ENTRY-BOUNDARY-02691,29c8913c91b286f665fa6472e4a8482417519ea3dfed5b1d3cac54a2d9ac1aa7,20,0.15690263205399457,0.95,19
S007-EX27-DECOUPLED-ENTRY-BOUNDARY-01951,dda70edb73ceb1b9ab28c8500296b2efea15b40c7f7bc477c3db0b0398587175,20,0.1033742941058306,1.0,20
S007-EX27-DECOUPLED-ENTRY-BOUNDARY-01611,62ccf4ab70d0ba6572ad21f78b1ae53d31df3cf0058a67e1e6f2c51dd2561ed8,20,0.14772438314108363,0.65,13
S007-EX27-DECOUPLED-ENTRY-BOUNDARY-02996,665b8ec6ea83807336a28918e1e11f1de474185de9593760d109f4f457567953,20,0.09960459713933534,1.0,20
S007-EX27-DECOUPLED-ENTRY-BOUNDARY-02743,4178e55a59357e7d1c69032e09505393c4bf4683bcda830887debdf78516a846,20,0.09960459713933534,0.9,18
S007-EX27-DECOUPLED-ENTRY-BOUNDARY-02471,59ada62ec7b6e60d1d5ad23dc350f738568cd9b15044dc130da500588e1b6f2f,20,0.13987739396937182,1.0,20
S007-EX27-DECOUPLED-ENTRY-BOUNDARY-02777,23d2c2fa4843cb73d3142205830f7a9aee2d979ff3728e30c33b103dcaeb9318,20,0.1033742941058306,1.0,20
S007-EX27-DECOUPLED-ENTRY-BOUNDARY-02603,b173067941b42f97aa21155d31f120ea98522400a7c517c107fc0eadca942142,20,0.1537638287190154,0.9,18
S007-EX27-DECOUPLED-ENTRY-BOUNDARY-02692,c01cdce8321f4d111cf0dfc0c7f6f3838faf2d49c6dcb13adb9671dfd24ea4ca,20,0.09358789697504943,1.0,20
S007-EX27-DECOUPLED-ENTRY-BOUNDARY-01591,736299a7f442765e9c4d2dbc6d15df638abfdc225239039c4ef97126b3dedc26,20,0.16166830164648283,0.65,13
S007-EX27-DECOUPLED-ENTRY-BOUNDARY-02794,66a05feea374449d778954f203d2a619879aab214961926c57761ad5be87d2bf,20,0.09960459713933534,0.85,17
S007-EX27-DECOUPLED-ENTRY-BOUNDARY-02717,68b4d84e8841a181ce9c323848a996ed3bd600660f1320d725a103af384f04e8,20,0.18668920412092216,0.75,15
S007-EX27-DECOUPLED-ENTRY-BOUNDARY-01669,59872c524a07250ec9732dab90a1f8fd893eba500afceceffbe2331bb22c494f,20,0.20677884846757533,0.75,15
S007-EX27-DECOUPLED-ENTRY-BOUNDARY-02468,7eb2cca0cfc025a9f2fd3a28654b49fdd66ae2f325aa5a3261a2edf0a79f756b,20,0.20181305835723906,0.65,13
S007-EX27-DECOUPLED-ENTRY-BOUNDARY-01894,90c9d5aa5ef69274c8116aba14ebe204049ae178eb47b0ddee566b7d7fd7efa3,20,0.08227480023209988,1.0,20
S007-EX27-DECOUPLED-ENTRY-BOUNDARY-02586,28717c414af02706e8a9dfdfe41b2c74e13ca035551d092bd812e25aa31e5566,20,0.14832861870460623,1.0,20
S007-EX27-DECOUPLED-ENTRY-BOUNDARY-02311,0a76a055ad9f799594e12631fc97d181fe42be06d398862358122c080cf0366b,20,0.14832861870460623,0.9,18
S007-EX27-DECOUPLED-ENTRY-BOUNDARY-02419,19c3318278b324250be7e084c1289bfceb1f5ae55b30a43b236c136580990e57,20,0.1033742941058306,1.0,20
S007-EX27-DECOUPLED-ENTRY-BOUNDARY-01685,50a177a924e9b9c29032e6eb481ab3f59788e803da4b5ad79b5726355d123669,20,0.1645073194660328,0.6,12
S007-EX27-DECOUPLED-ENTRY-BOUNDARY-02350,b73fecc9738115730d77ff368dc665333b4dfc9dbb9c43b230bf3fd215c8416c,20,0.1502257800353024,0.9,18
S007-EX27-DECOUPLED-ENTRY-BOUNDARY-01111,5ad75e09b60d764be35904ac1b9af8d3ac4820ba8acc4a1460d937692cd9e033,20,0.20677884846757533,0.7,14
S007-EX27-DECOUPLED-ENTRY-BOUNDARY-02016,593fc9e149a520acb6ce0bd19e78852785a83917b6f7d57df46a5b245d1ed68d,20,0.20677884846757533,0.75,15
S007-EX27-DECOUPLED-ENTRY-BOUNDARY-02525,d615e4c272359f2f962ab977a1ace4e246a5d4c6da64b7cdcd569f866790586d,20,0.09781103314004916,0.85,17
S007-EX27-DECOUPLED-ENTRY-BOUNDARY-02975,cd8a31e8d04bf9626573ecbdda1299b9572728cb4d93519b3d4595728390d311,20,0.09960459713933534,0.85,17
S007-EX27-DECOUPLED-ENTRY-BOUNDARY-02567,2a250f8bfffa88c20b814305402d8e04b0795a7bf598d66c2d8eaeae548ce0c2,20,0.22364036963959943,0.85,17
S007-EX27-DECOUPLED-ENTRY-BOUNDARY-02988,902f710a10566547dfd1cb2529b80f854547d6cdd164b3e04a6bdd92287bfc50,20,0.15690263205399457,0.9,18
S007-EX27-DECOUPLED-ENTRY-BOUNDARY-02943,90e20fa756628ade03316304f2ebb59dd83a043463de3abe9d9dc1e7ef80defa,20,0.16313740550471156,0.8,16
S007-EX27-DECOUPLED-ENTRY-BOUNDARY-02601,f1b340fc0123c6bcf54f8ec9efec6c0cdf3a18bfd1b0de91464b3795a2ebf1bd,20,0.1769488622874139,0.9,18
S007-EX27-DECOUPLED-ENTRY-BOUNDARY-02052,36dfed160e5620f3dc5694fdebcaac45682e2dca3173ddc8bd78028f95733044,20,0.18668920412092216,0.75,15
S007-EX27-DECOUPLED-ENTRY-BOUNDARY-01632,df82a47d65b8c64c717d74bb4e1de743ebbab89456f33d394b0577f385d27436,20,0.10713760895507884,1.0,20
S007-EX27-DECOUPLED-ENTRY-BOUNDARY-02465,dd02cf3cd2422ca9c38e5de50c57ba9af34faa9fcb8f54b7b723b00c442ebc27,20,0.18668920412092216,0.85,17
S007-EX27-DECOUPLED-ENTRY-BOUNDARY-02633,581b40f101659324868f42e3f523fa3c2198eb4cc9e5bb107c6a3139886ab81a,20,0.20677884846757533,0.8,16
S007-EX27-DECOUPLED-ENTRY-BOUNDARY-01424,f3d24de8500cf16f2dc4745580adf0882e521aa9be88232f4096fc79d7a36368,20,0.10343534011087407,1.0,20
S007-EX27-DECOUPLED-ENTRY-BOUNDARY-02042,770df481d879ef26466a496d9f4402532bba545d01b25572a505f17737ddce65,20,0.1825843942142712,0.85,17
S007-EX27-DECOUPLED-ENTRY-BOUNDARY-01201,5ad62c67e7ce425bb8263c4c4b2d85c4e0ff2bfc24928af4ec1c7a00648e1cb0,20,0.20677884846757533,0.8,16
S007-EX27-DECOUPLED-ENTRY-BOUNDARY-01871,88db405229484443a5664b87d6a5874129bd8a3a9573427e81a22e5a3cf3c25f,20,0.20677884846757533,0.75,15
S007-EX27-DECOUPLED-ENTRY-BOUNDARY-01652,f2f8f42fd3beaf88ab24fee24089c0163c86a810e57f9076574ffcd8201c15ed,20,0.13359321058747176,0.95,19
S007-EX27-DECOUPLED-ENTRY-BOUNDARY-02373,f8b4acb9608ecc68fadfdcfb79686ec527de4e9a06f56fabdf455dff0189ae0e,20,0.13097291648921294,0.85,17
S007-EX27-DECOUPLED-ENTRY-BOUNDARY-02403,388fe54f7fb86c35a4505e0033c384414e6de628be4fe0ec54ba71755c0d7f8b,20,0.23574243118810922,0.5,10
S007-EX27-DECOUPLED-ENTRY-BOUNDARY-02253,fd8f8960a77d748578057e188a35dea59009506436e8b48eda803bace57e8f87,20,0.14832861870460623,1.0,20
S007-EX27-DECOUPLED-ENTRY-BOUNDARY-02589,051c3675baab7b731623c4f4bd607f2efba282a31fca4a0b33896a0c25d5c3a1,20,0.13873992790826484,0.95,19
S007-EX27-DECOUPLED-ENTRY-BOUNDARY-01738,176720fecbce915695390d1004c625e903a71f0b54284721bbbfa02fe8b157fc,20,0.14832861870460623,0.9,18
S007-EX27-DECOUPLED-ENTRY-BOUNDARY-01856,542064d316f79c9778900814e2477ef367e90b721b207120f6c40b028130f099,20,0.14678942840545883,0.9,18
S007-EX27-DECOUPLED-ENTRY-BOUNDARY-01989,b7bfd2ab9e715c4f7922b6668a19613e30523eaac11d655ea5dcb47959cd99e5,20,0.15690263205399457,0.9,18
S007-EX27-DECOUPLED-ENTRY-BOUNDARY-01607,7f8f71a747cc8e6ef88575a6e59cb759ed3dfb255171fce6841d493896a13158,20,0.20407902507488074,0.8,16
S007-EX27-DECOUPLED-ENTRY-BOUNDARY-02333,54036469ba35aa19ca6317985ae7fcb961a88f45a7124bd7316e9ffb219ab945,20,0.14832861870460623,0.95,19
S007-EX27-DECOUPLED-ENTRY-BOUNDARY-02265,e4af93039f4ebd741bfe77ee252d5e36e666187356709d4e5931ac46251a2f68,20,0.1315656307320745,1.0,20
S007-EX27-DECOUPLED-ENTRY-BOUNDARY-00966,6011153a5d864190dc0a74916d22a8aa21b6f36f570100a3a7e42c60018b743c,20,0.17065914007716249,0.9,18
S007-EX27-DECOUPLED-ENTRY-BOUNDARY-01537,79730716d09f2db1afb90620afc4ebe5dbab4346b9adb2d2e08cdbd515cbc0d7,20,0.2125889675228203,0.55,11
S007-EX27-DECOUPLED-ENTRY-BOUNDARY-01123,c5d04f2bd1cbaf547122db354934e006fc4abdcef1cdedaf77200c5aa1a7c623,20,0.18953056124223544,0.75,15
S007-EX27-DECOUPLED-ENTRY-BOUNDARY-01781,336b30b0fa9364b7a45b90673aa1e2a48898b8afaa11ff384e91f28525a9068d,20,0.11883647522288343,0.95,19
S007-EX27-DECOUPLED-ENTRY-BOUNDARY-01602,9dd24721dc6c39e94d04ce8f6da1b7ed578ad825fe0b471587314128161c0e4d,20,0.12874462959168076,0.95,19
S007-EX27-DECOUPLED-ENTRY-BOUNDARY-02536,43cb4d93c9f96d425ecbccebc62e388d248ded11eea47405f2fa4d3c3707eed1,20,0.13873992790826484,0.95,19
S007-EX27-DECOUPLED-ENTRY-BOUNDARY-02385,3a0060f2c4cf91d5afca797c8dee63106c7fe6b22c022b673d4ec033efb45516,20,0.1033742941058306,1.0,20
S007-EX27-DECOUPLED-ENTRY-BOUNDARY-01757,a6a4ab74631a1bc19e18676b3b6ed94398f3e46d2b65b0e9d0b501dcb805013b,20,0.14832861870460623,0.95,19
S007-EX27-DECOUPLED-ENTRY-BOUNDARY-01462,efcb1f7d5c424d04611959060b3a1c21c6f5400a4cd7ff1f4a70205e0d1d2b65,20,0.20677884846757533,0.75,15
S007-EX27-DECOUPLED-ENTRY-BOUNDARY-02351,60ae3f3b4b222040582927d7e8bbaf29af5ac7c1b32b89546bf41add0907e25e,20,0.1033742941058306,1.0,20
S007-EX27-DECOUPLED-ENTRY-BOUNDARY-01878,db768d3031aa32e83aa18323d8f2ef53f79abf89aea51ddeb482946adcda41ae,20,0.18977522096095623,0.8,16
S007-EX27-DECOUPLED-ENTRY-BOUNDARY-01366,317e1821ede5769b6a924cf67910e3eb718d8188ce34b649169b3e55d8cd8fb6,20,0.14095496490671788,1.0,20
S007-EX27-DECOUPLED-ENTRY-BOUNDARY-02959,cfcedc857740c626976f5d16804aeace372319b9e818b77e91be2eb57837a603,20,0.20262746730530856,0.45,9
S007-EX27-DECOUPLED-ENTRY-BOUNDARY-01507,e80a85b73b268ffe7914b033e139e685b1b2ecc0e93677e3544065a4c47a8ae3,20,0.09960459713933534,1.0,20
S007-EX27-DECOUPLED-ENTRY-BOUNDARY-02519,7155dcfd43bce7b187b810fb3f901e45c88868244c8547a2cb0aed37e9ebe03a,20,0.20181305835723906,0.7,14
S007-EX27-DECOUPLED-ENTRY-BOUNDARY-01902,f85cf21519c8681b5e9d4af057dfb44805bb99282c9541dda17ec79dddd604fd,20,0.17973111713941714,0.65,13
S007-EX27-DECOUPLED-ENTRY-BOUNDARY-00986,e44c8f7fc7190c5bc3c41a393923d44dcd7bbc282396d91e8b30f94dcac096a5,20,0.19842343763093728,0.85,17
S007-EX27-DECOUPLED-ENTRY-BOUNDARY-02588,a04592a762e04d3b510cd266c3cb07da96a38e619addefdbf58cea0547011e12,20,0.17344808881756607,0.75,15
S007-EX27-DECOUPLED-ENTRY-BOUNDARY-01814,ee9cbdbbdb187bea4984368f63752b7ce0274fbd858ed118a01de4d7e6c3191d,20,0.20181305835723906,0.9,18
S007-EX27-DECOUPLED-ENTRY-BOUNDARY-02029,cea8dcbd0b9bf43b903b6d3a0c80ee50c4b19687d29cb43108e545c934a7ced1,20,0.13359321058747176,0.95,19
S007-EX27-DECOUPLED-ENTRY-BOUNDARY-02184,1126334008b82eeb9f0683d76e268a6b536e3a5c628674b5c76576d6735c9eef,20,0.14065411639226333,1.0,20
S007-EX27-DECOUPLED-ENTRY-BOUNDARY-01808,fa8a6d491882589923d77bdc2b477064ec6c1985bdb1ff829f385e624502e62a,20,0.15690263205399457,0.65,13
S007-EX27-DECOUPLED-ENTRY-BOUNDARY-01874,de6722a8e761ba7c4d692a6e3d10cc83129a7fed78a649460ce4274eef605e2c,20,0.20247812278837363,0.55,11
S007-EX27-DECOUPLED-ENTRY-BOUNDARY-02325,8353309b12b158c46261c5d8bd79a93f38654738649793e3f98a5952a3fd98e9,20,0.1502257800353024,1.0,20
S007-EX27-DECOUPLED-ENTRY-BOUNDARY-01855,683b8c032416ab9d513ff934feaa4f091457f5561818f886e47e760c2cc8e4ca,20,0.15340493409310074,1.0,20
S007-EX27-DECOUPLED-ENTRY-BOUNDARY-00997,8430a5a5e4fe8cceb909d5925904690595f3e371f78d2da15434f9446df551b6,20,0.10818275105453612,1.0,20
S007-EX27-DECOUPLED-ENTRY-BOUNDARY-01297,1b965d902c501677bb9db86426853cdc07032bab53709d2927e2d8d2a627853d,20,0.12874462959168076,1.0,20
S007-EX27-DECOUPLED-ENTRY-BOUNDARY-02061,ccb7543ffe9a9122469eca0d455c3184475f50529b499059187b58940a0a7bd8,20,0.21375619593808298,0.85,17
S007-EX27-DECOUPLED-ENTRY-BOUNDARY-01593,3bb4dad8ebec066507baecd25b0b57d5608904c815820495df12f5408b6054da,20,0.21618819402913236,0.6,12
S007-EX27-DECOUPLED-ENTRY-BOUNDARY-02073,21b2d12c357e6db464c48643c84be657b596c9a8485e6373404a5d8f3636b5ea,20,0.09358789697504943,0.95,19
S007-EX27-DECOUPLED-ENTRY-BOUNDARY-02295,253443cd817683052f04b67849bda71b25f08c3ebc7e6d9c08e7076230d5ff28,20,0.18977522096095623,0.8,16
S007-EX27-DECOUPLED-ENTRY-BOUNDARY-02542,9644cbede08d733e91ed192638f585c0996b414341c3c324254a918784a4fa67,20,0.1502257800353024,0.85,17
S007-EX27-DECOUPLED-ENTRY-BOUNDARY-02316,da81f123db7b4e885d63c548f1ae38569a22530f2fe4d7ea15d17bfe9e0b6ba7,20,0.16745260541089246,0.3,6
S007-EX27-DECOUPLED-ENTRY-BOUNDARY-01470,e3f00170bf5250296b3073a86c6b112ac4689340e9a4c04335db02ff5f37b0c7,20,0.21077642957221343,0.65,13
S007-EX27-DECOUPLED-ENTRY-BOUNDARY-01635,bfe762d4cb1251f6913646e1d9aece00b710b4e40c535d83de04062e8cc0d082,20,0.11653740999933282,1.0,20
S007-EX27-DECOUPLED-ENTRY-BOUNDARY-00696,99be94fcd9a3e944f462afb303a8e90f66638bc80280e38b6f9e7caa2904da10,20,0.20307135483919447,0.85,17
S007-EX27-DECOUPLED-ENTRY-BOUNDARY-02604,772fe870bcfbba9d915366b18037224698d596b533e6b68d1f4a82175b42b8a5,20,0.14832861870460623,0.95,19
S007-EX27-DECOUPLED-ENTRY-BOUNDARY-01377,2f699c70f87eb4ddf29e17d6640944b30cf02988aa544045ecdbfaed23677604,20,0.13873992790826484,0.95,19
S007-EX27-DECOUPLED-ENTRY-BOUNDARY-01955,d739577176c1e8094e96b4452bc390bbdcc4a239da3e0405f2f2d75d5f13a24e,20,0.15690263205399457,0.9,18
S007-EX27-DECOUPLED-ENTRY-BOUNDARY-02805,54c72e38fb94c7d85ee1a4b18a7f1551c2338f6928396e5acd6d09b86e865db5,20,0.1315656307320745,1.0,20
S007-EX27-DECOUPLED-ENTRY-BOUNDARY-01897,018a567d75623bd33bbdf417f327e7a0579f0d84958814cef91606e3b3819d2f,20,0.13182319163261202,0.95,19
S007-EX27-DECOUPLED-ENTRY-BOUNDARY-00891,818d0fd8b64c9646b9ac06b7b8e5fdf85d0bdc977c491a16c59505e606545611,20,0.19365986105981614,0.8,16
S007-EX27-DECOUPLED-ENTRY-BOUNDARY-01792,d0266c310c768cc14735d1d1f603d15f016daf90ec0d658c7c7f9b2a49ec61af,20,0.15690263205399457,0.85,17
S007-EX27-DECOUPLED-ENTRY-BOUNDARY-02756,0c1ad6078aa21cb1e24fdb0acf1847dec5792a3b8f18c343c73766083c740817,20,0.09960459713933534,1.0,20
S007-EX27-DECOUPLED-ENTRY-BOUNDARY-02165,41b6682c919bb4703d243530cf6d03623cfde5116d94ec280adfd764f2877e5c,20,0.16554759467131508,0.95,19
S007-EX27-DECOUPLED-ENTRY-BOUNDARY-02983,32e6bfcbe78da409042b814b62edc2b8858f44b7a9347f6f31f5cb64b9fb6253,20,0.1733890201472824,0.95,19
S007-EX27-DECOUPLED-ENTRY-BOUNDARY-02594,8c4a9deff7ad88c3f87d86e8d6cce30997ceccf874da82a588fafdcaa53872ad,20,0.1502257800353024,0.95,19
S007-EX27-DECOUPLED-ENTRY-BOUNDARY-02298,b0f406be59a6248516cb8665d985bdf5512e9efcc3849d7c559e366716e06f7e,20,0.18977522096095623,0.9,18
S007-EX27-DECOUPLED-ENTRY-BOUNDARY-02513,8aacdb949e72e6ea020c95af619efdfb92da2c1c00e34bc05bbd1f6716c00139,20,0.24398451686672679,0.3,6
S007-EX27-DECOUPLED-ENTRY-BOUNDARY-02071,aa747d00628c6639ac3d4817d16fcfe4b338c0ceb468d4e4cc51d87da561dfdd,20,0.2995491283481241,0.6,12
S007-EX27-DECOUPLED-ENTRY-BOUNDARY-01092,bf8c955f9c2c9f687c09b604bccf80d3c0f1eaada26c9c0438993b705df59936,20,0.12675155415440187,1.0,20
S007-EX27-DECOUPLED-ENTRY-BOUNDARY-01574,3ea5edb6fb68a52136faa25368c4668d64449d9e7b41ac46be51026ac299c280,20,0.1903385873725596,0.4,8
S007-EX27-DECOUPLED-ENTRY-BOUNDARY-01630,84552bba0698e27b571f8cfe658f4c8b13404062845fa6b5a862f1e7027e01ab,20,0.16166830164648283,1.0,20
S007-EX27-DECOUPLED-ENTRY-BOUNDARY-02800,37482918ec462032cdec91fa01558b1ae586c60264ef0c617c2b1dc1fea08a4f,20,0.15690263205399457,0.85,17
S007-EX27-DECOUPLED-ENTRY-BOUNDARY-02735,e1cf4f1acbcdee6c7626dbcb2fc239a8db9e4294721e2e0c4da0f9b2065d6723,20,0.2103116633899701,0.8,16
S007-EX27-DECOUPLED-ENTRY-BOUNDARY-01228,0213bd288e1a572973a9eef651f2d71fd179863dd949c7f7a1cf6a4a0ec0db85,20,0.12158864332545039,1.0,20
S007-EX27-DECOUPLED-ENTRY-BOUNDARY-01606,121c244dc58ad4bca8bd4b69e750cebd30a0eecf8418783b2f72751dda4ca73f,20,0.15049938387850958,1.0,20
S007-EX27-DECOUPLED-ENTRY-BOUNDARY-01535,96d54f17932291020a63215597e40570900e638a37d3d1bc8298c865e6c38c1b,20,0.20677884846757533,0.8,16
S007-EX27-DECOUPLED-ENTRY-BOUNDARY-01390,313e13ecb3fbf8b20122532cdb95efa2c43a90fd470955368fbdaafcf162c1c8,20,0.16166830164648283,0.95,19
S007-EX27-DECOUPLED-ENTRY-BOUNDARY-02127,c2b98c5189da7cbf8f93632c4cfd0468831fea27d771700c902983fc0732ae09,20,0.1315656307320745,1.0,20
S007-EX27-DECOUPLED-ENTRY-BOUNDARY-01510,db794e5475127e43b660c28a2c055d061215c3c5f783f65afa3be098744786ae,20,0.10581027747081351,1.0,20
S007-EX27-DECOUPLED-ENTRY-BOUNDARY-02716,37bf5e38fe046769b09f668c8914bb994cf144d14c0ba4962335fad69b019ebe,20,0.19982953569324835,0.8,16
S007-EX27-DECOUPLED-ENTRY-BOUNDARY-02920,3005fcc8b85b31f8fe5b39d210b3fd296285fa20cfae604319be3ab703e4ee2c,20,0.20374034604109573,0.45,9
S007-EX27-DECOUPLED-ENTRY-BOUNDARY-02995,023ae45e78bd2f2df55f9596144cd8805743daf2fcecf0df928effeffcc64b48,20,0.16419100957531552,1.0,20
S007-EX27-DECOUPLED-ENTRY-BOUNDARY-01548,158e7340ce5c77f074919018327e93c42f1e8477f6f198f0d7502cb9dae580a3,20,0.19365986105981614,0.75,15
S007-EX27-DECOUPLED-ENTRY-BOUNDARY-02195,e800cdd39843ced956db4b873257762738624922795e426d7db3715975d29488,20,0.09960459713933534,0.85,17
S007-EX27-DECOUPLED-ENTRY-BOUNDARY-02864,ec787adcff6b654a446b8cdb79ce55234969fdffa50ccb9bdf29af861bb6f188,20,0.16401978840906184,0.55,11
S007-EX27-DECOUPLED-ENTRY-BOUNDARY-02271,c8480fd2c6d60d92a6199d8072be7bf182a72f9d8295e921349b84e1e6ea18bd,20,0.14678942840545883,0.95,19
S007-EX27-DECOUPLED-ENTRY-BOUNDARY-02614,2ff67b2883994fc3aff3313cddd043405b444d358f63db820de4b8cd40637849,20,0.15690263205399457,0.9,18
S007-EX27-DECOUPLED-ENTRY-BOUNDARY-01707,915e80082942adbae846cbd93b335550d1a0a8b69e4867d1a92fb05dbc956095,20,0.20307135483919447,0.85,17
S007-EX27-DECOUPLED-ENTRY-BOUNDARY-01202,5eb3d31e12e69f1bf4aad6a030432a37e20a7ee77f756a1c9babb032a5a69ef7,20,0.14678942840545883,0.95,19
S007-EX27-DECOUPLED-ENTRY-BOUNDARY-01278,f5b075bf0f82169fad14aebdb1e57dbe5af17c76bdeefd0ebf08603241215dbd,20,0.10172188488379352,1.0,20
S007-EX27-DECOUPLED-ENTRY-BOUNDARY-01928,1eab0e960dbc32c2abb3efe6adb89a4b5dff21ec3a9c4f4606e20e959a58fb1e,20,0.15690263205399457,0.9,18
S007-EX27-DECOUPLED-ENTRY-BOUNDARY-01135,5b278f151c91f809eb6f1e430f7696e62c9769c99785192ed49685bfe3d532b0,20,0.10581027747081351,1.0,20
S007-EX27-DECOUPLED-ENTRY-BOUNDARY-00847,0d17eaf14d63e381f7d7558f4538bc44a0327cc0ae88398a7c0cfc0c80ea229e,20,0.16166830164648283,0.95,19
S007-EX27-DECOUPLED-ENTRY-BOUNDARY-02262,1a91a6c4e80c425ce07ed48947d5e5e97b8f3c90bfd4acf92a5b2ce9c49a4202,20,0.20181305835723906,1.0,20
S007-EX27-DECOUPLED-ENTRY-BOUNDARY-01484,260c5da5df0eee7bf9455fd98fffdcea2241f39941a723c219bf5c88ca360006,20,0.18977522096095623,0.75,15
S007-EX27-DECOUPLED-ENTRY-BOUNDARY-02063,4b0a072e5f548b5fe96c8c2984dcee111f57b7ab5f6927e08edfe1159303f70e,20,0.18752211924032403,0.95,19
S007-EX27-DECOUPLED-ENTRY-BOUNDARY-01359,f1efdf9d851a52b037e8f564cbacc5ef0d6b691186e2e021b0a3c400a34dc26a,20,0.12675155415440187,1.0,20
S007-EX27-DECOUPLED-ENTRY-BOUNDARY-02663,473f9e165b4e44c9a110c78e637c6a33655b5dcd8fd3a83480b3da6297c857e6,20,0.13873992790826484,1.0,20
S007-EX27-DECOUPLED-ENTRY-BOUNDARY-02022,23b437f0d41441d0cb6774a15daa83a9c2ed5c5b2de8985babb09eabf57e5846,20,0.19251502240296858,0.75,15
S007-EX27-DECOUPLED-ENTRY-BOUNDARY-01567,a074a740ce42240143304856654eef9179f03b102e24910bd6a107572bf829c5,20,0.20181305835723906,1.0,20
S007-EX27-DECOUPLED-ENTRY-BOUNDARY-01598,73cd53b352c578c40c468eef0586088404d2d340b8a4e3431039d73b2f33b6c8,20,0.20181305835723906,1.0,20
S007-EX27-DECOUPLED-ENTRY-BOUNDARY-02378,73cd53b352c578c40c468eef0586088404d2d340b8a4e3431039d73b2f33b6c8,20,0.20181305835723906,1.0,20
S007-EX27-DECOUPLED-ENTRY-BOUNDARY-00567,ede0b4f3b20c0b7e4e8d58af468ac573c2ceff55c2d0a83f5c82e90268718736,20,0.171932810625105,0.9,18
S007-EX27-DECOUPLED-ENTRY-BOUNDARY-02189,ede0b4f3b20c0b7e4e8d58af468ac573c2ceff55c2d0a83f5c82e90268718736,20,0.17133408888738977,0.9,18
S007-EX27-DECOUPLED-ENTRY-BOUNDARY-02075,ffef326732abd890aba6badf848320e6a7ebf9a41c11108078bd492e9aa2157d,20,0.18225751449842287,0.55,11
S007-EX27-DECOUPLED-ENTRY-BOUNDARY-02754,1eeefcbc44485cd1617486d776fd988d5c558a65020cbb04c0513c85e7d564d4,20,0.16528220635745938,0.85,17
S007-EX27-DECOUPLED-ENTRY-BOUNDARY-01828,701b4adf8524e790942b4576e5a69587f567b6247e172a40a51e79794ff37870,20,0.20677884846757533,0.8,16
S007-EX27-DECOUPLED-ENTRY-BOUNDARY-01533,11d7b1388d83491e37cf0b5936ebe210fb20aff31ab183f0d11171fc8b14449d,20,0.10581027747081351,1.0,20
S007-EX27-DECOUPLED-ENTRY-BOUNDARY-01657,08a2903dd08e5c174b225ac8fbbf28db677e5585cdc05efc39a93cf95a32a331,20,0.15690263205399457,0.7,14
S007-EX27-DECOUPLED-ENTRY-BOUNDARY-02562,ee5c7a62865a2a7b7bcc96f97a681ae06e35b3dc92e3ff563a08e8bdfe84e971,20,0.18977522096095623,1.0,20
S007-EX27-DECOUPLED-ENTRY-BOUNDARY-02148,5c66ce410e1d63f0cf2379673fff5bda61fef690d902c83a1314f4f2603f8fbc,20,0.1502257800353024,1.0,20
S007-EX27-DECOUPLED-ENTRY-BOUNDARY-00793,ed6b5c8378a5fc4921f622442efb97d5805f66186ae6cb24477049f961fa30fe,20,0.22072402724915385,0.45,9
S007-EX27-DECOUPLED-ENTRY-BOUNDARY-01347,c2c9a7575766e3fcab33b45e01b4a23bb9ecabc20bc4ba909713e9d3cfb3a2cd,20,0.2913841808870783,0.1,2
S007-EX27-DECOUPLED-ENTRY-BOUNDARY-00735,6560c2a3436d46fe5f36f23af6469bd7fb55fd7fed58e592aeb2b130bfcacf0f,20,0.14537520974532017,0.8,16
S007-EX27-DECOUPLED-ENTRY-BOUNDARY-02799,189ac3a9023290d7be9e5c6f15055436b3d0ed918ca953f043446e0211a73f79,20,0.1502257800353024,1.0,20
S007-EX27-DECOUPLED-ENTRY-BOUNDARY-01446,a0507135311c7b060001e47743cc4734e4c52125aef6f2cb83581acea3dc562f,20,0.1890521286359843,0.8,16
S007-EX27-DECOUPLED-ENTRY-BOUNDARY-02358,6888c72e5e4df33853b8e3fbbccd29c3ffd4af0a0d8e4ba353b7eaff250475c3,20,0.1502257800353024,1.0,20
S007-EX27-DECOUPLED-ENTRY-BOUNDARY-02224,cb77b896240eb145e85c3640493c4b7019c88e2e8eb216fdc29ffc2dadd2cc34,20,0.16898595025653007,0.9,18
S007-EX27-DECOUPLED-ENTRY-BOUNDARY-02956,d19d216386d2792e14fd39fb24b5c6e0346be27989be55d6859e96d32b05239a,20,0.1502257800353024,1.0,20
S007-EX27-DECOUPLED-ENTRY-BOUNDARY-01596,bec6a94045616343b6a2fe8ae640f26ba2a8ebfe90f7e594cebde1ae92643b71,20,0.15690263205399457,0.7,14
S007-EX27-DECOUPLED-ENTRY-BOUNDARY-00972,6ae38bb03f8dd99cd0efbcc34e0c7fd70841ccfd111819cfebecd2329eaf7eea,20,0.14223738039099487,0.95,19
S007-EX27-DECOUPLED-ENTRY-BOUNDARY-00939,02da811badb82f8f98855286af31f165933980a6d4f94f566955bf02234e3e95,20,0.20677884846757533,0.8,16
S007-EX27-DECOUPLED-ENTRY-BOUNDARY-01627,4992145f6fd1c0787125070387e0e1020e2b217e4c17fdf1b157d4392618efe7,20,0.10581027747081351,1.0,20
S007-EX27-DECOUPLED-ENTRY-BOUNDARY-01836,843bfd9d85158011a5ae27d4aac645a75617f42d4e1f74002eff7dbe4c911984,20,0.15748210870535384,0.45,9
S007-EX27-DECOUPLED-ENTRY-BOUNDARY-01425,f1cbbc43acafb1b581c1cb4df783966163af8e5a20595127751699096635cb6a,20,0.10713760895507884,1.0,20
S007-EX27-DECOUPLED-ENTRY-BOUNDARY-01864,c2519abd9776754813008d2c3b20fbbcde36f9d28757d2fd9e999e737be9bb4b,20,0.16769547643277039,0.95,19
S007-EX27-DECOUPLED-ENTRY-BOUNDARY-00747,297e0bfc58485385f61561765df32625aad567034a6a1d203b509af4f97622b5,20,0.2210147281403647,0.45,9
S007-EX27-DECOUPLED-ENTRY-BOUNDARY-01784,2b872a75984d7b5de1bc36aa9b9909f14039ad37c7bd193727abe593a81edd7a,20,0.20677884846757533,0.85,17
S007-EX27-DECOUPLED-ENTRY-BOUNDARY-02936,f969f59930f0ef53e4ed1498782f5fd54baedccc2d99dbfb1352374522f2273a,20,0.09618732398590679,0.9,18
S007-EX27-DECOUPLED-ENTRY-BOUNDARY-02015,2db09976672e2191118ff203e19dfacafec59653598cf3d853e67764a5b03f78,20,0.20181305835723906,0.9,18
S007-EX27-DECOUPLED-ENTRY-BOUNDARY-01880,664c5dd50dfd93a396e6ea792edb42249c2f657a1acf42562573883cbb720375,20,0.12838188417652008,1.0,20
S007-EX27-DECOUPLED-ENTRY-BOUNDARY-01699,f175e5bfcb8a0821cd627e79c81f3eaa64c680e3533cc1f697ee162a8cf01ec8,20,0.18223852494755965,0.5,10
S007-EX27-DECOUPLED-ENTRY-BOUNDARY-02932,14eb97ab89a95dbb7813ddeb3351f83ab40ec773abeb6c8326e3b663680a19b5,20,0.2210147281403647,0.9,18
S007-EX27-DECOUPLED-ENTRY-BOUNDARY-01180,6f41ff983cdf463ec51eaf3e1953378186e1d849266ad6c065a78934a3f8dd17,20,0.18977522096095623,0.9,18
S007-EX27-DECOUPLED-ENTRY-BOUNDARY-01770,27c43150034be60930f89ce2366a6cf517a14ef5967603acbb0b5b8f3f44bd97,20,0.3026020609049732,0.6,12
S007-EX27-DECOUPLED-ENTRY-BOUNDARY-02242,8acc2462c4392dfdb46241ca7718c375d075fcc2167b6e29c5b88d5b36fce29e,20,0.1033742941058306,0.85,17
S007-EX27-DECOUPLED-ENTRY-BOUNDARY-01875,b7c0934d66b409312ed0a71324c78975767defea8da9f929f96f40fbebed2a4f,20,0.20181305835723906,1.0,20
S007-EX27-DECOUPLED-ENTRY-BOUNDARY-02312,acff32ca5ac88f420a007285ec655889a5b87f408afd66a4e4a759cb6c7e60ee,20,0.14832861870460623,1.0,20
S007-EX27-DECOUPLED-ENTRY-BOUNDARY-02802,03a4eedf84510624b59b8ab1ff25a28c6c49af8806ce34794eecd8e00bbcf93d,20,0.18977522096095623,0.95,19
S007-EX27-DECOUPLED-ENTRY-BOUNDARY-02972,bd88c4eeed16fc41e8577b9fe7898da26bfde430597fd90a12bd59c427be484c,20,0.166190691659985,0.8,16
S007-EX27-DECOUPLED-ENTRY-BOUNDARY-02772,8720e67b38cd306ab345d07898acc4c67bf86712089935c9a207515d0910db2c,20,0.09960459713933534,0.85,17
S007-EX27-DECOUPLED-ENTRY-BOUNDARY-01237,3dc254bedd2e3f03f275054979ba997baab033cc2d2e821acbdebe47ec3fa59d,20,0.15690263205399457,0.7,14
S007-EX27-DECOUPLED-ENTRY-BOUNDARY-02675,9355bdcdbad1a645a6710d317db939427f6700b9a3c12682bfdffc129ca49a62,20,0.15690263205399457,0.7,14
S007-EX27-DECOUPLED-ENTRY-BOUNDARY-02125,cc6748dbb124d401787ed55c8cc669166c15f6b0b9d14119abd2ed448e783596,20,0.2210147281403647,0.5,10
S007-EX27-DECOUPLED-ENTRY-BOUNDARY-00929,de24b11dda9bbf6f7e05ca00e77a7280da50846742a3bdcf38e0cfbd5a1fd5c7,20,0.09374330178608836,0.85,17
S007-EX27-DECOUPLED-ENTRY-BOUNDARY-01638,deb3e967fd31caa18d7537a2650cbe382cba9f0a0d4aae67b6b847a1208c98b8,20,0.16229490655792467,0.9,18
S007-EX27-DECOUPLED-ENTRY-BOUNDARY-01977,05e6def6dfab893d399fea0c6d0cb22f1bcd046a52574fccd37980f8330fd027,20,0.1555061434448723,0.85,17
S007-EX27-DECOUPLED-ENTRY-BOUNDARY-01029,c0f7729558272cfe0db2529d50e2a4d97978abefb279bf80fae5970c3257e9a4,20,0.16229490655792467,0.9,18
S007-EX27-DECOUPLED-ENTRY-BOUNDARY-01142,58f8d0f3db42a667f619c2be8e0e419d0eefb8294d27c763f5f9844e78886e4e,20,0.18889002085799733,0.95,19
S007-EX27-DECOUPLED-ENTRY-BOUNDARY-01096,dc21abadef99aef02ef3986c0b71aa582b860342d818e2cfd1c3091ed509a55d,20,0.17065914007716249,0.9,18
S007-EX27-DECOUPLED-ENTRY-BOUNDARY-01732,0bf37547e529a21a2bb1fd98ae214d6e59808d72d8692113e694f8a84aa87cf3,20,0.18977522096095623,0.45,9
S007-EX27-DECOUPLED-ENTRY-BOUNDARY-01354,d78ff0292944d742741c0a1cce9fa8cd6b0fd815a4bcb039fa4eb1a3b8f98703,20,0.16641062099614534,0.7,14
S007-EX27-DECOUPLED-ENTRY-BOUNDARY-02214,06c26ca877bb7371fe46776568c16174dfd848a85b0ddc820513f9feaa9d7544,20,0.18889002085799733,0.7,14
S007-EX27-DECOUPLED-ENTRY-BOUNDARY-02370,9cc4d283e9a08336228b66451fc5dad5985bf3402cb3b54b7ad18d4642e71b69,20,0.12151008077708692,1.0,20
S007-EX27-DECOUPLED-ENTRY-BOUNDARY-00729,708534aef65877ec34d51f4360d2cb02833b3e04eff6c788bbef3f3d2c1f0620,20,0.20677884846757533,0.5,10
S007-EX27-DECOUPLED-ENTRY-BOUNDARY-01243,d6b268bc1b5a4e47058ba609ea0b2a7d424e1ac756f6edb44e586c163fdee167,20,0.14678942840545883,1.0,20
S007-EX27-DECOUPLED-ENTRY-BOUNDARY-01301,c15a3b6ff078027e05ba2591f65cc6ba94ec1f4dd4e061f6a1d92160533ec7e3,20,0.12675155415440187,1.0,20
S007-EX27-DECOUPLED-ENTRY-BOUNDARY-01641,cd802c8518ed4431da449d0314462f064be65a82a54317687a4e974432eaee77,20,0.17668286083784146,0.85,17
S007-EX27-DECOUPLED-ENTRY-BOUNDARY-02462,83b149b33af54a73eed09d3bd683dde0ab3420978db8bb59fd3a71b2b164364c,20,0.1507758038182807,0.9,18
S007-EX27-DECOUPLED-ENTRY-BOUNDARY-01621,ca20df6cd741bb2995038f8ba97edf0269bcde48fed279b21f1858814bb36d73,20,0.20677884846757533,0.85,17
S007-EX27-DECOUPLED-ENTRY-BOUNDARY-02463,9fe8e2c3dacea9f4a891d47aedf455d68c40582a15d2aecc5ba4d750b4e7265b,20,0.1408874496595781,1.0,20
S007-EX27-DECOUPLED-ENTRY-BOUNDARY-00940,10aa66cd28c60588c24a75c10631ef0bd4aa9b97d8ca9885ad5715c0b85b0167,20,0.18889002085799733,0.95,19
S007-EX27-DECOUPLED-ENTRY-BOUNDARY-02291,0e0a4b52f596c4a3a52b65f089c296696db2a9ef776433771f44b63e3ec30385,20,0.1555061434448723,0.95,19
S007-EX27-DECOUPLED-ENTRY-BOUNDARY-02392,0e0a4b52f596c4a3a52b65f089c296696db2a9ef776433771f44b63e3ec30385,20,0.1555061434448723,0.95,19
S007-EX27-DECOUPLED-ENTRY-BOUNDARY-01794,6b55d1d48e132628645bdfa11f4031e25a9d28232ca1c66c8c5765914146c6e2,20,0.1555061434448723,0.95,19
S007-EX27-DECOUPLED-ENTRY-BOUNDARY-01173,3484c1946cfca11ad69cc6a29f7f5b1b048189ea110d74927499eb5d6ba786c3,20,0.10818275105453612,1.0,20
S007-EX27-DECOUPLED-ENTRY-BOUNDARY-01281,f6c3fc7c9b98e68973f02641602eed66b834bfabcaf1c93405beaf9ca6bee1d7,20,0.15449764573980274,0.85,17
S007-EX27-DECOUPLED-ENTRY-BOUNDARY-01703,d83e31550d8ed8d47190c9bc1d0dd59c81744084d81a618f749169c5ac4a4bd8,20,0.15690263205399457,0.65,13
S007-EX27-DECOUPLED-ENTRY-BOUNDARY-01992,fc9d1259488da1872fb50870026f045a385941d2d3f6d009c074126228239270,20,0.13045064904027925,1.0,20
S007-EX27-DECOUPLED-ENTRY-BOUNDARY-01175,422d719a10071c7fbd8b6ae820c297137b36a1fd2fdb998adc6f5ac2794af7d8,20,0.1825843942142712,0.65,13
S007-EX27-DECOUPLED-ENTRY-BOUNDARY-01302,2b58404a695b8aea91645301f16a815bce9a492413d5ec55cc12e2de92e7dc29,20,0.18889002085799733,0.9,18
S007-EX27-DECOUPLED-ENTRY-BOUNDARY-01283,ff98a78aa48c8f320dd767d701dca5590cbd1f61c0439f72e24a925bcb1e2151,20,0.27381459692650845,0.4,8
S007-EX27-DECOUPLED-ENTRY-BOUNDARY-01806,13394ea43c432fe4c77282cf4900d4553f062d526ff9e150b99504c1fa15da1f,20,0.12874462959168076,1.0,20
S007-EX27-DECOUPLED-ENTRY-BOUNDARY-02188,d69923028cfec1e438b0467c157fc57779ce520175f8801b11f8e4b2d92647ce,20,0.1555061434448723,0.95,19
S007-EX27-DECOUPLED-ENTRY-BOUNDARY-02492,7b7156d0a26171562140a2f8f715bf5e5473bfa9779a59902181c51db11f54a3,20,0.17133408888738977,0.9,18
S007-EX27-DECOUPLED-ENTRY-BOUNDARY-02394,2397765b680e951a84685134c217b51179f5edcfc6fabbd4296e6576a5663f91,20,0.1874200596509955,0.9,18
S007-EX27-DECOUPLED-ENTRY-BOUNDARY-02504,61ec0caeb01237cc1e674f59ee13fa7fbdc9456587c1e2b55a5e84eaa4e96fed,20,0.20181305835723906,0.85,17
S007-EX27-DECOUPLED-ENTRY-BOUNDARY-00973,b4622d687a4849c622f02fe8544ff044af1f083940943632bec9532ba1aa9e8c,20,0.16229490655792467,0.65,13
S007-EX27-DECOUPLED-ENTRY-BOUNDARY-02053,49828cce666477c2fcf11eb10fe5d6ffed15fbc9677e446f0f64f0c9dddaef45,20,0.1680413419354485,0.9,18
S007-EX27-DECOUPLED-ENTRY-BOUNDARY-02605,75fe3a59c1a750d7f4490f5b00225687d7712449706c3c26d5674b18c5627da4,20,0.14351289152379354,1.0,20
S007-EX27-DECOUPLED-ENTRY-BOUNDARY-00680,b098465f77b8596290e42ee5fc9c086f857b1a1af8fb4fcbabfc773f46b5bf21,20,0.14537520974532017,0.75,15
S007-EX27-DECOUPLED-ENTRY-BOUNDARY-00906,557c27118961c8f154973e580971fe859e5e52811619a559615280cec9a2b4c4,20,0.18818303763284272,0.7,14
S007-EX27-DECOUPLED-ENTRY-BOUNDARY-01705,b73b12f440236956f18e3809cb94b5136c496dc45da9ec329c7a1b54830c494c,20,0.25591157761637473,0.75,15
S007-EX27-DECOUPLED-ENTRY-BOUNDARY-00860,eacb30fb13c4c5a9ec894c294a429bfee6544fffce884576354bd34bc9a3b4ce,20,0.20677884846757533,0.8,16
S007-EX27-DECOUPLED-ENTRY-BOUNDARY-02514,67a8fe21177d255f2057937d612da18b93faa5d0abee18e9f485b33d80cc59a3,20,0.18977522096095623,0.85,17
S007-EX27-DECOUPLED-ENTRY-BOUNDARY-02451,d0de027dd8e0ea01f9fba295013c2a71d369e27f36c426dd9823b852b9fab83d,20,0.18158341249633958,0.5,10
S007-EX27-DECOUPLED-ENTRY-BOUNDARY-02430,8aa505e21b777127e85eeb3e46bdff6b6fc93e1c9d6344a42772eac60f8cce56,20,0.1555061434448723,0.95,19
S007-EX27-DECOUPLED-ENTRY-BOUNDARY-02617,622be21b9b7e8165da3e714d01ec5634f3b6951d623a982b434d027ef50f33bf,20,0.09960459713933534,1.0,20
S007-EX27-DECOUPLED-ENTRY-BOUNDARY-02767,800a0e805a000815453831ebdf45862e3ae9912b59931d690b20218e2a537e6c,20,0.18977522096095623,0.3,6
S007-EX27-DECOUPLED-ENTRY-BOUNDARY-01069,56a45abf504815cd227fab188db74ff8232f7929c1f6d4fd9cabc64fb7fecea7,20,0.23364104132348867,0.5,10
S007-EX27-DECOUPLED-ENTRY-BOUNDARY-02315,16b1f28a4547ed0d18a33a58c48d02befd1319cfb203cb2bc820b801fe10165d,20,0.14854931423872364,0.9,18
S007-EX27-DECOUPLED-ENTRY-BOUNDARY-02653,16b1f28a4547ed0d18a33a58c48d02befd1319cfb203cb2bc820b801fe10165d,20,0.1555061434448723,0.95,19
S007-EX27-DECOUPLED-ENTRY-BOUNDARY-02469,695708c294129e40875d9b625ad7d987b5dafb4fb0168a911a069ecab548c63c,20,0.11968724738765524,1.0,20
S007-EX27-DECOUPLED-ENTRY-BOUNDARY-02631,b0d103be9ed65c263dad7b64c4c71e06a692305e27f3cadf1dc282285c8e2471,20,0.15690263205399457,0.65,13
S007-EX27-DECOUPLED-ENTRY-BOUNDARY-02031,d92a878b7886a7531e4104b1cce6f3a8c917f38535c528bff3c7a676e13b760e,20,0.15690263205399457,0.95,19
S007-EX27-DECOUPLED-ENTRY-BOUNDARY-01762,7d542f711aeeecb9591265af62ec66be4503a92ed69059f3c1985fbe1c499f04,20,0.09960459713933534,0.95,19
S007-EX27-DECOUPLED-ENTRY-BOUNDARY-01830,8a46eec0d549bd9aabb10f300039893b4c7e925dfe6859e0b23571b3df728138,20,0.19583673407601787,0.75,15
S007-EX27-DECOUPLED-ENTRY-BOUNDARY-02319,ac564b6c53e0394d4355cc20adc01c4954392b5611dbf9228d533bfbdfed2f54,20,0.1825843942142712,1.0,20
S007-EX27-DECOUPLED-ENTRY-BOUNDARY-01773,959a43bea8d2ac2dea2bfbebb01a486c59f91a8273c270dcde5898aa05ed6845,20,0.1537786150825884,0.8,16
S007-EX27-DECOUPLED-ENTRY-BOUNDARY-02369,cf1af05dafb72ae22828b95708c083a2dcc9051522a79044730bcd15f4b3998c,20,0.14832861870460623,0.9,18
S007-EX27-DECOUPLED-ENTRY-BOUNDARY-01982,a36acc002abe21804cfdb62de7957f981c6a6e786b51a88d9efe653ea6b97b02,20,0.18889002085799733,0.95,19
S007-EX27-DECOUPLED-ENTRY-BOUNDARY-01506,3c323abc4cf93816c46e8b9049baf543dfaf6b62a2c02a2a04a9f159bb3a8c80,20,0.25364920794011103,0.6,12
S007-EX27-DECOUPLED-ENTRY-BOUNDARY-01016,24958dbfb3caed2a92290a50ceb23fad12869434e39bfdf31ffa40df8b4e4862,20,0.18889002085799733,0.65,13
S007-EX27-DECOUPLED-ENTRY-BOUNDARY-02532,8a8d36806fd610e3edf5c48c3c5bc93e991eadd8f981fb8199d5e4e09c95fb02,20,0.15690263205399457,0.9,18
S007-EX27-DECOUPLED-ENTRY-BOUNDARY-00887,cf86f3a8c579831bf9e3dfb2f17676ece3dd10440ecf82c22f3d357e19a405a3,20,0.11820629192570253,1.0,20
S007-EX27-DECOUPLED-ENTRY-BOUNDARY-00607,ef5914122b60121b8bf678b5e42831099355d2567d7a9bb298de7275f90cc23c,20,0.1563069804770394,0.95,19
S007-EX27-DECOUPLED-ENTRY-BOUNDARY-02806,0c90d542f6f2489d9b5366fe664bfafb99ebf9c39cc3caf86ac13e0be6e12d7e,20,0.14678942840545883,0.9,18
S007-EX27-DECOUPLED-ENTRY-BOUNDARY-02174,3d4491bf3a035e4915f4ad2f4de3efec770e6a3b9e763a2e5eaf751df54c0fe8,20,0.18889002085799733,0.75,15
S007-EX27-DECOUPLED-ENTRY-BOUNDARY-00479,a250a85a98a3fee374036a9e42cfcc217bf8b5115ade3ffb5657a0cd72d752bf,20,0.18977522096095623,0.5,10
S007-EX27-DECOUPLED-ENTRY-BOUNDARY-01609,f215d96795b7dce0c0921bbe5afa15ea612ce7ddef80b0f3e83a43ba402ac6fc,20,0.17567190527093435,0.25,5
S007-EX27-DECOUPLED-ENTRY-BOUNDARY-01182,990e7e1b6798bf1992eb2a912ecea010053f0258ba3ee05569d216984452378f,20,0.20677884846757533,0.7,14
S007-EX27-DECOUPLED-ENTRY-BOUNDARY-01149,5db3b6c3c0c7545d60cfef027e84f667c07b550f251d3e9d7d2f400565632205,20,0.2122094094943332,0.8,16
S007-EX27-DECOUPLED-ENTRY-BOUNDARY-02674,30841959bbc4d0fced2a06cbd9a5c71ebfd12caa17a5f745d5522f5068fb69a8,20,0.15690263205399457,0.65,13
S007-EX27-DECOUPLED-ENTRY-BOUNDARY-01554,3055cdc4a81e1d0a1f0ff282a40e2ca71af7abdeda50cfbdaa02e1ea2fe927ec,20,0.12874462959168076,1.0,20
S007-EX27-DECOUPLED-ENTRY-BOUNDARY-02749,195bec2b8fcbe85a3d6911d9867c6511700cf9aaa18adc31606794a53c454b9e,20,0.15102359014111677,0.7,14
S007-EX27-DECOUPLED-ENTRY-BOUNDARY-01896,8132ad490cf2d06a0adce52877287e0b0bf956ed2c4f11b2a1a86cc1ee66eed6,20,0.15690263205399457,0.85,17
S007-EX27-DECOUPLED-ENTRY-BOUNDARY-01415,ac9c40ad13a512821de10473b10d9ddd596a2b7b9451edda83e5e968253def4a,20,0.14678942840545883,1.0,20
S007-EX27-DECOUPLED-ENTRY-BOUNDARY-01651,2a9ffafdbc7163953996444b747b7188252ef5b2cc0cdbbb65ec7a55f654c509,20,0.14223738039099487,1.0,20
S007-EX27-DECOUPLED-ENTRY-BOUNDARY-01643,28fe51e9e8900d376d49ff33a716930bfa09cf5606845ab257c5737bc1abc266,20,0.16229490655792467,0.95,19
S007-EX27-DECOUPLED-ENTRY-BOUNDARY-01037,1439620c494df3a647ce633bf564bbce7aed2ae04712b21ecba6b7b5add0984d,20,0.17888582145861798,0.95,19
S007-EX27-DECOUPLED-ENTRY-BOUNDARY-00974,0710957816915a0de2224908b7b4bed674b2a073d0017a0b9c5e5416edb2fa31,20,0.1623552527882619,0.6,12
S007-EX27-DECOUPLED-ENTRY-BOUNDARY-01513,ae112967547069f261acb1ce88e11b0725f8eea08c6c8abfc786eff31fdf868d,20,0.1794912287155097,0.75,15
S007-EX27-DECOUPLED-ENTRY-BOUNDARY-00897,3246b57e8c715c6405795e0dd415f5e60f913ad4e9cd22f1d85cef8cad897b71,20,0.14954895007443125,1.0,20
S007-EX27-DECOUPLED-ENTRY-BOUNDARY-01639,633dc96ad3a58e2c07ff68f91d3b157472d6c3b9a71b2d55946259bb02080319,20,0.11596099788200165,1.0,20
S007-EX27-DECOUPLED-ENTRY-BOUNDARY-01526,1caeee10b9e82e570f8930719a222c96001448275d2b5f7928350946bb3397d5,20,0.13873992790826484,0.8,16
S007-EX27-DECOUPLED-ENTRY-BOUNDARY-02704,d410efa1d3fa678f451e43525771a34d73ca356fbf6f6e65959f59751cfc865b,20,0.1505111394277751,0.9,18
S007-EX27-DECOUPLED-ENTRY-BOUNDARY-02789,d410efa1d3fa678f451e43525771a34d73ca356fbf6f6e65959f59751cfc865b,20,0.1505111394277751,0.9,18
S007-EX27-DECOUPLED-ENTRY-BOUNDARY-01138,af554c4d463f059f6dbfde213b5aa237978a2b9f1a3c872d5380f8d257dbf01e,20,0.2947189819185032,0.55,11
S007-EX27-DECOUPLED-ENTRY-BOUNDARY-01154,31d8a57a8d6d44670308766cdaa06e791a2a4032a0bca6f49e8c3bfddcc1e237,20,0.16264069693559646,0.7,14
S007-EX27-DECOUPLED-ENTRY-BOUNDARY-01242,e6d8b051f5f19c79f89435f8c2a6d3fbedc3888ef2cfa11a5575d45480d42f60,20,0.12675155415440187,1.0,20
S007-EX27-DECOUPLED-ENTRY-BOUNDARY-01323,007377317cc683cfc273e0d6ea023a9fea38fdeb03fa670ab8bef0bb19965948,20,0.20247812278837363,0.6,12
S007-EX27-DECOUPLED-ENTRY-BOUNDARY-02018,2d9fc655da141099fcaaf236a40e5de28201326527be9b8e2cfa0d1ae3afd3b8,20,0.287194634746363,0.9,18
S007-EX27-DECOUPLED-ENTRY-BOUNDARY-02318,bdbcc5e85e1cf87e5d43c08c3c9e77018bf48d29171c3e3ea1ab43d141c8e46d,20,0.19345823841036092,0.45,9
S007-EX27-DECOUPLED-ENTRY-BOUNDARY-01605,270132a43dc98f2ae637a5d620204d6246e1b22147a3888bd5e875f570538d06,20,0.18889002085799733,0.7,14
S007-EX27-DECOUPLED-ENTRY-BOUNDARY-02277,b69fa0cf66788b5c71c0edf72abc9e4c78992dc0eafb7db63ef2663c801fe349,20,0.18889002085799733,0.7,14
S007-EX27-DECOUPLED-ENTRY-BOUNDARY-01722,09afe1d2fe9583f2533ab15384db09eafcb4e4586e1b1b2d4c3ab8c51c116dee,20,0.18344893507047488,0.45,9
S007-EX27-DECOUPLED-ENTRY-BOUNDARY-01868,da9ea398ae3a99c6d61954b2831bbb9c75a7c8e1c583055033922171aa64632a,20,0.13278731925507004,0.7,14
S007-EX27-DECOUPLED-ENTRY-BOUNDARY-02203,ba8d753dae5a31c1872d59b1270d143fc9c6405ede1a6db486dd048c6e204bfd,20,0.18889002085799733,0.65,13
S007-EX27-DECOUPLED-ENTRY-BOUNDARY-01405,642947551cc2aa8b9c4a7995244f3ded9e2e2d0b6c8929cb16918d9ed37c6613,20,0.18889002085799733,0.75,15
S007-EX27-DECOUPLED-ENTRY-BOUNDARY-02003,4f18a9a93c50a3e8e06616a92297b4d818d2128df5083ff9e1870ba42f8b1964,20,0.16512314661571037,0.6,12
S007-EX27-DECOUPLED-ENTRY-BOUNDARY-00968,97e1a2bfb6a7c8ce19870aa0424085e539020603bdf2d6aa54bc0923cd5ed0dd,20,0.1563069804770394,1.0,20
S007-EX27-DECOUPLED-ENTRY-BOUNDARY-00720,0a2c7c08f891553807543893918d98c912b99ff3347dec539b366ad92396d64c,20,0.16470913786379354,0.7,14
S007-EX27-DECOUPLED-ENTRY-BOUNDARY-01167,9196c9f196e8e442dd93c488780c53a0210a999dd655ee8785c4cf2f81d72c7a,20,0.18953056124223544,0.8,16
S007-EX27-DECOUPLED-ENTRY-BOUNDARY-00727,2b16ac87d74d65e7bfd3a2145b31c332559f397ee59dcfe2455724c1c5eb5ad0,20,0.1563069804770394,0.95,19
S007-EX27-DECOUPLED-ENTRY-BOUNDARY-00877,3cd0f3d738d00a32e2cce179d214882691dc8aa8973eec8b493656d27f54cf7f,20,0.20307135483919447,0.8,16
S007-EX27-DECOUPLED-ENTRY-BOUNDARY-00690,a86dd9846987afb60422e0efc4e89ab86e36c643bb52a60b727599e4bda7634c,20,0.17898854491547966,0.85,17
S007-EX27-DECOUPLED-ENTRY-BOUNDARY-02838,74628d84a484a778fab1bfdedf87fd12928bb6cc8d461bca8e31a2d6c28b6b9d,20,0.16446717608488504,0.3,6
S007-EX27-DECOUPLED-ENTRY-BOUNDARY-02666,2d38eb996bcbbbe37ee7f35a989627c9d4485ef73c29ca4a0b37cbbd5e9da789,20,0.16917739472058946,1.0,20
S007-EX27-DECOUPLED-ENTRY-BOUNDARY-02709,dca617ebf15751858a4a1a37420954ae0d9075c4dbcf37b0376560133e6a9fc6,20,0.24930609639317902,0.2,4
S007-EX27-DECOUPLED-ENTRY-BOUNDARY-02356,abe2266640ccb6d19e7d6b75deaee0ab7bb0e10475068e8a121902f89d72d9a8,20,0.15690263205399457,0.9,18
S007-EX27-DECOUPLED-ENTRY-BOUNDARY-00875,874cc44aa93752c78bca5a97fc12814490f26446d453cc4e8842cf9c3e4d34ae,20,0.1563069804770394,0.95,19
S007-EX27-DECOUPLED-ENTRY-BOUNDARY-00949,1ea59fed7fa32c6037716db9dc527d84f18f0175d35099dc979b90e361fc947d,20,0.16166830164648283,0.95,19
S007-EX27-DECOUPLED-ENTRY-BOUNDARY-01435,1cfded62af19648f8f52f5ff3d6b2190b86ebcdc80a8fd915e27bb65520afc20,20,0.16229490655792467,0.9,18
S007-EX27-DECOUPLED-ENTRY-BOUNDARY-01634,5f73518fa9c3326ee4d62d2f20fcc7488c7795327b762f3327f9ee5294e39982,20,0.2122094094943332,0.8,16
S007-EX27-DECOUPLED-ENTRY-BOUNDARY-01262,c999337e3a87e8d21dc3df83fcf9eba8cdd42bb63a8380c95542ff1d52071dcf,20,0.18977522096095623,0.75,15
S007-EX27-DECOUPLED-ENTRY-BOUNDARY-00755,775728473f85168ecbbf11fadbc757849f0dc7eb715f7243fdfc43aeed8b4527,20,0.171932810625105,0.75,15
S007-EX27-DECOUPLED-ENTRY-BOUNDARY-01485,6ccc9461c6c6c83ce64b507230a524c4d0e3f53fdedfe501762530134145e8c9,20,0.1760699696153828,0.75,15
S007-EX27-DECOUPLED-ENTRY-BOUNDARY-02036,65c3edc3d44e1c440ce750e2404e4d976c713605b311fc8744345baffe289680,20,0.1680413419354485,0.9,18
S007-EX27-DECOUPLED-ENTRY-BOUNDARY-02343,0e674189d2223b6c02badeabf16062197972bfb17e5a32ae5fb7eba42fb34a92,20,0.20181305835723906,0.65,13
S007-EX27-DECOUPLED-ENTRY-BOUNDARY-01895,731443b625202a53d01b6cbc4a3800651dc07bc87bc0069733cec588724523e4,20,0.1537786150825884,0.9,18
S007-EX27-DECOUPLED-ENTRY-BOUNDARY-02297,2caadfb2716bdc410a9681bb276cd23d1ed512ff0d9ee6a23feb55f34fc0b39f,20,0.20181305835723906,1.0,20
S007-EX27-DECOUPLED-ENTRY-BOUNDARY-01431,cfd5c29df4627a8e0e8619658b5ee11e0f56f2aef368b1a020905c3300473c9f,20,0.2122094094943332,0.95,19
S007-EX27-DECOUPLED-ENTRY-BOUNDARY-01957,cf612ffbc06c0dab81684ab8b6cc2c7947e95a8c80fadb82f12538c5c5fcbb4e,20,0.20181305835723906,0.5,10
S007-EX27-DECOUPLED-ENTRY-BOUNDARY-02485,16056f89156faa63c4ca4ebda0e7af10252a0ef1f2de1c5f2786afb8b3027031,20,0.1733890201472824,0.9,18
S007-EX27-DECOUPLED-ENTRY-BOUNDARY-02198,d206edc394caf0d8b9f6dd8c6d9b8c0fc37a0a58a8b61ff0981f8224229e1f7c,20,0.1890521286359843,0.8,16
S007-EX27-DECOUPLED-ENTRY-BOUNDARY-02994,6d57b34451194f7f04a5267fbaa57dfca720be5d0ca9178856e0135805f69606,20,0.22719420068677776,0.7,14
S007-EX27-DECOUPLED-ENTRY-BOUNDARY-01407,adeef542bf4c7edfd805f9e6c6e6a902231e6e6803ea984fc9f9f1d11238d315,20,0.22352838719232732,0.7,14
S007-EX27-DECOUPLED-ENTRY-BOUNDARY-02480,fdce9a56a3ce876ae2813deb364be8c174590132714de25cfc1f36c08639fccd,20,0.16100023418051856,0.95,19
S007-EX27-DECOUPLED-ENTRY-BOUNDARY-01650,857e1a868818aa569a9e7d8aeeee603ca3a3b56465fc256ac2a5b6d74a3894e0,20,0.126877217558358,1.0,20
S007-EX27-DECOUPLED-ENTRY-BOUNDARY-00678,41f2ffdd4251b8f31f5be9e64cd3eb7f2a118c704c12f7c50e4df6463845d930,20,0.21470061343567215,0.85,17
S007-EX27-DECOUPLED-ENTRY-BOUNDARY-02256,c0ca0d55e501aff57a12bc0ce0194fc8f0e1c94d880a9b4219eca8bbd5222098,20,0.15049938387850958,0.9,18
S007-EX27-DECOUPLED-ENTRY-BOUNDARY-01222,e4d1fd44f15cd36f627ec9fde29a29718148b993319f21ce3c167a159f48764a,20,0.15449764573980274,0.85,17
S007-EX27-DECOUPLED-ENTRY-BOUNDARY-02734,f6015da044aa07c3a6866aad5d3efb93cbded3891e7f1a7141e06936ed5132a8,20,0.16037149439910325,0.75,15
S007-EX27-DECOUPLED-ENTRY-BOUNDARY-00895,994016d292a848b79a67513ee0d0a90d0af4f975a3d42623a22bf742d085ea7f,20,0.2219318162726987,0.55,11
S007-EX27-DECOUPLED-ENTRY-BOUNDARY-01045,d99d1799eed3a1e202d30ad8571759818c65ef7c2e9c8462d8ae7b0eaad42567,20,0.16166830164648283,0.95,19
S007-EX27-DECOUPLED-ENTRY-BOUNDARY-00459,845eefa58e034fa401ea69390e7cff8dcc888e15a020ee7a09f7d06fa5d99b6a,20,0.1563069804770394,1.0,20
S007-EX27-DECOUPLED-ENTRY-BOUNDARY-01465,55e981b8f159b4cc3bca7e7544790698310c3c55cf0352186da2b8fdfc7039b4,20,0.1825843942142712,0.9,18
S007-EX27-DECOUPLED-ENTRY-BOUNDARY-01564,a0d7fa6eb6eeeafb640dbe6a0929141cf9b266b09acb774d06e4481f10eb2a85,20,0.13298188199385885,0.85,17
S007-EX27-DECOUPLED-ENTRY-BOUNDARY-01480,eed7e67ff0414e0ede3400ccf9aa547b739221ae56508c424861b42349bdc575,20,0.15114680166608685,0.7,14
S007-EX27-DECOUPLED-ENTRY-BOUNDARY-02620,af6a928405c04ae6c0fe450a5952c8e048723b38adac981bab0ffb7a6b252e39,20,0.20677884846757533,0.4,8
S007-EX27-DECOUPLED-ENTRY-BOUNDARY-00784,a35af20ca8bdef4c19fa9537e153d8d8c04ca1097812b73513fdb71cabe04029,20,0.17391944879180116,0.7,14
S007-EX27-DECOUPLED-ENTRY-BOUNDARY-02912,ac0fc9e2c8e4db98f685c4c09fad26277902c5fcfc237fa01b273a15c9753204,20,0.17898854491547966,0.85,17
S007-EX27-DECOUPLED-ENTRY-BOUNDARY-00759,e94d41036f3cc7dd47a7eda32794e6487d96c2ddcd6d2abbad11078c4a826e9c,20,0.1507758038182807,0.7,14
S007-EX27-DECOUPLED-ENTRY-BOUNDARY-01374,b76882aa68b641b897527c63f6e574e507737e7cf57583690ef96a6763063c78,20,0.20677884846757533,0.7,14
S007-EX27-DECOUPLED-ENTRY-BOUNDARY-00646,3a4c10ae6b8ff0b8dd7804818bb2694c2ff76520618aeb8755aef0dd22d3f80f,20,0.2423259457452579,0.7,14
S007-EX27-DECOUPLED-ENTRY-BOUNDARY-01139,f3f647fdbc27edf6372661f2d858fb24f9d8d949c3818ad8b6ae1f32aedefe32,20,0.18889002085799733,0.9,18
S007-EX27-DECOUPLED-ENTRY-BOUNDARY-01700,1f9dd038232063119ed60ae081f009e5657b7ce08e36cc7d11cdcfc992ddb419,20,0.18889002085799733,0.6,12
S007-EX27-DECOUPLED-ENTRY-BOUNDARY-02381,42ec9c41ffa139054c64ba43e30ca0e677017291310a8bc273401fc8500d6a16,20,0.1733890201472824,0.95,19
S007-EX27-DECOUPLED-ENTRY-BOUNDARY-02875,22a2921b000723593d202d5ee967d087868fe05b88f085be658f72f85d27f4c6,20,0.36916574128324287,0.4,8
S007-EX27-DECOUPLED-ENTRY-BOUNDARY-01968,2d548109166e8d3d6ed7cb2a90eb81e1d454aab697d302e0523093dccfa00ac7,20,0.16418772617927457,0.8,16
S007-EX27-DECOUPLED-ENTRY-BOUNDARY-01447,98dadca3aa9b88e69850007c9815d90d924ec5d9d493f6fb28f98e443a7d61b8,20,0.1563069804770394,0.9,18
S007-EX27-DECOUPLED-ENTRY-BOUNDARY-00728,a8742e570aaf32f60778f780131290cf8c8fc21b0bac9d2f509a9264179a66ba,20,0.2423259457452579,0.7,14
S007-EX27-DECOUPLED-ENTRY-BOUNDARY-02122,9edf42787260c0c13fc4105708a4981931f65a95a46add0cf40383b32340e04b,20,0.22236273451103017,0.4,8
S007-EX27-DECOUPLED-ENTRY-BOUNDARY-00015,8fc87633bdb5d26f65a4777dae9b5e0cbe630ef47f26a21a058440f9a0841cbe,20,0.18880007950908045,0.65,13
S007-EX27-DECOUPLED-ENTRY-BOUNDARY-00561,854facb29142d1a5500dd487e04d3b89743791778f2d731612ba3d947b9116a2,20,0.18880007950908045,0.55,11
S007-EX27-DECOUPLED-ENTRY-BOUNDARY-00863,eebf3961e346a9af8fdc519a1d4d00d57cad9e7a25d3a365c6daafabc5ace589,20,0.18889002085799733,0.85,17
S007-EX27-DECOUPLED-ENTRY-BOUNDARY-02235,4e12a5bdaf74b434bbe73e5b0d06eb7364bc9265747e927d3ec3c4c61a5cf2dc,20,0.17731197351327777,0.75,15
S007-EX27-DECOUPLED-ENTRY-BOUNDARY-00830,030b9b5586a01b41ac3b693d5b19db3ade46b666a50723886e37d0c72fd8274e,20,0.2628812143190292,0.4,8
S007-EX27-DECOUPLED-ENTRY-BOUNDARY-00819,c6c364adbd519afcff0ca0fd7228d13e72d9785292198aa1478fe7f95c13bf73,20,0.14223738039099487,0.95,19
S007-EX27-DECOUPLED-ENTRY-BOUNDARY-02797,e36bb2dc2fe8cdb750ae05ab7de6539dc76c3f8a588e6e0dff7daf5f6defe343,20,0.1555061434448723,1.0,20
S007-EX27-DECOUPLED-ENTRY-BOUNDARY-00673,1dbee0125c7dd874b4d81a909ae8f0d4848555f97d3b35d72e7d43739e7c52f0,20,0.2125889675228203,0.85,17
S007-EX27-DECOUPLED-ENTRY-BOUNDARY-00778,821191ca9c59219bb9d485816b3c92fedb95a38f714d84231e34faa3075f6952,20,0.18541462714654988,0.9,18
S007-EX27-DECOUPLED-ENTRY-BOUNDARY-01348,a3dd44c7e1969997e83ed1b73b13e2febf6a8003ea966996c20556f6efd0ef19,20,0.19316444997443072,0.55,11
S007-EX27-DECOUPLED-ENTRY-BOUNDARY-00534,926e5336c84886c2e37f823269b4f151b6b54c69777d956a6e2ad4af02cb2c12,20,0.1507758038182807,0.7,14
S007-EX27-DECOUPLED-ENTRY-BOUNDARY-01791,0ca04da5cdedfd3c9a05d81c47d68b5878066a2e94972d9057bb6e87b5bf701a,20,0.23305060405038058,0.85,17
S007-EX27-DECOUPLED-ENTRY-BOUNDARY-02771,4ec9c53a9e67871debd8a27808abcf1b826c7852c4e722867c2bdf04b89a7bb5,20,0.1555061434448723,0.75,15
S007-EX27-DECOUPLED-ENTRY-BOUNDARY-00889,7380c68d62e91fa09d4b3b422ce5ded2fa3b0dfec99c6b5c30b17cf56f450e68,20,0.17294963291533194,0.7,14
S007-EX27-DECOUPLED-ENTRY-BOUNDARY-01932,530f06e357a09c9caec2eb30e271271517023d7173145f859088e095fe344cfa,20,0.15690263205399457,0.7,14
S007-EX27-DECOUPLED-ENTRY-BOUNDARY-01266,1417f5f7aba88991f725796f26c130a453ee898747154eba53ff3b0d0b5186cb,20,0.1808969657894507,0.9,18
S007-EX27-DECOUPLED-ENTRY-BOUNDARY-00110,b5d64a28636395e067d10115d892594e8a5b907a30d1da424268205dd988f7ab,20,0.27561002483095554,0.35,7
S007-EX27-DECOUPLED-ENTRY-BOUNDARY-01772,7ac763064b153ee2da8edc42df95bd3b1d731fe43cbf1e433ed0925588e20f3b,20,0.1623552527882619,0.85,17
S007-EX27-DECOUPLED-ENTRY-BOUNDARY-01161,6683e8bcbb742b083d7c1e00a00ab7640baf990699b511a34a141d0df81c2dee,20,0.18889002085799733,0.8,16
S007-EX27-DECOUPLED-ENTRY-BOUNDARY-00916,a11e146a2de67191aaadc2a27beb54b6fd4dc2e628106c35547b67924cfc5bea,20,0.1673489524863131,0.75,15
S007-EX27-DECOUPLED-ENTRY-BOUNDARY-02067,0cedfcbc4f0c0f1c727516668a66372a28d1286d55b49604a921109018933242,20,0.15340493409310074,1.0,20
S007-EX27-DECOUPLED-ENTRY-BOUNDARY-00766,e3f3a41931460753f85e88113759c1ddff9b6435653a2bc5a24266f23d8496f6,20,0.18889002085799733,0.9,18
S007-EX27-DECOUPLED-ENTRY-BOUNDARY-00989,b05bc6713e6bd30b272a95ef4c47caa2a1b912f3a8a5981d1f5a55060cd40727,20,0.14223738039099487,0.65,13
S007-EX27-DECOUPLED-ENTRY-BOUNDARY-02043,b8db6d06eb09a963b61f8ddf5a2016228249095192ffef6eb74f7562ae4d3c7d,20,0.1555061434448723,0.75,15
S007-EX27-DECOUPLED-ENTRY-BOUNDARY-01817,47399f3de69e15a63f526974679e841fcdc57349b27cba219d66b729a195bcb5,20,0.1505111394277751,0.9,18
S007-EX27-DECOUPLED-ENTRY-BOUNDARY-02084,90368bd5ff0b2536be71a25e75f09ba32bd5b1d50843036347125aa7ad7bf6fe,20,0.2682591415832116,0.4,8
S007-EX27-DECOUPLED-ENTRY-BOUNDARY-01478,f12b299e229655a4d1002f89aace2b3738a25819dd47674a965f16b018beab32,20,0.2555534557488556,0.8,16
S007-EX27-DECOUPLED-ENTRY-BOUNDARY-02682,73bf0798ce6e2ccb6858d307f06b546728dc9438d14ead19da0172a8f8f0e6e0,20,0.1147132663531546,1.0,20
S007-EX27-DECOUPLED-ENTRY-BOUNDARY-02493,1847d19db32594b5a24834607de5e88dae21a99aa667d6ab88f5602877bdca02,20,0.1505111394277751,0.9,18
S007-EX27-DECOUPLED-ENTRY-BOUNDARY-02689,0eff76a6ae9e91d17555480b82e99b666d464395808fb60e27fa07242ea9ebcc,20,0.15542821582949173,0.9,18
S007-EX27-DECOUPLED-ENTRY-BOUNDARY-02719,3edd72739562143e00175877a6896d6a8ccd6c5d11563fd899b6574563d5a8aa,20,0.2729950857950927,0.4,8
S007-EX27-DECOUPLED-ENTRY-BOUNDARY-01164,777c4b487adefdfb12e4069613aa4a7a7bc4d3eb2049ed76f5ccf09fa665a519,20,0.18977522096095623,0.9,18
S007-EX27-DECOUPLED-ENTRY-BOUNDARY-01171,5050ec495f6291a4f3a6ab9b007c2f4dbc2795e9c46d6b8012f4eae0c6b24f4c,20,0.2219318162726987,0.55,11
S007-EX27-DECOUPLED-ENTRY-BOUNDARY-02484,613d14a62df8ea184e5d74ddcb039076d10a2c68c8a66deda2f9d68a05a5a6bb,20,0.15690263205399457,0.7,14
S007-EX27-DECOUPLED-ENTRY-BOUNDARY-02270,69033ef2a312b062bc88a534432513c4f51c42538d92f5bce26972b069fb11cc,20,0.14832861870460623,0.95,19
S007-EX27-DECOUPLED-ENTRY-BOUNDARY-01263,0bbc03464b399d570b61bed90a9bf4659d2ee9531fb83fa98eb62a0b070e3df7,20,0.1563069804770394,0.95,19
S007-EX27-DECOUPLED-ENTRY-BOUNDARY-00650,4ac98ccc468ffea29c72261ab1c1c0a6f3e66984cc89cceaf7c139a75c9568bf,20,0.13298188199385885,1.0,20
S007-EX27-DECOUPLED-ENTRY-BOUNDARY-00751,15eeacc398a11a417ce2beec29176839b9b5b8ee3903d164191699e8e203945c,20,0.1966403130054002,0.85,17
S007-EX27-DECOUPLED-ENTRY-BOUNDARY-02449,b0473b775c0ef4d0632b2b9f5dce9637de8cf01fe4d8d25f4f0fda8b965abc2b,20,0.18889002085799733,0.7,14
S007-EX27-DECOUPLED-ENTRY-BOUNDARY-01717,f106d0f81b0eb5884a7bae52e5585398c49fe7f732f2e280163ec20b4c405d29,20,0.15690263205399457,1.0,20
S007-EX27-DECOUPLED-ENTRY-BOUNDARY-01318,a98ec08fa54455c2fa93cbf8b2931273c78ec4737384db7d529f8894b5e3c6ac,20,0.22196827136328934,0.4,8
S007-EX27-DECOUPLED-ENTRY-BOUNDARY-02391,8d99257c57a21913e266de127d844b47ae6f996a53d0945953d51c7c3c1bd162,20,0.20181305835723906,0.7,14
S007-EX27-DECOUPLED-ENTRY-BOUNDARY-01679,4b9feb42126e67fb90715bac1e0f711f18294bf9b47889fbecf3bbc027fdf2b8,20,0.1537786150825884,0.9,18
S007-EX27-DECOUPLED-ENTRY-BOUNDARY-02161,81c802213af454b5a2a41f18f8e9c31696b6263218d170a05212eee1683ff20e,20,0.15690263205399457,0.85,17
S007-EX27-DECOUPLED-ENTRY-BOUNDARY-01538,b1d43c74114f8165e9af8ab72402d59e67edf5a2ea80de361b3378e0164b73a5,20,0.15690263205399457,0.8,16
S007-EX27-DECOUPLED-ENTRY-BOUNDARY-02655,0b52455a3d0b8e32b8a125fda12d1390f92a94d1ef4de8980f6b13f1d3e85c42,20,0.1555061434448723,0.75,15
S007-EX27-DECOUPLED-ENTRY-BOUNDARY-01495,8e976b2b967fa119bd5a73ce6bb7867fd4921fb6acc7803f38604903f4b9acca,20,0.1563069804770394,0.75,15
S007-EX27-DECOUPLED-ENTRY-BOUNDARY-01668,42a80115ddcf2038f98093672f3854f06f7878be7a3ea589f83237663dc63737,20,0.18977522096095623,0.8,16
S007-EX27-DECOUPLED-ENTRY-BOUNDARY-02229,d2f147b223af37636e65ccfaadf950c63f5382163ef9e6e5143ddc570053612e,20,0.18977522096095623,0.6,12
S007-EX27-DECOUPLED-ENTRY-BOUNDARY-00980,7c1854cb4ebfa450a86beced59143de533ce40d1ba09cbed8d0669ffd1cc5c31,20,0.1325492786170379,0.65,13
S007-EX27-DECOUPLED-ENTRY-BOUNDARY-01350,fd43f20d3718a8f3b755eb13f40eff989963c7b47747e3a455f06a9638d1ff00,20,0.1733890201472824,0.8,16
S007-EX27-DECOUPLED-ENTRY-BOUNDARY-01877,0386d0ec7d2e94a8c71dcb3d205d83069079efd2b1c04dfcb2d2cb965d2b61c1,20,0.18977522096095623,0.8,16
S007-EX27-DECOUPLED-ENTRY-BOUNDARY-02171,bba8fee8776bb13ec6b97280acade0dee30c68ff18f50e3c44fa97c6cdf13063,20,0.2241729600936595,0.3,6
S007-EX27-DECOUPLED-ENTRY-BOUNDARY-01543,590f07ca3ba303a5d63df7327f999fe1f8f9fce6b05a1a0cf81afa1a8ecaf10e,20,0.13873992790826484,0.95,19
S007-EX27-DECOUPLED-ENTRY-BOUNDARY-01081,2241dd9b8429bcb7e459bcf0fda3fa5e53a1e7c9d66876a7fb71dc3de4f4a1ed,20,0.20934516091760594,0.55,11
S007-EX27-DECOUPLED-ENTRY-BOUNDARY-02566,4781327d2a73d3081a16fd8169ac5564f905af1ac84c4c726eb0decac642e678,20,0.1315656307320745,1.0,20
S007-EX27-DECOUPLED-ENTRY-BOUNDARY-02987,c32ff978f2afd4aa6aa27da0bdb1c1cb0ea081573df455569e5261fa1b7eacb4,20,0.1505111394277751,0.9,18
S007-EX27-DECOUPLED-ENTRY-BOUNDARY-02679,85ca871f4a0aa5e806b96be7793c17102353d7734c661e23f6f78e113bbcdde9,20,0.09781730931020194,1.0,20
S007-EX27-DECOUPLED-ENTRY-BOUNDARY-00841,c0d2d35dea2c5d38ba4639b037191a905b950fecb21f141856c63165c765bbf3,20,0.1615915536515763,0.6,12
S007-EX27-DECOUPLED-ENTRY-BOUNDARY-01616,770b5a176e9faefd7d2d47f82eae6682d06854bd0907e03baf9ce6c2c12da9d7,20,0.14678942840545883,0.7,14
S007-EX27-DECOUPLED-ENTRY-BOUNDARY-02330,f34d42d8c41f529cffa359170b165986304ebd88aeede6ecd3fff8918340632c,20,0.20181305835723906,0.6,12
S007-EX27-DECOUPLED-ENTRY-BOUNDARY-00208,e445ccb7308dc2b373e251403f00d75c333df9a3e4317199e6db642112a906c2,20,0.18757148713893668,0.9,18
S007-EX27-DECOUPLED-ENTRY-BOUNDARY-01332,99454779cefe0b48b5c233b8b62637d36b4d4ab314b3f5f46614c7aa403ac8b1,20,0.1507758038182807,0.8,16
S007-EX27-DECOUPLED-ENTRY-BOUNDARY-02974,9513f08eb3f1a9b66c5f13cc981d2a7392997ad5fa48c0c6281600e631686037,20,0.20181305835723906,0.95,19
S007-EX27-DECOUPLED-ENTRY-BOUNDARY-02982,0ab9efee4e7ba45706dada998ccdfaa2af012fad9fd11dec97ebf71f9aef3332,20,0.18977522096095623,0.65,13
S007-EX27-DECOUPLED-ENTRY-BOUNDARY-01530,20e4315d8b79706a94d2644f465b898cdf041f155a05250e902a21721a7e4ff2,20,0.17391944879180116,0.7,14
S007-EX27-DECOUPLED-ENTRY-BOUNDARY-01015,c7cec40a3f072870e596ed69c6bd34a2c811be224105cc4479fd40e3a7121be2,20,0.2593353646046592,0.75,15
S007-EX27-DECOUPLED-ENTRY-BOUNDARY-01229,d28628cb0e3e3492899f43e46e1f8e6a90a42062da09c59e9810f2da155fd7ba,20,0.2871686294722109,0.6,12
S007-EX27-DECOUPLED-ENTRY-BOUNDARY-02384,ab51619bb34d69cf8ee274ccc7cbd2e7132368dd39127d176a3a5ad8889371f0,20,0.13873992790826484,0.75,15
S007-EX27-DECOUPLED-ENTRY-BOUNDARY-00957,afa34ce525581de1a0b41e0beb4445c6c74712ffbca6c66fd6a06a92ea6f2a82,20,0.1563069804770394,0.95,19
S007-EX27-DECOUPLED-ENTRY-BOUNDARY-02007,2e596bb2d5c54a8eacb87e95e0e850f5df4abb51f1b6ef1cb02010c57d9d41b2,20,0.18889002085799733,0.85,17
S007-EX27-DECOUPLED-ENTRY-BOUNDARY-01458,60c41374f93518531c21f534dbbf592d4864c953d81b0093a9e82f63c7c97215,20,0.1537786150825884,0.8,16
S007-EX27-DECOUPLED-ENTRY-BOUNDARY-01556,548e1ca7083f77b7a9e35fddf458eea4af043eeca6fba452b4436f07939c323a,20,0.13771208554504497,0.95,19
S007-EX27-DECOUPLED-ENTRY-BOUNDARY-01172,4c5b9a8808e0ce1c33d7509f837550aba17c37292b34c5b7288c2a887aade3d4,20,0.20181305835723906,0.5,10
S007-EX27-DECOUPLED-ENTRY-BOUNDARY-02238,b614048d7c23d999d8b204e275bb1161d38dd8c3648e733d3866f34c69c98734,20,0.18889002085799733,0.5,10
S007-EX27-DECOUPLED-ENTRY-BOUNDARY-01737,273c761b507f6b3fd73d740cfcd2bf6f40f539e4b232dee7d62d5a1ae499bd34,20,0.16898595025653007,0.8,16
S007-EX27-DECOUPLED-ENTRY-BOUNDARY-01608,ed65846817a893784deb5b2d21560f97eeeadfa33e48d6e6a7a418ac0697a75f,20,0.14678942840545883,0.65,13
S007-EX27-DECOUPLED-ENTRY-BOUNDARY-02435,986a90d6f20ba04aca4a7bfd4b3b6bb2cd2fe602e551a159da3e28fe1ea339db,20,0.1505111394277751,0.9,18
S007-EX27-DECOUPLED-ENTRY-BOUNDARY-00543,67c8e8ca11c75ffd6e34d2fb8f85c67e602e95d05a3b605aae511d38212fa85f,20,0.23303522579165525,0.55,11
S007-EX27-DECOUPLED-ENTRY-BOUNDARY-01971,61d572b71edccc1b566a0b845790092acf1663e42752a00f0be6939a0fbfd171,20,0.14954895007443125,1.0,20
S007-EX27-DECOUPLED-ENTRY-BOUNDARY-01777,45e18be59de7f58a00d19616a8d964386f2f7a002bee17c48290e468c23b4d82,20,0.18977522096095623,0.85,17
S007-EX27-DECOUPLED-ENTRY-BOUNDARY-00623,a52991a33122f002a35416ea06e06098156b274c0e2488a6ab51652a93d03c38,20,0.21470061343567215,0.9,18
S007-EX27-DECOUPLED-ENTRY-BOUNDARY-00802,af94b931f4aa6cc5e57cc4e5b7f2074e0dd290f0119ef90ddc83471126f10a4e,20,0.1889750233774219,0.5,10
S007-EX27-DECOUPLED-ENTRY-BOUNDARY-02502,9d28c8457ff5e9dd56e3176f60930dc5621a6983afa85d3e18538a7e3530fad8,20,0.20181305835723906,0.65,13
S007-EX27-DECOUPLED-ENTRY-BOUNDARY-01931,4bc062a87ca67b446ddf77dc1da76874988f9cca6fad93e90b8dd115e471846f,20,0.18748497333330394,0.65,13
S007-EX27-DECOUPLED-ENTRY-BOUNDARY-02543,8906602278e73c03cfbdd0ff9a01769ce073ebcc4ef3e8b29ad8c4a19288ff8d,20,0.11575740933202677,1.0,20
S007-EX27-DECOUPLED-ENTRY-BOUNDARY-01211,2b54aee5bc7335816cb3762d9af2a5791cde2aa3669ed322588060afa3a3a50b,20,0.1315656307320745,1.0,20
S007-EX27-DECOUPLED-ENTRY-BOUNDARY-01047,39fa76c9f933f071327fbe2090eae7d60582f210d9be996180347b41c3ce4e13,20,0.1315656307320745,0.85,17
S007-EX27-DECOUPLED-ENTRY-BOUNDARY-01272,aa5d820055869b921505bf67858d9cea19c4616d7bd73899692abd67fee7552f,20,0.16844500305422883,0.7,14
S007-EX27-DECOUPLED-ENTRY-BOUNDARY-00352,77484ed7235c9afe241e88f899e7f0b1f98f0ec84c9fdc82d83d056f12f92548,20,0.21355328029192588,0.6,12
S007-EX27-DECOUPLED-ENTRY-BOUNDARY-02377,3b8c8c5fb8a333456124d5ddea0e31c1b966c478db29a64fbb6a286e4531b258,20,0.18668920412092216,0.55,11
S007-EX27-DECOUPLED-ENTRY-BOUNDARY-01910,e90aaa92183aff3ecd98754d2bc3c3fc76cabdd4436a9cafe2630084a5ccbb3a,20,0.14678942840545883,0.75,15
S007-EX27-DECOUPLED-ENTRY-BOUNDARY-02210,a8539d79e0c01d62d523e80f13046948ecbb7585fd3a00f54d1da27d15ae480d,20,0.20181305835723906,0.95,19
S007-EX27-DECOUPLED-ENTRY-BOUNDARY-00969,5ad856267b6f60772c60905700fb3abf75e57afb3ece2cff38efb02f611e4d39,20,0.13298188199385885,0.75,15
S007-EX27-DECOUPLED-ENTRY-BOUNDARY-00935,22c1dd14b01c2202dce3bf6cfd6ebc5252f822f94f43ac3e889d5d1288462a6d,20,0.19193921528064084,0.6,12
S007-EX27-DECOUPLED-ENTRY-BOUNDARY-01797,6cc1a9531b80b4e4a191b7d5b96ee28f9bbbdf5dbd8ab81137687e19c0cd21a4,20,0.19447541018582326,0.45,9
S007-EX27-DECOUPLED-ENTRY-BOUNDARY-00535,6804383a10827f79faf65ea36662fd3638a3332d80d30270ca6b0516a86b10e2,20,0.1563069804770394,0.9,18
S007-EX27-DECOUPLED-ENTRY-BOUNDARY-00741,d29a510f389d114f89445e2b79063caa24925705ff14937dd3cebf20a9baef11,20,0.21868009852338588,0.55,11
S007-EX27-DECOUPLED-ENTRY-BOUNDARY-00942,312be4038c092cb58b54e9cb99cac1d976ba1654d8c82dc44f626170ba12b964,20,0.2114983112257225,0.45,9
S007-EX27-DECOUPLED-ENTRY-BOUNDARY-00832,fe623330f9e0a3e4e720e85ec03d07e23622507bb137400c10c28a76cfda95c4,20,0.23305060405038058,0.7,14
S007-EX27-DECOUPLED-ENTRY-BOUNDARY-01865,769eb1ed0c80de73ed4bf3c4a143c1e160c53ba8fb0b5cdb2f5c54adeed4d606,20,0.1663670121255858,0.8,16
S007-EX27-DECOUPLED-ENTRY-BOUNDARY-00876,cdc05daf3e038ff05282744c3114a34a6977c8ca244af27540f2f7bc487868dd,20,0.18254568632661072,0.75,15
S007-EX27-DECOUPLED-ENTRY-BOUNDARY-01093,69feb209953a519d43514005c03fc2e785d54080847b9750b081215b4f12f52f,20,0.16881600090203497,0.7,14
S007-EX27-DECOUPLED-ENTRY-BOUNDARY-01522,ecc97b7370d452052c0fefecf2be79a7985b008bf7ac44f41f4829e6362dd7dd,20,0.11792124195009168,0.65,13
S007-EX27-DECOUPLED-ENTRY-BOUNDARY-02597,d8cdf974b4ceb23257ccd600a2015577ed92c486bd5088fabba50908267f5581,20,0.18640138271738826,0.95,19
S007-EX27-DECOUPLED-ENTRY-BOUNDARY-01475,197b874e2008452bf591496edd3b1c89209eec6d0ddbb233729883ea0856643f,20,0.19447541018582326,0.5,10
S007-EX27-DECOUPLED-ENTRY-BOUNDARY-01569,f0940c6a06a6b080b8388e2af8dddef1d1c7f0d3d2af6801d88a1ecd14d3213a,20,0.23217274686170786,0.55,11
S007-EX27-DECOUPLED-ENTRY-BOUNDARY-01373,ea013cf687b858aa4b4a46bc78ce2e2715e5074c870e3b6dbb4e6586e7a9118c,20,0.20181305835723906,0.45,9
S007-EX27-DECOUPLED-ENTRY-BOUNDARY-01511,1cbd74f309c4d590504bda433ee37a5f6da351715f88b1170d58ee0da07fc584,20,0.18784032391235927,0.8,16
S007-EX27-DECOUPLED-ENTRY-BOUNDARY-01885,44c2a1f32fad4c58e75b7a5e3261aa262dfa55137fb18d66250ccf55560bea46,20,0.08662185019059943,1.0,20
S007-EX27-DECOUPLED-ENTRY-BOUNDARY-01487,e2633c46fd7afe287154c347b03caa1f883fc37ef150dc61c5dfb19db291dc80,20,0.18889002085799733,0.7,14
S007-EX27-DECOUPLED-ENTRY-BOUNDARY-00810,9e79e2030c6e4f66f8adcabdee6fe99fd56351c740fd908a3ffe8af3ef90834f,20,0.20181305835723906,0.85,17
S007-EX27-DECOUPLED-ENTRY-BOUNDARY-01723,9ca63372886c0da06f4d0e6cdac481c521880c8d2fa767ee52d19962945b0dd4,20,0.2153012410267885,0.7,14
S007-EX27-DECOUPLED-ENTRY-BOUNDARY-01386,301de0f6b001437161efb9a0a4e94ab278cb3657e81cff640c84fd9a4c4d17b3,20,0.2180875604589852,0.55,11
S007-EX27-DECOUPLED-ENTRY-BOUNDARY-00753,bde916bd35e997de28ae3f2e7363f042511fa48e1cb568359aad6795b785b9b6,20,0.17647771842146054,0.45,9
S007-EX27-DECOUPLED-ENTRY-BOUNDARY-02495,904a2eaae2fb80b3f8a1aad3c5874818f6855ad0400ca3c485f73538ec126194,20,0.14832861870460623,0.85,17
S007-EX27-DECOUPLED-ENTRY-BOUNDARY-02817,b9d7c8c65b28657cb0b4ac6a5ea87353bbc13870446b5bbf322bd580e23672b8,20,0.14233900902054214,1.0,20
S007-EX27-DECOUPLED-ENTRY-BOUNDARY-00554,783fe1aee751e0b177ee4f187b213916e3b7874844253758829acff74d468b05,20,0.21470061343567215,0.95,19
S007-EX27-DECOUPLED-ENTRY-BOUNDARY-01157,33a658518ef04312c9008b4d7cf3d6840133d121550178b61e68217132aa575d,20,0.17973111713941714,0.65,13
S007-EX27-DECOUPLED-ENTRY-BOUNDARY-00792,55a9a36a52f2645939ad44e9709490b8709ada82e78eac06b4b8b813ece1fd14,20,0.3057197034789231,0.4,8
S007-EX27-DECOUPLED-ENTRY-BOUNDARY-01923,33df1bc687f39338226ec3179e1ac9d3737cc5780a02cc97189a0da0981f6b1d,20,0.17242055104338838,0.85,17
S007-EX27-DECOUPLED-ENTRY-BOUNDARY-01499,b1cf0335be202d4eb311f8576cd138da9ca79ed208cc28e7cb1548234b73e9f4,20,0.2180875604589852,0.75,15
S007-EX27-DECOUPLED-ENTRY-BOUNDARY-00663,6afa537f7ec4b607cbac88a466bc54fca724d6e96e2af36189272a1e98d56044,20,0.17757905046164624,0.5,10
S007-EX27-DECOUPLED-ENTRY-BOUNDARY-01783,681b19f9c489f71ab9b109a1311c7e36f0d10eeac01ee315bc12dcddb27af2f3,20,0.1843261936404017,0.8,16
S007-EX27-DECOUPLED-ENTRY-BOUNDARY-00719,54a0605dc838b1c31ec18d63712d15e7b37dc52aff0606f3587db5c3ea9dd0b7,20,0.17421533646261178,0.95,19
S007-EX27-DECOUPLED-ENTRY-BOUNDARY-02232,61d8e36fb4865d478735460ee4181dfb8185424b490c880ae4c75d90dbfce1ae,20,0.18889002085799733,0.7,14
S007-EX27-DECOUPLED-ENTRY-BOUNDARY-02947,c3f5261c6efb7901e2173e342ad7cc7bafeea713944b906b6ef5966a448f346a,20,0.22352838719232732,0.75,15
S007-EX27-DECOUPLED-ENTRY-BOUNDARY-01224,23322b29451c386ad5c6896d0a6b4bd735492875d3d63cec8641d82815adf3e5,20,0.2545346198192189,0.4,8
S007-EX27-DECOUPLED-ENTRY-BOUNDARY-00432,227c9ac3981069cc99ce7d4e6b9ee101dd1da43afc62ceab3dfac6452dd8502c,20,0.23518635068002164,0.55,11
S007-EX27-DECOUPLED-ENTRY-BOUNDARY-02181,9faa0bd1e419399861d6a88d28f7c4a138c2fb003e0b2fe44b06e923dded32f6,20,0.18977522096095623,0.8,16
S007-EX27-DECOUPLED-ENTRY-BOUNDARY-02332,6fa7974dc95cab5401f74e55c8c82e3a176637513a544786cd17ffab48749d89,20,0.19583673407601787,0.6,12
S007-EX27-DECOUPLED-ENTRY-BOUNDARY-00709,73c9ea770f5c3c1352545398bc8c05ee3247e6756f572a3895eced5a5279ee68,20,0.19070687313996626,0.65,13
S007-EX27-DECOUPLED-ENTRY-BOUNDARY-02390,07b6efc75b026997244bd0e9274aa1305ab57e5b9cb0cab27c334f446050f857,20,0.20181305835723906,0.95,19
S007-EX27-DECOUPLED-ENTRY-BOUNDARY-02243,408b0ca2ccab84584827dae411d60532403dce27c1155c2b13dc609deac71f50,20,0.18977522096095623,0.5,10
S007-EX27-DECOUPLED-ENTRY-BOUNDARY-01544,d24128e258c08617f8da97251a4aa899ff86d2141cd3c6749f20050cfa17172f,20,0.20677884846757533,0.7,14
S007-EX27-DECOUPLED-ENTRY-BOUNDARY-00944,49fb94762f9e2558498f63f7621dee9e88f092939598aa1b08a444ae80383c2c,20,0.20181305835723906,0.75,15
S007-EX27-DECOUPLED-ENTRY-BOUNDARY-02731,50667d0aa80f7bfb6d34948288aa7a23f0b31e98c8fed2f306c5373d3adf205d,20,0.15690263205399457,0.9,18
S007-EX27-DECOUPLED-ENTRY-BOUNDARY-01940,bc14d1f2bfaf5b6a46691be4cca958d40e583bcf80227b0a8dad3c2e0e85fdc3,20,0.22329891083079234,0.6,12
S007-EX27-DECOUPLED-ENTRY-BOUNDARY-02231,b03b831cd8a8d8cf8f273c24a24c090fe871426fecbcbb8545b907acb9719e28,20,0.20247812278837363,0.55,11
S007-EX27-DECOUPLED-ENTRY-BOUNDARY-02145,d194e863cea94c5a8cc6f6834982fa623d565bc847c7f2ce3374fec928817bc5,20,0.18889002085799733,0.65,13
S007-EX27-DECOUPLED-ENTRY-BOUNDARY-01299,f0308044bc6b4754153fa45d6925b0a985a6fa73c4a29e8a22e128a456cd97ee,20,0.20181305835723906,1.0,20
S007-EX27-DECOUPLED-ENTRY-BOUNDARY-02304,82fcdc931d94c68d31fb852cd6a3ed8310799195592deb2cabc1e9a097807123,20,0.18977522096095623,0.65,13
S007-EX27-DECOUPLED-ENTRY-BOUNDARY-01747,1a74d47781c2869e0ee0db58da021bc2fb449d9b819176d87b68ac65e63a198a,20,0.2180875604589852,0.6,12
S007-EX27-DECOUPLED-ENTRY-BOUNDARY-02045,510a972991215b4877258e96cc58a313fc3a91567940ffa0e0898fceb929b616,20,0.20677884846757533,0.75,15
S007-EX27-DECOUPLED-ENTRY-BOUNDARY-01771,523e83a1ccc954287f3485178ab500697a6f0a582cf82e64ec072bb88ce5569d,20,0.20795456489170905,0.75,15
S007-EX27-DECOUPLED-ENTRY-BOUNDARY-02842,f6aa4487ef7c25f069527e00b81b30c570947976089bfbfb83934c8c818a67a9,20,0.17104602659771906,0.95,19
S007-EX27-DECOUPLED-ENTRY-BOUNDARY-01954,721df56f9da9a49f5f7abecd2e6fbb1430a18f07d7e15894a2f56a734d6f8bbf,20,0.21426414802278893,0.65,13
S007-EX27-DECOUPLED-ENTRY-BOUNDARY-00911,6f25f9706b60f8e69ecab08aec0881cd13259f22a0e009429c4208a902e5d914,20,0.27834740387623436,0.7,14
S007-EX27-DECOUPLED-ENTRY-BOUNDARY-01702,86091e95dead693e2d0c139a3e7f4842972e6086d84bbcf0ca26c5518aa8a6f9,20,0.1572528591191159,0.9,18
S007-EX27-DECOUPLED-ENTRY-BOUNDARY-01215,daae6b5335ce0cf6a43344c4b1518b90bf7174388046913fa7ada17e71493f2c,20,0.2489167567485241,0.15,3
S007-EX27-DECOUPLED-ENTRY-BOUNDARY-02178,6881d624f286b5774539ce2cb25a6dc3b244813a2b961d4539397ae4a38682ed,20,0.15080976510154442,1.0,20
S007-EX27-DECOUPLED-ENTRY-BOUNDARY-01258,6fa44d7504e817daafd896de994a5160feae4412b8674bacaa20109fff7998bf,20,0.1563069804770394,0.9,18
S007-EX27-DECOUPLED-ENTRY-BOUNDARY-01850,091d90b2efcb86903ccfdf3f77ad66b6b915a359b49b8aa4105f7b339330495f,20,0.23305060405038058,0.95,19
S007-EX27-DECOUPLED-ENTRY-BOUNDARY-00630,857d68d121c1e662e45446683947f990c517e9c63612b6c5693b82a087142c78,20,0.18889002085799733,0.75,15
S007-EX27-DECOUPLED-ENTRY-BOUNDARY-00590,ee11768446762ae570e9e64f9d6f64b79f206aeaef1e6ada1138c69e5ffb8f38,20,0.2473791210269407,0.45,9
S007-EX27-DECOUPLED-ENTRY-BOUNDARY-00568,52dfd7ef6bbed10e719ee5e42899d1009010569d2f932f3768c50066abfaf1a4,20,0.3177810145854387,0.3,6
S007-EX27-DECOUPLED-ENTRY-BOUNDARY-01676,c3159a7c0ae217f26235b2509068f03d5c11ec6870692a72f3f47be093791ab2,20,0.1537638287190154,0.75,15
S007-EX27-DECOUPLED-ENTRY-BOUNDARY-01525,d8f1cee50edf13d476f998924e1ed753e4ae28d46803fd24a2a0b595107819f0,20,0.18977522096095623,0.6,12
S007-EX27-DECOUPLED-ENTRY-BOUNDARY-01238,54b3eea079158005cc5d7b9e46faf03c3715b00e5b508b208e80b36ae056ede3,20,0.16482984236881593,0.8,16
S007-EX27-DECOUPLED-ENTRY-BOUNDARY-00213,6b763beb3fc04c142ef422db4c39eeef2e98e712fb80e14f3d40064865b5484a,20,0.2524943044629462,0.55,11
S007-EX27-DECOUPLED-ENTRY-BOUNDARY-01279,cd8d181128499deae1b13a9dced92ae1eba1bf48d9d05d8055ff4a55de7a59a8,20,0.14678942840545883,0.8,16
S007-EX27-DECOUPLED-ENTRY-BOUNDARY-00345,0702e9255cc7f0a1bd7bbae604d9bd4772c6d675c08adc55d21a01a072dbc4e8,20,0.19447541018582326,0.45,9
S007-EX27-DECOUPLED-ENTRY-BOUNDARY-01583,3022baa61a65f1b3ce5a4acb6da56cfd8aa40baa52b75fdeb2715d772be25795,20,0.3160343498224827,0.55,11
S007-EX27-DECOUPLED-ENTRY-BOUNDARY-00896,4263f4713052eff5ce42f85c8cbea76aa9d2789548279f6d06909c4db1899f3c,20,0.20181305835723906,0.85,17
S007-EX27-DECOUPLED-ENTRY-BOUNDARY-01561,7104c4b2a6b436bef892dd81367ca5008ea874a14ec379206ce3a1789b72a006,20,0.20181305835723906,0.7,14
S007-EX27-DECOUPLED-ENTRY-BOUNDARY-00701,0aba9d86965c1c641072fea8ce9cc6b3e858f0ac9ab16df8529f21286384f14b,20,0.17344808881756607,0.7,14
S007-EX27-DECOUPLED-ENTRY-BOUNDARY-00869,6c590055d2c02e907c12d940c8d23d2995c32e27efdb5e55bb636b1180ac0acb,20,0.20181305835723906,0.85,17
S007-EX27-DECOUPLED-ENTRY-BOUNDARY-00438,2616acedbc44e25002183dc6f324e2167c7d5d20ca99c994e98c7157ad86a12e,20,0.20181305835723906,0.45,9
S007-EX27-DECOUPLED-ENTRY-BOUNDARY-02009,6e0d15368c63da279b9f18b75d6d5e40b222392649981627cecc867b0de53da9,20,0.21111722589791782,0.5,10
S007-EX27-DECOUPLED-ENTRY-BOUNDARY-00516,185b314ea9c94fd280bf8c75e019ea496a86d62e1661128b075781dc2e2666f8,20,0.2580330191087856,0.95,19
S007-EX27-DECOUPLED-ENTRY-BOUNDARY-02445,8800026a4bd77901f15b805a6975e59fbf6e073110b6e054cec1811934b66afb,20,0.20181305835723906,0.6,12
S007-EX27-DECOUPLED-ENTRY-BOUNDARY-01858,14b6a48f1296b5f10a0ccc69ee314590329a6bac51748a7a60dad30490180ca4,20,0.19316444997443072,0.85,17
S007-EX27-DECOUPLED-ENTRY-BOUNDARY-01764,dbfb37405c0cebe11b8bafd4446e253cde48967b17e688c4b03d2df2a0926d74,20,0.16769547643277039,0.85,17
S007-EX27-DECOUPLED-ENTRY-BOUNDARY-02062,ab0c023c54125078135255616ca0aa6c65719dc883efeace2b24ca4b099134be,20,0.1601733242780372,0.6,12
S007-EX27-DECOUPLED-ENTRY-BOUNDARY-01315,b05974465a4f896dbeaa15847aee0bd80912923679938364193ed2b6f9feef95,20,0.14537520974532017,0.8,16
S007-EX27-DECOUPLED-ENTRY-BOUNDARY-01324,1bfb699a6d24a4ec0347ad3bad1b4fec74b423688bd7f050c9e4f11a642a0942,20,0.21097548515383524,0.5,10
S007-EX27-DECOUPLED-ENTRY-BOUNDARY-02687,5f8aaa3a8cde22f1b198dc5e6ada84509b2df9f66fad61b74f3e81435c129b73,20,0.2210147281403647,0.6,12
S007-EX27-DECOUPLED-ENTRY-BOUNDARY-01338,29ac2065b8658949e44c9b2af2980daa8ca7620e94cf2d35996e5f6cad88193f,20,0.3160343498224827,0.7,14
S007-EX27-DECOUPLED-ENTRY-BOUNDARY-01473,f16b59461c25b63bf9fb4debfc71e471bae337eec08776440e7712c884445a5d,20,0.1563069804770394,0.75,15
S007-EX27-DECOUPLED-ENTRY-BOUNDARY-01718,6406ac31d68cc1e9a7bb652157e616f0c4a8207578509f4c437f3795c7d510b6,20,0.10343534011087407,0.85,17
S007-EX27-DECOUPLED-ENTRY-BOUNDARY-01079,93a14d188e3049f66ed8e9dfc12934351d40ac2bef1ef3cb718c20149ce21706,20,0.12982541462904174,0.8,16
S007-EX27-DECOUPLED-ENTRY-BOUNDARY-01124,4381a6b12dff93664ab652eea6f0f92bbebca79caa48226d341bc4f62bffab46,20,0.19583673407601787,0.75,15
S007-EX27-DECOUPLED-ENTRY-BOUNDARY-02230,7ee147ca4b30a0fa20abec781fed51eeb9de1378051c21619c48f67d8b7ead67,20,0.2626587184689329,0.5,10
S007-EX27-DECOUPLED-ENTRY-BOUNDARY-02414,d44cb410b17e96dd8089e26612df8efdb265062858b7999065a826b7be4b9f5a,20,0.19886424909291311,0.35,7
S007-EX27-DECOUPLED-ENTRY-BOUNDARY-01209,c8b057fd53cbecc603b9bb0b6cefe58a8be9bc93bb24ed58c97b740face19795,20,0.20181305835723906,0.5,10
S007-EX27-DECOUPLED-ENTRY-BOUNDARY-01097,4a0858569473a6b7a2afb26e195aae4cdf5d7733682324f0158f004b315fb5ce,20,0.15690263205399457,0.7,14
S007-EX27-DECOUPLED-ENTRY-BOUNDARY-02066,6eefd24d1c4cf013d94820117c35b5875501e10fb063aef4c06d4ea4716c5fe7,20,0.1555061434448723,0.8,16
S007-EX27-DECOUPLED-ENTRY-BOUNDARY-01000,feeb2ce23150c28a55e71b9b05be3a2d22a5f4be9a8e84590bc0b9660cbec6e7,20,0.2023454993500342,0.5,10
S007-EX27-DECOUPLED-ENTRY-BOUNDARY-01406,1fc7970f801e3718877111aeb7f0ad05c2d916d54b07bf8a958465c9f7325271,20,0.15102359014111677,0.75,15
S007-EX27-DECOUPLED-ENTRY-BOUNDARY-02255,539d2dd756b125cdbeac0ad8deaa5544204191af450a54bdffdf0ad13dda069a,20,0.20181305835723906,0.95,19
S007-EX27-DECOUPLED-ENTRY-BOUNDARY-00840,6107c040f4f422fe6a7b6a2988462cdd9909ac0e748207ed499c90ca41c41f7e,20,0.2180875604589852,0.75,15
S007-EX27-DECOUPLED-ENTRY-BOUNDARY-00844,79fc1092a6fc36398f3ac30596aa92e05a160adc9da8eb8c4ddf3c3c16fcc3e2,20,0.17606657183751312,0.5,10
S007-EX27-DECOUPLED-ENTRY-BOUNDARY-00651,04917f7a8606f72b68226aeba57dd6b3f706d2d0b5aafe5440874c1b59f8371d,20,0.22886232600773593,0.35,7
S007-EX27-DECOUPLED-ENTRY-BOUNDARY-01012,5b20cf4425d23cc65f81fbf41af0f5636782476acbc9ac3c740a58e4f9b12209,20,0.2180875604589852,0.7,14
S007-EX27-DECOUPLED-ENTRY-BOUNDARY-00634,85a552af6f238b63c8d55049acd8b6850261ad58a3bfdc066c66fc19aef422b7,20,0.17344808881756607,0.65,13
S007-EX27-DECOUPLED-ENTRY-BOUNDARY-00738,20a9c389cc029c10f7e2987b165c7bd984d50f30c5386a444d90444dd8e3a976,20,0.1507758038182807,0.95,19
S007-EX27-DECOUPLED-ENTRY-BOUNDARY-00995,3d1b8794dd6fa8ce237d19ddaa4b6a343b22d0a85b8abe685f205ca65e6228f3,20,0.20677884846757533,0.7,14
S007-EX27-DECOUPLED-ENTRY-BOUNDARY-01735,79b3896b09064594b3c0a0ff09eb20334a0877177887c2125a876025e8168888,20,0.18889002085799733,0.6,12
S007-EX27-DECOUPLED-ENTRY-BOUNDARY-01186,3ca0aa94ab05325e6531409954abc715e5a5cdf8eac590ab764653d9e9fc426a,20,0.18977522096095623,0.75,15
S007-EX27-DECOUPLED-ENTRY-BOUNDARY-00557,61fb28fb5452c2239172f32243d9c940fc4ecbbdf2852e51b9f26b34618ce74d,20,0.18977522096095623,0.5,10
S007-EX27-DECOUPLED-ENTRY-BOUNDARY-00548,a8d5799dc909639303a435f57eaf61eca076181d31ff4ebd3c1825895db9a661,20,0.19447541018582326,0.45,9
S007-EX27-DECOUPLED-ENTRY-BOUNDARY-01740,208983484cd68d11802ce4dbcf6724b18cfdf3c30c6fee56c34bf5704cf01354,20,0.18668920412092216,0.65,13
S007-EX27-DECOUPLED-ENTRY-BOUNDARY-00670,94d657bbfb23ec2849821e31e515eb8353c08b60a47f95d3676272c4cb3862ee,20,0.15449764573980274,0.95,19
S007-EX27-DECOUPLED-ENTRY-BOUNDARY-01950,ed2e61f68e2e3774d870559f6214c935aaa6d57cc60bd769950399960c064099,20,0.14832861870460623,0.9,18
S007-EX27-DECOUPLED-ENTRY-BOUNDARY-00926,7f32c71482e18de583475ce37c95cab383f19ca168e257e572c62ee79c3773c3,20,0.20181305835723906,0.65,13
S007-EX27-DECOUPLED-ENTRY-BOUNDARY-01078,b3885929554b0eff29c357e8ebcd6b10851938af7537d7d126bc7c9a37d81565,20,0.2122094094943332,0.65,13
S007-EX27-DECOUPLED-ENTRY-BOUNDARY-01005,adeb1d5c444bdfce6ab7def31f8beefa99a6acc32e5efdee98c8cb5b193db5b8,20,0.25939915374737493,0.55,11
S007-EX27-DECOUPLED-ENTRY-BOUNDARY-00579,da07c1d790e4929582dbe7175b255a38a959fe33b193d24fe48ddb1ba9f11df8,20,0.17329605872532639,0.65,13
S007-EX27-DECOUPLED-ENTRY-BOUNDARY-02002,88ec8115f648b708f71dee3d5a98861a6bbd7c437bd61b42231d2d8d4f9ba5aa,20,0.1783222642774377,0.65,13
S007-EX27-DECOUPLED-ENTRY-BOUNDARY-00577,362918a539124745c90e6450ec5ec70d6751048aea49679b07f12fcb49f8f89d,20,0.1507758038182807,0.65,13
S007-EX27-DECOUPLED-ENTRY-BOUNDARY-02116,a8343eeebc56a8af7daca00c70f487a6afb8ac92022b73c067c6e0bb62b88f2a,20,0.23486195328076487,0.4,8
S007-EX27-DECOUPLED-ENTRY-BOUNDARY-02440,04a1c312c5e4c6afa808ef54897b62ae9725edc26cd6cf679d4eda4f2c078e9f,20,0.1315656307320745,0.9,18
S007-EX27-DECOUPLED-ENTRY-BOUNDARY-01433,288b4cc067c1aa1634957d4176eda4d961eee0650f834968c01c4cdc6c89cbb3,20,0.14030715434704855,0.95,19
S007-EX27-DECOUPLED-ENTRY-BOUNDARY-00798,c984128882bde1d14a0011c2e95ebcbcd888919d7ff2c799534ee9455621d96d,20,0.19196688665127848,0.95,19
S007-EX27-DECOUPLED-ENTRY-BOUNDARY-01454,df8bfd790ce800090b8ef605b49f80c137f0be60c90d11b441eac4d9d87aaea1,20,0.20189572615569262,0.75,15
S007-EX27-DECOUPLED-ENTRY-BOUNDARY-00797,0b053ac88901116a3b6052614addd4aef2fda143818cc9110b69cc3685147fbf,20,0.20181305835723906,0.55,11
S007-EX27-DECOUPLED-ENTRY-BOUNDARY-00180,a27e9bdb7ae2bb3fb194e5ff8d00f3cf1a4f708c4a4971c731e95d411028aaa1,20,0.17344808881756607,0.6,12
S007-EX27-DECOUPLED-ENTRY-BOUNDARY-00584,f4272905867862a9a4f91a6eae7a86f8c02857e1055ff27be6353dbd2cfd064d,20,0.22886232600773593,0.6,12
S007-EX27-DECOUPLED-ENTRY-BOUNDARY-01109,46a04a7681f3d94eb5c5b6e4a85c750c8042d9e73da07700a003b1b743d29cb8,20,0.20912184811907442,0.4,8
S007-EX27-DECOUPLED-ENTRY-BOUNDARY-00325,19d02af21951ce534bc6b7accad618aa22fe499837e5660b57006f2ee823945f,20,0.2210147281403647,0.35,7
S007-EX27-DECOUPLED-ENTRY-BOUNDARY-01011,6ca47b9537317beb8c34fe31425b8942f595d3a21aa4f355a7a00a2b0ab8e493,20,0.2180875604589852,0.55,11
S007-EX27-DECOUPLED-ENTRY-BOUNDARY-00510,44dfd8057fdc4689c82c56f6593e658a28812a6d5550ff5aa38ab7ceba896522,20,0.18977522096095623,0.35,7
S007-EX27-DECOUPLED-ENTRY-BOUNDARY-00448,bb9eec96fc19601422b4ca6f6da4d2e73eeebf2de2bf490a3d9ad0474b6479ec,20,0.21600624067624885,0.75,15
S007-EX27-DECOUPLED-ENTRY-BOUNDARY-01455,11bbd7af1e8eaa44eccab368107e3130390eccd584c07b4b6269e115a61674ef,20,0.20677884846757533,0.75,15
S007-EX27-DECOUPLED-ENTRY-BOUNDARY-00815,e7cfb89f8b77572f03d4e15b9cc8d81ae5400ececcc4bb7eadaf3c705cb90d42,20,0.17759739938624586,0.75,15
S007-EX27-DECOUPLED-ENTRY-BOUNDARY-01631,38ee9f5d132505e4c0fb21ade33b4223ec2b9d9da8a28be5f65449e5392f8e7d,20,0.13298188199385885,0.8,16
S007-EX27-DECOUPLED-ENTRY-BOUNDARY-00846,1e38e7dc2114b952545fa05a62e32563e6cad1fe56bbfc1bd0457efdc698bac9,20,0.21260448723241088,0.45,9
S007-EX27-DECOUPLED-ENTRY-BOUNDARY-00672,223558177e9754b9ec6e0a90113324bc661cd933e777360f1986be4c169853fe,20,0.2597334361482607,0.4,8
S007-EX27-DECOUPLED-ENTRY-BOUNDARY-00791,679ad6f3adb9016deb617d177138b0277be900602b4bff7c646baecc91c061db,20,0.17757905046164624,0.7,14
S007-EX27-DECOUPLED-ENTRY-BOUNDARY-01520,33ef09ad51e6b7d2e2c9427eef27cdf861abdcbbd98e10d0b63eeb55a3339340,20,0.1784159467620039,0.7,14
S007-EX27-DECOUPLED-ENTRY-BOUNDARY-02362,48bf1facef1133cdd5b3636fd5c99493bac5dfe9c0b3b34f668ff426d4914872,20,0.19369048902263097,0.75,15
S007-EX27-DECOUPLED-ENTRY-BOUNDARY-02301,b8a7dbbe1ea9ba1ef8f49ffbf829f91be6191b7d56475f85a1461189420de9ea,20,0.20181305835723906,0.55,11
S007-EX27-DECOUPLED-ENTRY-BOUNDARY-01090,304391fa96f3abe1f145b3e2919b5b425b1d484e86d69073f0568133ed4022a4,20,0.16844500305422883,0.8,16
S007-EX27-DECOUPLED-ENTRY-BOUNDARY-01256,b90dc00b5129ec92bed1a7dc77caf75f646f624a458d483592cab32ad69c4ab2,20,0.1623552527882619,0.65,13
S007-EX27-DECOUPLED-ENTRY-BOUNDARY-00545,1923e968a44d72d6b1c53e169bc4596650382add4010d82e7fbfd2555d79bb69,20,0.17344808881756607,0.65,13
S007-EX27-DECOUPLED-ENTRY-BOUNDARY-02796,64fda68edbd78e49ced24fa401c1d9e74d654d8179c18bce0692ffc10b8687ce,20,0.2180875604589852,0.65,13
S007-EX27-DECOUPLED-ENTRY-BOUNDARY-00671,b488e653924a7923057b2b4bff46fd215ce6c6bc9b1a46e0e846d8a1527794ac,20,0.31825483485299666,0.35,7
S007-EX27-DECOUPLED-ENTRY-BOUNDARY-01674,37104190616e6b6958f36eb9df6b31ba885cc6b8bfefd98d13f2c504ac901cd1,20,0.1855281284516912,0.85,17
S007-EX27-DECOUPLED-ENTRY-BOUNDARY-00901,5b4faf6200c6bcd26105832f67eefa2656c2c41be92eecf6e35e4b71467bc14e,20,0.2669403159997339,0.35,7
S007-EX27-DECOUPLED-ENTRY-BOUNDARY-00688,252ab1bb6375a09c457c0b5533fdf4245111588a3447313077adb00a1bf2c9b3,20,0.19447541018582326,0.45,9
S007-EX27-DECOUPLED-ENTRY-BOUNDARY-00698,ccffebe0076cd6afe371c050dbfe4f8a8159a4c6e66366570da321e92b0c7cb5,20,0.20181305835723906,0.5,10
S007-EX27-DECOUPLED-ENTRY-BOUNDARY-00586,3b45161313dc5527d81b9b2cc0260f10a40feda16566a008d25052b08d82588d,20,0.27831941717622904,0.4,8
S007-EX27-DECOUPLED-ENTRY-BOUNDARY-01328,6dcf1107bc075be1764eb5fadc5f1501555e423fce86d6c5f029cae4f38d1f46,20,0.16166830164648283,0.8,16
S007-EX27-DECOUPLED-ENTRY-BOUNDARY-01677,cbd2b24ffc79e84f35238dd06440beb9aeb777ce5a40e8176ea4f9337a55bc87,20,0.1563069804770394,0.65,13
S007-EX27-DECOUPLED-ENTRY-BOUNDARY-01443,37eccf7a4e4e250a070db1aeded407f00d47a7ace6c108ead318ef12da91bb24,20,0.1825843942142712,0.9,18
S007-EX27-DECOUPLED-ENTRY-BOUNDARY-01275,35bc52eee4a3a5c545136720e88360c6d55eac7a7337b4711ded474dbe661f18,20,0.2792227524576052,0.6,12
S007-EX27-DECOUPLED-ENTRY-BOUNDARY-01841,11651e4c38db36fdaa6b674e4b59475d0d4394707cb9b3a2ce562aa77a5e5ae1,20,0.20677884846757533,0.75,15
S007-EX27-DECOUPLED-ENTRY-BOUNDARY-00724,813cd54cf5ac0d756cd43edb5ca10820d4091a8bf008f091e5bc3fd1ec965147,20,0.26988439453079166,0.4,8
S007-EX27-DECOUPLED-ENTRY-BOUNDARY-02609,ace9824152056a2a48b6ce00ce6ab281f5f57ebee320e699c72350f2690b263a,20,0.19430726073644478,0.6,12
S007-EX27-DECOUPLED-ENTRY-BOUNDARY-00915,f3cce88ad5fd6221e14baea0e693dec35754f13990054451e3aadbc587e55dcc,20,0.1628753014267031,0.7,14
S007-EX27-DECOUPLED-ENTRY-BOUNDARY-01751,0ba4601a6630fc8812a0da52a05ed1d403ed6706c4eef6d2558198ea84658b4c,20,0.14678942840545883,0.75,15
S007-EX27-DECOUPLED-ENTRY-BOUNDARY-01327,cd92bcf5cfdb1ad404bc7ff4d43ec351c2ade40dd3382fed185cadf3fdba1741,20,0.16166830164648283,0.7,14
S007-EX27-DECOUPLED-ENTRY-BOUNDARY-02721,d38c5c7e1046c902a8f27f228f0f45953634c254ec21214e9d1af25cfad94483,20,0.26738939864614975,0.25,5
S007-EX27-DECOUPLED-ENTRY-BOUNDARY-01114,b79cdc02c47a04835dd1a9d152dd41120b30fcbcc5d19eeacc11592019abd9f9,20,0.18977522096095623,0.75,15
S007-EX27-DECOUPLED-ENTRY-BOUNDARY-01294,d0769dfa885fdc56fb1dea04f3d20220d5d18b5244ddaed332eb5e5a9055c2a3,20,0.18889002085799733,0.5,10
S007-EX27-DECOUPLED-ENTRY-BOUNDARY-01194,fa7315d1215a34ce44ab75230c9dcd89b17ca94db6f67249d9beb1eaf19d1f10,20,0.20677884846757533,0.7,14
S007-EX27-DECOUPLED-ENTRY-BOUNDARY-01288,ef6add0589d479532206bd213f4bc5367d530120f39ffa39b58a950fc8b4d411,20,0.13298188199385885,0.75,15
S007-EX27-DECOUPLED-ENTRY-BOUNDARY-00694,f98672f10f0b07ebdcb8c34909389a1689b6fb41dea9987f267936056624ff65,20,0.15883125027933875,0.6,12
S007-EX27-DECOUPLED-ENTRY-BOUNDARY-02130,22109b4a094fe1d4b910ecf451b04312ebeda66173b84cda027220a3e20def87,20,0.18977522096095623,0.55,11
S007-EX27-DECOUPLED-ENTRY-BOUNDARY-01765,ee8a0f50c9b94cebfe6e2cfded21b39b3814e301efe27e501011ba96eab42da3,20,0.18889002085799733,0.9,18
S007-EX27-DECOUPLED-ENTRY-BOUNDARY-00369,6abf8b44a04bbd2f075ae967c06235f8b1d4adf2f8882a035d6258959eee0297,20,0.21720453508490323,0.55,11
S007-EX27-DECOUPLED-ENTRY-BOUNDARY-01869,9e3d32d279b7d6325ce8a0277d945aadfbbd2c4c43dcbaf995fa898f2e8451a2,20,0.18977522096095623,0.7,14
S007-EX27-DECOUPLED-ENTRY-BOUNDARY-00676,eac716850caf0d81221a29a2aa9d44f61c46bcec7a264e3f74ec020da9fe9da7,20,0.18333840154950898,0.55,11
S007-EX27-DECOUPLED-ENTRY-BOUNDARY-01655,9371176a5f28a77e988574cfd8a76a0dae1802320330fc0d5d5ffb7f18eb7fe1,20,0.1315656307320745,0.7,14
S007-EX27-DECOUPLED-ENTRY-BOUNDARY-00551,cdcc4cccbad25b6d342594a30e13a16f27f5d92bef7cd1990b14a62a73862d41,20,0.24747583330320827,0.4,8
S007-EX27-DECOUPLED-ENTRY-BOUNDARY-02081,38d9281adffd9e7a4b7d2884864a57de0f68eab3357cadcc363caa8981b50b9c,20,0.18977522096095623,0.95,19
S007-EX27-DECOUPLED-ENTRY-BOUNDARY-02338,f0b451cc13e16ce2160fe58c2b446193301d134bc90cf30eb500eb6277aae35e,20,0.19447541018582326,0.5,10
S007-EX27-DECOUPLED-ENTRY-BOUNDARY-02798,4367a5cafaa2505676abb0de6d0784b38fde17f105370a32a31e27a397e37997,20,0.20181305835723906,0.75,15
S007-EX27-DECOUPLED-ENTRY-BOUNDARY-00610,9802fd31716e58a1d091d8aaeed63b509058023ccb6c2eeb92f36acb004ab5a9,20,0.3177810145854387,0.25,5
S007-EX27-DECOUPLED-ENTRY-BOUNDARY-01334,15b10646e0392471475f540823c2ef57a0931cb684b137d1dda455b8a715a2e0,20,0.22720777129242775,0.75,15
S007-EX27-DECOUPLED-ENTRY-BOUNDARY-00662,c88805c49a80814edbe06d2094e37615742cde699c524f00ba2cd335b65ffc69,20,0.1507758038182807,0.7,14
S007-EX27-DECOUPLED-ENTRY-BOUNDARY-00328,bb7b7c92cc6398a61dd4b1bc98fa83e5b7d1de2652c012798768c2615fd67d32,20,0.3538641059254386,0.2,4
S007-EX27-DECOUPLED-ENTRY-BOUNDARY-02773,bfa25f2fb35e982ced49fcc5812d316f0aa7dcda449db10bdfcb676709354cfb,20,0.15102359014111677,0.7,14
S007-EX27-DECOUPLED-ENTRY-BOUNDARY-02612,436cf08ca9c54cc5a3834a0cf042a2da8c8d9bfbca2823ec3a9de1e06a1447b0,20,0.1315656307320745,0.55,11
S007-EX27-DECOUPLED-ENTRY-BOUNDARY-02359,7f7e9f98907bcd621d66e2a6491c8f4013bd4c9923c8abf6088e8ea0b2109d92,20,0.11792124195009168,0.65,13
S007-EX27-DECOUPLED-ENTRY-BOUNDARY-01936,31c336df49c4feb9f682549e6fd72e5a05cd6d820103396a7b9b2f4e2193f18e,20,0.20181305835723906,0.3,6
S007-EX27-DECOUPLED-ENTRY-BOUNDARY-00994,3178308d95bcd03846748272c5578ac7e46ea8a86d8dd48ebfc7f9014fd14386,20,0.18781672017717105,0.5,10
S007-EX27-DECOUPLED-ENTRY-BOUNDARY-02522,c7cf499a4d25665a15e3935febaac0bed01e63e0074a15168a7ae3cfba553285,20,0.17133585749649494,0.75,15
S007-EX27-DECOUPLED-ENTRY-BOUNDARY-02206,49c1f0f3379014a7ef314d5d1cfac4eea34784843316f0466f3f84013f739366,20,0.18977522096095623,0.75,15
S007-EX27-DECOUPLED-ENTRY-BOUNDARY-00439,ba8289e62d2f8bc77e8027284d3f349549d0fc043277979a5c26f167c21081cc,20,0.18844183691422112,0.5,10
S007-EX27-DECOUPLED-ENTRY-BOUNDARY-00562,069343df36484ed3e5442c06752122785b7f12296d2acb36b61a39a2c3d33fe1,20,0.23541479127571585,0.45,9
S007-EX27-DECOUPLED-ENTRY-BOUNDARY-02599,c907e554cdc3955333bfe496fe37de29a458fcb4e9b88b9e318c3f1d2d9c16c4,20,0.19447541018582326,0.55,11
S007-EX27-DECOUPLED-ENTRY-BOUNDARY-02308,3587ed290568e3c3c9fca918c62c6f0c586fd545e38f7698b413ed03f7042bfb,20,0.3026020609049732,0.7,14
S007-EX27-DECOUPLED-ENTRY-BOUNDARY-01595,f94d2140feb9558254365ca77eac0b01baa1df858b99da01fe97139e799442e3,20,0.14678942840545883,0.9,18
S007-EX27-DECOUPLED-ENTRY-BOUNDARY-01351,e135bff22f4ead21b5a40f8eb1c911de9d222c47c81e2dca6bf032bdc131adc8,20,0.1923953432125618,0.5,10
S007-EX27-DECOUPLED-ENTRY-BOUNDARY-00424,cd7e1135b0da1bd70afc63a169cf1321167b0a7fd68687ccb325b2ea4cbff1eb,20,0.262027865864382,0.4,8
S007-EX27-DECOUPLED-ENTRY-BOUNDARY-01132,cb008ea3ab238f20bc5d09f8ab0a668b4c0a73145621a605a23576c6a19c4ce1,20,0.163351150137931,0.6,12
S007-EX27-DECOUPLED-ENTRY-BOUNDARY-00458,624037dbc8d0db8ce847436f5213883e43b59e0d5f91cf8ff5c6f28f9a2e68b8,20,0.35723388161729086,0.2,4
S007-EX27-DECOUPLED-ENTRY-BOUNDARY-01713,e99fa2e5de549e34898218047bf62c7ea880cddd59f66100b593baa5e7b55719,20,0.20181305835723906,0.75,15
S007-EX27-DECOUPLED-ENTRY-BOUNDARY-01333,7f5dcede296d689e8b10773224bc30d4c13d36122be83536c0aac900e913bb40,20,0.20677884846757533,0.8,16
S007-EX27-DECOUPLED-ENTRY-BOUNDARY-02185,aed06e137ccc4cee729bf20260c83be6b9ac379df9ac68fd9134e9345f6a4f93,20,0.18889002085799733,0.65,13
S007-EX27-DECOUPLED-ENTRY-BOUNDARY-00392,9b6bed09d68587dc1f29cc2ab668b21980964927d8313929e78fc58eedc68559,20,0.1537786150825884,0.75,15
S007-EX27-DECOUPLED-ENTRY-BOUNDARY-02425,ace0dfa36f706272f69fca9e4df0e45b1b7199960d812af1e9c2c491b59b88cf,20,0.20181305835723906,0.7,14
S007-EX27-DECOUPLED-ENTRY-BOUNDARY-02347,03dea1c233ce0002622e38922a01b2fd6b8cad367637e63ba8df9e85371f365d,20,0.11141203349352757,0.9,18
S007-EX27-DECOUPLED-ENTRY-BOUNDARY-00351,2ab572e6ca1611be4912ea944aec9874c2c1f48fc7fa7dfc93218921cb664740,20,0.26601025765952846,0.15,3
S007-EX27-DECOUPLED-ENTRY-BOUNDARY-00981,f123c3d570a452c4225244f1f7c5ae0fa78b4431e6c998c73fbc3631261a5ccb,20,0.18977522096095623,0.4,8
S007-EX27-DECOUPLED-ENTRY-BOUNDARY-01486,69393a3d784fb2044f564b072d916e4cb97b3c0adc5ef245192c004afb3330b2,20,0.14678942840545883,0.75,15
S007-EX27-DECOUPLED-ENTRY-BOUNDARY-01008,709199754a500d636e9ae6f15c7acd6d178a68c0ff1cd07e962c0bcaa32712ad,20,0.17065914007716249,0.7,14
S007-EX27-DECOUPLED-ENTRY-BOUNDARY-02057,cfcd7bd4532f04b7cf064f72d0c0d4e6b5a0bfb35fd0b370d13d2050582ff149,20,0.22236273451103017,0.35,7
S007-EX27-DECOUPLED-ENTRY-BOUNDARY-00426,7177d87174180f09d129c1dc1a9ccdd8eda2d5d0b6969fe9a2867b0011062c96,20,0.2682128749275374,0.45,9
S007-EX27-DECOUPLED-ENTRY-BOUNDARY-01545,d8d67c028e41f08d206336ad82cb56dfff83a1835c8fbab6354091a35df79628,20,0.1825843942142712,0.65,13
S007-EX27-DECOUPLED-ENTRY-BOUNDARY-01553,d80ed0240ffdf550e49c634c5a4d771abb715951b21932d70a4438c5307c7b77,20,0.17455059805500794,0.7,14
S007-EX27-DECOUPLED-ENTRY-BOUNDARY-00569,88a54876447054b97d469d1e460ec2378be2d879db32789bffdc16d8103b7562,20,0.20181305835723906,0.5,10
S007-EX27-DECOUPLED-ENTRY-BOUNDARY-00649,12af9cc654b12af5e5958504f1f6653970f2ada7c2c3948c20b13e9a11dcd786,20,0.20181305835723906,0.55,11
S007-EX27-DECOUPLED-ENTRY-BOUNDARY-00787,de97fd2daa8d41157f449a8516045b2e446ed09aa84203b9a117fb0b059df749,20,0.13625233632773803,0.75,15
S007-EX27-DECOUPLED-ENTRY-BOUNDARY-00804,c4fd05930051a66be78ffc96b2e1fc8b215c6835c76feca0a3aa9c02bb77d0c1,20,0.19092325556971268,0.65,13
S007-EX27-DECOUPLED-ENTRY-BOUNDARY-01119,e242daa9cc27d94f8d1e627b12075f01b7a63e9a22388af226b10f31c308e990,20,0.13298188199385885,0.85,17
S007-EX27-DECOUPLED-ENTRY-BOUNDARY-00537,87d969df2af0f4f7d55f3d9c033b4a39c02a2d7efe01a890458a562b0a701b51,20,0.15892045947290373,0.65,13
S007-EX27-DECOUPLED-ENTRY-BOUNDARY-00745,6b635c1d3e51d494b2100018bf0e9af7844975f4b3141808a7a71931131c4097,20,0.18183520783321394,0.45,9
S007-EX27-DECOUPLED-ENTRY-BOUNDARY-01681,f72ebe7e6973d07eca0d78df08ba49db57f58ad51fb79f4501cac994332f4448,20,0.13298188199385885,0.85,17
S007-EX27-DECOUPLED-ENTRY-BOUNDARY-00493,7799e70a82cff36230ec3624cdaf573df1bc9de2afa2dc91535e0cfaf7fd48d7,20,0.2122094094943332,0.55,11
S007-EX27-DECOUPLED-ENTRY-BOUNDARY-00829,fde20a1d6bb55d630e06a4ec03b89bfdb7dc0427eb62fe6a61ecdde222299f8d,20,0.20677884846757533,0.9,18
S007-EX27-DECOUPLED-ENTRY-BOUNDARY-00582,a1b35c384107040438311c72ee28d1049a20f7656dfd601470e5d51bb03bbfe2,20,0.19915084756716928,0.6,12
S007-EX27-DECOUPLED-ENTRY-BOUNDARY-01619,f3e802ce6e2c3607a3c3886d2d71e7109afa83aa6dcc305f90f97538481b0dc4,20,0.1843922710432251,0.75,15
S007-EX27-DECOUPLED-ENTRY-BOUNDARY-00685,480ec672d163679a46fe5c9f17fa8799e9c74525b9deb6b688285e59dd72d773,20,0.20050596044125135,0.5,10
S007-EX27-DECOUPLED-ENTRY-BOUNDARY-00731,9949528c4dd2e745f624f78e32a0b6897c8702e826fb5f92e3437228867230aa,20,0.18889002085799733,0.5,10
S007-EX27-DECOUPLED-ENTRY-BOUNDARY-00370,0648cc2ccf03940e18a619caf9cb9641a58b5f5bfa76272a7bee1b78ec6ca420,20,0.21918672652139115,0.4,8
S007-EX27-DECOUPLED-ENTRY-BOUNDARY-01581,143d345b5f4bc5c679e4e6cd96dc562ca7bb3caceb9e24e9d1f3f7764a7cd6f1,20,0.18889002085799733,0.7,14
S007-EX27-DECOUPLED-ENTRY-BOUNDARY-01625,8073b8ae5d86f93bd9a670b0120c4590a4692a9fc6d87736a453b079fbe13ec6,20,0.1372941069540088,0.75,15
S007-EX27-DECOUPLED-ENTRY-BOUNDARY-01726,89dfaf564c5ad9271d4c6db425000d5e4758145590ed90b82feb160104a6f88b,20,0.18977522096095623,0.8,16
S007-EX27-DECOUPLED-ENTRY-BOUNDARY-02410,84f4acca89f73a2aae956314c68aa448ae229b9a113d701d8709a9e2bc2f2172,20,0.3284277022509956,0.3,6
S007-EX27-DECOUPLED-ENTRY-BOUNDARY-02939,f0f94f49c863224edba7ed3d69416bf89eccf7f5af24129807722b93334621fe,20,0.18428050938675633,0.65,13
S007-EX27-DECOUPLED-ENTRY-BOUNDARY-01948,2a0393d2066b9290113267f8542dfa5d58d4ea3761451e0089099db624c66f43,20,0.20181305835723906,0.6,12
S007-EX27-DECOUPLED-ENTRY-BOUNDARY-02464,d96759a76e13e31fcdc67c1da426786e172cbdc37b2410a894ad518519566f3c,20,0.20181305835723906,0.6,12
S007-EX27-DECOUPLED-ENTRY-BOUNDARY-01311,776c4a22ad5ed3511770d5415434cc2d6f5797e7f9dbbdd01b5f90f1420d7081,20,0.18889002085799733,0.75,15
S007-EX27-DECOUPLED-ENTRY-BOUNDARY-01177,93d41ad0c8bdf83b34cf69206a89e86892d39e1f8aad0229ea928df6d629f690,20,0.16053367085872006,1.0,20
S007-EX27-DECOUPLED-ENTRY-BOUNDARY-00578,651bed1646ead1e6c4958f7670ff8a494f59cc7ce2e5bec8ca0e6c4518899814,20,0.1819156234431084,0.75,15
S007-EX27-DECOUPLED-ENTRY-BOUNDARY-00661,1267a20bb1fc950abb705834c5835829413a7171f705331a8b4c7cf0c1bf1588,20,0.2763169312900352,0.4,8
S007-EX27-DECOUPLED-ENTRY-BOUNDARY-00946,3c8db23e84c0079b6307ecb21e3fe3bb5f14733afe798cb5a290f55c6f043ec6,20,0.2142102258384777,0.5,10
S007-EX27-DECOUPLED-ENTRY-BOUNDARY-00858,a4e406e7f09758e89135862c856b48fc30271a42c90055fc4cc49b78e5364d3a,20,0.1825843942142712,0.65,13
S007-EX27-DECOUPLED-ENTRY-BOUNDARY-00603,c250b438de9ab257b5c6cc302cd9f3f419efb9e29d76f53700c6b19b990c9755,20,0.21918672652139115,0.4,8
S007-EX27-DECOUPLED-ENTRY-BOUNDARY-01225,2e5bd640569c79cf5a08211b768d61d212efebe04d0cb15bbcfe4eb1d533307d,20,0.2122094094943332,0.6,12
S007-EX27-DECOUPLED-ENTRY-BOUNDARY-01769,d0ea935546f3f981d240e67064d16a69d9b9e1404c280adb7cefd75d032d5d26,20,0.22329891083079234,0.25,5
S007-EX27-DECOUPLED-ENTRY-BOUNDARY-02545,258420827feaeb9b7bdabb2878469123cc4d9a8fb6c1c020d69d252426d1306c,20,0.22352838719232732,0.4,8
S007-EX27-DECOUPLED-ENTRY-BOUNDARY-00909,97aeda3d405a18f1decf70881179ba424a0522582a910a2be995c025df855867,20,0.20181305835723906,0.7,14
S007-EX27-DECOUPLED-ENTRY-BOUNDARY-00702,034d6c957fd40a9ceaf92caa10e6061490c6706167bc03ab3d381e3ed5139665,20,0.23505356349879164,0.35,7
S007-EX27-DECOUPLED-ENTRY-BOUNDARY-00721,d83c4d10acc7215613ba3fe78216b43e9b6913208d85577ac78b28f013856601,20,0.23518635068002164,0.55,11
S007-EX27-DECOUPLED-ENTRY-BOUNDARY-00609,5cbc8f73171fc2e552e0fa900a0ee44572cbd159a4008a22c6ac1cb2cc09ba34,20,0.22010862647268548,0.65,13
S007-EX27-DECOUPLED-ENTRY-BOUNDARY-00463,6e11886f224681258f644562cb81af866532981c2dfa5cb97e56bf106fd4e0d7,20,0.18220087180115918,0.6,12
S007-EX27-DECOUPLED-ENTRY-BOUNDARY-01077,48c7be162388e3c603ba4b60315f4f0f95219f955d7fd7a68af8ff81c78e4611,20,0.18889002085799733,0.5,10
S007-EX27-DECOUPLED-ENTRY-BOUNDARY-01939,b9f0136f5a865c532284afa13208c7d0c26a429ec24a17142cb9aba98a85209a,20,0.17095196661650802,0.75,15
S007-EX27-DECOUPLED-ENTRY-BOUNDARY-00809,7a0acf6db8ea19614f03e2f72a879b8c43d4178ffbd0454af2480b100844aae4,20,0.27561002483095554,0.4,8
S007-EX27-DECOUPLED-ENTRY-BOUNDARY-00979,c7ab873f9179a8b5cea577b2679eae29eb90c63157355852f0c6001d07132050,20,0.1563069804770394,0.95,19
S007-EX27-DECOUPLED-ENTRY-BOUNDARY-01247,8ab3d85b711fb762433f4126837ee5f221fe9515dca6a69e7ccc1d6940b0affe,20,0.18781672017717105,0.4,8
S007-EX27-DECOUPLED-ENTRY-BOUNDARY-00394,c2e308a97fae24fe7b94883a3841adc8e1fb7aa48601650997ab365b89e92515,20,0.26525045091550836,0.65,13
S007-EX27-DECOUPLED-ENTRY-BOUNDARY-00460,f25de22057e632863c22180a0ea137c42ad7d3ab11905ff0aada1feb44562d6f,20,0.22886232600773593,0.5,10
S007-EX27-DECOUPLED-ENTRY-BOUNDARY-00803,576e0d99a743211942158e58afca3bf36cb18447e9f3e4282414f75acb054c3b,20,0.3384433953001873,0.15,3
S007-EX27-DECOUPLED-ENTRY-BOUNDARY-00763,d1c64af47627b044256fe00ef0cd8991e0cf1ccf38f968b7366e9b7ed6b16f98,20,0.2180875604589852,0.65,13
S007-EX27-DECOUPLED-ENTRY-BOUNDARY-00487,c13eefa5071ca8d756ea4c6bab8b3eaf4006dadab02af73522bc63076685b0df,20,0.2843934832201931,0.55,11
S007-EX27-DECOUPLED-ENTRY-BOUNDARY-00587,8d7c7afa582fdd1463924f9cc792b101a4e898762acd426a1561f97dfd9e7793,20,0.2777019445323389,0.35,7
S007-EX27-DECOUPLED-ENTRY-BOUNDARY-00591,4fe7b84f7a1cb316f6cf54668ac11f47c1961864f075ebbb8e720a1b54215110,20,0.2735310092311801,0.35,7
S007-EX27-DECOUPLED-ENTRY-BOUNDARY-02349,cf7e74c11cecdf249e921a1793ba58f957f93eed62dce475fb0889c62467081b,20,0.18889002085799733,0.5,10
S007-EX27-DECOUPLED-ENTRY-BOUNDARY-00405,54a9d43e475c933e8a7fc2c54727ae62070661cbf13b3fff26dfcc243e61d712,20,0.3176025135531946,0.2,4
S007-EX27-DECOUPLED-ENTRY-BOUNDARY-01251,9b06a5036e8f4d8a9568502cb7ee1547d557e4d259e6ffef84e40c92106d0639,20,0.18889002085799733,0.8,16
S007-EX27-DECOUPLED-ENTRY-BOUNDARY-00645,962b13f805210aba98d5f9156372d0fa8c7ac1f97f1b85940376d441f7ab336f,20,0.351069479215699,0.15,3
