dt,symbol,open,high,low,close,vol,amount
2019-10-08,510500.SH,1.4973625999999998,1.5130594,1.4951202,1.4959611,591765205.1373528,889927802.0
2019-10-09,510500.SH,1.4931581,1.5110973,1.48559,1.5091352,643004884.0528005,963839709.0
2019-10-10,510500.SH,1.5082943,1.5290365,1.505211,1.5256728999999998,683439461.2914734,1036889861.0
2019-10-11,510500.SH,1.5281956,1.5377257999999998,1.5155821,1.5335213,817491009.6325365,1246829687.0
2019-10-14,510500.SH,1.5405288,1.5609906999999998,1.5402485,1.5508999,762037128.0770602,1181865948.0
2019-10-15,510500.SH,1.5458545,1.5464151000000002,1.5298774,1.5321198,446422700.6778452,685564021.0
2019-10-16,510500.SH,1.5346425,1.54165,1.5225896,1.5231502,471370374.59864426,722122401.0
2019-10-17,510500.SH,1.5225896,1.5298774,1.5197866,1.5234305,391403096.6821262,596888896.0
2019-10-18,510500.SH,1.5237108,1.5318395,1.4987641,1.502408,601119561.1844453,911632389.0
2019-10-21,510500.SH,1.5012868,1.5012868,1.48559,1.499605,565250342.4901891,844145271.0
2019-10-22,510500.SH,1.5012868,1.5186654,1.4993247,1.51362,629452226.1862291,947909682.0
2019-10-23,510500.SH,1.5153017999999998,1.5167033,1.4987641,1.5046504,424905740.2782733,640605599.0
2019-10-24,510500.SH,1.5038095,1.5060519,1.4917566,1.5018474,636026136.2825544,953977625.0
2019-10-25,510500.SH,1.5021277,1.5161426999999998,1.4881127,1.5144608999999998,754095722.4402426,1133281870.0
2019-10-28,510500.SH,1.5281956,1.5357637,1.5206275,1.5352031000000002,1127946439.529076,1725801647.0
2019-10-29,510500.SH,1.5354834,1.5354834,1.5153017999999998,1.516423,601073093.1145202,915676260.0
2019-10-30,510500.SH,1.5113776,1.5119382,1.4959611,1.4976429,673534548.6978238,1010958138.0
2019-10-31,510500.SH,1.4987641,1.5035292,1.4875521,1.4897945,499714834.10631466,747889564.0
2019-11-01,510500.SH,1.4878323999999998,1.5057716,1.482787,1.5040897999999998,717517763.1109526,1074554482.0
2019-11-04,510500.SH,1.5032489,1.5175442,1.5029686,1.5082943,728497288.6193365,1100799812.0
2019-11-05,510500.SH,1.5088549,1.5287562,1.5040897999999998,1.5195063,835717631.1095256,1267801939.0
2019-11-06,510500.SH,1.5178245,1.5217487,1.4984838,1.5063322,744890160.5422761,1124883562.0
2019-11-07,510500.SH,1.5038095,1.522029,1.502408,1.5161426999999998,648220909.7395648,981280261.0
2019-11-08,510500.SH,1.5262335,1.5315592,1.5094154999999998,1.5105367,792963439.1723154,1207253780.0
2019-11-11,510500.SH,1.502408,1.5026883,1.474378,1.4757794999999998,878351780.2354621,1307602209.0
2019-11-12,510500.SH,1.4766203999999998,1.4808249,1.460363,1.4766203999999998,738579479.1295041,1086820856.0
2019-11-13,510500.SH,1.4763401,1.4783022,1.4679311,1.4766203999999998,497588127.0067785,733008256.0
2019-11-14,510500.SH,1.4740977,1.4892339,1.4738174,1.4853097000000002,572538737.0674278,848681144.0
2019-11-15,510500.SH,1.4853097000000002,1.4954005,1.4749385999999998,1.4763401,508006589.3685337,753253686.0
2019-11-18,510500.SH,1.474378,1.4864309,1.4710144,1.4816657999999998,481140535.14092046,711802944.0
2019-11-19,510500.SH,1.4816657999999998,1.5068928,1.479984,1.5054913,753204562.9682484,1127611157.0
2019-11-20,510500.SH,1.5060519,1.5102563999999998,1.4951202,1.4959611,838778690.688548,1261321822.0
2019-11-21,510500.SH,1.4925975,1.5046504,1.488393,1.4982034999999998,443369172.3153764,663265604.0
2019-11-22,510500.SH,1.4982034999999998,1.5211880999999998,1.4763401,1.482787,937283474.8483768,1405360165.0
2019-11-25,510500.SH,1.4819461,1.488393,1.4701735,1.4839082,632584766.3217981,935840178.0
2019-11-26,510500.SH,1.48559,1.4909157,1.4760598,1.4788628,661197863.0039244,979829869.0
2019-11-27,510500.SH,1.4749385999999998,1.4962414,1.474378,1.48559,640413064.5736711,951970321.0
2019-11-28,510500.SH,1.4839082,1.4903551,1.4780219,1.482787,514229133.0717089,762966163.0
2019-11-29,510500.SH,1.4822264,1.4886733,1.4682114000000002,1.482787,908308704.9589725,1344784027.0
2019-12-02,510500.SH,1.4858703,1.4951202,1.479984,1.4875521,616133977.880842,916465312.0
2019-12-03,510500.SH,1.479984,1.4942793,1.4749385999999998,1.493999,688792129.8608633,1021347831.0
2019-12-04,510500.SH,1.4864309,1.4948399,1.4841885,1.4909157,523634727.0781306,779764104.0
2019-12-05,510500.SH,1.4942793,1.5096958,1.4920369,1.5049306999999998,781276464.5023191,1173089812.0
2019-12-06,510500.SH,1.505211,1.5200669,1.5010065,1.5195063,673500321.0845523,1016823710.0
2019-12-09,510500.SH,1.5203472,1.5273546999999998,1.5161426999999998,1.5228699,703334616.4823403,1069795871.0
2019-12-10,510500.SH,1.5197866,1.5329607,1.5150215,1.5298774,616243292.9004638,938605775.0
2019-12-11,510500.SH,1.5287562,1.5301577,1.5169836,1.5239911,466438458.7941492,710505570.0
2019-12-12,510500.SH,1.5237108,1.5307183,1.5189457,1.5209078,592777830.8954692,903532223.0
2019-12-13,510500.SH,1.533241,1.5455742,1.5265137999999998,1.54165,1046560267.5704602,1605467900.0
2019-12-16,510500.SH,1.5419303,1.5688391000000002,1.5408091,1.5660360999999998,973275793.7923652,1511391532.0
2019-12-17,510500.SH,1.5660360999999998,1.5979902999999998,1.564074,1.5907025,998433392.7934356,1581801149.0
2019-12-18,510500.SH,1.5876191999999998,1.600513,1.5850965,1.589301,736867017.4812701,1174343405.0
2019-12-19,510500.SH,1.589301,1.5971494000000002,1.5842556,1.5932252,581417160.1855155,924094372.0
2019-12-20,510500.SH,1.5932252,1.5979902999999998,1.5747254000000002,1.5775284,889275540.4923297,1409859959.0
2019-12-23,510500.SH,1.5716421,1.5755663000000002,1.5399682,1.5413697,1000039957.1887264,1559217817.0
2019-12-24,510500.SH,1.5441727,1.5665967,1.5433318,1.5646346,716030981.0916874,1113431545.0
2019-12-25,510500.SH,1.5623922,1.5744451,1.561271,1.5716421,770740420.977524,1208524029.0
2019-12-26,510500.SH,1.56968,1.5842556,1.5663164,1.5834147,663851633.9636104,1044979734.0
2019-12-27,510500.SH,1.5850965,1.5946267,1.5702406,1.5708012,614880039.2436675,974018649.0
2019-12-30,510500.SH,1.5677179,1.5940661,1.5559453,1.5926646,755481594.7199429,1194030580.0
2019-12-31,510500.SH,1.5895813,1.6010736,1.5853768,1.5991115,612491516.232608,976168589.0
2020-01-02,510500.SH,1.6139674,1.6338686999999998,1.6041569,1.6293839,840460028.5408491,1364273246.0
2020-01-03,510500.SH,1.6293839,1.6386338,1.62574,1.6324672,551174081.3414199,899177189.0
2020-01-06,510500.SH,1.6279823999999998,1.6672244,1.6243385,1.650967,792898972.5294327,1307521802.0
2020-01-07,510500.SH,1.6504063999999998,1.6728304,1.6504063999999998,1.6722698,758674034.96254,1260248672.0
2020-01-08,510500.SH,1.6616184,1.6711486,1.6439595,1.6490049,900869311.452016,1493383829.0
2020-01-09,510500.SH,1.6616184,1.6700274,1.6557321,1.6697471,836652272.5651088,1392247755.0
2020-01-10,510500.SH,1.673391,1.6761940000000002,1.6540503,1.6627396,725737417.0531573,1206982366.0
2020-01-13,510500.SH,1.6635805,1.6916105,1.6515276,1.6904893,726165387.0852658,1214042241.0
2020-01-14,510500.SH,1.6918908,1.6972165,1.6815197,1.6832015,670912668.5693899,1133293950.0
2020-01-15,510500.SH,1.6809591,1.6840424,1.6666637999999998,1.6781561,627061755.2622191,1051323131.0
2020-01-16,510500.SH,1.678997,1.6860045,1.6736713,1.6803985,694583492.6864074,1166818467.0
2020-01-17,510500.SH,1.6823606,1.6871257,1.6663835,1.6708683,926992604.3524796,1555189615.0
2020-01-20,510500.SH,1.673391,1.6994589,1.6680653,1.6988983,604899650.3745986,1019522729.0
2020-01-21,510500.SH,1.693012,1.6941331999999998,1.6717092,1.678997,1052103057.4384588,1769694739.0
2020-01-22,510500.SH,1.670588,1.7025422,1.6495654999999998,1.6918908,974653774.5272924,1629372732.0
2020-01-23,510500.SH,1.6753531000000002,1.6854439,1.6156492,1.6288233,1473489475.561898,2437769704.0
2020-02-03,510500.SH,1.4982034999999998,1.5088549,1.48559,1.4965217000000002,2349553606.849804,3514496248.0
2020-02-04,510500.SH,1.4965217000000002,1.5270744,1.4811052,1.5217487,1922167345.7010343,2888335988.0
2020-02-05,510500.SH,1.5225896,1.56968,1.519226,1.5545438,1125055950.7670352,1740890473.0
2020-02-06,510500.SH,1.558468,1.6083614000000002,1.5436120999999998,1.6007933,1049846582.2333214,1663316614.0
2020-02-07,510500.SH,1.5991115,1.6170507,1.5876191999999998,1.6162098,805346778.451659,1290381152.0
2020-02-10,510500.SH,1.6106038,1.6324672,1.6035963,1.6319066,996892311.8087764,1613834079.0
2020-02-11,510500.SH,1.631346,1.6361111,1.6148083,1.6246188,740905140.9204423,1203818558.0
2020-02-12,510500.SH,1.6218157999999998,1.6579745,1.6187325,1.6576942,686098665.7153051,1125374751.0
2020-02-13,510500.SH,1.6551715,1.6607775,1.6383534999999998,1.6428383,732733621.1202283,1207034639.0
2020-02-14,510500.SH,1.636952,1.6607775,1.6319066,1.6448004,757347445.5940064,1247143624.0
2020-02-17,510500.SH,1.6520882,1.701421,1.6520882,1.7005801,1401198908.3125224,2350608365.0
2020-02-18,510500.SH,1.701421,1.715436,1.6899286999999998,1.7143148,1450417827.327863,2472829238.0
2020-02-19,510500.SH,1.7137542,1.7196405,1.6974968,1.7005801,972500206.921156,1661627541.0
2020-02-20,510500.SH,1.7011406999999998,1.7364585,1.6932923,1.7325343,962189115.2336782,1650190834.0
2020-02-21,510500.SH,1.7280495,1.7692536,1.7272086,1.7600037,1071211202.283268,1873835181.0
2020-02-24,510500.SH,1.7535568,1.7843897999999998,1.7429054,1.7762611,1092228704.9589725,1929619663.0
2020-02-25,510500.SH,1.7482311,1.7925185,1.7137542,1.7880336999999995,1105389457.7238674,1942785465.0
2020-02-26,510500.SH,1.7653294,1.7815868,1.7381402999999995,1.7426251,1016920203.3535498,1794776126.0
2020-02-27,510500.SH,1.7448674999999998,1.7650491,1.7283298,1.7420645,911419179.4505888,1592163916.0
2020-02-28,510500.SH,1.6988983,1.7106709,1.6532094,1.6554517999999998,1946120328.2197645,3263750655.0
2020-03-02,510500.SH,1.6691865,1.7246859,1.6691865,1.7159966,1362315330.0035677,2318785971.0
2020-03-03,510500.SH,1.743466,1.7661703,1.712633,1.7277691999999998,1372890424.5451305,2394565855.0
2020-03-04,510500.SH,1.7159966,1.735057,1.6988983,1.7333752,661445900.8205494,1135715329.0
2020-03-05,510500.SH,1.7574809999999998,1.7608446,1.7375797,1.7555189,509210292.5437032,891089941.0
2020-03-06,510500.SH,1.7353373,1.7611249,1.735057,1.7454281,456421541.2058509,798692208.0
2020-03-09,510500.SH,1.7182389999999998,1.726648,1.678997,1.6809591,655345633.2500892,1113141861.0
2020-03-10,510500.SH,1.664982,1.7196405,1.6462019,1.7182389999999998,1148260656.4395292,1937136165.0
2020-03-11,510500.SH,1.7230041,1.7283298,1.6924514,1.693012,1144056018.5515518,1962834818.0
2020-03-12,510500.SH,1.6728304,1.6851636,1.6543306,1.6711486,579469843.0253301,966955105.0
2020-03-13,510500.SH,1.5982706,1.6725500999999998,1.586498,1.6590957,1286500306.8141277,2095119617.0
2020-03-16,510500.SH,1.6616184,1.662179,1.5738845,1.5786496,960225986.4430968,1555769826.0
2020-03-17,510500.SH,1.5974297,1.6167703999999998,1.5366046,1.5817329,1311378469.4969676,2061951657.0
2020-03-18,510500.SH,1.5890206999999998,1.617331,1.5537029,1.5579074,980968351.7659652,1559854848.0
2020-03-19,510500.SH,1.558468,1.575286,1.5211880999999998,1.5719223999999998,1307720256.867642,2028128816.0
2020-03-20,510500.SH,1.5800511,1.5859374000000002,1.5570665,1.5834147,780970702.8184088,1229620295.0
2020-03-23,510500.SH,1.54165,1.5562256,1.5122185,1.5200669,1266598997.5026758,1942301572.0
2020-03-24,510500.SH,1.5464151000000002,1.5545438,1.5066125,1.54165,1113582201.2129862,1709773486.0
2020-03-25,510500.SH,1.5727633,1.5842556,1.5623922,1.5789299,992195494.11345,1561302530.0
2020-03-26,510500.SH,1.56968,1.5825738,1.5632331,1.5637937,648371765.9650375,1018544987.0
2020-03-27,510500.SH,1.580892,1.5850965,1.5559453,1.5570665,528372186.9425616,830497874.0
2020-03-30,510500.SH,1.54165,1.54165,1.5105367,1.5270744,975516368.1769532,1487838727.0
2020-03-31,510500.SH,1.5402485,1.5430515,1.5239911,1.5270744,783617046.0221192,1201437442.0
2020-04-01,510500.SH,1.5234305,1.5497786999999998,1.5200669,1.5214684,644691930.0749197,989224821.0
2020-04-02,510500.SH,1.5181048,1.5677179,1.5161426999999998,1.5665967,851799960.7563325,1310764276.0
2020-04-03,510500.SH,1.5567862,1.5629528,1.5408091,1.5478166,716467713.1644666,1111978430.0
2020-04-07,510500.SH,1.5750057,1.5985509,1.5747254000000002,1.5937858,829333667.4991081,1317190158.0
2020-04-08,510500.SH,1.5878995,1.6044372,1.5850965,1.5985509,552517556.1897967,880702252.0
2020-04-09,510500.SH,1.6058387,1.6187325,1.6035963,1.6134068,537240278.2732786,865392167.0
2020-04-10,510500.SH,1.611725,1.611725,1.5766875,1.5842556,849505761.6839101,1352123773.0
2020-04-13,510500.SH,1.5727633,1.5769678,1.5607103999999998,1.5679982,639899750.2675705,1003718062.0
2020-04-14,510500.SH,1.5747254000000002,1.6035963,1.5744451,1.6016342,602959379.2365323,958503961.0
2020-04-15,510500.SH,1.6019145,1.6128462,1.5968691,1.5985509,568810310.3817339,913076510.0
2020-04-16,510500.SH,1.5935054999999998,1.6184522,1.5907025,1.6111644,574075990.0107028,920836624.0
2020-04-17,510500.SH,1.6206946,1.6324672,1.6080811,1.6131265,784649846.5929362,1273829901.0
2020-04-20,510500.SH,1.6131265,1.6310657,1.6106038,1.6305051,557380945.4156262,904599459.0
2020-04-21,510500.SH,1.6234976,1.6234976,1.6013539,1.620134,830526885.479843,1339252609.0
2020-04-22,510500.SH,1.606119,1.6366717000000002,1.6055583999999998,1.6352702,632516603.6389582,1023852890.0
2020-04-23,510500.SH,1.6355505,1.6386338,1.6240582,1.6268612,370503310.73849446,604044358.0
2020-04-24,510500.SH,1.6206946,1.62574,1.5971494000000002,1.6027554,661538822.689975,1063652965.0
2020-04-27,510500.SH,1.6024751,1.6120053,1.5940661,1.5971494000000002,517216928.2911167,828822939.0
2020-04-28,510500.SH,1.5971494000000002,1.5974297,1.5503393,1.5848162,886730645.7367107,1397520688.0
2020-04-29,510500.SH,1.583695,1.59771,1.5800511,1.5878995,541969129.5041027,861679840.0
2020-04-30,510500.SH,1.5943463999999998,1.6321869,1.5943463999999998,1.6277021,800298626.4716375,1296370740.0
2020-05-06,510500.SH,1.617331,1.6574139,1.6134068,1.6529291,779468027.1138066,1276805844.0
2020-05-07,510500.SH,1.6529291,1.6585351,1.6442397999999998,1.650967,782272001.4270425,1292809706.0
2020-05-08,510500.SH,1.6599366,1.6792773,1.6574139,1.6719895,718865858.0092758,1199908790.0
2020-05-11,510500.SH,1.6731107,1.6860045,1.6585351,1.6655426,865219061.719586,1443541553.0
2020-05-12,510500.SH,1.6635805,1.6722698,1.6526488,1.6697471,1058083125.2229754,1762368393.0
2020-05-13,510500.SH,1.6675046999999998,1.6812394,1.6607775,1.6784364,648008626.4716375,1082256570.0
2020-05-14,510500.SH,1.6731107,1.6781561,1.6658228999999998,1.6697471,375628012.8433821,627387121.0
2020-05-15,510500.SH,1.6700274,1.6854439,1.667785,1.6728304,735265572.6007849,1232788477.0
2020-05-18,510500.SH,1.6745122,1.6795576,1.6582548,1.6641411,486385119.5148056,812392046.0
2020-05-19,510500.SH,1.673391,1.6837620999999998,1.6714289,1.6829211999999998,397285066.0007135,667168959.0
2020-05-20,510500.SH,1.6806788,1.6829211999999998,1.6644214,1.6697471,597477698.8940421,1001109307.0
2020-05-21,510500.SH,1.6708683,1.6747925,1.6476034,1.6498458,460195055.29789513,764079130.0
2020-05-22,510500.SH,1.6436792,1.6495654999999998,1.6162098,1.6215355,776244373.8851231,1265098960.0
2020-05-25,510500.SH,1.6206946,1.6260203,1.6097629,1.6148083,502859878.7013914,813513242.0
2020-05-26,510500.SH,1.6243385,1.6467625,1.6209749,1.6450806999999998,754174848.3767393,1235166129.0
2020-05-27,510500.SH,1.6464822,1.6467625,1.6279823999999998,1.6347096,823513171.6018552,1349046069.0
2020-05-28,510500.SH,1.6333081,1.6414368,1.611725,1.6302248,525358366.0363896,853939577.0
2020-05-29,510500.SH,1.6234976,1.6456413,1.6232173,1.6436792,515094541.5626115,844224302.0
2020-06-01,510500.SH,1.6540503,1.6997392,1.6540503,1.6988983,659887306.4573671,1112886814.0
2020-06-02,510500.SH,1.704224,1.7056255,1.6882468999999998,1.6972165,391199785.9436318,663192008.0
2020-06-03,510500.SH,1.701421,1.7095497,1.6935726,1.6944135,558808844.0956118,950843621.0
2020-06-04,510500.SH,1.6991786,1.7022619,1.6882468999999998,1.6974968,483665001.7838031,820577679.0
2020-06-05,510500.SH,1.6974968,1.7028225,1.6882468999999998,1.701421,306231894.3988584,519510104.0
2020-06-08,510500.SH,1.7084285,1.715436,1.6949740999999998,1.6977771000000002,375449450.588655,639725340.0
2020-06-09,510500.SH,1.6980574,1.712633,1.6935726,1.7078679,416005094.5415626,709228873.0
2020-06-10,510500.SH,1.7078679,1.7112315,1.6994589,1.7101103,365527745.27292186,623669244.0
2020-06-11,510500.SH,1.7101103,1.732254,1.695815,1.707027,511059689.61826617,875566640.0
2020-06-12,510500.SH,1.678997,1.7173980999999998,1.6773152,1.7073073,682275433.4641455,1159598155.0
2020-06-15,510500.SH,1.7056255,1.7260874000000002,1.7036634,1.7053451999999998,840253300.0356761,1441441584.0
2020-06-16,510500.SH,1.7173980999999998,1.7370191,1.7173980999999998,1.7361782,511795893.6853371,884799088.0
2020-06-17,510500.SH,1.7403826999999998,1.7532765,1.7353373,1.7501932,595550838.387442,1037742866.0
2020-06-18,510500.SH,1.7499129,1.7569203999999998,1.7440266,1.754678,646349625.4013557,1131866392.0
2020-06-19,510500.SH,1.754678,1.774299,1.7521553,1.7675718,739727984.302533,1305633076.0
2020-06-22,510500.SH,1.7667309,1.7796247,1.7642082,1.7664505999999998,725076764.1812344,1284381650.0
2020-06-23,510500.SH,1.7664505999999998,1.7754202,1.7577613,1.774299,710005404.9232965,1255652302.0
2020-06-24,510500.SH,1.7745793,1.7804656,1.76589,1.7745793,482739047.4491617,855357846.0
2020-06-29,510500.SH,1.7728975,1.7728975,1.7577613,1.7667309,585306132.7149483,1033405086.0
2020-06-30,510500.SH,1.7695339,1.8017684,1.7695339,1.7927988,815277916.5180165,1459730004.0
2020-07-01,510500.SH,1.7978442,1.8020487,1.7821474,1.8006472,805962183.3749554,1447028704.0
2020-07-02,510500.SH,1.8000866,1.8370862,1.7947608999999998,1.8328817,830268990.3674635,1510582613.0
2020-07-03,510500.SH,1.8342832,1.8581087,1.8286772,1.8572678,1092757185.1587584,2015783587.0
2020-07-06,510500.SH,1.8710025,1.959297,1.8710025,1.9455623,1948012843.3820903,3737277481.0
2020-07-07,510500.SH,1.9654636,1.9974178,1.9410775,1.964903,1591757466.999643,3138788323.0
2020-07-08,510500.SH,1.9604182,2.0100313,1.953691,2.004145,935746831.965751,1855994997.0
2020-07-09,510500.SH,2.0021829,2.0613262,1.998539,2.0576823,924264545.1302176,1881929209.0
2020-07-10,510500.SH,2.0473112,2.0753412,2.0408643,2.054599,925909172.3153764,1906840646.0
2020-07-13,510500.SH,2.0565611,2.1210301,2.0565611,2.1199089,793723803.0681412,1664028079.0
2020-07-14,510500.SH,2.1185074,2.1185074,2.0503945,2.0918789,1188990313.94934,2482453360.0
2020-07-15,510500.SH,2.0915986,2.1056136,2.0288114,2.0481521000000003,1275473414.1990724,2629471627.0
2020-07-16,510500.SH,2.0450688,2.0674928,1.9365927,1.9458426,1397139211.559044,2803376722.0
2020-07-17,510500.SH,1.9458426,1.9794786,1.9309867,1.9472441,1123249910.8098466,2192963478.0
2020-07-20,510500.SH,1.967706,2.0058268,1.948085,2.0044253,1318503125.2229755,2607215320.0
2020-07-21,510500.SH,2.0091904,2.0260084,1.9982587,2.0156373,702037509.8109169,1412182082.0
2020-07-22,510500.SH,2.0133949,2.0644095,2.0061071,2.0352583,810283185.8722798,1652651744.0
2020-07-23,510500.SH,2.01816,2.0400234,1.9763953,2.0330159,821493831.6089904,1654684322.0
2020-07-24,510500.SH,2.0268493,2.0290917,1.9287443,1.9365927,1067068130.5743846,2113165760.0
2020-07-27,510500.SH,1.939676,1.9520092,1.9175323,1.9354715,753776318.2304673,1461561199.0
2020-07-28,510500.SH,1.9494865,1.9646227,1.9385548,1.9553728,730686407.4206208,1426108279.0
2020-07-29,510500.SH,1.9441608,2.0136752,1.942479,2.0108722,764689682.483054,1517267342.0
2020-07-30,510500.SH,2.0119934,2.0220842,1.9979784,2.0038647,749361130.9311452,1504661423.0
2020-07-31,510500.SH,2.0033041,2.040584,1.9859255,2.0248872,972094698.5372816,1964297124.0
2020-08-03,510500.SH,2.0372204,2.0739397,2.0318947,2.0736594,843599568.3196576,1735424617.0
2020-08-04,510500.SH,2.0745003,2.0789851,2.0520763,2.0613262,633142661.4341776,1308986808.0
2020-08-05,510500.SH,2.0616065,2.0879547,2.0445082,2.0809472,594603292.9004638,1229841961.0
2020-08-06,510500.SH,2.0812275,2.091038,2.0475915,2.0862729,498219907.2422405,1033603689.0
2020-08-07,510500.SH,2.0801063,2.0812275,2.0257281000000003,2.060205,516418330.36032826,1061566894.0
2020-08-10,510500.SH,2.048993,2.0845911,2.043387,2.0700155,434535230.1105958,896082494.0
2020-08-11,510500.SH,2.0646898,2.0812275,2.0285311,2.0327356,415320631.4662861,856207679.0
2020-08-12,510500.SH,2.023766,2.029372,1.9702287,2.006948,726441377.0959686,1449372357.0
2020-08-13,510500.SH,2.0122737,2.0265690000000003,2.004145,2.0161979,545634677.1316447,1100033630.0
2020-08-14,510500.SH,2.0164782,2.0459097,2.0049859,2.0447885,848607574.0278273,1721408220.0
2020-08-17,510500.SH,2.0442279,2.0775836,2.0352583,2.0739397,826915208.704959,1705692756.0
2020-08-18,510500.SH,2.0730988,2.0974849,2.0728185,2.0887956,626477848.7334999,1307371061.0
2020-08-19,510500.SH,2.0885153,2.0887956,2.0520763,2.0534778,515116139.8501605,1066404121.0
2020-08-20,510500.SH,2.0548793,2.0560005,2.0265690000000003,2.0332962,560436154.1205851,1142722453.0
2020-08-21,510500.SH,2.0363795,2.0613262,2.0296523,2.0453491,508933999.2864788,1043092794.0
2020-08-24,510500.SH,2.051796,2.0616065,2.0274099,2.0562808,530531573.3143061,1088905637.0
2020-08-25,510500.SH,2.060205,2.0750609,2.0411446,2.0459097,488719407.77738136,1003981922.0
2020-08-26,510500.SH,2.0436673,2.0506748,2.0016223,2.0114328,711250445.950767,1438663102.0
2020-08-27,510500.SH,2.0114328,2.0304932,2.0005011,2.029372,586874381.0203353,1183726303.0
2020-08-28,510500.SH,2.0260084,2.0663716,2.0159176,2.0638489,987006393.1501962,2020957854.0
2020-08-31,510500.SH,2.0705761,2.085432,2.0526369,2.0534778,831616585.8009276,1722977544.0
2020-09-01,510500.SH,2.048993,2.068614,2.0464703,2.0680534,523449211.5590439,1076599882.0
2020-09-02,510500.SH,2.0691746,2.0756215,2.0447885,2.0666519,1057300599.3578308,2179588403.0
2020-09-03,510500.SH,2.0655307,2.0750609,2.0484324,2.0554399,494247363.5390653,1019448125.0
2020-09-04,510500.SH,2.0327356,2.0459097,2.0201221,2.0414249,650001348.5551195,1318613075.0
2020-09-07,510500.SH,2.0360992,2.0571217,1.9904103,1.9988193,759473175.1694613,1538526940.0
2020-09-08,510500.SH,2.0010617,2.0192812,1.9859255,2.0114328,594244391.7231538,1188749977.0
2020-09-09,510500.SH,1.9909709,1.9971375,1.9483653,1.9612591,778254241.8836961,1535280897.0
2020-09-10,510500.SH,1.9713499,1.9766756,1.9178126,1.9276231,991106760.6136284,1931492475.0
2020-09-11,510500.SH,1.9164111,1.948085,1.9141687,1.9438805,802774348.9118801,1552965334.0
2020-09-14,510500.SH,1.9556531,1.9640621,1.939676,1.9587364,848139850.1605422,1657352544.0
2020-09-15,510500.SH,1.9542516,1.970509,1.9500471,1.9665848,498860863.360685,977202069.0
2020-09-16,510500.SH,1.9668651,1.9668651,1.950888,1.9604182,451017481.2700678,883850999.0
2020-09-17,510500.SH,1.953691,1.9800392,1.9416381,1.9646227,665861933.6425259,1304144544.0
2020-09-18,510500.SH,1.9621,2.0010617,1.959297,2.0002208,730265073.1359258,1447599138.0
2020-09-21,510500.SH,1.998539,2.0075086,1.9825619,1.9859255,982068854.7984304,1956675126.0
2020-09-22,510500.SH,1.9747135,1.9960163,1.9528501,1.9612591,669743845.8794149,1322935303.0
2020-09-23,510500.SH,1.9623803,1.9766756,1.959297,1.9707893,442365258.6514449,870583869.0
2020-09-24,510500.SH,1.9578955,1.9606985,1.9251004,1.9326685,936537149.4826972,1815568811.0
2020-09-25,510500.SH,1.9329488,1.9407972,1.9166914,1.9267822,639825269.3542633,1233346006.0
2020-09-28,510500.SH,1.931267,1.93407,1.9040779,1.908843,582334470.2104888,1115266209.0
2020-09-29,510500.SH,1.914449,1.9402366,1.9099642,1.922858,815402682.8398147,1571791929.0
2020-09-30,510500.SH,1.9242595,1.9343503,1.8959492,1.9096839,825984438.1020335,1581858318.0
2020-10-09,510500.SH,1.9391154,1.967706,1.9391154,1.959297,693402069.211559,1358413820.0
2020-10-12,510500.SH,1.973312,2.0204024,1.9727514,2.0192812,614716214.7698895,1230501431.0
2020-10-13,510500.SH,2.0139555,2.0226448,1.9990996,2.0198418,696136996.0756333,1399063847.0
2020-10-14,510500.SH,2.0170388,2.01816,2.0058268,2.0108722,511850981.0916875,1029655874.0
2020-10-15,510500.SH,2.0080692,2.015357,1.9948951,1.995736,542948829.8251873,1086076633.0
2020-10-16,510500.SH,1.9988193,2.0007814,1.9699484,1.9848043,534548565.8223332,1061850533.0
2020-10-19,510500.SH,1.995736,2.0038647,1.9578955,1.9654636,1065967466.9996432,2103726156.0
2020-10-20,510500.SH,1.9609788,1.9836831,1.9531304,1.981721,518172422.4045665,1018458003.0
2020-10-21,510500.SH,1.978918,1.9839634,1.9517289,1.9654636,594806254.013557,1168546457.0
2020-10-22,510500.SH,1.959297,1.9618197,1.9343503,1.9531304,563206107.7417053,1097041370.0
2020-10-23,510500.SH,1.9486456,1.9674257,1.9175323,1.9211762,659717898.6799858,1279311200.0
2020-10-26,510500.SH,1.9194944,1.9287443,1.8925856,1.9194944,668479878.7013913,1279165215.0
2020-10-27,510500.SH,1.9099642,1.9242595,1.9068809,1.9189338,415506878.3446308,796052370.0
2020-10-28,510500.SH,1.9189338,1.9318276,1.9035173,1.9301458,468214413.1287906,898423576.0
2020-10-29,510500.SH,1.9110854,1.9433199,1.9074415,1.9329488,600449867.998573,1157715882.0
2020-10-30,510500.SH,1.9326685,1.9450017,1.8866993,1.889222,762260324.6521584,1457014653.0
2020-11-02,510500.SH,1.8906235,1.9057597,1.886419,1.8959492,507720299.6789154,962896618.0
2020-11-03,510500.SH,1.9035173,1.9301458,1.8984719,1.925661,535525008.91901535,1027347211.0
2020-11-04,510500.SH,1.925661,1.9329488,1.9068809,1.9253807,696275062.4331074,1337465863.0
2020-11-05,510500.SH,1.9399563,1.9674257,1.9343503,1.9635015,632159329.2900463,1233058623.0
2020-11-06,510500.SH,1.9635015,1.9665848,1.9295852,1.9489259,612974109.882269,1191069836.0
2020-11-09,510500.SH,1.956494,1.9940542,1.9562137,1.9808801,917112640.0285408,1817105999.0
2020-11-10,510500.SH,1.9884482,1.9884482,1.9542516,1.9674257,856942918.3018194,1687900719.0
2020-11-11,510500.SH,1.9621,1.9707893,1.9433199,1.9436002,361425797.35997146,707111461.0
2020-11-12,510500.SH,1.9450017,1.9601379,1.942479,1.9500471,359781348.5551195,701426508.0
2020-11-13,510500.SH,1.9447214,1.9528501,1.9276231,1.9506077,531209992.86478776,1030845300.0
2020-11-16,510500.SH,1.9542516,1.973312,1.945282,1.9730317,477129500.5351409,937395964.0
2020-11-17,510500.SH,1.9713499,1.9719105,1.9494865,1.9598576,419036532.2868355,820197350.0
2020-11-18,510500.SH,1.9587364,1.9752741,1.950888,1.9581758,573586514.4488049,1126237962.0
2020-11-19,510500.SH,1.9550925,1.9719105,1.9436002,1.9691075,449071302.1762398,880651273.0
2020-11-20,510500.SH,1.9621,1.9895694,1.9621,1.9856452,585667413.4855512,1159224809.0
2020-11-23,510500.SH,1.9862058,2.0175994,1.9777968,2.0005011,740011116.6607207,1478258588.0
2020-11-24,510500.SH,1.9999405,2.006948,1.9962966,1.9999405,485140196.2183376,971021886.0
2020-11-25,510500.SH,2.0047056,2.0077889,1.964903,1.9679863,435320727.7916518,862522474.0
2020-11-26,510500.SH,1.967706,1.9702287,1.9475244,1.9621,596530531.5733143,1166919264.0
2020-11-27,510500.SH,1.9626606,1.9707893,1.9402366,1.9702287,523686764.1812344,1024254265.0
2020-11-30,510500.SH,1.970509,1.981721,1.9497668,1.9556531,750691291.4734213,1477980031.0
2020-12-01,510500.SH,1.9528501,1.9937739,1.9511683,1.9870467,586277031.7516947,1160475839.0
2020-12-02,510500.SH,1.9876073,1.9934936,1.9752741,1.9887285,769616393.1501962,1526854734.0
2020-12-03,510500.SH,1.9881679,2.0007814,1.9749938,1.9954557,691021191.5804496,1372137043.0
2020-12-04,510500.SH,1.99013,2.0035844,1.9797589,2.0027435,465606849.8037817,927460474.0
2020-12-07,510500.SH,2.0019026,2.0044253,1.9828422,1.9881679,666376025.6867642,1326764449.0
2020-12-08,510500.SH,1.9864861,1.9974178,1.9842437,1.9856452,479924331.07384944,955468466.0
2020-12-09,510500.SH,1.987327,1.99013,1.9528501,1.9548122,775389682.4830538,1528511126.0
2020-12-10,510500.SH,1.9450017,1.9674257,1.9413578,1.9581758,435545158.7584731,851369888.0
2020-12-11,510500.SH,1.9590167,1.9657439,1.9152899,1.9262216,648261148.7691759,1252334270.0
2020-12-14,510500.SH,1.9262216,1.9419184,1.9152899,1.9405169,428532729.2186943,827205626.0
2020-12-15,510500.SH,1.9363124,1.9455623,1.9304261,1.942479,566366214.7698895,1097402207.0
2020-12-16,510500.SH,1.942479,1.945282,1.9281837,1.9351912,324640495.897253,628507346.0
2020-12-17,510500.SH,1.93407,1.9615394,1.9217368,1.9587364,733025497.681056,1426146814.0
2020-12-18,510500.SH,1.956494,1.9635015,1.9421987,1.9520092,694640742.0620763,1357418026.0
2020-12-21,510500.SH,1.9511683,1.9881679,1.9500471,1.9831225,691549275.7759544,1368300597.0
2020-12-22,510500.SH,1.9820013,1.9820013,1.939676,1.9450017,765468719.2293969,1501835581.0
2020-12-23,510500.SH,1.945282,1.9679863,1.9374336,1.9553728,662742418.8369604,1295439769.0
2020-12-24,510500.SH,1.9545319,1.9550925,1.9262216,1.9307064,687018637.174456,1331335316.0
2020-12-25,510500.SH,1.9245398,1.9528501,1.9231383,1.9489259,791796289.6896182,1536050357.0
2020-12-28,510500.SH,1.9458426,1.9534107,1.9304261,1.936873,763441997.8594364,1480109309.0
2020-12-29,510500.SH,1.9379942,1.953691,1.9242595,1.928464,752598073.4926864,1456831066.0
2020-12-30,510500.SH,1.9265019,1.9548122,1.9217368,1.9444411,592997727.4348912,1152642026.0
2020-12-31,510500.SH,1.9506077,1.9772362,1.9472441,1.9741529,737436692.8291117,1450135814.0
2021-01-04,510500.SH,1.9797589,2.01816,1.9707893,2.0077889,1083075947.1994293,2166750388.0
2021-01-05,510500.SH,2.0044253,2.0299326,1.9979784,2.0254478,722797459.864431,1456005672.0
2021-01-06,510500.SH,2.0262887,2.0417052,2.0075086,2.0232054,500966221.9051017,1011810673.0
2021-01-07,510500.SH,2.0195615,2.037781,2.0086298,2.0316144,380978544.4166964,770041141.0
2021-01-08,510500.SH,2.0318947,2.0487127,2.0128343,2.0366598,482104998.21619695,978921048.0
2021-01-11,510500.SH,2.0344174,2.037781,1.992933,2.0052662,543253738.8512309,1097831062.0
2021-01-12,510500.SH,1.9993799,2.0318947,1.9988193,2.0299326,634356075.6332501,1276902984.0
2021-01-13,510500.SH,2.0296523,2.0316144,2.0061071,2.0170388,529140046.3788798,1069436575.0
2021-01-14,510500.SH,2.0131146,2.0243266,1.99013,2.0027435,520958291.1166607,1046389690.0
2021-01-15,510500.SH,2.0007814,2.004145,1.9727514,1.9954557,773583371.3877988,1539131370.0
2021-01-18,510500.SH,1.9881679,2.0254478,1.9870467,2.0195615,531413449.8751338,1070863591.0
2021-01-19,510500.SH,2.0195615,2.0265690000000003,2.0038647,2.0086298,403679628.9689618,813418668.0
2021-01-20,510500.SH,2.0077889,2.0299326,2.0033041,2.0268493,362950160.54227614,733517442.0
2021-01-21,510500.SH,2.029372,2.063008,2.029372,2.0554399,473558840.5280057,971918012.0
2021-01-22,510500.SH,2.0512354,2.0618868,2.037781,2.0582429,589749072.4224045,1207996584.0
2021-01-25,510500.SH,2.057402,2.0820684,2.0467506,2.0616065,305081698.1805209,630068768.0
2021-01-26,510500.SH,2.0512354,2.0537581,2.0251675,2.0302129,405703531.9300749,825442203.0
2021-01-27,510500.SH,2.0260084,2.0363795,2.0142358,2.0352583,458831662.5044594,930201815.0
2021-01-28,510500.SH,2.0159176,2.023766,1.9909709,1.9968572,847899054.5843738,1698244322.0
2021-01-29,510500.SH,2.0010617,2.0075086,1.942479,1.9688272,990241765.9650376,1961670726.0
2021-02-01,510500.SH,1.9682666,1.9848043,1.9668651,1.9825619,372730681.41277206,737297029.0
2021-02-02,510500.SH,1.9831225,2.0024632,1.9741529,2.001342,759421723.1537639,1515037410.0
2021-02-03,510500.SH,2.001342,2.0103116,1.9892891,1.9895694,650435322.8683554,1299407113.0
2021-02-04,510500.SH,1.981721,1.9887285,1.9430396,1.9679863,1256806428.8262577,2467159048.0
2021-02-05,510500.SH,1.9674257,1.978918,1.936873,1.9385548,685535783.0895469,1339515167.0
2021-02-08,510500.SH,1.9393957,1.9707893,1.931267,1.9618197,736146275.4191937,1439539688.0
2021-02-09,510500.SH,1.9606985,2.0063874,1.9606985,2.0016223,966712044.238316,1925031643.0
2021-02-10,510500.SH,2.004145,2.0290917,1.9912512,2.0243266,1141672069.211559,2293422494.0
2021-02-18,510500.SH,2.063008,2.07422,2.034978,2.0543187,462576749.9108098,950397868.0
2021-02-19,510500.SH,2.0509551,2.0862729,2.0330159,2.0837502,669752197.64538,1377639325.0
2021-02-22,510500.SH,2.0907577,2.116265,2.0635686,2.0644095,740392793.4356047,1551576349.0
2021-02-23,510500.SH,2.0543187,2.0812275,2.0526369,2.0588035,832290695.6831965,1718795033.0
2021-02-24,510500.SH,2.0531975,2.071417,2.0142358,2.0324553,1231017399.2151268,2511099464.0
2021-02-25,510500.SH,2.0447885,2.0512354,2.0103116,2.0223645,613193135.9257938,1242338554.0
2021-02-26,510500.SH,1.9909709,2.0047056,1.9707893,1.9777968,873930396.0042812,1734641685.0
2021-03-01,510500.SH,1.984524,2.0136752,1.984524,2.0128343,650030324.6521584,1301581223.0
2021-03-02,510500.SH,2.0190009,2.020963,1.9848043,1.9971375,988483303.6032822,1977737069.0
2021-03-03,510500.SH,1.9923724,2.0248872,1.9923724,2.023766,559713478.4159828,1126931506.0
2021-03-04,510500.SH,2.015357,2.015357,1.9808801,1.9895694,1003427042.4545132,1999600503.0
2021-03-05,510500.SH,1.9716302,2.0030238,1.964903,1.9926527,987521901.5340706,1961422250.0
2021-03-08,510500.SH,2.0002208,2.0175994,1.9419184,1.9450017,1077119061.719586,2124344114.0
2021-03-09,510500.SH,1.9419184,1.9466835,1.8777297,1.9012749,1827801637.5312169,3495302719.0
2021-03-10,510500.SH,1.9130475,1.9225777,1.8788509,1.8813736,875632754.1919372,1659860971.0
2021-03-11,510500.SH,1.8813736,1.9326685,1.8746464,1.9318276,864483849.4470211,1649449761.0
2021-03-12,510500.SH,1.93407,1.9363124,1.9040779,1.9332291,785379250.8027114,1509171377.0
2021-03-15,510500.SH,1.9214565,1.9351912,1.8998734,1.9206156,775802340.3496255,1487904617.0
2021-03-16,510500.SH,1.920055,1.9343503,1.9043582,1.9214565,669896889.0474492,1286042584.0
2021-03-17,510500.SH,1.9175323,1.9363124,1.8995931,1.9326685,589967995.0053514,1133828498.0
2021-03-18,510500.SH,1.9326685,1.9587364,1.9326685,1.9469638,576048112.7363539,1120029805.0
2021-03-19,510500.SH,1.9281837,1.9447214,1.9169717,1.9309867,544334673.5640385,1050390628.0
2021-03-22,510500.SH,1.9279034,1.9595773,1.9279034,1.9559334,624700021.4056368,1218235529.0
2021-03-23,510500.SH,1.9562137,1.9601379,1.9231383,1.9335094,718076999.6432394,1391229119.0
2021-03-24,510500.SH,1.920055,1.9371533,1.9077218,1.9124869,772898077.0602926,1481661908.0
2021-03-25,510500.SH,1.9040779,1.9253807,1.8990325,1.9169717,763159268.6407422,1460707367.0
2021-03-26,510500.SH,1.9175323,1.9469638,1.9169717,1.9419184,694938844.0956118,1344134080.0
2021-03-29,510500.SH,1.9438805,1.9489259,1.928464,1.9419184,909422204.7805922,1763613673.0
2021-03-30,510500.SH,1.9405169,1.9525698,1.9298655,1.9489259,535433275.0624331,1040308789.0
2021-03-31,510500.SH,1.9464032,1.9486456,1.9242595,1.9461229,670239386.3717446,1297001800.0
2021-04-01,510500.SH,1.9447214,1.9654636,1.9379942,1.9595773,478544445.2372458,933391003.0
2021-04-02,510500.SH,1.9621,1.9693878,1.9531304,1.9640621,441394719.94291824,866142426.0
2021-04-06,510500.SH,1.9679863,1.9814407,1.9621,1.9679863,506808116.30396,998068496.0
2021-04-07,510500.SH,1.9696681,1.9719105,1.9514486,1.9710696,562898630.0392437,1103514424.0
2021-04-08,510500.SH,1.9691075,1.9831225,1.9584561,1.9769559,553587912.9504102,1090673509.0
2021-04-09,510500.SH,1.9724711,1.9783574,1.9615394,1.9702287,316372736.3539065,622950142.0
2021-04-12,510500.SH,1.9665848,1.9702287,1.9301458,1.9382745,922752336.7820193,1790888370.0
2021-04-13,510500.SH,1.9337897,1.9461229,1.9276231,1.9321079,585937566.8926151,1134006397.0
2021-04-14,510500.SH,1.9318276,1.956494,1.9318276,1.9497668,589612557.9735997,1147757577.0
2021-04-15,510500.SH,1.9469638,1.9542516,1.9309867,1.9517289,586900749.1972886,1140598412.0
2021-04-16,510500.SH,1.9570546,1.9766756,1.9517289,1.976115,893700602.9254371,1756950000.0
2021-04-19,510500.SH,1.9730317,2.0007814,1.9654636,1.9962966,629626621.4769889,1254382179.0
2021-04-20,510500.SH,1.9926527,2.0094707,1.9906906,2.0002208,547263856.5822333,1096416492.0
2021-04-21,510500.SH,1.9918118,2.0019026,1.9811604,1.9948951,325373028.8976097,648281251.0
2021-04-22,510500.SH,1.9993799,2.0111525,1.995736,2.0021829,612705262.219051,1227097980.0
2021-04-23,510500.SH,2.0016223,2.012554,1.9923724,2.0119934,322007285.0517303,645228903.0
2021-04-26,510500.SH,2.0105919,2.0366598,2.0016223,2.0035844,562087606.1362826,1134020482.0
2021-04-27,510500.SH,2.0030238,2.0119934,1.9923724,2.0030238,468301088.1198716,937523079.0
2021-04-28,510500.SH,2.0024632,2.0192812,1.9904103,2.0175994,355988094.89832324,714677486.0
2021-04-29,510500.SH,2.0173191,2.0215236,2.0061071,2.01816,361258084.1955048,728274266.0
2021-04-30,510500.SH,2.0173191,2.0240463,1.9988193,2.0212433,397935390.6528719,800672159.0
2021-05-06,510500.SH,2.0198418,2.037781,2.0033041,2.0147964,468292996.78915447,946226635.0
2021-05-07,510500.SH,2.0173191,2.032175,2.004145,2.0061071,699803068.1412772,1412608116.0
2021-05-10,510500.SH,2.0063874,2.0223645,2.0021829,2.0122737,406793874.420264,817974863.0
2021-05-11,510500.SH,2.0033041,2.0145161,1.976115,2.0066677,377163596.14698535,752282721.0
2021-05-12,510500.SH,2.0021829,2.0324553,1.995736,2.0288114,377483924.36674994,760413075.0
2021-05-13,510500.SH,2.0173191,2.0232054,2.001342,2.0063874,508451102.3902961,1022265637.0
2021-05-14,510500.SH,2.0091904,2.0383416,2.0010617,2.0375007,762621833.749554,1544777243.0
2021-05-17,510500.SH,2.0375007,2.0599247,2.034978,2.0478718,594382447.3778095,1218312552.0
2021-05-18,510500.SH,2.0478718,2.057402,2.0442279,2.0534778,512428212.62932575,1051170383.0
2021-05-19,510500.SH,2.0509551,2.0526369,2.037781,2.0501142,317538351.76596504,649989502.0
2021-05-20,510500.SH,2.0492733,2.051796,2.0265690000000003,2.0425461,344721851.58758473,702869932.0
2021-05-21,510500.SH,2.0422658,2.048993,2.0296523,2.0346977,335878187.65608275,684282093.0
2021-05-24,510500.SH,2.0341371,2.0487127,2.0223645,2.040584,334893100.24973243,682052544.0
2021-05-25,510500.SH,2.0403037,2.0691746,2.0355386,2.0624474,510497959.32929,1049854146.0
2021-05-26,510500.SH,2.0638489,2.068614,2.0596444,2.0655307,849020285.4084909,1752284860.0
2021-05-27,510500.SH,2.0638489,2.0837502,2.0607656,2.082629,731363242.953978,1518529899.0
2021-05-28,510500.SH,2.0831896,2.0932804,2.0719776,2.0817881,602629393.5069568,1255373247.0
2021-05-31,510500.SH,2.082629,2.0974849,2.077023,2.0963637,540818319.6575098,1131529214.0
2021-06-01,510500.SH,2.0946819,2.1016894,2.07422,2.0997273,916361576.8819122,1915299151.0
2021-06-02,510500.SH,2.0986061,2.1028106,2.079826,2.0868335,553726246.8783447,1159681554.0
2021-06-03,510500.SH,2.0848714,2.1036515,2.0801063,2.082629,387500099.8929718,810673915.0
2021-06-04,510500.SH,2.0747806,2.10225,2.0688943,2.0924395,366783863.7174456,765367876.0
2021-06-07,510500.SH,2.0963637,2.1005682,2.0851517,2.0980455,596329290.0463789,1248390273.0
2021-06-08,510500.SH,2.096644,2.110659,2.0787048,2.0904774,391225879.4149125,817938615.0
2021-06-09,510500.SH,2.0868335,2.0944016,2.0801063,2.0885153,315425972.1726721,658431352.0
2021-06-10,510500.SH,2.0896365,2.1168256,2.0848714,2.1151438,347351409.20442384,731094424.0
2021-06-11,510500.SH,2.1143029,2.1182271,2.1005682,2.1047727,343683910.0963254,724074707.0
2021-06-15,510500.SH,2.1047727,2.1075757,2.0764624,2.0792654,368728861.9336425,769247331.0
2021-06-16,510500.SH,2.0792654,2.0801063,2.0478718,2.0540384,560183349.982162,1153725669.0
2021-06-17,510500.SH,2.0498339,2.0700155,2.0498339,2.0666519,418933642.52586514,864488577.0
2021-06-18,510500.SH,2.0666519,2.10225,2.0613262,2.0873941,663476988.940421,1377250542.0
2021-06-21,510500.SH,2.0823487,2.1036515,2.0761821,2.0955228,478011794.50588655,1001569065.0
2021-06-22,510500.SH,2.1016894,2.1114999,2.0913183,2.107856,407669447.0210489,857122288.0
2021-06-23,510500.SH,2.1103787,2.1291588,2.1028106,2.1249543,391582597.2172672,828893962.0
2021-06-24,510500.SH,2.1249543,2.1249543,2.1098181,2.1173862,703618041.3842312,1488280441.0
2021-06-25,510500.SH,2.1145832,2.1400905,2.1114999,2.1342042,662326485.9079558,1408368736.0
2021-06-28,510500.SH,2.1342042,2.1440147,2.1285982,2.1356057,263157588.29825187,562071724.0
2021-06-29,510500.SH,2.1356057,2.1389693,2.1126211,2.1193483,626998929.7181591,1331346089.0
2021-06-30,510500.SH,2.1199089,2.135886,2.1165453,2.1297194,495691045.3085979,1053918732.0
2021-07-01,510500.SH,2.1353254,2.1364466,2.1036515,2.1058939,465266478.7727435,986575694.0
2021-07-02,510500.SH,2.1016894,2.1064545,2.0848714,2.0879547,437745115.94719946,916172081.0
2021-07-05,510500.SH,2.088235,2.1044924,2.0879547,2.1005682,364514805.5654656,764904886.0
2021-07-06,510500.SH,2.1005682,2.1114999,2.079826,2.1002879,400048562.2547271,838703046.0
2021-07-07,510500.SH,2.088235,2.1204695,2.0848714,2.1193483,390579735.997146,823258258.0
2021-07-08,510500.SH,2.1215907,2.1297194,2.113462,2.116265,340987509.8109169,723567642.0
2021-07-09,510500.SH,2.1159847000000003,2.1364466,2.0988864,2.1344845,390644809.13307166,828262603.0
2021-07-12,510500.SH,2.1451359,2.172325,2.1426132,2.1647569,537586596.503746,1161494863.0
2021-07-13,510500.SH,2.1647569,2.1874612,2.1591509,2.1852188,284755547.6275419,619571905.0
2021-07-14,510500.SH,2.1840976,2.1883021,2.1644766,2.1709235,644014270.4245452,1400575649.0
2021-07-15,510500.SH,2.1672796,2.1790522,2.1487798,2.1759689,511899750.2675705,1107370516.0
2021-07-16,510500.SH,2.1709235,2.1955899,2.1709235,2.1790522,375051580.4495184,819015404.0
2021-07-19,510500.SH,2.1641963,2.180734,2.1580297,2.166719,425362814.8412416,922691997.0
2021-07-20,510500.SH,2.155507,2.172325,2.1510222,2.1692417,477022119.1580449,1031075572.0
2021-07-21,510500.SH,2.1728856,2.1997944,2.1728856,2.1967111,550879646.8069925,1205915234.0
2021-07-22,510500.SH,2.197552,2.208764,2.1888627,2.2062413000000003,276416903.3178737,608636212.0
2021-07-23,510500.SH,2.2096049,2.2188548,2.1922263,2.2020368,440938523.0110596,972578108.0
2021-07-26,510500.SH,2.197552,2.2023171,2.1364466,2.1613933,918608605.0660008,1987040895.0
2021-07-27,510500.SH,2.1602721,2.1784916,2.1168256,2.1201892,1326453510.524438,2843550765.0
2021-07-28,510500.SH,2.1030909,2.1137423,2.0610459,2.088235,1755115822.3332148,3661114385.0
2021-07-29,510500.SH,2.116265,2.1291588,2.1028106,2.1238331,1090723157.331431,2307607211.0
2021-07-30,510500.SH,2.1140226,2.1319618,2.107856,2.1305603,554075633.2500892,1175119726.0
2021-08-02,510500.SH,2.1299997,2.1616736,2.1187877,2.1594312,1037797145.915091,2229592546.0
2021-08-03,510500.SH,2.1577494,2.1613933,2.1395299,2.144295,868149975.0267571,1866576258.0
2021-08-04,510500.SH,2.1437344,2.1768098,2.1400905,2.1759689,1090193007.491973,2366443989.0
2021-08-05,510500.SH,2.1714841,2.1826961,2.1602721,2.1734462,525650474.4916161,1142896784.0
2021-08-06,510500.SH,2.1737265,2.1840976,2.1655978,2.183537,257365479.84302533,559817719.0
2021-08-09,510500.SH,2.1768098,2.1967111,2.1669993,2.1922263,498909875.1337853,1089969779.0
2021-08-10,510500.SH,2.1897036,2.208764,2.1860597,2.2070822,316598366.0363896,696460718.0
2021-08-11,510500.SH,2.2068019,2.225582,2.2006353,2.2239002,308000627.89868,682927035.0
2021-08-12,510500.SH,2.2202563,2.2398773,2.2126882,2.2325895,342195975.7402783,763194790.0
2021-08-13,510500.SH,2.231188,2.2418394,2.2208169,2.2331501,299610292.5437032,668418058.0
2021-08-16,510500.SH,2.2334304,2.2376349,2.2163321,2.2219381,386677174.4559401,860721903.0
2021-08-17,510500.SH,2.2185745,2.2236199,2.1664387,2.1728856,1081637552.6221905,2367987832.0
2021-08-18,510500.SH,2.1714841,2.1885824,2.1625145,2.1821355,698748890.4744916,1521809358.0
2021-08-19,510500.SH,2.1784916,2.1944687,2.1597115,2.1869006,635858237.6025687,1385783807.0
2021-08-20,510500.SH,2.180734,2.189143,2.1569085,2.1773704,573004623.6175526,1242916290.0
2021-08-23,510500.SH,2.1812946,2.211567,2.1812946,2.208764,559976996.0756333,1234426998.0
2021-08-24,510500.SH,2.217173,2.2348319,2.2028777,2.2320289,404017584.7306457,899231536.0
2021-08-25,510500.SH,2.231188,2.250809,2.2202563,2.2499681,300627599.00107026,671834871.0
2021-08-26,510500.SH,2.2491272,2.256415,2.236794,2.2404379,295803496.25401354,664807527.0
2021-08-27,510500.SH,2.236794,2.2614604,2.2317486,2.2575362,226224826.9711024,509227827.0
2021-08-30,510500.SH,2.262021,2.2850056,2.2586574,2.273233,315093378.5230111,715328640.0
2021-08-31,510500.SH,2.2723921,2.2830435,2.2513696,2.2822026,276763606.8498038,626889458.0
2021-09-01,510500.SH,2.284445,2.2875283,2.236794,2.2628619,370925925.7937924,840141832.0
2021-09-02,510500.SH,2.2600589,2.3063084,2.2555741,2.3037857,316190021.40563685,723959044.0
2021-09-03,510500.SH,2.312475,2.32649,2.2771572,2.2920131,481603282.19764537,1106651109.0
2021-09-06,510500.SH,2.2931343,2.312475,2.2768769,2.3119144,341337006.7784517,785019260.0
2021-09-07,510500.SH,2.3088311,2.3640502,2.3082705,2.3626487,330939707.45629686,775398987.0
2021-09-08,510500.SH,2.3626487,2.3786258,2.3584442,2.3777849,381015583.3036033,903052261.0
2021-09-09,510500.SH,2.3747016,2.4016104,2.3688153,2.3985271,277072425.9721727,661062324.0
2021-09-10,510500.SH,2.3960044,2.416186,2.3808682,2.3976862,452070524.43810207,1084463256.0
2021-09-13,510500.SH,2.390959,2.4102997,2.379747,2.4058149,433913713.8779878,1039323732.0
2021-09-14,510500.SH,2.404974,2.4243147,2.3727395,2.3791864,429373043.1680342,1028985000.0
2021-09-15,510500.SH,2.3696562,2.4018907,2.3679744,2.3892771999999995,283068854.79843026,675339044.0
2021-09-16,510500.SH,2.390959,2.41058,2.3441489,2.3458307,472950503.0324652,1124057133.0
2021-09-17,510500.SH,2.3388232,2.3556412,2.2945358,2.3267703,925497656.0827686,2151230614.0
2021-09-22,510500.SH,2.2922934,2.3505958,2.2922934,2.3497549,487477103.1038173,1135027845.0
2021-09-23,510500.SH,2.3564821,2.3716183,2.3463913,2.3626487,528769789.511238,1248709559.0
2021-09-24,510500.SH,2.3626487,2.3626487,2.3250885,2.3276112,1236547577.5954337,2887565395.0
2021-09-27,510500.SH,2.3273309,2.3334975,2.2494075,2.2634225,1654650142.704245,3760334657.0
2021-09-28,510500.SH,2.2586574,2.2737936,2.2544528999999995,2.264824,560145198.0021405,1268650908.0
2021-09-29,510500.SH,2.2550135,2.2555741,2.2045595,2.2138094,1298690346.0577953,2882534183.0
2021-09-30,510500.SH,2.2157715,2.2370743,2.2157715,2.2337107,937660082.0549412,2090066152.0
2021-10-08,510500.SH,2.2558544,2.2642634,2.2188548,2.2306274,757635911.5233679,1692633518.0
2021-10-11,510500.SH,2.228385,2.2404379,2.2163321,2.2286653,626108394.5772387,1397321640.0
2021-10-12,510500.SH,2.2286653,2.2295062,2.172325,2.1857794,1112840759.9001071,2439940097.0
2021-10-13,510500.SH,2.1829764,2.2014762,2.1700826,2.1955899,604715090.9739565,1321479970.0
2021-10-14,510500.SH,2.1877415,2.2101655,2.183537,2.2037186,631586246.8783447,1391068628.0
2021-10-15,510500.SH,2.2037186,2.2168927,2.1950293,2.2149306,742411323.5818766,1640142544.0
2021-10-18,510500.SH,2.208764,2.222779,2.1961505,2.2216578,982330602.9254372,2177357332.0
2021-10-19,510500.SH,2.2216578,2.2415591,2.21437,2.2390364000000003,725883321.4413129,1620540179.0
2021-10-20,510500.SH,2.2264229,2.2502484000000003,2.2219381,2.2381955,600463999.2864788,1343675921.0
2021-10-21,510500.SH,2.236794,2.2477257,2.2216578,2.2323092,485061740.9917945,1085512124.0
2021-10-22,510500.SH,2.2295062,2.2373546,2.2124079,2.2152109,430254216.9104531,954783629.0
2021-10-25,510500.SH,2.2110064,2.2345516,2.2073625,2.2337107,344282850.5173029,766122154.0
2021-10-26,510500.SH,2.2356728,2.2502484000000003,2.2272638,2.2370743,581695972.1726722,1304023578.0
2021-10-27,510500.SH,2.231188,2.2351122,2.2076428,2.217173,313248205.49411345,694572674.0
2021-10-28,510500.SH,2.2132488,2.2168927,2.1852188,2.1908248,938068490.9026043,2056327522.0
2021-10-29,510500.SH,2.1905445,2.2135291,2.1818552,2.2129685,517855793.7923653,1139033161.0
2021-11-01,510500.SH,2.2051201,2.2297865,2.203158,2.2213775,358461573.3143061,795781131.0
2021-11-02,510500.SH,2.2174533,2.236794,2.1821355,2.1997944,1161246874.7770247,2555976600.0
2021-11-03,510500.SH,2.1961505,2.2166124000000003,2.194749,2.2070822,542029682.4830539,1195145652.0
2021-11-04,510500.SH,2.2090443,2.2264229,2.2090443,2.2250214,338988287.54905456,752814867.0
2021-11-05,510500.SH,2.2213775,2.2275441,2.2051201,2.2068019,643674634.320371,1423626895.0
2021-11-08,510500.SH,2.2014762,2.2177336,2.1981126,2.2135291,450063410.6314663,995767952.0
2021-11-09,510500.SH,2.219976,2.2303471,2.2118473,2.2275441,549193460.5779523,1220885959.0
2021-11-10,510500.SH,2.225582,2.225582,2.1902642,2.2219381,837155547.6275419,1852217955.0
2021-11-11,510500.SH,2.2191351,2.2412788,2.2168927,2.2404379,481334587.9414913,1075744115.0
2021-11-12,510500.SH,2.2424,2.2572559,2.2404379,2.2527711000000004,309311098.82269,696054598.0
2021-11-15,510500.SH,2.2516499,2.2637028,2.2297865,2.2362334,388698894.04209775,869817187.0
2021-11-16,510500.SH,2.2351122,2.2443621,2.2185745,2.2210972,356149482.69711024,793805138.0
2021-11-17,510500.SH,2.2213775,2.2351122,2.2174533,2.2342713,413786300.3924367,923330160.0
2021-11-18,510500.SH,2.2328698,2.2468848,2.2224987,2.233991,614368533.713878,1371191866.0
2021-11-19,510500.SH,2.231188,2.2634225,2.2303471,2.2606195,778222618.6229041,1750648443.0
2021-11-22,510500.SH,2.264824,2.2830435,2.2634225,2.2802405,842641098.82269,1919709213.0
2021-11-23,510500.SH,2.2774375,2.2942555,2.2754754,2.2855662,552114163.3963611,1262736555.0
2021-11-24,510500.SH,2.2813617,2.292854,2.2763163,2.2836041,307576303.96004283,702848817.0
2021-11-25,510500.SH,2.2830435,2.2875283,2.2777178,2.2822026,306455940.0642169,699356144.0
2021-11-26,510500.SH,2.2693088,2.2861268,2.264824,2.2757557,372543885.1230824,848276361.0
2021-11-29,510500.SH,2.256415,2.2793996,2.2519302000000003,2.2779981,576359967.8915448,1308142201.0
2021-11-30,510500.SH,2.2799602,2.2920131,2.2693088,2.2824829,465205551.195148,1062840971.0
2021-12-01,510500.SH,2.2808011,2.2950964000000003,2.2751951000000004,2.2942555,274142404.5665359,626391115.0
2021-12-02,510500.SH,2.2903313,2.2931343,2.273233,2.2805208,332276732.0727792,757778984.0
2021-12-03,510500.SH,2.2779981,2.3037857,2.2765966,2.3018236,289488826.2575812,663391858.0
2021-12-06,510500.SH,2.3001418,2.3088311,2.2796799,2.2836041,506654876.9175883,1164182984.0
2021-12-07,510500.SH,2.290051,2.2934146,2.256415,2.2695891,325065957.9022476,737648783.0
2021-12-08,510500.SH,2.2701497,2.3032251,2.2701497,2.3029448,368227163.7531217,841635975.0
2021-12-09,510500.SH,2.2987403,2.3135962,2.295657,2.3051872,301118644.30966824,694517987.0
2021-12-10,510500.SH,2.2964979,2.3099523,2.2964979,2.3043463,524226428.8262576,1208465335.0
2021-12-13,510500.SH,2.304066,2.3175204000000003,2.2995812,2.3093917000000004,339565608.27684623,784116779.0
2021-12-14,510500.SH,2.3015433,2.312475,2.3001418,2.3037857,251149125.93649665,579202344.0
2021-12-15,510500.SH,2.3004221,2.3127553,2.2967782000000003,2.3009827,256813435.60470924,592572538.0
2021-12-16,510500.SH,2.3009827,2.3231264,2.2998615,2.3220052,390726007.8487335,904493150.0
2021-12-17,510500.SH,2.3220052,2.3222855,2.301263,2.3057478,743951480.5565466,1715995910.0
2021-12-20,510500.SH,2.295657,2.3037857,2.2665058,2.2695891,1472226186.2290404,3348490015.0
2021-12-21,510500.SH,2.2670664,2.2959373000000003,2.2670664,2.2866874,714262486.621477,1630087006.0
2021-12-22,510500.SH,2.290051,2.3032251,2.2861268,2.2962176,496983589.0117731,1141035006.0
2021-12-23,510500.SH,2.3001418,2.315278,2.2931343,2.3091114,381247124.5094542,879615563.0
2021-12-24,510500.SH,2.3088311,2.3088311,2.2858465,2.295657,991796225.472708,2273790320.0
2021-12-27,510500.SH,2.2911722,2.3077099000000003,2.2875283,2.2906116,981240834.819836,2250851134.0
2021-12-28,510500.SH,2.2920131,2.295657,2.278839,2.2922934,702847663.2179807,1608792440.0
2021-12-29,510500.SH,2.2911722,2.2945358,2.2813617,2.2864071,745398298.251873,1704510518.0
2021-12-30,510500.SH,2.2827632,2.3054675,2.2824829,2.3029448,781816357.4741349,1796987607.0
2021-12-31,510500.SH,2.3029448,2.3211643,2.3026645,2.3147174,694905255.0838387,1608930871.0
2022-01-04,510500.SH,2.3222855,2.3234067,2.3004221,2.3166795,735728861.9336425,1699387519.0
2022-01-05,510500.SH,2.315278,2.315278,2.2679073,2.2712709,1013410513.7352836,2310417706.0
2022-01-06,510500.SH,2.2586574,2.2777178,2.2544528999999995,2.2740739,728779354.2632893,1653859915.0
2022-01-07,510500.SH,2.2746345,2.2830435,2.2594983,2.2625816,683608854.7984303,1552847587.0
2022-01-10,510500.SH,2.2578165,2.2665058,2.2454833,2.2628619,321411994.2918302,725935764.0
2022-01-11,510500.SH,2.2642634,2.2693088,2.2432409,2.2496878,555778819.1223689,1251807933.0
2022-01-12,510500.SH,2.250809,2.2670664,2.250809,2.2651043,359395290.7599001,812157874.0
2022-01-13,510500.SH,2.2662255,2.2681876,2.2370743,2.2398773,744943770.959686,1673203342.0
2022-01-14,510500.SH,2.228385,2.2466045,2.2241805,2.2292259,800490902.6043525,1789294927.0
2022-01-17,510500.SH,2.2292259,2.2589377,2.2289456,2.2513696,625217199.429183,1406417269.0
2022-01-18,510500.SH,2.2522105,2.2625816,2.2429606,2.2552938,490646917.5882983,1106419477.0
2022-01-19,510500.SH,2.2536119999999995,2.2637028,2.2309077,2.2424,902214092.0442384,2024391712.0
2022-01-20,510500.SH,2.2418394,2.2494075,2.2185745,2.2247411,1061781658.9368534,2365807442.0
2022-01-21,510500.SH,2.222779,2.2236199,2.1964308,2.2011959,1577100249.7324295,3477083561.0
2022-01-24,510500.SH,2.1877415,2.2076428,2.1824158,2.1983929,660266214.7698895,1450597482.0
2022-01-25,510500.SH,2.1941884,2.1967111,2.1243937,2.1263558,1091727288.6193364,2356173873.0
2022-01-26,510500.SH,2.13028,2.1409314,2.1193483,2.1342042,774097252.9432751,1650845863.0
2022-01-27,510500.SH,2.1325224,2.1342042,2.0795457,2.0831896,847460895.4691402,1780796507.0
2022-01-28,510500.SH,2.091038,2.1047727,2.0478718,2.0688943,1351097038.8869069,2809059610.0
2022-02-07,510500.SH,2.088235,2.1084166,2.088235,2.0986061,1171822190.5101676,2459926184.0
2022-02-08,510500.SH,2.1005682,2.124674,2.0784245,2.1235528,560556054.2276133,1179424303.0
2022-02-09,510500.SH,2.1271967000000003,2.1552267,2.1204695,2.152704,616899750.2675705,1321293966.0
2022-02-10,510500.SH,2.1510222,2.1602721,2.1412117,2.1524237,511997349.2686408,1101643801.0
2022-02-11,510500.SH,2.1459768,2.1543858,2.1229922,2.1266361,692410274.7056725,1478632844.0
2022-02-14,510500.SH,2.1148635,2.1336436,2.1025303,2.1084166,880624331.0738494,1861943494.0
2022-02-15,510500.SH,2.1103787,2.1285982,2.1044924,2.1269164,769043631.8230467,1628872819.0
2022-02-16,510500.SH,2.1356057,2.1384087,2.1241134,2.1314012,636531573.3143061,1357108872.0
2022-02-17,510500.SH,2.1299997,2.1428935,2.1179468,2.1319618,533744131.2879058,1137120585.0
2022-02-18,510500.SH,2.124674,2.152704,2.1210301,2.1510222,562964530.8597931,1206212414.0
2022-02-21,510500.SH,2.1513025,2.1627948,2.1473783,2.1605524,580522750.6243311,1250962712.0
2022-02-22,510500.SH,2.1484995,2.1490601,2.121871,2.1364466,585663214.4131289,1250000229.0
2022-02-23,510500.SH,2.1364466,2.1681205,2.1364466,2.1681205,799661494.8269712,1729008704.0
2022-02-24,510500.SH,2.1588706,2.1700826,2.1086969,2.1308406,1174877274.348912,2512995913.0
2022-02-25,510500.SH,2.1468177,2.1737265,2.1420526,2.1459768,856219611.130931,1847311426.0
2022-02-28,510500.SH,2.147098,2.15831,2.1314012,2.1569085,563167046.0221192,1208520653.0
2022-03-01,510500.SH,2.1599918,2.1692417,2.1507419,2.1625145,712710310.3817339,1538760660.0
2022-03-02,510500.SH,2.1574691,2.1653175,2.1473783,2.1633554,503656129.14734215,1086745038.0
2022-03-03,510500.SH,2.1740068,2.1756886,2.1524237,2.1608327,538542582.9468427,1164653856.0
2022-03-04,510500.SH,2.1476586,2.1675599,2.1378481,2.1459768,576535140.9204423,1238159476.0
2022-03-07,510500.SH,2.141492,2.141492,2.0873941,2.0969243,748927577.5954335,1579102028.0
2022-03-08,510500.SH,2.0969243,2.0991667,2.0184403,2.0192812,1657908740.6350338,3399613805.0
2022-03-09,510500.SH,2.0265690000000003,2.034978,1.9094036,1.9842437,2241686396.7178025,4426199771.0
2022-03-10,510500.SH,2.012554,2.0352583,2.006948,2.0159176,1437731255.79736,2904673021.0
2022-03-11,510500.SH,1.9918118,2.0456294,1.973312,2.0445082,1067142479.4862648,2136478444.0
2022-03-14,510500.SH,2.0251675,2.0459097,1.9904103,1.9909709,1118345058.8655012,2257638006.0
2022-03-15,510500.SH,1.9769559,1.984524,1.8729646,1.8735252,2030017445.5940063,3921764225.0
2022-03-16,510500.SH,1.9040779,1.9497668,1.8311999,1.9393957,2154478501.605423,4076905076.0
2022-03-17,510500.SH,1.9621,2.0058268,1.953691,1.9710696,1241895158.7584732,2456378356.0
2022-03-18,510500.SH,1.9623803,1.9937739,1.9573349,1.9912512,786309286.4787729,1556376881.0
2022-03-21,510500.SH,1.995736,2.0089101,1.9749938,1.9988193,1505230720.6564395,2999146851.0
2022-03-22,510500.SH,1.9948951,2.0167585,1.9848043,1.9993799,527505569.0331788,1053909767.0
2022-03-23,510500.SH,2.0058268,2.0234857,1.9979784,2.0128343,435539040.31394935,875721491.0
2022-03-24,510500.SH,2.0019026,2.0105919,1.9887285,1.9974178,383374495.1837317,765596974.0
2022-03-25,510500.SH,1.9968572,2.006948,1.9713499,1.9719105,401720406.7070996,798976885.0
2022-03-28,510500.SH,1.9612591,1.9926527,1.9455623,1.9786377,395380306.8141277,778955964.0
2022-03-29,510500.SH,1.978918,1.987327,1.9623803,1.9679863,448991362.82554406,885921078.0
2022-03-30,510500.SH,1.9747135,2.0119934,1.9747135,2.0105919,815346806.992508,1628592114.0
2022-03-31,510500.SH,2.0044253,2.0086298,1.9898497,1.9932133,480133100.2497324,959399372.0
2022-04-01,510500.SH,1.9775165,2.0100313,1.9775165,2.006948,649811476.9889405,1299501161.0
2022-04-06,510500.SH,2.004145,2.004145,1.9752741,2.0024632,459447773.813771,914815528.0
2022-04-07,510500.SH,1.9951754,2.0033041,1.956494,1.9570546,695284694.9696754,1373140092.0
2022-04-08,510500.SH,1.9609788,1.9646227,1.9245398,1.9635015,505904862.64716375,986420338.0
2022-04-11,510500.SH,1.950888,1.956494,1.892025,1.9009946,671548341.0631466,1287034332.0
2022-04-12,510500.SH,1.9001537,1.9354715,1.880813,1.9321079,884087516.9461292,1693823369.0
2022-04-13,510500.SH,1.922858,1.9307064,1.903237,1.9040779,511054941.1344988,978040348.0
2022-04-14,510500.SH,1.914449,1.942479,1.9099642,1.9293049,525437310.0249733,1012513882.0
2022-04-15,510500.SH,1.9206156,1.9309867,1.9046385,1.9119263,403941491.25936496,774875881.0
2022-04-18,510500.SH,1.894828,1.9236989,1.8816539,1.9136081,570461648.234035,1089080086.0
2022-04-19,510500.SH,1.9130475,1.9248201,1.9068809,1.9197747,433008465.9293614,829972014.0
2022-04-20,510500.SH,1.920055,1.9236989,1.872404,1.8754873,459129875.1337853,869041433.0
2022-04-21,510500.SH,1.872404,1.8796918,1.8104577,1.8177455,771267192.2939707,1422305107.0
2022-04-22,510500.SH,1.810738,1.8283969,1.7841095,1.8068138,846692261.8622904,1529016193.0
2022-04-25,510500.SH,1.7790641,1.7821474,1.6868454,1.6888075,1227062789.8679986,2123807687.0
2022-04-26,510500.SH,1.6924514,1.7148754000000002,1.6478836999999995,1.6579745,1241435665.3585443,2084616630.0
2022-04-27,510500.SH,1.6574139,1.7145951,1.628543,1.7137542,1494007342.1334286,2492446853.0
2022-04-28,510500.SH,1.698618,1.7216026,1.6818,1.7089891,1224837038.8869069,2087151321.0
2022-04-29,510500.SH,1.7134739,1.7793443999999998,1.712633,1.7790641,1195912393.8637176,2092603223.0
2022-05-05,510500.SH,1.7726172,1.8062532,1.7712157,1.7913973,816479843.0253301,1460696468.0
2022-05-06,510500.SH,1.754678,1.7734581,1.746269,1.7513144,1083382804.1384232,1903682801.0
2022-05-09,510500.SH,1.7454281,1.7728975,1.7423448,1.7667309,893472351.0524439,1575316630.0
2022-05-10,510500.SH,1.746269,1.799526,1.7356176,1.7964426999999998,684194898.3232251,1216140275.0
2022-05-11,510500.SH,1.7964426999999998,1.8516618,1.7942003,1.8084956,1319224755.6189797,2415729829.0
2022-05-12,510500.SH,1.8028896,1.8255939,1.7930791,1.8098971,517505515.5190867,936570549.0
2022-05-13,510500.SH,1.8146622,1.8314802,1.8068138,1.8306393,502240563.6817696,914249490.0
2022-05-16,510500.SH,1.8429725,1.8485785,1.8171849,1.8250333,683032490.1890831,1248694466.0
2022-05-17,510500.SH,1.8255939,1.8354044,1.8070941,1.8348438,482560827.6846236,880119851.0
2022-05-18,510500.SH,1.8340029,1.8457755,1.8239121,1.8286772,573643203.7103103,1051132345.0
2022-05-19,510500.SH,1.807935,1.8460558,1.805132,1.8457755,669990420.977524,1223974671.0
2022-05-20,510500.SH,1.8488588,1.8760479,1.8446543,1.8743661,670743942.2047806,1247571360.0
2022-05-23,510500.SH,1.87801,1.8858584,1.8645556,1.8822145,490267199.429183,918724341.0
2022-05-24,510500.SH,1.8791312,1.8827751,1.816344,1.8180258,896888455.2265431,1663286713.0
2022-05-25,510500.SH,1.816344,1.8474573,1.8143819,1.847177,645185601.141634,1181807603.0
2022-05-26,510500.SH,1.8449346,1.8754873,1.8225106,1.8684798,685442729.2186943,1270608591.0
2022-05-27,510500.SH,1.872404,1.8847372,1.8511012,1.8684798,475651972.8861934,889893298.0
2022-05-30,510500.SH,1.872404,1.8791312,1.8541845,1.8785706,339110881.1987157,634000870.0
2022-05-31,510500.SH,1.8754873,1.9130475,1.8653965,1.9080021,906793121.6553692,1720173651.0
2022-06-01,510500.SH,1.9046385,1.9138884,1.8881008,1.90604,505050763.4677132,962082988.0
2022-06-02,510500.SH,1.9026764,1.9318276,1.8953886,1.9290246,537768547.9843025,1031916645.0
2022-06-06,510500.SH,1.9239792,1.9668651,1.9239792,1.9595773,864254006.4216911,1687855264.0
2022-06-07,510500.SH,1.9590167,1.9646227,1.948085,1.9584561,568034045.6653585,1111826497.0
2022-06-08,510500.SH,1.9587364,1.9775165,1.9393957,1.9721908,605889404.2097752,1187593012.0
2022-06-09,510500.SH,1.967706,1.973312,1.9290246,1.9483653,538027174.4559401,1051177648.0
2022-06-10,510500.SH,1.9363124,1.9870467,1.9363124,1.9839634,778257641.812344,1532290997.0
2022-06-13,510500.SH,1.9730317,1.9859255,1.9584561,1.9780771,607262932.572244,1198121604.0
2022-06-14,510500.SH,1.9626606,1.9999405,1.925661,1.9982587,921462361.7552624,1807912725.0
2022-06-15,510500.SH,1.9971375,2.037781,1.987327,1.9898497,766177877.274349,1541771500.0
2022-06-16,510500.SH,1.9943345,2.0167585,1.987327,1.992933,721560167.6774884,1444896548.0
2022-06-17,510500.SH,1.9842437,2.0167585,1.9640621,2.0119934,816817491.9728863,1631817428.0
2022-06-20,510500.SH,2.0119934,2.0257281000000003,1.9940542,2.0119934,637503250.0891901,1282310391.0
2022-06-21,510500.SH,2.0100313,2.0173191,1.9811604,1.9974178,533046432.3938637,1066364260.0
2022-06-22,510500.SH,1.995736,2.0021829,1.9640621,1.9663045,701453189.4398859,1390781789.0
2022-06-23,510500.SH,1.9663045,2.0117131,1.9590167,2.009751,706947199.429183,1408835454.0
2022-06-24,510500.SH,2.012554,2.0372204,2.0083495,2.0330159,638284894.755619,1294176121.0
2022-06-27,510500.SH,2.0363795,2.0588035,2.0363795,2.0414249,712660082.0549412,1457281947.0
2022-06-28,510500.SH,2.0411446,2.079826,2.037781,2.0759018,463206732.0727792,954593277.0
2022-06-29,510500.SH,2.0708564,2.0761821,2.0344174,2.0431067,644103539.0652872,1321970690.0
2022-06-30,510500.SH,2.040584,2.0725382,2.0391825,2.0590838,735356368.1769533,1516437532.0
2022-07-01,510500.SH,2.0548793,2.0697352,2.0503945,2.0554399,472143688.9047449,972423718.0
2022-07-04,510500.SH,2.054599,2.0815078,2.0408643,2.0803866,959046382.4473778,1983604414.0
2022-07-05,510500.SH,2.0837502,2.0904774,2.0520763,2.0775836,799404958.9725294,1655568283.0
2022-07-06,510500.SH,2.0697352,2.0750609,2.0316144,2.0506748,479656239.7431324,984359824.0
2022-07-07,510500.SH,2.0475915,2.071417,2.0397431,2.0590838,582718259.0082055,1199931286.0
2022-07-08,510500.SH,2.0672125,2.0719776,2.0459097,2.0470309,402266728.50517297,828130889.0
2022-07-11,510500.SH,2.0375007,2.0408643,2.006948,2.0198418,399091402.06921154,806545895.0
2022-07-12,510500.SH,2.0175994,2.0299326,1.992933,1.9954557,368398501.6054228,740249888.0
2022-07-13,510500.SH,1.9960163,2.0094707,1.9870467,2.0027435,661609489.8323225,1323141160.0
2022-07-14,510500.SH,1.9999405,2.0276902,1.9976981,2.0167585,689398501.6054227,1391373973.0
2022-07-15,510500.SH,2.0091904,2.0257281000000003,1.9811604,1.9828422,418600071.3521227,840057674.0
2022-07-18,510500.SH,1.984524,2.0251675,1.984524,2.0195615,495860649.3043168,996713559.0
2022-07-19,510500.SH,2.0195615,2.0318947,2.0103116,2.0268493,496412415.2693543,1004233508.0
2022-07-20,510500.SH,2.0363795,2.0579626,2.0338568,2.0526369,433701548.3410632,888618261.0
2022-07-21,510500.SH,2.0506748,2.0531975,2.0316144,2.0327356,341899800.2140564,698857170.0
2022-07-22,510500.SH,2.0332962,2.0431067,1.995736,2.0145161,693044206.2076347,1394813209.0
2022-07-25,510500.SH,2.012554,2.0226448,1.987327,1.9946148,506544302.5330004,1014375077.0
2022-07-26,510500.SH,1.9946148,2.0268493,1.9918118,2.0187206,415342311.8087763,835838969.0
2022-07-27,510500.SH,2.015357,2.0332962,2.0111525,2.0274099,265009568.3196575,536039052.0
2022-07-28,510500.SH,2.0346977,2.0523566,2.0285311,2.0327356,424750645.73671067,866454632.0
2022-07-29,510500.SH,2.0369401000000003,2.0414249,2.0128343,2.0164782,400285198.0021405,810273443.0
2022-08-01,510500.SH,2.0133949,2.034978,2.0019026,2.0338568,283239225.8294684,572594575.0
2022-08-02,510500.SH,2.0187206,2.020963,1.9534107,1.9831225,749914020.6921157,1486902991.0
2022-08-03,510500.SH,1.9836831,2.0103116,1.959297,1.9665848,493702461.64823407,983528727.0
2022-08-04,510500.SH,1.9775165,1.9803195,1.9475244,1.973312,547542472.3510524,1077343749.0
2022-08-05,510500.SH,1.9752741,2.015357,1.9752741,2.0142358,332645790.2247592,663416951.0
2022-08-08,510500.SH,2.0094707,2.0268493,2.0077889,2.0254478,329218665.71530503,664902426.0
2022-08-09,510500.SH,2.0265690000000003,2.0327356,2.0145161,2.0313341,322473407.0638602,653499927.0
2022-08-10,510500.SH,2.0290917,2.0386219,2.01816,2.0274099,246233153.7638245,499523169.0
2022-08-11,510500.SH,2.0363795,2.0683337,2.0330159,2.0674928,417658087.763111,858080651.0
2022-08-12,510500.SH,2.065811,2.07422,2.0610459,2.0638489,304217623.97431326,628859243.0
2022-08-15,510500.SH,2.0565611,2.0761821,2.0520763,2.0666519,705520156.97467,1458406727.0
2022-08-16,510500.SH,2.0697352,2.0851517,2.0641292,2.0719776,391540235.462005,812316540.0
2022-08-17,510500.SH,2.0728185,2.0890759,2.0610459,2.085432,494947877.2743489,1027785690.0
2022-08-18,510500.SH,2.0829093,2.0829093,2.068614,2.0778639,288431323.5818766,598810969.0
2022-08-19,510500.SH,2.07422,2.0806669,2.0492733,2.0503945,425933135.9257938,879109913.0
2022-08-22,510500.SH,2.0484324,2.0792654,2.0391825,2.0761821,316500478.0592223,653942628.0
2022-08-23,510500.SH,2.07422,2.0781442,2.063008,2.0767427,410304174.0991795,849223572.0
2022-08-24,510500.SH,2.0767427,2.0784245,2.0119934,2.0173191,563305693.8993936,1147800159.0
2022-08-25,510500.SH,2.0170388,2.029372,2.001342,2.0282508,510055786.657153,1028828394.0
2022-08-26,510500.SH,2.0260084,2.0470309,2.0167585,2.023766,350278701.3913664,711104798.0
2022-08-29,510500.SH,1.99082,2.026141,1.9904989,2.02293,616719131.1118032,1243370988.0
2022-08-30,510500.SH,2.02293,2.026141,2.0046273,2.0200401,571581996.2628465,1153092428.0
2022-08-31,510500.SH,2.013297,2.0184346,1.9712329,1.9770127,728778788.5393958,1449546434.0
2022-09-01,510500.SH,1.974765,1.9930677,1.9628843,1.9699485,305488648.39613825,605082195.0
2022-09-02,510500.SH,1.965132,1.984398,1.9644898,1.9734806,534657617.5646216,1056194492.0
2022-09-05,510500.SH,1.9702696,1.9860035,1.9625632,1.9834347,499274920.58548737,987346025.0
2022-09-06,510500.SH,1.984398,2.0190768,1.984398,2.0174713,513372880.7225164,1030073051.0
2022-09-07,510500.SH,2.0113704,2.0274254,2.0078383,2.0226089000000003,322946739.333541,652201029.0
2022-09-08,510500.SH,2.0245355,2.0254988,2.013297,2.0155447,452062939.894114,912197124.0
2022-09-09,510500.SH,2.0149025000000003,2.0315997,2.0088016,2.0277465,506100778.5736531,1024964818.0
2022-09-13,510500.SH,2.0328841,2.0393061,2.0181135,2.0226089000000003,535396807.8480224,1085475444.0
2022-09-14,510500.SH,2.0004530000000003,2.0155447,1.9956365,2.0071961000000003,624158483.3385239,1252419074.0
2022-09-15,510500.SH,2.0113704,2.0158658,1.9461871,1.9612788,575217869.8224852,1137139697.0
2022-09-16,510500.SH,1.955499,1.9615999,1.9102239,1.9124716,640721709.7477422,1240121958.0
2022-09-19,510500.SH,1.910545,1.9140771,1.8871047,1.9005909,495401074.4316412,940843676.0
2022-09-20,510500.SH,1.9031597,1.9291688,1.9031597,1.9102239,450729221.42634696,862607727.0
2022-09-21,510500.SH,1.904123,1.9272422,1.8867836,1.9198569,378291809.4051697,722336359.0
2022-09-22,510500.SH,1.9076551,1.9320587,1.9050863,1.916967,439051943.3198381,843298402.0
2022-09-23,510500.SH,1.9131138,1.9211413,1.8732974,1.8941689,640543083.1516662,1216175074.0
2022-09-26,510500.SH,1.8810038,1.9044441,1.86238,1.8643066,1058188473.99564,1994980601.0
2022-09-27,510500.SH,1.8668754,1.9025175,1.8665543,1.8993065,748750706.944877,1411390482.0
2022-09-28,510500.SH,1.8928845,1.897701,1.8537103,1.8546736,635085571.4730613,1186317967.0
2022-09-29,510500.SH,1.865591,1.8835726,1.8453617,1.8594901,754947894.7368422,1409354548.0
2022-09-30,510500.SH,1.8569213,1.8671965,1.8338021,1.8344443,486786677.0476487,900479980.0
2022-10-10,510500.SH,1.8370131,1.8524259,1.8061875,1.8132517,525089299.28371227,961786662.0
2022-10-11,510500.SH,1.814215,1.8347654,1.804582,1.8244902,835361831.205232,1521015712.0
2022-10-12,510500.SH,1.8248113,1.8704075,1.7952701,1.8681598,985725920.274058,1807866605.0
2022-10-13,510500.SH,1.859169,1.8871047,1.8578846,1.8729763,504633388.35253817,945416295.0
2022-10-14,510500.SH,1.891279,1.9294899,1.8835726,1.9204991,793729414.5126129,1518017161.0
2022-10-17,510500.SH,1.9118294,1.9365541,1.9108661,1.9291688,499663908.4397384,961793886.0
2022-10-18,510500.SH,1.9378385,1.9503614,1.9240312,1.9378385,571804736.8421053,1107179931.0
2022-10-19,510500.SH,1.933022,1.9407284,1.9176092,1.9214624,406902298.3494239,784782568.0
2022-10-20,510500.SH,1.9147193,1.9432972,1.8883891,1.9150404,757391588.2902522,1448199789.0
2022-10-21,510500.SH,1.916967,1.9262789,1.9021964,1.9150404,635715462.47275,1217579218.0
2022-10-24,510500.SH,1.913756,1.952288,1.881646,1.8986643,894151152.2890066,1709693413.0
2022-10-25,510500.SH,1.891279,1.907334,1.8594901,1.8835726,816124942.3855497,1537242771.0
2022-10-26,510500.SH,1.888068,1.9365541,1.8858203,1.9224257,806578779.196512,1544497873.0
2022-10-27,510500.SH,1.9301321,1.9381596,1.9147193,1.9166459,659134708.8134537,1270523927.0
2022-10-28,510500.SH,1.9082973,1.9111872,1.8476094,1.8556369,742567816.8794767,1395608488.0
2022-10-31,510500.SH,1.8524259,1.8864625,1.8450406,1.8668754,610649719.7134849,1138623733.0
2022-11-01,510500.SH,1.8700864,1.9153615,1.859169,1.9134349,1139138894.425413,2156261190.0
2022-11-02,510500.SH,1.910545,1.9378385,1.9057285,1.9272422,798762603.550296,1536462179.0
2022-11-03,510500.SH,1.9160037,1.9346275,1.9140771,1.9282055,723193895.9825599,1393256719.0
2022-11-04,510500.SH,1.9266,1.9827925,1.9262789,1.9770127,1048998075.3659296,2062291791.0
2022-11-07,510500.SH,1.9760494,1.9840769,1.9599944,1.9718751,638129467.4556214,1259058582.0
2022-11-08,510500.SH,1.9696274,1.974765,1.9615999,1.9738017,549891230.1463718,1081977722.0
2022-11-09,510500.SH,1.9763705,1.9895356,1.9660953,1.968343,439697187.7919651,867580136.0
2022-11-10,510500.SH,1.9606366,1.9702696,1.9481137,1.9615999,624393344.7524136,1222992995.0
2022-11-11,510500.SH,2.013297,2.0161869,1.9705907,1.9731595,1325825792.5879788,2642103690.0
2022-11-14,510500.SH,1.9754072,1.994031,1.9648109,1.9699485,807214767.9850514,1597198501.0
2022-11-15,510500.SH,1.971554,2.006875,1.9673797,2.0039851,927219486.141389,1850356936.0
2022-11-16,510500.SH,2.0030218,2.013297,1.9911411,1.9946732,647892687.6362504,1295425715.0
2022-11-17,510500.SH,1.9882512,1.9998108,1.9782971,1.9988475,1026610470.2584864,2039273639.0
2022-11-18,510500.SH,1.9988475,2.0123337,1.9901778,1.9949943,1448330706.9448771,2896129987.0
2022-11-21,510500.SH,1.9795815,1.9956365,1.9696274,1.9927466,1289283431.9526627,2559842978.0
2022-11-22,510500.SH,1.9860035,1.9921044,1.9612788,1.971554,833064269.6979134,1645784286.0
2022-11-23,510500.SH,1.9590311,1.9763705,1.9445816,1.9680219,1258183930.2398007,2470193485.0
2022-11-24,510500.SH,1.971554,1.9795815,1.95871,1.968343,620911298.6608533,1222974085.0
2022-11-25,510500.SH,1.961921,1.9677008,1.9471504,1.9580678,863397085.0202429,1691315690.0
2022-11-28,510500.SH,1.9333431,1.9510036,1.9182514,1.9493981,1117648162.5661788,2168839380.0
2022-11-29,510500.SH,1.9545357,1.9892145,1.9542146,1.9815081,1184944627.8417938,2342485408.0
2022-11-30,510500.SH,1.9808659,1.9860035,1.968343,1.9770127,638668081.5945189,1263332453.0
2022-12-01,510500.SH,2.003664,2.0062328000000003,1.9863246,1.987609,680915029.5857989,1359689566.0
2022-12-02,510500.SH,1.9888934,1.9994897,1.9815081,1.9827925,638557645.5932732,1269756824.0
2022-12-05,510500.SH,1.9959576,2.0014163,1.9863246,1.9965998,1212944708.8134537,2420516580.0
2022-12-06,510500.SH,1.9953154,2.0113704,1.9869668,1.9956365,638493836.8109623,1276605927.0
2022-12-07,510500.SH,1.9930677,2.0084805,1.9872879,1.9930677,783201236.3749611,1563067206.0
2022-12-08,510500.SH,1.9930677,1.9956365,1.9821503,1.9898567,560200186.8576767,1114027324.0
2022-12-09,510500.SH,1.987609,2.0004530000000003,1.9786182,1.9927466,611138984.7399564,1216913105.0
2022-12-12,510500.SH,1.9892145,1.9921044,1.9763705,1.9853613,607763120.5232015,1205936217.0
2022-12-13,510500.SH,1.9847191,1.9856824,1.9702696,1.9744439,640797424.4783556,1265907003.0
2022-12-14,510500.SH,1.9744439,1.9805448,1.9603155,1.9660953,613983441.2955465,1210000166.0
2022-12-15,510500.SH,1.9644898,1.9702696,1.9580678,1.9657742,533318984.7399564,1047808162.0
2022-12-16,510500.SH,1.9615999,1.9622421,1.9477926,1.9583889,828989856.742448,1620817138.0
2022-12-19,510500.SH,1.9567834,1.9606366,1.9079762,1.916967,1938308816.5680475,3738023458.0
2022-12-20,510500.SH,1.9102239,1.9127927,1.8899946,1.8964166,1333299585.7988167,2533727887.0
2022-12-21,510500.SH,1.897701,1.900912,1.8742607,1.8867836,706928340.0809717,1334004322.0
2022-12-22,510500.SH,1.8922423,1.8951322,1.8549947,1.8665543,706882824.6652133,1327241257.0
2022-12-23,510500.SH,1.8569213,1.8729763,1.8492149,1.8594901,1314257558.3930235,2447115370.0
2022-12-26,510500.SH,1.8607745,1.8874258,1.8594901,1.881646,1193075714.7306137,2241569499.0
2022-12-27,510500.SH,1.8893524,1.8960955,1.8771506,1.89449,1073833120.5232017,2028977358.0
2022-12-28,510500.SH,1.8899946,1.8960955,1.8832515,1.8893524,710902805.9794457,1342473583.0
2022-12-29,510500.SH,1.8845359,1.9015542,1.8790772,1.8883891,858166293.9894114,1621737311.0
2022-12-30,510500.SH,1.8938478,1.8954533,1.8826093,1.8903157,486636804.7337278,919150284.0
2023-01-03,510500.SH,1.8854992,1.923389,1.878435,1.916967,762069411.3983183,1452603823.0
2023-01-04,510500.SH,1.9192147,1.9217835,1.9054074,1.9163248,820224736.8421053,1570656301.0
2023-01-05,510500.SH,1.9217835,1.9400862,1.9163248,1.9352697,721815649.3304266,1394561318.0
2023-01-06,510500.SH,1.9352697,1.9493981,1.9314165,1.939444,620593431.9526627,1203393451.0
2023-01-09,510500.SH,1.9420128,1.9558201,1.9420128,1.9432972,653071990.0342573,1271404621.0
2023-01-10,510500.SH,1.9429761,1.9500403,1.936233,1.9481137,471834923.699782,917369192.0
2023-01-11,510500.SH,1.9481137,1.9551779,1.9346275,1.9391229,722194004.9828715,1403722847.0
2023-01-12,510500.SH,1.9410495,1.9500403,1.9323798,1.9371963,529803403.9240112,1028140511.0
2023-01-13,510500.SH,1.9400862,1.9542146,1.9371963,1.9535724,670991037.060106,1304987383.0
2023-01-16,510500.SH,1.9558201,1.9901778,1.9558201,1.9725173,1217655175.9576457,2409153605.0
2023-01-17,510500.SH,1.977976,1.9799026,1.9705907,1.9750861,939713880.4110868,1856161851.0
2023-01-18,510500.SH,1.9754072,1.9895356,1.9754072,1.9827925,1124994188.7262535,2233379007.0
2023-01-19,510500.SH,1.9802237,2.0027007,1.9750861,2.0010952,939342559.9501714,1871362978.0
2023-01-20,510500.SH,2.0043062,2.016508,2.0039851,2.0155447,865347190.9062598,1740641348.0
2023-01-30,510500.SH,2.038985,2.0492602,2.0203612,2.0222878,1259566331.360947,2562862589.0
2023-01-31,510500.SH,2.0216456000000003,2.0328841,2.0168291,2.0238933,821121675.4905015,1664269034.0
2023-02-01,510500.SH,2.0287098,2.0499024,2.0251777,2.0470125,1263328794.767985,2579662458.0
2023-02-02,510500.SH,2.0521501,2.0611409,2.0418749,2.0502235,1053543052.00872,2161519790.0
2023-02-03,510500.SH,2.045407,2.0466914,2.0184346,2.0412327,804433911.554033,1635338319.0
2023-02-06,510500.SH,2.0344896,2.0370584000000003,2.0174713,2.0319208,948824970.4142011,1923549544.0
2023-02-07,510500.SH,2.0328841,2.035774,2.0177924,2.0328841,1752581815.633759,3551023755.0
2023-02-08,510500.SH,2.0344896,2.0360951,2.0149025000000003,2.0181135,1454805163.500467,2946457122.0
2023-02-09,510500.SH,2.016508,2.0492602,2.0126548,2.0473336,996085926.5026472,2030121218.0
2023-02-10,510500.SH,2.048618,2.0492602,2.0251777,2.0409116,1467939196.51199,2986761533.0
2023-02-13,510500.SH,2.0351318,2.0556822,2.0351318,2.0531134,1586541033.9458113,3253878462.0
2023-02-14,510500.SH,2.0563244,2.0627464,2.0489391,2.0585721,723697978.8227967,1487854766.0
2023-02-15,510500.SH,2.058251,2.0643519,2.0476547,2.0547189,841656247.2749922,1728355320.0
2023-02-16,510500.SH,2.0563244,2.0704528,2.0123337,2.0274254,965331949.5484272,1973891842.0
2023-02-17,510500.SH,2.026141,2.032563,2.0052695,2.010086,800793727.810651,1617674608.0
2023-02-20,510500.SH,2.0171502,2.0434804,2.0020585,2.0415538,1532910052.9430084,3101744006.0
2023-02-21,510500.SH,2.0470125,2.0592143000000003,2.0396272,2.0534345,580114961.0713173,1189503911.0
2023-02-22,510500.SH,2.0495813,2.0592143000000003,2.0438015,2.0515079000000003,932257717.2220492,1911666367.0
2023-02-23,510500.SH,2.051829,2.0576088,2.0351318,2.0479758,1104530317.6580503,2261675776.0
2023-02-24,510500.SH,2.0447648000000003,2.0527923,2.0287098,2.0434804,612937900.9654313,1250543753.0
2023-02-27,510500.SH,2.0360951,2.0425171,2.0222878,2.0328841,844249741.5135472,1716511047.0
2023-02-28,510500.SH,2.0335263,2.0479758,2.0242144,2.0460492,526204820.9280598,1073198959.0
2023-03-01,510500.SH,2.045407,2.0653152,2.0409116,2.0585721,573236792.2765493,1178803881.0
2023-03-02,510500.SH,2.061462,2.0649941,2.0508657,2.0563244,671634933.0426658,1380731369.0
2023-03-03,510500.SH,2.0576088,2.0608198,2.0412327,2.0553611,939869666.7704763,1929511268.0
2023-03-06,510500.SH,2.0569666,2.0617831,2.0460492,2.0560033,825772497.6642791,1696050548.0
2023-03-07,510500.SH,2.05504,2.0572877,2.0232511,2.0238933,806609725.9420742,1648696999.0
2023-03-08,510500.SH,2.0181135,2.0312786,2.0168291,2.0271043,816581086.8888197,1653974283.0
2023-03-09,510500.SH,2.0287098,2.0299942,2.0139392000000003,2.0248566,786642855.8081595,1591803989.0
2023-03-10,510500.SH,2.013297,2.0177924,1.9943521,1.9991686,530460738.0878231,1063695486.0
2023-03-13,510500.SH,1.997242,2.0120126,1.9898567,2.0104071,563218308.9380256,1127004656.0
2023-03-14,510500.SH,2.0043062,2.010086,1.9734806,1.994031,626259554.6558704,1247164271.0
2023-03-15,510500.SH,2.0033429,2.0145814,2.0004530000000003,2.0043062,614457035.1915292,1232921797.0
2023-03-16,510500.SH,1.9965998,2.0017374,1.9750861,1.9795815,784835029.5857987,1562174915.0
2023-03-17,510500.SH,1.9914622,2.010086,1.9847191,1.9911411,1313704148.2404234,2626433994.0
2023-03-20,510500.SH,1.994031,1.9985264,1.981187,1.9850402,636895627.5303644,1267461273.0
2023-03-21,510500.SH,1.9904989,2.006875,1.9895356,2.0059117,966220183.743382,1933302437.0
2023-03-22,510500.SH,2.0084805,2.0181135,2.0084805,2.0168291,475758464.65275615,958505755.0
2023-03-23,510500.SH,2.0149025000000003,2.0283887,2.0126548,2.0280676,548129255.6835877,1107822682.0
2023-03-24,510500.SH,2.0293520000000003,2.0328841,2.0222878,2.0306364,453578994.08284026,920210934.0
2023-03-27,510500.SH,2.0303153000000003,2.0328841,2.016508,2.0296731,597025042.0429772,1210959629.0
2023-03-28,510500.SH,2.0296731,2.035774,2.0200401,2.0245355,741995773.9022113,1504138899.0
2023-03-29,510500.SH,2.0277465,2.0290309,2.0113704,2.0161869,686343095.6088446,1385221847.0
2023-03-30,510500.SH,2.0161869,2.0277465,2.003664,2.0267832,1307386415.446901,2634433755.0
2023-03-31,510500.SH,2.0267832,2.0434804,2.0245355,2.0418749,1088555107.443164,2214202524.0
2023-04-03,510500.SH,2.045407,2.0678840000000003,2.0441226,2.0624253,873244462.7841794,1798020591.0
2023-04-04,510500.SH,2.0643519,2.0653152,2.0537556,2.0637097,504461550.9187169,1039482675.0
2023-04-06,510500.SH,2.0595354,2.0678840000000003,2.0569666,2.0633886,764472164.4347556,1577734331.0
2023-04-07,510500.SH,2.0633886,2.0829757,2.0621042,2.0791225,516108187.4805357,1071993208.0
2023-04-10,510500.SH,2.0813702,2.0826546,2.0611409,2.0653152,922459159.1404546,1910698833.0
2023-04-11,510500.SH,2.064673,2.0701317,2.0572877,2.0649941,1046754985.9856744,2159284187.0
2023-04-12,510500.SH,2.0694895,2.0736638,2.0624253,2.0720583,1114010641.54469,2306354888.0
2023-04-13,510500.SH,2.0704528,2.0746271000000003,2.0604987,2.0630675,866258389.9096855,1791079105.0
2023-04-14,510500.SH,2.0649941,2.0759115,2.0598565,2.0678840000000003,788144322.6409218,1630033257.0
2023-04-17,510500.SH,2.0630675,2.0794436,2.0627464,2.0781592,358532771.7222049,743336830.0
2023-04-18,510500.SH,2.077517,2.0781592,2.0653152,2.0739849,618171242.6035503,1281483847.0
2023-04-19,510500.SH,2.0727005,2.0771959,2.0608198,2.0643519,381070295.8579882,788762173.0
2023-04-20,510500.SH,2.0630675,2.0640308,2.0543978,2.0621042,454568735.59638745,935610341.0
2023-04-21,510500.SH,2.0621042,2.0621042,2.006875,2.0129759,818431684.8333852,1664466758.0
2023-04-24,510500.SH,2.0142603,2.0168291,1.9930677,1.9994897,613453920.8969169,1230839704.0
2023-04-25,510500.SH,1.9978842,2.0039851,1.9468293,1.9693063,795672033.6343818,1569307133.0
2023-04-26,510500.SH,1.9664164,1.9866457,1.9648109,1.9776549,950940884.45967,1879711020.0
2023-04-27,510500.SH,1.9770127,1.9956365,1.9731595,1.9860035,658960809.7165992,1307713905.0
2023-04-28,510500.SH,1.9898567,2.016508,1.984398,2.0155447,657665530.9872314,1317176778.0
2023-05-04,510500.SH,2.010086,2.0161869,2.006875,2.0158658,507150308.3151666,1020452338.0
2023-05-05,510500.SH,2.0158658,2.0168291,1.9879301,1.9978842,527645795.7022734,1053303886.0
2023-05-08,510500.SH,1.9982053,2.0177924,1.9969209,2.0104071,461954945.4998443,927563534.0
2023-05-09,510500.SH,2.0107282,2.0200401,1.99082,1.9921044,804074665.2133292,1614043547.0
2023-05-10,510500.SH,1.9914622,2.0014163,1.981187,1.9885723,565965615.0731859,1126003451.0
2023-05-11,510500.SH,1.9904989,1.9946732,1.981187,1.9824714,263946256.61787605,524704235.0
2023-05-12,510500.SH,1.9805448,1.9927466,1.9612788,1.9632054,455830439.1155403,899892508.0
2023-05-15,510500.SH,1.9615999,1.9879301,1.949077,1.9850402,503631588.29025227,991617637.0
2023-05-16,510500.SH,1.9850402,1.9863246,1.9664164,1.9718751,310167038.30582374,612874093.0
2023-05-17,510500.SH,1.9670586,1.9808659,1.9648109,1.9725173,479081666.1476176,944882702.0
2023-05-18,510500.SH,1.9760494,1.9840769,1.9660953,1.9757283,540053459.9813142,1067228667.0
2023-05-19,510500.SH,1.9731595,1.9882512,1.9635265,1.9773338,538513983.1828091,1064504043.0
2023-05-22,510500.SH,1.9770127,1.9834347,1.9638476,1.9744439,359278660.8533167,708922176.0
2023-05-23,510500.SH,1.9744439,1.9760494,1.9526091,1.9535724,432009545.3129866,849720503.0
2023-05-24,510500.SH,1.952288,1.9583889,1.9365541,1.9388018,766546097.7888508,1493635574.0
2023-05-25,510500.SH,1.939444,1.9487559,1.9134349,1.933022,608804107.7545936,1175020417.0
2023-05-26,510500.SH,1.9336642,1.9548568,1.9221046,1.9500403,545104275.9265027,1056899255.0
2023-05-29,510500.SH,1.955499,1.9606366,1.9404073,1.9477926,597304926.8140767,1163727672.0
2023-05-30,510500.SH,1.9468293,1.9609577,1.9278844,1.9583889,656248779.196512,1277269444.0
2023-05-31,510500.SH,1.955499,1.9599944,1.9423339,1.9561412,533538785.4251012,1041171961.0
2023-06-01,510500.SH,1.9567834,1.9728384,1.945866,1.9593522,895390977.8885083,1756775683.0
2023-06-02,510500.SH,1.965132,1.9815081,1.9648109,1.9760494,758463665.5247587,1498036362.0
2023-06-05,510500.SH,1.9731595,1.9763705,1.9670586,1.9718751,327998660.8533167,646892503.0
2023-06-06,510500.SH,1.9721962,1.9725173,1.9333431,1.9352697,467017010.2771722,911274749.0
2023-06-07,510500.SH,1.9365541,1.9474715,1.933022,1.9365541,423671778.2622236,821895904.0
2023-06-08,510500.SH,1.9375174,1.9420128,1.9188936,1.9323798,599042220.4920585,1155659962.0
2023-06-09,510500.SH,1.936233,1.952288,1.9327009,1.9487559,648294985.9856743,1258499361.0
2023-06-12,510500.SH,1.9506825,1.9632054,1.9442605,1.9545357,583907178.4490813,1141939037.0
2023-06-13,510500.SH,1.9545357,1.9628843,1.9516458,1.9603155,391450981.0028029,766961295.0
2023-06-14,510500.SH,1.9632054,1.9686641,1.9590311,1.9625632,372334590.4702585,731159070.0
2023-06-15,510500.SH,1.965132,1.984398,1.9638476,1.9799026,608676608.5331672,1201564432.0
2023-06-16,510500.SH,1.9802237,2.0007741,1.9799026,1.9937099,643185892.2454064,1281786865.0
2023-06-19,510500.SH,1.997242,1.9988475,1.9892145,1.9911411,371416536.9043912,740304877.0
2023-06-20,510500.SH,1.9917833,1.9959576,1.984398,1.9901778,237393864.83961385,472444970.0
2023-06-21,510500.SH,1.9882512,1.9882512,1.949077,1.9500403,519462092.8059794,1021559235.0
2023-06-26,510500.SH,1.9407284,1.9455449,1.913756,1.9176092,1072323743.382124,2066980354.0
2023-06-27,510500.SH,1.9179303,1.9355908,1.9176092,1.9320587,988153615.6960448,1907525642.0
2023-06-28,510500.SH,1.9307743,1.9371963,1.9060496,1.9365541,850268676.4247898,1633413936.0
2023-06-29,510500.SH,1.9323798,1.9400862,1.9266,1.9336642,689951142.9461228,1333935245.0
2023-06-30,510500.SH,1.9301321,1.9606366,1.9301321,1.9571045,613969364.683899,1198238000.0
2023-07-03,510500.SH,1.9599944,1.9731595,1.9538935,1.9664164,517613752.7250078,1017304780.0
2023-07-04,510500.SH,1.9648109,1.9718751,1.9641687,1.9709118,540058090.9374027,1063242106.0
2023-07-05,510500.SH,1.9689852,1.9728384,1.9571045,1.9609577,723244412.9554656,1421447518.0
2023-07-06,510500.SH,1.95871,1.9699485,1.9481137,1.9497192,528711093.1174089,1033798369.0
2023-07-07,510500.SH,1.949077,1.9529302,1.9343064,1.9445816,353947558.393024,687991371.0
2023-07-10,510500.SH,1.9516458,1.9590311,1.9420128,1.9513247,369122279.6636561,719682020.0
2023-07-11,510500.SH,1.9551779,1.9680219,1.949077,1.9673797,321294618.49891,629303370.0
2023-07-12,510500.SH,1.9680219,1.9696274,1.9452238,1.9477926,292909585.79881656,573197538.0
2023-07-13,510500.SH,1.9551779,1.9760494,1.9551779,1.974765,554385546.5587045,1090755327.0
2023-07-14,510500.SH,1.9763705,1.9770127,1.9667375,1.9670586,276034898.7854251,544267498.0
2023-07-17,510500.SH,1.9648109,1.9648109,1.9516458,1.9622421,598325851.7595764,1170740595.0
2023-07-18,510500.SH,1.9622421,1.9677008,1.9516458,1.9593522,489426907.50545,958453839.0
2023-07-19,510500.SH,1.9567834,1.9641687,1.9471504,1.9564623,375231927.748365,733814812.0
2023-07-20,510500.SH,1.9603155,1.965132,1.9336642,1.9352697,803964976.6427904,1568483529.0
2023-07-21,510500.SH,1.9346275,1.949077,1.9310954,1.936233,801776427.9040797,1553404150.0
2023-07-24,510500.SH,1.9266,1.9461871,1.9266,1.933022,326497187.7919651,632051377.0
2023-07-25,510500.SH,1.949077,1.9667375,1.949077,1.9644898,576977383.9925257,1131145907.0
2023-07-26,510500.SH,1.9641687,1.9660953,1.9545357,1.9609577,324940404.8582996,637071333.0
2023-07-27,510500.SH,1.9625632,1.9648109,1.9442605,1.9474715,304087415.1354718,594989648.0
2023-07-28,510500.SH,1.939444,1.9786182,1.939444,1.9770127,547908710.6820306,1078204657.0
2023-07-31,510500.SH,1.9799026,2.0078383,1.9792604,1.9895356,706784979.757085,1410878740.0
2023-08-01,510500.SH,1.9895356,1.9991686,1.987609,1.9911411,531196213.01775146,1058342809.0
2023-08-02,510500.SH,1.9898567,1.997242,1.977976,1.9840769,473618308.93802553,940707002.0
2023-08-03,510500.SH,1.9831136,1.9914622,1.9738017,1.99082,729702469.6356275,1449039292.0
2023-08-04,510500.SH,2.0004530000000003,2.016508,1.9949943,2.0039851,672162781.0650887,1348209240.0
2023-08-07,510500.SH,2.0017374,2.0030218,1.9866457,1.99082,1185812376.2067893,2361615867.0
2023-08-08,510500.SH,1.987609,1.9904989,1.9766916,1.9840769,918283298.0379944,1822186652.0
2023-08-09,510500.SH,1.9795815,1.9837558,1.9673797,1.9705907,1314819308.626596,2595236507.0
2023-08-10,510500.SH,1.9705907,1.9757283,1.961921,1.9699485,638267053.8772968,1257057943.0
2023-08-11,510500.SH,1.9702696,1.9731595,1.9304532,1.9310954,907062880.7225164,1766448422.0
2023-08-14,510500.SH,1.916967,1.9368752,1.9086184,1.9333431,812350557.4587356,1560642068.0
2023-08-15,510500.SH,1.929811,1.9378385,1.9063707,1.9227468,711566627.2189349,1367680954.0
2023-08-16,510500.SH,1.9156826,1.9249945,1.9082973,1.9089395,706581320.4609156,1352673932.0
2023-08-17,510500.SH,1.9015542,1.9246734,1.8909579,1.9204991,978878738.710682,1870307730.0
2023-08-18,510500.SH,1.9185725,1.9266,1.8899946,1.8906368,984336250.3892868,1878181523.0
2023-08-21,510500.SH,1.8851781,1.8989854,1.8652699,1.8659121,1015684487.6985364,1913880144.0
2023-08-22,510500.SH,1.872013,1.8800405,1.846325,1.8745818,1019287894.7368422,1903831840.0
2023-08-23,510500.SH,1.8732974,1.8732974,1.8392608,1.8424718,933393052.00872,1729652220.0
2023-08-24,510500.SH,1.8437562,1.8652699,1.8389397,1.8476094,786908087.8231081,1455596440.0
2023-08-25,510500.SH,1.8411874,1.8492149,1.8167838,1.8257746,853556259.7321707,1564353078.0
2023-08-28,510500.SH,1.9230679,1.9230679,1.8392608,1.8460039,1606814817.8137653,3011273191.0
2023-08-29,510500.SH,1.8437562,1.8957744,1.8427929,1.8861414,3682293385.238244,6900723499.0
2023-08-30,510500.SH,1.8861414,1.9018753,1.8790772,1.8864625,969432824.6652132,1832472792.0
2023-08-31,510500.SH,1.8845359,1.8899946,1.8713708,1.8771506,695746969.7913423,1307594599.0
2023-09-01,510500.SH,1.8813249,1.8890313,1.8736185,1.8790772,692479919.0283401,1301831939.0
2023-09-04,510500.SH,1.8883891,1.907334,1.8810038,1.9060496,965601644.3475552,1833756164.0
2023-09-05,510500.SH,1.9031597,1.904123,1.8887102,1.8922423,1024439856.742448,1939549756.0
2023-09-06,510500.SH,1.8867836,1.8989854,1.8777928,1.8916001,717110146.3718469,1354396023.0
2023-09-07,510500.SH,1.8916001,1.8916001,1.8630222,1.8652699,1091721086.8888197,2047335843.0
2023-09-08,510500.SH,1.8607745,1.8729763,1.8578846,1.8646277,1020383017.7514791,1904449593.0
2023-09-11,510500.SH,1.8668754,1.897701,1.8630222,1.8861414,1078735683.5876677,2029703953.0
2023-09-12,510500.SH,1.8861414,1.8928845,1.8826093,1.8867836,776914699.47057,1466529654.0
2023-09-13,510500.SH,1.8864625,1.8864625,1.8569213,1.8678387,1025611706.6334476,1915493459.0
2023-09-14,510500.SH,1.8665543,1.8684809,1.8556369,1.8662332,808751787.6051075,1506656494.0
2023-09-15,510500.SH,1.8691231,1.8790772,1.8566002,1.8665543,822996356.2753036,1537412136.0
2023-09-18,510500.SH,1.86238,1.8771506,1.8533892,1.8704075,1790478909.9968858,3349618231.0
2023-09-19,510500.SH,1.8678387,1.8700864,1.8546736,1.86238,747054715.042043,1389655445.0
2023-09-20,510500.SH,1.8566002,1.8617378,1.8488938,1.8492149,978754864.5281844,1815632673.0
2023-09-21,510500.SH,1.8450406,1.8543525,1.833481,1.8344443,882245166.6147617,1624386983.0
2023-09-22,510500.SH,1.8312333,1.8665543,1.8312333,1.8659121,1173978723.139209,2177669265.0
2023-09-25,510500.SH,1.86238,1.8646277,1.8498571,1.8553158,1072185179.0719402,1988022795.0
2023-09-26,510500.SH,1.8533892,1.8585268,1.8485727,1.8492149,665254241.6692619,1231863590.0
2023-09-27,510500.SH,1.8488938,1.8662332,1.8479305,1.8572424,1344846698.847711,2499945341.0
2023-09-28,510500.SH,1.859169,1.8649488,1.8569213,1.8598112,810763232.6378076,1508370936.0
2023-10-09,510500.SH,1.859169,1.8598112,1.8402241,1.849536,646655474.9299284,1194573423.0
2023-10-10,510500.SH,1.8514626,1.8598112,1.8389397,1.8405452,378971139.8318281,699428031.0
2023-10-11,510500.SH,1.8479305,1.8569213,1.8350865,1.8389397,1106426362.503893,2037223625.0
2023-10-12,510500.SH,1.8482516,1.8556369,1.8434351,1.852747,696665038.9286827,1289381469.0
2023-10-13,510500.SH,1.8450406,1.8450406,1.8376553,1.843114,529701915.2911866,975045644.0
2023-10-16,510500.SH,1.843114,1.8437562,1.8177471,1.8248113,604499087.5116786,1104363923.0
2023-10-17,510500.SH,1.827059,1.8286645,1.8164627,1.8283434,619046499.5328559,1129134383.0
2023-10-18,510500.SH,1.8251324,1.8254535,1.8032976,1.8065086,609889448.7698536,1104820789.0
2023-10-19,510500.SH,1.7997655,1.8087563,1.7817839000000002,1.7856371,802730993.4599814,1441578583.0
2023-10-20,510500.SH,1.7792151,1.7888480999999998,1.7673343999999998,1.7734352999999998,759822176.8919339,1350522109.0
2023-10-23,510500.SH,1.7689399,1.7702243,1.7201327,1.7262336,1574933855.49673,2730233385.0
2023-10-24,510500.SH,1.7323345,1.7516005,1.7265547,1.746784,1911143080.037372,3327012451.0
2023-10-25,510500.SH,1.7602702,1.7715087,1.7551326,1.7554537,983967321.7066334,1734052334.0
2023-10-26,510500.SH,1.7487106,1.7679766,1.7435729999999998,1.7631601,686950840.8595454,1204548961.0
2023-10-27,510500.SH,1.756417,1.8026554,1.7557748,1.7965544999999998,1251121881.0339458,2229846831.0
2023-10-30,510500.SH,1.7901325,1.817426,1.788527,1.811004,905522781.0650887,1635597914.0
2023-10-31,510500.SH,1.8103618,1.8138939,1.7984811,1.8068297,661164023.6686392,1193302494.0
2023-11-01,510500.SH,1.8151783,1.8151783,1.7952701,1.8029765,379043581.4388041,682839727.0
2023-11-02,510500.SH,1.804582,1.8103618,1.7849949,1.7866004,451261971.3484896,809851892.0
2023-11-03,510500.SH,1.7869215,1.8116462,1.7866004,1.7997655,1095519180.940517,1974546863.0
2023-11-06,510500.SH,1.811004,1.8325177,1.811004,1.83027,1260994627.8417938,2303258966.0
2023-11-07,510500.SH,1.8260957,1.8408663,1.8228847,1.8331599,620329626.2846465,1135660661.0
2023-11-08,510500.SH,1.83027,1.8408663,1.8232058,1.8318755,653508312.0523201,1197799593.0
2023-11-09,510500.SH,1.83027,1.8440773,1.823848,1.8280223,659588934.9112425,1207443585.0
2023-11-10,510500.SH,1.823848,1.8241691,1.8132517,1.8216003,630703456.8670197,1147581005.0
2023-11-13,510500.SH,1.823848,1.8325177,1.8167838,1.8315544,704278888.1968234,1284047766.0
2023-11-14,510500.SH,1.8315544,1.843114,1.8286645,1.8392608,748820694.4876986,1375112983.0
2023-11-15,510500.SH,1.8537103,1.8594901,1.8453617,1.8511415,680607116.1631892,1259417788.0
2023-11-16,510500.SH,1.8469672,1.8479305,1.8318755,1.8325177,535796116.4746185,985662358.0
2023-11-17,510500.SH,1.8267379,1.8392608,1.8260957,1.8386186,644398252.8807225,1181257982.0
2023-11-20,510500.SH,1.8395819,1.8533892,1.8309122,1.8488938,668510601.0588602,1230682071.0
2023-11-21,510500.SH,1.8524259,1.8620589,1.8395819,1.8434351,531218523.8243538,984121338.0
2023-11-22,510500.SH,1.8373342,1.8440773,1.8193526,1.8199948,785155696.0448458,1439011385.0
2023-11-23,510500.SH,1.8177471,1.8395819,1.811004,1.8363709,705447667.3933355,1289509832.0
2023-11-24,510500.SH,1.836692,1.836692,1.8148572,1.8216003,1047790604.1731548,1911176710.0
2023-11-27,510500.SH,1.8167838,1.8235269,1.8052242,1.8171049,543242668.9504827,985194828.0
2023-11-28,510500.SH,1.8161416,1.8286645,1.8039398,1.8254535,554486979.1342261,1007063990.0
2023-11-29,510500.SH,1.823848,1.8267379,1.811004,1.8161416,383040560.57303023,697041350.0
2023-11-30,510500.SH,1.8158205,1.8164627,1.7981599999999998,1.8100407,520114895.6711305,940425344.0
2023-12-01,510500.SH,1.8081141,1.8228847,1.8023343,1.8187104,463247352.8495796,838384283.0
2023-12-04,510500.SH,1.8196737,1.8264168,1.8145361,1.8148572,487613407.0383058,887198376.0
2023-12-05,510500.SH,1.811004,1.811004,1.7856371,1.7869215,565433902.2111492,1017329288.0
2023-12-06,510500.SH,1.7846738,1.8026554,1.7795362,1.7907747,593065085.6431018,1062133386.0
2023-12-07,510500.SH,1.7878847999999998,1.7988022,1.7766463,1.7923802,803176032.3886641,1435752959.0
2023-12-08,510500.SH,1.791738,1.804582,1.7907747,1.7962334,778711009.0314543,1400010203.0
2023-12-11,510500.SH,1.7882059,1.8228847,1.7760041,1.8161416,1255417402.6782937,2264477778.0
2023-12-12,510500.SH,1.814215,1.8209581,1.8106829,1.8193526,565187343.5066957,1026398177.0
2023-12-13,510500.SH,1.8164627,1.8164627,1.7978389,1.8004077,661899261.9121768,1196368682.0
2023-12-14,510500.SH,1.8065086,1.8167838,1.7907747,1.7943068,877834609.1560261,1583535248.0
2023-12-15,510500.SH,1.7981599999999998,1.8032976,1.7747197,1.7801783999999998,1080807315.4780445,1931426648.0
2023-12-18,510500.SH,1.7724719999999998,1.7804995,1.7573803,1.7605913,586736259.7321707,1036538009.0
2023-12-19,510500.SH,1.7605913,1.7676555,1.7471051,1.7577014,739089028.340081,1297960196.0
2023-12-20,510500.SH,1.7602702,1.7615546,1.7358665999999998,1.7377932,602264138.8975397,1050928791.0
2023-12-21,510500.SH,1.730729,1.7503160999999998,1.7175639,1.7422886,1013094434.755528,1757574800.0
2023-12-22,510500.SH,1.7406831,1.7535271,1.7284813,1.737151,1045432964.8084708,1815424437.0
2023-12-25,510500.SH,1.7365088000000002,1.7458207,1.7268758,1.7349032999999998,977777592.6502649,1697294843.0
2023-12-26,510500.SH,1.73394,1.7345822,1.711463,1.7198116,792124054.8115852,1362422437.0
2023-12-27,510500.SH,1.7207749,1.7297656999999995,1.7085731,1.7249492,799928844.5966989,1375160915.0
2023-12-28,510500.SH,1.7246281,1.7638023,1.7214170999999998,1.7580224999999998,1086014870.7567737,1900033209.0
2023-12-29,510500.SH,1.7589857999999998,1.7772885,1.7567381,1.7721509,845019156.0261601,1496527264.0
2024-01-02,510500.SH,1.7737564,1.775683,1.7634812,1.7650867,963118178.1376518,1705665321.0
2024-01-03,510500.SH,1.762839,1.7715087,1.7535271,1.762839,702428361.881034,1238302777.0
2024-01-04,510500.SH,1.7631601,1.7644445,1.7393987,1.7487106,855669679.2276549,1495540700.0
2024-01-05,510500.SH,1.7461418,1.7541693,1.7198116,1.7262336,632820710.0591716,1099041995.0
2024-01-08,510500.SH,1.7214170999999998,1.7223804,1.6851328,1.685775,910218707.567736,1547033096.0
2024-01-09,510500.SH,1.6864172,1.7047199,1.6819218,1.6896281999999998,691620840.8595454,1169642672.0
2024-01-10,510500.SH,1.6838483999999998,1.7027933,1.66972,1.6854539,652925001.5571473,1101714579.0
2024-01-11,510500.SH,1.682564,1.7130685,1.6809585,1.7056832000000002,839398607.9103084,1426398489.0
2024-01-12,510500.SH,1.7002245,1.7204537999999998,1.6982978999999998,1.6992612,740489507.9414513,1265314829.0
2024-01-15,510500.SH,1.6938025,1.7124263,1.6870594,1.6950869,491253407.0383058,834370669.0
2024-01-16,510500.SH,1.6909126,1.7008667,1.672931,1.6934814,744444693.2419807,1256028405.0
2024-01-17,510500.SH,1.6870594,1.6896281999999998,1.6498118,1.6507751,617147573.9644971,1032494763.0
2024-01-18,510500.SH,1.6491696,1.6546283,1.6061422,1.6523806,1482649535.9701028,2412324445.0
2024-01-19,510500.SH,1.6437109,1.6575182,1.6360045,1.6395366,995396362.5038928,1639168635.0
2024-01-22,510500.SH,1.6337568,1.6360045,1.547702,1.563757,1166469962.6284647,1858414199.0
2024-01-23,510500.SH,1.5554084,1.5961881,1.5416011,1.5888028,1030801339.1466832,1623833912.0
2024-01-24,510500.SH,1.5897660999999998,1.6138486,1.5538029000000002,1.6112798,1073384241.669262,1704636315.0
2024-01-25,510500.SH,1.6112798,1.6597658999999998,1.5977936,1.6588026,1073092516.3500468,1755492249.0
2024-01-26,510500.SH,1.6520594999999998,1.6594448,1.6347201,1.6404999,907744142.0118344,1497872820.0
2024-01-29,510500.SH,1.6424265,1.6488485,1.6093532,1.6096743,612283463.0956088,993868410.0
2024-01-30,510500.SH,1.6032523,1.6141697,1.5695367999999998,1.5769220999999998,587273631.2675179,937038152.0
2024-01-31,510500.SH,1.57339,1.5791698,1.5335736,1.5358213,1080810815.9451883,1675014482.0
2024-02-01,510500.SH,1.5271516,1.5592616,1.5120599,1.5300414999999998,1084405123.0146372,1665132154.0
2024-02-02,510500.SH,1.5297204,1.5448121,1.4462343999999998,1.4889407,1197453481.7813766,1800219345.0
2024-02-05,510500.SH,1.483482,1.502748,1.3971061,1.4561885,10940591021.488634,16081415892.0
2024-02-06,510500.SH,1.4394912999999998,1.5830229999999998,1.4337115,1.5775643,3201633161.009032,4861999738.0
2024-02-07,510500.SH,1.5865551,1.6809585,1.5743532999999998,1.6777475,4123427514.7929,6790668059.0
2024-02-08,510500.SH,1.7008667,1.7580224999999998,1.6745365,1.6854539,5046770952.974152,8678055731.0
2024-02-19,510500.SH,1.70183,1.70183,1.6520594999999998,1.6745365,4831128931.796948,8095394399.0
2024-02-20,510500.SH,1.6652246,1.6787108,1.6533439,1.6745365,1483502130.1775148,2473894419.0
2024-02-21,510500.SH,1.6636191,1.714674,1.6584815,1.6735732,1868857253.192152,3156024197.0
2024-02-22,510500.SH,1.6735732,1.692197,1.6681145000000002,1.6880227,918225889.131112,1542814976.0
2024-02-23,510500.SH,1.6886649,1.6963713,1.6677934,1.6957291,1004403615.6960448,1689915433.0
2024-02-26,510500.SH,1.692197,1.7149951,1.6828850999999998,1.6925181,1204754789.7851136,2047977912.0
2024-02-27,510500.SH,1.688986,1.73394,1.6841695,1.7332978,1143217617.5646217,1958600148.0
2024-02-28,510500.SH,1.7336189,1.7570592,1.6880227,1.6886649,1495929308.626596,2584556893.0
2024-02-29,510500.SH,1.6828850999999998,1.7480684,1.6828850999999998,1.7438941,1976789881.6568048,3414044458.0
2024-03-01,510500.SH,1.7413253,1.7589857999999998,1.7358665999999998,1.7554537,1040602064.777328,1818468534.0
2024-03-04,510500.SH,1.7535271,1.7612335,1.7349032999999998,1.7548115,1351810361.2581751,2365113919.0
2024-03-05,510500.SH,1.7448574,1.7580224999999998,1.7400409,1.7461418,4476684400.498287,7835337665.0
2024-03-06,510500.SH,1.7435729999999998,1.7647656,1.7281601999999998,1.7445362999999998,995862158.2061664,1739577363.0
2024-03-07,510500.SH,1.7442152000000002,1.7577014,1.7201327,1.7220593000000002,779298975.3970724,1355027777.0
2024-03-08,510500.SH,1.724307,1.7509583,1.7188483,1.7448574,950026673.933354,1647750286.0
2024-03-11,510500.SH,1.7442152000000002,1.7785729,1.7413253,1.7776096,1243176829.6480846,2185225020.0
2024-03-12,510500.SH,1.7772885,1.7866004,1.7557748,1.7676555,1301055362.8153224,2302873871.0
2024-03-13,510500.SH,1.7679766,1.7817839000000002,1.756417,1.7650867,1080052161.320461,1909456399.0
2024-03-14,510500.SH,1.7621968,1.7760041,1.7445362999999998,1.7577014,990951407.6611648,1744951635.0
2024-03-15,510500.SH,1.7541693,1.7821049999999998,1.7458207,1.7817839000000002,1593102195.5777018,2803900784.0
2024-03-18,510500.SH,1.7827471999999998,1.8058664,1.7792151,1.804582,1006556960.4484584,1802999075.0
2024-03-19,510500.SH,1.801371,1.8029765,1.7843527,1.7856371,858322030.5200872,1540655668.0
2024-03-20,510500.SH,1.7859582,1.7952701,1.7798573,1.7901325,586450102.7717222,1048538572.0
2024-03-21,510500.SH,1.7943068,1.7978389,1.7779307,1.7814628,758143528.4957957,1354248800.0
2024-03-22,510500.SH,1.7811416999999998,1.7814628,1.7458207,1.7548115,769116515.1043289,1352646428.0
2024-03-25,510500.SH,1.7528849,1.7612335,1.7255914,1.7288024000000002,842591744.0049828,1470479128.0
2024-03-26,510500.SH,1.7294446,1.7365088000000002,1.7098575,1.7210960000000002,1479809355.341015,2550111826.0
2024-03-27,510500.SH,1.7204537999999998,1.7204537999999998,1.6803163,1.6812796,1059556153.846154,1803119168.0
2024-03-28,510500.SH,1.6822429,1.7214170999999998,1.6822429,1.7027933,1107205238.243538,1885426261.0
2024-03-29,510500.SH,1.7002245,1.7259125,1.6979768,1.7246281,1193221295.5465586,2042485157.0
2024-04-01,510500.SH,1.7297656999999995,1.7638023,1.7294446,1.7609124,1265681320.4609156,2217313497.0
2024-04-02,510500.SH,1.7605913,1.7625179,1.7438941,1.7538482,1034510582.3730924,1812871679.0
2024-04-03,510500.SH,1.7519216000000002,1.7551326,1.7429308,1.7528849,1238861865.462473,2167619898.0
2024-04-08,510500.SH,1.749995,1.7548115,1.7259125,1.7271968999999998,1025621812.5194644,1785032805.0
2024-04-09,510500.SH,1.7255914,1.7422886,1.7239859,1.7416464,556437636.2503893,964306442.0
2024-04-10,510500.SH,1.7406831,1.7406831,1.708252,1.7214170999999998,615308128.308938,1061909146.0
2024-04-11,510500.SH,1.7133896000000002,1.7471051,1.7098575,1.7294446,946125935.845531,1641704048.0
2024-04-12,510500.SH,1.7294446,1.7419675,1.7169217,1.7201327,972567060.105886,1679792228.0
2024-04-15,510500.SH,1.717885,1.7544904,1.7027933,1.7429308,981363307.3808782,1702167108.0
2024-04-16,510500.SH,1.7326556,1.7432519,1.6899493,1.695408,1216177545.9358456,2085941389.0
2024-04-17,510500.SH,1.6979768,1.7416464,1.6979768,1.7406831,1193841348.489567,2058459036.0
2024-04-18,510500.SH,1.737151,1.76605,1.7265547,1.7438941,1059849265.0264716,1851687972.0
2024-04-19,510500.SH,1.7381143,1.7503160999999998,1.724307,1.7320134,1112843350.9810028,1930070728.0
2024-04-22,510500.SH,1.7294446,1.7435729999999998,1.714674,1.7175639,609931124.260355,1052433481.0
2024-04-23,510500.SH,1.7172428,1.7255914,1.6941236,1.6976557,588652485.2071006,1003085449.0
2024-04-24,510500.SH,1.7005456,1.717885,1.688986,1.7175639,551682992.8371224,940284676.0
2024-04-25,510500.SH,1.711463,1.7291234999999998,1.7050409999999998,1.7149951,600019993.7714108,1029843330.0
2024-04-26,510500.SH,1.7169217,1.7580224999999998,1.7166006,1.7535271,2482340407.9725943,4329716776.0
2024-04-29,510500.SH,1.7560959,1.7936646,1.7548115,1.7875637,1764688480.224229,3138793820.0
2024-04-30,510500.SH,1.7869215,1.7901325,1.7743985999999998,1.7753619,861737206.4777328,1535170863.0
2024-05-06,510500.SH,1.7981599999999998,1.807793,1.7946279,1.8026554,1597530208.657739,2877857689.0
2024-05-07,510500.SH,1.801371,1.8081141,1.7959123,1.8023343,712964023.6686391,1284759439.0
2024-05-08,510500.SH,1.801371,1.801371,1.7782518,1.7795362,1238109514.1700406,2209922264.0
2024-05-09,510500.SH,1.7785729,1.8183893,1.7785729,1.8119673,924970109.0003116,1671070310.0
2024-05-10,510500.SH,1.8132517,1.8193526,1.7923802,1.8055453,1595010460.9156027,2872238383.0
2024-05-13,510500.SH,1.7936646,1.804582,1.7814628,1.7962334,1019068215.5091872,1826421973.0
2024-05-14,510500.SH,1.7959123,1.8097196,1.788527,1.7943068,836936664.5904703,1503325676.0
2024-05-15,510500.SH,1.7943068,1.7943068,1.7747197,1.7785729,850815708.5020243,1518528125.0
2024-05-16,510500.SH,1.7837105,1.7907747,1.7644445,1.7702243,742339828.7137964,1319818161.0
2024-05-17,510500.SH,1.7742018,1.7963834,1.768004,1.7954047999999998,1579296952.7896996,2813505491.0
2024-05-20,510500.SH,1.7963834,1.8097576,1.7914904,1.8019288,1631740150.2145922,2938657577.0
2024-05-21,510500.SH,1.7960572,1.7999716,1.7823568,1.7888808,860996079.0925813,1541428580.0
2024-05-22,510500.SH,1.7872498,1.7918166,1.7813782,1.7869236,703862805.0275905,1257466353.0
2024-05-23,510500.SH,1.7826829999999998,1.7826829999999998,1.7490844,1.7559346,1223918418.1483753,2157056181.0
2024-05-24,510500.SH,1.7487582,1.7670254,1.7366887999999998,1.7389722,641385836.9098712,1123114671.0
2024-05-27,510500.SH,1.743539,1.7572393999999998,1.7269027999999995,1.7559346,743576600.2452483,1295755500.0
2024-05-28,510500.SH,1.7539774,1.7546297999999998,1.7366887999999998,1.7406032,657965622.3175966,1148740742.0
2024-05-29,510500.SH,1.738646,1.7569132,1.737015,1.7441914,963691425.5058248,1685053739.0
2024-05-30,510500.SH,1.7441914,1.753325,1.7347316,1.7406032,621014101.7780503,1082625287.0
2024-05-31,510500.SH,1.7441914,1.7569132,1.7392983999999998,1.740277,926147988.963826,1617830981.0
2024-06-03,510500.SH,1.7383198,1.7428865999999998,1.7135286,1.7269027999999995,911432648.6817904,1573165845.0
2024-06-04,510500.SH,1.7252717999999998,1.7556083999999998,1.7200525999999998,1.750063,710621799.5095034,1236260806.0
2024-06-05,510500.SH,1.750063,1.7526726,1.7301648,1.7311434,571081023.9117106,995937984.0
2024-06-06,510500.SH,1.7366887999999998,1.7419079999999998,1.7105928,1.7187478,776990407.7253219,1341265379.0
2024-06-07,510500.SH,1.7259242,1.7301648,1.7001544,1.7105928,840970438.3813611,1440518368.0
2024-06-11,510500.SH,1.7050474,1.7207050000000002,1.6959137999999998,1.7145072,575480088.9025139,982239469.0
2024-06-12,510500.SH,1.710919,1.7249456,1.7102666,1.7194002,580604610.6683017,998194127.0
2024-06-13,510500.SH,1.7220098,1.7233146,1.7056998,1.7105928,598429862.0478234,1024633279.0
2024-06-14,510500.SH,1.707657,1.725598,1.7008068,1.7187478,963207771.3059472,1650786376.0
2024-06-17,510500.SH,1.7115714,1.7200525999999998,1.7089618,1.7128762,441612762.1091355,757577688.0
2024-06-18,510500.SH,1.714181,1.7275552,1.714181,1.7216835999999998,760493350.705089,1309362390.0
2024-06-19,510500.SH,1.7246194,1.7262504,1.7021115999999998,1.7040688,604851670.7541386,1033228122.0
2024-06-20,510500.SH,1.7024378,1.707657,1.6769942,1.6786252,533340003.0656039,900567952.0
2024-06-21,510500.SH,1.6763418,1.6900422,1.6730797999999998,1.681561,815978338.4426732,1372701498.0
2024-06-24,510500.SH,1.6766679999999998,1.6766679999999998,1.6427431999999995,1.6463313999999998,2550808123.8503985,4219239878.0
2024-06-25,510500.SH,1.6473099999999998,1.652203,1.6192568,1.6319786,1659863583.690987,2717880474.0
2024-06-26,510500.SH,1.6283904,1.6577484,1.621214,1.6544864,1165073393.623544,1907111299.0
2024-06-27,510500.SH,1.6482886,1.6502458,1.6257808,1.6270856,1972427348.252606,3221419468.0
2024-06-28,510500.SH,1.6238236,1.652203,1.6218664,1.6296952,1271709696.5052116,2085352184.0
2024-07-01,510500.SH,1.6296952,1.6564436,1.6248022,1.6489409999999998,948966014.7148988,1557013366.0
2024-07-02,510500.SH,1.6479623999999995,1.6495934,1.627738,1.6339358000000002,612594831.3917842,1003940421.0
2024-07-03,510500.SH,1.6319786,1.6355668,1.6179519999999998,1.6199092,574838574.4941753,934475788.0
2024-07-04,510500.SH,1.624476,1.6274118,1.5938132,1.5967489999999998,1565791827.0999389,2514631260.0
2024-07-05,510500.SH,1.5951179999999998,1.6117541999999998,1.5850058,1.6081659999999998,639038083.9975475,1020397247.0
2024-07-08,510500.SH,1.603273,1.6045777999999995,1.5758722,1.5814176,718463384.4267321,1139285363.0
2024-07-09,510500.SH,1.578808,1.6169734,1.5700006,1.6101232,1044686149.6014715,1665121351.0
2024-07-10,510500.SH,1.6068612,1.6169734,1.6003371999999998,1.6009896,581220588.5959535,934688474.0
2024-07-11,510500.SH,1.6192568,1.6358929999999998,1.6094708,1.6332833999999998,874244659.7179644,1421153966.0
2024-07-12,510500.SH,1.6306737999999998,1.6332833999999998,1.6221926,1.626107,462559288.7798896,753015882.0
2024-07-15,510500.SH,1.621214,1.6238236,1.611428,1.6143637999999998,1393500404.659718,2254993090.0
2024-07-16,510500.SH,1.6111018,1.6251284,1.6055563999999998,1.6199092,670608930.1042305,1082677266.0
2024-07-17,510500.SH,1.6186044,1.6221926,1.6068612,1.6084922,1884649576.9466584,3038141458.0
2024-07-18,510500.SH,1.6039253999999998,1.6166472,1.5872891999999998,1.6159948,1454768519.313305,2327743494.0
2024-07-19,510500.SH,1.6075136,1.6238236,1.6029467999999998,1.6133852,1893511860.8215816,3056884867.0
2024-07-22,510500.SH,1.6140376,1.619583,1.600011,1.6094708,932867544.4512568,1503144331.0
2024-07-23,510500.SH,1.6084922,1.6153423999999998,1.5631503999999998,1.5638027999999995,748650910.4843655,1186496610.0
2024-07-24,510500.SH,1.5618456,1.5686958,1.542926,1.5452094,997032562.8448803,1550710345.0
2024-07-25,510500.SH,1.5409688,1.5602146,1.5357496,1.5432522,815543476.3948498,1260269705.0
2024-07-26,510500.SH,1.5439045999999998,1.572284,1.5435784,1.5677172,740402188.8412018,1156705053.0
2024-07-29,510500.SH,1.5660862,1.5700006,1.5569525999999998,1.5579311999999998,450616354.9969344,703462287.0
2024-07-30,510500.SH,1.5549954,1.5621717999999998,1.5390116,1.5566264,716924291.8454936,1113782436.0
2024-07-31,510500.SH,1.5566264,1.6234974,1.5517333999999998,1.622845,1707379264.2550583,2729524972.0
2024-08-01,510500.SH,1.622845,1.6349143999999998,1.6003371999999998,1.6081659999999998,1074225110.3617413,1736710637.0
2024-08-02,510500.SH,1.5964228,1.616321,1.5833748,1.5866368,685455407.7253219,1094886544.0
2024-08-05,510500.SH,1.578808,1.6068612,1.5536906,1.5559739999999995,1273069034.334764,2006387779.0
2024-08-06,510500.SH,1.5719577999999998,1.5827224,1.5546692,1.5726102,801998923.9730228,1257819187.0
2024-08-07,510500.SH,1.5716316,1.5859844,1.5618456,1.5732626,733193356.8362968,1153900681.0
2024-08-08,510500.SH,1.5693482,1.5892464,1.557605,1.5765246,713625907.4187615,1123948107.0
2024-08-09,510500.SH,1.5846796,1.5931608000000002,1.5621717999999998,1.5631503999999998,664346845.4935622,1045691875.0
2024-08-12,510500.SH,1.562498,1.5709791999999998,1.5549954,1.5638027999999995,621451097.4862047,971596688.0
2024-08-13,510500.SH,1.5638027999999995,1.5686958,1.5497762000000002,1.5670648,582735980.9932557,909001809.0
2024-08-14,510500.SH,1.5677172,1.5677172,1.544557,1.5452094,662840956.4684244,1028267910.0
2024-08-15,510500.SH,1.5409688,1.5742412,1.539664,1.5572788,1646643378.2955244,2568201561.0
2024-08-16,510500.SH,1.5566264,1.5611931999999995,1.546188,1.5481452,2431040303.4947886,3772598348.0
2024-08-19,510500.SH,1.5465141999999998,1.569022,1.5458618,1.5507547999999998,845947961.3733906,1318518497.0
2024-08-20,510500.SH,1.5533643999999998,1.5533643999999998,1.5194396,1.5240063999999998,1075598703.24954,1645311054.0
2024-08-21,510500.SH,1.5223753999999998,1.5275945999999998,1.5191134,1.5210706,404666278.35683626,616166150.0
2024-08-22,510500.SH,1.521723,1.5243326,1.4998676,1.5028034,1233369797.670141,1862544630.0
2024-08-23,510500.SH,1.5014986,1.5090012000000002,1.497258,1.5031295999999998,485672348.2526058,729871103.0
2024-08-26,510500.SH,1.5044344,1.511937,1.4992152,1.5047606,309541327.4064991,465849599.0
2024-08-27,510500.SH,1.4995414,1.502151,1.4887768,1.4897554,717326330.4721031,1071409551.0
2024-08-28,510500.SH,1.4894292,1.502151,1.485841,1.4900816,834894022.0723482,1246905088.0
2024-08-29,510500.SH,1.4861672,1.518461,1.4835576,1.5109583999999998,1338225594.7271612,2017728795.0
2024-08-30,510500.SH,1.5096536,1.5615194,1.5083487999999998,1.5370544,2142697746.781116,3302514338.0
2024-09-02,510500.SH,1.53314,1.5360758,1.505413,1.5060654,1337227624.156959,2030627748.0
2024-09-03,510500.SH,1.5057391999999998,1.529878,1.505413,1.5220492,902693310.852238,1371818907.0
2024-09-04,510500.SH,1.5135679999999998,1.53314,1.5076964,1.5181348,678148623.5438381,1031221663.0
2024-09-05,510500.SH,1.5266159999999998,1.5357496,1.518461,1.5249849999999998,519706437.76824033,792815040.0
2024-09-06,510500.SH,1.529878,1.5308566,1.5018248,1.5041082,695337697.7314531,1052496941.0
2024-09-09,510500.SH,1.50052,1.507044,1.4877981999999998,1.4933436,552843007.3574494,827354731.0
2024-09-10,510500.SH,1.4962794,1.5014986,1.4679,1.4926912,850811229.3071735,1261403388.0
2024-09-11,510500.SH,1.4861672,1.5018248,1.4838838,1.4966056,549546722.8694053,820704028.0
2024-09-12,510500.SH,1.4992152,1.5151989999999995,1.4894292,1.490734,743229883.5070509,1114419442.0
2024-09-13,510500.SH,1.4920388,1.4949746,1.4744239999999995,1.4750764,569642970.5702024,846641887.0
2024-09-18,510500.SH,1.4767074,1.4842099999999998,1.4558306,1.4799694,644059938.6879215,946728410.0
2024-09-19,510500.SH,1.4829052,1.5148728,1.4698572,1.50052,1317233031.882281,1972744331.0
2024-09-20,510500.SH,1.495627,1.497258,1.4816003999999998,1.4900816,812771404.0465971,1210706857.0
2024-09-23,510500.SH,1.4871458,1.5080226,1.4842099999999998,1.4897554,767594757.8172901,1147856830.0
2024-09-24,510500.SH,1.507044,1.559236,1.4936698,1.5589098,2643343424.279583,4049151593.0
2024-09-25,510500.SH,1.58207,1.6078398,1.5660862,1.5700006,2167171109.7486205,3436075305.0
2024-09-26,510500.SH,1.564129,1.6528554,1.5638027999999995,1.6508982,3614215168.608216,5826198165.0
2024-09-27,510500.SH,1.6776466,1.8156292,1.665251,1.7918166,1900436244.635193,3254160732.0
2024-09-30,510500.SH,1.8883718,1.9709004,1.7944262,1.955569,6089016750.459841,11428173744.0
2024-10-08,510500.SH,2.151289,2.151289,1.9558952,2.0374452,7878070833.844268,16143442550.0
2024-10-09,510500.SH,1.9705742,2.0172208,1.8825002,1.9125106,4176806986.511343,8146262204.0
2024-10-10,510500.SH,1.914794,1.9529594,1.8590138,1.8883718,2235521848.5591664,4265719720.0
2024-10-11,510500.SH,1.8697784,1.8763024,1.789207,1.8123672,2411396183.323115,4410523895.0
2024-10-14,510500.SH,1.816934,1.8648854,1.7911642,1.8570566,2329445668.301656,4258265624.0
2024-10-15,510500.SH,1.844661,1.87565,1.807148,1.8107362,2308822709.993869,4249769953.0
2024-10-16,510500.SH,1.7931214,1.8410728,1.7898594,1.8091052,1754995377.0692828,3180013532.0
2024-10-17,510500.SH,1.8188912,1.8374846,1.7941,1.7947524,1988646790.312692,3600944227.0
2024-10-18,510500.SH,1.795731,1.9346922,1.7931214,1.8714094,3492500162.477008,6508900658.0
2024-10-21,510500.SH,1.8792382,1.9216442,1.8652116,1.8896766,2133102437.15512,4039396269.0
2024-10-22,510500.SH,1.885436,1.9144678,1.8785858,1.9069652,1324280702.0232987,2512260916.0
2024-10-23,510500.SH,1.9069652,1.9428472,1.8981578,1.9144678,1493638982.2194974,2869287064.0
2024-10-24,510500.SH,1.9043556,1.9089224,1.8864146,1.8978316,1079670754.1385653,2047595636.0
2024-10-25,510500.SH,1.9010936,1.939259,1.8988102,1.9268634,1187440895.1563458,2279652915.0
2024-10-28,510500.SH,1.92458,1.9500236,1.9167512,1.949045,1631216707.541386,3164122317.0
2024-10-29,510500.SH,1.953938,1.9614406,1.9232752,1.9297992,1853955741.8761497,3594788619.0
2024-10-30,510500.SH,1.9242538,1.9464354,1.9134892,1.9356708,2124530113.4273453,4100942113.0
2024-10-31,510500.SH,1.9330612,1.971879,1.9252324,1.9572,1913676569.589209,3733061867.0
2024-11-01,510500.SH,1.9542642,1.9660074,1.9232752,1.9395852,1199037133.660331,2334815277.0
2024-11-04,510500.SH,1.9395852,1.968617,1.9382804,1.9679646,823064914.1630901,1607401489.0
2024-11-05,510500.SH,1.9682908,2.035488,1.9585048,2.0276592,1763022225.628449,3534847123.0
2024-11-06,510500.SH,2.028964,2.0573434,2.015916,2.0299426,1536859435.9288783,3130969726.0
2024-11-07,510500.SH,2.019178,2.07137,2.012654,2.0690866,1342857234.8252606,2740324323.0
2024-11-08,510500.SH,2.0880062,2.1000756,2.056691,2.0635412,1723967878.6020846,3581736098.0
2024-11-11,510500.SH,2.0504932,2.099097,2.0491884,2.0981184,1503603142.244022,3121900349.0
2024-11-12,510500.SH,2.100728,2.1144284,2.0579958,2.0785464,1332871508.2771308,2783409078.0
2024-11-13,510500.SH,2.0661508,2.0798512,2.0423382,2.0723486,863392385.0398529,1780235956.0
2024-11-14,510500.SH,2.0690866,2.0690866,2.012654,2.0162422,1596541560.3923974,3248174939.0
2024-11-15,510500.SH,2.0123278,2.0204828,1.9633978,1.9640502,2311912317.5965667,4604995527.0
2024-11-18,510500.SH,1.966986,1.9793816,1.9216442,1.9346922,1978563093.1943595,3866600959.0
2024-11-19,510500.SH,1.9356708,1.9666598,1.9160988,1.9650288,2158004546.2906194,4200800286.000001
2024-11-20,510500.SH,1.960462,1.9927558,1.953938,1.984927,1651597786.633967,3258601169.0
2024-11-21,510500.SH,1.9813388,1.9911248,1.9682908,1.983296,580384488.0441447,1149490700.0
2024-11-22,510500.SH,1.9793816,1.9813388,1.9037032,1.905008,807228381.3611282,1567370019.0
2024-11-25,510500.SH,1.909901,1.913163,1.8779334,1.900115,700800465.9717965,1330469443.0
2024-11-26,510500.SH,1.895222,1.9125106,1.885436,1.887067,582379558.553035,1105373414.0
2024-11-27,510500.SH,1.8860884,1.9268634,1.85934,1.9232752,1042962302.2685468,1974646675.0
2024-11-28,510500.SH,1.9209918,1.9304516,1.9046818,1.9108796,804092716.1250767,1542257518.0
2024-11-29,510500.SH,1.9092486,1.9581786,1.9020722,1.9389328,1239836330.472103,2400334450.0
2024-12-02,510500.SH,1.9395852,1.9774244,1.9373018,1.9689432,1120002568.9760883,2198082089.0
2024-12-03,510500.SH,1.9695956,1.9761196,1.9496974,1.9656812,910610232.9858984,1786279165.0
2024-12-04,510500.SH,1.963724,1.9709004,1.9402376,1.9510022,810367339.0557939,1582832037.0
2024-12-05,510500.SH,1.945783,1.9643764,1.9402376,1.9565476,599339898.8350705,1170127566.0
2024-12-06,510500.SH,1.9558952,1.9956916,1.9467616,1.9819912,1642814877.375843,3246628869.0
2024-12-09,510500.SH,1.981665,1.9891676,1.9585048,1.9712266,1235908660.3310852,2440193600.0
2024-12-10,510500.SH,2.048536,2.0495146,1.9823174,1.988189,1702123353.7706928,3428981363.0
2024-12-11,510500.SH,1.9836222,2.0071086,1.9826436,2.0031942,1721006502.145923,3442316136.0
2024-12-12,510500.SH,2.002868,2.0276592,1.9973226,2.0214614,1316206781.1158798,2651723763.0
2024-12-13,510500.SH,2.0022156,2.0097182,1.983296,1.9894938,2384793372.1643167,4752739365.0
2024-12-16,510500.SH,1.986558,1.9888414,1.9526332,1.958831,1389719270.3862662,2728886124.0
2024-12-17,510500.SH,1.9575262,1.9630716,1.9350184,1.9379542,1352636756.5910482,2629190849.0
2024-12-18,510500.SH,1.942521,1.9630716,1.937628,1.9503498,818477605.7633355,1596610199.0
2024-12-19,510500.SH,1.9346922,1.9624192,1.9268634,1.9562214,997788007.3574494,1940603791.0
2024-12-20,510500.SH,1.9529594,1.97351,1.9503498,1.9601358,1270583258.7369711,2494039595.0
2024-12-23,510500.SH,1.960462,1.965355,1.9281682,1.929473,1435300113.4273453,2789552324.0
2024-12-24,510500.SH,1.9297992,1.9542642,1.929473,1.9513284,1370280058.2464745,2660178402.0
2024-12-25,510500.SH,1.9516546,1.9516546,1.9193608,1.9350184,1479580916.6155734,2862134190.0
2024-12-26,510500.SH,1.9350184,1.9532856,1.9333874,1.9496974,840731468.4242796,1637401616.0
2024-12-27,510500.SH,1.9464354,1.981665,1.9464354,1.9542642,943042982.832618,1851891986.0
2024-12-30,510500.SH,1.9532856,1.9640502,1.9434996,1.9536118,578554699.5708154,1131333792.0
2024-12-31,510500.SH,1.9536118,1.9568738,1.8945696,1.8955482,2292268310.852238,4398943159.0
2025-01-02,510500.SH,1.8942434,1.8948958,1.8198698,1.8387894,1334048129.9816065,2480093177.0
2025-01-03,510500.SH,1.8371584,1.847923,1.7954047999999998,1.8016026,1367666977.314531,2491017173.0
2025-01-06,510500.SH,1.7989929999999998,1.8162816,1.7846402,1.797362,1012357608.8289392,1820016062.0
2025-01-07,510500.SH,1.7976882,1.8166078,1.7888808,1.8162816,1243212688.5346413,2245699727.0
2025-01-08,510500.SH,1.81041,1.8241104,1.764742,1.808779,1298790695.8920908,2328052709.0
2025-01-09,510500.SH,1.802255,1.8198698,1.8009502,1.8074742,822927568.9760883,1491120294.0
2025-01-10,510500.SH,1.8061694,1.8221532,1.7797472,1.7807258,709247421.8270999,1274891586.0
2025-01-13,510500.SH,1.7650681999999998,1.7970358,1.764742,1.7836615999999998,915336235.4383814,1630045186.0
2025-01-14,510500.SH,1.7879022,1.851185,1.7797472,1.844661,1537858936.2354383,2806795065.0
2025-01-15,510500.SH,1.841399,1.8436824,1.8263938,1.829982,1334655257.5107296,2446449508.0
2025-01-16,510500.SH,1.8377272,1.8679028,1.8238,1.8360692,1528428863.088058,2819882907.0
2025-01-17,510500.SH,1.827116,1.8639236,1.827116,1.8506596,830972506.0313631,1535603875.0
2025-01-20,510500.SH,1.861934,1.8788456,1.8546388,1.8596128,975295750.9047045,1821892696.0
2025-01-21,510500.SH,1.866908,1.871882,1.8460172,1.8662448,1040539843.1845596,1934419704.0
2025-01-22,510500.SH,1.8606076,1.8632604,1.8433644,1.8592812,968846586.248492,1794710245.0
2025-01-23,510500.SH,1.87354,1.8980784,1.850328,1.8516544,1264367083.8359468,2375722731.0
2025-01-24,510500.SH,1.8466804,1.8778508,1.8463488,1.8742032,1510627475.8745475,2819548146.0
2025-01-27,510500.SH,1.8765244,1.88183,1.8509912,1.851986,1472846984.3184557,2744942030.0
2025-02-05,510500.SH,1.8695608,1.8712188,1.8509912,1.8596128,796118139.3244873,1480763405.0
2025-02-06,510500.SH,1.8562968,1.9063684,1.853644,1.903384,1409109457.177322,2663508308.0
2025-02-07,510500.SH,1.9047104,1.9551136,1.9013944,1.9335596,1460290491.5560915,2818592532.0
2025-02-10,510500.SH,1.9375388,1.9534556,1.933228,1.9504712,1227137879.9758744,2387778587.0
2025-02-11,510500.SH,1.9501396,1.9561084,1.9295804,1.9428444,817718021.7129071,1585641173.0
2025-02-12,510500.SH,1.9362124000000005,1.9706988,1.9362124000000005,1.9683776,788889487.3341376,1541475241.0
2025-02-13,510500.SH,1.9677144,1.974678,1.9517976,1.9587612,855324086.2484921,1678707512.0
2025-02-14,510500.SH,1.9534556,1.9769992,1.9517976,1.9740148,974405672.4969842,1916674593.0
2025-02-17,510500.SH,1.9806468,1.9836312,1.95644,1.9710304,1113598323.2810614,2194014236.0
2025-02-18,510500.SH,1.9640668,1.9720252,1.926596,1.9378704,919134831.1218336,1795712483.0
2025-02-19,510500.SH,1.9342228,1.971362,1.933228,1.9687092,961338115.1990348,1884120477.0
2025-02-20,510500.SH,1.968046,1.98131,1.9610824,1.9736832,1152364855.2472858,2270456530.0
2025-02-21,510500.SH,1.9786572,2.0121488,1.9693724,2.0075064,1020653513.2689987,2037072442.0
2025-02-24,510500.SH,2.0055168,2.0128120000000003,1.9892684,2.0015376,1216608721.351025,2436370003.0
2025-02-25,510500.SH,1.9852892,2.0012060000000003,1.974678,1.9806468,847338935.464415,1681769102.0
2025-02-26,510500.SH,1.9852892,2.0081696,1.977994,2.004522,1012126344.9939686,2018403953.0
2025-02-27,510500.SH,2.0008744,2.0088328,1.9693724,1.9992164,908776091.676719,1805331282.0
2025-02-28,510500.SH,1.9866156,1.9896,1.9388652,1.9454972,947171453.5585042,1860658637.0
2025-03-03,510500.SH,1.9454972,1.9776624000000005,1.9401916,1.9488132,836396142.9433051,1636751973.0
2025-03-04,510500.SH,1.9362124000000005,1.9710304,1.9338912,1.9660564,611084806.9963812,1196761452.0
2025-03-05,510500.SH,1.9670512,1.9743464,1.9501396,1.9710304,740214445.1145959,1451561058.0
2025-03-06,510500.SH,1.979652,2.0111540000000003,1.9783256,2.0025324,1215120476.477684,2427285085.0
2025-03-07,510500.SH,1.9965636,2.009496,1.9852892,1.9939108,952079499.3968636,1902207429.0
2025-03-10,510500.SH,1.9922528,1.9998796,1.9766676,1.9915896,1009010277.442702,2005008698.0
2025-03-11,510500.SH,1.9716936,2.0025324,1.9706988,2.0015376,487724598.9143546,971469704.0
2025-03-12,510500.SH,2.0058484,2.0220968,1.9998796,2.002864,617458407.7201447,1240478759.0
2025-03-13,510500.SH,1.999548,2.0055168,1.969704,1.9859524,641106709.8914355,1272302671.0
2025-03-14,510500.SH,1.9869472,2.02276,1.9803152,2.0220968,1455031718.93848,2926419789.0
2025-03-17,510500.SH,2.026076,2.0297236,2.0184492,2.02276,1156703000.6031363,2340981399.0
2025-03-18,510500.SH,2.0267392,2.0446456,2.0254128,2.0313816,538762472.8588661,1095806443.0
2025-03-19,510500.SH,2.027734,2.0313816,2.0121488,2.0234232000000003,454865835.34378767,919429405.0
2025-03-20,510500.SH,2.0224284,2.0244180000000003,2.007838,2.009496,791301501.8094088,1594149941.0
2025-03-21,510500.SH,2.0005428000000003,2.0114856,1.97302,1.9789888,740572026.5379976,1474689686.0
2025-03-24,510500.SH,1.979652,1.9826364,1.9508028,1.9766676,698323422.7985525,1374750333.0
2025-03-25,510500.SH,1.9753412,1.9842944,1.9634036,1.9700356,596507925.2110977,1177150085.0
2025-03-26,510500.SH,1.9673828,1.9839628,1.9673828,1.9700356,578431351.0253317,1142262402.0
2025-03-27,510500.SH,1.9687092,1.9896,1.9511344,1.9750096,640091954.1616405,1263097664.0
2025-03-28,510500.SH,1.9740148,1.9803152,1.9554452,1.9594244,601791914.9577805,1183363151.0
2025-03-31,510500.SH,1.9501396,1.9590928,1.9219536,1.9411864,548239846.2002412,1063186183.0
2025-04-01,510500.SH,1.9445024,1.966388,1.9428444,1.9517976,525009448.1302775,1026747613.0
2025-04-02,510500.SH,1.9494764,1.9690408,1.9461604,1.9541188,538067831.7249699,1053759698.0
2025-04-03,510500.SH,1.938202,1.9587612,1.9285856,1.9372072,803610223.1604342,1559214350.0
2025-04-07,510500.SH,1.863592,1.8775192,1.7435528,1.7508480000000002,1392581812.424608,2499811986.0
2025-04-08,510500.SH,1.7614592000000002,1.7810236000000002,1.7409,1.7617908,9133188700.241257,16017733231.0
2025-04-09,510500.SH,1.742558,1.8095412,1.7040924000000002,1.7999248,1067023386.610374,1884304821.0
2025-04-10,510500.SH,1.8247948,1.8599444,1.8241316,1.835406,805131987.3341376,1483750239.0
2025-04-11,510500.SH,1.827116,1.8662448,1.8267844,1.8480068,669705379.9758745,1236321251.0
2025-04-14,510500.SH,1.861934,1.8742032,1.85696,1.8625972,648560560.9167671,1209079466.0
2025-04-15,510500.SH,1.861934,1.8632604,1.8443592,1.8549704,967245211.097708,1793626903.0
2025-04-16,510500.SH,1.8430328,1.8506596,1.820484,1.838722,2008994273.220748,3691591486.0
2025-04-17,510500.SH,1.8317584,1.8579548,1.830432,1.8397168,677809749.6984318,1253290436.0
2025-04-18,510500.SH,1.837064,1.8490016,1.8301004,1.84038,889832225.5729795,1636662118.0
2025-04-21,510500.SH,1.8383904,1.8705556,1.8310952,1.8675712,774303154.402895,1439589215.0
2025-04-22,510500.SH,1.8632604,1.871882,1.8592812,1.8625972,432470934.86127865,806534644.0
2025-04-23,510500.SH,1.8698924,1.8844828,1.8596128,1.8662448,703157587.4547647,1314640511.0
2025-04-24,510500.SH,1.8662448,1.8715504,1.8493332,1.858618,484285805.18697226,901148308.0
2025-04-25,510500.SH,1.860276,1.8775192,1.8543072,1.8639236,615640244.270205,1148698743.0
2025-04-28,510500.SH,1.863592,1.86525,1.8490016,1.855302,610982089.86731,1134081377.0
2025-04-29,510500.SH,1.847012,1.8642552,1.8450224,1.8562968,376168262.96743065,698290015.0
2025-04-30,510500.SH,1.8562968,1.8708872,1.8559652,1.8655816,625425762.9674306,1167228382.0
2025-05-06,510500.SH,1.875198,1.901726,1.8745348,1.9010628,559987506.0313631,1060283652.0
2025-05-07,510500.SH,1.9226168,1.938202,1.8927728,1.9043788,673130588.057901,1284514400.0
2025-05-08,510500.SH,1.8997364,1.918306,1.8980784,1.9123372,690277554.2822678,1319178643.0
2025-05-09,510500.SH,1.910016,1.9103476,1.89012,1.896752,508545096.5018094,965835125.0
2025-05-12,510500.SH,1.905042,1.9222852,1.9023892,1.9206272,514461004.22195417,984666611.0
2025-05-13,510500.SH,1.93157,1.9319016,1.9113424,1.9159848,596467364.2943305,1144635055.0
2025-05-14,510500.SH,1.91499,1.9362124000000005,1.9053736,1.9226168,727724668.2750301,1396705066.0
2025-05-15,510500.SH,1.9169796,1.9189692,1.893436,1.8970836,579925482.509047,1103318487.0
2025-05-16,510500.SH,1.8921096,1.901726,1.8911148,1.8937676,528894975.87454766,1002830482.0
2025-05-19,510500.SH,1.893436,1.900068,1.878514,1.89841,425368006.6344994,803451383.0
2025-05-20,510500.SH,1.8994048,1.9113424,1.8907832,1.9063684,352081749.09529555,669425913.0
2025-05-21,510500.SH,1.9030524,1.9113424,1.9003996,1.9086896,249852515.0784077,476263694.0
2025-05-22,510500.SH,1.9010628,1.911674,1.8914464,1.8937676,420094466.2243667,797381638.0
2025-05-23,510500.SH,1.8924412,1.9057052,1.876856,1.8775192,575651764.1737032,1088161888.0
2025-05-26,510500.SH,1.8758612,1.8914464,1.871882,1.8805036,507171007.2376357,954266761.0
2025-05-27,510500.SH,1.8808352,1.8828248,1.8679028,1.8758612,627126064.535585,1175296180.0
2025-05-28,510500.SH,1.8758612,1.880172,1.8682344,1.8725452,390984176.71893847,732201615.0
2025-05-29,510500.SH,1.87354,1.9030524,1.8732084,1.8990732,966512593.486128,1830963971.0
2025-05-30,510500.SH,1.893436,1.8937676,1.8805036,1.8881304,1008868262.9674306,1903678351.0
2025-06-03,510500.SH,1.883488,1.900068,1.8788456,1.8911148,414675156.8154403,784046928.0
2025-06-04,510500.SH,1.8914464,1.9110108,1.8914464,1.9063684,330293353.43787694,629142475.0
2025-06-05,510500.SH,1.9086896,1.9229484,1.9010628,1.9179744,508401142.9433052,972358271.0
2025-06-06,510500.SH,1.9176428,1.9212904,1.913332,1.918306,304809041.013269,584109624.0
2025-06-09,510500.SH,1.921622,1.9405232,1.9196324,1.93157,590658139.3244873,1141617121.0
2025-06-10,510500.SH,1.93157,1.9328964,1.9040472,1.9156532,550476263.5705669,1055334689.0
2025-06-11,510500.SH,1.9156532,1.9391968,1.9156532,1.9279224,694751471.6525935,1341105615.0
2025-06-12,510500.SH,1.9262644,1.934886,1.9186376,1.93157,278147415.5609168,536522932.0
2025-06-13,510500.SH,1.9279224,1.9305752,1.9080264,1.9153216,481575015.0784077,923057935.0
2025-06-16,510500.SH,1.908358,1.9272592,1.908358,1.9222852,543432132.0868516,1044674832.0
2025-06-17,510500.SH,1.9239432,1.9259328,1.9130004,1.918306,674024981.9059107,1292161009.0
2025-06-18,510500.SH,1.9186376,1.919964,1.903384,1.9153216,452752825.69360673,865530177.0
2025-06-19,510500.SH,1.9110108,1.918306,1.888462,1.8960888,664271402.291918,1264678283.0
2025-06-20,510500.SH,1.8944308,1.8997364,1.8828248,1.8831564,976007135.1025332,1842188941.0
2025-06-23,510500.SH,1.8795088,1.8987416,1.8771876,1.8940992,578351734.0168878,1093216921.0
2025-06-24,510500.SH,1.8977468,1.9259328,1.8977468,1.9246064,1158888374.5476477,2225227275.0
2025-06-25,510500.SH,1.9272592,1.9627404,1.9259328,1.9607508,1123221037.3944511,2183573155.0
2025-06-26,510500.SH,1.958098,1.9650616,1.951466,1.9524608,706864598.9143546,1384474054.0
2025-06-27,510500.SH,1.9544504,1.9756728,1.951466,1.959756,672318208.6851629,1320386698.0
2025-06-30,510500.SH,1.9620772,1.9789888,1.9617456,1.9773308,737326161.0373944,1454432701.0
2025-07-01,510500.SH,1.97302,1.9842944,1.9677144,1.9836312,416876103.7394451,823912323.0
2025-07-02,510500.SH,1.9766676,1.9783256,1.9660564,1.9720252,391271076.5983112,771494842.0
2025-07-03,510500.SH,1.9720252,1.9823048,1.968046,1.9799836,361145382.9915561,713616283.0
2025-07-04,510500.SH,1.9756728,1.99789,1.969704,1.9773308,490403380.5790109,971146047.0
2025-07-07,510500.SH,1.9753412,1.9783256,1.9700356,1.9733516,237345627.2617612,468406804.0
2025-07-08,510500.SH,1.9733516,2.0025324,1.9723568,1.9998796,505081510.8564536,1006809209.0
2025-07-09,510500.SH,2.0002112,2.0041904,1.9896,1.991258,461990292.52110976,923228818.0
2025-07-10,510500.SH,1.991258,2.0098276,1.9886052,2.0022008,393016583.2328106,785483340.0
2025-07-11,510500.SH,2.0012060000000003,2.03105,1.9952372,2.019444,751262014.4752713,1516911950.0
2025-07-14,510500.SH,2.0187808,2.0224284,2.0128120000000003,2.0157964,352388419.78287095,711140340.0
2025-07-15,510500.SH,2.0114856,2.0264076,1.9992164,2.0151332,477276601.3268999,959703847.0
2025-07-16,510500.SH,2.0141384,2.0320448,2.007838,2.0148016,494987496.9843184,999719287.0
2025-07-17,510500.SH,2.01447,2.0386768,2.0124804,2.0380136,356172460.7961399,722766909.0
2025-07-18,510500.SH,2.0386768,2.0502828,2.034366,2.044314,484995895.65741855,990926837.0
2025-07-21,510500.SH,2.0463036000000003,2.0652048,2.045972,2.0645416,769032029.5536791,1584067722.0
2025-07-22,510500.SH,2.0655364,2.087422,2.0618888,2.0864272,674845422.1954161,1399576972.0
2025-07-23,510500.SH,2.087422,2.1003544,2.0751528,2.079132,845303766.5862485,1765155846.0
2025-07-24,510500.SH,2.0751528,2.1116288,2.0748212,2.1099708,624357801.5681543,1309140764.0
2025-07-25,510500.SH,2.1112972,2.1146132,2.1020124,2.110634,957687608.5645356,2019458361.0
2025-07-28,510500.SH,2.110634,2.1232348,2.1010176,2.1192556,608435506.6344994,1286667623.0
2025-07-29,510500.SH,2.11395,2.1328512,2.100686,2.1325196,642922035.5850424,1358964395.0
2025-07-30,510500.SH,2.1248928,2.1358356,2.102344,2.1185924000000003,569736504.8250904,1210134625.0
2025-07-31,510500.SH,2.1096392,2.1185924000000003,2.0801268,2.0880852,598917141.1338962,1258229121.0
2025-08-01,510500.SH,2.0824480000000003,2.0983648,2.0725,2.0847692,477067545.2352232,995403322.0
2025-08-04,510500.SH,2.0754844,2.1010176,2.0731632,2.100686,314748718.3353438,657137127.0
2025-08-05,510500.SH,2.1016808,2.1149448,2.1016808,2.1142816,363909782.8709289,766954450.0
2025-08-06,510500.SH,2.1043336,2.1335144,2.1043336,2.1315248,518626387.2135102,1102525817.0
2025-08-07,510500.SH,2.1315248,2.1364988,2.1109656,2.1248928,487721287.6960193,1035267177.0
2025-08-08,510500.SH,2.1152764,2.1295352,2.11395,2.1212452,312435217.1290712,662662808.0
2025-08-11,510500.SH,2.1232348,2.1500944,2.1232348,2.1434624,504308730.39807,1079316755.0
2025-08-12,510500.SH,2.1441256,2.1547368,2.1351724,2.1544052,321265977.08082026,689378657.0
2025-08-13,510500.SH,2.1573896,2.1872336,2.1554,2.1825912,540622864.8974668,1174102338.0
2025-08-14,510500.SH,2.1756276,2.1875652000000003,2.1517524,2.1600424,675201785.2834741,1465281352.0
2025-08-15,510500.SH,2.1557316,2.2094508,2.1534104,2.2077928,690943009.6501809,1514607500.0
2025-08-18,510500.SH,2.2177408,2.2552116,2.2077928,2.2376368,1262615639.3244872,2824740779.0
2025-08-19,510500.SH,2.2376368,2.2502376,2.2253676,2.2326628,949232484.9215922,2123688222.0
2025-08-20,510500.SH,2.2263624,2.2635016,2.2107772,2.2628384,1018275093.486128,2280535527.0
2025-08-21,510500.SH,2.2668176,2.2734496,2.2412844,2.2502376,899670072.3763571,2028278817.0
2025-08-22,510500.SH,2.249906,2.2950036000000003,2.249906,2.293014,2544567252.714113,5802812523.0
2025-08-25,510500.SH,2.3085992,2.342754,2.3026304,2.3334692,2658283395.6574187,6170751765.0
2025-08-26,510500.SH,2.324516,2.3550232,2.319542,2.3371168,1504361951.1459591,3516687986.0
2025-08-27,510500.SH,2.3364536,2.374256,2.3026304,2.3056148000000003,1303761191.19421,3059376522.0
2025-08-28,510500.SH,2.3056148000000003,2.3570128,2.2824028,2.3556864,1174687080.8202653,2728207393.0
2025-08-29,510500.SH,2.3523704000000003,2.380888,2.3440804,2.3679556,1053865847.4065138,2486113434.0
2025-09-01,510500.SH,2.3745876,2.390836,2.3623184,2.3895096,552114927.6236429,1312557380.0
2025-09-02,510500.SH,2.37923,2.384204,2.319542,2.339438,739202056.694813,1736110055.0
2025-09-03,510500.SH,2.3417592000000003,2.3490544,2.293014,2.301304,726765530.7599517,1687177107.0
2025-09-04,510500.SH,2.3032936,2.3192104,2.2180724,2.2479164,985818419.7828708,2236535867.0
2025-09-05,510500.SH,2.2479164,2.3288268,2.2409528,2.3248476,928061607.3582628,2121919291.0
2025-09-08,510500.SH,2.3248476,2.3490544,2.3115836,2.3454068,702749523.522316,1636795369.0
2025-09-09,510500.SH,2.3381116,2.3467332,2.309594,2.3231896,420959336.55006033,979988418.0
2025-09-10,510500.SH,2.3192104,2.3420908,2.3049516,2.3221948,366623899.2762365,852285642.0
2025-09-11,510500.SH,2.3212,2.3971364,2.3069412,2.3954784,1422552195.416164,3370578668.0
2025-09-12,510500.SH,2.3964732,2.4210116,2.3905044,2.4014472,782199695.416164,1880048851.0
2025-09-15,510500.SH,2.4047632,2.4080792,2.3905044,2.3961416,1075428425.814234,2581031813.0
2025-09-16,510500.SH,2.3968048,2.4186904,2.375914,2.4147112,712079327.5030156,1709696475.0
2025-09-17,510500.SH,2.4094056,2.4415708,2.4017788,2.4395812,478539258.1423402,1159802809.0
2025-09-18,510500.SH,2.4379232,2.4697568000000003,2.3875200000000003,2.4180272,1020561462.6055489,2482372672.0
2025-09-19,510500.SH,2.4137164,2.4293016,2.3974680000000004,2.4077476,861134665.2593486,2080099063.0
2025-09-22,510500.SH,2.4070844,2.427312,2.3961416,2.4266488,710549234.0168877,1713669910.0
2025-09-23,510500.SH,2.4266488,2.432286,2.367624,2.4130532,793009987.9372739,1905161682.0
2025-09-24,510500.SH,2.3981312,2.4657776,2.3964732,2.4644512,661801815.4402894,1613166926.0
2025-09-25,510500.SH,2.463788,2.4797048,2.4588140000000003,2.4674356,494647264.7768396,1221817048.0
2025-09-26,510500.SH,2.4541716,2.472078,2.4316228,2.4326176,666475081.4234017,1633716966.0
2025-09-29,510500.SH,2.432286,2.4840156,2.4246592,2.4743992,1004041100.7237636,2473026332.0
2025-09-30,510500.SH,2.4747308,2.4979428,2.4747308,2.4933004000000003,812219113.389626,2022195960.0
2025-10-09,510500.SH,2.5045748,2.5460248,2.500264,2.5364084,745869819.0591073,1885985361.0
2025-10-10,510500.SH,2.5238076,2.5264604,2.4800364,2.488658,879154773.8238841,2197250249.0
2025-10-13,510500.SH,2.417364,2.4830208,2.417364,2.4767204,1165674550.66345,2863336795.0
2025-10-14,510500.SH,2.490316,2.5045748,2.4070844,2.4170324,1284730081.4234016,3162062367.0
2025-10-15,510500.SH,2.4167008,2.4535084,2.4050948,2.4515188,744136685.7659831,1808574917.0
2025-10-16,510500.SH,2.427312,2.4535084,2.4193536,2.4326176,829535015.0784078,2020350843.0
2025-10-17,510500.SH,2.4266488,2.4402444,2.3550232,2.3590024,909153724.3667068,2173586618.0
2025-10-20,510500.SH,2.3788984,2.3984628,2.3629816000000003,2.374256,1074334692.4004824,2558410357.0
2025-10-21,510500.SH,2.3815512,2.419022,2.3798932,2.414048,1462926296.7430637,3522045922.0
2025-10-22,510500.SH,2.4041,2.4077476,2.3881832,2.3954784,818370024.1254523,1962399224.0
2025-10-23,510500.SH,2.3881832,2.4054264,2.3590024,2.4037684,613309303.3775634,1457957880.0
2025-10-24,510500.SH,2.4120584000000003,2.4445552,2.4100688,2.4435604,685978244.8733413,1663975677.0
2025-10-27,510500.SH,2.4647828,2.4840156,2.4545032,2.4797048,646216592.2798554,1599407845.0
2025-10-28,510500.SH,2.4763888,2.4916424,2.457156,2.4674356,514021230.39807,1271978016.0
2025-10-29,510500.SH,2.4710832,2.5188336,2.4704200000000003,2.5181704000000003,621810214.1133896,1554258782.0
2025-10-30,510500.SH,2.5155176000000004,2.5155176000000004,2.4790416,2.4860052,723086161.0373944,1804318822.0
2025-10-31,510500.SH,2.4850104,2.501922,2.4651144,2.4657776,722335274.4270205,1793252055.0
2025-11-03,510500.SH,2.4627932,2.4697568000000003,2.4246592,2.4667724,766281682.7503016,1875962746.0
2025-11-04,510500.SH,2.460472,2.46213,2.4100688,2.4249908,898320217.1290711,2187305293.0
2025-11-05,510500.SH,2.3875200000000003,2.4402444,2.3875200000000003,2.430628,432133757.5392039,1044051112.0
2025-11-06,510500.SH,2.432286,2.4750624,2.432286,2.4707516,524712689.9879373,1290454325.0
2025-11-07,510500.SH,2.460472,2.4790416,2.4482028,2.467104,312882873.9445115,771019572.0
2025-11-10,510500.SH,2.47871,2.4876632,2.450524,2.4697568000000003,338767243.6670688,835109376.0
2025-11-11,510500.SH,2.4763888,2.485342,2.4475396000000003,2.4518504,478490563.9324488,1178560276.0
2025-11-12,510500.SH,2.4432288,2.4594772,2.4167008,2.4392496,404757276.8395657,986234776.0
2025-11-13,510500.SH,2.4329492,2.4806996,2.4329492,2.475394,568943534.3787696,1401440665.0
2025-11-14,510500.SH,2.4548348,2.465446,2.432286,2.4332808,469236945.1145959,1150184972.0
2025-11-17,510500.SH,2.4319544,2.4452184,2.4233328,2.4326176,662860042.2195415,1613421164.0
2025-11-18,510500.SH,2.423996,2.432286,2.3931572,2.4080792,800424209.8914355,1928962925.0
2025-11-19,510500.SH,2.4047632,2.4183588,2.3851988,2.3964732,744247237.6357057,1786594862.0
2025-11-20,510500.SH,2.410732,2.4183588,2.3752508000000003,2.377572,914477605.548854,2183687616.0
2025-11-21,510500.SH,2.3536968,2.3646396000000003,2.2940088000000003,2.2953352,2277915678.5283475,5290499089.0
2025-11-24,510500.SH,2.307936,2.3231896,2.2890348,2.311252,1250801272.6176116,2883620932.0
2025-11-25,510500.SH,2.3265056,2.3629816000000003,2.3258424,2.3391064,1822552641.737033,4269824932.0
2025-11-26,510500.SH,2.339438,2.3623184,2.3338008,2.342754,1248279297.3462002,2934400370.0
2025-11-27,510500.SH,2.342754,2.3722664,2.334464,2.33778,568584294.3305187,1336051339.0
2025-11-28,510500.SH,2.3371168,2.3689504,2.3351272,2.365966,534780382.9915561,1261276658.0
2025-12-01,510500.SH,2.3716032,2.3885148000000003,2.3669608,2.3881832,398088817.8528348,947876608.0
2025-12-02,510500.SH,2.3722664,2.3835408,2.3619868,2.3679556,453466990.3498191,1074387564.0
2025-12-03,510500.SH,2.369282,2.377572,2.3470648,2.3553548,365874653.1966225,863508465.0
2025-12-04,510500.SH,2.35436,2.37094,2.341096,2.36265,369032258.7454765,870260060.0
2025-12-05,510500.SH,2.3616552,2.3938204,2.3434172,2.3928256,930416351.0253316,2213924727.0
2025-12-08,510500.SH,2.4001208000000003,2.422338,2.3971364,2.4133848,852859086.2484921,2054506100.0
2025-12-09,510500.SH,2.4060896,2.417364,2.3911676,2.3954784,580324433.0518698,1394969264.0
2025-12-10,510500.SH,2.39581,2.414048,2.3782352,2.4084108,782743763.5705669,1873005152.0
2025-12-11,510500.SH,2.4123900000000003,2.4153744,2.3861936,2.3878516,561334131.4837153,1345376424.0
2025-12-12,510500.SH,2.3931572,2.4220064000000003,2.3822144,2.415706,1132474312.424608,2722781871.0
2025-12-15,510500.SH,2.4041,2.4203484,2.3971364,2.3994576,527098455.9710494,1268422736.0
2025-12-16,510500.SH,2.394152,2.394152,2.3464016,2.3629816000000003,792826764.1737032,1872497207.0
2025-12-17,510500.SH,2.360992,2.4163692,2.35436,2.4070844,903601821.4716526,2160363134.0
2025-12-18,510500.SH,2.39581,2.419022,2.3938204,2.3944836,758414056.0916766,1822548851.0
2025-12-19,510500.SH,2.4001208000000003,2.4266488,2.3977996,2.4160376,756837144.1495779,1828863612.0
2025-12-22,510500.SH,2.427312,2.4528452,2.427312,2.4432288,849660618.2147166,2076899450.0
2025-12-23,510500.SH,2.4419024,2.4594772,2.4369284,2.4452184,558080494.5717732,1365041842.0
2025-12-24,510500.SH,2.4448868,2.4843472,2.4415708,2.477052,1056596348.00965,2611273083.0
2025-12-25,510500.SH,2.4767204,2.505238,2.4710832,2.4982744,865384858.2629675,2156582982.0
2025-12-26,510500.SH,2.5015904,2.5254656,2.4959532,2.513528,1552261984.318456,3901186668.0
2025-12-29,510500.SH,2.5131964,2.523476,2.4972796,2.5029168,1018709436.0675513,2558823434.0
2025-12-30,510500.SH,2.4909792,2.52845,2.4909792,2.5138596,728220554.8854041,1831385067.0
2025-12-31,510500.SH,2.5191652,2.5238076,2.5039116,2.5161808,1346059822.0747888,3386683953.0
2026-01-05,510500.SH,2.5340872,2.5844904,2.533424,2.5838272,833448193.6067551,2138958695.0
2026-01-06,510500.SH,2.5854852,2.641194,2.5854852,2.6398676,1073813893.2448733,2807704686.0
2026-01-07,510500.SH,2.6425204,2.6660639999999995,2.6375464,2.6524684,1301528356.4535584,3451839908.0
2026-01-08,510500.SH,2.6441784,2.6786648,2.6435152000000004,2.6607584,1152687156.212304,3069650528.0
2026-01-09,510500.SH,2.6607584,2.7267468000000004,2.6604268,2.7244256,1583846583.2328105,4288318244.0
2026-01-12,510500.SH,2.742332,2.8013568,2.730726,2.7907456,1723521881.785283,4767071138.0
2026-01-13,510500.SH,2.7977092,2.798704,2.7386844000000004,2.7542696,1580319610.9770808,4365589918.0
2026-01-14,510500.SH,2.7549328,2.8305376,2.7357,2.773834,4068384234.016888,11344083331.0
2026-01-15,510500.SH,2.7522800000000003,2.782124,2.7406740000000003,2.7652124,9551569526.537998,26329578450.0
2026-01-16,510500.SH,2.7790438,2.7907373,2.752984,2.7713595,6138147144.567494,16986109616.999998
2026-01-19,510500.SH,2.763007,2.8054377,2.756325,2.7890668000000005,4554282211.9126005,12700273169.0
2026-01-20,510500.SH,2.7917396,2.8111174,2.7399541000000003,2.7810484,4831654839.868302,13377848571.0
2026-01-21,510500.SH,2.7670162,2.8181335,2.766348,2.8171312000000004,3095163460.041903,8682017708.0
2026-01-22,510500.SH,2.8264860000000005,2.8385136,2.8077764,2.8294929,1439260359.1739,4059456186.0
2026-01-23,510500.SH,2.8415205,2.9150225,2.8375113,2.9130179,2003428889.5540257,5772176393.0
2026-01-26,510500.SH,2.9277183,2.9357367000000005,2.8455297,2.8612324,4988705423.52589,14330394662.0
2026-01-27,510500.SH,2.8538822,2.896647,2.8188017,2.8796079,4413802047.29123,12638904531.0
2026-01-28,510500.SH,2.8882945,2.913352,2.8715895,2.9036631,7535009395.390601,21752591587.0
2026-01-29,510500.SH,2.8936401,2.9247114,2.8645734,2.8702531,4110947904.818916,11884876163.0
2026-01-30,510500.SH,2.8458638000000005,2.8712554,2.7503112,2.819804,3842794806.944029,10756242145.0
2026-02-02,510500.SH,2.783053,2.8064400000000003,2.6878345,2.6891709,5828754663.274467,15911074106.0
2026-02-03,510500.SH,2.7349426,2.7980875000000003,2.7169012,2.7950806,2803358808.7398977,7761030186.0
2026-02-04,510500.SH,2.793076,2.8047695,2.7559909000000005,2.8024308,3677931849.745585,10230284572.0
2026-02-05,510500.SH,2.7730300000000003,2.7773733000000003,2.7219127000000003,2.7452997000000003,2859153693.5049386,7839440779.0
2026-02-06,510500.SH,2.7078805000000004,2.783053,2.6978575,2.7439633,2813339111.0445976,7742250214.0
2026-02-09,510500.SH,2.789735,2.8054377,2.7750346,2.8047695,1778697285.243939,4972221001.0
2026-02-10,510500.SH,2.8047695,2.8077764,2.7827189000000003,2.7987557000000005,1030657006.8841664,2884803529.0
2026-02-11,510500.SH,2.7914055,2.8254837000000004,2.7914055,2.8101151,883674782.999102,2486170379.0
2026-02-12,510500.SH,2.809781,2.8488707,2.809781,2.8445274,1190114010.775217,3376962000.0
2026-02-13,510500.SH,2.8311634000000003,2.8385136,2.7934101000000005,2.7974193,3045185956.3005085,8560575756.999999
2026-02-24,510500.SH,2.8301611,2.8512094,2.8074423000000004,2.8294929,1313393938.940437,3720376914.0
2026-02-25,510500.SH,2.833168,2.8842853,2.8328339,2.8739282000000004,2202586462.1370845,6314293845.0
2026-02-26,510500.SH,2.8809443,2.8919696000000004,2.8602301,2.8832830000000005,2411127057.767136,6937034239.0
2026-02-27,510500.SH,2.866578,2.9196999000000003,2.866578,2.9190317,1442786270.5776713,4180916149.0
2026-03-02,510500.SH,2.9006562,2.9310593,2.879942,2.9176953,2311869922.1789885,6724751190.0
2026-03-03,510500.SH,2.920034,2.920034,2.784723500000001,2.7980875000000003,2034689215.803652,5781745330.0
2026-03-04,510500.SH,2.7533181,2.8284906,2.7519817,2.7787097000000003,1577316584.8548338,4406741459.0
2026-03-05,510500.SH,2.8174653,2.8261519,2.7767051,2.7967511000000003,1652691287.0398085,4633269691.0
2026-03-06,510500.SH,2.776371,2.8294929,2.776371,2.8134561,951049503.1427716,2673624003.0
2026-03-09,510500.SH,2.7723618,2.799758,2.7142284,2.7917396,1405087249.3265488,3872180353.0
2026-03-10,510500.SH,2.819804,2.8371772,2.8034331,2.8335021,1303723035.0194552,3680938953.0
2026-03-11,510500.SH,2.8361749000000005,2.8461979,2.8201381000000003,2.8291588,1153033064.9506135,3265652804.0
2026-03-12,510500.SH,2.8238132,2.8381795,2.7910714,2.8151266,974625630.0508828,2744988839.0
2026-03-13,510500.SH,2.7937442,2.8221427,2.769689,2.7767051,593322657.8868603,1657449192.0
2026-03-16,510500.SH,2.7723618,2.7757028,2.7142284,2.7593319000000003,1175963846.153846,3225912523.0
2026-03-17,510500.SH,2.7613365,2.769689,2.6975234,2.6988598,1045206803.3522896,2853905066.0
2026-03-18,510500.SH,2.709551,2.7289288,2.6804843,2.7249196,1473056108.9494164,3990590847.0
2026-03-19,510500.SH,2.686164,2.6971893,2.6413946,2.6544245,1172703783.2984135,3129280894.0
2026-03-20,510500.SH,2.659436,2.6768092,2.6089869,2.6099892,2189865163.124813,5809729947.0
2026-03-23,510500.SH,2.5729041,2.5982957,2.492386,2.5097592,2019757916.79138,5130435315.0
2026-03-24,510500.SH,2.5354849,2.5582037,2.4847017,2.5565332,1769192196.9470215,4471167956.0
2026-03-25,510500.SH,2.57257,2.6323739,2.5719018,2.6146666,1755729829.3923974,4584273440.0
2026-03-26,510500.SH,2.6033072,2.6176735,2.5662221,2.57257,958349099.072134,2480189131.0
2026-03-27,510500.SH,2.532478,2.6233532000000004,2.532478,2.6069823,1186198697.9946125,3076321019.0
2026-03-30,510500.SH,2.5745746,2.6180076000000003,2.5608765,2.6119938,1431434298.114337,3701022228.0
2026-03-31,510500.SH,2.6076505,2.626026,2.565888,2.5668903,1102663630.649506,2860807126.0
2026-04-01,510500.SH,2.6109915000000004,2.622685,2.5909455,2.6089869,1067550529.7815024,2781369863.0
2026-04-02,510500.SH,2.5962911,2.6089869,2.5455079,2.5632152,1455953813.229572,3748897864.0
2026-04-03,510500.SH,2.5715677,2.5749087,2.5328121,2.5401623,720673088.8955402,1838226947.0
2026-04-07,510500.SH,2.5448397000000003,2.5729041,2.53916,2.5488489,982136351.3917989,2512105152.0
2026-04-08,510500.SH,2.6126620000000003,2.6824889,2.6109915000000004,2.6814866,3457062325.6510024,9127495913.0
2026-04-09,510500.SH,2.6597701,2.6758069,2.6420628,2.6607724000000004,1924052140.077821,5121640491.0
2026-04-10,510500.SH,2.6778115,2.7225809,2.6778115,2.6844935000000003,1137488488.476504,3069841615.0
2026-04-13,510500.SH,2.6677885000000003,2.6925119,2.6654498,2.6821548,1429896123.9149954,3836508143.0
2026-04-14,510500.SH,2.709551,2.7269242000000005,2.6951847,2.7259219000000003,1307434172.403472,3543880220.0
2026-04-15,510500.SH,2.7463020000000005,2.7513135,2.7045395,2.7098851,1222143038.012571,3333219942.0
2026-04-16,510500.SH,2.7162330000000003,2.7633411000000003,2.7145625,2.7573273,1460546599.820413,4009324061.0
2026-04-17,510500.SH,2.7503112,2.7770392,2.742961,2.769689,1385733876.0850046,3824600035.0
2026-04-20,510500.SH,2.7666821,2.8044354,2.7656798,2.7914055,2731342813.5288835,7624808772.0
2026-04-21,510500.SH,2.7900691,2.7900691,2.7583296,2.7833871,1380857279.2577074,3834736573.0
2026-04-22,510500.SH,2.7673503,2.8254837000000004,2.7673503,2.8248155,1910572840.466926,5360906023.0
2026-04-23,510500.SH,2.8264860000000005,2.8311634000000003,2.7716936,2.7980875000000003,2077163427.1176293,5817342404.0
2026-04-24,510500.SH,2.7800461,2.799758,2.7536522000000003,2.7807143,1308468590.242442,3629323593.0
2026-04-27,510500.SH,2.779712,2.8057718,2.7703572,2.7957488,1878236375.3367252,5250763152.0
2026-04-28,510500.SH,2.7883986000000003,2.7917396,2.7553227,2.7640093,1906431296.019156,5287344953.0
2026-04-29,510500.SH,2.752984,2.8184676,2.7509794,2.8137902,2630851667.165519,7349029886.0
2026-04-30,510500.SH,2.809781,2.823145,2.796417,2.816463,2332720559.712661,6546640850.0
2026-05-06,510500.SH,2.8461979,2.9073382,2.8458638000000005,2.8926378,3069285124.214307,8872773628.0
2026-05-07,510500.SH,2.9073382,2.9327298,2.8963129000000003,2.9303911000000005,3679018512.421431,10727012506.0
2026-05-08,510500.SH,2.9116815,2.9360708,2.9036631,2.9297229,3325646953.0080814,9722597897.0
2026-05-11,510500.SH,2.9527758,2.9885245,2.9360708,2.9774992000000005,1978073642.6219692,5866691109.0
2026-05-12,510500.SH,2.980172,2.9825107,2.9470961,2.9607942,1527680574.67824,4522369241.0
2026-05-13,510500.SH,2.9400800000000005,3.0139161000000003,2.9400800000000005,3.0099069000000003,1542786902.1251123,4596156963.0
2026-05-14,510500.SH,3.0232709,3.0232709,2.926716,2.9307252000000004,2664647719.245734,7900399322.0
2026-05-15,510500.SH,2.926716,2.9430869,2.8575573000000003,2.8772692,3931934136.486082,11374703475.0
2026-05-18,510500.SH,2.8595619,2.9053336,2.8568891,2.8836171,1439326842.2627957,4146691727.0
2026-05-19,510500.SH,2.8776033,2.9096769,2.8335021,2.9076723,2124482777.6114936,6106970936.0
2026-05-20,510500.SH,2.8906332,2.926716,2.8819466,2.9227068,1516887925.7707272,4396844524.0
2026-05-21,510500.SH,2.9400800000000005,2.9691467,2.8345044,2.8408523,1599835109.2487278,4673340770.0
2026-05-22,510500.SH,2.8575573000000003,2.9013244,2.843191,2.8926378,2373353732.4154444,6819708732.0
2026-05-25,510500.SH,2.9093428,2.936739,2.8796079,2.9354026,1821351418.736905,5293352712.0
2026-05-26,510500.SH,2.9210363000000004,2.9297229,2.8789397000000005,2.9240432000000003,722543858.1263094,2098793863.0
2026-05-27,510500.SH,2.920034,2.9470961,2.866578,2.8779374000000004,988452663.8730918,2870805061.0
2026-05-28,510500.SH,2.8649075,2.9046654000000003,2.8418546,2.8896309,994377593.5348698,2857894293.0
2026-05-29,510500.SH,2.893306,2.9003221,2.8020967000000003,2.8208063,981576545.944328,2791724835.0
2026-06-01,510500.SH,2.8177994,2.8505412,2.7910714,2.796417,1222296869.200838,3439513885.0
2026-06-02,510500.SH,2.7957488,2.833168,2.7523158,2.8084446,1373269751.571386,3836822227.0
2026-06-03,510500.SH,2.8064400000000003,2.8615665,2.799758,2.8248155,977963645.6150852,2771012957.0
2026-06-04,510500.SH,2.7967511000000003,2.8361749000000005,2.7967511000000003,2.8224768,885752469.3205627,2497825120.0
2026-06-05,510500.SH,2.8114515,2.83985,2.7777074,2.7860599,1293162690.8111343,3619954376.0
2026-06-08,510500.SH,2.726256,2.7506453000000004,2.6671203,2.6955188,1403137889.8533375,3809536499.0
2026-06-09,510500.SH,2.712892,2.7680185,2.6921778,2.763007,1084330062.8554325,2955254201.0
2026-06-10,510500.SH,2.7342744,2.752984,2.6988598,2.7299311,835929727.6264591,2279194416.0
2026-06-11,510500.SH,2.7172353,2.7369472,2.6955188,2.7172353,543424271.1762946,1474381691.0
2026-06-12,510500.SH,2.7720277,2.796417,2.7432951,2.7536522000000003,937916073.0320264,2595066377.0
2026-06-15,510500.SH,2.7803802,2.856555,2.7770392,2.8545504000000004,2324979952.1101465,6554819512.0
2026-06-16,510500.SH,2.856555,2.8959788,2.8482025,2.8839512,956405157.1385812,2749956275.0
2026-06-17,510500.SH,2.8739282000000004,2.9287206,2.866578,2.9277183,594559721.6402274,1725519090.0
2026-06-18,510500.SH,2.9153566000000004,2.9611283,2.9140202,2.9494348,757141340.9158936,2226241971.0
2026-06-22,510500.SH,2.953444,3.010241,2.9227068,3.0092387,1107778329.8413649,3279160176.0
2026-06-23,510500.SH,3.0002180000000003,3.0162548,2.9260478,2.9450915,1267124055.6719544,3763746479.0
2026-06-24,510500.SH,2.9320616,3.0052295,2.9253796000000003,3.0018885,846179090.0927866,2510299817.0
2026-06-25,510500.SH,3.0015544000000003,3.0359667,2.986854,3.035298500000001,617406692.6070039,1860429662.0
2026-06-26,510500.SH,3.0089046,3.0289506000000004,2.9384095,2.9604601,1003279521.1014668,2989805863.0
2026-06-29,510500.SH,2.953444,2.9998839,2.9180294,2.9982134,851632858.425621,2529001020.0
2026-06-30,510500.SH,2.9881904,3.0747223,2.9764969000000003,3.0717154000000004,607677105.6569889,1843943515.0
2026-07-01,510500.SH,3.0740541,3.1088005,3.04031,3.067038,754473346.303502,2323654883.0
2026-07-02,510500.SH,3.0373031,3.0373031,2.9444233000000004,2.9564509,1240023029.0332236,3700248977.0
2026-07-03,510500.SH,2.9394118,3.0115774,2.936739,2.9738241,838477150.5537264,2493194778.0
2026-07-06,510500.SH,2.983513,2.9955406,2.9156907000000003,2.9434210000000003,1077411281.0535767,3181978902.0
2026-07-07,510500.SH,2.926716,2.9457597,2.8776033,2.8923037000000003,830035480.3950913,2411702319.0
2026-07-08,510500.SH,2.8936401,2.9110133,2.8405182000000004,2.8568891,1638190212.511224,4704796310.0
2026-07-09,510500.SH,2.8605642,2.9450915,2.8211404000000004,2.9414164,1778665588.1472611,5127831973.0
2026-07-10,510500.SH,2.9420846,2.9845153,2.8936401,2.9060018000000003,1302622654.8937445,3851476791.0
2026-07-13,510500.SH,2.876601,2.8852876,2.7616706,2.7703572,2683272161.029632,7517070059.0
2026-07-14,510500.SH,2.7706913,2.8127879,2.7115556,2.8107833,2560617357.0787187,7089377081.0
2026-07-15,510500.SH,2.8122869,2.8303122,2.7592313,2.7721551,1014797315.4954424,2834423311.0
2026-07-16,510500.SH,2.7415461,2.7745358,2.6905311,2.7058356000000003,1690009902.9697146,4606762538.0
2026-07-17,510500.SH,2.6918915,2.6963128000000003,2.5456485000000004,2.5524505,2204654304.616289,5754369790.0
2026-07-20,510500.SH,2.5895214,2.598364,2.4575626,2.5255826000000003,3442955524.845633,8720456391.0
2026-07-21,510500.SH,2.5245623,2.6544805,2.4749077,2.6500592,3489501320.199941,8991652651.0
2026-07-22,510500.SH,2.6235314,2.6823687,2.6225111,2.632374,2194762484.563364,5831657523.0
2026-07-23,510500.SH,2.6327141,2.6538003,2.6055061,2.6313537,735512314.0252867,1934738436.0
2026-07-24,510500.SH,2.6021051,2.6228512,2.5646941,2.5660545,1001714316.377536,2593796767.0
2026-07-27,510500.SH,2.5657144,2.6320339,2.5453084,2.6276126,1737330573.3607762,4519820155.0
2026-07-28,510500.SH,2.5874808,2.6007447000000004,2.5266029000000003,2.5381663000000003,2349532325.7865334,6044394242.0
2026-07-29,510500.SH,2.537146,2.5823793,2.4970142,2.564354,2062550194.0605705,5240945444.0
2026-07-30,510500.SH,2.547349,2.5701357,2.455522,2.4949736,2651005948.2505145,6639437982.0
2026-07-31,510500.SH,2.58476,2.6116279,2.5476891,2.5507500000000003,2921601746.545133,7540981109.0
2026-08-03,510500.SH,2.5374861,2.557552,2.5225217,2.523542,880667488.9738312,2232636377.0
2026-08-04,510500.SH,2.540547,2.6068665,2.5385064,2.5851001,1954723246.1040869,5034603886.0
2026-08-05,510500.SH,2.58476,2.6711454000000003,2.5762575,2.6578815,1575741531.9023817,4159898996.0
2026-08-06,510500.SH,2.635775,2.6772672,2.6265923,2.6636632,1746409585.416054,4636333954.0
2026-08-07,510500.SH,2.6595820000000003,2.7184193000000003,2.6415567,2.7163787,1088117765.3631284,2926724041.0
2026-08-10,510500.SH,2.7214802,2.734404,2.6942722,2.7333837000000005,947449617.7594824,2574612658.0
2026-08-11,510500.SH,2.7184193000000003,2.7524293,2.7068559,2.7170589,644004977.9476625,1756496857.0
2026-08-12,510500.SH,2.7146782000000003,2.7500486000000004,2.7116173,2.7388253,531821870.038224,1454440957.0
2026-08-13,510500.SH,2.749708500000001,2.7714749,2.7136579000000003,2.713998,1031719244.3399,2836638481.0
2026-08-14,510500.SH,2.7208,2.7289624,2.690191,2.7201198,748834266.3922375,2032474227.0
2026-08-17,510500.SH,2.7225005,2.7881398,2.7201198,2.7877997,820753099.0885034,2267047815.0
2026-08-18,510500.SH,2.7867794000000004,2.7966423,2.7463075,2.7837185000000004,903428829.755954,2505933165.0
2026-08-19,510500.SH,2.749708500000001,2.749708500000001,2.6463181,2.6541404,1420327762.4228168,3807705937.0
2026-08-20,510500.SH,2.6714855,2.6973331000000003,2.6589018,2.6742063000000003,853321290.7968245,2285923189.0
2026-08-21,510500.SH,2.6657038,2.6861098,2.6418968,2.6752266,842601526.0217583,2249439867.0
2026-08-24,510500.SH,2.6728459,2.6782875,2.594963,2.632374,1036325992.3551896,2732054483.0
2026-08-25,510500.SH,2.6061863,2.6449577,2.5827194,2.6276126,1112308315.2014112,2911233144.0
2026-08-26,510500.SH,2.6296532000000004,2.6742063000000003,2.6214908,2.6490389,1282165939.4295795,3395489241.0
2026-08-27,510500.SH,2.6524399,2.7136579000000003,2.6466582,2.7116173,1226173043.2225816,3303724225.0
2026-08-28,510500.SH,2.707196,2.7221604,2.6912113,2.6946123,785714848.5739489,2125117295.0
2026-08-31,510500.SH,2.669785,2.7133178,2.6442775000000003,2.7095767,1404733628.3446045,3763892541.0
2026-09-01,510500.SH,2.7095767,2.7095767,2.676587,2.6803281,1137565048.515143,3058068054.0
2026-09-02,510500.SH,2.6514196,2.6520998,2.6208106000000004,2.6361151,1106043002.0582182,2914280858.0
2026-09-03,510500.SH,2.6497191000000004,2.6612825,2.6194502,2.6463181,977407394.8838576,2584974347.0
2026-09-04,510500.SH,2.6616226,2.6799880000000003,2.594963,2.6095873000000003,1546360840.9291384,4094807105.0
2026-09-07,510500.SH,2.6201304,2.6602622,2.61877,2.6429171,1954397750.66157,5158719179.0
2026-09-08,510500.SH,2.6459780000000004,2.6731860000000003,2.6364552,2.6486988,848962628.6386356,2253593519.0
