dt,symbol,open,high,low,close,vol,amount,observed,source_dt,staleness_sessions
2019-10-08,510300.SH,4.3144738,4.3668177,4.3144738,4.3367478,290404842.417168,1261877855.0,True,2019-10-08,0
2019-10-08,510500.SH,1.4973625999999998,1.5130594,1.4951202,1.4959611,591765205.1373528,889927802.0,True,2019-10-08,0
2019-10-08,512100.SH,0.664,0.671,0.664,0.665,10766900.0,7188923.0,True,2019-10-08,0
2019-10-09,510300.SH,4.326724499999999,4.351225899999999,4.3022231,4.3489985,225186009.69740507,975532606.0,True,2019-10-09,0
2019-10-09,510500.SH,1.4931581,1.5110973,1.48559,1.5091352,643004884.0528005,963839709.0,True,2019-10-09,0
2019-10-09,512100.SH,0.665,0.672,0.66,0.671,14223100.0,9455618.0,True,2019-10-09,0
2019-10-10,510300.SH,4.3467711,4.387978,4.3311793,4.3801821,212207280.2370477,925785531.0,True,2019-10-10,0
2019-10-10,510500.SH,1.5082943,1.5290365,1.505211,1.5256728999999998,683439461.2914734,1036889861.0,True,2019-10-10,0
2019-10-10,512100.SH,0.671,0.682,0.668,0.681,20058800.0,13537065.0,True,2019-10-10,0
2019-10-11,510300.SH,4.3890917,4.447004099999999,4.3734999,4.4336397,274777833.3482985,1211436364.0,True,2019-10-11,0
2019-10-11,510500.SH,1.5281956,1.5377257999999998,1.5155821,1.5335213,817491009.6325365,1246829687.0,True,2019-10-11,0
2019-10-11,512100.SH,0.684,0.685,0.676,0.682,15364600.0,10457156.0,True,2019-10-11,0
2019-10-14,510300.SH,4.457027399999999,4.510484999999999,4.4525726,4.465936999999999,355261396.2467451,1591550456.0,True,2019-10-14,0
2019-10-14,510500.SH,1.5405288,1.5609906999999998,1.5402485,1.5508999,762037128.0770602,1181865948.0,True,2019-10-14,0
2019-10-14,512100.SH,0.688,0.694,0.686,0.692,15837400.0,10936846.0,True,2019-10-14,0
2019-10-15,510300.SH,4.4648233,4.4703918,4.4492315,4.4514589,264883283.6490976,1180542819.0,True,2019-10-15,0
2019-10-15,510500.SH,1.5458545,1.5464151000000002,1.5298774,1.5321198,446422700.6778452,685564021.0,True,2019-10-15,0
2019-10-15,512100.SH,0.69,0.69,0.681,0.683,21738600.0,14861358.0,True,2019-10-15,0
2019-10-16,510300.SH,4.457027399999999,4.489324699999999,4.432525999999999,4.435867099999999,282272014.9052708,1257411220.0,True,2019-10-16,0
2019-10-16,510500.SH,1.5346425,1.54165,1.5225896,1.5231502,471370374.59864426,722122401.0,True,2019-10-16,0
2019-10-16,512100.SH,0.684,0.686,0.678,0.678,19380700.0,13230111.0,True,2019-10-16,0
2019-10-17,510300.SH,4.4403219,4.457027399999999,4.429184899999999,4.4425493,173873380.62314808,772383216.0,True,2019-10-17,0
2019-10-17,510500.SH,1.5225896,1.5298774,1.5197866,1.5234305,391403096.6821262,596888896.0,True,2019-10-17,0
2019-10-17,512100.SH,0.679,0.681,0.676,0.678,14728900.0,10010711.0,True,2019-10-17,0
2019-10-18,510300.SH,4.444776699999999,4.4614822,4.3668177,4.3779547,276684089.97036904,1219432835.0,True,2019-10-18,0
2019-10-18,510500.SH,1.5237108,1.5318395,1.4987641,1.502408,601119561.1844453,911632389.0,True,2019-10-18,0
2019-10-18,512100.SH,0.68,0.685,0.667,0.67,18744600.0,12643099.0,True,2019-10-18,0
2019-10-21,510300.SH,4.3679314,4.3913191,4.362362899999999,4.387978,166058423.27377212,727143485.0,True,2019-10-21,0
2019-10-21,510500.SH,1.5012868,1.5012868,1.48559,1.499605,565250342.4901891,844145271.0,True,2019-10-21,0
2019-10-21,512100.SH,0.672,0.675,0.66,0.666,22124700.0,14703485.0,True,2019-10-21,0
2019-10-22,510300.SH,4.3968876,4.414706799999999,4.376841,4.4046835,147377416.71904463,647323688.0,True,2019-10-22,0
2019-10-22,510500.SH,1.5012868,1.5186654,1.4993247,1.51362,629452226.1862291,947909682.0,True,2019-10-22,0
2019-10-22,512100.SH,0.666,0.675,0.666,0.674,29876700.0,20014725.0,True,2019-10-22,0
2019-10-23,510300.SH,4.405797199999999,4.411365699999999,4.3679314,4.3812958,132734309.05989046,582892945.0,True,2019-10-23,0
2019-10-23,510500.SH,1.5153017999999998,1.5167033,1.4987641,1.5046504,424905740.2782733,640605599.0,True,2019-10-23,0
2019-10-23,512100.SH,0.675,0.675,0.667,0.669,15036800.0,10094044.0,True,2019-10-23,0
2019-10-24,510300.SH,4.3824095,4.4035698,4.3579081,4.3868643,181527436.47301787,795479683.0,True,2019-10-24,0
2019-10-24,510500.SH,1.5038095,1.5060519,1.4917566,1.5018474,636026136.2825544,953977625.0,True,2019-10-24,0
2019-10-24,512100.SH,0.669,0.67,0.663,0.668,14012400.0,9342157.0,True,2019-10-24,0
2019-10-25,510300.SH,4.3801821,4.4191616,4.353453299999999,4.4135931,224738050.64200416,985865186.0,True,2019-10-25,0
2019-10-25,510500.SH,1.5021277,1.5161426999999998,1.4881127,1.5144608999999998,754095722.4402426,1133281870.0,True,2019-10-25,0
2019-10-25,512100.SH,0.668,0.675,0.663,0.673,24419100.0,16313133.0,True,2019-10-25,0
2019-10-28,510300.SH,4.421389,4.4458904,4.4124794,4.4392082,240131352.24925923,1063994683.0,True,2019-10-28,0
2019-10-28,510500.SH,1.5281956,1.5357637,1.5206275,1.5352031000000002,1127946439.529076,1725801647.0,True,2019-10-28,0
2019-10-28,512100.SH,0.68,0.691,0.68,0.691,32714100.0,22432328.0,True,2019-10-28,0
2019-10-29,510300.SH,4.4425493,4.4425493,4.420275299999999,4.4247301,188159814.13307,833722137.0,True,2019-10-29,0
2019-10-29,510500.SH,1.5354834,1.5354834,1.5153017999999998,1.516423,601073093.1145202,915676260.0,True,2019-10-29,0
2019-10-29,512100.SH,0.695,0.695,0.682,0.683,34003400.0,23374784.0,True,2019-10-29,0
2019-10-30,510300.SH,4.4169342,4.421389,4.3868643,4.3957739,236011583.01158303,1038323004.0,True,2019-10-30,0
2019-10-30,510500.SH,1.5113776,1.5119382,1.4959611,1.4976429,673534548.6978238,1010958138.0,True,2019-10-30,0
2019-10-30,512100.SH,0.681,0.681,0.674,0.677,31653100.0,21438182.0,True,2019-10-30,0
2019-10-31,510300.SH,4.405797199999999,4.4158205,4.3835232,4.393546499999999,173101162.7906977,762011573.0,True,2019-10-31,0
2019-10-31,510500.SH,1.4987641,1.5035292,1.4875521,1.4897945,499714834.10631466,747889564.0,True,2019-10-31,0
2019-10-31,512100.SH,0.677,0.677,0.668,0.669,17634500.0,11870309.0,True,2019-10-31,0
2019-11-01,510300.SH,4.387978,4.4848699,4.3812958,4.483756199999999,287915383.85561645,1281238312.0,True,2019-11-01,0
2019-11-01,510500.SH,1.4878323999999998,1.5057716,1.482787,1.5040897999999998,717517763.1109526,1074554482.0,True,2019-11-01,0
2019-11-01,512100.SH,0.668,0.676,0.665,0.675,10178100.0,6806328.0,True,2019-11-01,0
2019-11-04,510300.SH,4.4826425,4.507143899999999,4.480415099999999,4.498234299999999,211877760.61776063,952642394.0,True,2019-11-04,0
2019-11-04,510500.SH,1.5032489,1.5175442,1.5029686,1.5082943,728497288.6193365,1100799812.0,True,2019-11-04,0
2019-11-04,512100.SH,0.675,0.683,0.675,0.679,23146000.0,15737815.0,True,2019-11-04,0
2019-11-05,510300.SH,4.498234299999999,4.5672837,4.4904384,4.5238494,316903733.5009428,1435062389.0,True,2019-11-05,0
2019-11-05,510500.SH,1.5088549,1.5287562,1.5040897999999998,1.5195063,835717631.1095256,1267801939.0,True,2019-11-05,0
2019-11-05,512100.SH,0.679,0.683,0.675,0.682,11371100.0,7737471.0,True,2019-11-05,0
2019-11-06,510300.SH,4.521621999999999,4.528304199999999,4.4915521,4.504916499999999,184914200.41303763,835011380.0,True,2019-11-06,0
2019-11-06,510500.SH,1.5178245,1.5217487,1.4984838,1.5063322,744890160.5422761,1124883562.0,True,2019-11-06,0
2019-11-06,512100.SH,0.682,0.682,0.672,0.675,16524700.0,11204582.0,True,2019-11-06,0
2019-11-07,510300.SH,4.504916499999999,4.537213799999999,4.4915521,4.510484999999999,213452904.7319745,963751239.0,True,2019-11-07,0
2019-11-07,510500.SH,1.5038095,1.522029,1.502408,1.5161426999999998,648220909.7395648,981280261.0,True,2019-11-07,0
2019-11-07,512100.SH,0.675,0.681,0.673,0.679,13754500.0,9335718.0,True,2019-11-07,0
2019-11-08,510300.SH,4.543896,4.548350799999999,4.488211,4.492665799999999,266872855.34704143,1205845626.0,True,2019-11-08,0
2019-11-08,510500.SH,1.5262335,1.5315592,1.5094154999999998,1.5105367,792963439.1723154,1207253780.0,True,2019-11-08,0
2019-11-08,512100.SH,0.684,0.685,0.677,0.679,42035400.0,28704590.0,True,2019-11-08,0
2019-11-11,510300.SH,4.4692781,4.4692781,4.410252,4.4180479,311635928.88569635,1383687075.0,True,2019-11-11,0
2019-11-11,510500.SH,1.502408,1.5026883,1.474378,1.4757794999999998,878351780.2354621,1307602209.0,True,2019-11-11,0
2019-11-11,512100.SH,0.678,0.678,0.659,0.661,22680500.0,15106755.0,True,2019-11-11,0
2019-11-12,510300.SH,4.4124794,4.4314123,4.3857506,4.4124794,296358678.27960855,1306746070.0,True,2019-11-12,0
2019-11-12,510500.SH,1.4766203999999998,1.4808249,1.460363,1.4766203999999998,738579479.1295041,1086820856.0,True,2019-11-12,0
2019-11-12,512100.SH,0.664,0.664,0.653,0.662,19038900.0,12519621.0,True,2019-11-12,0
2019-11-13,510300.SH,4.4069109,4.4158205,4.3902054,4.4091383,181392207.0575559,798607025.0,True,2019-11-13,0
2019-11-13,510500.SH,1.4763401,1.4783022,1.4679311,1.4766203999999998,497588127.0067785,733008256.0,True,2019-11-13,0
2019-11-13,512100.SH,0.667,0.667,0.657,0.66,9187100.0,6058978.0,True,2019-11-13,0
2019-11-14,510300.SH,4.4091383,4.4280712,4.4013424,4.4124794,214229786.29792583,945812675.0,True,2019-11-14,0
2019-11-14,510500.SH,1.4740977,1.4892339,1.4738174,1.4853097000000002,572538737.0674278,848681144.0,True,2019-11-14,0
2019-11-14,512100.SH,0.66,0.666,0.659,0.663,14215400.0,9425865.0,True,2019-11-14,0
2019-11-15,510300.SH,4.4135931,4.4314123,4.387978,4.3913191,168619461.25527522,742722417.0,True,2019-11-15,0
2019-11-15,510500.SH,1.4853097000000002,1.4954005,1.4749385999999998,1.4763401,508006589.3685337,753253686.0,True,2019-11-15,0
2019-11-15,512100.SH,0.664,0.665,0.656,0.657,28028700.0,18493122.0,True,2019-11-15,0
2019-11-18,510300.SH,4.3890917,4.4302986,4.3790684,4.4225027,216283805.3335728,953614222.0,True,2019-11-18,0
2019-11-18,510500.SH,1.474378,1.4864309,1.4710144,1.4816657999999998,481140535.14092046,711802944.0,True,2019-11-18,0
2019-11-18,512100.SH,0.655,0.662,0.653,0.661,24152300.0,15919487.0,True,2019-11-18,0
2019-11-19,510300.SH,4.420275299999999,4.4692781,4.4135931,4.4670507,213602395.6182096,950390311.0,True,2019-11-19,0
2019-11-19,510500.SH,1.4816657999999998,1.5068928,1.479984,1.5054913,753204562.9682484,1127611157.0,True,2019-11-19,0
2019-11-19,512100.SH,0.662,0.676,0.662,0.675,25630700.0,17136886.0,True,2019-11-19,0
2019-11-20,510300.SH,4.465936999999999,4.465936999999999,4.4091383,4.421389,194496086.9174823,863321146.0,True,2019-11-20,0
2019-11-20,510500.SH,1.5060519,1.5102563999999998,1.4951202,1.4959611,838778690.688548,1261321822.0,True,2019-11-20,0
2019-11-20,512100.SH,0.675,0.676,0.669,0.669,24519400.0,16525579.000000002,True,2019-11-20,0
2019-11-21,510300.SH,4.410252,4.4180479,4.384636899999999,4.399115,219844379.0967047,967498735.0,True,2019-11-21,0
2019-11-21,510500.SH,1.4925975,1.5046504,1.488393,1.4982034999999998,443369172.3153764,663265604.0,True,2019-11-21,0
2019-11-21,512100.SH,0.669,0.674,0.665,0.67,21479800.0,14384712.0,True,2019-11-21,0
2019-11-22,510300.SH,4.4091383,4.4392082,4.3367478,4.3523396,318494359.3427315,1395855015.0,True,2019-11-22,0
2019-11-22,510500.SH,1.4982034999999998,1.5211880999999998,1.4763401,1.482787,937283474.8483768,1405360165.0,True,2019-11-22,0
2019-11-22,512100.SH,0.668,0.677,0.658,0.662,21722400.0,14551184.0,True,2019-11-22,0
2019-11-25,510300.SH,4.360135499999999,4.384636899999999,4.3467711,4.3835232,226683697.58462784,990424084.0,True,2019-11-25,0
2019-11-25,510500.SH,1.4819461,1.488393,1.4701735,1.4839082,632584766.3217981,935840178.0,True,2019-11-25,0
2019-11-25,512100.SH,0.661,0.661,0.652,0.657,20956400.0,13747644.0,True,2019-11-25,0
2019-11-26,510300.SH,4.3957739,4.405797199999999,4.3701588,4.3902054,256641391.75720567,1126251532.0,True,2019-11-26,0
2019-11-26,510500.SH,1.48559,1.4909157,1.4760598,1.4788628,661197863.0039244,979829869.0,True,2019-11-26,0
2019-11-26,512100.SH,0.656,0.661,0.655,0.657,13421400.0,8820670.0,True,2019-11-26,0
2019-11-27,510300.SH,4.387978,4.4035698,4.3668177,4.3835232,189673312.38214964,831877049.0,True,2019-11-27,0
2019-11-27,510500.SH,1.4749385999999998,1.4962414,1.474378,1.48559,640413064.5736711,951970321.0,True,2019-11-27,0
2019-11-27,512100.SH,0.657,0.66,0.653,0.658,20607800.0,13524155.0,True,2019-11-27,0
2019-11-28,510300.SH,4.3835232,4.4013424,4.362362899999999,4.376841,152178279.6085122,666322581.0,True,2019-11-28,0
2019-11-28,510500.SH,1.4839082,1.4903551,1.4780219,1.482787,514229133.0717089,762966163.0,True,2019-11-28,0
2019-11-28,512100.SH,0.658,0.66,0.655,0.656,17861600.0,11740811.0,True,2019-11-28,0
2019-11-29,510300.SH,4.3679314,4.3746136,4.3077916,4.3289519,271991649.4567658,1180162224.0,True,2019-11-29,0
2019-11-29,510500.SH,1.4822264,1.4886733,1.4682114000000002,1.482787,908308704.9589725,1344784027.0,True,2019-11-29,0
2019-11-29,512100.SH,0.656,0.657,0.65,0.655,22122500.0,14448945.0,True,2019-11-29,0
2019-12-02,510300.SH,4.333406699999999,4.3556807,4.3289519,4.3378615,156555356.9183802,680076866.0,True,2019-12-02,0
2019-12-02,510500.SH,1.4858703,1.4951202,1.479984,1.4875521,616133977.880842,916465312.0,True,2019-12-02,0
2019-12-02,512100.SH,0.656,0.66,0.655,0.657,13226900.0,8697916.0,True,2019-12-02,0
2019-12-03,510300.SH,4.3278382,4.3579081,4.310019,4.3556807,178281314.5371285,772475070.0,True,2019-12-03,0
2019-12-03,510500.SH,1.479984,1.4942793,1.4749385999999998,1.493999,688792129.8608633,1021347831.0,True,2019-12-03,0
2019-12-03,512100.SH,0.656,0.661,0.651,0.661,14746300.0,9624257.0,True,2019-12-03,0
2019-12-04,510300.SH,4.34343,4.3590218,4.330065599999999,4.3579081,142713127.41312742,620313854.0,True,2019-12-04,0
2019-12-04,510500.SH,1.4864309,1.4948399,1.4841885,1.4909157,523634727.0781306,779764104.0,True,2019-12-04,0
2019-12-04,512100.SH,0.66,0.663,0.656,0.662,18391500.0,12148980.0,True,2019-12-04,0
2019-12-05,510300.SH,4.3668177,4.3980013,4.365703999999999,4.3902054,196827153.6320373,862802159.0,True,2019-12-05,0
2019-12-05,510500.SH,1.4942793,1.5096958,1.4920369,1.5049306999999998,781276464.5023191,1173089812.0,True,2019-12-05,0
2019-12-05,512100.SH,0.664,0.671,0.662,0.668,21466300.0,14299094.0,True,2019-12-05,0
2019-12-06,510300.SH,4.3924328,4.4180479,4.3868643,4.4169342,191323474.005567,841690001.0,True,2019-12-06,0
2019-12-06,510500.SH,1.505211,1.5200669,1.5010065,1.5195063,673500321.0845523,1016823710.0,True,2019-12-06,0
2019-12-06,512100.SH,0.669,0.674,0.668,0.674,14868600.0,9960962.0,True,2019-12-06,0
2019-12-09,510300.SH,4.4169342,4.426957499999999,4.3902054,4.402456099999999,208512899.34452727,918540389.0,True,2019-12-09,0
2019-12-09,510500.SH,1.5203472,1.5273546999999998,1.5161426999999998,1.5228699,703334616.4823403,1069795871.0,True,2019-12-09,0
2019-12-09,512100.SH,0.675,0.677,0.673,0.674,28753600.0,19399671.0,True,2019-12-09,0
2019-12-10,510300.SH,4.3946602,4.411365699999999,4.3890917,4.405797199999999,167904687.97701356,738991639.0,True,2019-12-10,0
2019-12-10,510500.SH,1.5197866,1.5329607,1.5150215,1.5298774,616243292.9004638,938605775.0,True,2019-12-10,0
2019-12-10,512100.SH,0.674,0.68,0.671,0.678,20970500.0,14143712.0,True,2019-12-10,0
2019-12-11,510300.SH,4.4147228,4.416985599999999,4.3932262,4.412459999999999,150697288.3153615,663923736.0,True,2019-12-11,0
2019-12-11,510500.SH,1.5287562,1.5301577,1.5169836,1.5239911,466438458.7941492,710505570.0,True,2019-12-11,0
2019-12-11,512100.SH,0.68,0.68,0.676,0.676,25428600.0,17226647.0,True,2019-12-11,0
2019-12-12,510300.SH,4.4135914,4.416985599999999,4.395489,4.4000146,121223174.82764716,533964092.0,True,2019-12-12,0
2019-12-12,510500.SH,1.5237108,1.5307183,1.5189457,1.5209078,592777830.8954692,903532223.0,True,2019-12-12,0
2019-12-12,512100.SH,0.677,0.681,0.676,0.676,30149500.0,20436033.0,True,2019-12-12,0
2019-12-13,510300.SH,4.4396136,4.497315,4.4384822,4.4893952,385436565.317306,1721558479.0,True,2019-12-13,0
2019-12-13,510500.SH,1.533241,1.5455742,1.5265137999999998,1.54165,1046560267.5704602,1605467900.0,True,2019-12-13,0
2019-12-13,512100.SH,0.681,0.687,0.68,0.687,21426800.0,14636048.0,True,2019-12-13,0
2019-12-16,510300.SH,4.4882638,4.5120232,4.4701614,4.502972,267675714.15944847,1201480497.0,True,2019-12-16,0
2019-12-16,510500.SH,1.5419303,1.5688391000000002,1.5408091,1.5660360999999998,973275793.7923652,1511391532.0,True,2019-12-16,0
2019-12-16,512100.SH,0.689,0.7,0.687,0.699,29675600.0,20574663.0,True,2019-12-16,0
2019-12-17,510300.SH,4.5007092,4.602535199999999,4.4961836,4.5731188,464584107.3006894,2117785566.0,True,2019-12-17,0
2019-12-17,510500.SH,1.5660360999999998,1.5979902999999998,1.564074,1.5907025,998433392.7934356,1581801149.0,True,2019-12-17,0
2019-12-17,512100.SH,0.701,0.71,0.699,0.707,24102200.0,17005462.0,True,2019-12-17,0
2019-12-18,510300.SH,4.5742502,4.5900898,4.5504908,4.5561478,320945451.6528195,1467298741.0,True,2019-12-18,0
2019-12-18,510500.SH,1.5876191999999998,1.600513,1.5850965,1.589301,736867017.4812701,1174343405.0,True,2019-12-18,0
2019-12-18,512100.SH,0.706,0.713,0.704,0.707,22065700.0,15660519.0,True,2019-12-18,0
2019-12-19,510300.SH,4.559542,4.5629362,4.539176799999999,4.548227999999999,233508926.9931059,1062562557.0,True,2019-12-19,0
2019-12-19,510500.SH,1.589301,1.5971494000000002,1.5842556,1.5932252,581417160.1855155,924094372.0,True,2019-12-19,0
2019-12-19,512100.SH,0.708,0.713,0.707,0.713,23498500.0,16666141.0,True,2019-12-19,0
2019-12-20,510300.SH,4.5470966,4.5776444000000005,4.5414396,4.5437024,290595577.1610394,1323871265.0,True,2019-12-20,0
2019-12-20,510500.SH,1.5932252,1.5979902999999998,1.5747254000000002,1.5775284,889275540.4923297,1409859959.0,True,2019-12-20,0
2019-12-20,512100.SH,0.711,0.713,0.703,0.703,20241500.0,14344263.0,True,2019-12-20,0
2019-12-23,510300.SH,4.542571,4.5618048,4.4826068,4.4848696,395213682.163691,1788105548.0,True,2019-12-23,0
2019-12-23,510500.SH,1.5716421,1.5755663000000002,1.5399682,1.5413697,1000039957.1887264,1559217817.0,True,2019-12-23,0
2019-12-23,512100.SH,0.703,0.703,0.686,0.686,27095900.0,18794216.0,True,2019-12-23,0
2019-12-24,510300.SH,4.486001,4.5176802,4.4848696,4.508629,276464645.57185787,1244533039.0,True,2019-12-24,0
2019-12-24,510500.SH,1.5441727,1.5665967,1.5433318,1.5646346,716030981.0916874,1113431545.0,True,2019-12-24,0
2019-12-24,512100.SH,0.687,0.7,0.687,0.7,34697300.0,24116074.0,True,2019-12-24,0
2019-12-25,510300.SH,4.508629,4.5222058,4.4950522,4.5165488,274508066.11278063,1237399739.0,True,2019-12-25,0
2019-12-25,510500.SH,1.5623922,1.5744451,1.561271,1.5716421,770740420.977524,1208524029.0,True,2019-12-25,0
2019-12-25,512100.SH,0.697,0.705,0.697,0.705,21848500.0,15359116.0,True,2019-12-25,0
2019-12-26,510300.SH,4.5131546,4.5550164,4.5108918,4.5493594,293667968.88810325,1331523237.0,True,2019-12-26,0
2019-12-26,510500.SH,1.56968,1.5842556,1.5663164,1.5834147,663851633.9636104,1044979734.0,True,2019-12-26,0
2019-12-26,512100.SH,0.705,0.711,0.703,0.711,24610300.0,17368197.0,True,2019-12-26,0
2019-12-27,510300.SH,4.553885,4.602535199999999,4.5437024,4.5448338,386081857.8751989,1766178612.0,True,2019-12-27,0
2019-12-27,510500.SH,1.5850965,1.5946267,1.5702406,1.5708012,614880039.2436675,974018649.0,True,2019-12-27,0
2019-12-27,512100.SH,0.71,0.714,0.703,0.705,22518800.0,15987106.0,True,2019-12-27,0
2019-12-30,510300.SH,4.5323884,4.6251632,4.5256,4.610455,479389649.1073007,2198624414.0,True,2019-12-30,0
2019-12-30,510500.SH,1.5677179,1.5940661,1.5559453,1.5926646,755481594.7199429,1194030580.0,True,2019-12-30,0
2019-12-30,512100.SH,0.705,0.71,0.693,0.71,24847700.0,17497989.0,True,2019-12-30,0
2019-12-31,510300.SH,4.6036666,4.6376086,4.595746800000001,4.6342144,311283281.7747923,1437559663.0,True,2019-12-31,0
2019-12-31,510500.SH,1.5895813,1.6010736,1.5853768,1.5991115,612491516.232608,976168589.0,True,2019-12-31,0
2019-12-31,512100.SH,0.709,0.715,0.705,0.714,9925500.0,7070823.0,True,2019-12-31,0
2020-01-02,510300.SH,4.661368,4.7224636,4.6591052,4.6941786,554731849.0365919,2603983236.0,True,2020-01-02,0
2020-01-02,510500.SH,1.6139674,1.6338686999999998,1.6041569,1.6293839,840460028.5408491,1364273246.0,True,2020-01-02,0
2020-01-02,512100.SH,0.721,0.729,0.716,0.728,31463200.0,22730467.0,True,2020-01-02,0
2020-01-03,510300.SH,4.7020984,4.7088868,4.6760762,4.6828646,415126194.0958105,1948030083.0,True,2020-01-03,0
2020-01-03,510500.SH,1.6293839,1.6386338,1.62574,1.6324672,551174081.3414199,899177189.0,True,2020-01-03,0
2020-01-03,512100.SH,0.73,0.732,0.726,0.731,12126300.0,8850369.0,True,2020-01-03,0
2020-01-06,510300.SH,4.6681564,4.7190694,4.6319516,4.6647622,589097386.4238997,2760524448.0,True,2020-01-06,0
2020-01-06,510500.SH,1.6279823999999998,1.6672244,1.6243385,1.650967,792898972.5294327,1307521802.0,True,2020-01-06,0
2020-01-06,512100.SH,0.728,0.744,0.725,0.738,19979200.0,14717455.0,True,2020-01-06,0
2020-01-07,510300.SH,4.6772076,4.706624,4.6704192,4.700967,410959443.1677568,1927362283.0,True,2020-01-07,0
2020-01-07,510500.SH,1.6504063999999998,1.6728304,1.6504063999999998,1.6722698,758674034.96254,1260248672.0,True,2020-01-07,0
2020-01-07,512100.SH,0.736,0.75,0.736,0.75,15032100.0,11189727.0,True,2020-01-07,0
2020-01-08,510300.SH,4.678338999999999,4.6941786,4.6353458000000005,4.6545796,497482823.9349479,2321782204.0,True,2020-01-08,0
2020-01-08,510500.SH,1.6616184,1.6711486,1.6439595,1.6490049,900869311.452016,1493383829.0,True,2020-01-08,0
2020-01-08,512100.SH,0.745,0.752,0.737,0.741,16564200.0,12348370.0,True,2020-01-08,0
2020-01-09,510300.SH,4.6817332,4.712281,4.6772076,4.7043612,348622699.31058866,1636905845.0,True,2020-01-09,0
2020-01-09,510500.SH,1.6616184,1.6700274,1.6557321,1.6697471,836652272.5651088,1392247755.0,True,2020-01-09,0
2020-01-09,512100.SH,0.746,0.752,0.745,0.751,22762800.0,17030897.0,True,2020-01-09,0
2020-01-10,510300.SH,4.712281,4.7247264,4.6885216,4.7032298,335473749.3371045,1576677929.0,True,2020-01-10,0
2020-01-10,510500.SH,1.673391,1.6761940000000002,1.6540503,1.6627396,725737417.0531573,1206982366.0,True,2020-01-10,0
2020-01-10,512100.SH,0.752,0.754,0.746,0.75,19954800.0,14970348.0,True,2020-01-10,0
2020-01-13,510300.SH,4.7020984,4.757537,4.6851274,4.7541428,330244992.9291144,1558366390.0,True,2020-01-13,0
2020-01-13,510500.SH,1.6635805,1.6916105,1.6515276,1.6904893,726165387.0852658,1214042241.0,True,2020-01-13,0
2020-01-13,512100.SH,0.75,0.76,0.745,0.76,16350300.0,12293158.0,True,2020-01-13,0
2020-01-14,510300.SH,4.7541428,4.7767708,4.729252,4.7337776,362350045.9607566,1723090045.0,True,2020-01-14,0
2020-01-14,510500.SH,1.6918908,1.6972165,1.6815197,1.6832015,670912668.5693899,1133293950.0,True,2020-01-14,0
2020-01-14,512100.SH,0.762,0.763,0.757,0.758,17012400.0,12939916.0,True,2020-01-14,0
2020-01-15,510300.SH,4.7337776,4.740566,4.689652999999999,4.6975728,282488429.3795298,1330016015.0,True,2020-01-15,0
2020-01-15,510500.SH,1.6809591,1.6840424,1.6666637999999998,1.6781561,627061755.2622191,1051323131.0,True,2020-01-15,0
2020-01-15,512100.SH,0.758,0.76,0.744,0.757,16642500.0,12561583.0,True,2020-01-15,0
2020-01-16,510300.SH,4.7054926,4.7100182,4.678338999999999,4.6907844,367949267.2794768,1726422321.0,True,2020-01-16,0
2020-01-16,510500.SH,1.678997,1.6860045,1.6736713,1.6803985,694583492.6864074,1166818467.0,True,2020-01-16,0
2020-01-16,512100.SH,0.759,0.761,0.756,0.758,20825200.0,15798676.0,True,2020-01-16,0
2020-01-17,510300.SH,4.6975728,4.723595,4.680601799999999,4.696441399999999,284273805.9041895,1335598763.0,True,2020-01-17,0
2020-01-17,510500.SH,1.6823606,1.6871257,1.6663835,1.6708683,926992604.3524796,1555189615.0,True,2020-01-17,0
2020-01-17,512100.SH,0.758,0.761,0.753,0.754,29162400.0,22082874.0,True,2020-01-17,0
2020-01-20,510300.SH,4.7020984,4.7326462,4.6862588,4.7303834,312434372.4589005,1472153087.0,True,2020-01-20,0
2020-01-20,510500.SH,1.673391,1.6994589,1.6680653,1.6988983,604899650.3745986,1019522729.0,True,2020-01-20,0
2020-01-20,512100.SH,0.754,0.765,0.753,0.765,17305500.0,13127979.0,True,2020-01-20,0
2020-01-21,510300.SH,4.7100182,4.7100182,4.638739999999999,4.6443970000000006,546486300.1590949,2548564521.0,True,2020-01-21,0
2020-01-21,510500.SH,1.693012,1.6941331999999998,1.6717092,1.678997,1052103057.4384588,1769694739.0,True,2020-01-21,0
2020-01-21,512100.SH,0.765,0.765,0.757,0.757,28296700.0,21525734.0,True,2020-01-21,0
2020-01-22,510300.SH,4.6262946000000005,4.6760762,4.5640676,4.660236599999999,802009246.0668199,3709564742.0,True,2020-01-22,0
2020-01-22,510500.SH,1.670588,1.7025422,1.6495654999999998,1.6918908,974653774.5272924,1629372732.0,True,2020-01-22,0
2020-01-22,512100.SH,0.754,0.764,0.743,0.762,23193800.0,17490708.0,True,2020-01-22,0
2020-01-23,510300.SH,4.6172434,4.627426,4.4758184,4.5210744,666062754.1099523,3042046038.0,True,2020-01-23,0
2020-01-23,510500.SH,1.6753531000000002,1.6854439,1.6156492,1.6288233,1473489475.561898,2437769704.0,True,2020-01-23,0
2020-01-23,512100.SH,0.759,0.759,0.726,0.735,34990600.0,26152462.0,True,2020-01-23,0
2020-02-03,510300.SH,4.220122,4.2269104,4.1137704,4.1397926,1300226066.8198693,5431562760.0,True,2020-02-03,0
2020-02-03,510500.SH,1.4982034999999998,1.5088549,1.48559,1.4965217000000002,2349553606.849804,3514496248.0,True,2020-02-03,0
2020-02-03,512100.SH,0.668,0.685,0.662,0.662,17787500.0,11969791.0,True,2020-02-03,0
2020-02-04,510300.SH,4.12961,4.2721664,4.1284786,4.265378,650383334.8064345,2749866008.0,True,2020-02-04,0
2020-02-04,510500.SH,1.4965217000000002,1.5270744,1.4811052,1.5217487,1922167345.7010343,2888335988.0,True,2020-02-04,0
2020-02-04,512100.SH,0.658,0.695,0.658,0.671,17813500.0,11888241.0,True,2020-02-04,0
2020-02-05,510300.SH,4.2812176,4.361547,4.2631152,4.3072398,489029068.41081846,2109910834.0,True,2020-02-05,0
2020-02-05,510500.SH,1.5225896,1.56968,1.519226,1.5545438,1125055950.7670352,1740890473.0,True,2020-02-05,0
2020-02-05,512100.SH,0.67,0.7,0.67,0.694,28667100.0,19750745.0,True,2020-02-05,0
2020-02-06,510300.SH,4.3253422,4.4271682,4.2959258,4.4090658,466647703.7298922,2038967051.0,True,2020-02-06,0
2020-02-06,510500.SH,1.558468,1.6083614000000002,1.5436120999999998,1.6007933,1049846582.2333214,1663316614.0,True,2020-02-06,0
2020-02-06,512100.SH,0.695,0.716,0.687,0.713,20693600.0,14552585.0,True,2020-02-06,0
2020-02-07,510300.SH,4.378518,4.403408799999999,4.3491016,4.398883199999999,306689986.74208945,1340754089.0,True,2020-02-07,0
2020-02-07,510500.SH,1.5991115,1.6170507,1.5876191999999998,1.6162098,805346778.451659,1290381152.0,True,2020-02-07,0
2020-02-07,512100.SH,0.708,0.722,0.708,0.72,22011000.0,15735465.0,True,2020-02-07,0
2020-02-10,510300.SH,4.3762552,4.423774,4.3570214,4.4135914,352235413.6468093,1549146625.0,True,2020-02-10,0
2020-02-10,510500.SH,1.6106038,1.6324672,1.6035963,1.6319066,996892311.8087764,1613834079.0,True,2020-02-10,0
2020-02-10,512100.SH,0.714,0.732,0.714,0.73,19613600.0,14225602.0,True,2020-02-10,0
2020-02-11,510300.SH,4.4226426,4.480344,4.4203798,4.4611102,373217960.93335694,1663318182.0,True,2020-02-11,0
2020-02-11,510500.SH,1.631346,1.6361111,1.6148083,1.6246188,740905140.9204423,1203818558.0,True,2020-02-11,0
2020-02-11,512100.SH,0.73,0.731,0.722,0.728,18719100.0,13620337.0,True,2020-02-11,0
2020-02-12,510300.SH,4.4565846,4.4995778,4.446402,4.4927894,257012065.58246425,1150842638.0,True,2020-02-12,0
2020-02-12,510500.SH,1.6218157999999998,1.6579745,1.6187325,1.6576942,686098665.7153051,1125374751.0,True,2020-02-12,0
2020-02-12,512100.SH,0.727,0.745,0.724,0.745,15398400.0,11347255.0,True,2020-02-12,0
2020-02-13,510300.SH,4.491658,4.508629,4.4554532,4.46903,288104159.4484709,1290560943.0,True,2020-02-13,0
2020-02-13,510500.SH,1.6551715,1.6607775,1.6383534999999998,1.6428383,732733621.1202283,1207034639.0,True,2020-02-13,0
2020-02-13,512100.SH,0.741,0.748,0.738,0.741,19890700.0,14767704.0,True,2020-02-13,0
2020-02-14,510300.SH,4.463373,4.519943,4.4611102,4.4995778,277514006.5405692,1247221633.0,True,2020-02-14,0
2020-02-14,510500.SH,1.636952,1.6607775,1.6319066,1.6448004,757347445.5940064,1247143624.0,True,2020-02-14,0
2020-02-14,512100.SH,0.74,0.751,0.735,0.744,22943100.0,17076582.0,True,2020-02-14,0
2020-02-17,510300.SH,4.5097604,4.604798,4.5097604,4.5980096,513646883.5071593,2345003457.0,True,2020-02-17,0
2020-02-17,510500.SH,1.6520882,1.701421,1.6520882,1.7005801,1401198908.3125224,2350608365.0,True,2020-02-17,0
2020-02-17,512100.SH,0.745,0.773,0.745,0.772,29328300.0,22291889.0,True,2020-02-17,0
2020-02-18,510300.SH,4.5900898,4.595746800000001,4.539176799999999,4.5697246,627497774.4387485,2867046795.0,True,2020-02-18,0
2020-02-18,510500.SH,1.701421,1.715436,1.6899286999999998,1.7143148,1450417827.327863,2472829238.0,True,2020-02-18,0
2020-02-18,512100.SH,0.774,0.792,0.772,0.792,30070800.0,23474383.0,True,2020-02-18,0
2020-02-19,510300.SH,4.566330399999999,4.6036666,4.558410599999999,4.570856,389232135.4074598,1783390983.0,True,2020-02-19,0
2020-02-19,510500.SH,1.7137542,1.7196405,1.6974968,1.7005801,972500206.921156,1661627541.0,True,2020-02-19,0
2020-02-19,512100.SH,0.792,0.795,0.782,0.786,35957500.0,28375818.0,True,2020-02-19,0
2020-02-20,510300.SH,4.587827,4.6885216,4.5697246,4.6738134,534948823.5814036,2472181763.0,True,2020-02-20,0
2020-02-20,510500.SH,1.7011406999999998,1.7364585,1.6932923,1.7325343,962189115.2336782,1650190834.0,True,2020-02-20,0
2020-02-20,512100.SH,0.785,0.799,0.777,0.798,23626500.0,18629657.0,True,2020-02-20,0
2020-02-21,510300.SH,4.6647622,4.726989199999999,4.6579738,4.689652999999999,392849702.1389429,1839049777.0,True,2020-02-21,0
2020-02-21,510500.SH,1.7280495,1.7692536,1.7272086,1.7600037,1071211202.283268,1873835181.0,True,2020-02-21,0
2020-02-21,512100.SH,0.797,0.818,0.796,0.816,30861800.0,24973875.0,True,2020-02-21,0
2020-02-24,510300.SH,4.6647622,4.6794704,4.6183748,4.6523168,329439003.8889871,1532512765.0,True,2020-02-24,0
2020-02-24,510500.SH,1.7535568,1.7843897999999998,1.7429054,1.7762611,1092228704.9589725,1929619663.0,True,2020-02-24,0
2020-02-24,512100.SH,0.813,0.837,0.812,0.832,53501500.0,44285279.0,True,2020-02-24,0
2020-02-25,510300.SH,4.5833014,4.6568424,4.539176799999999,4.6432656,533702282.1283366,2459159333.0,True,2020-02-25,0
2020-02-25,510500.SH,1.7482311,1.7925185,1.7137542,1.7880336999999995,1105389457.7238674,1942785465.0,True,2020-02-25,0
2020-02-25,512100.SH,0.818,0.838,0.794,0.836,41236600.0,33884235.0,True,2020-02-25,0
2020-02-26,510300.SH,4.5980096,4.6591052,4.5799072,4.604798,567255958.1050026,2617010934.0,True,2020-02-26,0
2020-02-26,510500.SH,1.7653294,1.7815868,1.7381402999999995,1.7426251,1016920203.3535498,1794776126.0,True,2020-02-26,0
2020-02-26,512100.SH,0.816,0.832,0.806,0.809,26492500.0,21751232.0,True,2020-02-26,0
2020-02-27,510300.SH,4.6195062,4.6353458000000005,4.5946154,4.6059294,420125978.4337989,1938047426.0,True,2020-02-27,0
2020-02-27,510500.SH,1.7448674999999998,1.7650491,1.7283298,1.7420645,911419179.4505888,1592163916.0,True,2020-02-27,0
2020-02-27,512100.SH,0.812,0.82,0.798,0.809,29941600.0,24114310.0,True,2020-02-27,0
2020-02-28,510300.SH,4.536914,4.5470966,4.4396136,4.4497962,495024785.221849,2224760713.0,True,2020-02-28,0
2020-02-28,510500.SH,1.6988983,1.7106709,1.6532094,1.6554517999999998,1946120328.2197645,3263750655.0,True,2020-02-28,0
2020-02-28,512100.SH,0.789,0.791,0.758,0.759,45558800.0,35131755.0,True,2020-02-28,0
2020-03-02,510300.SH,4.4667672,4.627426,4.4667672,4.611586399999999,377128962.34753406,1721101323.0,True,2020-03-02,0
2020-03-02,510500.SH,1.6691865,1.7246859,1.6691865,1.7159966,1362315330.0035677,2318785971.0,True,2020-03-02,0
2020-03-02,512100.SH,0.764,0.801,0.761,0.8,38019900.0,29893995.0,True,2020-03-02,0
2020-03-03,510300.SH,4.6579738,4.6828646,4.587827,4.6081922,361301096.8711332,1677225022.0,True,2020-03-03,0
2020-03-03,510500.SH,1.743466,1.7661703,1.712633,1.7277691999999998,1372890424.5451305,2394565855.0,True,2020-03-03,0
2020-03-03,512100.SH,0.815,0.824,0.798,0.806,31023600.0,25193389.0,True,2020-03-03,0
2020-03-04,510300.SH,4.599141,4.6432656,4.5799072,4.6410028,261139558.9535089,1204615735.0,True,2020-03-04,0
2020-03-04,510500.SH,1.7159966,1.735057,1.6988983,1.7333752,661445900.8205494,1135715329.0,True,2020-03-04,0
2020-03-04,512100.SH,0.797,0.812,0.792,0.81,35316500.0,28308249.0,True,2020-03-04,0
2020-03-05,510300.SH,4.696441399999999,4.7609312,4.651185399999999,4.75188,484206551.1755347,2282136998.0,True,2020-03-05,0
2020-03-05,510500.SH,1.7574809999999998,1.7608446,1.7375797,1.7555189,509210292.5437032,891089941.0,True,2020-03-05,0
2020-03-05,512100.SH,0.821,0.825,0.814,0.824,27261200.0,22333978.0,True,2020-03-05,0
2020-03-06,510300.SH,4.7145438,4.716806599999999,4.6579738,4.662499400000001,220954330.9174474,1035853463.0,True,2020-03-06,0
2020-03-06,510500.SH,1.7353373,1.7611249,1.735057,1.7454281,456421541.2058509,798692208.0,True,2020-03-06,0
2020-03-06,512100.SH,0.815,0.825,0.812,0.819,18755200.0,15330487.0,True,2020-03-06,0
2020-03-09,510300.SH,4.602535199999999,4.602535199999999,4.5041034,4.514286,374440829.06134,1701717889.0,True,2020-03-09,0
2020-03-09,510500.SH,1.7182389999999998,1.726648,1.678997,1.6809591,655345633.2500892,1113141861.0,True,2020-03-09,0
2020-03-09,512100.SH,0.804,0.808,0.785,0.786,18693700.0,14912855.0,True,2020-03-09,0
2020-03-10,510300.SH,4.5165488,4.6251632,4.4611102,4.6138492,759809223.9703023,3457073174.0,True,2020-03-10,0
2020-03-10,510500.SH,1.664982,1.7196405,1.6462019,1.7182389999999998,1148260656.4395292,1937136165.0,True,2020-03-10,0
2020-03-10,512100.SH,0.78,0.807,0.764,0.807,19139100.0,15034580.0,True,2020-03-10,0
2020-03-11,510300.SH,4.6138492,4.6138492,4.5357826,4.5380454,621592169.8780272,2845979722.0,True,2020-03-11,0
2020-03-11,510500.SH,1.7230041,1.7283298,1.6924514,1.693012,1144056018.5515518,1962834818.0,True,2020-03-11,0
2020-03-11,512100.SH,0.809,0.815,0.795,0.796,16955500.0,13690552.0,True,2020-03-11,0
2020-03-12,510300.SH,4.4950522,4.497315,4.4339566,4.4667672,343043325.0839668,1531041364.0,True,2020-03-12,0
2020-03-12,510500.SH,1.6728304,1.6851636,1.6543306,1.6711486,579469843.0253301,966955105.0,True,2020-03-12,0
2020-03-12,512100.SH,0.788,0.8,0.77,0.778,17914055.0,13986682.0,True,2020-03-12,0
2020-03-13,510300.SH,4.3366562,4.446402,4.24275,4.4000146,634517322.785929,2753021876.0,True,2020-03-13,0
2020-03-13,510500.SH,1.5982706,1.6725500999999998,1.586498,1.6590957,1286500306.8141277,2095119617.0,True,2020-03-13,0
2020-03-13,512100.SH,0.758,0.781,0.739,0.773,21048100.0,16011006.0,True,2020-03-13,0
2020-03-16,510300.SH,4.395489,4.395489,4.2042824,4.2155964,504755244.8294149,2168080979.0,True,2020-03-16,0
2020-03-16,510500.SH,1.6616184,1.662179,1.5738845,1.5786496,960225986.4430968,1555769826.0,True,2020-03-16,0
2020-03-16,512100.SH,0.776,0.779,0.733,0.735,24422600.0,18403825.0,True,2020-03-16,0
2020-03-17,510300.SH,4.252932599999999,4.2857432,4.0900110000000005,4.1782602,870828927.8769666,3645999364.0,True,2020-03-17,0
2020-03-17,510500.SH,1.5974297,1.6167703999999998,1.5366046,1.5817329,1311378469.4969676,2061951657.0,True,2020-03-17,0
2020-03-17,512100.SH,0.742,0.746,0.71,0.734,46800300.0,34093812.0,True,2020-03-17,0
2020-03-18,510300.SH,4.1929684,4.257458199999999,4.1024564,4.1081134,692332302.4571328,2903199190.0,True,2020-03-18,0
2020-03-18,510500.SH,1.5890206999999998,1.617331,1.5537029,1.5579074,980968351.7659652,1559854848.0,True,2020-03-18,0
2020-03-18,512100.SH,0.736,0.752,0.722,0.723,39148100.0,29049763.0,True,2020-03-18,0
2020-03-19,510300.SH,4.1115076,4.1262158,3.9508488,4.0685144,1103202963.584939,4456146356.0,True,2020-03-19,0
2020-03-19,510500.SH,1.558468,1.575286,1.5211880999999998,1.5719223999999998,1307720256.867642,2028128816.0,True,2020-03-19,0
2020-03-19,512100.SH,0.717,0.734,0.709,0.73,23967100.0,17309175.0,True,2020-03-19,0
2020-03-20,510300.SH,4.0866168,4.1375298,4.0526748,4.1228216,599866994.873608,2456318768.0,True,2020-03-20,0
2020-03-20,510500.SH,1.5800511,1.5859374000000002,1.5570665,1.5834147,780970702.8184088,1229620295.0,True,2020-03-20,0
2020-03-20,512100.SH,0.736,0.74,0.725,0.74,19143300.0,14047684.0,True,2020-03-20,0
2020-03-23,510300.SH,4.005156,4.0526748,3.9746082,3.9893164,713521363.7970656,2858519649.0,True,2020-03-23,0
2020-03-23,510500.SH,1.54165,1.5562256,1.5122185,1.5200669,1266598997.5026758,1942301572.0,True,2020-03-23,0
2020-03-23,512100.SH,0.72,0.726,0.702,0.707,18882300.0,13510760.0,True,2020-03-23,0
2020-03-24,510300.SH,4.0605946,4.0990622000000005,4.0006304,4.0854854000000005,736166288.6689059,2993488749.0,True,2020-03-24,0
2020-03-24,510500.SH,1.5464151000000002,1.5545438,1.5066125,1.54165,1113582201.2129862,1709773486.0,True,2020-03-24,0
2020-03-24,512100.SH,0.718,0.727,0.697,0.718,18994400.0,13534288.0,True,2020-03-24,0
2020-03-25,510300.SH,4.1782602,4.2099394,4.152238,4.1929684,892773201.3434683,3732548148.0,True,2020-03-25,0
2020-03-25,510500.SH,1.5727633,1.5842556,1.5623922,1.5789299,992195494.11345,1561302530.0,True,2020-03-25,0
2020-03-25,512100.SH,0.731,0.736,0.722,0.735,20531100.0,15015473.0,True,2020-03-25,0
2020-03-26,510300.SH,4.1669462,4.2110708,4.152238,4.1669462,314348753.756408,1314493551.0,True,2020-03-26,0
2020-03-26,510500.SH,1.56968,1.5825738,1.5632331,1.5637937,648371765.9650375,1018544987.0,True,2020-03-26,0
2020-03-26,512100.SH,0.725,0.737,0.725,0.729,10432800.0,7643518.0,True,2020-03-26,0
2020-03-27,510300.SH,4.2189906,4.2472756,4.1839172,4.18618,434456684.638501,1829774379.0,True,2020-03-27,0
2020-03-27,510500.SH,1.580892,1.5850965,1.5559453,1.5570665,528372186.9425616,830497874.0,True,2020-03-27,0
2020-03-27,512100.SH,0.736,0.737,0.722,0.725,12333800.0,9009788.0,True,2020-03-27,0
2020-03-30,510300.SH,4.1397926,4.169209,4.106982,4.1477124,439397586.1764186,1817215400.0,True,2020-03-30,0
2020-03-30,510500.SH,1.54165,1.54165,1.5105367,1.5270744,975516368.1769532,1487838727.0,True,2020-03-30,0
2020-03-30,512100.SH,0.72,0.721,0.698,0.705,18633600.0,13147388.0,True,2020-03-30,0
2020-03-31,510300.SH,4.1895742,4.1929684,4.140924,4.1511066,330566582.99452007,1377646905.0,True,2020-03-31,0
2020-03-31,510500.SH,1.5402485,1.5430515,1.5239911,1.5270744,783617046.0221192,1201437442.0,True,2020-03-31,0
2020-03-31,512100.SH,0.713,0.713,0.704,0.705,18750700.0,13281674.0,True,2020-03-31,0
2020-04-01,510300.SH,4.1454496,4.2122022,4.1341356,4.1556322,314158462.0823758,1309936605.0,True,2020-04-01,0
2020-04-01,510500.SH,1.5234305,1.5497786999999998,1.5200669,1.5214684,644691930.0749197,989224821.0,True,2020-04-01,0
2020-04-01,512100.SH,0.705,0.714,0.702,0.703,18631500.0,13225662.0,True,2020-04-01,0
2020-04-02,510300.SH,4.1386612,4.2178592,4.1194274,4.2122022,409270754.81704086,1702317215.0,True,2020-04-02,0
2020-04-02,510500.SH,1.5181048,1.5677179,1.5161426999999998,1.5665967,851799960.7563325,1310764276.0,True,2020-04-02,0
2020-04-02,512100.SH,0.699,0.721,0.699,0.721,11896400.0,8443475.0,True,2020-04-02,0
2020-04-03,510300.SH,4.197494,4.2133336,4.1669462,4.1827858,287004596.0756585,1202415071.0,True,2020-04-03,0
2020-04-03,510500.SH,1.5567862,1.5629528,1.5408091,1.5478166,716467713.1644666,1111978430.0,True,2020-04-03,0
2020-04-03,512100.SH,0.721,0.723,0.712,0.716,8289100.0,5953740.0,True,2020-04-03,0
2020-04-07,510300.SH,4.254064,4.2914002,4.2518012,4.276692,483242461.5520594,2064202708.0,True,2020-04-07,0
2020-04-07,510500.SH,1.5750057,1.5985509,1.5747254000000002,1.5937858,829333667.4991081,1317190158.0,True,2020-04-07,0
2020-04-07,512100.SH,0.728,0.742,0.727,0.742,18446400.0,13569716.0,True,2020-04-07,0
2020-04-08,510300.SH,4.2608524,4.2755606,4.2450128,4.259721,196144148.8421425,835369077.0,True,2020-04-08,0
2020-04-08,510500.SH,1.5878995,1.6044372,1.5850965,1.5985509,552517556.1897967,880702252.0,True,2020-04-08,0
2020-04-08,512100.SH,0.74,0.747,0.736,0.743,9062100.0,6727157.0,True,2020-04-08,0
2020-04-09,510300.SH,4.2778234,4.2857432,4.265378,4.2721664,290386798.6565317,1241868021.0,True,2020-04-09,0
2020-04-09,510500.SH,1.6058387,1.6187325,1.6035963,1.6134068,537240278.2732786,865392167.0,True,2020-04-09,0
2020-04-09,512100.SH,0.745,0.755,0.745,0.752,17229300.0,12935485.0,True,2020-04-09,0
2020-04-10,510300.SH,4.2721664,4.3128968,4.2382244,4.2585896,410329844.4405162,1752635038.0,True,2020-04-10,0
2020-04-10,510500.SH,1.611725,1.611725,1.5766875,1.5842556,849505761.6839101,1352123773.0,True,2020-04-10,0
2020-04-10,512100.SH,0.754,0.754,0.732,0.74,27661000.0,20429601.0,True,2020-04-10,0
2020-04-13,510300.SH,4.24275,4.2518012,4.2223848,4.234830199999999,218045723.8819162,923357829.0,True,2020-04-13,0
2020-04-13,510500.SH,1.5727633,1.5769678,1.5607103999999998,1.5679982,639899750.2675705,1003718062.0,True,2020-04-13,0
2020-04-13,512100.SH,0.733,0.733,0.723,0.727,17036200.0,12387153.0,True,2020-04-13,0
2020-04-14,510300.SH,4.254064,4.3083712,4.248406999999999,4.304977,332441910.0229804,1423412717.0,True,2020-04-14,0
2020-04-14,510500.SH,1.5747254000000002,1.6035963,1.5744451,1.6016342,602959379.2365323,958503961.0,True,2020-04-14,0
2020-04-14,512100.SH,0.728,0.741,0.728,0.741,22172100.0,16310632.0,True,2020-04-14,0
2020-04-15,510300.SH,4.304977,4.3151596,4.2778234,4.2800862,211420190.913912,907994642.0,True,2020-04-15,0
2020-04-15,510500.SH,1.6019145,1.6128462,1.5968691,1.5985509,568810310.3817339,913076510.0,True,2020-04-15,0
2020-04-15,512100.SH,0.741,0.745,0.735,0.735,17438900.0,12933921.0,True,2020-04-15,0
2020-04-16,510300.SH,4.265378,4.2959258,4.2608524,4.282349,200916783.63089985,859202032.0,True,2020-04-16,0
2020-04-16,510500.SH,1.5935054999999998,1.6184522,1.5907025,1.6111644,574075990.0107028,920836624.0,True,2020-04-16,0
2020-04-16,512100.SH,0.735,0.745,0.731,0.743,13034600.0,9618514.0,True,2020-04-16,0
2020-04-17,510300.SH,4.3151596,4.350233,4.310634,4.3208166,504225638.147428,2183824470.0,True,2020-04-17,0
2020-04-17,510500.SH,1.6206946,1.6324672,1.6080811,1.6131265,784649846.5929362,1273829901.0,True,2020-04-17,0
2020-04-17,512100.SH,0.746,0.75,0.742,0.744,12552000.0,9388649.0,True,2020-04-17,0
2020-04-20,510300.SH,4.3287364,4.3400504,4.3140282,4.338919,337896452.1831359,1463235135.0,True,2020-04-20,0
2020-04-20,510500.SH,1.6131265,1.6310657,1.6106038,1.6305051,557380945.4156262,904599459.0,True,2020-04-20,0
2020-04-20,512100.SH,0.745,0.758,0.745,0.758,21273700.0,15974079.0,True,2020-04-20,0
2020-04-21,510300.SH,4.321948,4.327605,4.265378,4.293663,258756560.89800248,1110170605.0,True,2020-04-21,0
2020-04-21,510500.SH,1.6234976,1.6234976,1.6013539,1.620134,830526885.479843,1339252609.0,True,2020-04-21,0
2020-04-21,512100.SH,0.751,0.755,0.745,0.752,13530400.0,10141202.0,True,2020-04-21,0
2020-04-22,510300.SH,4.2755606,4.333262,4.2676408,4.3321306,305525041.54145306,1313936907.0,True,2020-04-22,0
2020-04-22,510500.SH,1.606119,1.6366717000000002,1.6055583999999998,1.6352702,632516603.6389582,1023852890.0,True,2020-04-22,0
2020-04-22,512100.SH,0.749,0.76,0.744,0.759,13842600.0,10409063.0,True,2020-04-22,0
2020-04-23,510300.SH,4.3355248,4.3468388,4.3128968,4.3242108,178116261.269224,771450450.0,True,2020-04-23,0
2020-04-23,510500.SH,1.6355505,1.6386338,1.6240582,1.6268612,370503310.73849446,604044358.0,True,2020-04-23,0
2020-04-23,512100.SH,0.76,0.762,0.754,0.755,11943900.0,9055686.0,True,2020-04-23,0
2020-04-24,510300.SH,4.3072398,4.3128968,4.2744292,4.288006,270310676.1534382,1159836790.0,True,2020-04-24,0
2020-04-24,510500.SH,1.6206946,1.62574,1.5971494000000002,1.6027554,661538822.689975,1063652965.0,True,2020-04-24,0
2020-04-24,512100.SH,0.755,0.755,0.737,0.743,15128100.0,11283872.0,True,2020-04-24,0
2020-04-27,510300.SH,4.2902688,4.3366562,4.2846118,4.3072398,273520365.91833127,1180911446.0,True,2020-04-27,0
2020-04-27,510500.SH,1.6024751,1.6120053,1.5940661,1.5971494000000002,517216928.2911167,828822939.0,True,2020-04-27,0
2020-04-27,512100.SH,0.742,0.743,0.734,0.737,11317800.0,8390510.0,True,2020-04-27,0
2020-04-28,510300.SH,4.321948,4.3491016,4.2495384,4.3343934,373754240.7636557,1614577806.0,True,2020-04-28,0
2020-04-28,510500.SH,1.5971494000000002,1.5974297,1.5503393,1.5848162,886730645.7367107,1397520688.0,True,2020-04-28,0
2020-04-28,512100.SH,0.737,0.738,0.705,0.727,18847700.0,13614091.0,True,2020-04-28,0
2020-04-29,510300.SH,4.3287364,4.372861,4.3253422,4.3570214,245567357.2564964,1069637523.0,True,2020-04-29,0
2020-04-29,510500.SH,1.583695,1.59771,1.5800511,1.5878995,541969129.5041027,861679840.0,True,2020-04-29,0
2020-04-29,512100.SH,0.726,0.732,0.721,0.727,9609200.0,6993307.0,True,2020-04-29,0
2020-04-30,510300.SH,4.372861,4.4305624,4.3705982,4.421511199999999,466676728.8315362,2059990937.0,True,2020-04-30,0
2020-04-30,510500.SH,1.5943463999999998,1.6321869,1.5943463999999998,1.6277021,800298626.4716375,1296370740.0,True,2020-04-30,0
2020-04-30,512100.SH,0.728,0.746,0.728,0.745,15470700.0,11460338.0,True,2020-04-30,0
2020-05-06,510300.SH,4.372861,4.4418764,4.367204,4.4328252,338919447.5870603,1490004472.0,True,2020-05-06,0
2020-05-06,510500.SH,1.617331,1.6574139,1.6134068,1.6529291,779468027.1138066,1276805844.0,True,2020-05-06,0
2020-05-06,512100.SH,0.737,0.76,0.737,0.759,15088200.0,11295586.0,True,2020-05-06,0
2020-05-07,510300.SH,4.4328252,4.440745,4.4113286,4.4249054,242742472.15838784,1073971198.0,True,2020-05-07,0
2020-05-07,510500.SH,1.6529291,1.6585351,1.6442397999999998,1.650967,782272001.4270425,1292809706.0,True,2020-05-07,0
2020-05-07,512100.SH,0.753,0.764,0.753,0.758,10061700.0,7655421.0,True,2020-05-07,0
2020-05-08,510300.SH,4.4452706,4.4939208,4.4430078,4.4724242,327624436.98073184,1464209061.0,True,2020-05-08,0
2020-05-08,510500.SH,1.6599366,1.6792773,1.6574139,1.6719895,718865858.0092758,1199908790.0,True,2020-05-08,0
2020-05-08,512100.SH,0.76,0.771,0.76,0.768,11155400.0,8562227.0,True,2020-05-08,0
2020-05-11,510300.SH,4.4792126,4.5165488,4.452059,4.4645044,364424294.67915857,1634097108.0,True,2020-05-11,0
2020-05-11,510500.SH,1.6731107,1.6860045,1.6585351,1.6655426,865219061.719586,1443541553.0,True,2020-05-11,0
2020-05-11,512100.SH,0.769,0.774,0.762,0.766,8716000.0,6703428.0,True,2020-05-11,0
2020-05-12,510300.SH,4.4656358,4.480344,4.4316938,4.463373,518477278.5928938,2310845675.0,True,2020-05-12,0
2020-05-12,510500.SH,1.6635805,1.6722698,1.6526488,1.6697471,1058083125.2229754,1762368393.0,True,2020-05-12,0
2020-05-12,512100.SH,0.766,0.768,0.757,0.768,14500200.0,11062000.0,True,2020-05-12,0
2020-05-13,510300.SH,4.4497962,4.480344,4.435088,4.4735556,246064117.02315715,1096626960.0,True,2020-05-13,0
2020-05-13,510500.SH,1.6675046999999998,1.6812394,1.6607775,1.6784364,648008626.4716375,1082256570.0,True,2020-05-13,0
2020-05-13,512100.SH,0.766,0.775,0.763,0.774,8906000.0,6854543.0,True,2020-05-13,0
2020-05-14,510300.SH,4.457716,4.457716,4.4316938,4.4362194,265316986.9188616,1178568299.0,True,2020-05-14,0
2020-05-14,510500.SH,1.6731107,1.6781561,1.6658228999999998,1.6697471,375628012.8433821,627387121.0,True,2020-05-14,0
2020-05-14,512100.SH,0.774,0.775,0.767,0.768,5757900.0,4440978.0,True,2020-05-14,0
2020-05-15,510300.SH,4.4441392,4.457716,4.4135914,4.4147228,480440468.4461729,2129155229.0,True,2020-05-15,0
2020-05-15,510500.SH,1.6700274,1.6854439,1.667785,1.6728304,735265572.6007849,1232788477.0,True,2020-05-15,0
2020-05-15,512100.SH,0.769,0.776,0.767,0.772,8021300.0,6191401.0,True,2020-05-15,0
2020-05-18,510300.SH,4.4135914,4.4554532,4.403408799999999,4.4282996,266972736.4327382,1184460537.0,True,2020-05-18,0
2020-05-18,510500.SH,1.6745122,1.6795576,1.6582548,1.6641411,486385119.5148056,812392046.0,True,2020-05-18,0
2020-05-18,512100.SH,0.772,0.775,0.765,0.767,9069800.0,7006249.0,True,2020-05-18,0
2020-05-19,510300.SH,4.46903,4.4769498,4.4486648,4.4611102,245820311.11896765,1096942157.0,True,2020-05-19,0
2020-05-19,510500.SH,1.673391,1.6837620999999998,1.6714289,1.6829211999999998,397285066.0007135,667168959.0,True,2020-05-19,0
2020-05-19,512100.SH,0.77,0.779,0.77,0.779,13251100.0,10262446.0,True,2020-05-19,0
2020-05-20,510300.SH,4.457716,4.4622416,4.435088,4.4430078,174617149.54923105,777073054.0,True,2020-05-20,0
2020-05-20,510500.SH,1.6806788,1.6829211999999998,1.6644214,1.6697471,597477698.8940421,1001109307.0,True,2020-05-20,0
2020-05-20,512100.SH,0.779,0.779,0.768,0.773,19336100.0,14932527.0,True,2020-05-20,0
2020-05-21,510300.SH,4.4497962,4.457716,4.4113286,4.4135914,209053708.6795121,926829389.0,True,2020-05-21,0
2020-05-21,510500.SH,1.6708683,1.6747925,1.6476034,1.6498458,460195055.29789513,764079130.0,True,2020-05-21,0
2020-05-21,512100.SH,0.773,0.773,0.758,0.76,15347600.0,11705420.0,True,2020-05-21,0
2020-05-22,510300.SH,4.4101972,4.4101972,4.3140282,4.316291,470975454.3044016,2048425731.0,True,2020-05-22,0
2020-05-22,510500.SH,1.6436792,1.6495654999999998,1.6162098,1.6215355,776244373.8851231,1265098960.0,True,2020-05-22,0
2020-05-22,512100.SH,0.76,0.76,0.743,0.746,9291700.0,6996889.0,True,2020-05-22,0
2020-05-25,510300.SH,4.3128968,4.3321306,4.2959258,4.3185538,221459850.6275411,955690447.0,True,2020-05-25,0
2020-05-25,510500.SH,1.6206946,1.6260203,1.6097629,1.6148083,502859878.7013914,813513242.0,True,2020-05-25,0
2020-05-25,512100.SH,0.745,0.748,0.741,0.746,10382600.0,7723501.0,True,2020-05-25,0
2020-05-26,510300.SH,4.3377876,4.3739924,4.3377876,4.3705982,419931799.54039246,1829472410.0,True,2020-05-26,0
2020-05-26,510500.SH,1.6243385,1.6467625,1.6209749,1.6450806999999998,754174848.3767393,1235166129.0,True,2020-05-26,0
2020-05-26,512100.SH,0.747,0.763,0.746,0.763,13650600.0,10351374.0,True,2020-05-26,0
2020-05-27,510300.SH,4.3705982,4.3717296,4.3366562,4.350233,204348248.1880856,889357448.0,True,2020-05-27,0
2020-05-27,510500.SH,1.6464822,1.6467625,1.6279823999999998,1.6347096,823513171.6018552,1349046069.0,True,2020-05-27,0
2020-05-27,512100.SH,0.763,0.764,0.755,0.758,13035200.0,9904015.0,True,2020-05-27,0
2020-05-28,510300.SH,4.3524958,4.394357599999999,4.316291,4.35589,251081064.1682871,1093611518.0,True,2020-05-28,0
2020-05-28,510500.SH,1.6333081,1.6414368,1.611725,1.6302248,525358366.0363896,853939577.0,True,2020-05-28,0
2020-05-28,512100.SH,0.757,0.76,0.746,0.756,8453000.0,6376553.0,True,2020-05-28,0
2020-05-29,510300.SH,4.333262,4.3773866,4.3253422,4.3739924,221778168.64062223,966708845.0,True,2020-05-29,0
2020-05-29,510500.SH,1.6234976,1.6456413,1.6232173,1.6436792,515094541.5626115,844224302.0,True,2020-05-29,0
2020-05-29,512100.SH,0.752,0.768,0.75,0.765,9500800.0,7266244.0,True,2020-05-29,0
2020-06-01,510300.SH,4.4101972,4.4984464,4.406803,4.4893952,310172266.21884394,1385589758.0,True,2020-06-01,0
2020-06-01,510500.SH,1.6540503,1.6997392,1.6540503,1.6988983,659887306.4573671,1112886814.0,True,2020-06-01,0
2020-06-01,512100.SH,0.766,0.79,0.761,0.79,14019600.0,10964797.0,True,2020-06-01,0
2020-06-02,510300.SH,4.4893952,4.5131546,4.480344,4.5018406,143926272.75941312,647069165.0,True,2020-06-02,0
2020-06-02,510500.SH,1.704224,1.7056255,1.6882468999999998,1.6972165,391199785.9436318,663192008.0,True,2020-06-02,0
2020-06-02,512100.SH,0.791,0.794,0.786,0.789,10391300.0,8206350.0,True,2020-06-02,0
2020-06-03,510300.SH,4.5233372,4.548227999999999,4.4984464,4.5007092,323274234.5766307,1461404414.0,True,2020-06-03,0
2020-06-03,510500.SH,1.701421,1.7095497,1.6935726,1.6944135,558808844.0956118,950843621.0,True,2020-06-03,0
2020-06-03,512100.SH,0.795,0.795,0.788,0.788,13634500.0,10782595.0,True,2020-06-03,0
2020-06-04,510300.SH,4.5154174,4.519943,4.486001,4.502972,248704634.96552944,1119665735.0,True,2020-06-04,0
2020-06-04,510500.SH,1.6991786,1.7022619,1.6882468999999998,1.6974968,483665001.7838031,820577679.0,True,2020-06-04,0
2020-06-04,512100.SH,0.789,0.794,0.787,0.793,16533900.0,13073078.0,True,2020-06-04,0
2020-06-05,510300.SH,4.5018406,4.530125599999999,4.486001,4.5289942,177973866.00671735,801832963.0,True,2020-06-05,0
2020-06-05,510500.SH,1.6974968,1.7028225,1.6882468999999998,1.701421,306231894.3988584,519510104.0,True,2020-06-05,0
2020-06-05,512100.SH,0.793,0.794,0.784,0.792,9766400.0,7720799.0,True,2020-06-05,0
2020-06-08,510300.SH,4.548227999999999,4.5787758,4.539176799999999,4.5504908,252433853.6326675,1149881973.0,True,2020-06-08,0
2020-06-08,510500.SH,1.7084285,1.715436,1.6949740999999998,1.6977771000000002,375449450.588655,639725340.0,True,2020-06-08,0
2020-06-08,512100.SH,0.795,0.798,0.79,0.792,12694400.0,10075987.0,True,2020-06-08,0
2020-06-09,510300.SH,4.5527536,4.58217,4.5403082,4.5810386,260290338.51864943,1189397524.0,True,2020-06-09,0
2020-06-09,510500.SH,1.6980574,1.712633,1.6935726,1.7078679,416005094.5415626,709228873.0,True,2020-06-09,0
2020-06-09,512100.SH,0.792,0.797,0.789,0.797,22748400.0,18026897.0,True,2020-06-09,0
2020-06-10,510300.SH,4.576512999999999,4.5776444000000005,4.5561478,4.570856,281383380.7671911,1285096270.0,True,2020-06-10,0
2020-06-10,510500.SH,1.7078679,1.7112315,1.6994589,1.7101103,365527745.27292186,623669244.0,True,2020-06-10,0
2020-06-10,512100.SH,0.795,0.796,0.79,0.796,10151800.0,8048188.0,True,2020-06-10,0
2020-06-11,510300.SH,4.5629362,4.58217,4.5074976,4.5289942,269748363.089977,1226496439.0,True,2020-06-11,0
2020-06-11,510500.SH,1.7101103,1.732254,1.695815,1.707027,511059689.61826617,875566640.0,True,2020-06-11,0
2020-06-11,512100.SH,0.796,0.805,0.79,0.794,24220900.0,19274344.0,True,2020-06-11,0
2020-06-12,510300.SH,4.4826068,4.5516222,4.4599788,4.5403082,273177775.3226092,1230613931.0,True,2020-06-12,0
2020-06-12,510500.SH,1.678997,1.7173980999999998,1.6773152,1.7073073,682275433.4641455,1159598155.0,True,2020-06-12,0
2020-06-12,512100.SH,0.784,0.797,0.778,0.795,12315300.0,9733326.0,True,2020-06-12,0
2020-06-15,510300.SH,4.5052348,4.5357826,4.474687,4.4758184,247945996.1110129,1117257834.0,True,2020-06-15,0
2020-06-15,510500.SH,1.7056255,1.7260874000000002,1.7036634,1.7053451999999998,840253300.0356761,1441441584.0,True,2020-06-15,0
2020-06-15,512100.SH,0.795,0.805,0.793,0.795,21736800.0,17370196.0,True,2020-06-15,0
2020-06-16,510300.SH,4.519943,4.5470966,4.5154174,4.5459652,218928118.26056212,992947047.0,True,2020-06-16,0
2020-06-16,510500.SH,1.7173980999999998,1.7370191,1.7173980999999998,1.7361782,511795893.6853371,884799088.0,True,2020-06-16,0
2020-06-16,512100.SH,0.797,0.811,0.797,0.811,16647300.0,13414448.0,True,2020-06-16,0
2020-06-17,510300.SH,4.548227999999999,4.5516222,4.5210744,4.5504908,246619758.70602795,1118948762.0,True,2020-06-17,0
2020-06-17,510500.SH,1.7403826999999998,1.7532765,1.7353373,1.7501932,595550838.387442,1037742866.0,True,2020-06-17,0
2020-06-17,512100.SH,0.81,0.815,0.807,0.814,19084500.0,15485445.0,True,2020-06-17,0
2020-06-18,510300.SH,4.5403082,4.587827,4.531257,4.585564199999999,303166612.1619233,1385004401.0,True,2020-06-18,0
2020-06-18,510500.SH,1.7499129,1.7569203999999998,1.7440266,1.754678,646349625.4013557,1131866392.0,True,2020-06-18,0
2020-06-18,512100.SH,0.814,0.814,0.809,0.812,19999100.0,16221702.0,True,2020-06-18,0
2020-06-19,510300.SH,4.58217,4.667025,4.58217,4.6443970000000006,326642781.5096341,1514130382.0,True,2020-06-19,0
2020-06-19,510500.SH,1.754678,1.774299,1.7521553,1.7675718,739727984.302533,1305633076.0,True,2020-06-19,0
2020-06-19,512100.SH,0.812,0.82,0.811,0.819,24564800.0,20017054.0,True,2020-06-19,0
2020-06-22,510300.SH,4.6443970000000006,4.683996,4.6353458000000005,4.6489226,460707265.3349832,2146227183.0,True,2020-06-22,0
2020-06-22,510500.SH,1.7667309,1.7796247,1.7642082,1.7664505999999998,725076764.1812344,1284381650.0,True,2020-06-22,0
2020-06-22,512100.SH,0.821,0.825,0.82,0.823,10623600.0,8737645.0,True,2020-06-22,0
2020-06-23,510300.SH,4.638739999999999,4.6760762,4.6229004,4.6704192,351924898.3560191,1638145515.0,True,2020-06-23,0
2020-06-23,510500.SH,1.7664505999999998,1.7754202,1.7577613,1.774299,710005404.9232965,1255652302.0,True,2020-06-23,0
2020-06-23,512100.SH,0.825,0.825,0.819,0.825,23314600.0,19175793.0,True,2020-06-23,0
2020-06-24,510300.SH,4.6817332,4.7145438,4.6794704,4.7111496,404757113.31094223,1899221459.0,True,2020-06-24,0
2020-06-24,510500.SH,1.7745793,1.7804656,1.76589,1.7745793,482739047.4491617,855357846.0,True,2020-06-24,0
2020-06-24,512100.SH,0.825,0.827,0.819,0.822,12287600.0,10100562.0,True,2020-06-24,0
2020-06-29,510300.SH,4.69531,4.706624,4.6455284,4.6704192,187957366.0951034,876863744.0,True,2020-06-29,0
2020-06-29,510500.SH,1.7728975,1.7728975,1.7577613,1.7667309,585306132.7149483,1033405086.0,True,2020-06-29,0
2020-06-29,512100.SH,0.823,0.823,0.816,0.821,8168100.0,6693793.0,True,2020-06-29,0
2020-06-30,510300.SH,4.6930472,4.7428288,4.6907844,4.726989199999999,479466584.7622415,2264019132.0,True,2020-06-30,0
2020-06-30,510500.SH,1.7695339,1.8017684,1.7695339,1.7927988,815277916.5180165,1459730004.0,True,2020-06-30,0
2020-06-30,512100.SH,0.821,0.835,0.821,0.833,9691200.0,8054669.0,True,2020-06-30,0
2020-07-01,510300.SH,4.7371718000000005,4.837866399999999,4.7326462,4.8333408,507392710.8007778,2425293927.0,True,2020-07-01,0
2020-07-01,510500.SH,1.7978442,1.8020487,1.7821474,1.8006472,805962183.3749554,1447028704.0,True,2020-07-01,0
2020-07-01,512100.SH,0.835,0.84,0.828,0.838,13460400.0,11250209.0,True,2020-07-01,0
2020-07-02,510300.SH,4.831078,4.949875,4.8231582,4.944218,486510329.6800425,2380221137.0,True,2020-07-02,0
2020-07-02,510500.SH,1.8000866,1.8370862,1.7947608999999998,1.8328817,830268990.3674635,1510582613.0,True,2020-07-02,0
2020-07-02,512100.SH,0.838,0.848,0.835,0.848,15520900.0,13111282.0,True,2020-07-02,0
2020-07-03,510300.SH,4.9623204,5.0505696,4.9430866,5.0426498,518621808.3789995,2583513174.0,True,2020-07-03,0
2020-07-03,510500.SH,1.8342832,1.8581087,1.8286772,1.8572678,1092757185.1587584,2015783587.0,True,2020-07-03,0
2020-07-03,512100.SH,0.849,0.859,0.845,0.859,24244800.0,20626376.0,True,2020-07-03,0
2020-07-06,510300.SH,5.1218478,5.429588600000001,5.1003512,5.4126176,821387209.6517589,4319345422.0,True,2020-07-06,0
2020-07-06,510500.SH,1.8710025,1.959297,1.8710025,1.9455623,1948012843.3820903,3737277481.0,True,2020-07-06,0
2020-07-06,512100.SH,0.868,0.9,0.863,0.895,27572200.0,24273077.0,True,2020-07-06,0
2020-07-07,510300.SH,5.454479399999999,5.48729,5.3447336,5.3583104,949710002.651582,5140703744.0,True,2020-07-07,0
2020-07-07,510500.SH,1.9654636,1.9974178,1.9410775,1.964903,1591757466.999643,3138788323.0,True,2020-07-07,0
2020-07-07,512100.SH,0.905,0.92,0.896,0.906,22038200.0,20017019.0,True,2020-07-07,0
2020-07-08,510300.SH,5.3560476,5.4737132,5.3266312000000005,5.4284572,798556530.8467386,4300342496.0,True,2020-07-08,0
2020-07-08,510500.SH,1.9604182,2.0100313,1.953691,2.004145,935746831.965751,1855994997.0,True,2020-07-08,0
2020-07-08,512100.SH,0.898,0.926,0.898,0.924,18382299.0,16818766.0,True,2020-07-08,0
2020-07-09,510300.SH,5.4261944,5.5257576,5.385464,5.512180799999999,567822325.4375111,3104867386.0,True,2020-07-09,0
2020-07-09,510500.SH,2.0021829,2.0613262,1.998539,2.0576823,924264545.1302176,1881929209.0,True,2020-07-09,0
2020-07-09,512100.SH,0.928,0.957,0.925,0.956,38805200.0,36641716.0,True,2020-07-09,0
2020-07-10,510300.SH,5.4737132,5.4952098000000005,5.3888582,5.413749,498865803.4293795,2719824198.0,True,2020-07-10,0
2020-07-10,510500.SH,2.0473112,2.0753412,2.0408643,2.054599,925909172.3153764,1906840646.0,True,2020-07-10,0
2020-07-10,512100.SH,0.949,0.964,0.946,0.953,26722700.0,25537758.0,True,2020-07-10,0
2020-07-13,510300.SH,5.4103548,5.5744078,5.4046978,5.526889,728635547.9936363,4008141929.0,True,2020-07-13,0
2020-07-13,510500.SH,2.0565611,2.1210301,2.0565611,2.1199089,793723803.0681412,1664028079.0,True,2020-07-13,0
2020-07-13,512100.SH,0.945,1.0,0.945,0.999,29101600.0,28301009.0,True,2020-07-13,0
2020-07-14,510300.SH,5.5178378,5.5427286,5.391120999999999,5.4782388,651972260.9156797,3569719096.0,True,2020-07-14,0
2020-07-14,510500.SH,2.1185074,2.1185074,2.0503945,2.0918789,1188990313.94934,2482453360.0,True,2020-07-14,0
2020-07-14,512100.SH,0.995,0.996,0.961,0.984,32909300.0,32354075.0,True,2020-07-14,0
2020-07-15,510300.SH,5.498604,5.538202999999999,5.391120999999999,5.4126176,585471930.3517766,3200591192.0,True,2020-07-15,0
2020-07-15,510500.SH,2.0915986,2.1056136,2.0288114,2.0481521000000003,1275473414.1990724,2629471627.0,True,2020-07-15,0
2020-07-15,512100.SH,0.973,0.996,0.944,0.951,25471000.0,24490956.0,True,2020-07-15,0
2020-07-16,510300.SH,5.419406,5.4623992,5.147869999999999,5.1546584,1140107886.6890578,6024138887.0,True,2020-07-16,0
2020-07-16,510500.SH,2.0450688,2.0674928,1.9365927,1.9458426,1397139211.559044,2803376722.0,True,2020-07-16,0
2020-07-16,512100.SH,0.947,0.959,0.9,0.904,22194600.0,20715981.0,True,2020-07-16,0
2020-07-17,510300.SH,5.170498,5.2655356,5.1376874,5.210097,799268471.8048435,4154619226.0,True,2020-07-17,0
2020-07-17,510500.SH,1.9458426,1.9794786,1.9309867,1.9472441,1123249910.8098466,2192963478.0,True,2020-07-17,0
2020-07-17,512100.SH,0.904,0.925,0.895,0.909,23846400.0,21655041.0,True,2020-07-17,0
2020-07-20,510300.SH,5.2576158,5.362836,5.187469,5.3481278,640777975.9589889,3384863206.0,True,2020-07-20,0
2020-07-20,510500.SH,1.967706,2.0058268,1.948085,2.0044253,1318503125.2229755,2607215320.0,True,2020-07-20,0
2020-07-20,512100.SH,0.915,0.939,0.908,0.939,22423100.0,20711005.0,True,2020-07-20,0
2020-07-21,510300.SH,5.373018599999999,5.3899896,5.3300254,5.3617046,411305154.6756231,2204859169.0,True,2020-07-21,0
2020-07-21,510500.SH,2.0091904,2.0260084,1.9982587,2.0156373,702037509.8109169,1412182082.0,True,2020-07-21,0
2020-07-21,512100.SH,0.941,0.95,0.937,0.946,15501600.0,14634958.0,True,2020-07-21,0
2020-07-22,510300.SH,5.3537848,5.494078399999999,5.3492592,5.4216688,623508226.091568,3385495850.0,True,2020-07-22,0
2020-07-22,510500.SH,2.0133949,2.0644095,2.0061071,2.0352583,810283185.8722798,1652651744.0,True,2020-07-22,0
2020-07-22,512100.SH,0.946,0.964,0.942,0.956,16050500.0,15326691.0,True,2020-07-22,0
2020-07-23,510300.SH,5.3650988,5.418274599999999,5.2745868,5.392252399999999,380570138.7661305,2037385932.0,True,2020-07-23,0
2020-07-23,510500.SH,2.01816,2.0400234,1.9763953,2.0330159,821493831.6089904,1654684322.0,True,2020-07-23,0
2020-07-23,512100.SH,0.946,0.957,0.929,0.955,15847200.0,14981566.0,True,2020-07-23,0
2020-07-24,510300.SH,5.3469964,5.3650988,5.1218478,5.1523956,572991004.0657593,3002698170.0,True,2020-07-24,0
2020-07-24,510500.SH,2.0268493,2.0290917,1.9287443,1.9365927,1067068130.5743846,2113165760.0,True,2020-07-24,0
2020-07-24,512100.SH,0.95,0.959,0.907,0.91,17523700.0,16391893.0,True,2020-07-24,0
2020-07-27,510300.SH,5.1852062,5.222542399999999,5.1331618,5.184074799999999,274970303.16422135,1424772722.0,True,2020-07-27,0
2020-07-27,510500.SH,1.939676,1.9520092,1.9175323,1.9354715,753776318.2304673,1461561199.0,True,2020-07-27,0
2020-07-27,512100.SH,0.906,0.918,0.901,0.911,13421700.0,12225039.0,True,2020-07-27,0
2020-07-28,510300.SH,5.221411,5.2508274,5.1897318,5.2236738,330791310.76542336,1726997386.0,True,2020-07-28,0
2020-07-28,510500.SH,1.9494865,1.9646227,1.9385548,1.9553728,730686407.4206208,1426108279.0,True,2020-07-28,0
2020-07-28,512100.SH,0.915,0.925,0.913,0.921,14719600.0,13536463.0,True,2020-07-28,0
2020-07-29,510300.SH,5.210097,5.3775442,5.2033086,5.373018599999999,431664677.3908432,2295204610.0,True,2020-07-29,0
2020-07-29,510500.SH,1.9441608,2.0136752,1.942479,2.0108722,764689682.483054,1517267342.0,True,2020-07-29,0
2020-07-29,512100.SH,0.92,0.951,0.916,0.95,15180200.0,14226451.0,True,2020-07-29,0
2020-07-30,510300.SH,5.37415,5.382069799999999,5.3277626,5.3334196,262925961.64044547,1407409977.0,True,2020-07-30,0
2020-07-30,510500.SH,2.0119934,2.0220842,1.9979784,2.0038647,749361130.9311452,1504661423.0,True,2020-07-30,0
2020-07-30,512100.SH,0.952,0.955,0.943,0.947,13007900.0,12343549.0,True,2020-07-30,0
2020-07-31,510300.SH,5.328894,5.4409026,5.285900799999999,5.37415,458303592.00989926,2461206603.0,True,2020-07-31,0
2020-07-31,510500.SH,2.0033041,2.040584,1.9859255,2.0248872,972094698.5372816,1964297124.0,True,2020-07-31,0
2020-07-31,512100.SH,0.947,0.964,0.939,0.963,15802600.0,15080178.0,True,2020-07-31,0
2020-08-03,510300.SH,5.419406,5.4635306,5.3990408,5.459005,383943171.2922044,2085189584.0,True,2020-08-03,0
2020-08-03,510500.SH,2.0372204,2.0739397,2.0318947,2.0736594,843599568.3196576,1735424617.0,True,2020-08-03,0
2020-08-03,512100.SH,0.968,0.996,0.968,0.995,17458645.0,17174426.0,True,2020-08-03,0
2020-08-04,510300.SH,5.4861586,5.5019982,5.4352456,5.4635306,275236433.6220612,1504562149.0,True,2020-08-04,0
2020-08-04,510500.SH,2.0745003,2.0789851,2.0520763,2.0613262,633142661.4341776,1308986808.0,True,2020-08-04,0
2020-08-04,512100.SH,1.0,1.006,0.983,0.99,33157800.0,32933030.0,True,2020-08-04,0
2020-08-05,510300.SH,5.4556108,5.481633,5.3865954,5.4657934,265774654.4104649,1444229400.0,True,2020-08-05,0
2020-08-05,510500.SH,2.0616065,2.0879547,2.0445082,2.0809472,594603292.9004638,1229841961.0,True,2020-08-05,0
2020-08-05,512100.SH,0.988,1.0,0.979,0.998,16959800.0,16853900.0,True,2020-08-05,0
2020-08-06,510300.SH,5.4657934,5.4895528,5.3707558,5.445428199999999,198574311.47251192,1078135870.0,True,2020-08-06,0
2020-08-06,510500.SH,2.0812275,2.091038,2.0475915,2.0862729,498219907.2422405,1033603689.0,True,2020-08-06,0
2020-08-06,512100.SH,1.006,1.006,0.982,1.004,25223500.0,25106958.0,True,2020-08-06,0
2020-08-07,510300.SH,5.4341142,5.436376999999999,5.31758,5.391120999999999,303212922.04348594,1633338710.0,True,2020-08-07,0
2020-08-07,510500.SH,2.0801063,2.0812275,2.0257281000000003,2.060205,516418330.36032826,1061566894.0,True,2020-08-07,0
2020-08-07,512100.SH,1.0,1.0,0.97,0.988,31289600.0,30705192.0,True,2020-08-07,0
2020-08-10,510300.SH,5.354916199999999,5.4510852,5.311923,5.409223399999999,212502927.34665015,1145210281.0,True,2020-08-10,0
2020-08-10,510500.SH,2.048993,2.0845911,2.043387,2.0700155,434535230.1105958,896082494.0,True,2020-08-10,0
2020-08-10,512100.SH,0.983,0.999,0.98,0.993,17020000.0,16873339.0,True,2020-08-10,0
2020-08-11,510300.SH,5.413749,5.4884214,5.3469964,5.3560476,219244250.4861234,1192172419.0,True,2020-08-11,0
2020-08-11,510500.SH,2.0646898,2.0812275,2.0285311,2.0327356,415320631.4662861,856207679.0,True,2020-08-11,0
2020-08-11,512100.SH,0.993,0.995,0.968,0.97,18375900.0,18077642.0,True,2020-08-11,0
2020-08-12,510300.SH,5.345864999999999,5.362836,5.2293308,5.3198428,374810445.4657946,1982239077.0,True,2020-08-12,0
2020-08-12,510500.SH,2.023766,2.029372,1.9702287,2.006948,726441377.0959686,1449372357.0,True,2020-08-12,0
2020-08-12,512100.SH,0.97,0.97,0.931,0.954,15299400.0,14483040.0,True,2020-08-12,0
2020-08-13,510300.SH,5.334550999999999,5.3447336,5.2926892,5.3028718,174832766.4840021,929510040.0,True,2020-08-13,0
2020-08-13,510500.SH,2.0122737,2.0265690000000003,2.004145,2.0161979,545634677.1316447,1100033630.0,True,2020-08-13,0
2020-08-13,512100.SH,0.954,0.964,0.954,0.958,10383000.0,9961382.0,True,2020-08-13,0
2020-08-14,510300.SH,5.3040032,5.408092,5.283638,5.4058292,373153268.51688176,2003224522.0,True,2020-08-14,0
2020-08-14,510500.SH,2.0164782,2.0459097,2.0049859,2.0447885,848607574.0278273,1721408220.0,True,2020-08-14,0
2020-08-14,512100.SH,0.959,0.972,0.951,0.972,10416700.0,10048276.0,True,2020-08-14,0
2020-08-17,510300.SH,5.4284572,5.555174,5.411486200000001,5.5178378,498033397.5605445,2736783499.0,True,2020-08-17,0
2020-08-17,510500.SH,2.0442279,2.0775836,2.0352583,2.0739397,826915208.704959,1705692756.0,True,2020-08-17,0
2020-08-17,512100.SH,0.972,0.995,0.971,0.993,19247300.0,18977800.0,True,2020-08-17,0
2020-08-18,510300.SH,5.523494799999999,5.5348088,5.4805016,5.509918,308742941.48842144,1701347304.0,True,2020-08-18,0
2020-08-18,510500.SH,2.0730988,2.0974849,2.0728185,2.0887956,626477848.7334999,1307371061.0,True,2020-08-18,0
2020-08-18,512100.SH,0.996,1.003,0.992,1.003,14902300.0,14885870.0,True,2020-08-18,0
2020-08-19,510300.SH,5.5065238,5.5110494,5.420537400000001,5.4239316,358687549.0542691,1960455849.0,True,2020-08-19,0
2020-08-19,510500.SH,2.0885153,2.0887956,2.0520763,2.0534778,515116139.8501605,1066404121.0,True,2020-08-19,0
2020-08-19,512100.SH,1.002,1.002,0.98,0.984,12990400.0,12871995.0,True,2020-08-19,0
2020-08-20,510300.SH,5.396777999999999,5.409223399999999,5.343602199999999,5.3662302,304296263.0369454,1635643695.0,True,2020-08-20,0
2020-08-20,510500.SH,2.0548793,2.0560005,2.0265690000000003,2.0332962,560436154.1205851,1142722453.0,True,2020-08-20,0
2020-08-20,512100.SH,0.983,0.983,0.965,0.969,11022100.0,10717979.0,True,2020-08-20,0
2020-08-21,510300.SH,5.3933838000000005,5.438639800000001,5.3673616,5.411486200000001,255726610.39420187,1383398799.0,True,2020-08-21,0
2020-08-21,510500.SH,2.0363795,2.0613262,2.0296523,2.0453491,508933999.2864788,1043092794.0,True,2020-08-21,0
2020-08-21,512100.SH,0.972,0.983,0.97,0.978,38268900.0,37441792.0,True,2020-08-21,0
2020-08-24,510300.SH,5.436376999999999,5.4657934,5.4058292,5.445428199999999,367628159.8020152,2001903982.0,True,2020-08-24,0
2020-08-24,510500.SH,2.051796,2.0616065,2.0274099,2.0562808,530531573.3143061,1088905637.0,True,2020-08-24,0
2020-08-24,512100.SH,0.98,0.993,0.97,0.989,42545800.0,41845022.0,True,2020-08-24,0
2020-08-25,510300.SH,5.4601364,5.509918,5.4341142,5.4556108,191031690.82552588,1045169798.0,True,2020-08-25,0
2020-08-25,510500.SH,2.060205,2.0750609,2.0411446,2.0459097,488719407.77738136,1003981922.0,True,2020-08-25,0
2020-08-25,512100.SH,0.993,0.998,0.986,0.99,13578300.0,13482371.0,True,2020-08-25,0
2020-08-26,510300.SH,5.4522166,5.4861586,5.3707558,5.3888582,296077161.0394202,1602850783.0,True,2020-08-26,0
2020-08-26,510500.SH,2.0436673,2.0506748,2.0016223,2.0114328,711250445.950767,1438663102.0,True,2020-08-26,0
2020-08-26,512100.SH,0.989,0.989,0.961,0.964,14232200.0,13847575.0,True,2020-08-26,0
2020-08-27,510300.SH,5.3956466,5.4318514,5.362836,5.429588600000001,183340539.1550292,990307792.0,True,2020-08-27,0
2020-08-27,510500.SH,2.0114328,2.0304932,2.0005011,2.029372,586874381.0203353,1183726303.0,True,2020-08-27,0
2020-08-27,512100.SH,0.968,0.978,0.96,0.977,15270700.0,14835752.0,True,2020-08-27,0
2020-08-28,510300.SH,5.4228002,5.572145,5.4058292,5.5630938,490539583.7016087,2700358154.0,True,2020-08-28,0
2020-08-28,510500.SH,2.0260084,2.0663716,2.0159176,2.0638489,987006393.1501962,2020957854.0,True,2020-08-28,0
2020-08-28,512100.SH,0.974,0.991,0.971,0.991,18331900.0,17995284.0,True,2020-08-28,0
2020-08-31,510300.SH,5.594773,5.6207952,5.509918,5.514443599999999,431940216.5458725,2411052931.0,True,2020-08-31,0
2020-08-31,510500.SH,2.0705761,2.085432,2.0526369,2.0534778,831616585.8009276,1722977544.0,True,2020-08-31,0
2020-08-31,512100.SH,0.996,1.003,0.991,0.991,19438100.0,19382042.0,True,2020-08-31,0
2020-09-01,510300.SH,5.5053924,5.555174,5.498604,5.5529112000000005,212597688.70426023,1174549250.0,True,2020-09-01,0
2020-09-01,510500.SH,2.048993,2.068614,2.0464703,2.0680534,523449211.5590439,1076599882.0,True,2020-09-01,0
2020-09-01,512100.SH,0.993,0.997,0.986,0.997,13322700.0,13215295.0,True,2020-09-01,0
2020-09-02,510300.SH,5.565356599999999,5.572145,5.4918156,5.5483856,341085999.6464557,1888805896.0,True,2020-09-02,0
2020-09-02,510500.SH,2.0691746,2.0756215,2.0447885,2.0666519,1057300599.3578308,2179588403.0,True,2020-09-02,0
2020-09-02,512100.SH,0.998,1.004,0.99,1.001,16869100.0,16838448.0,True,2020-09-02,0
2020-09-03,510300.SH,5.541597199999999,5.589116000000001,5.4997354,5.5257576,203137952.97861052,1126381241.0,True,2020-09-03,0
2020-09-03,510500.SH,2.0655307,2.0750609,2.0484324,2.0554399,494247363.5390653,1019448125.0,True,2020-09-03,0
2020-09-03,512100.SH,1.001,1.002,0.986,0.99,10972200.0,10924698.0,True,2020-09-03,0
2020-09-04,510300.SH,5.442034,5.4838958,5.420537400000001,5.4635306,331538330.387131,1805338853.0,True,2020-09-04,0
2020-09-04,510500.SH,2.0327356,2.0459097,2.0201221,2.0414249,650001348.5551195,1318613075.0,True,2020-09-04,0
2020-09-04,512100.SH,0.982,0.99,0.973,0.99,13530200.0,13277150.0,True,2020-09-04,0
2020-09-07,510300.SH,5.453348,5.492947,5.328894,5.3537848,393977940.60456073,2132974128.0,True,2020-09-07,0
2020-09-07,510500.SH,2.0360992,2.0571217,1.9904103,1.9988193,759473175.1694613,1538526940.0,True,2020-09-07,0
2020-09-07,512100.SH,0.988,0.997,0.968,0.971,13200900.0,13009273.0,True,2020-09-07,0
2020-09-08,510300.SH,5.362836,5.396777999999999,5.3221056,5.3809384,429397472.15838784,2301096971.0,True,2020-09-08,0
2020-09-08,510500.SH,2.0010617,2.0192812,1.9859255,2.0114328,594244391.7231538,1188749977.0,True,2020-09-08,0
2020-09-08,512100.SH,0.97,0.98,0.963,0.98,13769400.0,13382205.0,True,2020-09-08,0
2020-09-09,510300.SH,5.31758,5.328894,5.221411,5.255353,455625464.91073006,2407141145.0,True,2020-09-09,0
2020-09-09,510500.SH,1.9909709,1.9971375,1.9483653,1.9612591,778254241.8836961,1535280897.0,True,2020-09-09,0
2020-09-09,512100.SH,0.975,0.975,0.946,0.948,16883500.0,16206486.0,True,2020-09-09,0
2020-09-10,510300.SH,5.2994776,5.3243684,5.242907600000001,5.2598786,374347590.5957221,1982854311.0,True,2020-09-10,0
2020-09-10,510500.SH,1.9713499,1.9766756,1.9178126,1.9276231,991106760.6136284,1931492475.0,True,2020-09-10,0
2020-09-10,512100.SH,0.953,0.955,0.912,0.917,14622000.0,13649124.0,True,2020-09-10,0
2020-09-11,510300.SH,5.238382,5.3096602,5.2349878,5.300609,247433510.6947145,1305435223.0,True,2020-09-11,0
2020-09-11,510500.SH,1.9164111,1.948085,1.9141687,1.9438805,802774348.9118801,1552965334.0,True,2020-09-11,0
2020-09-11,512100.SH,0.912,0.932,0.911,0.931,13764200.0,12683211.0,True,2020-09-11,0
2020-09-14,510300.SH,5.325499799999999,5.3447336,5.300609,5.3311568,232980972.24677396,1240126300.0,True,2020-09-14,0
2020-09-14,510500.SH,1.9556531,1.9640621,1.939676,1.9587364,848139850.1605422,1657352544.0,True,2020-09-14,0
2020-09-14,512100.SH,0.934,0.949,0.931,0.943,9659100.0,9110671.0,True,2020-09-14,0
2020-09-15,510300.SH,5.323237,5.379807,5.3107916,5.3707558,258847978.610571,1384217308.0,True,2020-09-15,0
2020-09-15,510500.SH,1.9542516,1.970509,1.9500471,1.9665848,498860863.360685,977202069.0,True,2020-09-15,0
2020-09-15,512100.SH,0.944,0.951,0.941,0.95,12943800.0,12234524.0,True,2020-09-15,0
2020-09-16,510300.SH,5.368493,5.373018599999999,5.3198428,5.3390766,166972471.27452713,893325908.0,True,2020-09-16,0
2020-09-16,510500.SH,1.9668651,1.9668651,1.950888,1.9604182,451017481.2700678,883850999.0,True,2020-09-16,0
2020-09-16,512100.SH,0.95,0.95,0.936,0.942,12255700.0,11544258.0,True,2020-09-16,0
2020-09-17,510300.SH,5.3209742,5.357179,5.2802438,5.306266,360743645.92540216,1916736898.0,True,2020-09-17,0
2020-09-17,510500.SH,1.953691,1.9800392,1.9416381,1.9646227,665861933.6425259,1304144544.0,True,2020-09-17,0
2020-09-17,512100.SH,0.942,0.954,0.934,0.947,27726000.0,26186792.0,True,2020-09-17,0
2020-09-18,510300.SH,5.311923,5.445428199999999,5.3096602,5.4431654,772068084.6738554,4159028072.0,True,2020-09-18,0
2020-09-18,510500.SH,1.9621,2.0010617,1.959297,2.0002208,730265073.1359258,1447599138.0,True,2020-09-18,0
2020-09-18,512100.SH,0.948,0.963,0.946,0.963,14474900.0,13791507.0,True,2020-09-18,0
2020-09-21,510300.SH,5.447691,5.48729,5.37415,5.3809384,337299286.72441226,1825584796.0,True,2020-09-21,0
2020-09-21,510500.SH,1.998539,2.0075086,1.9825619,1.9859255,982068854.7984304,1956675126.0,True,2020-09-21,0
2020-09-21,512100.SH,0.963,0.968,0.96,0.963,13447600.0,12957236.0,True,2020-09-21,0
2020-09-22,510300.SH,5.345864999999999,5.4035664,5.2938206,5.316448599999999,511325284.60314655,2730884257.0,True,2020-09-22,0
2020-09-22,510500.SH,1.9747135,1.9960163,1.9528501,1.9612591,669743845.8794149,1322935303.0,True,2020-09-22,0
2020-09-22,512100.SH,0.957,0.962,0.942,0.944,30598100.0,29126834.0,True,2020-09-22,0
2020-09-23,510300.SH,5.3209742,5.3503906,5.2994776,5.3322882,411884592.5402157,2194437868.0,True,2020-09-23,0
2020-09-23,510500.SH,1.9623803,1.9766756,1.959297,1.9707893,442365258.6514449,870583869.0,True,2020-09-23,0
2020-09-23,512100.SH,0.946,0.956,0.94,0.954,27223900.0,25857623.0,True,2020-09-23,0
2020-09-24,510300.SH,5.300609,5.3130544,5.232724999999999,5.2451704,304492062.9308821,1602695301.0,True,2020-09-24,0
2020-09-24,510500.SH,1.9578955,1.9606985,1.9251004,1.9326685,936537149.4826972,1815568811.0,True,2020-09-24,0
2020-09-24,512100.SH,0.949,0.949,0.927,0.929,63029800.0,58968120.0,True,2020-09-24,0
2020-09-25,510300.SH,5.2530902,5.2791124,5.2281994,5.2485646,287581050.91037655,1509949944.0,True,2020-09-25,0
2020-09-25,510500.SH,1.9329488,1.9407972,1.9166914,1.9267822,639825269.3542633,1233346006.0,True,2020-09-25,0
2020-09-25,512100.SH,0.93,0.947,0.918,0.924,52253700.0,48393736.0,True,2020-09-25,0
2020-09-28,510300.SH,5.251958800000001,5.2960834,5.244039,5.2598786,269294325.6142832,1418157832.0,True,2020-09-28,0
2020-09-28,510500.SH,1.931267,1.93407,1.9040779,1.908843,582334470.2104888,1115266209.0,True,2020-09-28,0
2020-09-28,512100.SH,0.922,0.925,0.911,0.913,20273700.0,18625003.0,True,2020-09-28,0
2020-09-29,510300.SH,5.283638,5.3028718,5.2632728,5.272324,279194813.50539154,1474785387.0,True,2020-09-29,0
2020-09-29,510500.SH,1.914449,1.9402366,1.9099642,1.922858,815402682.8398147,1571791929.0,True,2020-09-29,0
2020-09-29,512100.SH,0.912,0.926,0.912,0.922,27118200.0,25002978.0,True,2020-09-29,0
2020-09-30,510300.SH,5.2870322,5.311923,5.227068,5.2564844,402077241.47074425,2117459400.0,True,2020-09-30,0
2020-09-30,510500.SH,1.9242595,1.9343503,1.8959492,1.9096839,825984438.1020335,1581858318.0,True,2020-09-30,0
2020-09-30,512100.SH,0.922,0.926,0.912,0.917,90736800.0,83505442.0,True,2020-09-30,0
2020-10-09,510300.SH,5.3413394,5.391120999999999,5.340208,5.3617046,317895296.0933357,1703741732.0,True,2020-10-09,0
2020-10-09,510500.SH,1.9391154,1.967706,1.9391154,1.959297,693402069.211559,1358413820.0,True,2020-10-09,0
2020-10-09,512100.SH,0.926,0.947,0.926,0.944,101547800.0,95674013.0,True,2020-10-09,0
2020-10-12,510300.SH,5.391120999999999,5.5359402,5.3888582,5.529151799999999,319031972.7770904,1747762574.0,True,2020-10-12,0
2020-10-12,510500.SH,1.973312,2.0204024,1.9727514,2.0192812,614716214.7698895,1230501431.0,True,2020-10-12,0
2020-10-12,512100.SH,0.945,0.978,0.945,0.977,60864600.0,58909857.0,True,2020-10-12,0
2020-10-13,510300.SH,5.5302832,5.559699599999999,5.498604,5.547254199999999,282874252.2538448,1562011927.0,True,2020-10-13,0
2020-10-13,510500.SH,2.0139555,2.0226448,1.9990996,2.0198418,696136996.0756333,1399063847.0,True,2020-10-13,0
2020-10-13,512100.SH,0.978,0.982,0.969,0.981,46478900.0,45268560.0,True,2020-10-13,0
2020-10-14,510300.SH,5.532545999999999,5.5404658,5.5019982,5.520100599999999,246551437.157504,1360025596.0,True,2020-10-14,0
2020-10-14,510500.SH,2.0170388,2.01816,2.0058268,2.0108722,511850981.0916875,1029655874.0,True,2020-10-14,0
2020-10-14,512100.SH,0.981,0.981,0.969,0.971,19787300.0,19241623.0,True,2020-10-14,0
2020-10-15,510300.SH,5.514443599999999,5.5449914,5.4963412,5.5065238,292140995.2271522,1611849494.0,True,2020-10-15,0
2020-10-15,510500.SH,2.0080692,2.015357,1.9948951,1.995736,542948829.8251873,1086076633.0,True,2020-10-15,0
2020-10-15,512100.SH,0.971,0.973,0.963,0.963,9131400.0,8840776.0,True,2020-10-15,0
2020-10-16,510300.SH,5.503129599999999,5.5348088,5.457873599999999,5.4906842,250636992.2220258,1379059690.0,True,2020-10-16,0
2020-10-16,510500.SH,1.9988193,2.0007814,1.9699484,1.9848043,534548565.8223332,1061850533.0,True,2020-10-16,0
2020-10-16,512100.SH,0.964,0.972,0.951,0.961,13864300.0,13282815.0,True,2020-10-16,0
2020-10-19,510300.SH,5.521232,5.566488,5.4352456,5.4556108,532018050.203288,2924978826.0,True,2020-10-19,0
2020-10-19,510500.SH,1.995736,2.0038647,1.9578955,1.9654636,1065967466.9996432,2103726156.0,True,2020-10-19,0
2020-10-19,512100.SH,0.964,0.967,0.951,0.954,20070500.0,19269301.0,True,2020-10-19,0
2020-10-20,510300.SH,5.4431654,5.4918156,5.438639800000001,5.4895528,242100936.8923458,1322702077.0,True,2020-10-20,0
2020-10-20,510500.SH,1.9609788,1.9836831,1.9531304,1.981721,518172422.4045665,1018458003.0,True,2020-10-20,0
2020-10-20,512100.SH,0.954,0.965,0.945,0.965,23426300.0,22417902.0,True,2020-10-20,0
2020-10-21,510300.SH,5.492947,5.503129599999999,5.4510852,5.4963412,308374315.0079548,1690610422.0,True,2020-10-21,0
2020-10-21,510500.SH,1.978918,1.9839634,1.9517289,1.9654636,594806254.013557,1168546457.0,True,2020-10-21,0
2020-10-21,512100.SH,0.965,0.966,0.945,0.951,25574900.0,24369196.0,True,2020-10-21,0
2020-10-22,510300.SH,5.4805016,5.4974726,5.4216688,5.4782388,227283318.89694187,1239996905.0,True,2020-10-22,0
2020-10-22,510500.SH,1.959297,1.9618197,1.9343503,1.9531304,563206107.7417053,1097041370.0,True,2020-10-22,0
2020-10-22,512100.SH,0.952,0.952,0.935,0.945,21705900.0,20477698.0,True,2020-10-22,0
2020-10-23,510300.SH,5.466924799999999,5.5065238,5.409223399999999,5.4148804,686588045.7839844,3742156538.0,True,2020-10-23,0
2020-10-23,510500.SH,1.9486456,1.9674257,1.9175323,1.9211762,659717898.6799858,1279311200.0,True,2020-10-23,0
2020-10-23,512100.SH,0.945,0.95,0.923,0.928,24151500.0,22701384.0,True,2020-10-23,0
2020-10-26,510300.SH,5.382069799999999,5.4035664,5.3243684,5.37415,448247635.672618,2405937650.0,True,2020-10-26,0
2020-10-26,510500.SH,1.9194944,1.9287443,1.8925856,1.9194944,668479878.7013913,1279165215.0,True,2020-10-26,0
2020-10-26,512100.SH,0.928,0.93,0.911,0.927,25221100.0,23237356.0,True,2020-10-26,0
2020-10-27,510300.SH,5.3594418,5.396777999999999,5.354916199999999,5.3899896,264582652.46597135,1423170547.0,True,2020-10-27,0
2020-10-27,510500.SH,1.9099642,1.9242595,1.9068809,1.9189338,415506878.3446308,796052370.0,True,2020-10-27,0
2020-10-27,512100.SH,0.922,0.934,0.922,0.934,26101300.0,24238448.0,True,2020-10-27,0
2020-10-28,510300.SH,5.387726799999999,5.4510852,5.3707558,5.4352456,426753706.02793,2308480718.0,True,2020-10-28,0
2020-10-28,510500.SH,1.9189338,1.9318276,1.9035173,1.9301458,468214413.1287906,898423576.0,True,2020-10-28,0
2020-10-28,512100.SH,0.934,0.935,0.917,0.933,28732000.0,26633078.0,True,2020-10-28,0
2020-10-29,510300.SH,5.3843326000000005,5.5110494,5.3764128,5.485027199999999,327934210.71239173,1788027264.0,True,2020-10-29,0
2020-10-29,510500.SH,1.9110854,1.9433199,1.9074415,1.9329488,600449867.998573,1157715882.0,True,2020-10-29,0
2020-10-29,512100.SH,0.916,0.936,0.915,0.934,24416600.0,22719776.0,True,2020-10-29,0
2020-10-30,510300.SH,5.4737132,5.4838958,5.3718872,5.382069799999999,339922083.2596783,1841396295.0,True,2020-10-30,0
2020-10-30,510500.SH,1.9326685,1.9450017,1.8866993,1.889222,762260324.6521584,1457014653.0,True,2020-10-30,0
2020-10-30,512100.SH,0.935,0.936,0.909,0.91,25336200.0,23435334.0,True,2020-10-30,0
2020-11-02,510300.SH,5.3843326000000005,5.4352456,5.3843326000000005,5.413749,176918887.21937424,957490285.0,True,2020-11-02,0
2020-11-02,510500.SH,1.8906235,1.9057597,1.886419,1.8959492,507720299.6789154,962896618.0,True,2020-11-02,0
2020-11-02,512100.SH,0.92,0.92,0.903,0.91,25935800.0,23545680.0,True,2020-11-02,0
2020-11-03,510300.SH,5.43072,5.5019982,5.43072,5.4714504,314754229.2734665,1720609438.0,True,2020-11-03,0
2020-11-03,510500.SH,1.9035173,1.9301458,1.8984719,1.925661,535525008.91901535,1027347211.0,True,2020-11-03,0
2020-11-03,512100.SH,0.911,0.931,0.911,0.93,34714100.0,32060567.0,True,2020-11-03,0
2020-11-04,510300.SH,5.481633,5.538202999999999,5.464662,5.5133122,304701118.08379,1675789715.0,True,2020-11-04,0
2020-11-04,510500.SH,1.925661,1.9329488,1.9068809,1.9253807,696275062.4331074,1337465863.0,True,2020-11-04,0
2020-11-04,512100.SH,0.933,0.934,0.919,0.925,31657600.0,29281569.0,True,2020-11-04,0
2020-11-05,510300.SH,5.566488,5.6038242,5.5438600000000005,5.5992986,332238280.8909316,1854962369.0,True,2020-11-05,0
2020-11-05,510500.SH,1.9399563,1.9674257,1.9343503,1.9635015,632159329.2900463,1233058623.0,True,2020-11-05,0
2020-11-05,512100.SH,0.93,0.945,0.93,0.943,29750200.0,27863088.0,True,2020-11-05,0
2020-11-06,510300.SH,5.6094812,5.614006799999999,5.5529112000000005,5.6015614,312996004.06575924,1747900635.0,True,2020-11-06,0
2020-11-06,510500.SH,1.9635015,1.9665848,1.9295852,1.9489259,612974109.882269,1191069836.0,True,2020-11-06,0
2020-11-06,512100.SH,0.941,0.946,0.928,0.935,34733100.0,32509861.0,True,2020-11-06,0
2020-11-09,510300.SH,5.634372,5.7407236,5.634372,5.7113072,528538050.203288,3010717306.0,True,2020-11-09,0
2020-11-09,510500.SH,1.956494,1.9940542,1.9562137,1.9808801,917112640.0285408,1817105999.0,True,2020-11-09,0
2020-11-09,512100.SH,0.939,0.962,0.939,0.958,38135500.0,36340699.0,True,2020-11-09,0
2020-11-10,510300.SH,5.724883999999999,5.728278199999999,5.6479488,5.6807594,340096064.1682871,1934778678.0,True,2020-11-10,0
2020-11-10,510500.SH,1.9884482,1.9884482,1.9542516,1.9674257,856942918.3018194,1687900719.0,True,2020-11-10,0
2020-11-10,512100.SH,0.962,0.962,0.943,0.948,31770300.0,30215551.0,True,2020-11-10,0
2020-11-11,510300.SH,5.6660512,5.688679199999999,5.6219266,5.6275836,348305285.48700726,1969353182.0,True,2020-11-11,0
2020-11-11,510500.SH,1.9621,1.9707893,1.9433199,1.9436002,361425797.35997146,707111461.0,True,2020-11-11,0
2020-11-11,512100.SH,0.949,0.949,0.932,0.932,31311300.0,29432327.0,True,2020-11-11,0
2020-11-12,510300.SH,5.634372,5.6502116,5.6072184,5.6241894,228065118.43733427,1283521965.0,True,2020-11-12,0
2020-11-12,510500.SH,1.9450017,1.9601379,1.942479,1.9500471,359781348.5551195,701426508.0,True,2020-11-12,0
2020-11-12,512100.SH,0.931,0.94,0.931,0.935,29488900.0,27591484.0,True,2020-11-12,0
2020-11-13,510300.SH,5.6015614,5.6038242,5.529151799999999,5.566488,382647945.0238642,2124647713.0,True,2020-11-13,0
2020-11-13,510500.SH,1.9447214,1.9528501,1.9276231,1.9506077,531209992.86478776,1030845300.0,True,2020-11-13,0
2020-11-13,512100.SH,0.934,0.94,0.928,0.937,31169300.0,29110545.0,True,2020-11-13,0
2020-11-16,510300.SH,5.594773,5.628715,5.556305399999999,5.626452199999999,251996340.8166873,1409715394.0,True,2020-11-16,0
2020-11-16,510500.SH,1.9542516,1.973312,1.945282,1.9730317,477129500.5351409,937395964.0,True,2020-11-16,0
2020-11-16,512100.SH,0.938,0.949,0.935,0.949,28086800.0,26513442.0,True,2020-11-16,0
2020-11-17,510300.SH,5.6196638,5.623058,5.5823276,5.6162696,264070723.88191625,1479905275.0,True,2020-11-17,0
2020-11-17,510500.SH,1.9713499,1.9719105,1.9494865,1.9598576,419036532.2868355,820197350.0,True,2020-11-17,0
2020-11-17,512100.SH,0.946,0.947,0.931,0.937,35070500.0,32852697.0,True,2020-11-17,0
2020-11-18,510300.SH,5.611744,5.6366348,5.5823276,5.6083498,318807395.26250666,1790609652.0,True,2020-11-18,0
2020-11-18,510500.SH,1.9587364,1.9752741,1.950888,1.9581758,573586514.4488049,1126237962.0,True,2020-11-18,0
2020-11-18,512100.SH,0.938,0.944,0.934,0.939,28963700.0,27177825.0,True,2020-11-18,0
2020-11-19,510300.SH,5.595904399999999,5.670576799999999,5.586853199999999,5.6558686,238712657.7691356,1345193263.0,True,2020-11-19,0
2020-11-19,510500.SH,1.9550925,1.9719105,1.9436002,1.9691075,449071302.1762398,880651273.0,True,2020-11-19,0
2020-11-19,512100.SH,0.934,0.945,0.931,0.944,27857500.0,26189249.0,True,2020-11-19,0
2020-11-20,510300.SH,5.657,5.679627999999999,5.6411604,5.6728396,251461327.55877677,1423546310.0,True,2020-11-20,0
2020-11-20,510500.SH,1.9621,1.9895694,1.9621,1.9856452,585667413.4855512,1159224809.0,True,2020-11-20,0
2020-11-20,512100.SH,0.944,0.953,0.94,0.951,35007900.0,33193925.000000004,True,2020-11-20,0
2020-11-23,510300.SH,5.690942,5.775797,5.6671826,5.7384608,460621430.9704791,2636959456.0,True,2020-11-23,0
2020-11-23,510500.SH,1.9862058,2.0175994,1.9777968,2.0005011,740011116.6607207,1478258588.0,True,2020-11-23,0
2020-11-23,512100.SH,0.951,0.961,0.946,0.959,39108900.0,37353217.0,True,2020-11-23,0
2020-11-24,510300.SH,5.7350666,5.741855,5.692073399999999,5.702256,305941407.99010074,1747429494.0,True,2020-11-24,0
2020-11-24,510500.SH,1.9999405,2.006948,1.9962966,1.9999405,485140196.2183376,971021886.0,True,2020-11-24,0
2020-11-24,512100.SH,0.959,0.959,0.954,0.955,27633400.0,26421675.0,True,2020-11-24,0
2020-11-25,510300.SH,5.719226999999999,5.7441178,5.6298464,5.6321092,375814044.5465794,2134951326.0,True,2020-11-25,0
2020-11-25,510500.SH,2.0047056,2.0077889,1.964903,1.9679863,435320727.7916518,862522474.0,True,2020-11-25,0
2020-11-25,512100.SH,0.956,0.958,0.94,0.94,27359200.0,25935659.0,True,2020-11-25,0
2020-11-26,510300.SH,5.6298464,5.645686,5.5857218,5.640029,349866196.7473926,1966293317.0,True,2020-11-26,0
2020-11-26,510500.SH,1.967706,1.9702287,1.9475244,1.9621,596530531.5733143,1166919264.0,True,2020-11-26,0
2020-11-26,512100.SH,0.94,0.942,0.928,0.933,35224400.0,32896531.000000004,True,2020-11-26,0
2020-11-27,510300.SH,5.640029,5.724883999999999,5.6309778,5.7203584,334789428.14212483,1897536955.0,True,2020-11-27,0
2020-11-27,510500.SH,1.9626606,1.9707893,1.9402366,1.9702287,523686764.1812344,1024254265.0,True,2020-11-27,0
2020-11-27,512100.SH,0.934,0.936,0.925,0.936,26196800.0,24367756.0,True,2020-11-27,0
2020-11-30,510300.SH,5.7350666,5.804081999999999,5.688679199999999,5.692073399999999,472967771.7871664,2720233205.0,True,2020-11-30,0
2020-11-30,510500.SH,1.970509,1.981721,1.9497668,1.9556531,750691291.4734213,1477980031.0,True,2020-11-30,0
2020-11-30,512100.SH,0.935,0.939,0.926,0.931,31535500.0,29465486.0,True,2020-11-30,0
2020-12-01,510300.SH,5.6875478,5.82671,5.6864164,5.8176588,420084541.2762949,2427406342.0,True,2020-12-01,0
2020-12-01,510500.SH,1.9528501,1.9937739,1.9511683,1.9870467,586277031.7516947,1160475839.0,True,2020-12-01,0
2020-12-01,512100.SH,0.931,0.945,0.926,0.945,30313600.0,28429779.0,True,2020-12-01,0
2020-12-02,510300.SH,5.821052999999999,5.843681,5.7791912,5.8052134,258924233.69277003,1504583763.0,True,2020-12-02,0
2020-12-02,510500.SH,1.9876073,1.9934936,1.9752741,1.9887285,769616393.1501962,1526854734.0,True,2020-12-02,0
2020-12-02,512100.SH,0.945,0.948,0.941,0.946,28307700.0,26733937.0,True,2020-12-02,0
2020-12-03,510300.SH,5.7995564,5.8233158000000005,5.773534199999999,5.802950599999999,220069685.34558955,1276108539.0,True,2020-12-03,0
2020-12-03,510500.SH,1.9881679,2.0007814,1.9749938,1.9954557,691021191.5804496,1372137043.0,True,2020-12-03,0
2020-12-03,512100.SH,0.943,0.948,0.938,0.944,22781100.0,21491921.0,True,2020-12-03,0
2020-12-04,510300.SH,5.792768,5.8233158000000005,5.747512,5.815396,291810818.4550115,1690672152.0,True,2020-12-04,0
2020-12-04,510500.SH,1.99013,2.0035844,1.9797589,2.0027435,465606849.8037817,927460474.0,True,2020-12-04,0
2020-12-04,512100.SH,0.943,0.953,0.94,0.952,32428100.0,30718933.0,True,2020-12-04,0
2020-12-07,510300.SH,5.815396,5.8176588,5.7441178,5.7656144,317637732.0134347,1833454989.0,True,2020-12-07,0
2020-12-07,510500.SH,2.0019026,2.0044253,1.9828422,1.9881679,666376025.6867642,1326764449.0,True,2020-12-07,0
2020-12-07,512100.SH,0.954,0.954,0.947,0.949,23103700.0,21976923.0,True,2020-12-07,0
2020-12-08,510300.SH,5.7656144,5.792768,5.7384608,5.747512,319296334.6296624,1839851218.0,True,2020-12-08,0
2020-12-08,510500.SH,1.9864861,1.9974178,1.9842437,1.9856452,479924331.07384944,955468466.0,True,2020-12-08,0
2020-12-08,512100.SH,0.95,0.951,0.946,0.947,29647700.0,28110694.0,True,2020-12-08,0
2020-12-09,510300.SH,5.764482999999999,5.7780598,5.6694454,5.679627999999999,502519559.8373696,2876485547.0,True,2020-12-09,0
2020-12-09,510500.SH,1.987327,1.99013,1.9528501,1.9548122,775389682.4830538,1528511126.0,True,2020-12-09,0
2020-12-09,512100.SH,0.947,0.947,0.929,0.931,20795900.0,19572690.0,True,2020-12-09,0
2020-12-10,510300.SH,5.668314,5.6932048,5.6479488,5.668314,281905064.5218314,1598596517.0,True,2020-12-10,0
2020-12-10,510500.SH,1.9450017,1.9674257,1.9413578,1.9581758,435545158.7584731,851369888.0,True,2020-12-10,0
2020-12-10,512100.SH,0.931,0.936,0.924,0.931,25401300.0,23569662.0,True,2020-12-10,0
2020-12-11,510300.SH,5.679627999999999,5.696599,5.5642252,5.604955599999999,356206425.6673148,2000650455.0,True,2020-12-11,0
2020-12-11,510500.SH,1.9590167,1.9657439,1.9152899,1.9262216,648261148.7691759,1252334270.0,True,2020-12-11,0
2020-12-11,512100.SH,0.93,0.933,0.909,0.918,29393200.0,27046907.0,True,2020-12-11,0
2020-12-14,510300.SH,5.6106126,5.6592628,5.598167200000001,5.6547372000000005,222633667.13805905,1254112959.0,True,2020-12-14,0
2020-12-14,510500.SH,1.9262216,1.9419184,1.9152899,1.9405169,428532729.2186943,827205626.0,True,2020-12-14,0
2020-12-14,512100.SH,0.916,0.928,0.91,0.926,33794900.0,31139752.0,True,2020-12-14,0
2020-12-15,510300.SH,5.6547372000000005,5.679627999999999,5.6185324,5.671708199999999,251381207.35372105,1419141948.0,True,2020-12-15,0
2020-12-15,510500.SH,1.9363124,1.9455623,1.9304261,1.942479,566366214.7698895,1097402207.0,True,2020-12-15,0
2020-12-15,512100.SH,0.925,0.93,0.923,0.929,21324900.0,19754220.0,True,2020-12-15,0
2020-12-16,510300.SH,5.679627999999999,5.690942,5.661525599999999,5.683022199999999,251088474.45642567,1425691988.0,True,2020-12-16,0
2020-12-16,510500.SH,1.942479,1.945282,1.9281837,1.9351912,324640495.897253,628507346.0,True,2020-12-16,0
2020-12-16,512100.SH,0.926,0.929,0.92,0.92,18007800.0,16632561.000000002,True,2020-12-16,0
2020-12-17,510300.SH,5.6818908,5.7678772,5.6728396,5.7633516,412083162.45359737,2356909280.0,True,2020-12-17,0
2020-12-17,510500.SH,1.93407,1.9615394,1.9217368,1.9587364,733025497.681056,1426146814.0,True,2020-12-17,0
2020-12-17,512100.SH,0.92,0.932,0.912,0.93,27010200.0,24883328.0,True,2020-12-17,0
2020-12-18,510300.SH,5.758826,5.764482999999999,5.7056502,5.7305410000000006,407204613.7528726,2334924963.0,True,2020-12-18,0
2020-12-18,510500.SH,1.956494,1.9635015,1.9421987,1.9520092,694640742.0620763,1357418026.0,True,2020-12-18,0
2020-12-18,512100.SH,0.929,0.934,0.925,0.928,28885000.0,26859051.0,True,2020-12-18,0
2020-12-21,510300.SH,5.7271468,5.7938994,5.696599,5.781454,394110079.54746336,2272522629.0,True,2020-12-21,0
2020-12-21,510500.SH,1.9511683,1.9881679,1.9500471,1.9831225,691549275.7759544,1368300597.0,True,2020-12-21,0
2020-12-21,512100.SH,0.928,0.945,0.926,0.944,35552400.0,33400828.0,True,2020-12-21,0
2020-12-22,510300.SH,5.7690086,5.7893738,5.6864164,5.6943362,455539184.1965706,2620513199.0,True,2020-12-22,0
2020-12-22,510500.SH,1.9820013,1.9820013,1.939676,1.9450017,765468719.2293969,1501835581.0,True,2020-12-22,0
2020-12-22,512100.SH,0.944,0.944,0.925,0.926,55524400.0,52089533.0,True,2020-12-22,0
2020-12-23,510300.SH,5.702256,5.7678772,5.6988618,5.7407236,299352313.9473219,1715172081.0,True,2020-12-23,0
2020-12-23,510500.SH,1.945282,1.9679863,1.9374336,1.9553728,662742418.8369604,1295439769.0,True,2020-12-23,0
2020-12-23,512100.SH,0.94,0.94,0.924,0.932,72641000.0,67569146.0,True,2020-12-23,0
2020-12-24,510300.SH,5.7407236,5.766745800000001,5.71357,5.7407236,338851643.0970479,1946157074.0,True,2020-12-24,0
2020-12-24,510500.SH,1.9545319,1.9550925,1.9262216,1.9307064,687018637.174456,1331335316.0,True,2020-12-24,0
2020-12-24,512100.SH,0.932,0.932,0.917,0.921,48058400.0,44357943.0,True,2020-12-24,0
2020-12-25,510300.SH,5.7180956,5.7916366,5.7056502,5.7882424,356510631.960403,2053182584.0,True,2020-12-25,0
2020-12-25,510500.SH,1.9245398,1.9528501,1.9231383,1.9489259,791796289.6896182,1536050357.0,True,2020-12-25,0
2020-12-25,512100.SH,0.922,0.929,0.913,0.925,131644000.0,121261208.0,True,2020-12-25,0
2020-12-28,510300.SH,5.7837168,5.838024,5.773534199999999,5.804081999999999,395200648.75375634,2291869850.0,True,2020-12-28,0
2020-12-28,510500.SH,1.9458426,1.9534107,1.9304261,1.936873,763441997.8594364,1480109309.0,True,2020-12-28,0
2020-12-28,512100.SH,0.923,0.926,0.915,0.922,28841600.0,26543055.0,True,2020-12-28,0
2020-12-29,510300.SH,5.813133199999999,5.8289728,5.7769284,5.785979599999999,302914884.2142478,1756155512.0,True,2020-12-29,0
2020-12-29,510500.SH,1.9379942,1.953691,1.9242595,1.928464,752598073.4926864,1456831066.0,True,2020-12-29,0
2020-12-29,512100.SH,0.921,0.927,0.915,0.917,29457000.0,27099182.0,True,2020-12-29,0
2020-12-30,510300.SH,5.781454,5.860651999999999,5.7780598,5.8583892,301106167.57998943,1756760313.0,True,2020-12-30,0
2020-12-30,510500.SH,1.9265019,1.9548122,1.9217368,1.9444411,592997727.4348912,1152642026.0,True,2020-12-30,0
2020-12-30,512100.SH,0.916,0.922,0.911,0.919,30098400.0,27665512.0,True,2020-12-30,0
2020-12-31,510300.SH,5.869703199999999,5.9885002,5.8674404,5.981711799999999,761710409.2275058,4531294876.0,True,2020-12-31,0
2020-12-31,510500.SH,1.9506077,1.9772362,1.9472441,1.9741529,737436692.8291117,1450135814.0,True,2020-12-31,0
2020-12-31,512100.SH,0.924,0.939,0.921,0.938,91833900.0,85482633.0,True,2020-12-31,0
2021-01-04,510300.SH,5.973792,6.0710924,5.951164,6.034887599999999,447857202.5808732,2697192786.0,True,2021-01-04,0
2021-01-04,510500.SH,1.9797589,2.01816,1.9707893,2.0077889,1083075947.1994293,2166750388.0,True,2021-01-04,0
2021-01-04,512100.SH,0.94,0.959,0.938,0.956,112152000.0,106470265.0,True,2021-01-04,0
2021-01-05,510300.SH,6.020179399999999,6.1604730000000005,6.002077,6.1468962,550495663.7793884,3349890567.0,True,2021-01-05,0
2021-01-05,510500.SH,2.0044253,2.0299326,1.9979784,2.0254478,722797459.864431,1456005672.0,True,2021-01-05,0
2021-01-05,512100.SH,0.954,0.961,0.947,0.958,68144800.0,65130285.0,True,2021-01-05,0
2021-01-06,510300.SH,6.1627358,6.2385396,6.1287938,6.2023348,331399246.0668199,2048972312.0,True,2021-01-06,0
2021-01-06,510500.SH,2.0262887,2.0417052,2.0075086,2.0232054,500966221.9051017,1011810673.0,True,2021-01-06,0
2021-01-06,512100.SH,0.953,0.96,0.941,0.948,52201100.0,49483597.0,True,2021-01-06,0
2021-01-07,510300.SH,6.211386,6.335839999999999,6.203466199999999,6.3347086,415997195.5099876,2604546537.0,True,2021-01-07,0
2021-01-07,510500.SH,2.0195615,2.037781,2.0086298,2.0316144,380978544.4166964,770041141.0,True,2021-01-07,0
2021-01-07,512100.SH,0.948,0.948,0.924,0.933,61505000.0,57483255.0,True,2021-01-07,0
2021-01-08,510300.SH,6.344891199999999,6.3709134,6.2441966,6.3030294,616550085.7344882,3884322786.0,True,2021-01-08,0
2021-01-08,510500.SH,2.0318947,2.0487127,2.0128343,2.0366598,482104998.21619695,978921048.0,True,2021-01-08,0
2021-01-08,512100.SH,0.932,0.94,0.921,0.928,48041000.0,44772629.0,True,2021-01-08,0
2021-01-11,510300.SH,6.3041608,6.358468,6.1966778,6.2317512,562104616.4044547,3536919284.0,True,2021-01-11,0
2021-01-11,510500.SH,2.0344174,2.037781,1.992933,2.0052662,543253738.8512309,1097831062.0,True,2021-01-11,0
2021-01-11,512100.SH,0.922,0.929,0.908,0.912,52583200.0,48343135.0,True,2021-01-11,0
2021-01-12,510300.SH,6.2181744000000005,6.4173008,6.2136488,6.4127752,527029151.4937246,3327361996.0,True,2021-01-12,0
2021-01-12,510500.SH,1.9993799,2.0318947,1.9988193,2.0299326,634356075.6332501,1276902984.0,True,2021-01-12,0
2021-01-12,512100.SH,0.912,0.931,0.906,0.93,52862875.0,48674430.0,True,2021-01-12,0
2021-01-13,510300.SH,6.4308776,6.465951,6.347154,6.3878844,488275055.6832243,3129878571.0,True,2021-01-13,0
2021-01-13,510500.SH,2.0296523,2.0316144,2.0061071,2.0170388,529140046.3788798,1069436575.0,True,2021-01-13,0
2021-01-13,512100.SH,0.93,0.931,0.914,0.919,41738025.0,38404494.0,True,2021-01-13,0
2021-01-14,510300.SH,6.3878844,6.3878844,6.2656932,6.2713502,615209469.6835779,3885747946.0,True,2021-01-14,0
2021-01-14,510500.SH,2.0131146,2.0243266,1.99013,2.0027435,520958291.1166607,1046389690.0,True,2021-01-14,0
2021-01-14,512100.SH,0.919,0.928,0.908,0.918,98221100.0,90443539.0,True,2021-01-14,0
2021-01-15,510300.SH,6.2713502,6.308686399999999,6.177444,6.252116399999999,626700704.4369807,3916989378.0,True,2021-01-15,0
2021-01-15,510500.SH,2.0007814,2.004145,1.9727514,1.9954557,773583371.3877988,1539131370.0,True,2021-01-15,0
2021-01-15,512100.SH,0.918,0.925,0.908,0.923,66218600.0,60746587.0,True,2021-01-15,0
2021-01-18,510300.SH,6.2484813,6.358526100000001,6.207214500000001,6.3195519,346129767.94905347,2176480901.0,True,2021-01-18,0
2021-01-18,510500.SH,1.9881679,2.0254478,1.9870467,2.0195615,531413449.8751338,1070863591.0,True,2021-01-18,0
2021-01-18,512100.SH,0.92,0.945,0.919,0.943,63856200.0,59621178.0,True,2021-01-18,0
2021-01-19,510300.SH,6.3252834,6.3390390000000005,6.208360800000001,6.2335794,363787552.9965977,2282323327.0,True,2021-01-19,0
2021-01-19,510500.SH,2.0195615,2.0265690000000003,2.0038647,2.0086298,403679628.9689618,813418668.0,True,2021-01-19,0
2021-01-19,512100.SH,0.947,0.948,0.931,0.934,61420500.0,57628859.0,True,2021-01-19,0
2021-01-20,510300.SH,6.2312868,6.298918500000001,6.2244090000000005,6.267968400000001,368477493.6753031,2307751582.0,True,2021-01-20,0
2021-01-20,510500.SH,2.0077889,2.0299326,2.0033041,2.0268493,362950160.54227614,733517442.0,True,2021-01-20,0
2021-01-20,512100.SH,0.938,0.941,0.93,0.939,55605000.0,52022104.0,True,2021-01-20,0
2021-01-21,510300.SH,6.2851629,6.405524400000001,6.2851629,6.375720600000001,446323226.9039519,2833318057.0,True,2021-01-21,0
2021-01-21,510500.SH,2.029372,2.063008,2.029372,2.0554399,473558840.5280057,971918012.0,True,2021-01-21,0
2021-01-21,512100.SH,0.936,0.955,0.936,0.95,57680500.0,54667433.0,True,2021-01-21,0
2021-01-22,510300.SH,6.369989100000001,6.3848910000000005,6.3115278,6.379159500000001,483563923.92916334,3074483608.0,True,2021-01-22,0
2021-01-22,510500.SH,2.0512354,2.0618868,2.037781,2.0582429,589749072.4224045,1207996584.0,True,2021-01-22,0
2021-01-22,512100.SH,0.951,0.951,0.94,0.948,56417600.0,53328928.0,True,2021-01-22,0
2021-01-25,510300.SH,6.378013200000001,6.4754487,6.3401853,6.454815300000001,392721934.0486784,2518875353.0,True,2021-01-25,0
2021-01-25,510500.SH,2.057402,2.0820684,2.0467506,2.0616065,305081698.1805209,630068768.0,True,2021-01-25,0
2021-01-25,512100.SH,0.95,0.95,0.937,0.938,45488600.0,42911819.0,True,2021-01-25,0
2021-01-26,510300.SH,6.427304100000001,6.4307430000000005,6.3080889,6.317259300000001,342619728.6923144,2175771665.0,True,2021-01-26,0
2021-01-26,510500.SH,2.0512354,2.0537581,2.0251675,2.0302129,405703531.9300749,825442203.0,True,2021-01-26,0
2021-01-26,512100.SH,0.935,0.939,0.923,0.925,41450800.0,38498445.0,True,2021-01-26,0
2021-01-27,510300.SH,6.3103815,6.3413316,6.2473350000000005,6.328722300000001,516044308.6452063,3252544454.0,True,2021-01-27,0
2021-01-27,510500.SH,2.0260084,2.0363795,2.0142358,2.0352583,458831662.5044594,930201815.0,True,2021-01-27,0
2021-01-27,512100.SH,0.925,0.926,0.912,0.924,45719500.0,42046071.0,True,2021-01-27,0
2021-01-28,510300.SH,6.2587980000000005,6.2587980000000005,6.148753200000001,6.1728255,409972821.2509814,2541914763.0,True,2021-01-28,0
2021-01-28,510500.SH,2.0159176,2.023766,1.9909709,1.9968572,847899054.5843738,1698244322.0,True,2021-01-28,0
2021-01-28,512100.SH,0.916,0.927,0.906,0.906,73051100.0,66906566.00000001,True,2021-01-28,0
2021-01-29,510300.SH,6.198044100000001,6.2163849,6.0547566,6.1304124,542714711.6810608,3343269149.0,True,2021-01-29,0
2021-01-29,510500.SH,2.0010617,2.0075086,1.942479,1.9688272,990241765.9650376,1961670726.0,True,2021-01-29,0
2021-01-29,512100.SH,0.912,0.914,0.881,0.893,64475400.0,57831708.0,True,2021-01-29,0
2021-02-01,510300.SH,6.1304124,6.2060682,6.1281198,6.2026293,380605481.1131466,2352426025.0,True,2021-02-01,0
2021-02-01,510500.SH,1.9682666,1.9848043,1.9668651,1.9825619,372730681.41277206,737297029.0,True,2021-02-01,0
2021-02-01,512100.SH,0.893,0.9,0.889,0.899,32510700.0,29081660.0,True,2021-02-01,0
2021-02-02,510300.SH,6.2129460000000005,6.297772200000001,6.2026293,6.2943333,500006037.6864695,3133181944.0,True,2021-02-02,0
2021-02-02,510500.SH,1.9831225,2.0024632,1.9741529,2.001342,759421723.1537639,1515037410.0,True,2021-02-02,0
2021-02-02,512100.SH,0.901,0.907,0.892,0.907,49600400.0,44665501.0,True,2021-02-02,0
2021-02-03,510300.SH,6.2943333,6.333307500000001,6.263383200000001,6.287455500000001,245982280.38035417,1549207312.0,True,2021-02-03,0
2021-02-03,510500.SH,2.001342,2.0103116,1.9892891,1.9895694,650435322.8683554,1299407113.0,True,2021-02-03,0
2021-02-03,512100.SH,0.907,0.908,0.892,0.893,38925700.0,35020739.0,True,2021-02-03,0
2021-02-04,510300.SH,6.2587980000000005,6.3161130000000005,6.208360800000001,6.274846200000001,261785003.92567387,1639395452.0,True,2021-02-04,0
2021-02-04,510500.SH,1.981721,1.9887285,1.9430396,1.9679863,1256806428.8262577,2467159048.0,True,2021-02-04,0
2021-02-04,512100.SH,0.888,0.89,0.861,0.874,68098100.0,59468763.0,True,2021-02-04,0
2021-02-05,510300.SH,6.2886018,6.358526100000001,6.2771388,6.284016600000001,488528736.8053738,3085296672.0,True,2021-02-05,0
2021-02-05,510500.SH,1.9674257,1.978918,1.936873,1.9385548,685535783.0895469,1339515167.0,True,2021-02-05,0
2021-02-05,512100.SH,0.873,0.879,0.857,0.858,59388455.00000001,51631003.0,True,2021-02-05,0
2021-02-08,510300.SH,6.327576,6.388329900000001,6.284016600000001,6.366550200000001,414388404.4316496,2628084266.0,True,2021-02-08,0
2021-02-08,510500.SH,1.9393957,1.9707893,1.931267,1.9618197,736146275.4191937,1439539688.0,True,2021-02-08,0
2021-02-08,512100.SH,0.86,0.868,0.8,0.862,61163744.99999999,52471378.0,True,2021-02-08,0
2021-02-09,510300.SH,6.390622500000001,6.527032200000001,6.3619650000000005,6.524739600000001,364913063.7703917,2349537935.0,True,2021-02-09,0
2021-02-09,510500.SH,1.9606985,2.0063874,1.9606985,2.0016223,966712044.238316,1925031643.0,True,2021-02-09,0
2021-02-09,512100.SH,0.862,0.89,0.861,0.889,84550400.0,74347853.0,True,2021-02-09,0
2021-02-10,510300.SH,6.540787800000001,6.6863679000000005,6.530471100000001,6.656564100000001,298272578.73157114,1973984357.0,True,2021-02-10,0
2021-02-10,510500.SH,2.004145,2.0290917,1.9912512,2.0243266,1141672069.211559,2293422494.0,True,2021-02-10,0
2021-02-10,512100.SH,0.89,0.895,0.883,0.894,73997300.0,65766132.0,True,2021-02-10,0
2021-02-18,510300.SH,6.7895349000000005,6.8009979000000005,6.588932400000001,6.607273200000001,410682836.95367706,2747359954.0,True,2021-02-18,0
2021-02-18,510500.SH,2.063008,2.07422,2.034978,2.0543187,462576749.9108098,950397868.0,True,2021-02-18,0
2021-02-18,512100.SH,0.908,0.915,0.901,0.913,92454600.0,84093353.0,True,2021-02-18,0
2021-02-19,510300.SH,6.5820546,6.649686300000001,6.500667300000001,6.643954800000001,618568132.251592,4060011755.0,True,2021-02-19,0
2021-02-19,510500.SH,2.0509551,2.0862729,2.0330159,2.0837502,669752197.64538,1377639325.0,True,2021-02-19,0
2021-02-19,512100.SH,0.912,0.93,0.904,0.929,91303400.0,83692314.0,True,2021-02-19,0
2021-02-22,510300.SH,6.631345500000001,6.6324918,6.4009392,6.406670700000001,677026948.442816,4399449170.0,True,2021-02-22,0
2021-02-22,510500.SH,2.0907577,2.116265,2.0635686,2.0644095,740392793.4356047,1551576349.0,True,2021-02-22,0
2021-02-22,512100.SH,0.936,0.947,0.925,0.93,216618000.0,203273556.0,True,2021-02-22,0
2021-02-23,510300.SH,6.3619650000000005,6.4616931,6.358526100000001,6.389476200000001,515790250.37075806,3308715193.0,True,2021-02-23,0
2021-02-23,510500.SH,2.0543187,2.0812275,2.0526369,2.0588035,832290695.6831965,1718795033.0,True,2021-02-23,0
2021-02-23,512100.SH,0.916,0.929,0.912,0.92,129466445.0,118958562.0,True,2021-02-23,0
2021-02-24,510300.SH,6.405524400000001,6.4192800000000005,6.156777300000001,6.2209701,882202768.0362906,5539235696.0,True,2021-02-24,0
2021-02-24,510500.SH,2.0531975,2.071417,2.0142358,2.0324553,1231017399.2151268,2511099464.0,True,2021-02-24,0
2021-02-24,512100.SH,0.915,0.928,0.904,0.914,145579200.0,133550681.0,True,2021-02-24,0
2021-02-25,510300.SH,6.282870300000001,6.3310149,6.238164600000001,6.2794314,583883309.7792898,3670095572.0,True,2021-02-25,0
2021-02-25,510500.SH,2.0447885,2.0512354,2.0103116,2.0223645,613193135.9257938,1242338554.0,True,2021-02-25,0
2021-02-25,512100.SH,0.922,0.923,0.905,0.91,88858000.0,80881443.0,True,2021-02-25,0
2021-02-26,510300.SH,6.177410700000001,6.2129460000000005,6.0994623,6.1086327,730236705.9234056,4486159733.0,True,2021-02-26,0
2021-02-26,510500.SH,1.9909709,2.0047056,1.9707893,1.9777968,873930396.0042812,1734641685.0,True,2021-02-26,0
2021-02-26,512100.SH,0.899,0.905,0.891,0.896,88954200.0,79887135.0,True,2021-02-26,0
2021-03-01,510300.SH,6.168240300000001,6.2129460000000005,6.1304124,6.210653400000001,486965488.9644944,3007992810.0,True,2021-03-01,0
2021-03-01,510500.SH,1.984524,2.0136752,1.984524,2.0128343,650030324.6521584,1301581223.0,True,2021-03-01,0
2021-03-01,512100.SH,0.897,0.921,0.897,0.92,117446400.0,107524105.0,True,2021-03-01,0
2021-03-02,510300.SH,6.2427498,6.2484813,6.083414100000001,6.131558700000001,378487092.3841926,2338148827.0,True,2021-03-02,0
2021-03-02,510500.SH,2.0190009,2.020963,1.9848043,1.9971375,988483303.6032822,1977737069.0,True,2021-03-02,0
2021-03-02,512100.SH,0.925,0.926,0.91,0.92,136784800.0,125636886.0,True,2021-03-02,0
2021-03-03,510300.SH,6.1132179,6.256505400000001,6.0937308,6.2519202,315061147.1691529,1950248200.0,True,2021-03-03,0
2021-03-03,510500.SH,1.9923724,2.0248872,1.9923724,2.023766,559713478.4159828,1126931506.0,True,2021-03-03,0
2021-03-03,512100.SH,0.919,0.931,0.914,0.931,100741200.0,92853113.0,True,2021-03-03,0
2021-03-04,510300.SH,6.1900200000000005,6.1900200000000005,6.027245400000001,6.060488100000001,562663916.9501876,3428246550.0,True,2021-03-04,0
2021-03-04,510500.SH,2.015357,2.015357,1.9808801,1.9895694,1003427042.4545132,1999600503.0,True,2021-03-04,0
2021-03-04,512100.SH,0.921,0.928,0.91,0.916,188474700.0,172949532.0,True,2021-03-04,0
2021-03-05,510300.SH,5.9630526,6.087999300000001,5.936687700000001,6.0364158,517868664.3984995,3111411979.0,True,2021-03-05,0
2021-03-05,510500.SH,1.9716302,2.0030238,1.964903,1.9926527,987521901.5340706,1961422250.0,True,2021-03-05,0
2021-03-05,512100.SH,0.906,0.92,0.902,0.917,109825244.0,100003346.0,True,2021-03-05,0
2021-03-08,510300.SH,6.0753900000000005,6.104047500000001,5.8117410000000005,5.8232040000000005,491775281.3399633,2929014217.0,True,2021-03-08,0
2021-03-08,510500.SH,2.0002208,2.0175994,1.9419184,1.9450017,1077119061.719586,2124344114.0,True,2021-03-08,0
2021-03-08,512100.SH,0.924,0.925,0.893,0.894,106500700.0,97082023.0,True,2021-03-08,0
2021-03-09,510300.SH,5.819765100000001,5.8403985,5.6466738,5.7074277,812805607.6070836,4677125840.0,True,2021-03-09,0
2021-03-09,510500.SH,1.9419184,1.9466835,1.8777297,1.9012749,1827801637.5312169,3495302719.0,True,2021-03-09,0
2021-03-09,512100.SH,0.89,0.895,0.854,0.869,116847900.0,102076362.0,True,2021-03-09,0
2021-03-10,510300.SH,5.773913100000001,5.801424300000001,5.7120129,5.7315000000000005,555295960.9177352,3197285817.0,True,2021-03-10,0
2021-03-10,510500.SH,1.9130475,1.9225777,1.8788509,1.8813736,875632754.1919372,1659860971.0,True,2021-03-10,0
2021-03-10,512100.SH,0.873,0.878,0.859,0.859,83166500.0,71949499.0,True,2021-03-10,0
2021-03-11,510300.SH,5.759011200000001,5.8828116,5.7486945,5.8793727,541461121.8703655,3161968866.0,True,2021-03-11,0
2021-03-11,510500.SH,1.8813736,1.9326685,1.8746464,1.9318276,864483849.4470211,1649449761.0,True,2021-03-11,0
2021-03-11,512100.SH,0.86,0.884,0.857,0.883,96979900.0,84650446.0,True,2021-03-11,0
2021-03-12,510300.SH,5.8977135,5.905737600000001,5.8232040000000005,5.894274600000001,390998423.6238332,2295113622.0,True,2021-03-12,0
2021-03-12,510500.SH,1.93407,1.9363124,1.9040779,1.9332291,785379250.8027114,1509171377.0,True,2021-03-12,0
2021-03-12,512100.SH,0.885,0.886,0.872,0.885,82832900.0,72722460.0,True,2021-03-12,0
2021-03-15,510300.SH,5.866763400000001,5.8679097,5.723475900000001,5.7773520000000005,337234934.1359155,1952657088.0,True,2021-03-15,0
2021-03-15,510500.SH,1.9214565,1.9351912,1.8998734,1.9206156,775802340.3496255,1487904617.0,True,2021-03-15,0
2021-03-15,512100.SH,0.88,0.885,0.868,0.876,107775600.0,94554336.0,True,2021-03-15,0
2021-03-16,510300.SH,5.7796446,5.830081800000001,5.7452556,5.815179900000001,281982084.9690308,1635219630.0,True,2021-03-16,0
2021-03-16,510500.SH,1.920055,1.9343503,1.9043582,1.9214565,669896889.0474492,1286042584.0,True,2021-03-16,0
2021-03-16,512100.SH,0.877,0.886,0.87,0.886,105827144.0,93005645.0,True,2021-03-16,0
2021-03-17,510300.SH,5.799131700000001,5.870202300000001,5.7464019,5.8415448,267202823.8680973,1554332781.0,True,2021-03-17,0
2021-03-17,510500.SH,1.9175323,1.9363124,1.8995931,1.9326685,589967995.0053514,1133828498.0,True,2021-03-17,0
2021-03-17,512100.SH,0.884,0.891,0.875,0.889,95267500.0,84292860.0,True,2021-03-17,0
2021-03-18,510300.SH,5.8553004,5.9137617,5.8530078,5.8873968,278818921.74823344,1639545016.0,True,2021-03-18,0
2021-03-18,510500.SH,1.9326685,1.9587364,1.9326685,1.9469638,576048112.7363539,1120029805.0,True,2021-03-18,0
2021-03-18,512100.SH,0.884,0.896,0.884,0.89,105445000.0,93977498.0,True,2021-03-18,0
2021-03-19,510300.SH,5.8140336,5.832374400000001,5.7120129,5.728061100000001,429377654.1917473,2478004771.0,True,2021-03-19,0
2021-03-19,510500.SH,1.9281837,1.9447214,1.9169717,1.9309867,544334673.5640385,1050390628.0,True,2021-03-19,0
2021-03-19,512100.SH,0.882,0.894,0.879,0.888,118641600.0,105314272.0,True,2021-03-19,0
2021-03-22,510300.SH,5.725768500000001,5.8140336,5.7200370000000005,5.793400200000001,369437984.8207275,2132916087.0,True,2021-03-22,0
2021-03-22,510500.SH,1.9279034,1.9595773,1.9279034,1.9559334,624700021.4056368,1218235529.0,True,2021-03-22,0
2021-03-22,512100.SH,0.885,0.904,0.885,0.903,118009700.0,105845486.0,True,2021-03-22,0
2021-03-23,510300.SH,5.787668700000001,5.7979854,5.6936721,5.741816700000001,428891889.5577074,2459560323.0,True,2021-03-23,0
2021-03-23,510500.SH,1.9562137,1.9601379,1.9231383,1.9335094,718076999.6432394,1391229119.0,True,2021-03-23,0
2021-03-23,512100.SH,0.903,0.906,0.888,0.895,123421100.0,110622481.0,True,2021-03-23,0
2021-03-24,510300.SH,5.717744400000001,5.7658890000000005,5.6306256,5.6546979,658686959.7836517,3741109719.0,True,2021-03-24,0
2021-03-24,510500.SH,1.920055,1.9371533,1.9077218,1.9124869,772898077.0602926,1481661908.0,True,2021-03-24,0
2021-03-24,512100.SH,0.887,0.891,0.875,0.876,102848000.0,90729533.0,True,2021-03-24,0
2021-03-25,510300.SH,5.6237478,5.6753313,5.6031144,5.650112700000001,248546322.0797348,1402397542.0,True,2021-03-25,0
2021-03-25,510500.SH,1.9040779,1.9253807,1.8990325,1.9169717,763159268.6407422,1460707367.0,True,2021-03-25,0
2021-03-25,512100.SH,0.875,0.885,0.869,0.878,145956162.0,128038040.0,True,2021-03-25,0
2021-03-26,510300.SH,5.6741850000000005,5.7956928,5.6695998,5.769327900000001,485505495.94347024,2790146481.0,True,2021-03-26,0
2021-03-26,510500.SH,1.9175323,1.9469638,1.9169717,1.9419184,694938844.0956118,1344134080.0,True,2021-03-26,0
2021-03-26,512100.SH,0.879,0.896,0.879,0.893,131944438.0,117245381.0,True,2021-03-26,0
2021-03-29,510300.SH,5.7830835,5.8232040000000005,5.7372315,5.7807909,557669695.5421791,3229920086.0,True,2021-03-29,0
2021-03-29,510500.SH,1.9438805,1.9489259,1.928464,1.9419184,909422204.7805922,1763613673.0,True,2021-03-29,0
2021-03-29,512100.SH,0.888,0.903,0.888,0.895,95699200.0,85929880.0,True,2021-03-29,0
2021-03-30,510300.SH,5.7773520000000005,5.850715200000001,5.7658890000000005,5.831228100000001,234043348.16365692,1361536031.0,True,2021-03-30,0
2021-03-30,510500.SH,1.9405169,1.9525698,1.9298655,1.9489259,535433275.0624331,1040308789.0,True,2021-03-30,0
2021-03-30,512100.SH,0.894,0.896,0.888,0.894,85531800.0,76338321.0,True,2021-03-30,0
2021-03-31,510300.SH,5.8266429,5.8277892,5.7464019,5.7888150000000005,201354511.0355055,1163103563.0,True,2021-03-31,0
2021-03-31,510500.SH,1.9464032,1.9486456,1.9242595,1.9461229,670239386.3717446,1297001800.0,True,2021-03-31,0
2021-03-31,512100.SH,0.891,0.895,0.887,0.894,93747500.0,83581165.0,True,2021-03-31,0
2021-04-01,510300.SH,5.7956928,5.8690560000000005,5.7911076,5.859885600000001,281773039.34397626,1641836115.0,True,2021-04-01,0
2021-04-01,510500.SH,1.9447214,1.9654636,1.9379942,1.9595773,478544445.2372458,933391003.0,True,2021-04-01,0
2021-04-01,512100.SH,0.893,0.902,0.892,0.899,93197500.0,83573464.0,True,2021-04-01,0
2021-04-02,510300.SH,5.8805190000000005,5.921785800000001,5.8564467,5.9160543,244556089.15641627,1440678165.0,True,2021-04-02,0
2021-04-02,510500.SH,1.9621,1.9693878,1.9531304,1.9640621,441394719.94291824,866142426.0,True,2021-04-02,0
2021-04-02,512100.SH,0.903,0.904,0.898,0.9,89682200.0,80844034.0,True,2021-04-02,0
2021-04-06,510300.SH,5.9298099,5.9343951,5.8690560000000005,5.8839579,204689473.9596964,1206265186.0,True,2021-04-06,0
2021-04-06,510500.SH,1.9679863,1.9814407,1.9621,1.9679863,506808116.30396,998068496.0,True,2021-04-06,0
2021-04-06,512100.SH,0.902,0.912,0.901,0.911,138376800.0,125604734.0,True,2021-04-06,0
2021-04-07,510300.SH,5.8896894,5.8919820000000005,5.808302100000001,5.8438374,152854639.2741865,891976442.0,True,2021-04-07,0
2021-04-07,510500.SH,1.9696681,1.9719105,1.9514486,1.9710696,562898630.0392437,1103514424.0,True,2021-04-07,0
2021-04-07,512100.SH,0.912,0.912,0.903,0.911,130133100.0,118074085.0,True,2021-04-07,0
2021-04-08,510300.SH,5.824350300000001,5.8805190000000005,5.796839100000001,5.8564467,122791521.41673207,718026031.0,True,2021-04-08,0
2021-04-08,510500.SH,1.9691075,1.9831225,1.9584561,1.9769559,553587912.9504102,1090673509.0,True,2021-04-08,0
2021-04-08,512100.SH,0.911,0.912,0.905,0.909,126817700.0,115266445.0,True,2021-04-08,0
2021-04-09,510300.SH,5.8403985,5.8403985,5.760157500000001,5.775059400000001,193954287.7082788,1122455291.0,True,2021-04-09,0
2021-04-09,510500.SH,1.9724711,1.9783574,1.9615394,1.9702287,316372736.3539065,622950142.0,True,2021-04-09,0
2021-04-09,512100.SH,0.906,0.91,0.904,0.91,169768100.0,154107757.0,True,2021-04-09,0
2021-04-12,510300.SH,5.7613038,5.787668700000001,5.659283100000001,5.6787702,579201111.4019017,3300299232.0,True,2021-04-12,0
2021-04-12,510500.SH,1.9665848,1.9702287,1.9301458,1.9382745,922752336.7820193,1790888370.0,True,2021-04-12,0
2021-04-12,512100.SH,0.909,0.91,0.887,0.888,134909900.0,120991110.0,True,2021-04-12,0
2021-04-13,510300.SH,5.6695998,5.724622200000001,5.650112700000001,5.670746100000001,395660163.1335601,2247446204.0,True,2021-04-13,0
2021-04-13,510500.SH,1.9337897,1.9461229,1.9276231,1.9321079,585937566.8926151,1134006397.0,True,2021-04-13,0
2021-04-13,512100.SH,0.888,0.892,0.881,0.885,129398000.0,114635716.0,True,2021-04-13,0
2021-04-14,510300.SH,5.6764776,5.7188907,5.6661609,5.7028425,459900724.0687429,2620909273.0,True,2021-04-14,0
2021-04-14,510500.SH,1.9318276,1.956494,1.9318276,1.9497668,589612557.9735997,1147757577.0,True,2021-04-14,0
2021-04-14,512100.SH,0.885,0.898,0.883,0.897,128498800.0,114414568.0,True,2021-04-14,0
2021-04-15,510300.SH,5.6856480000000005,5.6913795,5.609992200000001,5.670746100000001,430551077.3793945,2431754041.0,True,2021-04-15,0
2021-04-15,510500.SH,1.9469638,1.9542516,1.9309867,1.9517289,586900749.1972886,1140598412.0,True,2021-04-15,0
2021-04-15,512100.SH,0.896,0.896,0.887,0.895,98351300.0,87634968.0,True,2021-04-15,0
2021-04-16,510300.SH,5.6845017,5.7028425,5.637503400000001,5.6890869,436093544.4473523,2476638366.0,True,2021-04-16,0
2021-04-16,510500.SH,1.9570546,1.9766756,1.9517289,1.976115,893700602.9254371,1756950000.0,True,2021-04-16,0
2021-04-16,512100.SH,0.896,0.908,0.894,0.907,117552100.0,106052891.0,True,2021-04-16,0
2021-04-19,510300.SH,5.6845017,5.842691100000001,5.6581368,5.833520700000001,494957014.7430864,2864077168.0,True,2021-04-19,0
2021-04-19,510500.SH,1.9730317,2.0007814,1.9654636,1.9962966,629626621.4769889,1254382179.0,True,2021-04-19,0
2021-04-19,512100.SH,0.906,0.922,0.903,0.918,148141100.0,135635543.0,True,2021-04-19,0
2021-04-20,510300.SH,5.8128873,5.8644708,5.802570600000001,5.824350300000001,322648134.868708,1882537197.0,True,2021-04-20,0
2021-04-20,510500.SH,1.9926527,2.0094707,1.9906906,2.0002208,547263856.5822333,1096416492.0,True,2021-04-20,0
2021-04-20,512100.SH,0.918,0.924,0.87,0.916,139395600.0,128204965.0,True,2021-04-20,0
2021-04-21,510300.SH,5.787668700000001,5.8553004,5.785376100000001,5.8381059,361442345.80825263,2104768796.0,True,2021-04-21,0
2021-04-21,510500.SH,1.9918118,2.0019026,1.9811604,1.9948951,325373028.8976097,648281251.0,True,2021-04-21,0
2021-04-21,512100.SH,0.909,0.919,0.908,0.917,124813800.0,114161213.0,True,2021-04-21,0
2021-04-22,510300.SH,5.847276300000001,5.866763400000001,5.806009500000001,5.833520700000001,391170862.7758876,2279984129.0,True,2021-04-22,0
2021-04-22,510500.SH,1.9993799,2.0111525,1.995736,2.0021829,612705262.219051,1227097980.0,True,2021-04-22,0
2021-04-22,512100.SH,0.917,0.922,0.917,0.921,108700900.0,100008173.0,True,2021-04-22,0
2021-04-23,510300.SH,5.824350300000001,5.9034450000000005,5.824350300000001,5.8919820000000005,281769719.9685946,1656258287.0,True,2021-04-23,0
2021-04-23,510500.SH,2.0016223,2.012554,1.9923724,2.0119934,322007285.0517303,645228903.0,True,2021-04-23,0
2021-04-23,512100.SH,0.922,0.922,0.913,0.918,120140700.0,110171937.0,True,2021-04-23,0
2021-04-26,510300.SH,5.9045913,5.9504433,5.8128873,5.8186188,469389892.6982465,2762169537.0,True,2021-04-26,0
2021-04-26,510500.SH,2.0105919,2.0366598,2.0016223,2.0035844,562087606.1362826,1134020482.0,True,2021-04-26,0
2021-04-26,512100.SH,0.918,0.928,0.912,0.912,117076600.0,107847118.0,True,2021-04-26,0
2021-04-27,510300.SH,5.8232040000000005,5.8438374,5.7922539,5.833520700000001,277233367.3558405,1612968576.0,True,2021-04-27,0
2021-04-27,510500.SH,2.0030238,2.0119934,1.9923724,2.0030238,468301088.1198716,937523079.0,True,2021-04-27,0
2021-04-27,512100.SH,0.911,0.916,0.901,0.91,123116600.0,111717351.0,True,2021-04-27,0
2021-04-28,510300.SH,5.8128873,5.8805190000000005,5.7956928,5.877080100000001,262798544.8835383,1535175286.0,True,2021-04-28,0
2021-04-28,510500.SH,2.0024632,2.0192812,1.9904103,2.0175994,355988094.89832324,714677486.0,True,2021-04-28,0
2021-04-28,512100.SH,0.906,0.916,0.905,0.915,127273200.0,116063845.0,True,2021-04-28,0
2021-04-29,510300.SH,5.878226400000001,5.9378340000000005,5.8690560000000005,5.9298099,332360184.9428596,1964024088.0,True,2021-04-29,0
2021-04-29,510500.SH,2.0173191,2.0215236,2.0061071,2.01816,361258084.1955048,728274266.0,True,2021-04-29,0
2021-04-29,512100.SH,0.916,0.918,0.911,0.911,122070800.0,111610010.0,True,2021-04-29,0
2021-04-30,510300.SH,5.9160543,5.9286636,5.839252200000001,5.878226400000001,352648783.0410887,2075946585.0,True,2021-04-30,0
2021-04-30,510500.SH,2.0173191,2.0240463,1.9988193,2.0212433,397935390.6528719,800672159.0,True,2021-04-30,0
2021-04-30,512100.SH,0.912,0.912,0.903,0.909,118043600.0,107194926.0,True,2021-04-30,0
2021-05-06,510300.SH,5.8564467,5.894274600000001,5.771620500000001,5.801424300000001,355556630.8994155,2073197356.0,True,2021-05-06,0
2021-05-06,510500.SH,2.0198418,2.037781,2.0033041,2.0147964,468292996.78915447,946226635.0,True,2021-05-06,0
2021-05-06,512100.SH,0.904,0.914,0.904,0.912,132693500.0,120730618.0,True,2021-05-06,0
2021-05-07,510300.SH,5.815179900000001,5.842691100000001,5.726914800000001,5.7315000000000005,295114058.2744482,1705351377.0,True,2021-05-07,0
2021-05-07,510500.SH,2.0173191,2.032175,2.004145,2.0061071,699803068.1412772,1412608116.0,True,2021-05-07,0
2021-05-07,512100.SH,0.912,0.913,0.901,0.902,133490200.0,121162758.0,True,2021-05-07,0
2021-05-10,510300.SH,5.7360852,5.760157500000001,5.679916500000001,5.7303537,322078991.53799176,1843018242.0,True,2021-05-10,0
2021-05-10,510500.SH,2.0063874,2.0223645,2.0021829,2.0122737,406793874.420264,817974863.0,True,2021-05-10,0
2021-05-10,512100.SH,0.902,0.904,0.897,0.902,140554300.0,126621734.0,True,2021-05-10,0
2021-05-11,510300.SH,5.6936721,5.7819372,5.653551600000001,5.760157500000001,347139954.63665706,1985720798.0,True,2021-05-11,0
2021-05-11,510500.SH,2.0033041,2.0145161,1.976115,2.0066677,377163596.14698535,752282721.0,True,2021-05-11,0
2021-05-11,512100.SH,0.896,0.905,0.888,0.902,154575700.0,138704896.0,True,2021-05-11,0
2021-05-12,510300.SH,5.747548200000001,5.8037169,5.726914800000001,5.7956928,221557386.37354964,1277881517.0,True,2021-05-12,0
2021-05-12,510500.SH,2.0021829,2.0324553,1.995736,2.0288114,377483924.36674994,760413075.0,True,2021-05-12,0
2021-05-12,512100.SH,0.899,0.92,0.898,0.918,131129300.0,118934026.0,True,2021-05-12,0
2021-05-13,510300.SH,5.7498408,5.762450100000001,5.7039888,5.732646300000001,412234087.9350954,2363024820.0,True,2021-05-13,0
2021-05-13,510500.SH,2.0173191,2.0232054,2.001342,2.0063874,508451102.3902961,1022265637.0,True,2021-05-13,0
2021-05-13,512100.SH,0.91,0.917,0.907,0.909,119540100.0,109029951.0,True,2021-05-13,0
2021-05-14,510300.SH,5.754426,5.8793727,5.7223296,5.877080100000001,740611570.2695628,4316323603.0,True,2021-05-14,0
2021-05-14,510500.SH,2.0091904,2.0383416,2.0010617,2.0375007,762621833.749554,1544777243.0,True,2021-05-14,0
2021-05-14,512100.SH,0.912,0.927,0.909,0.926,134261300.0,123063662.0,True,2021-05-14,0
2021-05-17,510300.SH,5.8724949,5.9779545,5.865617100000001,5.9470044,582095019.6283695,3464215782.0,True,2021-05-17,0
2021-05-17,510500.SH,2.0375007,2.0599247,2.034978,2.0478718,594382447.3778095,1218312552.0,True,2021-05-17,0
2021-05-17,512100.SH,0.924,0.928,0.917,0.92,126538000.0,116584825.0,True,2021-05-17,0
2021-05-18,510300.SH,5.9596137,5.9745156,5.922932100000001,5.949297000000001,247281537.1194277,1469848173.0,True,2021-05-18,0
2021-05-18,510500.SH,2.0478718,2.057402,2.0442279,2.0534778,512428212.62932575,1051170383.0,True,2021-05-18,0
2021-05-18,512100.SH,0.918,0.926,0.916,0.926,126179400.0,116162552.0,True,2021-05-18,0
2021-05-19,510300.SH,5.9378340000000005,5.9561748,5.9068839,5.9332488,343155776.84724766,2034732842.0,True,2021-05-19,0
2021-05-19,510500.SH,2.0509551,2.0526369,2.037781,2.0501142,317538351.76596504,649989502.0,True,2021-05-19,0
2021-05-19,512100.SH,0.923,0.927,0.921,0.924,113425300.0,104862568.0,True,2021-05-19,0
2021-05-20,510300.SH,5.9286636,5.967637800000001,5.905737600000001,5.949297000000001,235661784.00069788,1400149094.0,True,2021-05-20,0
2021-05-20,510500.SH,2.0492733,2.051796,2.0265690000000003,2.0425461,344721851.58758473,702869932.0,True,2021-05-20,0
2021-05-20,512100.SH,0.924,0.929,0.92,0.925,104738700.0,96792479.0,True,2021-05-20,0
2021-05-21,510300.SH,5.957321100000001,5.991710100000001,5.8724949,5.8862505,472008646.0786879,2791300042.0,True,2021-05-21,0
2021-05-21,510500.SH,2.0422658,2.048993,2.0296523,2.0346977,335878187.65608275,684282093.0,True,2021-05-21,0
2021-05-21,512100.SH,0.925,0.93,0.923,0.928,115444700.0,106970259.0,True,2021-05-21,0
2021-05-24,510300.SH,5.8862505,5.9194932,5.8415448,5.9183469,304992400.7676873,1796637071.0,True,2021-05-24,0
2021-05-24,510500.SH,2.0341371,2.0487127,2.0223645,2.040584,334893100.24973243,682052544.0,True,2021-05-24,0
2021-05-24,512100.SH,0.925,0.935,0.924,0.935,110453300.0,102594748.0,True,2021-05-24,0
2021-05-25,510300.SH,5.9183469,6.118949400000001,5.9183469,6.106340100000001,1340103069.876995,8133780760.0,True,2021-05-25,0
2021-05-25,510500.SH,2.0403037,2.0691746,2.0355386,2.0624474,510497959.32929,1049854146.0,True,2021-05-25,0
2021-05-25,512100.SH,0.935,0.948,0.934,0.945,95478100.0,89879972.0,True,2021-05-25,0
2021-05-26,510300.SH,6.110925300000001,6.1361439,6.0937308,6.107486400000001,424724000.6978976,2596720927.0,True,2021-05-26,0
2021-05-26,510500.SH,2.0638489,2.068614,2.0596444,2.0655307,849020285.4084909,1752284860.0,True,2021-05-26,0
2021-05-26,512100.SH,0.945,0.954,0.944,0.95,115837200.0,110090842.0,True,2021-05-26,0
2021-05-27,510300.SH,6.0983160000000005,6.183142200000001,6.070804800000001,6.129266100000001,463014481.3748582,2835202994.0,True,2021-05-27,0
2021-05-27,510500.SH,2.0638489,2.0837502,2.0607656,2.082629,731363242.953978,1518529899.0,True,2021-05-27,0
2021-05-27,512100.SH,0.949,0.961,0.948,0.961,139601300.0,133642425.0,True,2021-05-27,0
2021-05-28,510300.SH,6.1281198,6.1590699,6.0753900000000005,6.1120716,301510824.3915205,1843452031.0,True,2021-05-28,0
2021-05-28,510500.SH,2.0831896,2.0932804,2.0719776,2.0817881,602629393.5069568,1255373247.0,True,2021-05-28,0
2021-05-28,512100.SH,0.962,0.966,0.953,0.956,148285500.0,142483428.0,True,2021-05-28,0
2021-05-31,510300.SH,6.1086327,6.120095700000001,6.0639270000000005,6.118949400000001,286664076.59425974,1745986740.0,True,2021-05-31,0
2021-05-31,510500.SH,2.082629,2.0974849,2.077023,2.0963637,540818319.6575098,1131529214.0,True,2021-05-31,0
2021-05-31,512100.SH,0.958,0.977,0.956,0.977,136639800.0,132301176.0,True,2021-05-31,0
2021-06-01,510300.SH,6.1132179,6.1327050000000005,6.042147300000001,6.1281198,396425739.3352525,2415673323.0,True,2021-06-01,0
2021-06-01,510500.SH,2.0946819,2.1016894,2.07422,2.0997273,916361576.8819122,1915299151.0,True,2021-06-01,0
2021-06-01,512100.SH,0.977,0.981,0.971,0.98,128019500.0,125078279.0,True,2021-06-01,0
2021-06-02,510300.SH,6.133851300000001,6.140729100000001,6.0478788,6.0788289,503888237.8086016,3069526940.0,True,2021-06-02,0
2021-06-02,510500.SH,2.0986061,2.1028106,2.079826,2.0868335,553726246.8783447,1159681554.0,True,2021-06-02,0
2021-06-02,512100.SH,0.979,0.981,0.965,0.967,159081569.0,154871259.0,True,2021-06-02,0
2021-06-03,510300.SH,6.0753900000000005,6.101754900000001,6.0295380000000005,6.0318306,386701909.6222629,2344157011.0,True,2021-06-03,0
2021-06-03,510500.SH,2.0848714,2.1036515,2.0801063,2.082629,387500099.8929718,810673915.0,True,2021-06-03,0
2021-06-03,512100.SH,0.966,0.977,0.964,0.967,128523700.0,124831958.0,True,2021-06-03,0
2021-06-04,510300.SH,6.0180750000000005,6.134997600000001,5.9985879,6.0696585,486886292.41908747,2951205182.0,True,2021-06-04,0
2021-06-04,510500.SH,2.0747806,2.10225,2.0688943,2.0924395,366783863.7174456,765367876.0,True,2021-06-04,0
2021-06-04,512100.SH,0.963,0.976,0.958,0.973,119307300.0,115822089.0,True,2021-06-04,0
2021-06-07,510300.SH,6.0696585,6.073097400000001,6.019221300000001,6.0627807,231420596.70243388,1399803061.0,True,2021-06-07,0
2021-06-07,510500.SH,2.0963637,2.1005682,2.0851517,2.0980455,596329290.0463789,1248390273.0,True,2021-06-07,0
2021-06-07,512100.SH,0.975,0.987,0.974,0.987,137211900.0,134784586.0,True,2021-06-07,0
2021-06-08,510300.SH,6.0627807,6.1212420000000005,5.9756619,6.014636100000001,396234586.0594957,2392039783.0,True,2021-06-08,0
2021-06-08,510500.SH,2.096644,2.110659,2.0787048,2.0904774,391225879.4149125,817938615.0,True,2021-06-08,0
2021-06-08,512100.SH,0.987,0.99,0.971,0.98,142753300.0,140065238.0,True,2021-06-08,0
2021-06-09,510300.SH,5.9985879,6.0364158,5.996295300000001,6.0238065,226392005.58318064,1362104027.0,True,2021-06-09,0
2021-06-09,510500.SH,2.0868335,2.0944016,2.0801063,2.0885153,315425972.1726721,658431352.0,True,2021-06-09,0
2021-06-09,512100.SH,0.975,0.981,0.974,0.979,131059500.0,128113719.0,True,2021-06-09,0
2021-06-10,510300.SH,6.0169287,6.102901200000001,6.015782400000001,6.0627807,352536490.4475268,2139819984.0,True,2021-06-10,0
2021-06-10,510500.SH,2.0896365,2.1168256,2.0848714,2.1151438,347351409.20442384,731094424.0,True,2021-06-10,0
2021-06-10,512100.SH,0.98,0.996,0.977,0.994,199169500.0,196530361.0,True,2021-06-10,0
2021-06-11,510300.SH,6.0673659,6.083414100000001,6.0020268,6.0066120000000005,294474221.40800834,1774141747.0,True,2021-06-11,0
2021-06-11,510500.SH,2.1143029,2.1182271,2.1005682,2.1047727,343683910.0963254,724074707.0,True,2021-06-11,0
2021-06-11,512100.SH,0.994,0.998,0.983,0.987,170061700.0,168163703.0,True,2021-06-11,0
2021-06-15,510300.SH,6.0066120000000005,6.0180750000000005,5.908030200000001,5.938980300000001,376198723.7197941,2237735909.0,True,2021-06-15,0
2021-06-15,510500.SH,2.1047727,2.1075757,2.0764624,2.0792654,368728861.9336425,769247331.0,True,2021-06-15,0
2021-06-15,512100.SH,0.981,0.986,0.977,0.98,180386400.0,177295171.0,True,2021-06-15,0
2021-06-16,510300.SH,5.9321025,5.9412729,5.839252200000001,5.8575930000000005,486174386.28631246,2861614501.0,True,2021-06-16,0
2021-06-16,510500.SH,2.0792654,2.0801063,2.0478718,2.0540384,560183349.982162,1153725669.0,True,2021-06-16,0
2021-06-16,512100.SH,0.978,0.979,0.959,0.962,153949300.0,148901724.0,True,2021-06-16,0
2021-06-17,510300.SH,5.8461300000000005,5.896567200000001,5.842691100000001,5.870202300000001,298534812.0038384,1752532813.0,True,2021-06-17,0
2021-06-17,510500.SH,2.0498339,2.0700155,2.0498339,2.0666519,418933642.52586514,864488577.0,True,2021-06-17,0
2021-06-17,512100.SH,0.959,0.978,0.959,0.977,133854100.0,129687247.0,True,2021-06-17,0
2021-06-18,510300.SH,5.8690560000000005,5.909176500000001,5.833520700000001,5.875933800000001,456918485.5622437,2681620828.0,True,2021-06-18,0
2021-06-18,510500.SH,2.0666519,2.10225,2.0613262,2.0873941,663476988.940421,1377250542.0,True,2021-06-18,0
2021-06-18,512100.SH,0.973,0.991,0.973,0.987,157160800.0,154527756.0,True,2021-06-18,0
2021-06-21,510300.SH,5.8553004,5.909176500000001,5.831228100000001,5.8679097,391924496.2051818,2297972209.0,True,2021-06-21,0
2021-06-21,510500.SH,2.0823487,2.1036515,2.0761821,2.0955228,478011794.50588655,1001569065.0,True,2021-06-21,0
2021-06-21,512100.SH,0.987,1.008,0.985,1.007,233183300.0,233126977.0,True,2021-06-21,0
2021-06-22,510300.SH,5.8919820000000005,5.9045913,5.8587393,5.8977135,591742293.4659338,3481237670.0,True,2021-06-22,0
2021-06-22,510500.SH,2.1016894,2.1114999,2.0913183,2.107856,407669447.0210489,857122288.0,True,2021-06-22,0
2021-06-22,512100.SH,1.01,1.013,1.0,1.006,170237300.0,171004162.0,True,2021-06-22,0
2021-06-23,510300.SH,5.905737600000001,5.9641989,5.8873968,5.9332488,511615827.4448224,3034353444.0,True,2021-06-23,0
2021-06-23,510500.SH,2.1103787,2.1291588,2.1028106,2.1249543,391582597.2172672,828893962.0,True,2021-06-23,0
2021-06-23,512100.SH,1.008,1.019,1.003,1.018,135963500.0,137303981.0,True,2021-06-23,0
2021-06-24,510300.SH,5.9378340000000005,5.949297000000001,5.909176500000001,5.9481507,189749374.50929075,1125515428.0,True,2021-06-24,0
2021-06-24,510500.SH,2.1249543,2.1249543,2.1098181,2.1173862,703618041.3842312,1488280441.0,True,2021-06-24,0
2021-06-24,512100.SH,1.017,1.017,1.002,1.004,176952300.0,178229663.0,True,2021-06-24,0
2021-06-25,510300.SH,5.9527359,6.0627807,5.9504433,6.041001,540223904.7369798,3253306021.0,True,2021-06-25,0
2021-06-25,510500.SH,2.1145832,2.1400905,2.1114999,2.1342042,662326485.9079558,1408368736.0,True,2021-06-25,0
2021-06-25,512100.SH,1.005,1.013,1.0,1.009,142360200.0,143217694.0,True,2021-06-25,0
2021-06-28,510300.SH,6.0501714,6.0639270000000005,6.0260991,6.0513177,388638646.9510598,2349760661.0,True,2021-06-28,0
2021-06-28,510500.SH,2.1342042,2.1440147,2.1285982,2.1356057,263157588.29825187,562071724.0,True,2021-06-28,0
2021-06-28,512100.SH,1.011,1.023,1.007,1.017,166042000.0,169139827.0,True,2021-06-28,0
2021-06-29,510300.SH,6.0513177,6.0513177,5.9779545,5.9894175,253149827.27034804,1520211071.0,True,2021-06-29,0
2021-06-29,510500.SH,2.1356057,2.1389693,2.1126211,2.1193483,626998929.7181591,1331346089.0,True,2021-06-29,0
2021-06-29,512100.SH,1.016,1.021,1.007,1.009,138663200.0,140595647.0,True,2021-06-29,0
2021-06-30,510300.SH,5.9905638,6.037562100000001,5.9894175,6.0249528,323799159.0334118,1948238474.0,True,2021-06-30,0
2021-06-30,510500.SH,2.1199089,2.135886,2.1165453,2.1297194,495691045.3085979,1053918732.0,True,2021-06-30,0
2021-06-30,512100.SH,1.008,1.022,0.993,1.022,150255699.0,152789007.0,True,2021-06-30,0
2021-07-01,510300.SH,6.0444399,6.057049200000001,5.985978600000001,6.0226602,492343943.99371886,2964560981.0,True,2021-07-01,0
2021-07-01,510500.SH,2.1353254,2.1364466,2.1036515,2.1058939,465266478.7727435,986575694.0,True,2021-07-01,0
2021-07-01,512100.SH,1.022,1.029,1.003,1.005,119198800.0,120977044.0,True,2021-07-01,0
2021-07-02,510300.SH,5.9836860000000005,5.985978600000001,5.8587393,5.861031900000001,385794285.0911628,2278045477.0,True,2021-07-02,0
2021-07-02,510500.SH,2.1016894,2.1064545,2.0848714,2.0879547,437745115.94719946,916172081.0,True,2021-07-02,0
2021-07-02,512100.SH,1.0,1.004,0.982,0.995,193665600.0,193582382.0,True,2021-07-02,0
2021-07-05,510300.SH,5.861031900000001,5.8828116,5.8346670000000005,5.8690560000000005,224697123.78958383,1316062245.0,True,2021-07-05,0
2021-07-05,510500.SH,2.088235,2.1044924,2.0879547,2.1005682,364514805.5654656,764904886.0,True,2021-07-05,0
2021-07-05,512100.SH,0.991,1.014,0.991,1.014,155932700.0,156634474.0,True,2021-07-05,0
2021-07-06,510300.SH,5.8690560000000005,5.8805190000000005,5.8128873,5.877080100000001,332974556.3988484,1946038944.0,True,2021-07-06,0
2021-07-06,510500.SH,2.1005682,2.1114999,2.079826,2.1002879,400048562.2547271,838703046.0,True,2021-07-06,0
2021-07-06,512100.SH,1.013,1.018,0.994,1.009,215074000.0,216862121.0,True,2021-07-06,0
2021-07-07,510300.SH,5.851861500000001,5.9630526,5.842691100000001,5.9378340000000005,304863590.68306726,1802156519.0,True,2021-07-07,0
2021-07-07,510500.SH,2.088235,2.1204695,2.0848714,2.1193483,390579735.997146,823258258.0,True,2021-07-07,0
2021-07-07,512100.SH,1.002,1.025,0.998,1.025,160380900.0,162409217.0,True,2021-07-07,0
2021-07-08,510300.SH,5.9481507,5.9561748,5.870202300000001,5.8873968,286168583.2679054,1689688924.0,True,2021-07-08,0
2021-07-08,510500.SH,2.1215907,2.1297194,2.113462,2.116265,340987509.8109169,723567642.0,True,2021-07-08,0
2021-07-08,512100.SH,1.025,1.032,1.023,1.028,167313000.0,171937080.0,True,2021-07-08,0
2021-07-09,510300.SH,5.8690560000000005,5.878226400000001,5.7956928,5.859885600000001,371832784.6113582,2174685021.0,True,2021-07-09,0
2021-07-09,510500.SH,2.1159847000000003,2.1364466,2.0988864,2.1344845,390644809.13307166,828262603.0,True,2021-07-09,0
2021-07-09,512100.SH,1.027,1.037,1.013,1.032,172346900.0,176445422.0,True,2021-07-09,0
2021-07-12,510300.SH,5.9034450000000005,5.9710767,5.8713486,5.9378340000000005,520538161.03986734,3088418555.0,True,2021-07-12,0
2021-07-12,510500.SH,2.1451359,2.172325,2.1426132,2.1647569,537586596.503746,1161494863.0,True,2021-07-12,0
2021-07-12,512100.SH,1.035,1.056,1.035,1.052,167965300.0,176049524.0,True,2021-07-12,0
2021-07-13,510300.SH,5.936687700000001,5.976808200000001,5.924078400000001,5.9561748,302224866.09090114,1798359498.0,True,2021-07-13,0
2021-07-13,510500.SH,2.1647569,2.1874612,2.1591509,2.1852188,284755547.6275419,619571905.0,True,2021-07-13,0
2021-07-13,512100.SH,1.055,1.061,1.05,1.06,188005600.0,198394961.0,True,2021-07-13,0
2021-07-14,510300.SH,5.9504433,5.9504433,5.878226400000001,5.890835700000001,333655516.00802577,1970051836.0,True,2021-07-14,0
2021-07-14,510500.SH,2.1840976,2.1883021,2.1644766,2.1709235,644014270.4245452,1400575649.0,True,2021-07-14,0
2021-07-14,512100.SH,1.062,1.063,1.044,1.046,228808600.0,240609634.0,True,2021-07-14,0
2021-07-15,510300.SH,5.881665300000001,5.976808200000001,5.8736412,5.968784100000001,309942157.37590504,1839020775.0,True,2021-07-15,0
2021-07-15,510500.SH,2.1672796,2.1790522,2.1487798,2.1759689,511899750.2675705,1107370516.0,True,2021-07-15,0
2021-07-15,512100.SH,1.041,1.046,1.026,1.043,212838400.0,220883267.0,True,2021-07-15,0
2021-07-16,510300.SH,5.9607600000000005,5.966491500000001,5.905737600000001,5.9103228,322982766.2915467,1916254592.0,True,2021-07-16,0
2021-07-16,510500.SH,2.1709235,2.1955899,2.1709235,2.1790522,375051580.4495184,819015404.0,True,2021-07-16,0
2021-07-16,512100.SH,1.043,1.058,1.038,1.044,203310400.0,213297440.0,True,2021-07-16,0
2021-07-19,510300.SH,5.900006100000001,5.9470044,5.8530078,5.935541400000001,289667764.11061674,1709347745.0,True,2021-07-19,0
2021-07-19,510500.SH,2.1641963,2.180734,2.1580297,2.166719,425362814.8412416,922691997.0,True,2021-07-19,0
2021-07-19,512100.SH,1.039,1.048,1.036,1.043,183915900.0,191770189.0,True,2021-07-19,0
2021-07-20,510300.SH,5.8919820000000005,5.936687700000001,5.881665300000001,5.920639500000001,267538451.5397365,1581145200.0,True,2021-07-20,0
2021-07-20,510500.SH,2.155507,2.172325,2.1510222,2.1692417,477022119.1580449,1031075572.0,True,2021-07-20,0
2021-07-20,512100.SH,1.032,1.052,1.032,1.051,163451300.0,170444569.0,True,2021-07-20,0
2021-07-21,510300.SH,5.9378340000000005,5.9894175,5.9286636,5.9653452,504606348.2508941,3011038370.0,True,2021-07-21,0
2021-07-21,510500.SH,2.1728856,2.1997944,2.1728856,2.1967111,550879646.8069925,1205915234.0,True,2021-07-21,0
2021-07-21,512100.SH,1.052,1.074,1.051,1.07,185362700.0,197421224.0,True,2021-07-21,0
2021-07-22,510300.SH,5.966491500000001,5.9985879,5.958467400000001,5.9710767,235264828.57890603,1405906247.0,True,2021-07-22,0
2021-07-22,510500.SH,2.197552,2.208764,2.1888627,2.2062413000000003,276416903.3178737,608636212.0,True,2021-07-22,0
2021-07-22,512100.SH,1.072,1.079,1.063,1.075,142672900.0,152808239.0,True,2021-07-22,0
2021-07-23,510300.SH,5.9722230000000005,5.973369300000001,5.8977135,5.911469100000001,233921429.81767425,1384583057.0,True,2021-07-23,0
2021-07-23,510500.SH,2.2096049,2.2188548,2.1922263,2.2020368,440938523.0110596,972578108.0,True,2021-07-23,0
2021-07-23,512100.SH,1.076,1.081,1.064,1.069,161835800.0,173609649.0,True,2021-07-23,0
2021-07-26,510300.SH,5.8885431,5.8896894,5.6432349,5.710866600000001,798458844.9794992,4590557872.0,True,2021-07-26,0
2021-07-26,510500.SH,2.197552,2.2023171,2.1364466,2.1613933,918608605.0660008,1987040895.0,True,2021-07-26,0
2021-07-26,512100.SH,1.067,1.072,1.032,1.055,214455200.0,226553706.0,True,2021-07-26,0
2021-07-27,510300.SH,5.7074277,5.7315000000000005,5.5056789,5.512556700000001,704183212.0736282,3972490920.0,True,2021-07-27,0
2021-07-27,510500.SH,2.1602721,2.1784916,2.1168256,2.1201892,1326453510.524438,2843550765.0,True,2021-07-27,0
2021-07-27,512100.SH,1.056,1.067,1.023,1.025,246053150.0,258387755.0,True,2021-07-27,0
2021-07-28,510300.SH,5.5056789,5.5515309,5.427730500000001,5.5240197,796778628.6312484,4378815460.0,True,2021-07-28,0
2021-07-28,510500.SH,2.1030909,2.1137423,2.0610459,2.088235,1755115822.3332148,3661114385.0,True,2021-07-28,0
2021-07-28,512100.SH,1.024,1.024,0.978,1.005,213827400.0,214828848.0,True,2021-07-28,0
2021-07-29,510300.SH,5.6157237,5.636357100000001,5.5687254,5.6237478,558498085.1435051,3130337228.0,True,2021-07-29,0
2021-07-29,510500.SH,2.116265,2.1291588,2.1028106,2.1238331,1090723157.331431,2307607211.0,True,2021-07-29,0
2021-07-29,512100.SH,1.013,1.049,1.011,1.044,208220900.0,215098020.0,True,2021-07-29,0
2021-07-30,510300.SH,5.5973829,5.598529200000001,5.5263123,5.5847736,197042863.9972084,1097220227.0,True,2021-07-30,0
2021-07-30,510500.SH,2.1140226,2.1319618,2.107856,2.1305603,554075633.2500892,1175119726.0,True,2021-07-30,0
2021-07-30,512100.SH,1.044,1.058,1.035,1.055,203422800.0,212799916.0,True,2021-07-30,0
2021-08-02,510300.SH,5.5664328,5.7360852,5.529751200000001,5.723475900000001,327317404.6933612,1853444876.0,True,2021-08-02,0
2021-08-02,510500.SH,2.1299997,2.1616736,2.1187877,2.1594312,1037797145.915091,2229592546.0,True,2021-08-02,0
2021-08-02,512100.SH,1.052,1.079,1.05,1.078,177413100.0,188251659.0,True,2021-08-02,0
2021-08-03,510300.SH,5.698257300000001,5.7532797,5.679916500000001,5.725768500000001,203271189.0430079,1161609447.0,True,2021-08-03,0
2021-08-03,510500.SH,2.1577494,2.1613933,2.1395299,2.144295,868149975.0267571,1866576258.0,True,2021-08-03,0
2021-08-03,512100.SH,1.071,1.076,1.054,1.057,189429400.0,202130235.0,True,2021-08-03,0
2021-08-04,510300.SH,5.713159200000001,5.7773520000000005,5.710866600000001,5.7762057,216911181.1916601,1248682987.0,True,2021-08-04,0
2021-08-04,510500.SH,2.1437344,2.1768098,2.1400905,2.1759689,1090193007.491973,2366443989.0,True,2021-08-04,0
2021-08-04,512100.SH,1.054,1.086,1.05,1.084,167501000.0,179188486.0,True,2021-08-04,0
2021-08-05,510300.SH,5.7360852,5.7979854,5.709720300000001,5.741816700000001,183086145.86059496,1053873944.0,True,2021-08-05,0
2021-08-05,510500.SH,2.1714841,2.1826961,2.1602721,2.1734462,525650474.4916161,1142896784.0,True,2021-08-05,0
2021-08-05,512100.SH,1.08,1.086,1.071,1.08,171449262.0,185032027.0,True,2021-08-05,0
2021-08-06,510300.SH,5.7315000000000005,5.7372315,5.6879406,5.723475900000001,98315627.67163916,561475942.0,True,2021-08-06,0
2021-08-06,510500.SH,2.1737265,2.1840976,2.1655978,2.183537,257365479.84302533,559817719.0,True,2021-08-06,0
2021-08-06,512100.SH,1.081,1.086,1.074,1.086,167128800.0,180534191.0,True,2021-08-06,0
2021-08-09,510300.SH,5.6971110000000005,5.808302100000001,5.6764776,5.786522400000001,199852244.61310297,1151898657.0,True,2021-08-09,0
2021-08-09,510500.SH,2.1768098,2.1967111,2.1669993,2.1922263,498909875.1337853,1089969779.0,True,2021-08-09,0
2021-08-09,512100.SH,1.084,1.089,1.07,1.087,197688800.0,213440540.0,True,2021-08-09,0
2021-08-10,510300.SH,5.7727668,5.8553004,5.7337926,5.851861500000001,282755283.0847073,1635519300.0,True,2021-08-10,0
2021-08-10,510500.SH,2.1897036,2.208764,2.1860597,2.2070822,316598366.0363896,696460718.0,True,2021-08-10,0
2021-08-10,512100.SH,1.086,1.097,1.082,1.096,193122700.0,210827547.0,True,2021-08-10,0
2021-08-11,510300.SH,5.8438374,5.8736412,5.817472500000001,5.820911400000001,208609962.4880049,1219614186.0,True,2021-08-11,0
2021-08-11,510500.SH,2.2068019,2.225582,2.2006353,2.2239002,308000627.89868,682927035.0,True,2021-08-11,0
2021-08-11,512100.SH,1.096,1.106,1.086,1.105,173087300.0,190049272.0,True,2021-08-11,0
2021-08-12,510300.SH,5.800278,5.824350300000001,5.7727668,5.784229800000001,116873152.75233358,677135203.0,True,2021-08-12,0
2021-08-12,510500.SH,2.2202563,2.2398773,2.2126882,2.2325895,342195975.7402783,763194790.0,True,2021-08-12,0
2021-08-12,512100.SH,1.105,1.116,1.102,1.113,194808400.0,216197083.0,True,2021-08-12,0
2021-08-13,510300.SH,5.769327900000001,5.8071558,5.7200370000000005,5.7532797,176713252.20273924,1017354166.0,True,2021-08-13,0
2021-08-13,510500.SH,2.231188,2.2418394,2.2208169,2.2331501,299610292.5437032,668418058.0,True,2021-08-13,0
2021-08-13,512100.SH,1.112,1.122,1.104,1.112,222543900.0,247900820.0,True,2021-08-13,0
2021-08-16,510300.SH,5.7464019,5.7819372,5.732646300000001,5.7498408,162438828.40443164,934436575.0,True,2021-08-16,0
2021-08-16,510500.SH,2.2334304,2.2376349,2.2163321,2.2219381,386677174.4559401,860721903.0,True,2021-08-16,0
2021-08-16,512100.SH,1.11,1.11,1.095,1.098,209819500.0,231274803.0,True,2021-08-16,0
2021-08-17,510300.SH,5.7429630000000005,5.7796446,5.6111385,5.621455200000001,307337429.99214864,1751144106.0,True,2021-08-17,0
2021-08-17,510500.SH,2.2185745,2.2236199,2.1664387,2.1728856,1081637552.6221905,2367987832.0,True,2021-08-17,0
2021-08-17,512100.SH,1.094,1.1,1.065,1.067,220034816.0,238683480.0,True,2021-08-17,0
2021-08-18,510300.SH,5.621455200000001,5.7154518,5.607699600000001,5.682209100000001,335663466.80624616,1901295854.0,True,2021-08-18,0
2021-08-18,510500.SH,2.1714841,2.1885824,2.1625145,2.1821355,698748890.4744916,1521809358.0,True,2021-08-18,0
2021-08-18,512100.SH,1.068,1.081,1.065,1.078,249362284.0,267466910.0,True,2021-08-18,0
2021-08-19,510300.SH,5.662722000000001,5.682209100000001,5.6180163,5.6432349,209640582.74448225,1185219027.0,True,2021-08-19,0
2021-08-19,510500.SH,2.1784916,2.1944687,2.1597115,2.1869006,635858237.6025687,1385783807.0,True,2021-08-19,0
2021-08-19,512100.SH,1.073,1.09,1.064,1.087,211215800.0,227837443.0,True,2021-08-19,0
2021-08-20,510300.SH,5.6306256,5.6317719,5.488484400000001,5.5400679,365036500.04361856,2023086385.0,True,2021-08-20,0
2021-08-20,510500.SH,2.180734,2.189143,2.1569085,2.1773704,573004623.6175526,1242916290.0,True,2021-08-20,0
2021-08-20,512100.SH,1.083,1.092,1.068,1.091,228224267.0,246428616.0,True,2021-08-20,0
2021-08-23,510300.SH,5.5515309,5.6294793,5.5480920000000005,5.622601500000001,307913513.91433305,1724629446.0,True,2021-08-23,0
2021-08-23,510500.SH,2.1812946,2.211567,2.1812946,2.208764,559976996.0756333,1234426998.0,True,2021-08-23,0
2021-08-23,512100.SH,1.092,1.116,1.09,1.113,279976810.0,309708555.0,True,2021-08-23,0
2021-08-24,510300.SH,5.6283330000000005,5.7062814,5.6283330000000005,5.682209100000001,277157300.0087237,1571638429.0,True,2021-08-24,0
2021-08-24,510500.SH,2.217173,2.2348319,2.2028777,2.2320289,404017584.7306457,899231536.0,True,2021-08-24,0
2021-08-24,512100.SH,1.12,1.129,1.106,1.124,228413759.0,255344147.0,True,2021-08-24,0
2021-08-25,510300.SH,5.6913795,5.7005499,5.6604294,5.698257300000001,181153629.9398063,1029752682.0,True,2021-08-25,0
2021-08-25,510500.SH,2.231188,2.250809,2.2202563,2.2499681,300627599.00107026,671834871.0,True,2021-08-25,0
2021-08-25,512100.SH,1.122,1.127,1.113,1.127,219959900.0,246355187.0,True,2021-08-25,0
2021-08-26,510300.SH,5.694818400000001,5.695964700000001,5.5824810000000005,5.6008218,169973182.41298088,956302469.0,True,2021-08-26,0
2021-08-26,510500.SH,2.2491272,2.256415,2.236794,2.2404379,295803496.25401354,664807527.0,True,2021-08-26,0
2021-08-26,512100.SH,1.124,1.129,1.111,1.113,212277000.0,237729941.0,True,2021-08-26,0
2021-08-27,510300.SH,5.5927977,5.667307200000001,5.589358800000001,5.6157237,202596540.17272964,1140911545.0,True,2021-08-27,0
2021-08-27,510500.SH,2.236794,2.2614604,2.2317486,2.2575362,226224826.9711024,509227827.0,True,2021-08-27,0
2021-08-27,512100.SH,1.109,1.119,1.101,1.116,261876800.0,291002199.0,True,2021-08-27,0
2021-08-30,510300.SH,5.6294793,5.6420886,5.5698717,5.595090300000001,188024261.53711945,1052155091.0,True,2021-08-30,0
2021-08-30,510500.SH,2.262021,2.2850056,2.2586574,2.273233,315093378.5230111,715328640.0,True,2021-08-30,0
2021-08-30,512100.SH,1.115,1.135,1.115,1.121,274933900.0,309751439.0,True,2021-08-30,0
2021-08-31,510300.SH,5.5962366,5.613431100000001,5.513703,5.5927977,213759580.38907787,1190430817.0,True,2021-08-31,0
2021-08-31,510500.SH,2.2723921,2.2830435,2.2513696,2.2822026,276763606.8498038,626889458.0,True,2021-08-31,0
2021-08-31,512100.SH,1.119,1.124,1.11,1.124,259163800.0,289814436.0,True,2021-08-31,0
2021-09-01,510300.SH,5.5939440000000005,5.717744400000001,5.5480920000000005,5.6730387,337187707.40643805,1903964598.0,True,2021-09-01,0
2021-09-01,510500.SH,2.284445,2.2875283,2.236794,2.2628619,370925925.7937924,840141832.0,True,2021-09-01,0
2021-09-01,512100.SH,1.125,1.126,1.087,1.103,233288800.0,258121606.0,True,2021-09-01,0
2021-09-02,510300.SH,5.6856480000000005,5.694818400000001,5.6397960000000005,5.668453500000001,195415540.43444124,1107121906.0,True,2021-09-02,0
2021-09-02,510500.SH,2.2600589,2.3063084,2.2555741,2.3037857,316190021.40563685,723959044.0,True,2021-09-02,0
2021-09-02,512100.SH,1.101,1.12,1.094,1.12,200945400.0,223591694.0,True,2021-09-02,0
2021-09-03,510300.SH,5.668453500000001,5.695964700000001,5.6271867,5.637503400000001,303905839.6580301,1718509769.0,True,2021-09-03,0
2021-09-03,510500.SH,2.312475,2.32649,2.2771572,2.2920131,481603282.19764537,1106651109.0,True,2021-09-03,0
2021-09-03,512100.SH,1.123,1.13,1.096,1.108,257459400.0,286301649.0,True,2021-09-03,0
2021-09-06,510300.SH,5.637503400000001,5.7498408,5.6329182,5.7337926,431419232.3126581,2468976363.0,True,2021-09-06,0
2021-09-06,510500.SH,2.2931343,2.312475,2.2768769,2.3119144,341337006.7784517,785019260.0,True,2021-09-06,0
2021-09-06,512100.SH,1.108,1.126,1.095,1.124,207151000.0,230253964.0,True,2021-09-06,0
2021-09-07,510300.SH,5.7315000000000005,5.833520700000001,5.7154518,5.806009500000001,399106344.76140624,2304933623.0,True,2021-09-07,0
2021-09-07,510500.SH,2.3088311,2.3640502,2.3082705,2.3626487,330939707.45629686,775398987.0,True,2021-09-07,0
2021-09-07,512100.SH,1.123,1.148,1.12,1.145,239744500.0,272659603.0,True,2021-09-07,0
2021-09-08,510300.SH,5.8105947,5.8381059,5.7635964,5.7819372,206702501.09046492,1198609525.0,True,2021-09-08,0
2021-09-08,510500.SH,2.3626487,2.3786258,2.3584442,2.3777849,381015583.3036033,903052261.0,True,2021-09-08,0
2021-09-08,512100.SH,1.144,1.153,1.142,1.152,200820400.0,230209749.0,True,2021-09-08,0
2021-09-09,510300.SH,5.7670353,5.7807909,5.7337926,5.7796446,159247307.8600715,917262214.0,True,2021-09-09,0
2021-09-09,510500.SH,2.3747016,2.4016104,2.3688153,2.3985271,277072425.9721727,661062324.0,True,2021-09-09,0
2021-09-09,512100.SH,1.148,1.151,1.137,1.146,164757900.0,188393222.0,True,2021-09-09,0
2021-09-10,510300.SH,5.773913100000001,5.877080100000001,5.770474200000001,5.835813300000001,339644922.79507977,1982110598.0,True,2021-09-10,0
2021-09-10,510500.SH,2.3960044,2.416186,2.3808682,2.3976862,452070524.43810207,1084463256.0,True,2021-09-10,0
2021-09-10,512100.SH,1.146,1.156,1.137,1.154,255626827.0,293207624.0,True,2021-09-10,0
2021-09-13,510300.SH,5.8289355,5.8564467,5.771620500000001,5.804863200000001,279172758.4401989,1620670961.0,True,2021-09-13,0
2021-09-13,510500.SH,2.390959,2.4102997,2.379747,2.4058149,433913713.8779878,1039323732.0,True,2021-09-13,0
2021-09-13,512100.SH,1.15,1.157,1.145,1.155,146898000.0,169155521.0,True,2021-09-13,0
2021-09-14,510300.SH,5.806009500000001,5.8254966,5.705135100000001,5.729207400000001,285886760.8828404,1645687915.0,True,2021-09-14,0
2021-09-14,510500.SH,2.404974,2.4243147,2.3727395,2.3791864,429373043.1680342,1028985000.0,True,2021-09-14,0
2021-09-14,512100.SH,1.155,1.17,1.147,1.15,187254800.0,216876097.0,True,2021-09-14,0
2021-09-15,510300.SH,5.7200370000000005,5.7211833,5.636357100000001,5.668453500000001,236182390.2992236,1340902838.0,True,2021-09-15,0
2021-09-15,510500.SH,2.3696562,2.4018907,2.3679744,2.3892771999999995,283068854.79843026,675339044.0,True,2021-09-15,0
2021-09-15,512100.SH,1.145,1.161,1.141,1.16,165956087.0,191500214.0,True,2021-09-15,0
2021-09-16,510300.SH,5.668453500000001,5.679916500000001,5.595090300000001,5.604260700000001,374551535.3746837,2106848912.0,True,2021-09-16,0
2021-09-16,510500.SH,2.390959,2.41058,2.3441489,2.3458307,472950503.0324652,1124057133.0,True,2021-09-16,0
2021-09-16,512100.SH,1.165,1.168,1.123,1.124,297108000.0,339032026.0,True,2021-09-16,0
2021-09-17,510300.SH,5.6031144,5.655844200000001,5.580188400000001,5.648966400000001,448392823.86809736,2520613348.0,True,2021-09-17,0
2021-09-17,510500.SH,2.3388232,2.3556412,2.2945358,2.3267703,925497656.0827686,2151230614.0,True,2021-09-17,0
2021-09-17,512100.SH,1.121,1.132,1.098,1.126,300067158.0,335461491.0,True,2021-09-17,0
2021-09-22,510300.SH,5.5710180000000005,5.6306256,5.561847600000001,5.6111385,428883887.2895402,2399574657.0,True,2021-09-22,0
2021-09-22,510500.SH,2.2922934,2.3505958,2.2922934,2.3497549,487477103.1038173,1135027845.0,True,2021-09-22,0
2021-09-22,512100.SH,1.114,1.132,1.111,1.131,166636911.0,187030952.0,True,2021-09-22,0
2021-09-23,510300.SH,5.636357100000001,5.679916500000001,5.6237478,5.644381200000001,250347426.50266072,1413518503.0,True,2021-09-23,0
2021-09-23,510500.SH,2.3564821,2.3716183,2.3463913,2.3626487,528769789.511238,1248709559.0,True,2021-09-23,0
2021-09-23,512100.SH,1.135,1.142,1.13,1.134,171846000.0,195296373.0,True,2021-09-23,0
2021-09-24,510300.SH,5.648966400000001,5.7028425,5.637503400000001,5.652405300000001,405453362.9939807,2299464435.0,True,2021-09-24,0
2021-09-24,510500.SH,2.3626487,2.3626487,2.3250885,2.3276112,1236547577.5954337,2887565395.0,True,2021-09-24,0
2021-09-24,512100.SH,1.134,1.134,1.114,1.118,209797786.0,235990344.0,True,2021-09-24,0
2021-09-27,510300.SH,5.668453500000001,5.729207400000001,5.640942300000001,5.6890869,313961073.0175347,1786172115.0,True,2021-09-27,0
2021-09-27,510500.SH,2.3273309,2.3334975,2.2494075,2.2634225,1654650142.704245,3760334657.0,True,2021-09-27,0
2021-09-27,512100.SH,1.115,1.122,1.073,1.082,230207000.0,252007584.0,True,2021-09-27,0
2021-09-28,510300.SH,5.679916500000001,5.708574000000001,5.6466738,5.6787702,229988010.99188688,1306079041.0,True,2021-09-28,0
2021-09-28,510500.SH,2.2586574,2.2737936,2.2544528999999995,2.264824,560145198.0021405,1268650908.0,True,2021-09-28,0
2021-09-28,512100.SH,1.081,1.089,1.076,1.084,160132600.0,173663355.0,True,2021-09-28,0
2021-09-29,510300.SH,5.6420886,5.6730387,5.591651400000001,5.640942300000001,516671964.5816976,2909490209.0,True,2021-09-29,0
2021-09-29,510500.SH,2.2550135,2.2555741,2.2045595,2.2138094,1298690346.0577953,2882534183.0,True,2021-09-29,0
2021-09-29,512100.SH,1.075,1.078,1.046,1.049,164413500.0,174105359.0,True,2021-09-29,0
2021-09-30,510300.SH,5.6432349,5.6776239,5.640942300000001,5.6569905,273017247.6664049,1544835059.0,True,2021-09-30,0
2021-09-30,510500.SH,2.2157715,2.2370743,2.2157715,2.2337107,937660082.0549412,2090066152.0,True,2021-09-30,0
2021-09-30,512100.SH,1.051,1.076,1.05,1.074,165936200.0,176985410.0,True,2021-09-30,0
2021-10-08,510300.SH,5.7062814,5.7486945,5.698257300000001,5.7383778,213403227.77632383,1222701431.0,True,2021-10-08,0
2021-10-08,510500.SH,2.2558544,2.2642634,2.2188548,2.2306274,757635911.5233679,1692633518.0,True,2021-10-08,0
2021-10-08,512100.SH,1.083,1.092,1.073,1.08,131994800.0,142549113.0,True,2021-10-08,0
2021-10-11,510300.SH,5.747548200000001,5.800278,5.732646300000001,5.7372315,227097942.07450056,1309512481.0,True,2021-10-11,0
2021-10-11,510500.SH,2.228385,2.2404379,2.2163321,2.2286653,626108394.5772387,1397321640.0,True,2021-10-11,0
2021-10-11,512100.SH,1.075,1.08,1.066,1.073,147640000.0,158543048.0,True,2021-10-11,0
2021-10-12,510300.SH,5.716598100000001,5.729207400000001,5.6317719,5.6776239,288412129.4600017,1639579407.0,True,2021-10-12,0
2021-10-12,510500.SH,2.2286653,2.2295062,2.172325,2.1857794,1112840759.9001071,2439940097.0,True,2021-10-12,0
2021-10-12,512100.SH,1.068,1.07,1.034,1.046,156593300.0,164292808.0,True,2021-10-12,0
2021-10-13,510300.SH,5.668453500000001,5.760157500000001,5.6661609,5.741816700000001,221210560.93518275,1264333991.0,True,2021-10-13,0
2021-10-13,510500.SH,2.1829764,2.2014762,2.1700826,2.1955899,604715090.9739565,1321479970.0,True,2021-10-13,0
2021-10-13,512100.SH,1.041,1.06,1.038,1.058,131922356.0,138248699.0,True,2021-10-13,0
2021-10-14,510300.SH,5.7349389,5.7635964,5.698257300000001,5.710866600000001,174307474.48311958,998317197.0,True,2021-10-14,0
2021-10-14,510500.SH,2.1877415,2.2101655,2.183537,2.2037186,631586246.8783447,1391068628.0,True,2021-10-14,0
2021-10-14,512100.SH,1.05,1.071,1.05,1.067,144108600.0,153146463.0,True,2021-10-14,0
2021-10-15,510300.SH,5.7074277,5.750987100000001,5.6856480000000005,5.7383778,190151003.22777635,1089703600.0,True,2021-10-15,0
2021-10-15,510500.SH,2.2037186,2.2168927,2.1950293,2.2149306,742411323.5818766,1640142544.0,True,2021-10-15,0
2021-10-15,512100.SH,1.064,1.071,1.058,1.068,103673200.0,110547133.0,True,2021-10-15,0
2021-10-18,510300.SH,5.7349389,5.7360852,5.635210800000001,5.671892400000001,219192597.05138272,1241208468.0,True,2021-10-18,0
2021-10-18,510500.SH,2.208764,2.222779,2.1961505,2.2216578,982330602.9254372,2177357332.0,True,2021-10-18,0
2021-10-18,512100.SH,1.062,1.079,1.062,1.078,130704200.0,139818957.0,True,2021-10-18,0
2021-10-19,510300.SH,5.662722000000001,5.7315000000000005,5.659283100000001,5.725768500000001,251652966.937102,1436191679.0,True,2021-10-19,0
2021-10-19,510500.SH,2.2216578,2.2415591,2.21437,2.2390364000000003,725883321.4413129,1620540179.0,True,2021-10-19,0
2021-10-19,512100.SH,1.077,1.091,1.073,1.09,132473200.0,143881389.0,True,2021-10-19,0
2021-10-20,510300.SH,5.7315000000000005,5.756718600000001,5.698257300000001,5.709720300000001,136697461.3975399,782001177.0,True,2021-10-20,0
2021-10-20,510500.SH,2.2264229,2.2502484000000003,2.2219381,2.2381955,600463999.2864788,1343675921.0,True,2021-10-20,0
2021-10-20,512100.SH,1.086,1.097,1.081,1.094,159664812.0,174032582.0,True,2021-10-20,0
2021-10-21,510300.SH,5.708574000000001,5.762450100000001,5.6879406,5.7349389,195485925.1504841,1119219633.0,True,2021-10-21,0
2021-10-21,510500.SH,2.236794,2.2477257,2.2216578,2.2323092,485061740.9917945,1085512124.0,True,2021-10-21,0
2021-10-21,512100.SH,1.091,1.096,1.084,1.086,132672300.0,144715320.0,True,2021-10-21,0
2021-10-22,510300.SH,5.7429630000000005,5.8140336,5.7429630000000005,5.7727668,291893343.80179703,1686635695.0,True,2021-10-22,0
2021-10-22,510500.SH,2.2295062,2.2373546,2.2124079,2.2152109,430254216.9104531,954783629.0,True,2021-10-22,0
2021-10-22,512100.SH,1.086,1.093,1.077,1.079,200217300.0,217320862.0,True,2021-10-22,0
2021-10-25,510300.SH,5.756718600000001,5.801424300000001,5.744109300000001,5.7922539,231505281.33996332,1336929143.0,True,2021-10-25,0
2021-10-25,510500.SH,2.2110064,2.2345516,2.2073625,2.2337107,344282850.5173029,766122154.0,True,2021-10-25,0
2021-10-25,512100.SH,1.081,1.095,1.076,1.095,130327300.0,141599495.0,True,2021-10-25,0
2021-10-26,510300.SH,5.7945465,5.832374400000001,5.7578649,5.7727668,216269329.14594775,1251852282.0,True,2021-10-26,0
2021-10-26,510500.SH,2.2356728,2.2502484000000003,2.2272638,2.2370743,581695972.1726722,1304023578.0,True,2021-10-26,0
2021-10-26,512100.SH,1.096,1.102,1.087,1.093,122191200.0,133876772.0,True,2021-10-26,0
2021-10-27,510300.SH,5.759011200000001,5.759011200000001,5.683355400000001,5.6971110000000005,242610398.67399457,1385676615.0,True,2021-10-27,0
2021-10-27,510500.SH,2.231188,2.2351122,2.2076428,2.217173,313248205.49411345,694572674.0,True,2021-10-27,0
2021-10-27,512100.SH,1.088,1.089,1.075,1.081,137241500.0,148100709.0,True,2021-10-27,0
2021-10-28,510300.SH,5.6856480000000005,5.705135100000001,5.6466738,5.6730387,385013696.2400767,2185194500.0,True,2021-10-28,0
2021-10-28,510500.SH,2.2132488,2.2168927,2.1852188,2.1908248,938068490.9026043,2056327522.0,True,2021-10-28,0
2021-10-28,512100.SH,1.078,1.078,1.055,1.057,132352700.0,140939050.0,True,2021-10-28,0
2021-10-29,510300.SH,5.6695998,5.710866600000001,5.655844200000001,5.709720300000001,372053301.05557007,2114092671.0,True,2021-10-29,0
2021-10-29,510500.SH,2.1905445,2.2135291,2.1818552,2.2129685,517855793.7923653,1139033161.0,True,2021-10-29,0
2021-10-29,512100.SH,1.056,1.075,1.051,1.075,113079100.0,120351336.0,True,2021-10-29,0
2021-11-01,510300.SH,5.682209100000001,5.717744400000001,5.6615757,5.6913795,170114581.69763586,967955364.0,True,2021-11-01,0
2021-11-01,510500.SH,2.2051201,2.2297865,2.203158,2.2213775,358461573.3143061,795781131.0,True,2021-11-01,0
2021-11-01,512100.SH,1.07,1.087,1.067,1.083,106971000.0,115325246.0,True,2021-11-01,0
2021-11-02,510300.SH,5.6879406,5.725768500000001,5.5870662,5.6317719,374608316.3220797,2119278887.0,True,2021-11-02,0
2021-11-02,510500.SH,2.2174533,2.236794,2.1821355,2.1997944,1161246874.7770247,2555976600.0,True,2021-11-02,0
2021-11-02,512100.SH,1.081,1.089,1.06,1.072,124832900.0,134491511.0,True,2021-11-02,0
2021-11-03,510300.SH,5.6283330000000005,5.6581368,5.5927977,5.6088459,297160522.55081564,1671068454.0,True,2021-11-03,0
2021-11-03,510500.SH,2.1961505,2.2166124000000003,2.194749,2.2070822,542029682.4830539,1195145652.0,True,2021-11-03,0
2021-11-03,512100.SH,1.068,1.074,1.061,1.073,109243800.0,116618014.0,True,2021-11-03,0
2021-11-04,510300.SH,5.6317719,5.6753313,5.6306256,5.662722000000001,248122917.21189916,1403738125.0,True,2021-11-04,0
2021-11-04,510500.SH,2.2090443,2.2264229,2.2090443,2.2250214,338988287.54905456,752814867.0,True,2021-11-04,0
2021-11-04,512100.SH,1.074,1.088,1.074,1.087,99834300.0,107984850.0,True,2021-11-04,0
2021-11-05,510300.SH,5.6512590000000005,5.6936721,5.6420886,5.6432349,231702686.90569657,1312374545.0,True,2021-11-05,0
2021-11-05,510500.SH,2.2213775,2.2275441,2.2051201,2.2068019,643674634.320371,1423626895.0,True,2021-11-05,0
2021-11-05,512100.SH,1.087,1.088,1.071,1.072,117392804.0,126847775.0,True,2021-11-05,0
2021-11-08,510300.SH,5.6397960000000005,5.671892400000001,5.619162600000001,5.6386497,272603332.46096134,1539084826.0,True,2021-11-08,0
2021-11-08,510500.SH,2.2014762,2.2177336,2.1981126,2.2135291,450063410.6314663,995767952.0,True,2021-11-08,0
2021-11-08,512100.SH,1.072,1.079,1.067,1.079,139179700.0,149598194.0,True,2021-11-08,0
2021-11-09,510300.SH,5.6569905,5.6764776,5.607699600000001,5.636357100000001,229294251.06865567,1292760723.0,True,2021-11-09,0
2021-11-09,510500.SH,2.219976,2.2303471,2.2118473,2.2275441,549193460.5779523,1220885959.0,True,2021-11-09,0
2021-11-09,512100.SH,1.077,1.096,1.077,1.094,136147200.0,148049807.0,True,2021-11-09,0
2021-11-10,510300.SH,5.6317719,5.6317719,5.5320438,5.607699600000001,426961862.514176,2379856064.0,True,2021-11-10,0
2021-11-10,510500.SH,2.225582,2.225582,2.1902642,2.2219381,837155547.6275419,1852217955.0,True,2021-11-10,0
2021-11-10,512100.SH,1.094,1.096,1.079,1.095,149412300.0,162472718.0,True,2021-11-10,0
2021-11-11,510300.SH,5.5962366,5.7028425,5.5939440000000005,5.699403600000001,307393348.1636569,1740182227.0,True,2021-11-11,0
2021-11-11,510500.SH,2.2191351,2.2412788,2.2168927,2.2404379,481334587.9414913,1075744115.0,True,2021-11-11,0
2021-11-11,512100.SH,1.095,1.108,1.091,1.106,140294800.0,154338035.0,True,2021-11-11,0
2021-11-12,510300.SH,5.7039888,5.7211833,5.6787702,5.6971110000000005,238076161.56329057,1355972393.0,True,2021-11-12,0
2021-11-12,510500.SH,2.2424,2.2572559,2.2404379,2.2527711000000004,309311098.82269,696054598.0,True,2021-11-12,0
2021-11-12,512100.SH,1.106,1.121,1.103,1.12,169535900.0,189057901.0,True,2021-11-12,0
2021-11-15,510300.SH,5.701696200000001,5.7211833,5.6661609,5.690233200000001,293043165.8379133,1667408825.0,True,2021-11-15,0
2021-11-15,510500.SH,2.2516499,2.2637028,2.2297865,2.2362334,388698894.04209775,869817187.0,True,2021-11-15,0
2021-11-15,512100.SH,1.127,1.128,1.111,1.116,214361117.0,239322157.0,True,2021-11-15,0
2021-11-16,510300.SH,5.6925258,5.726914800000001,5.6741850000000005,5.6856480000000005,306961796.2139056,1750476662.0,True,2021-11-16,0
2021-11-16,510500.SH,2.2351122,2.2443621,2.2185745,2.2210972,356149482.69711024,793805138.0,True,2021-11-16,0
2021-11-16,512100.SH,1.115,1.119,1.1,1.104,176519500.0,196276919.0,True,2021-11-16,0
2021-11-17,510300.SH,5.6776239,5.701696200000001,5.6638683,5.6845017,198012524.6445084,1125215664.0,True,2021-11-17,0
2021-11-17,510500.SH,2.2213775,2.2351122,2.2174533,2.2342713,413786300.3924367,923330160.0,True,2021-11-17,0
2021-11-17,512100.SH,1.102,1.125,1.101,1.125,213854900.0,239000658.0,True,2021-11-17,0
2021-11-18,510300.SH,5.670746100000001,5.6764776,5.619162600000001,5.634064500000001,314578382.62235016,1774308236.0,True,2021-11-18,0
2021-11-18,510500.SH,2.2328698,2.2468848,2.2224987,2.233991,614368533.713878,1371191866.0,True,2021-11-18,0
2021-11-18,512100.SH,1.124,1.13,1.115,1.121,243671600.0,273492861.0,True,2021-11-18,0
2021-11-19,510300.SH,5.6283330000000005,5.7039888,5.622601500000001,5.6971110000000005,240705390.3864608,1365616714.0,True,2021-11-19,0
2021-11-19,510500.SH,2.231188,2.2634225,2.2303471,2.2606195,778222618.6229041,1750648443.0,True,2021-11-19,0
2021-11-19,512100.SH,1.115,1.136,1.115,1.135,211656900.0,238733553.0,True,2021-11-19,0
2021-11-22,510300.SH,5.701696200000001,5.725768500000001,5.6936721,5.7120129,308512159.993021,1761554915.0,True,2021-11-22,0
2021-11-22,510500.SH,2.264824,2.2830435,2.2634225,2.2802405,842641098.82269,1919709213.0,True,2021-11-22,0
2021-11-22,512100.SH,1.135,1.16,1.135,1.159,257271800.0,295724117.0,True,2021-11-22,0
2021-11-23,510300.SH,5.7039888,5.7315000000000005,5.6925258,5.7154518,276775055.39562064,1582334509.0,True,2021-11-23,0
2021-11-23,510500.SH,2.2774375,2.2942555,2.2754754,2.2855662,552114163.3963611,1262736555.0,True,2021-11-23,0
2021-11-23,512100.SH,1.158,1.159,1.151,1.156,173040600.0,199861766.0,True,2021-11-23,0
2021-11-24,510300.SH,5.7154518,5.7498408,5.701696200000001,5.728061100000001,155801017.18572798,891904463.0,True,2021-11-24,0
2021-11-24,510500.SH,2.2813617,2.292854,2.2763163,2.2836041,307576303.96004283,702848817.0,True,2021-11-24,0
2021-11-24,512100.SH,1.155,1.159,1.149,1.155,192284800.0,221807562.0,True,2021-11-24,0
2021-11-25,510300.SH,5.729207400000001,5.7303537,5.6971110000000005,5.7062814,119741751.72293463,683495479.0,True,2021-11-25,0
2021-11-25,510500.SH,2.2830435,2.2875283,2.2777178,2.2822026,306455940.0642169,699356144.0,True,2021-11-25,0
2021-11-25,512100.SH,1.153,1.156,1.148,1.151,158870600.0,183054300.0,True,2021-11-25,0
2021-11-26,510300.SH,5.6913795,5.6925258,5.6478201,5.6581368,178520282.6485213,1011650370.0,True,2021-11-26,0
2021-11-26,510500.SH,2.2693088,2.2861268,2.264824,2.2757557,372543885.1230824,848276361.0,True,2021-11-26,0
2021-11-26,512100.SH,1.149,1.158,1.146,1.154,152675100.0,176034166.0,True,2021-11-26,0
2021-11-29,510300.SH,5.6168700000000005,5.6604294,5.6168700000000005,5.650112700000001,204009421.61737764,1151391533.0,True,2021-11-29,0
2021-11-29,510500.SH,2.256415,2.2793996,2.2519302000000003,2.2779981,576359967.8915448,1308142201.0,True,2021-11-29,0
2021-11-29,512100.SH,1.145,1.165,1.14,1.164,171074200.0,197955719.0,True,2021-11-29,0
2021-11-30,510300.SH,5.653551600000001,5.6730387,5.6031144,5.6294793,160237285.17840007,903625434.0,True,2021-11-30,0
2021-11-30,510500.SH,2.2799602,2.2920131,2.2693088,2.2824829,465205551.195148,1062840971.0,True,2021-11-30,0
2021-11-30,512100.SH,1.168,1.176,1.161,1.171,314695500.0,368257397.0,True,2021-11-30,0
2021-12-01,510300.SH,5.6294793,5.650112700000001,5.624894100000001,5.644381200000001,184616730.34982115,1040600306.0,True,2021-12-01,0
2021-12-01,510500.SH,2.2808011,2.2950964000000003,2.2751951000000004,2.2942555,274142404.5665359,626391115.0,True,2021-12-01,0
2021-12-01,512100.SH,1.169,1.172,1.161,1.172,277940700.0,324726215.0,True,2021-12-01,0
2021-12-02,510300.SH,5.6397960000000005,5.668453500000001,5.6203089,5.655844200000001,140482549.9432958,794007121.0,True,2021-12-02,0
2021-12-02,510500.SH,2.2903313,2.2931343,2.273233,2.2805208,332276732.0727792,757778984.0,True,2021-12-02,0
2021-12-02,512100.SH,1.168,1.169,1.155,1.157,216735900.0,251653700.0,True,2021-12-02,0
2021-12-03,510300.SH,5.655844200000001,5.708574000000001,5.6466738,5.7074277,191600927.33141413,1087954879.0,True,2021-12-03,0
2021-12-03,510500.SH,2.2779981,2.3037857,2.2765966,2.3018236,289488826.2575812,663391858.0,True,2021-12-03,0
2021-12-03,512100.SH,1.156,1.168,1.153,1.164,190447000.0,221109209.0,True,2021-12-03,0
2021-12-06,510300.SH,5.710866600000001,5.7498408,5.695964700000001,5.701696200000001,290411861.64180404,1663482019.0,True,2021-12-06,0
2021-12-06,510500.SH,2.3001418,2.3088311,2.2796799,2.2836041,506654876.9175883,1164182984.0,True,2021-12-06,0
2021-12-06,512100.SH,1.164,1.165,1.146,1.147,276130800.0,319757847.0,True,2021-12-06,0
2021-12-07,510300.SH,5.725768500000001,5.741816700000001,5.7062814,5.7337926,185315151.3565384,1060624162.0,True,2021-12-07,0
2021-12-07,510500.SH,2.290051,2.2934146,2.256415,2.2695891,325065957.9022476,737648783.0,True,2021-12-07,0
2021-12-07,512100.SH,1.151,1.161,1.121,1.129,289197800.0,327139960.0,True,2021-12-07,0
2021-12-08,510300.SH,5.7395241,5.8220577,5.7188907,5.816326200000001,297646087.4116723,1721655416.0,True,2021-12-08,0
2021-12-08,510500.SH,2.2701497,2.3032251,2.2701497,2.3029448,368227163.7531217,841635975.0,True,2021-12-08,0
2021-12-08,512100.SH,1.131,1.151,1.131,1.148,214961700.0,245857709.0,True,2021-12-08,0
2021-12-09,510300.SH,5.820911400000001,5.9653452,5.8186188,5.912615400000001,552404409.8403559,3267970660.0,True,2021-12-09,0
2021-12-09,510500.SH,2.2987403,2.3135962,2.295657,2.3051872,301118644.30966824,694517987.0,True,2021-12-09,0
2021-12-09,512100.SH,1.148,1.155,1.145,1.155,187728400.0,216136733.0,True,2021-12-09,0
2021-12-10,510300.SH,5.8954209,5.9034450000000005,5.8724949,5.8954209,345569262.8456774,2035800619.0,True,2021-12-10,0
2021-12-10,510500.SH,2.2964979,2.3099523,2.2964979,2.3043463,524226428.8262576,1208465335.0,True,2021-12-10,0
2021-12-10,512100.SH,1.151,1.175,1.148,1.168,149208400.0,172393811.0,True,2021-12-10,0
2021-12-13,510300.SH,5.922932100000001,5.991710100000001,5.9022987,5.9103228,374277040.0418738,2227870765.0,True,2021-12-13,0
2021-12-13,510500.SH,2.304066,2.3175204000000003,2.2995812,2.3093917000000004,339565608.27684623,784116779.0,True,2021-12-13,0
2021-12-13,512100.SH,1.158,1.163,1.152,1.159,158148300.0,183158753.0,True,2021-12-13,0
2021-12-14,510300.SH,5.8885431,5.909176500000001,5.863324500000001,5.8747875,316398657.41952366,1860581410.0,True,2021-12-14,0
2021-12-14,510500.SH,2.3015433,2.312475,2.3001418,2.3037857,251149125.93649665,579202344.0,True,2021-12-14,0
2021-12-14,512100.SH,1.154,1.163,1.153,1.162,175168400.0,202935544.0,True,2021-12-14,0
2021-12-15,510300.SH,5.8690560000000005,5.8873968,5.817472500000001,5.8220577,177600278.28666142,1038757245.0,True,2021-12-15,0
2021-12-15,510500.SH,2.3004221,2.3127553,2.2967782000000003,2.3009827,256813435.60470924,592572538.0,True,2021-12-15,0
2021-12-15,512100.SH,1.159,1.165,1.153,1.158,151535900.0,175862300.0,True,2021-12-15,0
2021-12-16,510300.SH,5.8254966,5.854154100000001,5.806009500000001,5.8530078,329149723.4580825,1919332421.0,True,2021-12-16,0
2021-12-16,510500.SH,2.3009827,2.3231264,2.2998615,2.3220052,390726007.8487335,904493150.0,True,2021-12-16,0
2021-12-16,512100.SH,1.16,1.164,1.155,1.162,128243300.0,148764947.0,True,2021-12-16,0
2021-12-17,510300.SH,5.8438374,5.847276300000001,5.7670353,5.769327900000001,543155282.2123353,3145885077.0,True,2021-12-17,0
2021-12-17,510500.SH,2.3220052,2.3222855,2.301263,2.3057478,743951480.5565466,1715995910.0,True,2021-12-17,0
2021-12-17,512100.SH,1.161,1.162,1.146,1.147,163187700.0,188212321.0,True,2021-12-17,0
2021-12-20,510300.SH,5.7532797,5.7888150000000005,5.670746100000001,5.683355400000001,743108523.0742388,4250322969.0,True,2021-12-20,0
2021-12-20,510500.SH,2.295657,2.3037857,2.2665058,2.2695891,1472226186.2290404,3348490015.0,True,2021-12-20,0
2021-12-20,512100.SH,1.145,1.151,1.124,1.128,151204300.0,171622484.0,True,2021-12-20,0
2021-12-21,510300.SH,5.6776239,5.7223296,5.6730387,5.7074277,451132788.10084623,2572582597.0,True,2021-12-21,0
2021-12-21,510500.SH,2.2670664,2.2959373000000003,2.2670664,2.2866874,714262486.621477,1630087006.0,True,2021-12-21,0
2021-12-21,512100.SH,1.128,1.142,1.126,1.142,125246100.0,141973749.0,True,2021-12-21,0
2021-12-22,510300.SH,5.7223296,5.7360852,5.6971110000000005,5.710866600000001,581040031.4053912,3320651900.0,True,2021-12-22,0
2021-12-22,510500.SH,2.290051,2.3032251,2.2861268,2.2962176,496983589.0117731,1141035006.0,True,2021-12-22,0
2021-12-22,512100.SH,1.145,1.153,1.14,1.151,188265000.0,216342245.0,True,2021-12-22,0
2021-12-23,510300.SH,5.723475900000001,5.7613038,5.7062814,5.754426,263722638.0528657,1512949495.0,True,2021-12-23,0
2021-12-23,510500.SH,2.3001418,2.315278,2.2931343,2.3091114,381247124.5094542,879615563.0,True,2021-12-23,0
2021-12-23,512100.SH,1.151,1.156,1.145,1.151,128925500.0,148475967.0,True,2021-12-23,0
2021-12-24,510300.SH,5.7613038,5.7681816,5.7062814,5.728061100000001,227162262.06054255,1301806385.0,True,2021-12-24,0
2021-12-24,510500.SH,2.3088311,2.3088311,2.2858465,2.295657,991796225.472708,2273790320.0,True,2021-12-24,0
2021-12-24,512100.SH,1.151,1.153,1.13,1.132,162418300.0,184882789.0,True,2021-12-24,0
2021-12-27,510300.SH,5.728061100000001,5.7521334,5.6971110000000005,5.732646300000001,440104096.65881526,2520394801.0,True,2021-12-27,0
2021-12-27,510500.SH,2.2911722,2.3077099000000003,2.2875283,2.2906116,981240834.819836,2250851134.0,True,2021-12-27,0
2021-12-27,512100.SH,1.128,1.139,1.126,1.132,97429500.0,110319050.0,True,2021-12-27,0
2021-12-28,510300.SH,5.732646300000001,5.773913100000001,5.7223296,5.762450100000001,558243194.6261885,3209575435.0,True,2021-12-28,0
2021-12-28,510500.SH,2.2920131,2.295657,2.278839,2.2922934,702847663.2179807,1608792440.0,True,2021-12-28,0
2021-12-28,512100.SH,1.134,1.144,1.13,1.143,121740600.0,138303392.0,True,2021-12-28,0
2021-12-29,510300.SH,5.760157500000001,5.7670353,5.6845017,5.6856480000000005,352320994.5040565,2011288440.0,True,2021-12-29,0
2021-12-29,510500.SH,2.2911722,2.2945358,2.2813617,2.2864071,745398298.251873,1704510518.0,True,2021-12-29,0
2021-12-29,512100.SH,1.144,1.146,1.139,1.143,118305800.0,135159796.0,True,2021-12-29,0
2021-12-30,510300.SH,5.6856480000000005,5.750987100000001,5.679916500000001,5.726914800000001,413938776.0621129,2369943644.0,True,2021-12-30,0
2021-12-30,510500.SH,2.2827632,2.3054675,2.2824829,2.3029448,781816357.4741349,1796987607.0,True,2021-12-30,0
2021-12-30,512100.SH,1.141,1.156,1.14,1.152,118753600.0,136704339.0,True,2021-12-30,0
2021-12-31,510300.SH,5.7429630000000005,5.7647427,5.724622200000001,5.740670400000001,306565990.5783826,1760912797.0,True,2021-12-31,0
2021-12-31,510500.SH,2.3029448,2.3211643,2.3026645,2.3147174,694905255.0838387,1608930871.0,True,2021-12-31,0
2021-12-31,512100.SH,1.152,1.168,1.152,1.166,133492300.0,155141807.0,True,2021-12-31,0
2022-01-04,510300.SH,5.760157500000001,5.762450100000001,5.665014600000001,5.7200370000000005,424282714.8215999,2417587490.0,True,2022-01-04,0
2022-01-04,510500.SH,2.3222855,2.3234067,2.3004221,2.3166795,735728861.9336425,1699387519.0,True,2022-01-04,0
2022-01-04,512100.SH,1.167,1.174,1.155,1.161,176572000.0,205276426.0,True,2022-01-04,0
2022-01-05,510300.SH,5.7074277,5.7223296,5.6455275,5.6661609,404844374.0731047,2300116660.0,True,2022-01-05,0
2022-01-05,510500.SH,2.315278,2.315278,2.2679073,2.2712709,1013410513.7352836,2310417706.0,True,2022-01-05,0
2022-01-05,512100.SH,1.161,1.161,1.126,1.131,221521890.0,252059246.0,True,2022-01-05,0
2022-01-06,510300.SH,5.6432349,5.6546979,5.567579100000001,5.6019681,451254296.43199855,2530768429.0,True,2022-01-06,0
2022-01-06,510500.SH,2.2586574,2.2777178,2.2544528999999995,2.2740739,728779354.2632893,1653859915.0,True,2022-01-06,0
2022-01-06,512100.SH,1.124,1.145,1.121,1.138,249138200.0,283037413.0,True,2022-01-06,0
2022-01-07,510300.SH,5.6168700000000005,5.6512590000000005,5.6088459,5.6157237,417447177.8766466,2349400429.0,True,2022-01-07,0
2022-01-07,510500.SH,2.2746345,2.2830435,2.2594983,2.2625816,683608854.7984303,1552847587.0,True,2022-01-07,0
2022-01-07,512100.SH,1.14,1.142,1.114,1.118,251008756.0,282931158.0,True,2022-01-07,0
2022-01-10,510300.SH,5.6031144,5.6432349,5.5698717,5.6306256,428441339.09098834,2406258642.0,True,2022-01-10,0
2022-01-10,510500.SH,2.2578165,2.2665058,2.2454833,2.2628619,321411994.2918302,725935764.0,True,2022-01-10,0
2022-01-10,512100.SH,1.111,1.127,1.108,1.123,195583400.0,219270726.0,True,2022-01-10,0
2022-01-11,510300.SH,5.6306256,5.644381200000001,5.575603200000001,5.579042100000001,359608215.9993021,2014962361.0,True,2022-01-11,0
2022-01-11,510500.SH,2.2642634,2.2693088,2.2432409,2.2496878,555778819.1223689,1251807933.0,True,2022-01-11,0
2022-01-11,512100.SH,1.121,1.128,1.109,1.112,171700700.0,191787821.0,True,2022-01-11,0
2022-01-12,510300.SH,5.598529200000001,5.6546979,5.598529200000001,5.6386497,446072216.6971997,2511098388.0,True,2022-01-12,0
2022-01-12,510500.SH,2.250809,2.2670664,2.250809,2.2651043,359395290.7599001,812157874.0,True,2022-01-12,0
2022-01-12,512100.SH,1.113,1.133,1.113,1.132,158196000.0,177592266.0,True,2022-01-12,0
2022-01-13,510300.SH,5.6512590000000005,5.653551600000001,5.543506800000001,5.545799400000001,425955070.2259443,2379000209.0,True,2022-01-13,0
2022-01-13,510500.SH,2.2662255,2.2681876,2.2370743,2.2398773,744943770.959686,1673203342.0,True,2022-01-13,0
2022-01-13,512100.SH,1.129,1.131,1.111,1.111,179900200.0,201500571.0,True,2022-01-13,0
2022-01-14,510300.SH,5.530897500000001,5.5480920000000005,5.491923300000001,5.4953622,357697810.34633166,1972987305.0,True,2022-01-14,0
2022-01-14,510500.SH,2.228385,2.2466045,2.2241805,2.2292259,800490902.6043525,1789294927.0,True,2022-01-14,0
2022-01-14,512100.SH,1.106,1.12,1.101,1.115,156366600.0,174201652.0,True,2022-01-14,0
2022-01-17,510300.SH,5.499947400000001,5.560701300000001,5.4988011000000006,5.5423605,434745753.2932042,2407274463.0,True,2022-01-17,0
2022-01-17,510500.SH,2.2292259,2.2589377,2.2289456,2.2513696,625217199.429183,1406417269.0,True,2022-01-17,0
2022-01-17,512100.SH,1.113,1.137,1.113,1.136,170533600.0,192543441.0,True,2022-01-17,0
2022-01-18,510300.SH,5.5389216,5.613431100000001,5.519434500000001,5.595090300000001,544505855.3607258,3038466592.0,True,2022-01-18,0
2022-01-18,510500.SH,2.2522105,2.2625816,2.2429606,2.2552938,490646917.5882983,1106419477.0,True,2022-01-18,0
2022-01-18,512100.SH,1.135,1.138,1.125,1.13,185688300.0,210166468.0,True,2022-01-18,0
2022-01-19,510300.SH,5.605623,5.6335638,5.536935199999999,5.564876,448753873.90482736,2501399275.0,True,2022-01-19,0
2022-01-19,510500.SH,2.2536119999999995,2.2637028,2.2309077,2.2424,902214092.0442384,2024391712.0,True,2022-01-19,0
2022-01-19,512100.SH,1.125,1.128,1.108,1.114,172369000.0,192587907.0,True,2022-01-19,0
2022-01-20,510300.SH,5.559055,5.6428774,5.557890799999999,5.609115599999999,464935997.25133145,2608626685.0,True,2022-01-20,0
2022-01-20,510500.SH,2.2418394,2.2494075,2.2185745,2.2247411,1061781658.9368534,2365807442.0,True,2022-01-20,0
2022-01-20,512100.SH,1.113,1.113,1.089,1.09,189378000.0,208218697.0,True,2022-01-20,0
2022-01-21,510300.SH,5.599802,5.605623,5.5462488,5.569532799999999,671222281.3949494,3739337873.0,True,2022-01-21,0
2022-01-21,510500.SH,2.222779,2.2236199,2.1964308,2.2011959,1577100249.7324295,3477083561.0,True,2022-01-21,0
2022-01-21,512100.SH,1.086,1.09,1.072,1.073,177404800.0,191534631.0,True,2022-01-21,0
2022-01-24,510300.SH,5.541592,5.5869958,5.5276216,5.571861199999999,395614166.80982655,2197609279.0,True,2022-01-24,0
2022-01-24,510500.SH,2.1877415,2.2076428,2.1824158,2.1983929,660266214.7698895,1450597482.0,True,2022-01-24,0
2022-01-24,512100.SH,1.065,1.085,1.065,1.079,196125500.0,211083717.0,True,2022-01-24,0
2022-01-25,510300.SH,5.543920399999999,5.5613834,5.4437992,5.448455999999999,511313232.2624979,2814468229.0,True,2022-01-25,0
2022-01-25,510500.SH,2.1941884,2.1967111,2.1243937,2.1263558,1091727288.6193364,2356173873.0,True,2022-01-25,0
2022-01-25,512100.SH,1.071,1.08,1.036,1.037,207525000.0,219535012.0,True,2022-01-25,0
2022-01-26,510300.SH,5.465919,5.4845462,5.41353,5.4787252,448240937.9831644,2449571754.0,True,2022-01-26,0
2022-01-26,510500.SH,2.13028,2.1409314,2.1193483,2.1342042,774097252.9432751,1650845863.0,True,2022-01-26,0
2022-01-26,512100.SH,1.038,1.05,1.029,1.044,244276400.0,254104575.0,True,2022-01-26,0
2022-01-27,510300.SH,5.463590599999999,5.4705758,5.373947199999999,5.384424999999999,521922070.0910497,2827030197.0,True,2022-01-27,0
2022-01-27,510500.SH,2.1325224,2.1342042,2.0795457,2.0831896,847460895.4691402,1780796507.0,True,2022-01-27,0
2022-01-27,512100.SH,1.039,1.046,1.011,1.012,187843800.0,193361042.0,True,2022-01-27,0
2022-01-28,510300.SH,5.398395399999999,5.424007799999999,5.297109999999999,5.3017668,737323227.9677032,3950302957.0,True,2022-01-28,0
2022-01-28,510500.SH,2.091038,2.1047727,2.0478718,2.0688943,1351097038.8869069,2809059610.0,True,2022-01-28,0
2022-01-28,512100.SH,1.018,1.028,0.996,1.016,181605898.0,183910498.0,True,2022-01-28,0
2022-02-07,510300.SH,5.384424999999999,5.428664599999999,5.3623052,5.3855892,416240130.5617591,2243165816.0,True,2022-02-07,0
2022-02-07,510500.SH,2.088235,2.1084166,2.088235,2.0986061,1171822190.5101676,2459926184.0,True,2022-02-07,0
2022-02-07,512100.SH,1.024,1.03,1.02,1.026,190611791.0,195613527.0,True,2022-02-07,0
2022-02-08,510300.SH,5.3855892,5.3855892,5.256363,5.3599768,384934981.9618622,2050015387.0,True,2022-02-08,0
2022-02-08,510500.SH,2.1005682,2.124674,2.0784245,2.1235528,560556054.2276133,1179424303.0,True,2022-02-08,0
2022-02-08,512100.SH,1.023,1.034,1.008,1.034,203031200.0,207125021.0,True,2022-02-08,0
2022-02-09,510300.SH,5.3623052,5.417022599999999,5.343678,5.405380599999999,394208980.41573614,2124086971.0,True,2022-02-09,0
2022-02-09,510500.SH,2.1271967000000003,2.1552267,2.1204695,2.152704,616899750.2675705,1321293966.0,True,2022-02-09,0
2022-02-09,512100.SH,1.034,1.049,1.025,1.048,165622868.0,171862278.0,True,2022-02-09,0
2022-02-10,510300.SH,5.41353,5.417022599999999,5.3623052,5.392574399999999,425513739.0482735,2291737788.0,True,2022-02-10,0
2022-02-10,510500.SH,2.1510222,2.1602721,2.1412117,2.1524237,511997349.2686408,1101643801.0,True,2022-02-10,0
2022-02-10,512100.SH,1.05,1.05,1.036,1.045,199984200.0,208572745.0,True,2022-02-10,0
2022-02-11,510300.SH,5.371618799999999,5.4228436,5.347170599999999,5.3506632,396618800.8933173,2134586500.0,True,2022-02-11,0
2022-02-11,510500.SH,2.1459768,2.1543858,2.1229922,2.1266361,692410274.7056725,1478632844.0,True,2022-02-11,0
2022-02-11,512100.SH,1.041,1.041,1.02,1.023,204316900.0,210837442.0,True,2022-02-11,0
2022-02-14,510300.SH,5.332036,5.3483348,5.269169199999999,5.2936174,283428885.0712936,1503834184.0,True,2022-02-14,0
2022-02-14,510500.SH,2.1148635,2.1336436,2.1025303,2.1084166,880624331.0738494,1861943494.0,True,2022-02-14,0
2022-02-14,512100.SH,1.014,1.031,1.01,1.016,170375300.0,173880987.0,True,2022-02-14,0
2022-02-15,510300.SH,5.294781599999999,5.347170599999999,5.2924532,5.3425138,519081291.8742485,2765515057.0,True,2022-02-15,0
2022-02-15,510500.SH,2.1103787,2.1285982,2.1044924,2.1269164,769043631.8230467,1628872819.0,True,2022-02-15,0
2022-02-15,512100.SH,1.016,1.038,1.015,1.037,195114100.0,200495485.0,True,2022-02-15,0
2022-02-16,510300.SH,5.366962,5.3949028,5.352991599999999,5.366962,386360202.7143104,2076275356.0,True,2022-02-16,0
2022-02-16,510500.SH,2.1356057,2.1384087,2.1241134,2.1314012,636531573.3143061,1357108872.0,True,2022-02-16,0
2022-02-16,512100.SH,1.041,1.048,1.037,1.045,149374599.0,155764978.0,True,2022-02-16,0
2022-02-17,510300.SH,5.361141,5.4065448,5.3541558,5.378603999999999,540320127.1259234,2909007334.0,True,2022-02-17,0
2022-02-17,510500.SH,2.1299997,2.1428935,2.1179468,2.1319618,533744131.2879058,1137120585.0,True,2022-02-17,0
2022-02-17,512100.SH,1.044,1.057,1.036,1.049,182123810.0,190956291.0,True,2022-02-17,0
2022-02-18,510300.SH,5.355319999999999,5.407708999999999,5.349498999999999,5.4065448,261213893.66088304,1405440367.0,True,2022-02-18,0
2022-02-18,510500.SH,2.124674,2.152704,2.1210301,2.1510222,562964530.8597931,1206212414.0,True,2022-02-18,0
2022-02-18,512100.SH,1.044,1.056,1.038,1.053,146527584.0,153820038.0,True,2022-02-18,0
2022-02-21,510300.SH,5.397231199999999,5.398395399999999,5.361141,5.386753399999999,278470239.6495448,1497429121.0,True,2022-02-21,0
2022-02-21,510500.SH,2.1513025,2.1627948,2.1473783,2.1605524,580522750.6243311,1250962712.0,True,2022-02-21,0
2022-02-21,512100.SH,1.052,1.068,1.052,1.066,127435696.0,135117360.0,True,2022-02-21,0
2022-02-22,510300.SH,5.343678,5.3518274,5.2959458,5.3169014,270844158.2202371,1438664973.0,True,2022-02-22,0
2022-02-22,510500.SH,2.1484995,2.1490601,2.121871,2.1364466,585663214.4131289,1250000229.0,True,2022-02-22,0
2022-02-22,512100.SH,1.059,1.064,1.049,1.06,253706800.0,267910836.0,True,2022-02-22,0
2022-02-23,510300.SH,5.332036,5.3762756,5.321558199999999,5.372783,383872128.5002577,2054646295.0,True,2022-02-23,0
2022-02-23,510500.SH,2.1364466,2.1681205,2.1364466,2.1681205,799661494.8269712,1729008704.0,True,2022-02-23,0
2022-02-23,512100.SH,1.062,1.085,1.06,1.085,178153600.0,191675554.0,True,2022-02-23,0
2022-02-24,510300.SH,5.343678,5.3576484,5.226093799999999,5.273826,507847914.4476894,2683234005.0,True,2022-02-24,0
2022-02-24,510500.SH,2.1588706,2.1700826,2.1086969,2.1308406,1174877274.348912,2512995913.0,True,2022-02-24,0
2022-02-24,512100.SH,1.073,1.086,1.042,1.059,271742400.0,290004673.0,True,2022-02-24,0
2022-02-25,510300.SH,5.3006026,5.368126199999999,5.3006026,5.314573,330240567.77186054,1760979832.0,True,2022-02-25,0
2022-02-25,510500.SH,2.1468177,2.1737265,2.1420526,2.1459768,856219611.130931,1847311426.0,True,2022-02-25,0
2022-02-25,512100.SH,1.069,1.082,1.064,1.069,187810400.0,201465525.0,True,2022-02-25,0
2022-02-28,510300.SH,5.3110804,5.3238866,5.2645124,5.321558199999999,231332310.59955332,1225032615.0,True,2022-02-28,0
2022-02-28,510500.SH,2.147098,2.15831,2.1314012,2.1569085,563167046.0221192,1208520653.0,True,2022-02-28,0
2022-02-28,512100.SH,1.07,1.08,1.058,1.078,182794900.0,195948442.0,True,2022-02-28,0
2022-03-01,510300.SH,5.3413496,5.3751114,5.3238866,5.365797799999999,280160542.0030923,1499507431.0,True,2022-03-01,0
2022-03-01,510500.SH,2.1599918,2.1692417,2.1507419,2.1625145,712710310.3817339,1538760660.0,True,2022-03-01,0
2022-03-01,512100.SH,1.081,1.085,1.071,1.08,171323200.0,184565278.0,True,2022-03-01,0
2022-03-02,510300.SH,5.3425138,5.343678,5.299438399999999,5.3250508,167154519.84195158,889476591.0,True,2022-03-02,0
2022-03-02,510500.SH,2.1574691,2.1653175,2.1473783,2.1633554,503656129.14734215,1086745038.0,True,2022-03-02,0
2022-03-02,512100.SH,1.072,1.08,1.067,1.078,139743500.0,149976035.0,True,2022-03-02,0
2022-03-03,510300.SH,5.343678,5.355319999999999,5.279647,5.291289,172384401.3056176,914647557.0,True,2022-03-03,0
2022-03-03,510500.SH,2.1740068,2.1756886,2.1524237,2.1608327,538542582.9468427,1164653856.0,True,2022-03-03,0
2022-03-03,512100.SH,1.082,1.085,1.064,1.067,171074007.0,183211958.0,True,2022-03-03,0
2022-03-04,510300.SH,5.244720999999999,5.278482799999999,5.215616,5.231914799999999,348201877.6842467,1823719304.0,True,2022-03-04,0
2022-03-04,510500.SH,2.1476586,2.1675599,2.1378481,2.1459768,576535140.9204423,1238159476.0,True,2022-03-04,0
2022-03-04,512100.SH,1.054,1.07,1.05,1.054,148372100.0,157419263.0,True,2022-03-04,0
2022-03-07,510300.SH,5.191167799999999,5.191167799999999,5.0386576,5.059613199999999,500870116.8184161,2553534379.0,True,2022-03-07,0
2022-03-07,510500.SH,2.141492,2.141492,2.0873941,2.0969243,748927577.5954335,1579102028.0,True,2022-03-07,0
2022-03-07,512100.SH,1.047,1.05,1.023,1.027,168639000.0,175007346.0,True,2022-03-07,0
2022-03-08,510300.SH,5.0607774,5.0887182,4.9455216,4.9641488,594148835.251675,2976687582.0,True,2022-03-08,0
2022-03-08,510500.SH,2.0969243,2.0991667,2.0184403,2.0192812,1657908740.6350338,3399613805.0,True,2022-03-08,0
2022-03-08,512100.SH,1.027,1.032,0.993,0.996,231520900.0,234197429.0,True,2022-03-08,0
2022-03-09,510300.SH,4.9734624,4.999074799999999,4.738294,4.9175808,675784926.98849,3301655736.0,True,2022-03-09,0
2022-03-09,510500.SH,2.0265690000000003,2.034978,1.9094036,1.9842437,2241686396.7178025,4426199771.0,True,2022-03-09,0
2022-03-09,512100.SH,0.996,1.005,0.948,0.985,282951700.0,278572049.0,True,2022-03-09,0
2022-03-10,510300.SH,5.00606,5.036329199999999,4.9851044,4.9874328,474872468.6479987,2377355398.0,True,2022-03-10,0
2022-03-10,510500.SH,2.012554,2.0352583,2.006948,2.0159176,1437731255.79736,2904673021.0,True,2022-03-10,0
2022-03-10,512100.SH,1.003,1.019,1.001,1.009,226860000.0,228666486.0,True,2022-03-10,0
2022-03-11,510300.SH,4.922237599999999,5.0270156,4.860535,5.0200304,341300642.5012885,1687296407.0,True,2022-03-11,0
2022-03-11,510500.SH,1.9918118,2.0456294,1.973312,2.0445082,1067142479.4862648,2136478444.0,True,2022-03-11,0
2022-03-11,512100.SH,0.992,1.017,0.985,1.016,229403500.0,229691772.0,True,2022-03-11,0
2022-03-14,510300.SH,4.94785,4.9757908,4.8558782,4.857042399999999,372015485.31180215,1828943108.0,True,2022-03-14,0
2022-03-14,510500.SH,2.0251675,2.0459097,1.9904103,1.9909709,1118345058.8655012,2257638006.0,True,2022-03-14,0
2022-03-14,512100.SH,1.0,1.014,0.986,0.988,254311100.0,254871190.0,True,2022-03-14,0
2022-03-15,510300.SH,4.813966999999999,4.8477288,4.6195456,4.6253666,897163547.5004295,4244938233.0,True,2022-03-15,0
2022-03-15,510500.SH,1.9769559,1.984524,1.8729646,1.8735252,2030017445.5940063,3921764225.0,True,2022-03-15,0
2022-03-15,512100.SH,0.979,0.987,0.939,0.941,225838500.0,218723655.0,True,2022-03-15,0
2022-03-16,510300.SH,4.697547,4.854714,4.5892764,4.8267732,1138239598.8661742,5383854367.0,True,2022-03-16,0
2022-03-16,510500.SH,1.9040779,1.9497668,1.8311999,1.9393957,2154478501.605423,4076905076.0,True,2022-03-16,0
2022-03-16,512100.SH,0.952,0.977,0.92,0.972,319926100.0,304421944.0,True,2022-03-16,0
2022-03-17,510300.SH,4.9164166,4.999074799999999,4.895461,4.924566,985708319.87631,4866876953.0,True,2022-03-17,0
2022-03-17,510500.SH,1.9621,2.0058268,1.953691,1.9710696,1241895158.7584732,2456378356.0,True,2022-03-17,0
2022-03-17,512100.SH,0.977,1.006,0.977,0.99,334620600.0,332656887.0,True,2022-03-17,0
2022-03-18,510300.SH,4.901281999999999,4.978119199999999,4.8768338,4.9571636,346179120.4260437,1703858645.0,True,2022-03-18,0
2022-03-18,510500.SH,1.9623803,1.9937739,1.9573349,1.9912512,786309286.4787729,1556376881.0,True,2022-03-18,0
2022-03-18,512100.SH,0.982,1.001,0.982,1.0,168644900.0,167313096.0,True,2022-03-18,0
2022-03-21,510300.SH,4.9629846,4.982775999999999,4.903610399999999,4.9501784,319546805.5316956,1581985311.0,True,2022-03-21,0
2022-03-21,510500.SH,1.995736,2.0089101,1.9749938,1.9988193,1505230720.6564395,2999146851.0,True,2022-03-21,0
2022-03-21,512100.SH,1.008,1.014,0.999,1.011,197691600.0,199043630.0,True,2022-03-21,0
2022-03-22,510300.SH,4.9268944,4.9851044,4.925730199999999,4.9455216,215102624.97852603,1064168279.0,True,2022-03-22,0
2022-03-22,510500.SH,1.9948951,2.0167585,1.9848043,1.9993799,527505569.0331788,1053909767.0,True,2022-03-22,0
2022-03-22,512100.SH,1.006,1.016,1.001,1.006,155703500.0,156931803.0,True,2022-03-22,0
2022-03-23,510300.SH,4.9571636,4.989761199999999,4.936208,4.974626599999999,264769516.4061158,1314097169.0,True,2022-03-23,0
2022-03-23,510500.SH,2.0058268,2.0234857,1.9979784,2.0128343,435539040.31394935,875721491.0,True,2022-03-23,0
2022-03-23,512100.SH,1.01,1.015,1.003,1.013,143145800.0,144681825.0,True,2022-03-23,0
2022-03-24,510300.SH,4.94785,4.971133999999999,4.9047746,4.9431932000000005,189522214.39615187,935511944.0,True,2022-03-24,0
2022-03-24,510500.SH,2.0019026,2.0105919,1.9887285,1.9974178,383374495.1837317,765596974.0,True,2022-03-24,0
2022-03-24,512100.SH,1.005,1.011,0.995,1.0,159612200.0,159960103.0,True,2022-03-24,0
2022-03-25,510300.SH,4.942029,4.952506799999999,4.851221399999999,4.853549799999999,306483685.79281914,1499894627.0,True,2022-03-25,0
2022-03-25,510500.SH,1.9968572,2.006948,1.9713499,1.9719105,401720406.7070996,798976885.0,True,2022-03-25,0
2022-03-25,512100.SH,1.001,1.008,0.989,0.992,140199200.0,140386594.0,True,2022-03-25,0
2022-03-28,510300.SH,4.8128028,4.8593708,4.7534286,4.824444799999999,356978050.1632022,1715993645.0,True,2022-03-28,0
2022-03-28,510500.SH,1.9612591,1.9926527,1.9455623,1.9786377,395380306.8141277,778955964.0,True,2022-03-28,0
2022-03-28,512100.SH,0.982,0.993,0.973,0.982,161720900.0,158875433.0,True,2022-03-28,0
2022-03-29,510300.SH,4.837251,4.8582066,4.795339799999999,4.8034892,198447961.6904312,957679748.0,True,2022-03-29,0
2022-03-29,510500.SH,1.978918,1.987327,1.9623803,1.9679863,448991362.82554406,885921078.0,True,2022-03-29,0
2022-03-29,512100.SH,0.987,0.988,0.974,0.976,123275500.0,120928233.0,True,2022-03-29,0
2022-03-30,510300.SH,4.8360868,4.9501784,4.8360868,4.946685799999999,429700678.577564,2107747773.0,True,2022-03-30,0
2022-03-30,510500.SH,1.9747135,2.0119934,1.9747135,2.0105919,815346806.992508,1628592114.0,True,2022-03-30,0
2022-03-30,512100.SH,0.982,1.001,0.979,0.999,321927000.0,319963967.0,True,2022-03-30,0
2022-03-31,510300.SH,4.9350438,4.940864799999999,4.901281999999999,4.9105956,364438237.41625154,1791950308.0,True,2022-03-31,0
2022-03-31,510500.SH,2.0044253,2.0086298,1.9898497,1.9932133,480133100.2497324,959399372.0,True,2022-03-31,0
2022-03-31,512100.SH,0.997,0.998,0.983,0.985,162497200.0,160879818.0,True,2022-03-31,0
2022-04-01,510300.SH,4.8745054,4.993253799999999,4.872176999999999,4.969969799999999,322321973.02868927,1594296080.0,True,2022-04-01,0
2022-04-01,510500.SH,1.9775165,2.0100313,1.9775165,2.006948,649811476.9889405,1299501161.0,True,2022-04-01,0
2022-04-01,512100.SH,0.974,0.988,0.971,0.986,143345000.0,140799141.0,True,2022-04-01,0
2022-04-06,510300.SH,4.9397006,4.969969799999999,4.922237599999999,4.9559994,291954792.99089503,1443714218.0,True,2022-04-06,0
2022-04-06,510500.SH,2.004145,2.004145,1.9752741,2.0024632,459447773.813771,914815528.0,True,2022-04-06,0
2022-04-06,512100.SH,0.981,0.984,0.974,0.982,152841600.0,149629994.0,True,2022-04-06,0
2022-04-07,510300.SH,4.932715399999999,4.9688056,4.8919684,4.895461,239132752.9634084,1177384174.0,True,2022-04-07,0
2022-04-07,510500.SH,1.9951754,2.0033041,1.956494,1.9570546,695284694.9696754,1373140092.0,True,2022-04-07,0
2022-04-07,512100.SH,0.976,0.984,0.962,0.963,139535900.0,135814361.0,True,2022-04-07,0
2022-04-08,510300.SH,4.8989536,4.9315512,4.860535,4.928058599999999,275099894.3480502,1349449555.0,True,2022-04-08,0
2022-04-08,510500.SH,1.9609788,1.9646227,1.9245398,1.9635015,505904862.64716375,986420338.0,True,2022-04-08,0
2022-04-08,512100.SH,0.963,0.966,0.942,0.956,158530500.0,150952739.0,True,2022-04-08,0
2022-04-11,510300.SH,4.895461,4.8966252,4.7592496,4.774384199999999,498246432.7435149,2391596005.0,True,2022-04-11,0
2022-04-11,510500.SH,1.950888,1.956494,1.892025,1.9009946,671548341.0631466,1287034332.0,True,2022-04-11,0
2022-04-11,512100.SH,0.949,0.949,0.915,0.922,187338800.0,174672127.0,True,2022-04-11,0
2022-04-12,510300.SH,4.7767126,4.861699199999999,4.745279199999999,4.8558782,692729685.6210274,3334403949.0,True,2022-04-12,0
2022-04-12,510500.SH,1.9001537,1.9354715,1.880813,1.9321079,884087516.9461292,1693823369.0,True,2022-04-12,0
2022-04-12,512100.SH,0.923,0.934,0.909,0.933,185204200.0,170805077.0,True,2022-04-12,0
2022-04-13,510300.SH,4.832594199999999,4.8745054,4.813966999999999,4.8186238,332640618.4504381,1609161765.0,True,2022-04-13,0
2022-04-13,510500.SH,1.922858,1.9307064,1.903237,1.9040779,511054941.1344988,978040348.0,True,2022-04-13,0
2022-04-13,512100.SH,0.924,0.928,0.913,0.916,237045300.0,218431750.0,True,2022-04-13,0
2022-04-14,510300.SH,4.861699199999999,4.903610399999999,4.834922599999999,4.869848599999999,492775505.0678578,2400662554.0,True,2022-04-14,0
2022-04-14,510500.SH,1.914449,1.942479,1.9099642,1.9293049,525437310.0249733,1012513882.0,True,2022-04-14,0
2022-04-14,512100.SH,0.922,0.929,0.915,0.922,216584643.00000003,199203574.0,True,2022-04-14,0
2022-04-15,510300.SH,4.843071999999999,4.8966252,4.83143,4.8675202,457170560.0412301,2224422362.0,True,2022-04-15,0
2022-04-15,510500.SH,1.9206156,1.9309867,1.9046385,1.9119263,403941491.25936496,774875881.0,True,2022-04-15,0
2022-04-15,512100.SH,0.915,0.921,0.904,0.912,244503043.00000003,223040514.0,True,2022-04-15,0
2022-04-18,510300.SH,4.825608999999999,4.8477288,4.793011399999999,4.844236199999999,240258780.27830276,1159501389.0,True,2022-04-18,0
2022-04-18,510500.SH,1.894828,1.9236989,1.8816539,1.9136081,570461648.234035,1089080086.0,True,2022-04-18,0
2022-04-18,512100.SH,0.905,0.921,0.896,0.92,165278943.0,150512019.0,True,2022-04-18,0
2022-04-19,510300.SH,4.843071999999999,4.8733412,4.784862,4.8128028,269709878.0278303,1301465627.0,True,2022-04-19,0
2022-04-19,510500.SH,1.9130475,1.9248201,1.9068809,1.9197747,433008465.9293614,829972014.0,True,2022-04-19,0
2022-04-19,512100.SH,0.915,0.926,0.915,0.923,159277844.0,146797569.0,True,2022-04-19,0
2022-04-20,510300.SH,4.8104744,4.817459599999999,4.724323599999999,4.7313088,335288986.42844874,1596762869.0,True,2022-04-20,0
2022-04-20,510500.SH,1.920055,1.9236989,1.872404,1.8754873,459129875.1337853,869041433.0,True,2022-04-20,0
2022-04-20,512100.SH,0.92,0.925,0.902,0.904,139614600.0,127920164.0,True,2022-04-20,0
2022-04-21,510300.SH,4.717338399999999,4.7511002,4.627695,4.652143199999999,680732224.7036592,3193817666.0,True,2022-04-21,0
2022-04-21,510500.SH,1.872404,1.8796918,1.8104577,1.8177455,771267192.2939707,1422305107.0,True,2022-04-21,0
2022-04-21,512100.SH,0.9,0.906,0.867,0.868,177634200.0,157758398.0,True,2022-04-21,0
2022-04-22,510300.SH,4.616052999999999,4.6998754,4.600918399999999,4.6637852,530302694.5542004,2469379279.0,True,2022-04-22,0
2022-04-22,510500.SH,1.810738,1.8283969,1.7841095,1.8068138,846692261.8622904,1529016193.0,True,2022-04-22,0
2022-04-22,512100.SH,0.863,0.868,0.851,0.858,233381000.0,200364789.0,True,2022-04-22,0
2022-04-25,510300.SH,4.592769,4.6090678,4.4321094,4.4390946,1420962329.4966502,6447291622.0,True,2022-04-25,0
2022-04-25,510500.SH,1.7790641,1.7821474,1.6868454,1.6888075,1227062789.8679986,2123807687.0,True,2022-04-25,0
2022-04-25,512100.SH,0.84,0.846,0.788,0.793,286378100.0,233430032.0,True,2022-04-25,0
2022-04-26,510300.SH,4.442587199999999,4.5089466,4.3936908,4.404168599999999,1326026230.8881636,5888627373.0,True,2022-04-26,0
2022-04-26,510500.SH,1.6924514,1.7148754000000002,1.6478836999999995,1.6579745,1241435665.3585443,2084616630.0,True,2022-04-26,0
2022-04-26,512100.SH,0.788,0.798,0.764,0.768,429468300.0,336345484.0,True,2022-04-26,0
2022-04-27,510300.SH,4.3901982,4.5299022,4.377392,4.527573799999999,1178993176.4301667,5260465092.0,True,2022-04-27,0
2022-04-27,510500.SH,1.6574139,1.7145951,1.628543,1.7137542,1494007342.1334286,2492446853.0,True,2022-04-27,0
2022-04-27,512100.SH,0.762,0.808,0.751,0.807,317713433.0,246550690.0,True,2022-04-27,0
2022-04-28,510300.SH,4.507782399999999,4.581127,4.5042898,4.557843,921599492.3552654,4183266934.0,True,2022-04-28,0
2022-04-28,510500.SH,1.698618,1.7216026,1.6818,1.7089891,1224837038.8869069,2087151321.0,True,2022-04-28,0
2022-04-28,512100.SH,0.796,0.81,0.789,0.797,248847175.0,199090545.0,True,2022-04-28,0
2022-04-29,510300.SH,4.5741418,4.6789198,4.532230599999999,4.674262999999999,655489768.9400448,3024738240.0,True,2022-04-29,0
2022-04-29,510500.SH,1.7134739,1.7793443999999998,1.712633,1.7790641,1195912393.8637176,2092603223.0,True,2022-04-29,0
2022-04-29,512100.SH,0.805,0.839,0.798,0.835,270054156.0,221514322.0,True,2022-04-29,0
2022-05-05,510300.SH,4.633515999999999,4.692890199999999,4.621874,4.6568,632275719.8075932,2950065279.0,True,2022-05-05,0
2022-05-05,510500.SH,1.7726172,1.8062532,1.7712157,1.7913973,816479843.0253301,1460696468.0,True,2022-05-05,0
2022-05-05,512100.SH,0.831,0.857,0.823,0.85,210221505.0,177547499.0,True,2022-05-05,0
2022-05-06,510300.SH,4.569484999999999,4.5904406,4.54038,4.543872599999999,447233909.9811029,2042557049.0,True,2022-05-06,0
2022-05-06,510500.SH,1.754678,1.7734581,1.746269,1.7513144,1083382804.1384232,1903682801.0,True,2022-05-06,0
2022-05-06,512100.SH,0.832,0.846,0.828,0.839,187618500.0,157099382.0,True,2022-05-06,0
2022-05-09,510300.SH,4.5147676,4.5473652,4.48217,4.506618199999999,273750758.4607456,1234844482.0,True,2022-05-09,0
2022-05-09,510500.SH,1.7454281,1.7728975,1.7423448,1.7667309,893472351.0524439,1575316630.0,True,2022-05-09,0
2022-05-09,512100.SH,0.832,0.852,0.83,0.85,181066600.0,153277591.0,True,2022-05-09,0
2022-05-10,510300.SH,4.4623786,4.5787986,4.4332736,4.5590072,470251814.121285,2129935211.0,True,2022-05-10,0
2022-05-10,510500.SH,1.746269,1.799526,1.7356176,1.7964426999999998,684194898.3232251,1216140275.0,True,2022-05-10,0
2022-05-10,512100.SH,0.837,0.867,0.835,0.864,229851100.0,196775636.0,True,2022-05-10,0
2022-05-11,510300.SH,4.550857799999999,4.687069199999999,4.550857799999999,4.6230382,540295104.7929909,2502148839.0,True,2022-05-11,0
2022-05-11,510500.SH,1.7964426999999998,1.8516618,1.7942003,1.8084956,1319224755.6189797,2415729829.0,True,2022-05-11,0
2022-05-11,512100.SH,0.867,0.894,0.864,0.873,197092700.0,173833252.0,True,2022-05-11,0
2022-05-12,510300.SH,4.604411,4.6323518,4.5787986,4.5997542,263791258.3748497,1215316563.0,True,2022-05-12,0
2022-05-12,510500.SH,1.8028896,1.8255939,1.7930791,1.8098971,517505515.5190867,936570549.0,True,2022-05-12,0
2022-05-12,512100.SH,0.865,0.885,0.865,0.878,171771342.0,150641907.0,True,2022-05-12,0
2022-05-13,510300.SH,4.6428296,4.6556358,4.600918399999999,4.6358444,240485523.9649545,1113468054.0,True,2022-05-13,0
2022-05-13,510500.SH,1.8146622,1.8314802,1.8068138,1.8306393,502240563.6817696,914249490.0,True,2022-05-13,0
2022-05-13,512100.SH,0.882,0.891,0.872,0.885,213779400.0,187804341.0,True,2022-05-13,0
2022-05-16,510300.SH,4.6568,4.6730988,4.586948,4.5997542,380161778.0450095,1755248937.0,True,2022-05-16,0
2022-05-16,510500.SH,1.8429725,1.8485785,1.8171849,1.8250333,683032490.1890831,1248694466.0,True,2022-05-16,0
2022-05-16,512100.SH,0.888,0.896,0.88,0.887,154720300.0,136979306.0,True,2022-05-16,0
2022-05-17,510300.SH,4.610232,4.6579642,4.597425799999999,4.6568,258417423.12317476,1197703803.0,True,2022-05-17,0
2022-05-17,510500.SH,1.8255939,1.8354044,1.8070941,1.8348438,482560827.6846236,880119851.0,True,2022-05-17,0
2022-05-17,512100.SH,0.884,0.892,0.874,0.891,166148800.0,146698107.0,True,2022-05-17,0
2022-05-18,510300.SH,4.664949399999999,4.6765914,4.610232,4.6405012,226780041.23002928,1052734331.0,True,2022-05-18,0
2022-05-18,510500.SH,1.8340029,1.8457755,1.8239121,1.8286772,573643203.7103103,1051132345.0,True,2022-05-18,0
2022-05-18,512100.SH,0.891,0.9,0.885,0.891,215157700.0,192271406.0,True,2022-05-18,0
2022-05-19,510300.SH,4.595097399999999,4.653307399999999,4.582291199999999,4.650979,279129046.55557466,1289180789.0,True,2022-05-19,0
2022-05-19,510500.SH,1.807935,1.8460558,1.805132,1.8457755,669990420.977524,1223974671.0,True,2022-05-19,0
2022-05-19,512100.SH,0.878,0.903,0.875,0.902,153747000.0,136520160.0,True,2022-05-19,0
2022-05-20,510300.SH,4.680083999999999,4.749936,4.668442,4.748771799999999,515771709.32829416,2434115747.0,True,2022-05-20,0
2022-05-20,510500.SH,1.8488588,1.8760479,1.8446543,1.8743661,670743942.2047806,1247571360.0,True,2022-05-20,0
2022-05-20,512100.SH,0.9,0.913,0.897,0.91,206763800.0,187225708.0,True,2022-05-20,0
2022-05-23,510300.SH,4.748771799999999,4.748771799999999,4.6812482,4.711517399999999,439865377.94193447,2070370273.0,True,2022-05-23,0
2022-05-23,510500.SH,1.87801,1.8858584,1.8645556,1.8822145,490267199.429183,918724341.0,True,2022-05-23,0
2022-05-23,512100.SH,0.912,0.926,0.911,0.925,161078100.0,147906636.0,True,2022-05-23,0
2022-05-24,510300.SH,4.7103532,4.7138458,4.610232,4.616052999999999,357038739.0482735,1664349497.0,True,2022-05-24,0
2022-05-24,510500.SH,1.8791312,1.8827751,1.816344,1.8180258,896888455.2265431,1663286713.0,True,2022-05-24,0
2022-05-24,512100.SH,0.92,0.924,0.884,0.887,218608800.0,199144513.0,True,2022-05-24,0
2022-05-25,510300.SH,4.610232,4.6381728,4.596261599999999,4.6358444,393131847.6206838,1814584625.0,True,2022-05-25,0
2022-05-25,510500.SH,1.816344,1.8474573,1.8143819,1.847177,645185601.141634,1181807603.0,True,2022-05-25,0
2022-05-25,512100.SH,0.886,0.902,0.883,0.902,229486700.0,204781265.0,True,2022-05-25,0
2022-05-26,510300.SH,4.6370086,4.680083999999999,4.577634399999999,4.6474864,413686710.18725306,1914318710.0,True,2022-05-26,0
2022-05-26,510500.SH,1.8449346,1.8754873,1.8225106,1.8684798,685442729.2186943,1270608591.0,True,2022-05-26,0
2022-05-26,512100.SH,0.9,0.915,0.887,0.91,249985048.0,225315969.0,True,2022-05-26,0
2022-05-27,510300.SH,4.6824124,4.7231594,4.639336999999999,4.659128399999999,475259586.840749,2228537581.0,True,2022-05-27,0
2022-05-27,510500.SH,1.872404,1.8847372,1.8511012,1.8684798,475651972.8861934,889893298.0,True,2022-05-27,0
2022-05-27,512100.SH,0.913,0.915,0.897,0.908,240128600.0,218155906.0,True,2022-05-27,0
2022-05-30,510300.SH,4.680083999999999,4.7068606,4.664949399999999,4.685905,386988421.2334651,1813277775.0,True,2022-05-30,0
2022-05-30,510500.SH,1.872404,1.8791312,1.8541845,1.8785706,339110881.1987157,634000870.0,True,2022-05-30,0
2022-05-30,512100.SH,0.905,0.917,0.898,0.916,170957400.0,155258905.0,True,2022-05-30,0
2022-05-31,510300.SH,4.685905,4.7767126,4.6754272,4.7604138,388471154.4408178,1836840908.0,True,2022-05-31,0
2022-05-31,510500.SH,1.8754873,1.9130475,1.8653965,1.9080021,906793121.6553692,1720173651.0,True,2022-05-31,0
2022-05-31,512100.SH,0.915,0.929,0.906,0.925,254778467.0,234209777.0,True,2022-05-31,0
2022-06-01,510300.SH,4.7604138,4.7685632,4.726651999999999,4.7534286,324200745.5763615,1540652770.0,True,2022-06-01,0
2022-06-01,510500.SH,1.9046385,1.9138884,1.8881008,1.90604,505050763.4677132,962082988.0,True,2022-06-01,0
2022-06-01,512100.SH,0.92,0.933,0.918,0.929,157709000.0,146472445.0,True,2022-06-01,0
2022-06-02,510300.SH,4.7336372,4.7708916,4.724323599999999,4.7662348,249211997.93849856,1183803267.0,True,2022-06-02,0
2022-06-02,510500.SH,1.9026764,1.9318276,1.8953886,1.9290246,537768547.9843025,1031916645.0,True,2022-06-02,0
2022-06-02,512100.SH,0.928,0.943,0.923,0.939,217687411.0,203180535.0,True,2022-06-02,0
2022-06-06,510300.SH,4.763906399999999,4.862863399999999,4.732473,4.861699199999999,364057639.5808281,1751273369.0,True,2022-06-06,0
2022-06-06,510500.SH,1.9239792,1.9668651,1.9239792,1.9595773,864254006.4216911,1687855264.0,True,2022-06-06,0
2022-06-06,512100.SH,0.936,0.966,0.936,0.963,197848100.0,189190602.0,True,2022-06-06,0
2022-06-07,510300.SH,4.844236199999999,4.8919684,4.837251,4.8686844,327146699.8797458,1592929720.0,True,2022-06-07,0
2022-06-07,510500.SH,1.9590167,1.9646227,1.948085,1.9584561,568034045.6653585,1111826497.0,True,2022-06-07,0
2022-06-07,512100.SH,0.962,0.967,0.954,0.961,189636328.0,181899421.0,True,2022-06-07,0
2022-06-08,510300.SH,4.872176999999999,4.924566,4.848893,4.9175808,367025469.8505411,1796493323.0,True,2022-06-08,0
2022-06-08,510500.SH,1.9587364,1.9775165,1.9393957,1.9721908,605889404.2097752,1187593012.0,True,2022-06-08,0
2022-06-08,512100.SH,0.959,0.972,0.944,0.964,216399528.0,207617021.0,True,2022-06-08,0
2022-06-09,510300.SH,4.907102999999999,4.9292228,4.8582066,4.877998,250485164.0611579,1226358662.0,True,2022-06-09,0
2022-06-09,510500.SH,1.967706,1.973312,1.9290246,1.9483653,538027174.4559401,1051177648.0,True,2022-06-09,0
2022-06-09,512100.SH,0.957,0.962,0.941,0.947,201135600.0,191788714.0,True,2022-06-09,0
2022-06-10,510300.SH,4.8419078,4.959491999999999,4.8407436,4.9455216,556664784.4013057,2738650040.0,True,2022-06-10,0
2022-06-10,510500.SH,1.9363124,1.9870467,1.9363124,1.9839634,778257641.812344,1532290997.0,True,2022-06-10,0
2022-06-10,512100.SH,0.941,0.969,0.939,0.968,151666728.0,145443984.0,True,2022-06-10,0
2022-06-13,510300.SH,4.901281999999999,4.9164166,4.854714,4.884983199999999,498110503.34994,2431783718.0,True,2022-06-13,0
2022-06-13,510500.SH,1.9730317,1.9859255,1.9584561,1.9780771,607262932.572244,1198121604.0,True,2022-06-13,0
2022-06-13,512100.SH,0.963,0.977,0.953,0.975,180324100.0,175102935.0,True,2022-06-13,0
2022-06-14,510300.SH,4.848893,4.936208,4.790683,4.9315512,536765633.0527401,2613833382.0,True,2022-06-14,0
2022-06-14,510500.SH,1.9626606,1.9999405,1.925661,1.9982587,921462361.7552624,1807912725.0,True,2022-06-14,0
2022-06-14,512100.SH,0.968,0.976,0.941,0.975,248182000.0,237791965.0,True,2022-06-14,0
2022-06-15,510300.SH,4.928058599999999,5.080568799999999,4.928058599999999,4.988597,963653328.4658996,4834544988.0,True,2022-06-15,0
2022-06-15,510500.SH,1.9971375,2.037781,1.987327,1.9898497,766177877.274349,1541771500.0,True,2022-06-15,0
2022-06-15,512100.SH,0.972,0.988,0.97,0.971,244263934.0,239116274.0,True,2022-06-15,0
2022-06-16,510300.SH,5.0037316,5.0258514,4.946685799999999,4.9571636,435932001.3743344,2175195322.0,True,2022-06-16,0
2022-06-16,510500.SH,1.9943345,2.0167585,1.987327,1.992933,721560167.6774884,1444896548.0,True,2022-06-16,0
2022-06-16,512100.SH,0.97,0.988,0.97,0.98,192303485.0,188417788.0,True,2022-06-16,0
2022-06-17,510300.SH,4.9373722,5.049135399999999,4.930387,5.030508199999999,614711736.8149803,3070562903.0,True,2022-06-17,0
2022-06-17,510500.SH,1.9842437,2.0167585,1.9640621,2.0119934,816817491.9728863,1631817428.0,True,2022-06-17,0
2022-06-17,512100.SH,0.971,0.992,0.967,0.991,235309954.0,230871429.0,True,2022-06-17,0
2022-06-20,510300.SH,5.0421502,5.1085096,5.015373599999999,5.054956399999999,629131126.0951728,3177526646.0,True,2022-06-20,0
2022-06-20,510500.SH,2.0119934,2.0257281000000003,1.9940542,2.0119934,637503250.0891901,1282310391.0,True,2022-06-20,0
2022-06-20,512100.SH,0.991,1.005,0.989,1.0,207963806.0,207349752.0,True,2022-06-20,0
2022-06-21,510300.SH,5.054956399999999,5.0968676,5.011880999999999,5.052628,362825584.9510394,1833860937.0,True,2022-06-21,0
2022-06-21,510500.SH,2.0100313,2.0173191,1.9811604,1.9974178,533046432.3938637,1066364260.0,True,2022-06-21,0
2022-06-21,512100.SH,0.999,1.001,0.981,0.989,260977997.00000003,258883926.0,True,2022-06-21,0
2022-06-22,510300.SH,5.052628,5.0607774,4.9851044,4.994418,310912448.0329841,1560986297.0,True,2022-06-22,0
2022-06-22,510500.SH,1.995736,2.0021829,1.9640621,1.9663045,701453189.4398859,1390781789.0,True,2022-06-22,0
2022-06-22,512100.SH,0.988,0.995,0.976,0.977,230270197.00000003,227205628.0,True,2022-06-22,0
2022-06-23,510300.SH,4.9955822,5.0840614,4.9874328,5.081733,348474423.6385501,1755177553.0,True,2022-06-23,0
2022-06-23,510500.SH,1.9663045,2.0117131,1.9590167,2.009751,706947199.429183,1408835454.0,True,2022-06-23,0
2022-06-23,512100.SH,0.975,1.001,0.971,1.0,218001000.0,215176397.0,True,2022-06-23,0
2022-06-24,510300.SH,5.093375,5.1527492,5.0794046,5.1376146,356325243.9443395,1823076991.0,True,2022-06-24,0
2022-06-24,510500.SH,2.012554,2.0372204,2.0083495,2.0330159,638284894.755619,1294176121.0,True,2022-06-24,0
2022-06-24,512100.SH,1.0,1.018,1.0,1.011,280509000.0,283644880.0,True,2022-06-24,0
2022-06-27,510300.SH,5.1562418,5.237735799999999,5.1562418,5.1934962,391669000.1717918,2036731655.0,True,2022-06-27,0
2022-06-27,510500.SH,2.0363795,2.0588035,2.0363795,2.0414249,712660082.0549412,1457281947.0,True,2022-06-27,0
2022-06-27,512100.SH,1.013,1.026,1.013,1.022,277154448.0,282775170.0,True,2022-06-27,0
2022-06-28,510300.SH,5.192332,5.269169199999999,5.1608986,5.2540346,322008570.69232094,1678987256.0,True,2022-06-28,0
2022-06-28,510500.SH,2.0411446,2.079826,2.037781,2.0759018,463206732.0727792,954593277.0,True,2022-06-28,0
2022-06-28,512100.SH,1.023,1.037,1.018,1.035,407630000.0,419213882.0,True,2022-06-28,0
2022-06-29,510300.SH,5.2365716,5.270333399999999,5.172540599999999,5.1900036,467991413.8464182,2437464367.0,True,2022-06-29,0
2022-06-29,510500.SH,2.0708564,2.0761821,2.0344174,2.0431067,644103539.0652872,1321970690.0,True,2022-06-29,0
2022-06-29,512100.SH,1.032,1.034,1.008,1.013,289512148.0,295918623.0,True,2022-06-29,0
2022-06-30,510300.SH,5.1853468,5.291289,5.1841826,5.2482136,487932967.70314384,2558737770.0,True,2022-06-30,0
2022-06-30,510500.SH,2.040584,2.0725382,2.0391825,2.0590838,735356368.1769533,1516437532.0,True,2022-06-30,0
2022-06-30,512100.SH,1.01,1.028,1.01,1.021,234180600.0,239079949.0,True,2022-06-30,0
2022-07-01,510300.SH,5.262183999999999,5.268005,5.2086308,5.2307506,382727404.2260781,2004084502.0,True,2022-07-01,0
2022-07-01,510500.SH,2.0548793,2.0697352,2.0503945,2.0554399,472143688.9047449,972423718.0,True,2022-07-01,0
2022-07-01,512100.SH,1.019,1.03,1.016,1.024,232389100.0,237741297.0,True,2022-07-01,0
2022-07-04,510300.SH,5.213287599999999,5.265676599999999,5.1795258,5.263348199999999,332779354.9218348,1742756113.0,True,2022-07-04,0
2022-07-04,510500.SH,2.054599,2.0815078,2.0408643,2.0803866,959046382.4473778,1983604414.0,True,2022-07-04,0
2022-07-04,512100.SH,1.024,1.035,1.014,1.033,233011576.0,239232748.0,True,2022-07-04,0
2022-07-05,510300.SH,5.269169199999999,5.314573,5.194660399999999,5.2517062,336811389.7955678,1764375389.0,True,2022-07-05,0
2022-07-05,510500.SH,2.0837502,2.0904774,2.0520763,2.0775836,799404958.9725294,1655568283.0,True,2022-07-05,0
2022-07-05,512100.SH,1.032,1.039,1.016,1.03,289678600.0,297294046.0,True,2022-07-05,0
2022-07-06,510300.SH,5.238899999999999,5.250541999999999,5.149256599999999,5.1830184,273975877.8560385,1422718113.0,True,2022-07-06,0
2022-07-06,510500.SH,2.0697352,2.0750609,2.0316144,2.0506748,479656239.7431324,984359824.0,True,2022-07-06,0
2022-07-06,512100.SH,1.028,1.03,1.008,1.017,342815000.0,349552068.0,True,2022-07-06,0
2022-07-07,510300.SH,5.174869,5.2249296,5.1480924,5.201645599999999,346199919.2578595,1799540021.0,True,2022-07-07,0
2022-07-07,510500.SH,2.0475915,2.071417,2.0397431,2.0590838,582718259.0082055,1199931286.0,True,2022-07-07,0
2022-07-07,512100.SH,1.017,1.032,1.01,1.029,319969400.0,327392224.0,True,2022-07-07,0
2022-07-08,510300.SH,5.228422199999999,5.2540346,5.188839399999999,5.1969888,178877366.43188456,933514536.0,True,2022-07-08,0
2022-07-08,510500.SH,2.0672125,2.0719776,2.0459097,2.0470309,402266728.50517297,828130889.0,True,2022-07-08,0
2022-07-08,512100.SH,1.03,1.035,1.022,1.024,366907300.0,377504790.0,True,2022-07-08,0
2022-07-11,510300.SH,5.176033199999999,5.176033199999999,5.087554,5.1085096,388427673.9391858,1985923671.0,True,2022-07-11,0
2022-07-11,510500.SH,2.0375007,2.0408643,2.006948,2.0198418,399091402.06921154,806545895.0,True,2022-07-11,0
2022-07-11,512100.SH,1.018,1.018,0.998,1.009,411560600.0,414566188.0,True,2022-07-11,0
2022-07-12,510300.SH,5.101524399999999,5.130629399999999,5.0502996,5.0665984,295086067.68596464,1500811278.0,True,2022-07-12,0
2022-07-12,510500.SH,2.0175994,2.0299326,1.992933,1.9954557,368398501.6054228,740249888.0,True,2022-07-12,0
2022-07-12,512100.SH,1.008,1.011,0.99,0.991,365735900.0,365570682.0,True,2022-07-12,0
2022-07-13,510300.SH,5.070091,5.098031799999999,5.0386576,5.0747478,253908521.7316613,1286893961.0,True,2022-07-13,0
2022-07-13,510500.SH,1.9960163,2.0094707,1.9870467,2.0027435,661609489.8323225,1323141160.0,True,2022-07-13,0
2022-07-13,512100.SH,0.991,1.002,0.985,0.999,390180700.0,388082520.0,True,2022-07-13,0
2022-07-14,510300.SH,5.070091,5.1096738,5.0479712,5.075912,280376455.07644737,1423957223.0,True,2022-07-14,0
2022-07-14,510500.SH,1.9999405,2.0276902,1.9976981,2.0167585,689398501.6054227,1391373973.0,True,2022-07-14,0
2022-07-14,512100.SH,0.997,1.017,0.995,1.013,330690300.0,333705326.0,True,2022-07-14,0
2022-07-15,510300.SH,5.064269999999999,5.12248,4.9979106,5.000239,633316533.2417111,3198511731.0,True,2022-07-15,0
2022-07-15,510500.SH,2.0091904,2.0257281000000003,1.9811604,1.9828422,418600071.3521227,840057674.0,True,2022-07-15,0
2022-07-15,512100.SH,1.01,1.02,1.001,1.002,376722900.0,381683884.0,True,2022-07-15,0
2022-07-18,510300.SH,5.0200304,5.0747478,4.9757908,5.0537922,334233901.3915135,1680718462.0,True,2022-07-18,0
2022-07-18,510500.SH,1.984524,2.0251675,1.984524,2.0195615,495860649.3043168,996713559.0,True,2022-07-18,0
2022-07-18,512100.SH,1.001,1.019,1.001,1.017,588886600.0,595243540.0,True,2022-07-18,0
2022-07-19,510300.SH,5.049135399999999,5.049135399999999,4.988597,5.028179799999999,303665178.6634599,1526690226.0,True,2022-07-19,0
2022-07-19,510500.SH,2.0195615,2.0318947,2.0103116,2.0268493,496412415.2693543,1004233508.0,True,2022-07-19,0
2022-07-19,512100.SH,1.02,1.031,1.015,1.026,665445072.0,681408149.0,True,2022-07-19,0
2022-07-20,510300.SH,5.052628,5.075912,5.0270156,5.0421502,257548851.57189488,1301780820.0,True,2022-07-20,0
2022-07-20,510500.SH,2.0363795,2.0579626,2.0338568,2.0526369,433701548.3410632,888618261.0,True,2022-07-20,0
2022-07-20,512100.SH,1.03,1.041,1.027,1.041,896534600.0,929724150.0,True,2022-07-20,0
2022-07-21,510300.SH,5.023523,5.0502996,4.988597,4.989761199999999,266700432.05634773,1336941254.0,True,2022-07-21,0
2022-07-21,510500.SH,2.0506748,2.0531975,2.0316144,2.0327356,341899800.2140564,698857170.0,True,2022-07-21,0
2022-07-21,512100.SH,1.041,1.045,1.034,1.035,1101913572.0,1146752408.0,True,2022-07-21,0
2022-07-22,510300.SH,5.0072242,5.046806999999999,4.9583278,4.993253799999999,270373476.20683736,1353688808.0,True,2022-07-22,0
2022-07-22,510500.SH,2.0332962,2.0431067,1.995736,2.0145161,693044206.2076347,1394813209.0,True,2022-07-22,0
2022-07-22,512100.SH,1.036,1.042,1.018,1.028,2112099500.0,2177814904.0,True,2022-07-22,0
2022-07-25,510300.SH,4.988597,4.9920896,4.951342599999999,4.972298199999999,216179417.62583748,1074518097.0,True,2022-07-25,0
2022-07-25,510500.SH,2.012554,2.0226448,1.987327,1.9946148,506544302.5330004,1014375077.0,True,2022-07-25,0
2022-07-25,512100.SH,1.026,1.033,1.012,1.014,1378870200.0,1408841558.0,True,2022-07-25,0
2022-07-26,510300.SH,4.9792834,5.029344,4.9757908,5.00606,323187198.9348909,1616765933.0,True,2022-07-26,0
2022-07-26,510500.SH,1.9946148,2.0268493,1.9918118,2.0187206,415342311.8087763,835838969.0,True,2022-07-26,0
2022-07-26,512100.SH,1.015,1.031,1.01,1.03,1731670800.0,1769540925.0,True,2022-07-26,0
2022-07-27,510300.SH,4.994418,5.002567399999999,4.9688056,4.978119199999999,220905874.42020276,1100930340.0,True,2022-07-27,0
2022-07-27,510500.SH,2.015357,2.0332962,2.0111525,2.0274099,265009568.3196575,536039052.0,True,2022-07-27,0
2022-07-27,512100.SH,1.028,1.04,1.024,1.039,1755235700.0,1815134093.0,True,2022-07-27,0
2022-07-28,510300.SH,4.996746399999999,5.040985999999999,4.976955,4.9816118,317454928.70640785,1591342846.0,True,2022-07-28,0
2022-07-28,510500.SH,2.0346977,2.0523566,2.0285311,2.0327356,424750645.73671067,866454632.0,True,2022-07-28,0
2022-07-28,512100.SH,1.041,1.053,1.04,1.047,2306744200.0,2414998980.0,True,2022-07-28,0
2022-07-29,510300.SH,4.9862686,5.011880999999999,4.9024462,4.912923999999999,404797588.9022505,2000643545.0,True,2022-07-29,0
2022-07-29,510500.SH,2.0369401000000003,2.0414249,2.0128343,2.0164782,400285198.0021405,810273443.0,True,2022-07-29,0
2022-07-29,512100.SH,1.047,1.051,1.04,1.043,2657803961.0,2776871874.0,True,2022-07-29,0
2022-08-01,510300.SH,4.8966252,4.9455216,4.8675202,4.9338796,256306032.468648,1259938955.0,True,2022-08-01,0
2022-08-01,510500.SH,2.0133949,2.034978,2.0019026,2.0338568,283239225.8294684,572594575.0,True,2022-08-01,0
2022-08-01,512100.SH,1.035,1.051,1.03,1.049,2057282800.0,2140873415.0,True,2022-08-01,0
2022-08-02,510300.SH,4.901281999999999,4.901281999999999,4.8104744,4.851221399999999,467250692.3209071,2264729834.0,True,2022-08-02,0
2022-08-02,510500.SH,2.0187206,2.020963,1.9534107,1.9831225,749914020.6921157,1486902991.0,True,2022-08-02,0
2022-08-02,512100.SH,1.039,1.039,1.003,1.02,2398603467.0,2449979897.0,True,2022-08-02,0
2022-08-03,510300.SH,4.866356,4.900117799999999,4.786026199999999,4.798832399999999,323537899.8453874,1569163066.0,True,2022-08-03,0
2022-08-03,510500.SH,1.9836831,2.0103116,1.959297,1.9665848,493702461.64823407,983528727.0,True,2022-08-03,0
2022-08-03,512100.SH,1.017,1.035,1.008,1.012,1864187400.0,1914230218.0,True,2022-08-03,0
2022-08-04,510300.SH,4.8186238,4.8454004,4.798832399999999,4.834922599999999,224833252.0185536,1084601677.0,True,2022-08-04,0
2022-08-04,510500.SH,1.9775165,1.9803195,1.9475244,1.973312,547542472.3510524,1077343749.0,True,2022-08-04,0
2022-08-04,512100.SH,1.013,1.019,1.0,1.017,2222752100.0,2245173383.0,True,2022-08-04,0
2022-08-05,510300.SH,4.838415199999999,4.9175808,4.834922599999999,4.9105956,337901776.3270916,1643679832.0,True,2022-08-05,0
2022-08-05,510500.SH,1.9752741,2.015357,1.9752741,2.0142358,332645790.2247592,663416951.0,True,2022-08-05,0
2022-08-05,512100.SH,1.014,1.04,1.014,1.04,1626924100.0,1671818465.0,True,2022-08-05,0
2022-08-08,510300.SH,4.890804199999999,4.9117598,4.881490599999999,4.894296799999999,135099086.92664492,661606877.0,True,2022-08-08,0
2022-08-08,510500.SH,2.0094707,2.0268493,2.0077889,2.0254478,329218665.71530503,664902426.0,True,2022-08-08,0
2022-08-08,512100.SH,1.036,1.051,1.034,1.048,1313181700.0,1369460126.0,True,2022-08-08,0
2022-08-09,510300.SH,4.8919684,4.9117598,4.877998,4.9024462,207717192.92217836,1017515521.0,True,2022-08-09,0
2022-08-09,510500.SH,2.0265690000000003,2.0327356,2.0145161,2.0313341,322473407.0638602,653499927.0,True,2022-08-09,0
2022-08-09,512100.SH,1.047,1.055,1.04,1.053,1074153600.0,1126017275.0,True,2022-08-09,0
2022-08-10,510300.SH,4.8919684,4.9082672,4.8291016,4.8500572,175024200.30922523,851095724.0,True,2022-08-10,0
2022-08-10,510500.SH,2.0290917,2.0386219,2.01816,2.0274099,246233153.7638245,499523169.0,True,2022-08-10,0
2022-08-10,512100.SH,1.046,1.056,1.046,1.053,1249437820.0,1314816874.0,True,2022-08-10,0
2022-08-11,510300.SH,4.869848599999999,4.959491999999999,4.861699199999999,4.952506799999999,298960876.13812065,1469915003.0,True,2022-08-11,0
2022-08-11,510500.SH,2.0363795,2.0683337,2.0330159,2.0674928,417658087.763111,858080651.0,True,2022-08-11,0
2022-08-11,512100.SH,1.059,1.068,1.054,1.067,1756925017.0000002,1866189590.0,True,2022-08-11,0
2022-08-12,510300.SH,4.9501784,4.9664772,4.9338796,4.953670999999999,176593155.81515205,874286490.0,True,2022-08-12,0
2022-08-12,510500.SH,2.065811,2.07422,2.0610459,2.0638489,304217623.97431326,628859243.0,True,2022-08-12,0
2022-08-12,512100.SH,1.064,1.07,1.056,1.057,1258496800.0,1338721087.0,True,2022-08-12,0
2022-08-15,510300.SH,4.938536399999999,4.989761199999999,4.9338796,4.942029,199985225.9062017,991661294.0,True,2022-08-15,0
2022-08-15,510500.SH,2.0565611,2.0761821,2.0520763,2.0666519,705520156.97467,1458406727.0,True,2022-08-15,0
2022-08-15,512100.SH,1.053,1.068,1.051,1.064,1354282800.0,1438985486.0,True,2022-08-15,0
2022-08-16,510300.SH,4.94785,4.9734624,4.9210734,4.930387,144720285.17436868,715599992.0,True,2022-08-16,0
2022-08-16,510500.SH,2.0697352,2.0851517,2.0641292,2.0719776,391540235.462005,812316540.0,True,2022-08-16,0
2022-08-16,512100.SH,1.064,1.077,1.062,1.07,1382876081.0,1479456116.0,True,2022-08-16,0
2022-08-17,510300.SH,4.9315512,4.990925399999999,4.9024462,4.978119199999999,241387017.6945542,1196207108.0,True,2022-08-17,0
2022-08-17,510500.SH,2.0728185,2.0890759,2.0610459,2.085432,494947877.2743489,1027785690.0,True,2022-08-17,0
2022-08-17,512100.SH,1.072,1.074,1.063,1.071,1424545793.0,1523582244.0,True,2022-08-17,0
2022-08-18,510300.SH,4.971133999999999,4.9757908,4.9292228,4.9350438,171764396.15186396,849821038.0,True,2022-08-18,0
2022-08-18,510500.SH,2.0829093,2.0829093,2.068614,2.0778639,288431323.5818766,598810969.0,True,2022-08-18,0
2022-08-18,512100.SH,1.067,1.077,1.067,1.076,1316119600.0,1411036031.0,True,2022-08-18,0
2022-08-19,510300.SH,4.930387,4.9490142,4.8977894,4.900117799999999,248617990.89503524,1223343184.0,True,2022-08-19,0
2022-08-19,510500.SH,2.07422,2.0806669,2.0492733,2.0503945,425933135.9257938,879109913.0,True,2022-08-19,0
2022-08-19,512100.SH,1.076,1.079,1.057,1.058,1271450979.0,1356319201.0,True,2022-08-19,0
2022-08-22,510300.SH,4.88964,4.9455216,4.884983199999999,4.9315512,267078139.49493217,1316161171.0,True,2022-08-22,0
2022-08-22,510500.SH,2.0484324,2.0792654,2.0391825,2.0761821,316500478.0592223,653942628.0,True,2022-08-22,0
2022-08-22,512100.SH,1.054,1.067,1.047,1.064,1503748000.0,1592416673.0,True,2022-08-22,0
2022-08-23,510300.SH,4.928058599999999,4.94785,4.8931326,4.9152524,236967527.0572067,1164226234.0,True,2022-08-23,0
2022-08-23,510500.SH,2.07422,2.0781442,2.063008,2.0767427,410304174.0991795,849223572.0,True,2022-08-23,0
2022-08-23,512100.SH,1.061,1.069,1.06,1.069,1534624100.0,1633312779.0,True,2022-08-23,0
2022-08-24,510300.SH,4.9292228,4.9338796,4.8151312,4.825608999999999,346298831.81583923,1683776031.0,True,2022-08-24,0
2022-08-24,510500.SH,2.0767427,2.0784245,2.0119934,2.0173191,563305693.8993936,1147800159.0,True,2022-08-24,0
2022-08-24,512100.SH,1.065,1.069,1.027,1.03,1957800000.0,2038235110.0,True,2022-08-24,0
2022-08-25,510300.SH,4.834922599999999,4.8733412,4.801160799999999,4.8675202,285613031.26610553,1381245566.0,True,2022-08-25,0
2022-08-25,510500.SH,2.0170388,2.029372,2.001342,2.0282508,510055786.657153,1028828394.0,True,2022-08-25,0
2022-08-25,512100.SH,1.029,1.032,1.014,1.027,1422668600.0,1453942720.0,True,2022-08-25,0
2022-08-26,510300.SH,4.8651918,4.890804199999999,4.8523856,4.860535,194859501.80381376,949304012.0,True,2022-08-26,0
2022-08-26,510500.SH,2.0260084,2.0470309,2.0167585,2.023766,350278701.3913664,711104798.0,True,2022-08-26,0
2022-08-26,512100.SH,1.025,1.038,1.017,1.021,1261257600.0,1297340074.0,True,2022-08-26,0
2022-08-29,510300.SH,4.8209522,4.844236199999999,4.802325,4.83143,201507045.18124035,972243824.0,True,2022-08-29,0
2022-08-29,510500.SH,1.99082,2.026141,1.9904989,2.02293,616719131.1118032,1243370988.0,True,2022-08-29,0
2022-08-29,512100.SH,1.009,1.028,1.003,1.025,1381520700.0,1411143187.0,True,2022-08-29,0
2022-08-30,510300.SH,4.8360868,4.838415199999999,4.780205199999999,4.8209522,199359896.924927,958534782.0,True,2022-08-30,0
2022-08-30,510500.SH,2.02293,2.026141,2.0046273,2.0200401,571581996.2628465,1153092428.0,True,2022-08-30,0
2022-08-30,512100.SH,1.025,1.027,1.015,1.02,1705091600.0,1740716972.0,True,2022-08-30,0
2022-08-31,510300.SH,4.801160799999999,4.8686844,4.7883546,4.8209522,476962406.80295485,2299526279.0,True,2022-08-31,0
2022-08-31,510500.SH,2.013297,2.0184346,1.9712329,1.9770127,728778788.5393958,1449546434.0,True,2022-08-31,0
2022-08-31,512100.SH,1.015,1.02,0.985,0.988,2225654000.0,2218563992.0,True,2022-08-31,0
2022-09-01,510300.SH,4.808146,4.834922599999999,4.7708916,4.7813694,275082975.4337743,1320917293.0,True,2022-09-01,0
2022-09-01,510500.SH,1.974765,1.9930677,1.9628843,1.9699485,305488648.39613825,605082195.0,True,2022-09-01,0
2022-09-01,512100.SH,0.983,0.996,0.978,0.982,1938057899.0,1913593076.0,True,2022-09-01,0
2022-09-02,510300.SH,4.784862,4.795339799999999,4.7313088,4.754592799999999,226539636.66036767,1078568286.0,True,2022-09-02,0
2022-09-02,510500.SH,1.965132,1.984398,1.9644898,1.9734806,534657617.5646216,1056194492.0,True,2022-09-02,0
2022-09-02,512100.SH,0.982,0.982,0.982,0.982,0.0,0.0,False,2022-09-01,1
2022-09-05,510300.SH,4.744115,4.7534286,4.703367999999999,4.7522644,185419180.5531696,876596965.0,True,2022-09-05,0
2022-09-05,510500.SH,1.9702696,1.9860035,1.9625632,1.9834347,499274920.58548737,987346025.0,True,2022-09-05,0
2022-09-05,512100.SH,0.9772156,0.9898926,0.9739558,0.9826486,1749931167.863059,1717475114.0,True,2022-09-05,0
2022-09-06,510300.SH,4.767398999999999,4.791847199999999,4.742950799999999,4.786026199999999,226852351.82958257,1081646065.0,True,2022-09-06,0
2022-09-06,510500.SH,1.984398,2.0190768,1.984398,2.0174713,513372880.7225164,1030073051.0,True,2022-09-06,0
2022-09-06,512100.SH,0.986995,1.0022074,0.981562,1.0018452,1861742045.8310325,1845902273.0,True,2022-09-06,0
2022-09-07,510300.SH,4.7697274,4.8093102,4.7662348,4.795339799999999,157681493.72959974,755009708.0,True,2022-09-07,0
2022-09-07,510500.SH,2.0113704,2.0274254,2.0078383,2.0226089000000003,322946739.333541,652201029.0,True,2022-09-07,0
2022-09-07,512100.SH,0.9993098,1.012349,0.9974988,1.0080026,1532388202.6504693,1542329678.0,True,2022-09-07,0
2022-09-08,510300.SH,4.7999966,4.8093102,4.773219999999999,4.774384199999999,147424998.28208214,705978922.0,True,2022-09-08,0
2022-09-08,510500.SH,2.0245355,2.0254988,2.013297,2.0155447,452062939.894114,912197124.0,True,2022-09-08,0
2022-09-08,512100.SH,1.0090892,1.0112624,0.9989476,1.0000342000000002,1448406220.320265,1453693555.0,True,2022-09-08,0
2022-09-09,510300.SH,4.7813694,4.851221399999999,4.780205199999999,4.8419078,337550203.57326925,1630730745.0,True,2022-09-09,0
2022-09-09,510500.SH,2.0149025000000003,2.0315997,2.0088016,2.0277465,506100778.5736531,1024964818.0,True,2022-09-09,0
2022-09-09,512100.SH,0.999672,1.0036562,0.9931524,1.0029318,1993750347.8741024,1993022896.0,True,2022-09-09,0
2022-09-13,510300.SH,4.8500572,4.883819,4.8454004,4.8582066,281249948.4624635,1368323051.0,True,2022-09-13,0
2022-09-13,510500.SH,2.0328841,2.0393061,2.0181135,2.0226089000000003,535396807.8480224,1085475444.0,True,2022-09-13,0
2022-09-13,512100.SH,1.0043806000000002,1.0087270000000002,0.9964122,0.999672,1601886841.5240197,1602544932.0,True,2022-09-13,0
2022-09-14,510300.SH,4.8128028,4.837251,4.7895188,4.804653399999999,369278356.8115444,1777685334.0,True,2022-09-14,0
2022-09-14,510500.SH,2.0004530000000003,2.0155447,1.9956365,2.0071961000000003,624158483.3385239,1252419074.0,True,2022-09-14,0
2022-09-14,512100.SH,0.988806,0.992428,0.9830108,0.9884438,1592296452.2363334,1573772409.0,True,2022-09-14,0
2022-09-15,510300.SH,4.8128028,4.8279374,4.732473,4.761577999999999,505793202.1989349,2414072683.0,True,2022-09-15,0
2022-09-15,510500.SH,2.0113704,2.0158658,1.9461871,1.9612788,575217869.8224852,1137139697.0,True,2022-09-15,0
2022-09-15,512100.SH,0.9891682,0.9938768,0.9464286,0.9576568,2440734632.799558,2357531522.0,True,2022-09-15,0
2022-09-16,510300.SH,4.7464434,4.7580854,4.652143199999999,4.6568,623415993.8154957,2929005272.0,True,2022-09-16,0
2022-09-16,510500.SH,1.955499,1.9615999,1.9102239,1.9124716,640721709.7477422,1240121958.0,True,2022-09-16,0
2022-09-16,512100.SH,0.9511372,0.95983,0.9366492,0.938098,2108663732.74434,2002734618.0,True,2022-09-16,0
2022-09-19,510300.SH,4.6498148,4.674262999999999,4.627695,4.6439938,341685663.1163031,1588020723.0,True,2022-09-19,0
2022-09-19,510500.SH,1.910545,1.9140771,1.8871047,1.9005909,495401074.4316412,940843676.0,True,2022-09-19,0
2022-09-19,512100.SH,0.9333894,0.94172,0.9203502,0.9275942,1870650488.6802871,1737417459.0,True,2022-09-19,0
2022-09-20,510300.SH,4.6637852,4.683576599999999,4.633515999999999,4.646322199999999,258989001.03075075,1206397489.0,True,2022-09-20,0
2022-09-20,510500.SH,1.9031597,1.9291688,1.9031597,1.9102239,450729221.42634696,862607727.0,True,2022-09-20,0
2022-09-20,512100.SH,0.9304918,0.9475152,0.9275942,0.938098,1433928260.6294863,1346705350.0,True,2022-09-20,0
2022-09-21,510300.SH,4.633515999999999,4.645158,4.5904406,4.6113962,312221802.0958598,1441702412.0,True,2022-09-21,0
2022-09-21,510500.SH,1.904123,1.9272422,1.8867836,1.9198569,378291809.4051697,722336359.0,True,2022-09-21,0
2022-09-21,512100.SH,0.9366492,0.9428066000000002,0.9239722,0.938098,1876791816.6758687,1752778125.0,True,2022-09-21,0
2022-09-22,510300.SH,4.592769,4.614888799999999,4.563663999999999,4.577634399999999,240376911.18364543,1101764633.0,True,2022-09-22,0
2022-09-22,510500.SH,1.9076551,1.9320587,1.9050863,1.916967,439051943.3198381,843298402.0,True,2022-09-22,0
2022-09-22,512100.SH,0.9301296,0.9504128,0.9283186,0.939909,1549365057.979017,1460124717.0,True,2022-09-22,0
2022-09-23,510300.SH,4.577634399999999,4.5997542,4.531066399999999,4.5683208,446872569.1461949,2042024441.0,True,2022-09-23,0
2022-09-23,510500.SH,1.9131138,1.9211413,1.8732974,1.8941689,640543083.1516662,1216175074.0,True,2022-09-23,0
2022-09-23,512100.SH,0.9406334,0.9431688,0.9131062,0.9225234,2085831780.784097,1933104442.0,True,2022-09-23,0
2022-09-26,510300.SH,4.54038,4.6079036,4.5333948,4.5392158,649401806.3906546,2966154628.0,True,2022-09-26,0
2022-09-26,510500.SH,1.8810038,1.9044441,1.86238,1.8643066,1058188473.99564,1994980601.0,True,2022-09-26,0
2022-09-26,512100.SH,0.9152794,0.929043,0.909122,0.9098464,2040836617.890668,1876452816.0,True,2022-09-26,0
2022-09-27,510300.SH,4.552022,4.6067394,4.531066399999999,4.597425799999999,445937417.1104621,2035835677.0,True,2022-09-27,0
2022-09-27,510500.SH,1.8668754,1.9025175,1.8665543,1.8993065,748750706.944877,1411390482.0,True,2022-09-27,0
2022-09-27,512100.SH,0.9112952,0.9283186,0.9105708,0.927232,2545128942.5731635,2336076095.0,True,2022-09-27,0
2022-09-28,510300.SH,4.581127,4.5846196,4.528738,4.532230599999999,455318335.3375709,2073607923.0,True,2022-09-28,0
2022-09-28,510500.SH,1.8928845,1.897701,1.8537103,1.8546736,635085571.4730613,1186317967.0,True,2022-09-28,0
2022-09-28,512100.SH,0.92361,0.927232,0.8993426000000001,0.9000670000000001,1671410204.3070126,1523978398.0,True,2022-09-28,0
2022-09-29,510300.SH,4.5590072,4.583455399999999,4.5089466,4.5333948,434705056.6912901,1977736758.0,True,2022-09-29,0
2022-09-29,510500.SH,1.865591,1.8835726,1.8453617,1.8594901,754947894.7368422,1409354548.0,True,2022-09-29,0
2022-09-29,512100.SH,0.907311,0.9141928,0.896445,0.9033268,1973345488.6802871,1791369155.0,True,2022-09-29,0
2022-09-30,510300.SH,4.534559,4.557843,4.499633,4.5031256,548341179.3506271,2480624616.0,True,2022-09-30,0
2022-09-30,510500.SH,1.8569213,1.8671965,1.8338021,1.8344443,486786677.0476487,900479980.0,True,2022-09-30,0
2022-09-30,512100.SH,0.9033268,0.9051378,0.885579,0.8859412000000001,1776227512.424075,1588977267.0,True,2022-09-30,0
2022-10-10,510300.SH,4.5019614,4.505453999999999,4.397183399999999,4.4111538,587621755.712077,2614912261.0,True,2022-10-10,0
2022-10-10,510500.SH,1.8370131,1.8524259,1.8061875,1.8132517,525089299.28371227,961786662.0,True,2022-10-10,0
2022-10-10,512100.SH,0.883768,0.8906498,0.8627604000000001,0.867469,1587535786.8580894,1396159269.0,True,2022-10-10,0
2022-10-11,510300.SH,4.4134822,4.4286168,4.389034,4.4076612,422075838.3439272,1861116628.0,True,2022-10-11,0
2022-10-11,510500.SH,1.814215,1.8347654,1.804582,1.8244902,835361831.205232,1521015712.0,True,2022-10-11,0
2022-10-11,512100.SH,0.8667446,0.8739886,0.8605872,0.8696422,1560983191.606847,1354456568.0,True,2022-10-11,0
2022-10-12,510300.SH,4.4088254,4.4833342,4.329659799999999,4.479841599999999,628339617.763271,2765038458.0,True,2022-10-12,0
2022-10-12,510500.SH,1.8248113,1.8704075,1.7952701,1.8681598,985725920.274058,1807866605.0,True,2022-10-12,0
2022-10-12,512100.SH,0.8685556000000001,0.8957206,0.8555164000000001,0.8953584,2401840405.8531194,2079679015.0,True,2022-10-12,0
2022-10-13,510300.SH,4.442587199999999,4.4786774,4.4309452,4.441423,296461326.2326061,1318777601.0,True,2022-10-13,0
2022-10-13,510500.SH,1.859169,1.8871047,1.8578846,1.8729763,504633388.35253817,945416295.0,True,2022-10-13,0
2022-10-13,512100.SH,0.8895632,0.9138306,0.8877522000000001,0.9051378,2349963539.4809494,2127523683.0,True,2022-10-13,0
2022-10-14,510300.SH,4.4844984,4.5671566,4.474020599999999,4.543872599999999,643900646.7960832,2913802969.0,True,2022-10-14,0
2022-10-14,510500.SH,1.891279,1.9294899,1.8835726,1.9204991,793729414.5126129,1518017161.0,True,2022-10-14,0
2022-10-14,512100.SH,0.9098464,0.9319406,0.909122,0.9294052,1583064953.064605,1459856505.0,True,2022-10-14,0
2022-10-17,510300.SH,4.534559,4.5473652,4.5042898,4.5427084,333928955.50592685,1512958472.0,True,2022-10-17,0
2022-10-17,510500.SH,1.9118294,1.9365541,1.9108661,1.9291688,499663908.4397384,961793886.0,True,2022-10-17,0
2022-10-17,512100.SH,0.9232478,0.9388224,0.9207124,0.9348382,1677115044.174489,1561829342.0,True,2022-10-17,0
2022-10-18,510300.SH,4.5683208,4.575305999999999,4.525245399999999,4.534559,370326730.8022677,1683477555.0,True,2022-10-18,0
2022-10-18,510500.SH,1.9378385,1.9503614,1.9240312,1.9378385,571804736.8421053,1107179931.0,True,2022-10-18,0
2022-10-18,512100.SH,0.938098,0.9482396,0.9315784,0.9409956,1769803644.3953617,1662723150.0,True,2022-10-18,0
2022-10-19,510300.SH,4.528738,4.5427084,4.4635428,4.4658712,247519569.6615702,1112398864.0,True,2022-10-19,0
2022-10-19,510500.SH,1.933022,1.9407284,1.9176092,1.9214624,406902298.3494239,784782568.0,True,2022-10-19,0
2022-10-19,512100.SH,0.9377358,0.947153,0.9341138,0.9355626,1507385938.707896,1417291629.0,True,2022-10-19,0
2022-10-20,510300.SH,4.447244,4.512439199999999,4.4134822,4.4519008,319794719.979385,1422560648.0,True,2022-10-20,0
2022-10-20,510500.SH,1.9147193,1.9432972,1.8883891,1.9150404,757391588.2902522,1448199789.0,True,2022-10-20,0
2022-10-20,512100.SH,0.9283186,0.9467908,0.916366,0.932665,2874286104.362231,2666656612.0,True,2022-10-20,0
2022-10-21,510300.SH,4.467035399999999,4.4693638,4.405332799999999,4.4262884,281370992.9565367,1248398834.0,True,2022-10-21,0
2022-10-21,510500.SH,1.916967,1.9262789,1.9021964,1.9150404,635715462.47275,1217579218.0,True,2022-10-21,0
2022-10-21,512100.SH,0.930854,0.9377358,0.92361,0.930854,1659878003.8652678,1545096516.0,True,2022-10-21,0
2022-10-24,510300.SH,4.422795799999999,4.4623786,4.2912412,4.3121968,540967161.9996564,2356237577.0,True,2022-10-24,0
2022-10-24,510500.SH,1.913756,1.952288,1.881646,1.8986643,894151152.2890066,1709693413.0,True,2022-10-24,0
2022-10-24,512100.SH,0.930854,0.9518616,0.9152794,0.927232,2318770742.6836004,2169000257.0,True,2022-10-24,0
2022-10-25,510300.SH,4.2982264,4.352943799999999,4.2621362,4.2935696,707367265.9336884,3041126027.0,True,2022-10-25,0
2022-10-25,510500.SH,1.891279,1.907334,1.8594901,1.8835726,816124942.3855497,1537242771.0,True,2022-10-25,0
2022-10-25,512100.SH,0.918177,0.9286808,0.9040512,0.9196258000000002,1896863108.7796795,1740297297.0,True,2022-10-25,0
2022-10-26,510300.SH,4.295897999999999,4.386705599999999,4.2947338,4.3261672,589492373.3035561,2555494776.0,True,2022-10-26,0
2022-10-26,510500.SH,1.888068,1.9365541,1.8858203,1.9224257,806578779.196512,1544497873.0,True,2022-10-26,0
2022-10-26,512100.SH,0.9196258000000002,0.9504128,0.9196258000000002,0.94172,3387856046.383213,3179036838.0,True,2022-10-26,0
2022-10-27,510300.SH,4.352943799999999,4.365749999999999,4.2947338,4.295897999999999,440128027.83026975,1906381171.0,True,2022-10-27,0
2022-10-27,510500.SH,1.9301321,1.9381596,1.9147193,1.9166459,659134708.8134537,1270523927.0,True,2022-10-27,0
2022-10-27,512100.SH,0.945342,0.9486018000000002,0.9341138,0.936287,2222946584.759801,2094327211.0,True,2022-10-27,0
2022-10-28,510300.SH,4.2807634,4.2877486,4.185299,4.1957768,634029506.0986085,2686507817.0,True,2022-10-28,0
2022-10-28,510500.SH,1.9082973,1.9111872,1.8476094,1.8556369,742567816.8794767,1395608488.0,True,2022-10-28,0
2022-10-28,512100.SH,0.9294052,0.934476,0.898256,0.9018780000000002,2236423862.506902,2051721147.0,True,2022-10-28,0
2022-10-31,510300.SH,4.167835999999999,4.2097472,4.1352384,4.150372999999999,513362297.71516925,2139122276.0,True,2022-10-31,0
2022-10-31,510500.SH,1.8524259,1.8864625,1.8450406,1.8668754,610649719.7134849,1138623733.0,True,2022-10-31,0
2022-10-31,512100.SH,0.8949962000000001,0.9207124,0.8949962000000001,0.9112952,1989592459.966869,1808795917.0,True,2022-10-31,0
2022-11-01,510300.SH,4.173657,4.313361,4.167835999999999,4.3110326,918362140.5256828,3904744293.0,True,2022-11-01,0
2022-11-01,510500.SH,1.8700864,1.9153615,1.859169,1.9134349,1139138894.425413,2156261190.0,True,2022-11-01,0
2022-11-01,512100.SH,0.9123818,0.936287,0.9080354,0.9359248,2479855342.352292,2287150032.0,True,2022-11-01,0
2022-11-02,510300.SH,4.290077,4.385541399999999,4.2819276,4.3506154,645633313.0046384,2800488062.0,True,2022-11-02,0
2022-11-02,510500.SH,1.910545,1.9378385,1.9057285,1.9272422,798762603.550296,1536462179.0,True,2022-11-02,0
2022-11-02,512100.SH,0.934476,0.9493262,0.9315784,0.9449798,1776911060.1877415,1672852848.0,True,2022-11-02,0
2022-11-03,510300.SH,4.327331399999999,4.3447944,4.2947338,4.315689399999999,419267058.9245834,1811025929.0,True,2022-11-03,0
2022-11-03,510500.SH,1.9160037,1.9346275,1.9140771,1.9282055,723193895.9825599,1393256719.0,True,2022-11-03,0
2022-11-03,512100.SH,0.9395468,0.9533104,0.9388224,0.9496884,1352048873.5505242,1280525358.0,True,2022-11-03,0
2022-11-04,510300.SH,4.313361,4.4833342,4.3121968,4.4635428,969975713.7948806,4301093449.0,True,2022-11-04,0
2022-11-04,510500.SH,1.9266,1.9827925,1.9262789,1.9770127,1048998075.3659296,2062291791.0,True,2022-11-04,0
2022-11-04,512100.SH,0.9496884,0.9757668,0.9486018000000002,0.9746802,2070017528.9895084,1998600147.0,True,2022-11-04,0
2022-11-07,510300.SH,4.435601999999999,4.487990999999999,4.4344378,4.4635428,458747099.29565376,2046292254.0,True,2022-11-07,0
2022-11-07,510500.SH,1.9760494,1.9840769,1.9599944,1.9718751,638129467.4556214,1259058582.0,True,2022-11-07,0
2022-11-07,512100.SH,0.9732314,0.9790266,0.9630898,0.970696,1782694458.8625069,1732475225.0,True,2022-11-07,0
2022-11-08,510300.SH,4.4635428,4.474020599999999,4.4088254,4.436766199999999,688247633.5681155,3048899191.0,True,2022-11-08,0
2022-11-08,510500.SH,1.9696274,1.974765,1.9615999,1.9738017,549891230.1463718,1081977722.0,True,2022-11-08,0
2022-11-08,512100.SH,0.9681606,0.970696,0.9623654,0.9703338,1719403983.9867475,1660098307.0,True,2022-11-08,0
2022-11-09,510300.SH,4.436766199999999,4.4519008,4.385541399999999,4.3901982,447452313.1764302,1973017696.0,True,2022-11-09,0
2022-11-09,510500.SH,1.9763705,1.9895356,1.9660953,1.968343,439697187.7919651,867580136.0,True,2022-11-09,0
2022-11-09,512100.SH,0.9696094,0.9757668,0.9630898,0.9659874,1571725911.0988402,1521126877.0,True,2022-11-09,0
2022-11-10,510300.SH,4.365749999999999,4.384377199999999,4.3389734,4.365749999999999,435059584.2638722,1895277956.0,True,2022-11-10,0
2022-11-10,510500.SH,1.9606366,1.9702696,1.9481137,1.9615999,624393344.7524136,1222992995.0,True,2022-11-10,0
2022-11-10,512100.SH,0.9612788,0.9645386,0.9536726,0.9569324,2126199743.2357807,2037062228.0,True,2022-11-10,0
2022-11-11,510300.SH,4.4728564,4.5380516,4.435601999999999,4.479841599999999,1182530722.3844702,5298752150.0,True,2022-11-11,0
2022-11-11,510500.SH,2.013297,2.0161869,1.9705907,1.9731595,1325825792.5879788,2642103690.0,True,2022-11-11,0
2022-11-11,512100.SH,0.9808376,0.9840974,0.95983,0.9605544,2797230541.137493,2716746029.0,True,2022-11-11,0
2022-11-14,510300.SH,4.5380516,4.562499799999999,4.470528,4.48217,730945598.6943824,3301268208.0,True,2022-11-14,0
2022-11-14,510500.SH,1.9754072,1.994031,1.9648109,1.9699485,807214767.9850514,1597198501.0,True,2022-11-14,0
2022-11-14,512100.SH,0.9605544,0.9696094,0.9496884,0.9540348,2544657575.9249034,2440465109.0,True,2022-11-14,0
2022-11-15,510300.SH,4.4728564,4.5799628,4.464707,4.569484999999999,658979100.669988,2991368782.0,True,2022-11-15,0
2022-11-15,510500.SH,1.971554,2.006875,1.9673797,2.0039851,927219486.141389,1850356936.0,True,2022-11-15,0
2022-11-15,512100.SH,0.9504128,0.9768534,0.9504128,0.9764912,1785231858.0894532,1727769158.0,True,2022-11-15,0
2022-11-16,510300.SH,4.5613356,4.5846196,4.5299022,4.5357232,461945724.96134686,2102969877.0,True,2022-11-16,0
2022-11-16,510500.SH,2.0030218,2.013297,1.9911411,1.9946732,647892687.6362504,1295425715.0,True,2022-11-16,0
2022-11-16,512100.SH,0.9764912,0.9801132,0.9677984,0.9692472,1721829961.3473215,1675098840.0,True,2022-11-16,0
2022-11-17,510300.SH,4.5240812,4.5240812,4.464707,4.5159318,679971495.4475176,3054875919.0,True,2022-11-17,0
2022-11-17,510500.SH,1.9882512,1.9998108,1.9782971,1.9988475,1026610470.2584864,2039273639.0,True,2022-11-17,0
2022-11-17,512100.SH,0.967074,0.972507,0.9591056,0.9714204,1816397926.5599115,1749532516.0,True,2022-11-17,0
2022-11-18,510300.SH,4.5194244,4.5427084,4.492647799999999,4.5007972,557631784.0577221,2516386318.0,True,2022-11-18,0
2022-11-18,510500.SH,1.9988475,2.0123337,1.9901778,1.9949943,1448330706.9448771,2896129987.0,True,2022-11-18,0
2022-11-18,512100.SH,0.9717826,0.9772156,0.9612788,0.963452,2150650731.639978,2088970032.0,True,2022-11-18,0
2022-11-21,510300.SH,4.467035399999999,4.467035399999999,4.412318,4.4623786,445154533.58529466,1975747610.0,True,2022-11-21,0
2022-11-21,510500.SH,1.9795815,1.9956365,1.9696274,1.9927466,1289283431.9526627,2559842978.0,True,2022-11-21,0
2022-11-21,512100.SH,0.9569324,0.9685228,0.9533104,0.9674362,1371491466.0408614,1319603141.0,True,2022-11-21,0
2022-11-22,510300.SH,4.455393399999999,4.506618199999999,4.429781,4.4600502,557486375.1932658,2485266857.0,True,2022-11-22,0
2022-11-22,510500.SH,1.9860035,1.9921044,1.9612788,1.971554,833064269.6979134,1645784286.0,True,2022-11-22,0
2022-11-22,512100.SH,0.9645386,0.9677984,0.9478774,0.9536726,2870565883.4897847,2750271166.0,True,2022-11-22,0
2022-11-23,510300.SH,4.447244,4.4891552,4.4402588,4.4635428,471389447.6894005,2103792365.0,True,2022-11-23,0
2022-11-23,510500.SH,1.9590311,1.9763705,1.9445816,1.9680219,1258183930.2398007,2470193485.0,True,2022-11-23,0
2022-11-23,512100.SH,0.950775,0.9551214,0.9337516,0.9514994,1575422418.5532854,1487260539.0,True,2022-11-23,0
2022-11-24,510300.SH,4.48217,4.5031256,4.435601999999999,4.442587199999999,414146131.2489264,1848016848.0,True,2022-11-24,0
2022-11-24,510500.SH,1.971554,1.9795815,1.95871,1.968343,620911298.6608533,1222974085.0,True,2022-11-24,0
2022-11-24,512100.SH,0.9518616,0.9569324,0.9467908,0.952586,1475577802.3191607,1404428676.0,True,2022-11-24,0
2022-11-25,510300.SH,4.4460798,4.486826799999999,4.429781,4.467035399999999,471753799.1753995,2105975532.0,True,2022-11-25,0
2022-11-25,510500.SH,1.961921,1.9677008,1.9471504,1.9580678,863397085.0202429,1691315690.0,True,2022-11-25,0
2022-11-25,512100.SH,0.9500506000000002,0.950775,0.9413578,0.9431688,1039336438.4318056,983042464.0,True,2022-11-25,0
2022-11-28,510300.SH,4.391362399999999,4.422795799999999,4.342466,4.4146464,537786848.4796427,2355441434.0,True,2022-11-28,0
2022-11-28,510500.SH,1.9333431,1.9510036,1.9182514,1.9493981,1117648162.5661788,2168839380.0,True,2022-11-28,0
2022-11-28,512100.SH,0.9286808,0.94172,0.9254210000000002,0.9395468,1489599770.844837,1395653098.0,True,2022-11-28,0
2022-11-29,510300.SH,4.4402588,4.5601714,4.4402588,4.5496936,619057588.9022505,2792262749.0,True,2022-11-29,0
2022-11-29,510500.SH,1.9545357,1.9892145,1.9542146,1.9815081,1184944627.8417938,2342485408.0,True,2022-11-29,0
2022-11-29,512100.SH,0.9413578,0.9583812,0.9406334,0.9540348,1986055013.804528,1889618274.0,True,2022-11-29,0
2022-11-30,510300.SH,4.5380516,4.5718134,4.534559,4.5531862,394679436.5229343,1796654800.0,True,2022-11-30,0
2022-11-30,510500.SH,1.9808659,1.9860035,1.968343,1.9770127,638668081.5945189,1263332453.0,True,2022-11-30,0
2022-11-30,512100.SH,0.9540348,0.9572946,0.948964,0.9529482,1594745806.1844285,1521102129.0,True,2022-11-30,0
2022-12-01,510300.SH,4.633515999999999,4.668442,4.604411,4.6055752,545793319.87631,2528610659.0,True,2022-12-01,0
2022-12-01,510500.SH,2.003664,2.0062328000000003,1.9863246,1.987609,680915029.5857989,1359689566.0,True,2022-12-01,0
2022-12-01,512100.SH,0.9649008,0.970696,0.9601922,0.9627276,1472034182.771949,1421647044.0,True,2022-12-01,0
2022-12-02,510300.SH,4.604411,4.614888799999999,4.576470199999999,4.5787986,885089356.6397526,4066062110.0,True,2022-12-02,0
2022-12-02,510500.SH,1.9888934,1.9994897,1.9815081,1.9827925,638557645.5932732,1269756824.0,True,2022-12-02,0
2022-12-02,512100.SH,0.958019,0.9739558,0.958019,0.9656252,1407211344.5610158,1362192538.0,True,2022-12-02,0
2022-12-05,510300.SH,4.6265308,4.664949399999999,4.6067394,4.661456799999999,752600132.2796772,3492977853.0,True,2022-12-05,0
2022-12-05,510500.SH,1.9959576,2.0014163,1.9863246,1.9965998,1212944708.8134537,2420516580.0,True,2022-12-05,0
2022-12-05,512100.SH,0.970696,0.9735936000000002,0.9649008,0.9703338,1464256968.5256765,1418833450.0,True,2022-12-05,0
2022-12-06,510300.SH,4.6474864,4.71501,4.6428296,4.6882334,657796993.6437039,3081714196.0,True,2022-12-06,0
2022-12-06,510500.SH,1.9953154,2.0113704,1.9869668,1.9956365,638493836.8109623,1276605927.0,True,2022-12-06,0
2022-12-06,512100.SH,0.9674362,0.9754046,0.9630898,0.9692472,1734503059.0833793,1680162772.0,True,2022-12-06,0
2022-12-07,510300.SH,4.680083999999999,4.7336372,4.6568,4.674262999999999,585874465.7275382,2745026152.0,True,2022-12-07,0
2022-12-07,510500.SH,1.9930677,2.0084805,1.9872879,1.9930677,783201236.3749611,1563067206.0,True,2022-12-07,0
2022-12-07,512100.SH,0.9685228,0.9746802,0.963452,0.9685228,1481054464.384318,1436092494.0,True,2022-12-07,0
2022-12-08,510300.SH,4.674262999999999,4.6952186000000005,4.6602926,4.684740799999999,437561838.1721354,2047176131.0,True,2022-12-08,0
2022-12-08,510500.SH,1.9930677,1.9956365,1.9821503,1.9898567,560200186.8576767,1114027324.0,True,2022-12-08,0
2022-12-08,512100.SH,0.9685228,0.9692472,0.9609166,0.9641764,1751906775.262286,1690488400.0,True,2022-12-08,0
2022-12-09,510300.SH,4.683576599999999,4.7371298,4.666113599999999,4.724323599999999,556137421.4052569,2613255569.0,True,2022-12-09,0
2022-12-09,510500.SH,1.987609,2.0004530000000003,1.9786182,1.9927466,611138984.7399564,1216913105.0,True,2022-12-09,0
2022-12-09,512100.SH,0.9630898,0.968885,0.958019,0.9667118,1647117084.4837103,1589009103.0,True,2022-12-09,0
2022-12-12,510300.SH,4.709188999999999,4.709188999999999,4.670770399999999,4.6754272,401011444.7689401,1880206885.0,True,2022-12-12,0
2022-12-12,510500.SH,1.9892145,1.9921044,1.9763705,1.9853613,607763120.5232015,1205936217.0,True,2022-12-12,0
2022-12-12,512100.SH,0.967074,0.9685228,0.9576568,0.9630898,1283581675.8696852,1236504234.0,True,2022-12-12,0
2022-12-13,510300.SH,4.677755599999999,4.6893976,4.6568,4.662621,312381320.2198935,1459236500.0,True,2022-12-13,0
2022-12-13,510500.SH,1.9847191,1.9856824,1.9702696,1.9744439,640797424.4783556,1265907003.0,True,2022-12-13,0
2022-12-13,512100.SH,0.961641,0.9641764,0.9536726,0.9558458,1044676272.777471,999837958.0,True,2022-12-13,0
2022-12-14,510300.SH,4.668442,4.6952186000000005,4.650979,4.674262999999999,534192881.80724967,2495651006.0,True,2022-12-14,0
2022-12-14,510500.SH,1.9744439,1.9805448,1.9603155,1.9660953,613983441.2955465,1210000166.0,True,2022-12-14,0
2022-12-14,512100.SH,0.9522238,0.9601922,0.9478774,0.9504128,1345093517.3937051,1282499745.0,True,2022-12-14,0
2022-12-15,510300.SH,4.6754272,4.685905,4.6428296,4.671934599999999,455893573.2691978,2126027806.0,True,2022-12-15,0
2022-12-15,510500.SH,1.9644898,1.9702696,1.9580678,1.9657742,533318984.7399564,1047808162.0,True,2022-12-15,0
2022-12-15,512100.SH,0.9482396,0.956208,0.9475152,0.9536726,1256312247.3771396,1196575429.0,True,2022-12-15,0
2022-12-16,510300.SH,4.6696062,4.687069199999999,4.6474864,4.6765914,780251410.4105824,3639862008.0,True,2022-12-16,0
2022-12-16,510500.SH,1.9615999,1.9622421,1.9477926,1.9583889,828989856.742448,1620817138.0,True,2022-12-16,0
2022-12-16,512100.SH,0.9496884,0.952586,0.9406334,0.945342,1663906236.8856983,1571781205.0,True,2022-12-16,0
2022-12-19,510300.SH,4.6824124,4.6952186000000005,4.5892764,4.6090678,640093189.3145509,2965759177.0,True,2022-12-19,0
2022-12-19,510500.SH,1.9567834,1.9606366,1.9079762,1.916967,1938308816.5680475,3738023458.0,True,2022-12-19,0
2022-12-19,512100.SH,0.9460664,0.9478774,0.9228856,0.9265076,1782230778.5753727,1661540355.0,True,2022-12-19,0
2022-12-20,510300.SH,4.592769,4.596261599999999,4.5089466,4.5357232,700537275.3822368,3188456650.0,True,2022-12-20,0
2022-12-20,510500.SH,1.9102239,1.9127927,1.8899946,1.8964166,1333299585.7988167,2533727887.0,True,2022-12-20,0
2022-12-20,512100.SH,0.9254210000000002,0.9257832,0.914555,0.9167282,1830502084.4837103,1685280271.0,True,2022-12-20,0
2022-12-21,510300.SH,4.5415442,4.5531862,4.5194244,4.532230599999999,449283456.4507817,2038360701.0,True,2022-12-21,0
2022-12-21,510500.SH,1.897701,1.900912,1.8742607,1.8867836,706928340.0809717,1334004322.0,True,2022-12-21,0
2022-12-21,512100.SH,0.918177,0.9196258000000002,0.9040512,0.9116574,1809607534.51132,1649025060.0,True,2022-12-21,0
2022-12-22,510300.SH,4.5590072,4.5916048,4.518260199999999,4.5415442,590809978.5260265,2690306339.0,True,2022-12-22,0
2022-12-22,510500.SH,1.8922423,1.8951322,1.8549947,1.8665543,706882824.6652133,1327241257.0,True,2022-12-22,0
2022-12-22,512100.SH,0.9138306,0.914555,0.8924608,0.8975316000000001,1435341281.0601876,1297519115.0,True,2022-12-22,0
2022-12-23,510300.SH,4.5217528,4.5543504,4.507782399999999,4.5299022,931790952.5854664,4222061974.000001,True,2022-12-23,0
2022-12-23,510500.SH,1.8569213,1.8729763,1.8492149,1.8594901,1314257558.3930235,2447115370.0,True,2022-12-23,0
2022-12-23,512100.SH,0.8931852000000001,0.8986182,0.8852168,0.891012,1926207230.811706,1720585449.0,True,2022-12-23,0
2022-12-26,510300.SH,4.528738,4.563663999999999,4.526409599999999,4.54038,559348637.6911184,2542745278.0,True,2022-12-26,0
2022-12-26,510500.SH,1.8607745,1.8874258,1.8594901,1.881646,1193075714.7306137,2241569499.0,True,2022-12-26,0
2022-12-26,512100.SH,0.8917364000000001,0.9094842,0.8917364000000001,0.9069488,1801094991.7172832,1627858965.0,True,2022-12-26,0
2022-12-27,510300.SH,4.586948,4.602082599999999,4.562499799999999,4.595097399999999,499956018.72530496,2292894562.0,True,2022-12-27,0
2022-12-27,510500.SH,1.8893524,1.8960955,1.8771506,1.89449,1073833120.5232017,2028977358.0,True,2022-12-27,0
2022-12-27,512100.SH,0.9112952,0.9149172,0.9040512,0.9141928,1204703387.6311429,1096365760.0,True,2022-12-27,0
2022-12-28,510300.SH,4.5857838,4.592769,4.5601714,4.5799628,557695398.556949,2553573421.0,True,2022-12-28,0
2022-12-28,510500.SH,1.8899946,1.8960955,1.8832515,1.8893524,710902805.9794457,1342473583.0,True,2022-12-28,0
2022-12-28,512100.SH,0.9123818,0.9123818,0.9055,0.9080354,1630497482.0541136,1480593905.0,True,2022-12-28,0
2022-12-29,510300.SH,4.562499799999999,4.5787986,4.5357232,4.5659924,619542177.4609175,2825957366.0,True,2022-12-29,0
2022-12-29,510500.SH,1.8845359,1.9015542,1.8790772,1.8883891,858166293.9894114,1621737311.0,True,2022-12-29,0
2022-12-29,512100.SH,0.9011536,0.914555,0.9011536,0.9062244,1583641261.7338486,1440040732.0,True,2022-12-29,0
2022-12-30,510300.SH,4.583455399999999,4.5997542,4.5799628,4.5846196,541340470.7095001,2485143924.0,True,2022-12-30,0
2022-12-30,510500.SH,1.8938478,1.8954533,1.8826093,1.8903157,486636804.7337278,919150284.0,True,2022-12-30,0
2022-12-30,512100.SH,0.9102086,0.9112952,0.9051378,0.9080354,1686224436.775262,1531111990.0,True,2022-12-30,0
2023-01-03,510300.SH,4.583455399999999,4.6113962,4.528738,4.597425799999999,563744014.7740939,2576087718.0,True,2023-01-03,0
2023-01-03,510500.SH,1.8854992,1.923389,1.878435,1.916967,762069411.3983183,1452603823.0,True,2023-01-03,0
2023-01-03,512100.SH,0.907311,0.9312162000000002,0.9058622,0.9286808,2300196697.9569297,2122389738.0,True,2023-01-03,0
2023-01-04,510300.SH,4.596261599999999,4.616052999999999,4.576470199999999,4.6032468,842466690.4311975,3874438389.0,True,2023-01-04,0
2023-01-04,510500.SH,1.9192147,1.9217835,1.9054074,1.9163248,820224736.8421053,1570656301.0,True,2023-01-04,0
2023-01-04,512100.SH,0.9286808,0.9315784,0.9225234,0.9286808,1691515433.4621756,1569804761.0,True,2023-01-04,0
2023-01-05,510300.SH,4.627695,4.697547,4.6242024,4.690561799999999,665265669.9879746,3108571448.0,True,2023-01-05,0
2023-01-05,510500.SH,1.9217835,1.9400862,1.9163248,1.9352697,721815649.3304266,1394561318.0,True,2023-01-05,0
2023-01-05,512100.SH,0.9304918,0.9388224,0.927232,0.9384602,1479183186.0850358,1383678642.0,True,2023-01-05,0
2023-01-06,510300.SH,4.691726,4.7289804,4.687069199999999,4.709188999999999,464766212.8500258,2187353311.0,True,2023-01-06,0
2023-01-06,510500.SH,1.9352697,1.9493981,1.9314165,1.939444,620593431.9526627,1203393451.0,True,2023-01-06,0
2023-01-06,512100.SH,0.938098,0.9457042,0.9366492,0.939909,1301602589.7294312,1225331486.0,True,2023-01-06,0
2023-01-09,510300.SH,4.732473,4.7569212,4.717338399999999,4.738294,670812524.4803299,3178181433.0,True,2023-01-09,0
2023-01-09,510500.SH,1.9420128,1.9558201,1.9420128,1.9432972,653071990.0342573,1271404621.0,True,2023-01-09,0
2023-01-09,512100.SH,0.94172,0.9504128,0.9409956,0.9442554,1428356703.4787412,1351434340.0,True,2023-01-09,0
2023-01-10,510300.SH,4.735965599999999,4.763906399999999,4.7289804,4.745279199999999,639290692.3209071,3033001135.0,True,2023-01-10,0
2023-01-10,510500.SH,1.9429761,1.9500403,1.936233,1.9481137,471834923.699782,917369192.0,True,2023-01-10,0
2023-01-10,512100.SH,0.9431688,0.947153,0.9395468,0.9457042,1306245717.83545,1234038146.0,True,2023-01-10,0
2023-01-11,510300.SH,4.7464434,4.779041,4.7371298,4.745279199999999,490904860.84865147,2334923330.0,True,2023-01-11,0
2023-01-11,510500.SH,1.9481137,1.9551779,1.9346275,1.9391229,722194004.9828715,1403722847.0,True,2023-01-11,0
2023-01-11,512100.SH,0.9449798,0.9496884,0.9370114000000002,0.9388224,1744663393.152954,1646976258.0,True,2023-01-11,0
2023-01-12,510300.SH,4.7534286,4.767398999999999,4.735965599999999,4.7522644,279666043.63511425,1328948654.0,True,2023-01-12,0
2023-01-12,510500.SH,1.9410495,1.9500403,1.9323798,1.9371963,529803403.9240112,1028140511.0,True,2023-01-12,0
2023-01-12,512100.SH,0.938098,0.9460664,0.936287,0.9388224,1491354428.4925454,1402660595.0,True,2023-01-12,0
2023-01-13,510300.SH,4.7604138,4.8291016,4.7604138,4.824444799999999,563398897.9556777,2702284069.0,True,2023-01-13,0
2023-01-13,510500.SH,1.9400862,1.9542146,1.9371963,1.9535724,670991037.060106,1304987383.0,True,2023-01-13,0
2023-01-13,512100.SH,0.9391846,0.945342,0.9370114000000002,0.9446176,1380822979.0171175,1297596428.0,True,2023-01-13,0
2023-01-16,510300.SH,4.8305125,4.94758,4.828147500000001,4.8990975,1451480699.3657503,7109168359.0,True,2023-01-16,0
2023-01-16,510500.SH,1.9558201,1.9901778,1.9558201,1.9725173,1217655175.9576457,2409153605.0,True,2023-01-16,0
2023-01-16,512100.SH,0.945342,0.9605544,0.945342,0.9547592,3270589146.8801765,3125566776.0,True,2023-01-16,0
2023-01-17,510300.SH,4.8990975,4.90974,4.874265,4.8943675,508679177.167019,2488168863.0,True,2023-01-17,0
2023-01-17,510500.SH,1.977976,1.9799026,1.9705907,1.9750861,939713880.4110868,1856161851.0,True,2023-01-17,0
2023-01-17,512100.SH,0.9547592,0.9594678,0.9522238,0.9536726,1819621187.189398,1738202875.0,True,2023-01-17,0
2023-01-18,510300.SH,4.902645000000001,4.90974,4.878995000000001,4.883725,376904911.6279069,1843406132.0,True,2023-01-18,0
2023-01-18,510500.SH,1.9754072,1.9895356,1.9754072,1.9827925,1124994188.7262535,2233379007.0,True,2023-01-18,0
2023-01-18,512100.SH,0.9558458,0.961641,0.954397,0.9565702,1583463556.0463831,1517258113.0,True,2023-01-18,0
2023-01-19,510300.SH,4.873082500000001,4.919200000000001,4.8517975,4.916835000000001,513684908.2452431,2513066753.0,True,2023-01-19,0
2023-01-19,510500.SH,1.9802237,2.0027007,1.9750861,2.0010952,939342559.9501714,1871362978.0,True,2023-01-19,0
2023-01-19,512100.SH,0.9558458,0.9681606,0.9529482,0.9677984,1980493627.829928,1906635930.0,True,2023-01-19,0
2023-01-20,510300.SH,4.934572500000001,4.959405,4.925112500000001,4.9440325000000005,482099108.668076,2382114372.0,True,2023-01-20,0
2023-01-20,510500.SH,2.0043062,2.016508,2.0039851,2.0155447,865347190.9062598,1740641348.0,True,2023-01-20,0
2023-01-20,512100.SH,0.9681606,0.97794,0.9681606,0.9768534,3260311292.10381,3175403942.0,True,2023-01-20,0
2023-01-30,510300.SH,5.03745,5.045727500000001,4.964135000000001,4.972412500000001,677671949.2600422,3386449597.0,True,2023-01-30,0
2023-01-30,510500.SH,2.038985,2.0492602,2.0203612,2.0222878,1259566331.360947,2562862589.0,True,2023-01-30,0
2023-01-30,512100.SH,0.9873572,0.9920658,0.9801132,0.9808376,2355720436.223081,2323781579.0,True,2023-01-30,0
2023-01-31,510300.SH,4.975960000000001,4.9866025,4.90974,4.9180175,963401463.84778,4761842944.0,True,2023-01-31,0
2023-01-31,510500.SH,2.0216456000000003,2.0328841,2.0168291,2.0238933,821121675.4905015,1664269034.0,True,2023-01-31,0
2023-01-31,512100.SH,0.9808376,0.9877194,0.97794,0.9840974,2021763619.547212,1990026332.0,True,2023-01-31,0
2023-02-01,510300.SH,4.92393,4.957040000000001,4.887272500000001,4.954675000000001,605202504.8625792,2981748341.0,True,2023-02-01,0
2023-02-01,510500.SH,2.0287098,2.0499024,2.0251777,2.0470125,1263328794.767985,2579662458.0,True,2023-02-01,0
2023-02-01,512100.SH,0.9851840000000002,1.0003964,0.9848218,1.0000342000000002,1976834450.57979,1964224292.0,True,2023-02-01,0
2023-02-02,510300.SH,4.968865,4.972412500000001,4.922747500000001,4.94285,847232839.7463001,4188623374.0,True,2023-02-02,0
2023-02-02,510500.SH,2.0521501,2.0611409,2.0418749,2.0502235,1053543052.00872,2161519790.0,True,2023-02-02,0
2023-02-02,512100.SH,1.0011208,1.0098136,0.9989476,1.001483,2185579086.140254,2195553921.0,True,2023-02-02,0
2023-02-03,510300.SH,4.912105,4.9156525,4.849432500000001,4.8920025,811883386.0465114,3961301299.0,True,2023-02-03,0
2023-02-03,510500.SH,2.045407,2.0466914,2.0184346,2.0412327,804433911.554033,1635338319.0,True,2023-02-03,0
2023-02-03,512100.SH,0.9989476,1.0029318,0.9866328,1.0003964,2002191535.063501,1993929821.0,True,2023-02-03,0
2023-02-06,510300.SH,4.8517975,4.8529800000000005,4.798585,4.8246,618570573.3615222,2982940562.0,True,2023-02-06,0
2023-02-06,510500.SH,2.0344896,2.0370584000000003,2.0174713,2.0319208,948824970.4142011,1923549544.0,True,2023-02-06,0
2023-02-06,512100.SH,0.99605,1.001483,0.9902548,0.9982232,1801167294.3125343,1792418809.0,True,2023-02-06,0
2023-02-07,510300.SH,4.831695000000001,4.849432500000001,4.812775000000001,4.836425,468488882.8752642,2263547380.0,True,2023-02-07,0
2023-02-07,510500.SH,2.0328841,2.035774,2.0177924,2.0328841,1752581815.633759,3551023755.0,True,2023-02-07,0
2023-02-07,512100.SH,1.0000342000000002,1.001483,0.9913414000000002,1.0011208,2800219525.1242404,2789940396.0,True,2023-02-07,0
2023-02-08,510300.SH,4.83879,4.8588925000000005,4.806862500000001,4.816322500000001,391434504.0169133,1889787994.0,True,2023-02-08,0
2023-02-08,510500.SH,2.0344896,2.0360951,2.0149025000000003,2.0181135,1454805163.500467,2946457122.0,True,2023-02-08,0
2023-02-08,512100.SH,1.0018452,1.0025696,0.9927902,0.994239,1853695786.8580887,1848719436.0,True,2023-02-08,0
2023-02-09,510300.SH,4.8092275,4.884907500000001,4.8044975,4.8801775,503922690.9090909,2450554135.0,True,2023-02-09,0
2023-02-09,510500.SH,2.016508,2.0492602,2.0126548,2.0473336,996085926.5026472,2030121218.0,True,2023-02-09,0
2023-02-09,512100.SH,0.9913414000000002,1.0152466,0.9895304,1.01416,2811173948.0949745,2831834351.0,True,2023-02-09,0
2023-02-10,510300.SH,4.881360000000001,4.881360000000001,4.831695000000001,4.8517975,440188106.5539112,2135893097.0,True,2023-02-10,0
2023-02-10,510500.SH,2.048618,2.0492602,2.0251777,2.0409116,1467939196.51199,2986761533.0,True,2023-02-10,0
2023-02-10,512100.SH,1.0130734,1.0148844,1.0003964,1.0090892,2148199950.3036995,2163615464.0,True,2023-02-10,0
2023-02-13,510300.SH,4.836425,4.896732500000001,4.828147500000001,4.8896375,700219989.0063424,3415190764.0,True,2023-02-13,0
2023-02-13,510500.SH,2.0351318,2.0556822,2.0351318,2.0531134,1586541033.9458113,3253878462.0,True,2023-02-13,0
2023-02-13,512100.SH,1.0047428,1.0192308,1.0047428,1.0185064,2052543594.699061,2084127746.0,True,2023-02-13,0
2023-02-14,510300.SH,4.896732500000001,4.903827500000001,4.8707175000000005,4.90028,281295869.7674418,1374345788.0,True,2023-02-14,0
2023-02-14,510500.SH,2.0563244,2.0627464,2.0489391,2.0585721,723697978.8227967,1487854766.0,True,2023-02-14,0
2023-02-14,512100.SH,1.0192308,1.0217662,1.0152466,1.0206796,1506491339.0392048,1533864459.0,True,2023-02-14,0
2023-02-15,510300.SH,4.896732500000001,4.912105,4.85771,4.86717,545883093.4460888,2658512888.0,True,2023-02-15,0
2023-02-15,510500.SH,2.058251,2.0643519,2.0476547,2.0547189,841656247.2749922,1728355320.0,True,2023-02-15,0
2023-02-15,512100.SH,1.0210418,1.0228528,1.0166954,1.0203174000000002,1313443075.6488128,1339282756.0,True,2023-02-15,0
2023-02-16,510300.SH,4.871900000000001,4.928660000000001,4.803315,4.8328775,670198774.6300211,3275079466.0,True,2023-02-16,0
2023-02-16,510500.SH,2.0563244,2.0704528,2.0123337,2.0274254,965331949.5484272,1973891842.0,True,2023-02-16,0
2023-02-16,512100.SH,1.0206796,1.026837,0.9938768,1.0022074,2378038525.676421,2409548789.0,True,2023-02-16,0
2023-02-17,510300.SH,4.8305125,4.849432500000001,4.759562500000001,4.764292500000001,628663781.8181818,3025278809.0,True,2023-02-17,0
2023-02-17,510500.SH,2.026141,2.032563,2.0052695,2.010086,800793727.810651,1617674608.0,True,2023-02-17,0
2023-02-17,512100.SH,1.0018452,1.005105,0.9909792000000002,0.9931524,2189135176.6979566,2183183104.0,True,2023-02-17,0
2023-02-20,510300.SH,4.770205,4.8920025,4.76311,4.888455,887547979.7040168,4282521265.0,True,2023-02-20,0
2023-02-20,510500.SH,2.0171502,2.0434804,2.0020585,2.0415538,1532910052.9430084,3101744006.0,True,2023-02-20,0
2023-02-20,512100.SH,0.992428,1.0058294,0.9855462,1.0047428,2425532802.3191605,2413105515.0,True,2023-02-20,0
2023-02-21,510300.SH,4.888455,4.907375000000001,4.8648050000000005,4.8943675,474336147.14587736,2318009475.0,True,2023-02-21,0
2023-02-21,510500.SH,2.0470125,2.0592143000000003,2.0396272,2.0534345,580114961.0713173,1189503911.0,True,2023-02-21,0
2023-02-21,512100.SH,1.005105,1.0137978,1.001483,1.0094514,1510263365.5438983,1521501304.0,True,2023-02-21,0
2023-02-22,510300.SH,4.875447500000001,4.888455,4.83879,4.8470675000000005,383040540.3805496,1861371777.0,True,2023-02-22,0
2023-02-22,510500.SH,2.0495813,2.0592143000000003,2.0438015,2.0515079000000003,932257717.2220492,1911666367.0,True,2023-02-22,0
2023-02-22,512100.SH,1.0076404,1.0145222,1.0029318,1.012349,1295484185.5328548,1308269282.0,True,2023-02-22,0
2023-02-23,510300.SH,4.8517975,4.8778125,4.825782500000001,4.8470675000000005,393707850.3171247,1908740957.0,True,2023-02-23,0
2023-02-23,510500.SH,2.051829,2.0576088,2.0351318,2.0479758,1104530317.6580503,2261675776.0,True,2023-02-23,0
2023-02-23,512100.SH,1.0119868,1.0137978,1.0000342000000002,1.0076404,1277278150.1932633,1286200984.0,True,2023-02-23,0
2023-02-24,510300.SH,4.845885,4.845885,4.7773,4.80095,683954464.2706131,3282777177.0,True,2023-02-24,0
2023-02-24,510500.SH,2.0447648000000003,2.0527923,2.0287098,2.0434804,612937900.9654313,1250543753.0,True,2023-02-24,0
2023-02-24,512100.SH,1.006916,1.0105380000000002,0.9967744,1.0040184,1468269536.167863,1471456442.0,True,2023-02-24,0
2023-02-27,510300.SH,4.7773,4.8044975,4.76311,4.7832125,386433406.34249467,1848791379.0,True,2023-02-27,0
2023-02-27,510500.SH,2.0360951,2.0425171,2.0222878,2.0328841,844249741.5135472,1716511047.0,True,2023-02-27,0
2023-02-27,512100.SH,0.999672,1.0040184,0.992428,0.9974988,1732022454.445058,1729818920.0,True,2023-02-27,0
2023-02-28,510300.SH,4.7974025000000005,4.81987,4.75365,4.8139575,409763578.0126849,1963458643.0,True,2023-02-28,0
2023-02-28,510500.SH,2.0335263,2.0479758,2.0242144,2.0460492,526204820.9280598,1073198959.0,True,2023-02-28,0
2023-02-28,512100.SH,0.9974988,1.0065538,0.9920658,1.0054672,1299746996.134732,1300324063.0,True,2023-02-28,0
2023-03-01,510300.SH,4.8092275,4.890820000000001,4.80095,4.871900000000001,998292559.8308668,4856375177.0,True,2023-03-01,0
2023-03-01,510500.SH,2.045407,2.0653152,2.0409116,2.0585721,573236792.2765493,1178803881.0,True,2023-03-01,0
2023-03-01,512100.SH,1.0054672,1.0137978,1.0011208,1.0127112,1143165712.3136387,1151899726.0,True,2023-03-01,0
2023-03-02,510300.SH,4.860075000000001,4.888455,4.8565275,4.865987500000001,371359712.47357285,1808866225.0,True,2023-03-02,0
2023-03-02,510500.SH,2.061462,2.0649941,2.0508657,2.0563244,671634933.0426658,1380731369.0,True,2023-03-02,0
2023-03-02,512100.SH,1.012349,1.0156088,1.0054672,1.0080026,1215445151.8498063,1226444166.0,True,2023-03-02,0
2023-03-03,510300.SH,4.878995000000001,4.890820000000001,4.8411550000000005,4.8766300000000005,355328310.359408,1730990673.0,True,2023-03-03,0
2023-03-03,510500.SH,2.0576088,2.0608198,2.0412327,2.0553611,939869666.7704763,1929511268.0,True,2023-03-03,0
2023-03-03,512100.SH,1.0080026,1.012349,0.9993098,1.0065538,1460995259.525124,1468998415.0,True,2023-03-03,0
2023-03-06,510300.SH,4.8778125,4.8801775,4.8246,4.8470675000000005,785879452.0084566,3808515076.0,True,2023-03-06,0
2023-03-06,510500.SH,2.0569666,2.0617831,2.0460492,2.0560033,825772497.6642791,1696050548.0,True,2023-03-06,0
2023-03-06,512100.SH,1.0054672,1.0127112,1.0007586,1.0098136,1337621838.7631142,1346490903.0,True,2023-03-06,0
2023-03-07,510300.SH,4.8423375,4.869535000000001,4.7761175,4.7796650000000005,570528049.0486257,2756431261.0,True,2023-03-07,0
2023-03-07,510500.SH,2.05504,2.0572877,2.0232511,2.0238933,806609725.9420742,1648696999.0,True,2023-03-07,0
2023-03-07,512100.SH,1.0112624,1.0112624,0.9902548,0.9917036,1409640811.7062397,1408574788.0,True,2023-03-07,0
2023-03-08,510300.SH,4.765475,4.7713875,4.741825,4.760745,364748720.5073996,1735039806.0,True,2023-03-08,0
2023-03-08,510500.SH,2.0181135,2.0312786,2.0168291,2.0271043,816581086.8888197,1653974283.0,True,2023-03-08,0
2023-03-08,512100.SH,0.9855462,0.9971366000000002,0.9855462,0.9946012,1234136706.239647,1225599291.0,True,2023-03-08,0
2023-03-09,510300.SH,4.7678400000000005,4.77257,4.720540000000001,4.74892,344978005.07399577,1639051249.0,True,2023-03-09,0
2023-03-09,510500.SH,2.0287098,2.0299942,2.0139392000000003,2.0248566,786642855.8081595,1591803989.0,True,2023-03-09,0
2023-03-09,512100.SH,0.9946012,0.997861,0.9891682,0.9971366000000002,1351640762.0099392,1344341054.0,True,2023-03-09,0
2023-03-10,510300.SH,4.7181750000000005,4.73473,4.681517500000001,4.6838825,421237145.8773784,1982846713.0,True,2023-03-10,0
2023-03-10,510500.SH,2.013297,2.0177924,1.9943521,1.9991686,530460738.0878231,1063695486.0,True,2023-03-10,0
2023-03-10,512100.SH,0.9917036,0.9935146,0.9819242,0.9826486,1562189729.4312534,1542374944.0,True,2023-03-10,0
2023-03-13,510300.SH,4.6838825,4.73946,4.6838825,4.7359125,395309026.63847774,1865984620.0,True,2023-03-13,0
2023-03-13,510500.SH,1.997242,2.0120126,1.9898567,2.0104071,563218308.9380256,1127004656.0,True,2023-03-13,0
2023-03-13,512100.SH,0.9804754,0.9884438,0.9750424,0.9873572,1353922802.3191605,1328817924.0,True,2023-03-13,0
2023-03-14,510300.SH,4.73,4.73,4.664962500000001,4.7063500000000005,392001327.6955602,1842611053.0,True,2023-03-14,0
2023-03-14,510500.SH,2.0043062,2.010086,1.9734806,1.994031,626259554.6558704,1247164271.0,True,2023-03-14,0
2023-03-14,512100.SH,0.9877194,0.9877194,0.9674362,0.9783022,1350478735.5052457,1319708604.0,True,2023-03-14,0
2023-03-15,510300.SH,4.737095000000001,4.74892,4.703985,4.705167500000001,332601315.8562368,1571377024.0,True,2023-03-15,0
2023-03-15,510500.SH,2.0033429,2.0145814,2.0004530000000003,2.0043062,614457035.1915292,1232921797.0,True,2023-03-15,0
2023-03-15,512100.SH,0.9826486,0.9902548,0.9808376,0.9830108,1085064682.495859,1069359430.0,True,2023-03-15,0
2023-03-16,510300.SH,4.6827000000000005,4.705167500000001,4.647225000000001,4.6507725,366294982.6638477,1713141943.0,True,2023-03-16,0
2023-03-16,510500.SH,1.9965998,2.0017374,1.9750861,1.9795815,784835029.5857987,1562174915.0,True,2023-03-16,0
2023-03-16,512100.SH,0.9808376,0.9811998,0.9656252,0.9681606,1264748492.5455549,1231143653.0,True,2023-03-16,0
2023-03-17,510300.SH,4.6827000000000005,4.73473,4.653137500000001,4.675605000000001,950106719.6617336,4453754362.0,True,2023-03-17,0
2023-03-17,510500.SH,1.9914622,2.010086,1.9847191,1.9911411,1313704148.2404234,2626433994.0,True,2023-03-17,0
2023-03-17,512100.SH,0.972507,0.981562,0.9703338,0.9754046,1595958975.7040308,1558065617.0,True,2023-03-17,0
2023-03-20,510300.SH,4.675605000000001,4.70162,4.642495,4.649590000000001,482837003.8054968,2258210593.0,True,2023-03-20,0
2023-03-20,510500.SH,1.994031,1.9985264,1.981187,1.9850402,636895627.5303644,1267461273.0,True,2023-03-20,0
2023-03-20,512100.SH,0.976129,0.979751,0.9677984,0.9714204,1291844262.8382108,1256752454.0,True,2023-03-20,0
2023-03-21,510300.SH,4.6625975,4.705167500000001,4.6602325,4.7004375000000005,470819163.6363636,2206195773.0,True,2023-03-21,0
2023-03-21,510500.SH,1.9904989,2.006875,1.9895356,2.0059117,966220183.743382,1933302437.0,True,2023-03-21,0
2023-03-21,512100.SH,0.9710582,0.9844596,0.9710582,0.9837352,1324320819.9889562,1297662715.0,True,2023-03-21,0
2023-03-22,510300.SH,4.7122625000000005,4.740642500000001,4.705167500000001,4.7217225,491971380.1268498,2323803781.0,True,2023-03-22,0
2023-03-22,510500.SH,2.0084805,2.0181135,2.0084805,2.0168291,475758464.65275615,958505755.0,True,2023-03-22,0
2023-03-22,512100.SH,0.9851840000000002,0.9891682,0.9837352,0.9877194,1142473462.1755936,1127552653.0,True,2023-03-22,0
2023-03-23,510300.SH,4.7063500000000005,4.7678400000000005,4.703985,4.7666575,451985563.6363636,2143951550.0,True,2023-03-23,0
2023-03-23,510500.SH,2.0149025000000003,2.0283887,2.0126548,2.0280676,548129255.6835877,1107822682.0,True,2023-03-23,0
2023-03-23,512100.SH,0.9877194,0.9920658,0.9851840000000002,0.9913414000000002,1285326990.6129212,1270437669.0,True,2023-03-23,0
2023-03-24,510300.SH,4.7571975,4.770205,4.746555000000001,4.760745,215556240.1691332,1025007603.0,True,2023-03-24,0
2023-03-24,510500.SH,2.0293520000000003,2.0328841,2.0222878,2.0306364,453578994.08284026,920210934.0,True,2023-03-24,0
2023-03-24,512100.SH,0.9917036,0.9938768,0.9884438,0.9920658,1031511316.9519602,1022714363.0,True,2023-03-24,0
2023-03-27,510300.SH,4.759562500000001,4.759562500000001,4.711080000000001,4.7359125,415437356.4482029,1966086521.0,True,2023-03-27,0
2023-03-27,510500.SH,2.0303153000000003,2.0328841,2.016508,2.0296731,597025042.0429772,1210959629.0,True,2023-03-27,0
2023-03-27,512100.SH,0.9920658,0.9967744,0.9866328,0.9935146,1046478177.802319,1039194041.0,True,2023-03-27,0
2023-03-28,510300.SH,4.737095000000001,4.751285,4.7181750000000005,4.726452500000001,428926955.602537,2029086627.0,True,2023-03-28,0
2023-03-28,510500.SH,2.0296731,2.035774,2.0200401,2.0245355,741995773.9022113,1504138899.0,True,2023-03-28,0
2023-03-28,512100.SH,0.9974988,0.9974988,0.9855462,0.9880816,1163038856.985091,1151276286.0,True,2023-03-28,0
2023-03-29,510300.SH,4.751285,4.752467500000001,4.719357500000001,4.726452500000001,521214636.7864693,2467227537.0,True,2023-03-29,0
2023-03-29,510500.SH,2.0277465,2.0290309,2.0113704,2.0161869,686343095.6088446,1385221847.0,True,2023-03-29,0
2023-03-29,512100.SH,0.990617,0.9949634,0.981562,0.9844596,1331872054.1137493,1312196676.0,True,2023-03-29,0
2023-03-30,510300.SH,4.727635,4.778482500000001,4.7075325,4.7773,471210974.2071881,2238129589.0,True,2023-03-30,0
2023-03-30,510500.SH,2.0161869,2.0277465,2.003664,2.0267832,1307386415.446901,2634433755.0,True,2023-03-30,0
2023-03-30,512100.SH,0.9826486,0.9855462,0.9772156,0.9851840000000002,1320011924.3511872,1295710694.0,True,2023-03-30,0
2023-03-31,510300.SH,4.7832125,4.8044975,4.7761175,4.789125,567579263.4249471,2718176592.0,True,2023-03-31,0
2023-03-31,510500.SH,2.0267832,2.0434804,2.0245355,2.0418749,1088555107.443164,2214202524.0,True,2023-03-31,0
2023-03-31,512100.SH,0.9844596,0.9938768,0.9844596,0.9931524,1098779025.4003313,1088187069.0,True,2023-03-31,0
2023-04-03,510300.SH,4.789125,4.837607500000001,4.7832125,4.8246,466249216.0676533,2243377317.0,True,2023-04-03,0
2023-04-03,510500.SH,2.045407,2.0678840000000003,2.0441226,2.0624253,873244462.7841794,1798020591.0,True,2023-04-03,0
2023-04-03,512100.SH,0.994239,1.0072782,0.994239,1.0065538,1534628903.9204855,1536800983.0,True,2023-04-03,0
2023-04-04,510300.SH,4.8246,4.850615000000001,4.81514,4.84825,406180739.1120507,1960368642.0,True,2023-04-04,0
2023-04-04,510500.SH,2.0643519,2.0653152,2.0537556,2.0637097,504461550.9187169,1039482675.0,True,2023-04-04,0
2023-04-04,512100.SH,1.0083648,1.0083648,0.9993098,1.005105,1180622015.4610713,1184524273.0,True,2023-04-04,0
2023-04-06,510300.SH,4.8305125,4.8399725,4.816322500000001,4.834060000000001,319904305.28541225,1544679079.0,True,2023-04-06,0
2023-04-06,510500.SH,2.0595354,2.0678840000000003,2.0569666,2.0633886,764472164.4347556,1577734331.0,True,2023-04-06,0
2023-04-06,512100.SH,1.0029318,1.0098136,1.0011208,1.0083648,1148287429.5969076,1155886780.0,True,2023-04-06,0
2023-04-07,510300.SH,4.834060000000001,4.8825425,4.831695000000001,4.8683525,278719393.6575053,1355999026.0,True,2023-04-07,0
2023-04-07,510500.SH,2.0633886,2.0829757,2.0621042,2.0791225,516108187.4805357,1071993208.0,True,2023-04-07,0
2023-04-07,512100.SH,1.0083648,1.0188686,1.0072782,1.0170576,816921568.1943676,828967426.0,True,2023-04-07,0
2023-04-10,510300.SH,4.881360000000001,4.8825425,4.845885,4.850615000000001,401151441.0147991,1948356331.0,True,2023-04-10,0
2023-04-10,510500.SH,2.0813702,2.0826546,2.0611409,2.0653152,922459159.1404546,1910698833.0,True,2023-04-10,0
2023-04-10,512100.SH,1.0192308,1.0199552,1.0058294,1.0080026,997989395.3616786,1009642103.0,True,2023-04-10,0
2023-04-11,510300.SH,4.854162500000001,4.86244,4.822235000000001,4.83879,453238889.6405919,2195224021.0,True,2023-04-11,0
2023-04-11,510500.SH,2.064673,2.0701317,2.0572877,2.0649941,1046754985.9856744,2159284187.0,True,2023-04-11,0
2023-04-11,512100.SH,1.0061916,1.0112624,1.0043806000000002,1.0083648,990638622.308117,997824433.0,True,2023-04-11,0
2023-04-12,510300.SH,4.8399725,4.845885,4.8246,4.834060000000001,284003117.97040164,1373120380.0,True,2023-04-12,0
2023-04-12,510500.SH,2.0694895,2.0736638,2.0624253,2.0720583,1114010641.54469,2306354888.0,True,2023-04-12,0
2023-04-12,512100.SH,1.0098136,1.0145222,1.0083648,1.0137978,1064868376.5875206,1077845486.0,True,2023-04-12,0
2023-04-13,510300.SH,4.8234175,4.8305125,4.7974025000000005,4.8044975,340119017.3361522,1635782613.0,True,2023-04-13,0
2023-04-13,510500.SH,2.0704528,2.0746271000000003,2.0604987,2.0630675,866258389.9096855,1791079105.0,True,2023-04-13,0
2023-04-13,512100.SH,1.01416,1.0145222,1.0065538,1.0076404,981213851.4632798,991546301.0,True,2023-04-13,0
2023-04-14,510300.SH,4.8186875,4.8411550000000005,4.8139575,4.82933,385651284.5665962,1860596353.0,True,2023-04-14,0
2023-04-14,510500.SH,2.0649941,2.0759115,2.0598565,2.0678840000000003,788144322.6409218,1630033257.0,True,2023-04-14,0
2023-04-14,512100.SH,1.0087270000000002,1.0148844,1.0054672,1.0137978,1059721311.4301492,1071349443.0,True,2023-04-14,0
2023-04-17,510300.SH,4.825782500000001,4.903827500000001,4.8246,4.9014625,534924312.0507399,2605868198.0,True,2023-04-17,0
2023-04-17,510500.SH,2.0630675,2.0794436,2.0627464,2.0781592,358532771.7222049,743336830.0,True,2023-04-17,0
2023-04-17,512100.SH,1.0137978,1.0156088,1.0109002,1.0145222,811059376.0353396,821851055.0,True,2023-04-17,0
2023-04-18,510300.SH,4.90028,4.922747500000001,4.890820000000001,4.90974,351842955.602537,1726660643.0,True,2023-04-18,0
2023-04-18,510500.SH,2.077517,2.0781592,2.0653152,2.0739849,618171242.6035503,1281483847.0,True,2023-04-18,0
2023-04-18,512100.SH,1.0105380000000002,1.0152466,1.0065538,1.0105380000000002,982404812.2584208,992430009.0,True,2023-04-18,0
2023-04-19,510300.SH,4.912105,4.912105,4.865987500000001,4.8707175000000005,345516299.3657505,1688498846.0,True,2023-04-19,0
2023-04-19,510500.SH,2.0727005,2.0771959,2.0608198,2.0643519,381070295.8579882,788762173.0,True,2023-04-19,0
2023-04-19,512100.SH,1.0098136,1.0130734,1.0047428,1.0061916,932439348.4262836,941371341.0,True,2023-04-19,0
2023-04-20,510300.SH,4.869535000000001,4.874265,4.836425,4.8517975,513580241.86046505,2491260807.0,True,2023-04-20,0
2023-04-20,510500.SH,2.0630675,2.0640308,2.0543978,2.0621042,454568735.59638745,935610341.0,True,2023-04-20,0
2023-04-20,512100.SH,1.0047428,1.006916,1.0003964,1.0061916,1002064930.9773604,1005485288.0,True,2023-04-20,0
2023-04-21,510300.SH,4.8517975,4.855345000000001,4.758380000000001,4.765475,578138373.7843552,2776624903.0,True,2023-04-21,0
2023-04-21,510500.SH,2.0621042,2.0621042,2.006875,2.0129759,818431684.8333852,1664466758.0,True,2023-04-21,0
2023-04-21,512100.SH,1.005105,1.0058294,0.9804754,0.9808376,1193027813.362783,1185618906.0,True,2023-04-21,0
2023-04-24,510300.SH,4.764292500000001,4.7678400000000005,4.6862475,4.705167500000001,502404789.8520084,2372492823.0,True,2023-04-24,0
2023-04-24,510500.SH,2.0142603,2.0168291,1.9930677,1.9994897,613453920.8969169,1230839704.0,True,2023-04-24,0
2023-04-24,512100.SH,0.9808376,0.9830108,0.968885,0.9728692,1431795999.447819,1395158341.0,True,2023-04-24,0
2023-04-25,510300.SH,4.7063500000000005,4.71581,4.64013,4.6827000000000005,817274224.9471459,3820424644.0,True,2023-04-25,0
2023-04-25,510500.SH,1.9978842,2.0039851,1.9468293,1.9693063,795672033.6343818,1569307133.0,True,2023-04-25,0
2023-04-25,512100.SH,0.9714204,0.9739558,0.9428066000000002,0.9554836,2109375190.5024848,2023361560.0,True,2023-04-25,0
2023-04-26,510300.SH,4.680335,4.6945250000000005,4.651955000000001,4.6720575,764029873.9957716,3570141037.0,True,2023-04-26,0
2023-04-26,510500.SH,1.9664164,1.9866457,1.9648109,1.9776549,950940884.45967,1879711020.0,True,2023-04-26,0
2023-04-26,512100.SH,0.954397,0.963452,0.9518616,0.9583812,1541316863.6112645,1476582457.0,True,2023-04-26,0
2023-04-27,510300.SH,4.66851,4.73,4.659050000000001,4.713445000000001,395576888.794926,1857891159.0,True,2023-04-27,0
2023-04-27,510500.SH,1.9770127,1.9956365,1.9731595,1.9860035,658960809.7165992,1307713905.0,True,2023-04-27,0
2023-04-27,512100.SH,0.9554836,0.9659874,0.9551214,0.9605544,2041450800.6626167,1961190295.0,True,2023-04-27,0
2023-04-28,510300.SH,4.726452500000001,4.765475,4.719357500000001,4.759562500000001,382077153.4883721,1813115078.0,True,2023-04-28,0
2023-04-28,510500.SH,1.9898567,2.016508,1.984398,2.0155447,657665530.9872314,1317176778.0,True,2023-04-28,0
2023-04-28,512100.SH,0.9605544,0.9754046,0.95983,0.9750424,1574478528.4373274,1525775596.0,True,2023-04-28,0
2023-05-04,510300.SH,4.7453725,4.7619275000000005,4.72527,4.759562500000001,285717652.4312896,1356998397.0,True,2023-05-04,0
2023-05-04,510500.SH,2.010086,2.0161869,2.006875,2.0158658,507150308.3151666,1020452338.0,True,2023-05-04,0
2023-05-04,512100.SH,0.9717826,0.9754046,0.9677984,0.972507,1225330046.9353948,1190646403.0,True,2023-05-04,0
2023-05-05,510300.SH,4.760745,4.774935000000001,4.7169925,4.740642500000001,285792731.501057,1355979468.0,True,2023-05-05,0
2023-05-05,510500.SH,2.0158658,2.0168291,1.9879301,1.9978842,527645795.7022734,1053303886.0,True,2023-05-05,0
2023-05-05,512100.SH,0.970696,0.9721448,0.9558458,0.9620032,1220190938.7078962,1172516879.0,True,2023-05-05,0
2023-05-08,510300.SH,4.74892,4.805680000000001,4.743007500000001,4.793855000000001,579124867.6532769,2769137971.0,True,2023-05-08,0
2023-05-08,510500.SH,1.9982053,2.0177924,1.9969209,2.0104071,461954945.4998443,927563534.0,True,2023-05-08,0
2023-05-08,512100.SH,0.9601922,0.9717826,0.9601922,0.9677984,1487875378.244064,1438973802.0,True,2023-05-08,0
2023-05-09,510300.SH,4.799767500000001,4.8305125,4.752467500000001,4.752467500000001,479400158.9852008,2299963548.0,True,2023-05-09,0
2023-05-09,510500.SH,2.0107282,2.0200401,1.99082,1.9921044,804074665.2133292,1614043547.0,True,2023-05-09,0
2023-05-09,512100.SH,0.9703338,0.9703338,0.956208,0.956208,1131398230.259525,1090978690.0,True,2023-05-09,0
2023-05-10,510300.SH,4.750102500000001,4.752467500000001,4.7063500000000005,4.71581,775131768.2875264,3663507046.0,True,2023-05-10,0
2023-05-10,510500.SH,1.9914622,2.0014163,1.981187,1.9885723,565965615.0731859,1126003451.0,True,2023-05-10,0
2023-05-10,512100.SH,0.954397,0.9630898,0.9518616,0.958019,1164631998.8956375,1114367750.0,True,2023-05-10,0
2023-05-11,510300.SH,4.727635,4.73946,4.7063500000000005,4.7098975,271978882.8752642,1284651681.0,True,2023-05-11,0
2023-05-11,510500.SH,1.9904989,1.9946732,1.981187,1.9824714,263946256.61787605,524704235.0,True,2023-05-11,0
2023-05-11,512100.SH,0.9587434,0.9627276,0.9565702,0.9572946,1017663680.2871342,976032501.0,True,2023-05-11,0
2023-05-12,510300.SH,4.708715000000001,4.72527,4.647225000000001,4.649590000000001,438709955.179704,2053102560.0,True,2023-05-12,0
2023-05-12,510500.SH,1.9805448,1.9927466,1.9612788,1.9632054,455830439.1155403,899892508.0,True,2023-05-12,0
2023-05-12,512100.SH,0.9551214,0.9605544,0.9449798,0.945342,1091237943.125345,1038512822.0,True,2023-05-12,0
2023-05-15,510300.SH,4.651955000000001,4.72527,4.6389475,4.7240875,685629933.1923889,3203031252.0,True,2023-05-15,0
2023-05-15,510500.SH,1.9615999,1.9879301,1.949077,1.9850402,503631588.29025227,991617637.0,True,2023-05-15,0
2023-05-15,512100.SH,0.945342,0.9533104,0.9359248,0.9518616,1069358807.2887908,1009423077.0,True,2023-05-15,0
2023-05-16,510300.SH,4.722905000000001,4.73,4.685065000000001,4.703985,344034088.794926,1620578488.0,True,2023-05-16,0
2023-05-16,510500.SH,1.9850402,1.9863246,1.9664164,1.9718751,310167038.30582374,612874093.0,True,2023-05-16,0
2023-05-16,512100.SH,0.9522238,0.952586,0.9402712,0.9431688,1069325452.7885146,1010698267.0,True,2023-05-16,0
2023-05-17,510300.SH,4.6957075,4.708715000000001,4.6602325,4.6720575,541717131.501057,2535368771.0,True,2023-05-17,0
2023-05-17,510500.SH,1.9670586,1.9808659,1.9648109,1.9725173,479081666.1476176,944882702.0,True,2023-05-17,0
2023-05-17,512100.SH,0.9431688,0.9496884,0.94172,0.9478774,1233458522.915516,1166934813.0,True,2023-05-17,0
2023-05-18,510300.SH,4.680335,4.703985,4.6484075,4.6708750000000006,592473758.1395348,2770097587.0,True,2023-05-18,0
2023-05-18,510500.SH,1.9760494,1.9840769,1.9660953,1.9757283,540053459.9813142,1067228667.0,True,2023-05-18,0
2023-05-18,512100.SH,0.947153,0.9540348,0.947153,0.9522238,1179848326.89122,1122292506.0,True,2023-05-18,0
2023-05-19,510300.SH,4.659050000000001,4.689795000000001,4.637765000000001,4.66378,288974701.9027484,1347166083.0,True,2023-05-19,0
2023-05-19,510500.SH,1.9731595,1.9882512,1.9635265,1.9773338,538513983.1828091,1064504043.0,True,2023-05-19,0
2023-05-19,512100.SH,0.9514994,0.95983,0.9464286,0.956208,1220749654.886803,1164033499.0,True,2023-05-19,0
2023-05-22,510300.SH,4.6625975,4.7122625000000005,4.647225000000001,4.68743,423150717.1247357,1981482735.0,True,2023-05-22,0
2023-05-22,510500.SH,1.9770127,1.9834347,1.9638476,1.9744439,359278660.8533167,708922176.0,True,2023-05-22,0
2023-05-22,512100.SH,0.9547592,0.958019,0.9482396,0.954397,1093173017.6697955,1042197106.0,True,2023-05-22,0
2023-05-23,510300.SH,4.690977500000001,4.6957075,4.618845,4.620027500000001,517342356.8710359,2405349012.0,True,2023-05-23,0
2023-05-23,510500.SH,1.9744439,1.9760494,1.9526091,1.9535724,432009545.3129866,849720503.0,True,2023-05-23,0
2023-05-23,512100.SH,0.9551214,0.9569324,0.9446176,0.945342,998367263.9425732,950211051.0,True,2023-05-23,0
2023-05-24,510300.SH,4.614115000000001,4.6152975000000005,4.55499,4.557355,648860563.2135305,2973586313.0,True,2023-05-24,0
2023-05-24,510500.SH,1.952288,1.9583889,1.9365541,1.9388018,766546097.7888508,1493635574.0,True,2023-05-24,0
2023-05-24,512100.SH,0.945342,0.9518616,0.9391846,0.9431688,1114539861.954721,1052981899.0,True,2023-05-24,0
2023-05-25,510300.SH,4.550260000000001,4.562085000000001,4.50769,4.546712500000001,415946507.39957714,1888723116.0,True,2023-05-25,0
2023-05-25,510500.SH,1.939444,1.9487559,1.9134349,1.933022,608804107.7545936,1175020417.0,True,2023-05-25,0
2023-05-25,512100.SH,0.9420822,0.9493262,0.9304918,0.9413578,1295651292.10381,1216688782.0,True,2023-05-25,0
2023-05-26,510300.SH,4.544347500000001,4.5656325,4.508872500000001,4.552625000000001,377339247.3572938,1713952910.0,True,2023-05-26,0
2023-05-26,510500.SH,1.9336642,1.9548568,1.9221046,1.9500403,545104275.9265027,1056899255.0,True,2023-05-26,0
2023-05-26,512100.SH,0.9384602,0.9518616,0.9341138,0.9496884,1312252106.5709553,1236986000.0,True,2023-05-26,0
2023-05-29,510300.SH,4.562085000000001,4.576275000000001,4.5159675,4.533705,340814840.5919661,1546653526.0,True,2023-05-29,0
2023-05-29,510500.SH,1.955499,1.9606366,1.9404073,1.9477926,597304926.8140767,1163727672.0,True,2023-05-29,0
2023-05-29,512100.SH,0.9522238,0.9551214,0.9431688,0.9478774,1014936090.5577028,963266431.0,True,2023-05-29,0
2023-05-30,510300.SH,4.5242450000000005,4.5490775,4.481675,4.538435000000001,483803758.1395348,2186287405.0,True,2023-05-30,0
2023-05-30,510500.SH,1.9468293,1.9609577,1.9278844,1.9583889,656248779.196512,1277269444.0,True,2023-05-30,0
2023-05-30,512100.SH,0.9478774,0.9533104,0.9373736,0.9518616,1212659966.8691332,1146999464.0,True,2023-05-30,0
2023-05-31,510300.SH,4.52661,4.52661,4.475762500000001,4.495865,620613709.936575,2792006056.0,True,2023-05-31,0
2023-05-31,510500.SH,1.955499,1.9599944,1.9423339,1.9561412,533538785.4251012,1041171961.0,True,2023-05-31,0
2023-05-31,512100.SH,0.9518616,0.954397,0.9449798,0.9522238,1217373163.997791,1156491797.0,True,2023-05-31,0
2023-06-01,510300.SH,4.4923175,4.5408,4.486405,4.505325000000001,570803972.0930232,2579669883.0,True,2023-06-01,0
2023-06-01,510500.SH,1.9567834,1.9728384,1.945866,1.9593522,895390977.8885083,1756775683.0,True,2023-06-01,0
2023-06-01,512100.SH,0.9511372,0.9605544,0.9457042,0.954397,1199854809.4975152,1145689624.0,True,2023-06-01,0
2023-06-02,510300.SH,4.528975000000001,4.579822500000001,4.528975000000001,4.567997500000001,586027989.0063424,2672332967.0,True,2023-06-02,0
2023-06-02,510500.SH,1.965132,1.9815081,1.9648109,1.9760494,758463665.5247587,1498036362.0,True,2023-06-02,0
2023-06-02,512100.SH,0.956208,0.963452,0.9558458,0.9609166,1219965127.0016563,1172145807.0,True,2023-06-02,0
2023-06-05,510300.SH,4.560902500000001,4.5656325,4.5348875,4.546712500000001,305416427.9069767,1389909743.0,True,2023-06-05,0
2023-06-05,510500.SH,1.9731595,1.9763705,1.9670586,1.9718751,327998660.8533167,646892503.0,True,2023-06-05,0
2023-06-05,512100.SH,0.9609166,0.9638142,0.9583812,0.9612788,1096495345.113197,1054239809.0,True,2023-06-05,0
2023-06-06,510300.SH,4.5478950000000005,4.581005,4.49823,4.50296,348050488.794926,1579493947.0,True,2023-06-06,0
2023-06-06,510500.SH,1.9721962,1.9725173,1.9333431,1.9352697,467017010.2771722,911274749.0,True,2023-06-06,0
2023-06-06,512100.SH,0.9609166,0.9609166,0.9388224,0.9409956,1323851645.499724,1259400153.0,True,2023-06-06,0
2023-06-07,510300.SH,4.51715,4.5254275,4.4733975,4.488770000000001,314737144.1860465,1416641429.0,True,2023-06-07,0
2023-06-07,510500.SH,1.9365541,1.9474715,1.933022,1.9365541,423671778.2622236,821895904.0,True,2023-06-07,0
2023-06-07,512100.SH,0.9431688,0.9467908,0.9388224,0.9409956,1010784845.3892876,952839865.0,True,2023-06-07,0
2023-06-08,510300.SH,4.488770000000001,4.544347500000001,4.4733975,4.52661,324303503.5940803,1462204388.0,True,2023-06-08,0
2023-06-08,510500.SH,1.9375174,1.9420128,1.9188936,1.9323798,599042220.4920585,1155659962.0,True,2023-06-08,0
2023-06-08,512100.SH,0.9406334,0.9409956,0.9294052,0.9366492,1045047631.1430148,977234021.0,True,2023-06-08,0
2023-06-09,510300.SH,4.5277925,4.5490775,4.519515,4.54553,445724191.1205073,2021624139.0,True,2023-06-09,0
2023-06-09,510500.SH,1.936233,1.952288,1.9327009,1.9487559,648294985.9856743,1258499361.0,True,2023-06-09,0
2023-06-09,512100.SH,0.936287,0.9438932,0.9333894,0.9431688,1075710204.3070126,1009331238.0,True,2023-06-09,0
2023-06-12,510300.SH,4.5408,4.576275000000001,4.523062500000001,4.550260000000001,388718254.54545456,1768357700.0,True,2023-06-12,0
2023-06-12,510500.SH,1.9506825,1.9632054,1.9442605,1.9545357,583907178.4490813,1141939037.0,True,2023-06-12,0
2023-06-12,512100.SH,0.9428066000000002,0.9511372,0.9413578,0.9475152,1172406236.8856983,1111177168.0,True,2023-06-12,0
2023-06-13,510300.SH,4.5408,4.5881,4.537252500000001,4.5845525,296311228.7526427,1353181342.0,True,2023-06-13,0
2023-06-13,510500.SH,1.9545357,1.9628843,1.9516458,1.9603155,391450981.0028029,766961295.0,True,2023-06-13,0
2023-06-13,512100.SH,0.9482396,0.9529482,0.947153,0.9514994,1196874748.7575924,1137867038.0,True,2023-06-13,0
2023-06-14,510300.SH,4.5869175,4.61648,4.582187500000001,4.5845525,375571773.3615221,1727523754.0,True,2023-06-14,0
2023-06-14,510500.SH,1.9632054,1.9686641,1.9590311,1.9625632,372334590.4702585,731159070.0,True,2023-06-14,0
2023-06-14,512100.SH,0.9514994,0.9572946,0.9504128,0.9547592,1078094630.038653,1028299625.0,True,2023-06-14,0
2023-06-15,510300.SH,4.595195,4.6625975,4.5881,4.661415000000001,429962409.3023256,1990297387.0,True,2023-06-15,0
2023-06-15,510500.SH,1.965132,1.984398,1.9638476,1.9799026,608676608.5331672,1201564432.0,True,2023-06-15,0
2023-06-15,512100.SH,0.9576568,0.9627276,0.954397,0.9601922,1092441430.1490889,1046838263.0,True,2023-06-15,0
2023-06-16,510300.SH,4.6696925,4.71581,4.6696925,4.705167500000001,509216747.5687103,2389873017.0,True,2023-06-16,0
2023-06-16,510500.SH,1.9802237,2.0007741,1.9799026,1.9937099,643185892.2454064,1281786865.0,True,2023-06-16,0
2023-06-16,512100.SH,0.9591056,0.9703338,0.9591056,0.9685228,1171106181.6675868,1131798065.0,True,2023-06-16,0
2023-06-19,510300.SH,4.705167500000001,4.705167500000001,4.66378,4.6696925,338526324.73572934,1583693179.0,True,2023-06-19,0
2023-06-19,510500.SH,1.997242,1.9988475,1.9892145,1.9911411,371416536.9043912,740304877.0,True,2023-06-19,0
2023-06-19,512100.SH,0.9681606,0.9739558,0.9674362,0.9717826,1388720577.0292654,1349301102.0,True,2023-06-19,0
2023-06-20,510300.SH,4.6602325,4.681517500000001,4.65432,4.661415000000001,299274707.8224101,1396571289.0,True,2023-06-20,0
2023-06-20,510500.SH,1.9917833,1.9959576,1.984398,1.9901778,237393864.83961385,472444970.0,True,2023-06-20,0
2023-06-20,512100.SH,0.9728692,0.976129,0.9692472,0.9728692,1346817092.7664273,1309315161.0,True,2023-06-20,0
2023-06-21,510300.SH,4.653137500000001,4.6578675,4.5940125,4.5963775,413829767.4418605,1915610962.0,True,2023-06-21,0
2023-06-21,510500.SH,1.9882512,1.9882512,1.949077,1.9500403,519462092.8059794,1021559235.0,True,2023-06-21,0
2023-06-21,512100.SH,0.9728692,0.9728692,0.9533104,0.9536726,1531438652.6780784,1472556447.0,True,2023-06-21,0
2023-06-26,510300.SH,4.571545,4.576275000000001,4.5301575000000005,4.544347500000001,541645327.6955602,2462685974.0,True,2023-06-26,0
2023-06-26,510500.SH,1.9407284,1.9455449,1.913756,1.9176092,1072323743.382124,2066980354.0,True,2023-06-26,0
2023-06-26,512100.SH,0.9496884,0.9518616,0.9330272,0.9366492,2228111187.189398,2095360595.0,True,2023-06-26,0
2023-06-27,510300.SH,4.543165,4.5869175,4.5348875,4.5750925,335815707.39957714,1532293882.0,True,2023-06-27,0
2023-06-27,510500.SH,1.9179303,1.9355908,1.9176092,1.9320587,988153615.6960448,1907525642.0,True,2023-06-27,0
2023-06-27,512100.SH,0.9373736,0.9482396,0.936287,0.9457042,1153735541.1374931,1087858569.0,True,2023-06-27,0
2023-06-28,510300.SH,4.567997500000001,4.585735000000001,4.537252500000001,4.5845525,391328213.9534884,1786039957.0,True,2023-06-28,0
2023-06-28,510500.SH,1.9307743,1.9371963,1.9060496,1.9365541,850268676.4247898,1633413936.0,True,2023-06-28,0
2023-06-28,512100.SH,0.9457042,0.9457042,0.927232,0.9442554,1921565345.113197,1797172143.0,True,2023-06-28,0
2023-06-29,510300.SH,4.5845525,4.5869175,4.5490775,4.5632675,253921900.21141645,1159259690.0,True,2023-06-29,0
2023-06-29,510500.SH,1.9323798,1.9400862,1.9266,1.9336642,689951142.9461228,1333935245.0,True,2023-06-29,0
2023-06-29,512100.SH,0.9428066000000002,0.9511372,0.9406334,0.9482396,1729657214.2462726,1637455748.0,True,2023-06-29,0
2023-06-30,510300.SH,4.562085000000001,4.611750000000001,4.556172500000001,4.590465000000001,448133826.63847774,2058017000.0,True,2023-06-30,0
2023-06-30,510500.SH,1.9301321,1.9606366,1.9301321,1.9571045,613969364.683899,1198238000.0,True,2023-06-30,0
2023-06-30,512100.SH,0.9457042,0.9641764,0.9457042,0.9630898,1432689445.0579789,1372740527.0,True,2023-06-30,0
2023-07-03,510300.SH,4.599925000000001,4.6578675,4.5975600000000005,4.643677500000001,400769308.2452431,1857984547.0,True,2023-07-03,0
2023-07-03,510500.SH,1.9599944,1.9731595,1.9538935,1.9664164,517613752.7250078,1017304780.0,True,2023-07-03,0
2023-07-03,512100.SH,0.963452,0.9681606,0.9565702,0.9609166,1098631303.1474323,1056750852.0,True,2023-07-03,0
2023-07-04,510300.SH,4.641312500000001,4.65432,4.6342175,4.651955000000001,213210392.38900632,990312869.0,True,2023-07-04,0
2023-07-04,510500.SH,1.9648109,1.9718751,1.9641687,1.9709118,540058090.9374027,1063242106.0,True,2023-07-04,0
2023-07-04,512100.SH,0.9587434,0.9656252,0.9587434,0.965263,1266329930.9773605,1220187130.0,True,2023-07-04,0
2023-07-05,510300.SH,4.64486,4.651955000000001,4.6129325,4.620027500000001,229357497.6744186,1061461518.0,True,2023-07-05,0
2023-07-05,510500.SH,1.9689852,1.9728384,1.9571045,1.9609577,723244412.9554656,1421447518.0,True,2023-07-05,0
2023-07-05,512100.SH,0.9630898,0.9677984,0.9565702,0.958019,1205247785.7537272,1159006953.0,True,2023-07-05,0
2023-07-06,510300.SH,4.611750000000001,4.635400000000001,4.581005,4.5869175,293229500.2114165,1349288878.0,True,2023-07-06,0
2023-07-06,510500.SH,1.95871,1.9699485,1.9481137,1.9497192,528711093.1174089,1033798369.0,True,2023-07-06,0
2023-07-06,512100.SH,0.9554836,0.9641764,0.9536726,0.9547592,1320336195.4721148,1265013909.0,True,2023-07-06,0
2023-07-07,510300.SH,4.582187500000001,4.59283,4.5632675,4.573910000000001,255625936.57505283,1170006594.0,True,2023-07-07,0
2023-07-07,510500.SH,1.949077,1.9529302,1.9343064,1.9445816,353947558.393024,687991371.0,True,2023-07-07,0
2023-07-07,512100.SH,0.954397,0.9547592,0.9438932,0.950775,1139966612.368857,1081843475.0,True,2023-07-07,0
2023-07-10,510300.SH,4.595195,4.623575000000001,4.57864,4.59283,362356711.205074,1668025659.0,True,2023-07-10,0
2023-07-10,510500.SH,1.9516458,1.9590311,1.9420128,1.9513247,369122279.6636561,719682020.0,True,2023-07-10,0
2023-07-10,512100.SH,0.9533104,0.9558458,0.9467908,0.9511372,942918873.5505244,897058248.0,True,2023-07-10,0
2023-07-11,510300.SH,4.6082025,4.629487500000001,4.5963775,4.623575000000001,496777111.205074,2292218456.0,True,2023-07-11,0
2023-07-11,510500.SH,1.9551779,1.9680219,1.949077,1.9673797,321294618.49891,629303370.0,True,2023-07-11,0
2023-07-11,512100.SH,0.9514994,0.9591056,0.9493262,0.9587434,987913707.89619,943102978.0,True,2023-07-11,0
2023-07-12,510300.SH,4.628305000000001,4.635400000000001,4.5892825,4.6011075,329311431.7124736,1520311053.0,True,2023-07-12,0
2023-07-12,510500.SH,1.9680219,1.9696274,1.9452238,1.9477926,292909585.79881656,573197538.0,True,2023-07-12,0
2023-07-12,512100.SH,0.9583812,0.9591056,0.9442554,0.9449798,1058922736.0574268,1007483731.0,True,2023-07-12,0
2023-07-13,510300.SH,4.623575000000001,4.6791525,4.623575000000001,4.675605000000001,483963257.5052854,2254997240.0,True,2023-07-13,0
2023-07-13,510500.SH,1.9551779,1.9760494,1.9551779,1.974765,554385546.5587045,1090755327.0,True,2023-07-13,0
2023-07-13,512100.SH,0.9475152,0.9558458,0.9457042,0.9540348,1310759701.8221974,1247229977.0,True,2023-07-13,0
2023-07-14,510300.SH,4.6827000000000005,4.68743,4.6708750000000006,4.673240000000001,307198395.77167016,1437431006.0,True,2023-07-14,0
2023-07-14,510500.SH,1.9763705,1.9770127,1.9667375,1.9670586,276034898.7854251,544267498.0,True,2023-07-14,0
2023-07-14,512100.SH,0.9554836,0.9572946,0.952586,0.9529482,1064497349.530646,1016834481.0,True,2023-07-14,0
2023-07-17,510300.SH,4.666145,4.666145,4.6212100000000005,4.64013,379376377.167019,1757874089.0,True,2023-07-17,0
2023-07-17,510500.SH,1.9648109,1.9648109,1.9516458,1.9622421,598325851.7595764,1170740595.0,True,2023-07-17,0
2023-07-17,512100.SH,0.9500506000000002,0.950775,0.943531,0.9496884,1175740549.4202096,1113214013.0,True,2023-07-17,0
2023-07-18,510300.SH,4.641312500000001,4.649590000000001,4.6176625,4.6330350000000005,225514347.56871036,1044528809.0,True,2023-07-18,0
2023-07-18,510500.SH,1.9622421,1.9677008,1.9516458,1.9593522,489426907.50545,958453839.0,True,2023-07-18,0
2023-07-18,512100.SH,0.9493262,0.952586,0.9449798,0.948964,883031747.6532302,837349172.0,True,2023-07-18,0
2023-07-19,510300.SH,4.623575000000001,4.64013,4.605837500000001,4.63067,423882164.0591966,1958620837.0,True,2023-07-19,0
2023-07-19,510500.SH,1.9567834,1.9641687,1.9471504,1.9564623,375231927.748365,733814812.0,True,2023-07-19,0
2023-07-19,512100.SH,0.9478774,0.9518616,0.94172,0.9467908,851739182.7719492,805639893.0,True,2023-07-19,0
2023-07-20,510300.SH,4.6389475,4.661415000000001,4.5892825,4.5975600000000005,737003863.8477801,3409059171.0,True,2023-07-20,0
2023-07-20,510500.SH,1.9603155,1.965132,1.9336642,1.9352697,803964976.6427904,1568483529.0,True,2023-07-20,0
2023-07-20,512100.SH,0.947153,0.9496884,0.9337516,0.9348382,1858033564.3291,1751863854.0,True,2023-07-20,0
2023-07-21,510300.SH,4.5975600000000005,4.6318525,4.582187500000001,4.599925000000001,615010696.8287526,2831069309.0,True,2023-07-21,0
2023-07-21,510500.SH,1.9346275,1.949077,1.9310954,1.936233,801776427.9040797,1553404150.0,True,2023-07-21,0
2023-07-21,512100.SH,0.9337516,0.9406334,0.9304918,0.9337516,1770636587.520707,1655811763.0,True,2023-07-21,0
2023-07-24,510300.SH,4.576275000000001,4.6082025,4.56918,4.579822500000001,384762778.858351,1762582929.0,True,2023-07-24,0
2023-07-24,510500.SH,1.9266,1.9461871,1.9266,1.933022,326497187.7919651,632051377.0,True,2023-07-24,0
2023-07-24,512100.SH,0.9315784,0.9391846,0.9294052,0.9315784,1004049008.8348978,938034044.0,True,2023-07-24,0
2023-07-25,510300.SH,4.635400000000001,4.713445000000001,4.635400000000001,4.7122625000000005,964889972.9386892,4516702930.0,True,2023-07-25,0
2023-07-25,510500.SH,1.949077,1.9667375,1.949077,1.9644898,576977383.9925257,1131145907.0,True,2023-07-25,0
2023-07-25,512100.SH,0.9377358,0.9486018000000002,0.9377358,0.9464286,1704999218.6637216,1610841072.0,True,2023-07-25,0
2023-07-26,510300.SH,4.7063500000000005,4.708715000000001,4.6838825,4.70162,497284206.34249467,2336248742.0,True,2023-07-26,0
2023-07-26,510500.SH,1.9641687,1.9660953,1.9545357,1.9609577,324940404.8582996,637071333.0,True,2023-07-26,0
2023-07-26,512100.SH,0.9446176,0.9464286,0.9395468,0.9420822,1167529583.103258,1100447945.0,True,2023-07-26,0
2023-07-27,510300.SH,4.7122625000000005,4.727635,4.6827000000000005,4.696890000000001,509484790.6976744,2399970524.0,True,2023-07-27,0
2023-07-27,510500.SH,1.9625632,1.9648109,1.9442605,1.9474715,304087415.1354718,594989648.0,True,2023-07-27,0
2023-07-27,512100.SH,0.9431688,0.9449798,0.9330272,0.9348382,1035645397.570403,972528964.0,True,2023-07-27,0
2023-07-28,510300.SH,4.6744225,4.8186875,4.6744225,4.81041,1265529304.862579,6045486970.0,True,2023-07-28,0
2023-07-28,510500.SH,1.939444,1.9786182,1.939444,1.9770127,547908710.6820306,1078204657.0,True,2023-07-28,0
2023-07-28,512100.SH,0.930854,0.9446176,0.929043,0.9428066000000002,1666828818.332413,1563857322.0,True,2023-07-28,0
2023-07-31,510300.SH,4.84825,4.896732500000001,4.817505000000001,4.82933,1514279068.07611,7347223022.0,True,2023-07-31,0
2023-07-31,510500.SH,1.9799026,2.0078383,1.9792604,1.9895356,706784979.757085,1410878740.0,True,2023-07-31,0
2023-07-31,512100.SH,0.9428066000000002,0.956208,0.9428066000000002,0.948964,1310015080.0662618,1245861326.0,True,2023-07-31,0
2023-08-01,510300.SH,4.8246,4.854162500000001,4.7950375,4.808045,960660956.4482028,4628166309.0,True,2023-08-01,0
2023-08-01,510500.SH,1.9895356,1.9991686,1.987609,1.9911411,531196213.01775146,1058342809.0,True,2023-08-01,0
2023-08-01,512100.SH,0.9493262,0.9514994,0.9449798,0.9475152,1031204486.4715626,977936314.0,True,2023-08-01,0
2023-08-02,510300.SH,4.799767500000001,4.8246,4.760745,4.7737525000000005,667602394.0803382,3195405068.0,True,2023-08-02,0
2023-08-02,510500.SH,1.9898567,1.997242,1.977976,1.9840769,473618308.93802553,940707002.0,True,2023-08-02,0
2023-08-02,512100.SH,0.9475152,0.9493262,0.9424444,0.9457042,1190300988.4041965,1125174622.0,True,2023-08-02,0
2023-08-03,510300.SH,4.7666575,4.8186875,4.7666575,4.816322500000001,624043223.6786469,2990984772.0,True,2023-08-03,0
2023-08-03,510500.SH,1.9831136,1.9914622,1.9738017,1.99082,729702469.6356275,1449039292.0,True,2023-08-03,0
2023-08-03,512100.SH,0.945342,0.947153,0.9406334,0.9464286,1413806662.0651574,1334919500.0,True,2023-08-03,0
2023-08-04,510300.SH,4.865987500000001,4.88609,4.8246,4.8411550000000005,1202839287.94926,5844695555.0,True,2023-08-04,0
2023-08-04,510500.SH,2.0004530000000003,2.016508,1.9949943,2.0039851,672162781.0650887,1348209240.0,True,2023-08-04,0
2023-08-04,512100.SH,0.9493262,0.9572946,0.947153,0.9518616,1133492901.7117617,1079808657.0,True,2023-08-04,0
2023-08-07,510300.SH,4.81987,4.81987,4.787942500000001,4.8044975,1083655313.319239,5203107906.0,True,2023-08-07,0
2023-08-07,510500.SH,2.0017374,2.0030218,1.9866457,1.99082,1185812376.2067893,2361615867.0,True,2023-08-07,0
2023-08-07,512100.SH,0.950775,0.9536726,0.9460664,0.9475152,1040793655.438984,987260944.0,True,2023-08-07,0
2023-08-08,510300.SH,4.78676,4.8186875,4.7713875,4.78676,944252906.5539112,4524172048.0,True,2023-08-08,0
2023-08-08,510500.SH,1.987609,1.9904989,1.9766916,1.9840769,918283298.0379944,1822186652.0,True,2023-08-08,0
2023-08-08,512100.SH,0.9457042,0.9478774,0.939909,0.943531,1053695093.8707896,994287361.0,True,2023-08-08,0
2023-08-09,510300.SH,4.774935000000001,4.7950375,4.770205,4.7773,1126856575.89852,5388159549.0,True,2023-08-09,0
2023-08-09,510500.SH,1.9795815,1.9837558,1.9673797,1.9705907,1314819308.626596,2595236507.0,True,2023-08-09,0
2023-08-09,512100.SH,0.9409956,0.9428066000000002,0.9348382,0.936287,1208624530.646052,1133901403.0,True,2023-08-09,0
2023-08-10,510300.SH,4.774935000000001,4.789125,4.746555000000001,4.7832125,793446856.6596193,3788454446.0,True,2023-08-10,0
2023-08-10,510500.SH,1.9705907,1.9757283,1.961921,1.9699485,638267053.8772968,1257057943.0,True,2023-08-10,0
2023-08-10,512100.SH,0.936287,0.9388224,0.9312162000000002,0.9355626,1008418293.7603532,943180417.0,True,2023-08-10,0
2023-08-11,510300.SH,4.7832125,4.78676,4.66851,4.6708750000000006,1089691173.7843552,5137860063.0,True,2023-08-11,0
2023-08-11,510500.SH,1.9702696,1.9731595,1.9304532,1.9310954,907062880.7225164,1766448422.0,True,2023-08-11,0
2023-08-11,512100.SH,0.9355626,0.9370114000000002,0.918177,0.9185392,1164230441.7448924,1079333422.0,True,2023-08-11,0
2023-08-14,510300.SH,4.6342175,4.649590000000001,4.59283,4.6389475,878308947.1458774,4062406138.0,True,2023-08-14,0
2023-08-14,510500.SH,1.916967,1.9368752,1.9086184,1.9333431,812350557.4587356,1560642068.0,True,2023-08-14,0
2023-08-14,512100.SH,0.914555,0.921799,0.9051378,0.9207124,1251825692.9872997,1141780240.0,True,2023-08-14,0
2023-08-15,510300.SH,4.643677500000001,4.653137500000001,4.5892825,4.6342175,690502672.3044397,3193418408.0,True,2023-08-15,0
2023-08-15,510500.SH,1.929811,1.9378385,1.9063707,1.9227468,711566627.2189349,1367680954.0,True,2023-08-15,0
2023-08-15,512100.SH,0.9196258000000002,0.9221612,0.9044134,0.9138306,1277898048.039757,1165926768.0,True,2023-08-15,0
2023-08-16,510300.SH,4.614115000000001,4.637765000000001,4.5963775,4.5987425,723762770.4016913,3338499228.0,True,2023-08-16,0
2023-08-16,510500.SH,1.9156826,1.9249945,1.9082973,1.9089395,706581320.4609156,1352673932.0,True,2023-08-16,0
2023-08-16,512100.SH,0.909122,0.912744,0.9015158,0.9022402,1079128531.198233,979197593.0,True,2023-08-16,0
2023-08-17,510300.SH,4.5774575,4.6223925,4.558537500000001,4.614115000000001,977689927.2727273,4488757418.0,True,2023-08-17,0
2023-08-17,510500.SH,1.9015542,1.9246734,1.8909579,1.9204991,978878738.710682,1870307730.0,True,2023-08-17,0
2023-08-17,512100.SH,0.9004292000000002,0.9123818,0.892823,0.9098464,1287682407.509663,1165399406.0,True,2023-08-17,0
2023-08-18,510300.SH,4.61648,4.628305000000001,4.5538075000000005,4.55499,1078686296.8287525,4949895035.0,True,2023-08-18,0
2023-08-18,510500.SH,1.9185725,1.9266,1.8899946,1.8906368,984336250.3892868,1878181523.0,True,2023-08-18,0
2023-08-18,512100.SH,0.9120196,0.9131062,0.8913742,0.8920986000000001,1028375383.7658752,928020623.0,True,2023-08-18,0
2023-08-21,510300.SH,4.544347500000001,4.557355,4.4899525,4.4935,931014255.3911204,4211773045.0,True,2023-08-21,0
2023-08-21,510500.SH,1.8851781,1.8989854,1.8652699,1.8659121,1015684487.6985364,1913880144.0,True,2023-08-21,0
2023-08-21,512100.SH,0.8906498,0.8975316000000001,0.8819570000000001,0.8823192000000001,1374226336.278299,1223713877.0,True,2023-08-21,0
2023-08-22,510300.SH,4.514785000000001,4.5419825000000005,4.46039,4.520697500000001,1126028645.2431288,5068251898.0,True,2023-08-22,0
2023-08-22,510500.SH,1.872013,1.8800405,1.846325,1.8745818,1019287894.7368422,1903831840.0,True,2023-08-22,0
2023-08-22,512100.SH,0.885579,0.8895632,0.8718154,0.8877522000000001,1695228453.8928769,1495087777.0,True,2023-08-22,0
2023-08-23,510300.SH,4.505325000000001,4.5183325000000005,4.4450175000000005,4.45566,915365515.4334036,4103294099.0,True,2023-08-23,0
2023-08-23,510500.SH,1.8732974,1.8732974,1.8392608,1.8424718,933393052.00872,1729652220.0,True,2023-08-23,0
2023-08-23,512100.SH,0.8841302,0.8852168,0.8696422,0.871091,1603418862.5069022,1405768248.0,True,2023-08-23,0
2023-08-24,510300.SH,4.4639375,4.51715,4.46039,4.482857500000001,805627720.0845665,3613485225.0,True,2023-08-24,0
2023-08-24,510500.SH,1.8437562,1.8652699,1.8389397,1.8476094,786908087.8231081,1455596440.0,True,2023-08-24,0
2023-08-24,512100.SH,0.8725398,0.8819570000000001,0.8663824,0.8718154,1321339676.9740472,1153876009.0,True,2023-08-24,0
2023-08-25,510300.SH,4.46512,4.5041425,4.45566,4.47458,993264666.384778,4441349667.0,True,2023-08-25,0
2023-08-25,510500.SH,1.8411874,1.8492149,1.8167838,1.8257746,853556259.7321707,1564353078.0,True,2023-08-25,0
2023-08-25,512100.SH,0.8685556000000001,0.8725398,0.8529810000000001,0.8576896,1744503528.4373274,1506197170.0,True,2023-08-25,0
2023-08-28,510300.SH,4.743007500000001,4.743007500000001,4.505325000000001,4.537252500000001,2386479293.8689218,10967426433.0,True,2023-08-28,0
2023-08-28,510500.SH,1.9230679,1.9230679,1.8392608,1.8460039,1606814817.8137653,3011273191.0,True,2023-08-28,0
2023-08-28,512100.SH,0.9080354,0.9080354,0.860225,0.8631226000000001,2534979439.536167,2226546391.0,True,2023-08-28,0
2023-08-29,510300.SH,4.51715,4.5975600000000005,4.514785000000001,4.5632675,1855435544.1860464,8447914072.000001,True,2023-08-29,0
2023-08-29,510500.SH,1.8437562,1.8957744,1.8427929,1.8861414,3682293385.238244,6900723499.0,True,2023-08-29,0
2023-08-29,512100.SH,0.8645714000000001,0.8942718,0.8627604000000001,0.8892010000000001,2946892846.49365,2595729526.0,True,2023-08-29,0
2023-08-30,510300.SH,4.56918,4.59283,4.552625000000001,4.562085000000001,876221806.3424946,4005949852.0,True,2023-08-30,0
2023-08-30,510500.SH,1.8861414,1.9018753,1.8790772,1.8864625,969432824.6652132,1832472792.0,True,2023-08-30,0
2023-08-30,512100.SH,0.8892010000000001,0.9029646,0.8884766,0.8935474000000001,1690650436.223081,1514191251.0,True,2023-08-30,0
2023-08-31,510300.SH,4.562085000000001,4.570362500000001,4.528975000000001,4.5396175,709064546.3002113,3223625329.0,True,2023-08-31,0
2023-08-31,510500.SH,1.8845359,1.8899946,1.8713708,1.8771506,695746969.7913423,1307594599.0,True,2023-08-31,0
2023-08-31,512100.SH,0.892823,0.8939096000000001,0.8863034000000001,0.891012,1250754972.3909442,1113181491.0,True,2023-08-31,0
2023-09-01,510300.SH,4.560902500000001,4.5881,4.552625000000001,4.566815000000001,670353055.3911204,3061777815.0,True,2023-09-01,0
2023-09-01,510500.SH,1.8813249,1.8890313,1.8736185,1.8790772,692479919.0283401,1301831939.0,True,2023-09-01,0
2023-09-01,512100.SH,0.8913742,0.8960828000000002,0.8863034000000001,0.8902876000000001,1171080284.3732743,1042486568.0,True,2023-09-01,0
2023-09-04,510300.SH,4.599925000000001,4.647225000000001,4.581005,4.635400000000001,1002556679.9154332,4631839161.0,True,2023-09-04,0
2023-09-04,510500.SH,1.8883891,1.907334,1.8810038,1.9060496,965601644.3475552,1833756164.0,True,2023-09-04,0
2023-09-04,512100.SH,0.8917364000000001,0.9040512,0.8892010000000001,0.903689,1353878906.6813917,1213980670.0,True,2023-09-04,0
2023-09-05,510300.SH,4.623575000000001,4.62594,4.5940125,4.6034725000000005,532575134.0380549,2454185740.0,True,2023-09-05,0
2023-09-05,510500.SH,1.9031597,1.904123,1.8887102,1.8922423,1024439856.742448,1939549756.0,True,2023-09-05,0
2023-09-05,512100.SH,0.9015158,0.9044134,0.8960828000000002,0.8986182,1642247680.8393152,1477045484.0,True,2023-09-05,0
2023-09-06,510300.SH,4.5881,4.6034725000000005,4.571545,4.5916475000000005,604800107.3995771,2772119111.0,True,2023-09-06,0
2023-09-06,510500.SH,1.8867836,1.8989854,1.8777928,1.8916001,717110146.3718469,1354396023.0,True,2023-09-06,0
2023-09-06,512100.SH,0.8946340000000002,0.9044134,0.8899254,0.9018780000000002,1309383191.606847,1175169345.0,True,2023-09-06,0
2023-09-07,510300.SH,4.582187500000001,4.58337,4.5242450000000005,4.528975000000001,795801237.2093023,3620025670.0,True,2023-09-07,0
2023-09-07,510500.SH,1.8916001,1.8916001,1.8630222,1.8652699,1091721086.8888197,2047335843.0,True,2023-09-07,0
2023-09-07,512100.SH,0.9015158,0.9015158,0.8859412000000001,0.8866656,1690470615.6819437,1508859197.0,True,2023-09-07,0
2023-09-08,510300.SH,4.5112375,4.52661,4.488770000000001,4.5041425,692292460.0422832,3117927088.0,True,2023-09-08,0
2023-09-08,510500.SH,1.8607745,1.8729763,1.8578846,1.8646277,1020383017.7514791,1904449593.0,True,2023-09-08,0
2023-09-08,512100.SH,0.8852168,0.8920986000000001,0.8834058,0.8884766,1324620485.9193816,1176981846.0,True,2023-09-08,0
2023-09-11,510300.SH,4.505325000000001,4.5656325,4.497047500000001,4.537252500000001,690613774.2071881,3130054721.0,True,2023-09-11,0
2023-09-11,510500.SH,1.8668754,1.897701,1.8630222,1.8861414,1078735683.5876677,2029703953.0,True,2023-09-11,0
2023-09-11,512100.SH,0.8873900000000001,0.9044134,0.885579,0.9015158,1171029950.3036995,1050084210.0,True,2023-09-11,0
2023-09-12,510300.SH,4.533705,4.5478950000000005,4.523062500000001,4.53134,503117894.2917547,2280742953.0,True,2023-09-12,0
2023-09-12,510500.SH,1.8861414,1.8928845,1.8826093,1.8867836,776914699.47057,1466529654.0,True,2023-09-12,0
2023-09-12,512100.SH,0.8986182,0.9051378,0.8986182,0.9007914,855529660.4086139,771498848.0,True,2023-09-12,0
2023-09-13,510300.SH,4.5301575000000005,4.543165,4.4781275,4.5017775,872839850.3171246,3927790358.0,True,2023-09-13,0
2023-09-13,510500.SH,1.8864625,1.8864625,1.8569213,1.8678387,1025611706.6334476,1915493459.0,True,2023-09-13,0
2023-09-13,512100.SH,0.8993426000000001,0.9000670000000001,0.8823192000000001,0.8892010000000001,1150618694.091662,1023969772.0,True,2023-09-13,0
2023-09-14,510300.SH,4.500595000000001,4.514785000000001,4.475762500000001,4.49823,785017365.7505285,3527433204.0,True,2023-09-14,0
2023-09-14,510500.SH,1.8665543,1.8684809,1.8556369,1.8662332,808751787.6051075,1506656494.0,True,2023-09-14,0
2023-09-14,512100.SH,0.8884766,0.8892010000000001,0.8801460000000001,0.8859412000000001,980129260.0773052,867226330.0,True,2023-09-14,0
2023-09-15,510300.SH,4.5065075000000006,4.514785000000001,4.4568425000000005,4.4781275,1006868593.6575052,4515384978.0,True,2023-09-15,0
2023-09-15,510500.SH,1.8691231,1.8790772,1.8566002,1.8665543,822996356.2753036,1537412136.0,True,2023-09-15,0
2023-09-15,512100.SH,0.8859412000000001,0.8920986000000001,0.8808704,0.8863034000000001,1228659688.0176694,1088016606.0,True,2023-09-15,0
2023-09-18,510300.SH,4.467485000000001,4.5065075000000006,4.4509300000000005,4.4935,833764391.5433403,3740921119.0,True,2023-09-18,0
2023-09-18,510500.SH,1.86238,1.8771506,1.8533892,1.8704075,1790478909.9968858,3349618231.0,True,2023-09-18,0
2023-09-18,512100.SH,0.8826814,0.891012,0.8797838,0.8870278,1061594679.734953,941162424.0,True,2023-09-18,0
2023-09-19,510300.SH,4.488770000000001,4.491135000000001,4.46039,4.4875875,614804455.8139534,2752539515.0,True,2023-09-19,0
2023-09-19,510500.SH,1.8678387,1.8700864,1.8546736,1.86238,747054715.042043,1389655445.0,True,2023-09-19,0
2023-09-19,512100.SH,0.8863034000000001,0.8877522000000001,0.8765240000000001,0.8805082000000001,991104229.707344,871597672.0,True,2023-09-19,0
2023-09-20,510300.SH,4.475762500000001,4.485222500000001,4.4663025,4.4663025,536266805.9196617,2399486875.0,True,2023-09-20,0
2023-09-20,510500.SH,1.8566002,1.8617378,1.8488938,1.8492149,978754864.5281844,1815632673.0,True,2023-09-20,0
2023-09-20,512100.SH,0.8786972000000001,0.8812326,0.8721776,0.8725398,1153744019.87852,1011667586.0,True,2023-09-20,0
2023-09-21,510300.SH,4.4568425000000005,4.4733975,4.423732500000001,4.424915,760420310.359408,3378417954.0,True,2023-09-21,0
2023-09-21,510500.SH,1.8450406,1.8543525,1.833481,1.8344443,882245166.6147617,1624386983.0,True,2023-09-21,0
2023-09-21,512100.SH,0.86928,0.8750752,0.8645714000000001,0.8660202,1054508094.9751518,915724105.0,True,2023-09-21,0
2023-09-22,510300.SH,4.417820000000001,4.514785000000001,4.4166375,4.5136025,1054644020.295983,4719058010.0,True,2023-09-22,0
2023-09-22,510500.SH,1.8312333,1.8665543,1.8312333,1.8659121,1173978723.139209,2177669265.0,True,2023-09-22,0
2023-09-22,512100.SH,0.8649336,0.8834058,0.8638469999999999,0.8834058,1431869696.3003864,1253182364.0,True,2023-09-22,0
2023-09-25,510300.SH,4.500595000000001,4.5041425,4.472215,4.4804925,592732051.5856236,2656946227.0,True,2023-09-25,0
2023-09-25,510500.SH,1.86238,1.8646277,1.8498571,1.8553158,1072185179.0719402,1988022795.0,True,2023-09-25,0
2023-09-25,512100.SH,0.8801460000000001,0.883768,0.8765240000000001,0.8786972000000001,1297537810.6018777,1139966206.0,True,2023-09-25,0
2023-09-26,510300.SH,4.476945000000001,4.4899525,4.453295000000001,4.45566,729732330.6553911,3257834057.0,True,2023-09-26,0
2023-09-26,510500.SH,1.8533892,1.8585268,1.8485727,1.8492149,665254241.6692619,1231863590.0,True,2023-09-26,0
2023-09-26,512100.SH,0.878335,0.8797838,0.8747130000000001,0.8750752,927119754.2794036,812728096.0,True,2023-09-26,0
2023-09-27,510300.SH,4.4544775,4.499412500000001,4.453295000000001,4.467485000000001,911673537.4207188,4074752971.0,True,2023-09-27,0
2023-09-27,510500.SH,1.8488938,1.8662332,1.8479305,1.8572424,1344846698.847711,2499945341.0,True,2023-09-27,0
2023-09-27,512100.SH,0.8747130000000001,0.8844924000000001,0.8732642,0.8805082000000001,1286311631.6951962,1133520515.0,True,2023-09-27,0
2023-09-28,510300.SH,4.475762500000001,4.482857500000001,4.44147,4.4509300000000005,947663723.4672304,4221645459.0,True,2023-09-28,0
2023-09-28,510500.SH,1.859169,1.8649488,1.8569213,1.8598112,810763232.6378076,1508370936.0,True,2023-09-28,0
2023-09-28,512100.SH,0.8805082000000001,0.8873900000000001,0.8805082000000001,0.8870278,1383657802.3191605,1223408923.0,True,2023-09-28,0
2023-10-09,510300.SH,4.4426525,4.45566,4.3906225,4.4391050000000005,740137904.4397464,3273783140.0,True,2023-10-09,0
2023-10-09,510500.SH,1.859169,1.8598112,1.8402241,1.849536,646655474.9299284,1194573423.0,True,2023-10-09,0
2023-10-09,512100.SH,0.883768,0.8863034000000001,0.8772484000000002,0.8834058,1270989721.1485364,1120715666.0,True,2023-10-09,0
2023-10-10,510300.SH,4.453295000000001,4.467485000000001,4.403630000000001,4.4071775,784720825.3699788,3475885457.0,True,2023-10-10,0
2023-10-10,510500.SH,1.8514626,1.8598112,1.8389397,1.8405452,378971139.8318281,699428031.0,True,2023-10-10,0
2023-10-10,512100.SH,0.8841302,0.8877522000000001,0.8790594,0.8805082000000001,1007844765.323026,888459407.0,True,2023-10-10,0
2023-10-11,510300.SH,4.4284625,4.448565,4.4071775,4.4166375,755601444.397463,3346389864.0,True,2023-10-11,0
2023-10-11,510500.SH,1.8479305,1.8569213,1.8350865,1.8389397,1106426362.503893,2037223625.0,True,2023-10-11,0
2023-10-11,512100.SH,0.883768,0.891012,0.8794216,0.8823192000000001,1715026435.6709,1515784219.0,True,2023-10-11,0
2023-10-12,510300.SH,4.458025,4.475762500000001,4.43674,4.459207500000001,789447415.6448202,3516113484.0,True,2023-10-12,0
2023-10-12,510500.SH,1.8482516,1.8556369,1.8434351,1.852747,696665038.9286827,1289381469.0,True,2023-10-12,0
2023-10-12,512100.SH,0.8866656,0.8895632,0.8826814,0.8888388000000002,1337410853.1198237,1185695781.0,True,2023-10-12,0
2023-10-13,510300.SH,4.434375,4.435557500000001,4.403630000000001,4.417820000000001,959911491.7547568,4239502340.0,True,2023-10-13,0
2023-10-13,510500.SH,1.8450406,1.8450406,1.8376553,1.843114,529701915.2911866,975045644.0,True,2023-10-13,0
2023-10-13,512100.SH,0.883768,0.8873900000000001,0.883768,0.8870278,891423233.0204307,789425521.0,True,2023-10-13,0
2023-10-16,510300.SH,4.417820000000001,4.420185,4.3539650000000005,4.3669725,963197111.205074,4217878506.0,True,2023-10-16,0
2023-10-16,510500.SH,1.843114,1.8437562,1.8177471,1.8248113,604499087.5116786,1104363923.0,True,2023-10-16,0
2023-10-16,512100.SH,0.8873900000000001,0.8888388000000002,0.8743508000000001,0.8772484000000002,1343497540.033131,1180172488.0,True,2023-10-16,0
2023-10-17,510300.SH,4.37525,4.3906225,4.3598775000000005,4.3811625,751002367.8646934,3286594496.0,True,2023-10-17,0
2023-10-17,510500.SH,1.827059,1.8286645,1.8164627,1.8283434,619046499.5328559,1129134383.0,True,2023-10-17,0
2023-10-17,512100.SH,0.8772484000000002,0.878335,0.8696422,0.8757996000000001,759552208.7244616,663099227.0,True,2023-10-17,0
2023-10-18,510300.SH,4.3740675,4.3787975,4.3456875,4.3480525000000005,685218261.3107822,2986654336.0,True,2023-10-18,0
2023-10-18,510500.SH,1.8251324,1.8254535,1.8032976,1.8065086,609889448.7698536,1104820789.0,True,2023-10-18,0
2023-10-18,512100.SH,0.8725398,0.8736264,0.8598628,0.8613116000000001,1136111869.1330757,981596962.0,True,2023-10-18,0
2023-10-19,510300.SH,4.32795,4.32795,4.251087500000001,4.257000000000001,1429487337.8435516,6128588638.0,True,2023-10-19,0
2023-10-19,510500.SH,1.7997655,1.8087563,1.7817839000000002,1.7856371,802730993.4599814,1441578583.0,True,2023-10-19,0
2023-10-19,512100.SH,0.8580518000000001,0.8638469999999999,0.8508078000000001,0.8522566000000001,1133569014.356709,971621614.0,True,2023-10-19,0
2023-10-20,510300.SH,4.2368975,4.257000000000001,4.215612500000001,4.235715,1471836079.4926002,6233727376.0,True,2023-10-20,0
2023-10-20,510500.SH,1.7792151,1.7888480999999998,1.7673343999999998,1.7734352999999998,759822176.8919339,1350522109.0,True,2023-10-20,0
2023-10-20,512100.SH,0.8497212000000001,0.8537054000000002,0.8395796000000001,0.8428394,1174875143.5670898,993855924.0,True,2023-10-20,0
2023-10-23,510300.SH,4.2191600000000005,4.221525,4.15294,4.19078,2291959161.945032,9591980200.0,True,2023-10-23,0
2023-10-23,510500.SH,1.7689399,1.7702243,1.7201327,1.7262336,1574933855.49673,2730233385.0,True,2023-10-23,0
2023-10-23,512100.SH,0.8392174000000001,0.8399418000000001,0.816761,0.8214696,1375875731.639978,1138934367.0,True,2023-10-23,0
2023-10-24,510300.SH,4.2014225000000005,4.2132475000000005,4.162400000000001,4.1966925,1298108224.1014798,5440874384.0,True,2023-10-24,0
2023-10-24,510500.SH,1.7323345,1.7516005,1.7265547,1.746784,1911143080.037372,3327012451.0,True,2023-10-24,0
2023-10-24,512100.SH,0.8221940000000001,0.836682,0.818572,0.8319734000000001,1151613881.8332412,953550096.0,True,2023-10-24,0
2023-10-25,510300.SH,4.24281,4.2605475,4.217977500000001,4.2203425,1169853334.460888,4957392955.0,True,2023-10-25,0
2023-10-25,510500.SH,1.7602702,1.7715087,1.7551326,1.7554537,983967321.7066334,1734052334.0,True,2023-10-25,0
2023-10-25,512100.SH,0.8388552,0.8464614000000001,0.8377686000000001,0.8413906,1164554180.0110435,981499123.0,True,2023-10-25,0
2023-10-26,510300.SH,4.203787500000001,4.240445,4.1955100000000005,4.235715,967111625.3699788,4074940755.0,True,2023-10-26,0
2023-10-26,510500.SH,1.7487106,1.7679766,1.7435729999999998,1.7631601,686950840.8595454,1204548961.0,True,2023-10-26,0
2023-10-26,512100.SH,0.8388552,0.8486346,0.8341466000000001,0.8471858,1068472990.06074,896765567.0,True,2023-10-26,0
2023-10-27,510300.SH,4.226255,4.314942500000001,4.215612500000001,4.29957,1393372005.9196615,5952697550.0,True,2023-10-27,0
2023-10-27,510500.SH,1.756417,1.8026554,1.7557748,1.7965544999999998,1251121881.0339458,2229846831.0,True,2023-10-27,0
2023-10-27,512100.SH,0.8446504,0.8660202,0.8410284000000001,0.8631226000000001,852987653.2302594,729153735.0,True,2023-10-27,0
2023-10-30,510300.SH,4.283015000000001,4.3314975,4.2806500000000005,4.318490000000001,813024416.9133191,3503763582.0,True,2023-10-30,0
2023-10-30,510500.SH,1.7901325,1.817426,1.788527,1.811004,905522781.0650887,1635597914.0,True,2023-10-30,0
2023-10-30,512100.SH,0.8584140000000001,0.8779728,0.8584140000000001,0.8743508000000001,858926822.1976808,746928237.0,True,2023-10-30,0
2023-10-31,510300.SH,4.3102125,4.316125,4.283015000000001,4.309030000000001,710071906.131078,3053046237.0,True,2023-10-31,0
2023-10-31,510500.SH,1.8103618,1.8138939,1.7984811,1.8068297,661164023.6686392,1193302494.0,True,2023-10-31,0
2023-10-31,512100.SH,0.8718154,0.8757996000000001,0.8649336,0.8696422,696155648.8128104,605365790.0,True,2023-10-31,0
2023-11-01,510300.SH,4.3516,4.3516,4.294840000000001,4.306665000000001,686666723.0443974,2960433483.0,True,2023-11-01,0
2023-11-01,510500.SH,1.8151783,1.8151783,1.7952701,1.8029765,379043581.4388041,682839727.0,True,2023-11-01,0
2023-11-01,512100.SH,0.8718154,0.8725398,0.8649336,0.8685556000000001,665348227.4986194,577515662.0,True,2023-11-01,0
2023-11-02,510300.SH,4.31376,4.338592500000001,4.285380000000001,4.2865625000000005,909413600.845666,3915900772.0,True,2023-11-02,0
2023-11-02,510500.SH,1.804582,1.8103618,1.7849949,1.7866004,451261971.3484896,809851892.0,True,2023-11-02,0
2023-11-02,512100.SH,0.8681934,0.8725398,0.8587762000000001,0.8591384,884098779.679735,763558550.0,True,2023-11-02,0
2023-11-03,510300.SH,4.2936575,4.33741,4.2924750000000005,4.3196725,894564636.7864692,3863396873.0,True,2023-11-03,0
2023-11-03,510500.SH,1.7869215,1.8116462,1.7866004,1.7997655,1095519180.940517,1974546863.0,True,2023-11-03,0
2023-11-03,512100.SH,0.8616738,0.8739886,0.8609494,0.8700044000000001,1409668166.7586966,1225766499.0,True,2023-11-03,0
2023-11-06,510300.SH,4.3456875,4.3811625,4.344505000000001,4.376432500000001,995052483.72093,4344615629.0,True,2023-11-06,0
2023-11-06,510500.SH,1.811004,1.8325177,1.811004,1.83027,1260994627.8417938,2303258966.0,True,2023-11-06,0
2023-11-06,512100.SH,0.8747130000000001,0.8892010000000001,0.8743508000000001,0.8877522000000001,1111551769.7404747,982359167.0,True,2023-11-06,0
2023-11-07,510300.SH,4.3657900000000005,4.376432500000001,4.346870000000001,4.363425,556049971.2473572,2424393951.0,True,2023-11-07,0
2023-11-07,510500.SH,1.8260957,1.8408663,1.8228847,1.8331599,620329626.2846465,1135660661.0,True,2023-11-07,0
2023-11-07,512100.SH,0.8844924000000001,0.8939096000000001,0.8841302,0.8906498,1165034445.0579789,1034757722.0,True,2023-11-07,0
2023-11-08,510300.SH,4.3551475,4.370520000000001,4.325585,4.3504175,960102511.6279068,4175672872.0,True,2023-11-08,0
2023-11-08,510500.SH,1.83027,1.8408663,1.8232058,1.8318755,653508312.0523201,1197799593.0,True,2023-11-08,0
2023-11-08,512100.SH,0.8892010000000001,0.8978938000000001,0.8873900000000001,0.8942718,961946905.024848,859269252.0,True,2023-11-08,0
2023-11-09,510300.SH,4.3409575,4.3693375,4.338592500000001,4.3539650000000005,692236317.1247357,3012831353.0,True,2023-11-09,0
2023-11-09,510500.SH,1.83027,1.8440773,1.823848,1.8280223,659588934.9112425,1207443585.0,True,2023-11-09,0
2023-11-09,512100.SH,0.8920986000000001,0.8978938000000001,0.8863034000000001,0.8884766,836570223.6333517,744819731.0,True,2023-11-09,0
2023-11-10,510300.SH,4.33741,4.33741,4.3078475,4.3220375,663151621.141649,2864208754.0,True,2023-11-10,0
2023-11-10,510500.SH,1.823848,1.8241691,1.8132517,1.8216003,630703456.8670197,1147581005.0,True,2023-11-10,0
2023-11-10,512100.SH,0.8863034000000001,0.8884766,0.8819570000000001,0.8870278,758437360.5742683,671616728.0,True,2023-11-10,0
2023-11-13,510300.SH,4.3267675,4.335045,4.2924750000000005,4.316125,570370684.9894291,2456900620.0,True,2023-11-13,0
2023-11-13,510500.SH,1.823848,1.8325177,1.8167838,1.8315544,704278888.1968234,1284047766.0,True,2023-11-13,0
2023-11-13,512100.SH,0.8899254,0.896445,0.8873900000000001,0.8960828000000002,732306272.7774708,652525492.0,True,2023-11-13,0
2023-11-14,510300.SH,4.320855,4.339775,4.2983875000000005,4.316125,637054728.9640591,2750944509.0,True,2023-11-14,0
2023-11-14,510500.SH,1.8315544,1.843114,1.8286645,1.8392608,748820694.4876986,1375112983.0,True,2023-11-14,0
2023-11-14,512100.SH,0.8953584,0.9029646,0.8939096000000001,0.9007914,787515438.9839867,707826011.0,True,2023-11-14,0
2023-11-15,510300.SH,4.3516,4.3646075,4.3314975,4.3456875,840645353.0655391,3654308894.0,True,2023-11-15,0
2023-11-15,510500.SH,1.8537103,1.8594901,1.8453617,1.8511415,680607116.1631892,1259417788.0,True,2023-11-15,0
2023-11-15,512100.SH,0.907311,0.9083976,0.9007914,0.9044134,838035452.7885146,757391132.0,True,2023-11-15,0
2023-11-16,510300.SH,4.339775,4.3433225,4.300752500000001,4.3031175,745502465.116279,3216526669.0,True,2023-11-16,0
2023-11-16,510500.SH,1.8469672,1.8479305,1.8318755,1.8325177,535796116.4746185,985662358.0,True,2023-11-16,0
2023-11-16,512100.SH,0.9007914,0.9026024,0.8946340000000002,0.8949962000000001,844223542.2418553,758401652.0,True,2023-11-16,0
2023-11-17,510300.SH,4.2924750000000005,4.301935,4.271190000000001,4.297205,1013489109.513742,4344183851.0,True,2023-11-17,0
2023-11-17,510500.SH,1.8267379,1.8392608,1.8260957,1.8386186,644398252.8807225,1181257982.0,True,2023-11-17,0
2023-11-17,512100.SH,0.8942718,0.9051378,0.8917364000000001,0.9047756,828001336.2782992,743357514.0,True,2023-11-17,0
2023-11-20,510300.SH,4.300752500000001,4.324402500000001,4.2688250000000005,4.3102125,725945336.1522198,3119864711.0,True,2023-11-20,0
2023-11-20,510500.SH,1.8395819,1.8533892,1.8309122,1.8488938,668510601.0588602,1230682071.0,True,2023-11-20,0
2023-11-20,512100.SH,0.9029646,0.9123818,0.8997048000000001,0.910933,754879665.9304252,683958857.0,True,2023-11-20,0
2023-11-21,510300.SH,4.3220375,4.358695,4.3043000000000005,4.316125,787827048.6257927,3414862520.0,True,2023-11-21,0
2023-11-21,510500.SH,1.8524259,1.8620589,1.8395819,1.8434351,531218523.8243538,984121338.0,True,2023-11-21,0
2023-11-21,512100.SH,0.9120196,0.9138306,0.903689,0.9044134,660932145.2236333,601226300.0,True,2023-11-21,0
2023-11-22,510300.SH,4.3054825,4.311395,4.2688250000000005,4.270007500000001,644568884.5665962,2765607794.0,True,2023-11-22,0
2023-11-22,510500.SH,1.8373342,1.8440773,1.8193526,1.8199948,785155696.0448458,1439011385.0,True,2023-11-22,0
2023-11-22,512100.SH,0.9029646,0.9076732,0.8931852000000001,0.8946340000000002,615910397.5704031,555126581.0,True,2023-11-22,0
2023-11-23,510300.SH,4.2676425,4.294840000000001,4.251087500000001,4.2924750000000005,655367279.4926003,2800813039.0,True,2023-11-23,0
2023-11-23,510500.SH,1.8177471,1.8395819,1.811004,1.8363709,705447667.3933355,1289509832.0,True,2023-11-23,0
2023-11-23,512100.SH,0.8946340000000002,0.9040512,0.8892010000000001,0.9033268,852273895.6377691,764423111.0,True,2023-11-23,0
2023-11-24,510300.SH,4.287745,4.2889275,4.254635,4.2629125000000005,628713145.0317124,2684275512.0,True,2023-11-24,0
2023-11-24,510500.SH,1.836692,1.836692,1.8148572,1.8216003,1047790604.1731548,1911176710.0,True,2023-11-24,0
2023-11-24,512100.SH,0.9029646,0.9029646,0.8881144000000001,0.8906498,916432620.0993924,819384905.0,True,2023-11-24,0
2023-11-27,510300.SH,4.261730000000001,4.261730000000001,4.2061525,4.2345325,656486805.9196616,2773819650.0,True,2023-11-27,0
2023-11-27,510500.SH,1.8167838,1.8235269,1.8052242,1.8171049,543242668.9504827,985194828.0,True,2023-11-27,0
2023-11-27,512100.SH,0.8913742,0.8931852000000001,0.8844924000000001,0.891012,665469295.9690778,591132258.0,True,2023-11-27,0
2023-11-28,510300.SH,4.227437500000001,4.245175000000001,4.216795,4.239262500000001,615208237.6321353,2603222024.0,True,2023-11-28,0
2023-11-28,510500.SH,1.8161416,1.8286645,1.8039398,1.8254535,554486979.1342261,1007063990.0,True,2023-11-28,0
2023-11-28,512100.SH,0.8892010000000001,0.8960828000000002,0.8826814,0.8942718,646422214.2462727,575783232.0,True,2023-11-28,0
2023-11-29,510300.SH,4.240445,4.2439925,4.191962500000001,4.2073350000000005,641908666.3847779,2702123586.0,True,2023-11-29,0
2023-11-29,510500.SH,1.823848,1.8267379,1.811004,1.8161416,383040560.57303023,697041350.0,True,2023-11-29,0
2023-11-29,512100.SH,0.8949962000000001,0.8960828000000002,0.8884766,0.8917364000000001,618146940.9166207,551981607.0,True,2023-11-29,0
2023-11-30,510300.SH,4.202605,4.223890000000001,4.194327500000001,4.212065,564744250.3171247,2377329010.0,True,2023-11-30,0
2023-11-30,510500.SH,1.8158205,1.8164627,1.7981599999999998,1.8100407,520114895.6711305,940425344.0,True,2023-11-30,0
2023-11-30,512100.SH,0.891012,0.8913742,0.8779728,0.8859412000000001,756047749.8619547,668357955.0,True,2023-11-30,0
2023-12-01,510300.SH,4.2108825,4.217977500000001,4.1612175,4.1955100000000005,727668609.7251585,3046328676.0,True,2023-12-01,0
2023-12-01,510500.SH,1.8081141,1.8228847,1.8023343,1.8187104,463247352.8495796,838384283.0,True,2023-12-01,0
2023-12-01,512100.SH,0.8859412000000001,0.8960828000000002,0.8815948000000001,0.8942718,851599715.6267256,756785754.0,True,2023-12-01,0
2023-12-04,510300.SH,4.1990575,4.202605,4.165947500000001,4.16713,585643088.372093,2448340185.0,True,2023-12-04,0
2023-12-04,510500.SH,1.8196737,1.8264168,1.8145361,1.8148572,487613407.0383058,887198376.0,True,2023-12-04,0
2023-12-04,512100.SH,0.8939096000000001,0.896445,0.8895632,0.8902876000000001,583675265.0469353,520800040.0,True,2023-12-04,0
2023-12-05,510300.SH,4.1612175,4.1612175,4.0879025,4.089085000000001,853099002.9598309,3519764103.0,True,2023-12-05,0
2023-12-05,510500.SH,1.811004,1.811004,1.7856371,1.7869215,565433902.2111492,1017329288.0,True,2023-12-05,0
2023-12-05,512100.SH,0.8873900000000001,0.8881144000000001,0.8732642,0.8743508000000001,706001971.286582,621954844.0,True,2023-12-05,0
2023-12-06,510300.SH,4.084355,4.118647500000001,4.07253,4.094997500000001,847310668.0761099,3471511576.0,True,2023-12-06,0
2023-12-06,510500.SH,1.7846738,1.8026554,1.7795362,1.7907747,593065085.6431018,1062133386.0,True,2023-12-06,0
2023-12-06,512100.SH,0.8736264,0.8844924000000001,0.8700044000000001,0.8779728,653316082.2749861,572671769.0,True,2023-12-06,0
2023-12-07,510300.SH,4.092632500000001,4.100910000000001,4.057157500000001,4.084355,790279768.2875264,3222732043.0,True,2023-12-07,0
2023-12-07,510500.SH,1.7878847999999998,1.7988022,1.7766463,1.7923802,803176032.3886641,1435752959.0,True,2023-12-07,0
2023-12-07,512100.SH,0.8754374,0.8815948000000001,0.8707288,0.8772484000000002,915352401.987852,802192777.0,True,2023-12-07,0
2023-12-08,510300.SH,4.0855375,4.1068225,4.079625000000001,4.092632500000001,599745109.513742,2456531937.0,True,2023-12-08,0
2023-12-08,510500.SH,1.791738,1.804582,1.7907747,1.7962334,778711009.0314543,1400010203.0,True,2023-12-08,0
2023-12-08,512100.SH,0.8772484000000002,0.883768,0.8747130000000001,0.8754374,1084772308.1170623,952890389.0,True,2023-12-08,0
2023-12-11,510300.SH,4.0678,4.1352025,4.0382375,4.1210125,844184214.7991543,3440612626.0,True,2023-12-11,0
2023-12-11,510500.SH,1.7882059,1.8228847,1.7760041,1.8161416,1255417402.6782937,2264477778.0,True,2023-12-11,0
2023-12-11,512100.SH,0.871091,0.8881144000000001,0.8660202,0.8844924000000001,1431616557.1507454,1255749177.0,True,2023-12-11,0
2023-12-12,510300.SH,4.1103700000000005,4.132837500000001,4.1068225,4.130472500000001,541838659.6194502,2232549949.0,True,2023-12-12,0
2023-12-12,510500.SH,1.814215,1.8209581,1.8106829,1.8193526,565187343.5066957,1026398177.0,True,2023-12-12,0
2023-12-12,512100.SH,0.883768,0.8873900000000001,0.8819570000000001,0.8866656,1013927471.0104914,896996526.0,True,2023-12-12,0
2023-12-13,510300.SH,4.117465000000001,4.1221950000000005,4.05834,4.0618875,599420897.2515856,2449237490.0,True,2023-12-13,0
2023-12-13,510500.SH,1.8164627,1.8164627,1.7978389,1.8004077,661899261.9121768,1196368682.0,True,2023-12-13,0
2023-12-13,512100.SH,0.8870278,0.8870278,0.8772484000000002,0.878335,754082747.1010491,665493647.0,True,2023-12-13,0
2023-12-14,510300.SH,4.080807500000001,4.0973625,4.0370550000000005,4.0429675000000005,627089321.7758985,2548257393.0,True,2023-12-14,0
2023-12-14,510500.SH,1.8065086,1.8167838,1.7907747,1.7943068,877834609.1560261,1583535248.0,True,2023-12-14,0
2023-12-14,512100.SH,0.8826814,0.8866656,0.8736264,0.8754374,965745176.6979568,849822930.0,True,2023-12-14,0
2023-12-15,510300.SH,4.055975000000001,4.084355,4.0264125,4.03469,761079733.615222,3083345817.0,True,2023-12-15,0
2023-12-15,510500.SH,1.7981599999999998,1.8032976,1.7747197,1.7801783999999998,1080807315.4780445,1931426648.0,True,2023-12-15,0
2023-12-15,512100.SH,0.8772484000000002,0.8794216,0.8649336,0.86928,987499930.9773604,859776567.0,True,2023-12-15,0
2023-12-18,510300.SH,4.018135000000001,4.0429675000000005,3.99685,4.018135000000001,716535942.4947145,2880805451.0,True,2023-12-18,0
2023-12-18,510500.SH,1.7724719999999998,1.7804995,1.7573803,1.7605913,586736259.7321707,1036538009.0,True,2023-12-18,0
2023-12-18,512100.SH,0.8660202,0.8681934,0.8526188000000001,0.8555164000000001,605391322.4737713,520786475.0,True,2023-12-18,0
2023-12-19,510300.SH,4.0169525,4.0370550000000005,3.99685,4.0205,928995035.0951374,3728059629.0,True,2023-12-19,0
2023-12-19,510500.SH,1.7605913,1.7676555,1.7471051,1.7577014,739089028.340081,1297960196.0,True,2023-12-19,0
2023-12-19,512100.SH,0.8558786,0.8595006000000002,0.8493590000000001,0.8562408,685859914.4119271,585698507.0,True,2023-12-19,0
2023-12-20,510300.SH,4.0252300000000005,4.0311425000000005,3.9791125000000007,3.9838425000000006,875025463.002114,3505163478.0,True,2023-12-20,0
2023-12-20,510500.SH,1.7602702,1.7615546,1.7358665999999998,1.7377932,602264138.8975397,1050928791.0,True,2023-12-20,0
2023-12-20,512100.SH,0.8558786,0.8573274000000001,0.8406662000000001,0.8410284000000001,645360218.1115406,546562169.0,True,2023-12-20,0
2023-12-21,510300.SH,3.9672875,4.033507500000001,3.96374,4.0205,1346679132.3467228,5392955427.0,True,2023-12-21,0
2023-12-21,510500.SH,1.730729,1.7503160999999998,1.7175639,1.7422886,1013094434.755528,1757574800.0,True,2023-12-21,0
2023-12-21,512100.SH,0.8363198000000001,0.8486346,0.829438,0.8453748000000001,826731046.3832136,693809148.0,True,2023-12-21,0
2023-12-22,510300.SH,4.0169525,4.055975000000001,3.999215,4.027595000000001,1756047814.7991543,7076759645.0,True,2023-12-22,0
2023-12-22,510500.SH,1.7406831,1.7535271,1.7284813,1.737151,1045432964.8084708,1815424437.0,True,2023-12-22,0
2023-12-22,512100.SH,0.8446504,0.8489968,0.8341466000000001,0.8381308000000001,824077418.5532855,692924368.0,True,2023-12-22,0
2023-12-25,510300.SH,4.0264125,4.04415,4.0216825,4.0382375,849172553.9112049,3425066434.0,True,2023-12-25,0
2023-12-25,510500.SH,1.7365088000000002,1.7458207,1.7268758,1.7349032999999998,977777592.6502649,1697294843.0,True,2023-12-25,0
2023-12-25,512100.SH,0.8363198000000001,0.8403039999999999,0.8308868,0.836682,792690612.921038,661805075.0,True,2023-12-25,0
2023-12-26,510300.SH,4.0358725,4.0358725,4.0027625,4.0145875,657225640.5919662,2637394901.0,True,2023-12-26,0
2023-12-26,510500.SH,1.73394,1.7345822,1.711463,1.7198116,792124054.8115852,1362422437.0,True,2023-12-26,0
2023-12-26,512100.SH,0.8352332000000001,0.8359576,0.8225562000000001,0.825816,877619729.4312534,725864226.0,True,2023-12-26,0
2023-12-27,510300.SH,4.01577,4.033507500000001,3.994485000000001,4.0264125,707122591.9661733,2840693989.0,True,2023-12-27,0
2023-12-27,510500.SH,1.7207749,1.7297656999999995,1.7085731,1.7249492,799928844.5966989,1375160915.0,True,2023-12-27,0
2023-12-27,512100.SH,0.825816,0.8326978,0.8218318000000001,0.8305246000000001,1020295822.7498618,844663155.0,True,2023-12-27,0
2023-12-28,510300.SH,4.0216825,4.136385000000001,4.0205,4.1257425,2015475003.8054967,8259924175.0,True,2023-12-28,0
2023-12-28,510500.SH,1.7246281,1.7638023,1.7214170999999998,1.7580224999999998,1086014870.7567737,1900033209.0,True,2023-12-28,0
2023-12-28,512100.SH,0.8276270000000001,0.8500834,0.8250916,0.847548,1371495521.811154,1152416615.0,True,2023-12-28,0
2023-12-29,510300.SH,4.124560000000001,4.1446625,4.117465000000001,4.1375675,2130125567.8646927,8806298908.0,True,2023-12-29,0
2023-12-29,510500.SH,1.7589857999999998,1.7772885,1.7567381,1.7721509,845019156.0261601,1496527264.0,True,2023-12-29,0
2023-12-29,512100.SH,0.8468236000000001,0.860225,0.8421150000000002,0.8598628,1010331231.3638872,864174973.0,True,2023-12-29,0
2024-01-02,510300.SH,4.141115,4.141115,4.080807500000001,4.0831725,797404294.2917546,3269676679.0,True,2024-01-02,0
2024-01-02,510500.SH,1.7737564,1.775683,1.7634812,1.7650867,963118178.1376518,1705665321.0,True,2024-01-02,0
2024-01-02,512100.SH,0.8587762000000001,0.8605872,0.8526188000000001,0.8526188000000001,1111180833.7934842,951096966.0,True,2024-01-02,0
2024-01-03,510300.SH,4.074895000000001,4.09145,4.05361,4.071347500000001,897886065.9619449,3654757871.0,True,2024-01-03,0
2024-01-03,510500.SH,1.762839,1.7715087,1.7535271,1.762839,702428361.881034,1238302777.0,True,2024-01-03,0
2024-01-03,512100.SH,0.8508078000000001,0.854792,0.8428394,0.8486346,1062535331.3086692,900556340.0,True,2024-01-03,0
2024-01-04,510300.SH,4.070165,4.070165,4.0051275,4.0358725,1409008440.5919662,5674869534.0,True,2024-01-04,0
2024-01-04,510500.SH,1.7631601,1.7644445,1.7393987,1.7487106,855669679.2276549,1495540700.0,True,2024-01-04,0
2024-01-04,512100.SH,0.8471858,0.8486346,0.838493,0.8435638000000001,1025204693.5394808,863260044.0,True,2024-01-04,0
2024-01-05,510300.SH,4.0252300000000005,4.0666175,3.9933025,4.01577,1437352783.086681,5796964474.0,True,2024-01-05,0
2024-01-05,510500.SH,1.7461418,1.7541693,1.7198116,1.7262336,632820710.0591716,1099041995.0,True,2024-01-05,0
2024-01-05,512100.SH,0.8413906,0.8450126000000001,0.8250916,0.8301624,875470568.7465488,731336763.0,True,2024-01-05,0
2024-01-08,510300.SH,4.0074925,4.0240475,3.956645,3.9601925000000007,1463361002.9598308,5816612453.0,True,2024-01-08,0
2024-01-08,510500.SH,1.7214170999999998,1.7223804,1.6851328,1.685775,910218707.567736,1547033096.0,True,2024-01-08,0
2024-01-08,512100.SH,0.8276270000000001,0.8276270000000001,0.807706,0.8087926000000001,821626557.1507454,670287089.0,True,2024-01-08,0
2024-01-09,510300.SH,3.9625575,3.9862075,3.9483675,3.969652500000001,956632400.0,3794394933.0,True,2024-01-09,0
2024-01-09,510500.SH,1.6864172,1.7047199,1.6819218,1.6896281999999998,691620840.8595454,1169642672.0,True,2024-01-09,0
2024-01-09,512100.SH,0.8106036000000001,0.8182098,0.8026352000000001,0.8087926000000001,827378707.8961899,670611554.0,True,2024-01-09,0
2024-01-10,510300.SH,3.961375,3.9980325,3.94009,3.9507325,810362838.9006342,3211385597.0,True,2024-01-10,0
2024-01-10,510500.SH,1.6838483999999998,1.7027933,1.66972,1.6854539,652925001.5571473,1101714579.0,True,2024-01-10,0
2024-01-10,512100.SH,0.8055328000000002,0.8145878000000001,0.7957534,0.8033596000000001,621226617.8906682,499762981.0,True,2024-01-10,0
2024-01-11,510300.SH,3.9507325,3.99685,3.942455,3.9732,1070813664.270613,4254642486.0,True,2024-01-11,0
2024-01-11,510500.SH,1.682564,1.7130685,1.6809585,1.7056832000000002,839398607.9103084,1426398489.0,True,2024-01-11,0
2024-01-11,512100.SH,0.802273,0.8229183999999999,0.802273,0.8192964,963734237.9900608,784357922.0,True,2024-01-11,0
2024-01-12,510300.SH,3.9625575,3.9933025,3.956645,3.9601925000000007,711481837.6321353,2826380699.0,True,2024-01-12,0
2024-01-12,510500.SH,1.7002245,1.7204537999999998,1.6982978999999998,1.6992612,740489507.9414513,1265314829.0,True,2024-01-12,0
2024-01-12,512100.SH,0.8153122,0.824005,0.8124146,0.8124146,818776270.0165654,669928414.0,True,2024-01-12,0
2024-01-15,510300.SH,3.937725,3.9909375,3.93063,3.9554625000000008,765810249.4714586,3030920178.0,True,2024-01-15,0
2024-01-15,510500.SH,1.6938025,1.7124263,1.6870594,1.6950869,491253407.0383058,834370669.0,True,2024-01-15,0
2024-01-15,512100.SH,0.8087926000000001,0.8182098,0.8040840000000001,0.8098792000000001,607541347.3219215,492632590.0,True,2024-01-15,0
2024-01-16,510300.SH,3.94955,3.98266,3.932995000000001,3.9814775,1495942792.389006,5925099758.0,True,2024-01-16,0
2024-01-16,510500.SH,1.6909126,1.7008667,1.672931,1.6934814,744444693.2419807,1256028405.0,True,2024-01-16,0
2024-01-16,512100.SH,0.8091548000000001,0.8113280000000002,0.7964778,0.807706,786100864.1634456,632680886.0,True,2024-01-16,0
2024-01-17,510300.SH,3.969652500000001,3.969652500000001,3.890425000000001,3.89279,1087708399.1543338,4278633103.0,True,2024-01-17,0
2024-01-17,510500.SH,1.6870594,1.6896281999999998,1.6498118,1.6507751,617147573.9644971,1032494763.0,True,2024-01-17,0
2024-01-17,512100.SH,0.8044462000000001,0.8062572,0.7848874,0.7852496000000001,588057228.0508006,469089779.0,True,2024-01-17,0
2024-01-18,510300.SH,3.8867004,3.955545,3.8238948,3.9470904,3936372854.777281,15257021704.0,True,2024-01-18,0
2024-01-18,510500.SH,1.6491696,1.6546283,1.6061422,1.6523806,1482649535.9701028,2412324445.0,True,2024-01-18,0
2024-01-18,512100.SH,0.7852496000000001,0.7903204,0.7598956,0.7830764,1213468495.3064604,937374833.0,True,2024-01-18,0
2024-01-19,510300.SH,3.9241422,3.967623,3.9156876,3.955545,3058827723.132969,12079016731.0,True,2024-01-19,0
2024-01-19,510500.SH,1.6437109,1.6575182,1.6360045,1.6395366,995396362.5038928,1639168635.0,True,2024-01-19,0
2024-01-19,512100.SH,0.77873,0.7856118000000001,0.7725726,0.773297,1259343083.9315295,981018686.0,True,2024-01-19,0
2024-01-22,510300.SH,3.943467,3.955545,3.8565054,3.8722068,3847538058.453386,15113081733.0,True,2024-01-22,0
2024-01-22,510500.SH,1.6337568,1.6360045,1.547702,1.563757,1166469962.6284647,1858414199.0,True,2024-01-22,0
2024-01-22,512100.SH,0.773297,0.773297,0.7247622,0.7309196,879814715.6267256,658552129.0,True,2024-01-22,0
2024-01-23,510300.SH,3.8637522,3.9217266,3.8480508,3.8987784,1152906418.2811725,4481443569.0,True,2024-01-23,0
2024-01-23,510500.SH,1.5554084,1.5961881,1.5416011,1.5888028,1030801339.1466832,1623833912.0,True,2024-01-23,0
2024-01-23,512100.SH,0.7272976000000001,0.7439588,0.717156,0.7403368,920118348.9784648,675726599.0,True,2024-01-23,0
2024-01-24,510300.SH,3.9120642,3.961584,3.8504664,3.9603762,1886849522.2718997,7373901841.0,True,2024-01-24,0
2024-01-24,510500.SH,1.5897660999999998,1.6138486,1.5538029000000002,1.6112798,1073384241.669262,1704636315.0,True,2024-01-24,0
2024-01-24,512100.SH,0.7417856,0.7526516,0.7211402000000001,0.7519272,934745560.463832,690226233.0,True,2024-01-24,0
2024-01-25,510300.SH,3.949506,4.034052,3.9386358,4.028013,1365045048.0211957,5449682868.0,True,2024-01-25,0
2024-01-25,510500.SH,1.6112798,1.6597658999999998,1.5977936,1.6588026,1073092516.3500468,1755492249.0,True,2024-01-25,0
2024-01-25,512100.SH,0.749754,0.7780056000000001,0.74251,0.7776434,997767697.4047488,763758690.0,True,2024-01-25,0
2024-01-26,510300.SH,4.0195584,4.04613,4.0002336,4.0207662,1807671074.681239,7273329362.0,True,2024-01-26,0
2024-01-26,510500.SH,1.6520594999999998,1.6594448,1.6347201,1.6404999,907744142.0118344,1497872820.0,True,2024-01-26,0
2024-01-26,512100.SH,0.7758324,0.7805409999999999,0.7649664,0.7678640000000001,887093282.7167311,685456122.0,True,2024-01-26,0
2024-01-29,510300.SH,4.0231818,4.040091,3.9833244,3.9845322,837384525.583706,3358335864.0,True,2024-01-29,0
2024-01-29,510500.SH,1.6424265,1.6488485,1.6093532,1.6096743,612283463.0956088,993868410.0,True,2024-01-29,0
2024-01-29,512100.SH,0.7675018000000001,0.773297,0.7464942,0.7468564,820313152.9541689,620810733.0,True,2024-01-29,0
2024-01-30,510300.SH,3.9627918,3.9833244,3.9144798,3.9168954,1564217865.5406525,6186331951.0,True,2024-01-30,0
2024-01-30,510500.SH,1.6032523,1.6141697,1.5695367999999998,1.5769220999999998,587273631.2675179,937038152.0,True,2024-01-30,0
2024-01-30,512100.SH,0.74251,0.7504784000000001,0.7247622,0.726211,742563009.3870789,547857945.0,True,2024-01-30,0
2024-01-31,510300.SH,3.9048174,3.9241422,3.8613366,3.8915316,1580642242.0930617,6157214385.0,True,2024-01-31,0
2024-01-31,510500.SH,1.57339,1.5791698,1.5335736,1.5358213,1080810815.9451883,1675014482.0,True,2024-01-31,0
2024-01-31,512100.SH,0.7247622,0.7276598,0.6965106000000001,0.6994082,1042817415.79238,739380648.0,True,2024-01-31,0
2024-02-01,510300.SH,3.86496,3.9229344,3.852882,3.8867004,1565654562.8415298,6091552415.0,True,2024-02-01,0
2024-02-01,510500.SH,1.5271516,1.5592616,1.5120599,1.5300414999999998,1084405123.0146372,1665132154.0,True,2024-02-01,0
2024-02-01,512100.SH,0.695424,0.7095498000000001,0.6831092,0.6932508000000001,1513987172.832689,1055247346.0,True,2024-02-01,0
2024-02-02,510300.SH,3.8867004,3.9036096,3.7465956,3.8504664,2101916058.1222055,8074716502.0,True,2024-02-02,0
2024-02-02,510500.SH,1.5297204,1.5448121,1.4462343999999998,1.4889407,1197453481.7813766,1800219345.0,True,2024-02-02,0
2024-02-02,512100.SH,0.6928886000000001,0.7008570000000001,0.6458026,0.6697078000000001,1672795991.165102,1129187484.0,True,2024-02-02,0
2024-02-05,510300.SH,3.8142324,3.9060252,3.7574658,3.8746224,2202499369.9287963,8439536816.0,True,2024-02-05,0
2024-02-05,510500.SH,1.483482,1.502748,1.3971061,1.4561885,10940591021.488634,16081415892.0,True,2024-02-05,0
2024-02-05,512100.SH,0.659204,0.6602906000000001,0.6088582,0.6291414000000001,13632698144.671452,8700396123.0,True,2024-02-05,0
2024-02-06,510300.SH,3.846843,4.0026492,3.8432196,3.9990258,1663287107.136943,6562526022.0,True,2024-02-06,0
2024-02-06,510500.SH,1.4394912999999998,1.5830229999999998,1.4337115,1.5775643,3201633161.009032,4861999738.0,True,2024-02-06,0
2024-02-06,512100.SH,0.6161022,0.6794872,0.608496,0.6718810000000001,8410662332.965212,5398219113.0,True,2024-02-06,0
2024-02-07,510300.SH,3.997818,4.0364676,3.9700386,4.034052,2869526966.385164,11514587248.0,True,2024-02-07,0
2024-02-07,510500.SH,1.5865551,1.6809585,1.5743532999999998,1.6777475,4123427514.7929,6790668059.0,True,2024-02-07,0
2024-02-07,512100.SH,0.6660858000000001,0.7081010000000001,0.6660858000000001,0.7019436,5627829820.541137,3915804858.0,True,2024-02-07,0
2024-02-08,510300.SH,4.0485456,4.0654548,4.0255974000000005,4.0606236,1982333150.3560195,8019665628.0,True,2024-02-08,0
2024-02-08,510500.SH,1.7008667,1.7580224999999998,1.6745365,1.6854539,5046770952.974152,8678055731.0,True,2024-02-08,0
2024-02-08,512100.SH,0.709912,0.7399746000000001,0.7059278000000001,0.7305574,4063631032.5786858,2962793571.0,True,2024-02-08,0
2024-02-19,510300.SH,4.0751172,4.0968576,4.052169,4.0932342,1230491506.8719988,5016056179.0,True,2024-02-19,0
2024-02-19,510500.SH,1.70183,1.70183,1.6520594999999998,1.6745365,4831128931.796948,8095394399.0,True,2024-02-19,0
2024-02-19,512100.SH,0.7341794000000001,0.74251,0.7193292,0.7316440000000001,5231521686.913307,3821177177.0,True,2024-02-19,0
2024-02-20,510300.SH,4.0859874,4.112559,4.0727016,4.1077278,811530731.9092565,3322077448.0,True,2024-02-20,0
2024-02-20,510500.SH,1.6652246,1.6787108,1.6533439,1.6745365,1483502130.1775148,2473894419.0,True,2024-02-20,0
2024-02-20,512100.SH,0.7251244,0.7370770000000001,0.7196914000000001,0.733455,1594635654.3346217,1159892193.0,True,2024-02-20,0
2024-02-21,510300.SH,4.0920264,4.2224688,4.0847796,4.1657022,1325515855.274052,5528334980.0,True,2024-02-21,0
2024-02-21,510500.SH,1.6636191,1.714674,1.6584815,1.6735732,1868857253.192152,3156024197.0,True,2024-02-21,0
2024-02-21,512100.SH,0.7287464,0.7591712,0.7247622,0.7370770000000001,2513013785.201546,1872046201.0,True,2024-02-21,0
2024-02-22,510300.SH,4.1632866,4.1995206,4.156039799999999,4.197105,782112211.4588507,3270537309.0,True,2024-02-22,0
2024-02-22,510500.SH,1.6735732,1.692197,1.6681145000000002,1.6880227,918225889.131112,1542814976.0,True,2024-02-22,0
2024-02-22,512100.SH,0.7363526,0.7508406000000001,0.7359904,0.749754,1356385430.70127,1009652007.0,True,2024-02-22,0
2024-02-23,510300.SH,4.197105,4.2236766,4.1838192,4.2007284,903193727.4383177,3794512188.0,True,2024-02-23,0
2024-02-23,510500.SH,1.6886649,1.6963713,1.6677934,1.6957291,1004403615.6960448,1689915433.0,True,2024-02-23,0
2024-02-23,512100.SH,0.7501162000000001,0.7627932,0.7435966,0.7624310000000001,1598290875.2070675,1202547588.0,True,2024-02-23,0
2024-02-26,510300.SH,4.1983128,4.2055596,4.1512086,4.1584554,925018089.0875973,3865703825.0,True,2024-02-26,0
2024-02-26,510500.SH,1.692197,1.7149951,1.6828850999999998,1.6925181,1204754789.7851136,2047977912.0,True,2024-02-26,0
2024-02-26,512100.SH,0.7613444,0.7765568,0.7559114000000001,0.7638798,1571827749.8619547,1202587767.0,True,2024-02-26,0
2024-02-27,510300.SH,4.148793,4.2103908,4.1463774,4.2079752,866770089.418778,3620336718.0,True,2024-02-27,0
2024-02-27,510500.SH,1.688986,1.73394,1.6841695,1.7332978,1143217617.5646217,1958600148.0,True,2024-02-27,0
2024-02-27,512100.SH,0.7606200000000001,0.7881472000000002,0.7584468,0.7870606000000001,1586890659.856433,1229019882.0,True,2024-02-27,0
2024-02-28,510300.SH,4.2115986,4.244209199999999,4.1620788,4.1644944,2363800202.020202,9926190298.0,True,2024-02-28,0
2024-02-28,510500.SH,1.7336189,1.7570592,1.6880227,1.6886649,1495929308.626596,2584556893.0,True,2024-02-28,0
2024-02-28,512100.SH,0.7870606000000001,0.7975644000000001,0.7483052,0.7490296000000001,3230692694.643843,2495932242.0,True,2024-02-28,0
2024-02-29,510300.SH,4.154832,4.2357546,4.1512086,4.2309234,1228336669.9784732,5163736038.0,True,2024-02-29,0
2024-02-29,510500.SH,1.6828850999999998,1.7480684,1.6828850999999998,1.7438941,1976789881.6568048,3414044458.0,True,2024-02-29,0
2024-02-29,512100.SH,0.7450454,0.7794544000000001,0.7435966,0.7790922,1745961443.9536166,1339087543.0,True,2024-02-29,0
2024-03-01,510300.SH,4.2285078,4.275612,4.221261,4.263534,1014770088.5908264,4311480716.0,True,2024-03-01,0
2024-03-01,510500.SH,1.7413253,1.7589857999999998,1.7358665999999998,1.7554537,1040602064.777328,1818468534.0,True,2024-03-01,0
2024-03-01,512100.SH,0.7780056000000001,0.7888716,0.7740214000000001,0.787785,1766351714.5223632,1379505277.0,True,2024-03-01,0
2024-03-04,510300.SH,4.2587028,4.2719886,4.2369624,4.2599106,840085273.2240437,3576642516.0,True,2024-03-04,0
2024-03-04,510500.SH,1.7535271,1.7612335,1.7349032999999998,1.7548115,1351810361.2581751,2365113919.0,True,2024-03-04,0
2024-03-04,512100.SH,0.7874228,0.7917692000000001,0.7747457999999999,0.7892338,1612104080.6184428,1263579869.0,True,2024-03-04,0
2024-03-05,510300.SH,4.245417,4.3070148,4.2369624,4.2949368,2317521005.1333003,9924986737.0,True,2024-03-05,0
2024-03-05,510500.SH,1.7448574,1.7580224999999998,1.7400409,1.7461418,4476684400.498287,7835337665.0,True,2024-03-05,0
2024-03-05,512100.SH,0.7845252,0.7881472000000002,0.776919,0.7834386,5439832330.204307,4265349234.0,True,2024-03-05,0
2024-03-06,510300.SH,4.2888978,4.3142616,4.2731964,4.2780276,1075945872.6610365,4612496593.0,True,2024-03-06,0
2024-03-06,510500.SH,1.7435729999999998,1.7647656,1.7281601999999998,1.7445362999999998,995862158.2061664,1739577363.0,True,2024-03-06,0
2024-03-06,512100.SH,0.7809032000000001,0.7917692000000001,0.7725726,0.7827142,1462122625.621204,1145319846.0,True,2024-03-06,0
2024-03-07,510300.SH,4.2768198,4.299768,4.245417,4.2550794000000005,876757744.6597118,3740550493.0,True,2024-03-07,0
2024-03-07,510500.SH,1.7442152000000002,1.7577014,1.7201327,1.7220593000000002,779298975.3970724,1355027777.0,True,2024-03-07,0
2024-03-07,512100.SH,0.7830764,0.7914070000000001,0.7707616,0.7711238,1427731896.7421312,1113134896.0,True,2024-03-07,0
2024-03-08,510300.SH,4.257495,4.275612,4.2321312,4.267157399999999,713849725.120053,3038389403.0,True,2024-03-08,0
2024-03-08,510500.SH,1.724307,1.7509583,1.7188483,1.7448574,950026673.933354,1647750286.0,True,2024-03-08,0
2024-03-08,512100.SH,0.7729348,0.7848874,0.7682262000000001,0.7812654000000001,1027736896.7421314,799293094.0,True,2024-03-08,0
2024-03-11,510300.SH,4.2647418,4.3287552,4.263534,4.3251318,927936342.9375724,3980306236.0,True,2024-03-11,0
2024-03-11,510500.SH,1.7442152000000002,1.7785729,1.7413253,1.7776096,1243176829.6480846,2185225020.0,True,2024-03-11,0
2024-03-11,512100.SH,0.77873,0.7972022000000001,0.7776434,0.7968400000000001,1582745770.292656,1245798281.0,True,2024-03-11,0
2024-03-12,510300.SH,4.3275474,4.3468722,4.3094304,4.3311708,915581695.6449744,3962320648.0,True,2024-03-12,0
2024-03-12,510500.SH,1.7772885,1.7866004,1.7557748,1.7676555,1301055362.8153224,2302873871.0,True,2024-03-12,0
2024-03-12,512100.SH,0.7968400000000001,0.8051706,0.7914070000000001,0.800462,1189453983.9867475,950150223.0,True,2024-03-12,0
2024-03-13,510300.SH,4.329963,4.329963,4.293729,4.305807,567867658.5527406,2448621615.0,True,2024-03-13,0
2024-03-13,510500.SH,1.7679766,1.7817839000000002,1.756417,1.7650867,1080052161.320461,1909456399.0,True,2024-03-13,0
2024-03-13,512100.SH,0.7997376000000002,0.8106036000000001,0.7964778,0.8029974000000001,1031749627.277747,828631481.0,True,2024-03-13,0
2024-03-14,510300.SH,4.299768,4.3323786,4.269573,4.2901056,581123652.9226693,2499760281.0,True,2024-03-14,0
2024-03-14,510500.SH,1.7621968,1.7760041,1.7445362999999998,1.7577014,990951407.6611648,1744951635.0,True,2024-03-14,0
2024-03-14,512100.SH,0.8019108,0.8069816000000001,0.7906826,0.7982888000000001,977100033.1308668,781966401.0,True,2024-03-14,0
2024-03-15,510300.SH,4.2780276,4.3070148,4.2538716,4.3009758,702950645.8022852,3005272035.0,True,2024-03-15,0
2024-03-15,510500.SH,1.7541693,1.7821049999999998,1.7458207,1.7817839000000002,1593102195.5777018,2803900784.0,True,2024-03-15,0
2024-03-15,512100.SH,0.7953912000000001,0.8109658,0.7939424000000002,0.8106036000000001,1435664240.7509663,1152389210.0,True,2024-03-15,0
2024-03-18,510300.SH,4.3009758,4.3396254,4.3009758,4.3384176,651873598.2778605,2817049387.0,True,2024-03-18,0
2024-03-18,510500.SH,1.7827471999999998,1.8058664,1.7792151,1.804582,1006556960.4484584,1802999075.0,True,2024-03-18,0
2024-03-18,512100.SH,0.8113280000000002,0.8243672,0.8080682,0.824005,1423750831.0325787,1162277587.0,True,2024-03-18,0
2024-03-19,510300.SH,4.3311708,4.34808,4.305807,4.3106382,542205007.4515648,2344663833.0,True,2024-03-19,0
2024-03-19,510500.SH,1.801371,1.8029765,1.7843527,1.7856371,858322030.5200872,1540655668.0,True,2024-03-19,0
2024-03-19,512100.SH,0.8207452000000001,0.8236428,0.8149500000000001,0.8160366000000001,1255449249.033683,1028152848.0,True,2024-03-19,0
2024-03-20,510300.SH,4.3009758,4.3263396,4.297352399999999,4.3142616,445406564.828614,1920793104.0,True,2024-03-20,0
2024-03-20,510500.SH,1.7859582,1.7952701,1.7798573,1.7901325,586450102.7717222,1048538572.0,True,2024-03-20,0
2024-03-20,512100.SH,0.8156744,0.8254538,0.8149500000000001,0.8232806000000001,982087128.6581998,804891516.0,True,2024-03-20,0
2024-03-21,510300.SH,4.323924,4.3408332,4.305807,4.311846,513109129.8228184,2218906080.0,True,2024-03-21,0
2024-03-21,510500.SH,1.7943068,1.7978389,1.7779307,1.7814628,758143528.4957957,1354248800.0,True,2024-03-21,0
2024-03-21,512100.SH,0.8250916,0.8290758000000001,0.8178476,0.8229183999999999,841409861.9547211,693462739.0,True,2024-03-21,0
2024-03-22,510300.SH,4.308222600000001,4.3094304,4.2417936,4.2744042,1201057918.529558,5127448694.0,True,2024-03-22,0
2024-03-22,510500.SH,1.7811416999999998,1.7814628,1.7458207,1.7548115,769116515.1043289,1352646428.0,True,2024-03-22,0
2024-03-22,512100.SH,0.8221940000000001,0.8236428,0.8073438000000001,0.8135012,1280546940.9166205,1042343701.0,True,2024-03-22,0
2024-03-25,510300.SH,4.263534,4.293729,4.2478326,4.251456,522058837.5558868,2227919111.0,True,2024-03-25,0
2024-03-25,510500.SH,1.7528849,1.7612335,1.7255914,1.7288024000000002,842591744.0049828,1470479128.0,True,2024-03-25,0
2024-03-25,512100.SH,0.8124146,0.8163988000000001,0.795029,0.7953912000000001,1404286609.6079512,1132476441.0,True,2024-03-25,0
2024-03-26,510300.SH,4.251456,4.2731964,4.2417936,4.2647418,727855011.591323,3098650769.0,True,2024-03-26,0
2024-03-26,510500.SH,1.7294446,1.7365088000000002,1.7098575,1.7210960000000002,1479809355.341015,2550111826.0,True,2024-03-26,0
2024-03-26,512100.SH,0.7946668,0.7997376000000002,0.784163,0.7917692000000001,1345377810.6018777,1066226591.0,True,2024-03-26,0
2024-03-27,510300.SH,4.2587028,4.2659496,4.2176376,4.2188454,724165798.9733399,3074186800.0,True,2024-03-27,0
2024-03-27,510500.SH,1.7204537999999998,1.7204537999999998,1.6803163,1.6812796,1059556153.846154,1803119168.0,True,2024-03-27,0
2024-03-27,512100.SH,0.7895960000000001,0.7917692000000001,0.7653286,0.7660530000000001,1427192228.0508006,1110565857.0,True,2024-03-27,0
2024-03-28,510300.SH,4.2164298,4.2804432,4.2043518,4.239377999999999,854384081.8016227,3626832966.0,True,2024-03-28,0
2024-03-28,510500.SH,1.6822429,1.7214170999999998,1.6822429,1.7027933,1107205238.243538,1885426261.0,True,2024-03-28,0
2024-03-28,512100.SH,0.7646042000000001,0.7914070000000001,0.7646042000000001,0.7838008000000001,1651024246.2727773,1292168990.0,True,2024-03-28,0
2024-03-29,510300.SH,4.2357546,4.263534,4.233339,4.2587028,539158717.5028979,2290152714.0,True,2024-03-29,0
2024-03-29,510500.SH,1.7002245,1.7259125,1.6979768,1.7246281,1193221295.5465586,2042485157.0,True,2024-03-29,0
2024-03-29,512100.SH,0.7816276,0.7928558000000001,0.7772812,0.7921314,1485517070.6791828,1167120176.0,True,2024-03-29,0
2024-04-01,510300.SH,4.275612,4.3408332,4.2744042,4.3287552,905168517.1385992,3911633845.0,True,2024-04-01,0
2024-04-01,510500.SH,1.7297656999999995,1.7638023,1.7294446,1.7609124,1265681320.4609156,2217313497.0,True,2024-04-01,0
2024-04-01,512100.SH,0.7939424000000002,0.8102414000000001,0.7939424000000002,0.8087926000000001,1677666940.9166205,1349320913.0,True,2024-04-01,0
2024-04-02,510300.SH,4.3275474,4.3323786,4.3009758,4.3142616,482854265.6068886,2083908476.0,True,2024-04-02,0
2024-04-02,510500.SH,1.7605913,1.7625179,1.7438941,1.7538482,1034510582.3730924,1812871679.0,True,2024-04-02,0
2024-04-02,512100.SH,0.807706,0.8087926000000001,0.7982888000000001,0.8044462000000001,1523340919.381557,1224007532.0,True,2024-04-02,0
2024-04-03,510300.SH,4.311846,4.3142616,4.2852744,4.297352399999999,495401896.00927305,2129802753.0,True,2024-04-03,0
2024-04-03,510500.SH,1.7519216000000002,1.7551326,1.7429308,1.7528849,1238861865.462473,2167619898.0,True,2024-04-03,0
2024-04-03,512100.SH,0.8044462000000001,0.8044462000000001,0.7935802,0.8019108,1441505505.2457206,1150475682.0,True,2024-04-03,0
2024-04-08,510300.SH,4.28769,4.2949368,4.2562872,4.2623262,587803169.3989071,2511699150.0,True,2024-04-08,0
2024-04-08,510500.SH,1.749995,1.7548115,1.7259125,1.7271968999999998,1025621812.5194644,1785032805.0,True,2024-04-08,0
2024-04-08,512100.SH,0.7979266,0.7986510000000001,0.7848874,0.7852496000000001,904157727.77471,716710997.0,True,2024-04-08,0
2024-04-09,510300.SH,4.2599106,4.2683652,4.2417936,4.2550794000000005,442570901.6393442,1882130476.0,True,2024-04-09,0
2024-04-09,510500.SH,1.7255914,1.7422886,1.7239859,1.7416464,556437636.2503893,964306442.0,True,2024-04-09,0
2024-04-09,512100.SH,0.7852496000000001,0.7964778,0.7830764,0.7953912000000001,648669262.8382108,512559164.0,True,2024-04-09,0
2024-04-10,510300.SH,4.2562872,4.2562872,4.203144,4.2236766,564390745.1564828,2385834189.0,True,2024-04-10,0
2024-04-10,510500.SH,1.7406831,1.7406831,1.708252,1.7214170999999998,615308128.308938,1061909146.0,True,2024-04-10,0
2024-04-10,512100.SH,0.7939424000000002,0.7939424000000002,0.7747457999999999,0.7812654000000001,681004563.7769186,533830787.0,True,2024-04-10,0
2024-04-11,510300.SH,4.2043518,4.2430014,4.197105,4.220053200000001,446361873.65457857,1884073688.0,True,2024-04-11,0
2024-04-11,510500.SH,1.7133896000000002,1.7471051,1.7098575,1.7294446,946125935.845531,1641704048.0,True,2024-04-11,0
2024-04-11,512100.SH,0.7765568,0.7924936000000001,0.7751080000000001,0.7830764,882976728.3268912,693322490.0,True,2024-04-11,0
2024-04-12,510300.SH,4.220053200000001,4.233339,4.1753646,4.1862348,613108885.5770823,2575786145.0,True,2024-04-12,0
2024-04-12,510500.SH,1.7294446,1.7419675,1.7169217,1.7201327,972567060.105886,1679792228.0,True,2024-04-12,0
2024-04-12,512100.SH,0.7809032000000001,0.7881472000000002,0.7751080000000001,0.7765568,731471808.393153,571133240.0,True,2024-04-12,0
2024-04-15,510300.SH,4.1862348,4.281651,4.1838192,4.2744042,910708503.0634212,3869936517.0,True,2024-04-15,0
2024-04-15,510500.SH,1.717885,1.7544904,1.7027933,1.7429308,981363307.3808782,1702167108.0,True,2024-04-15,0
2024-04-15,512100.SH,0.7743836000000001,0.7805409999999999,0.7580846,0.769675,899763506.3500828,692288483.0,True,2024-04-15,0
2024-04-16,510300.SH,4.2562872,4.269573,4.2164298,4.2357546,756110156.4828615,3210005558.0,True,2024-04-16,0
2024-04-16,510500.SH,1.7326556,1.7432519,1.6899493,1.695408,1216177545.9358456,2085941389.0,True,2024-04-16,0
2024-04-16,512100.SH,0.7667774,0.7689506000000002,0.7363526,0.7367148,1918314734.9530644,1436381766.0,True,2024-04-16,0
2024-04-17,510300.SH,4.2357546,4.2961446,4.2164298,4.2913134,825026025.8320915,3514407052.0,True,2024-04-17,0
2024-04-17,510500.SH,1.6979768,1.7416464,1.6979768,1.7406831,1193841348.489567,2058459036.0,True,2024-04-17,0
2024-04-17,512100.SH,0.7428722000000001,0.7703994,0.7421478,0.7700372,1607957948.6471562,1222645409.0,True,2024-04-17,0
2024-04-18,510300.SH,4.2804432,4.3408332,4.2768198,4.2985602,770176574.7640338,3319194193.0,True,2024-04-18,0
2024-04-18,510500.SH,1.737151,1.76605,1.7265547,1.7438941,1059849265.0264716,1851687972.0,True,2024-04-18,0
2024-04-18,512100.SH,0.7660530000000001,0.7783678,0.7602578000000001,0.7689506000000002,1714219494.7542794,1321298884.0,True,2024-04-18,0
2024-04-19,510300.SH,4.281651,4.2925212,4.249040399999999,4.2647418,533429161.28498095,2277856492.0,True,2024-04-19,0
2024-04-19,510500.SH,1.7381143,1.7503160999999998,1.724307,1.7320134,1112843350.9810028,1930070728.0,True,2024-04-19,0
2024-04-19,512100.SH,0.7646042000000001,0.773297,0.7595334,0.7653286,1329243440.0883489,1017316017.0,True,2024-04-19,0
2024-04-22,510300.SH,4.263534,4.2901056,4.249040399999999,4.2562872,600415931.4456036,2562064527.0,True,2024-04-22,0
2024-04-22,510500.SH,1.7294446,1.7435729999999998,1.714674,1.7175639,609931124.260355,1052433481.0,True,2024-04-22,0
2024-04-22,512100.SH,0.7624310000000001,0.7725726,0.753376,0.7638798,673901209.2766428,515223380.0,True,2024-04-22,0
2024-04-23,510300.SH,4.2562872,4.263534,4.2188454,4.2260922,780632083.1263455,3302843911.0,True,2024-04-23,0
2024-04-23,510500.SH,1.7172428,1.7255914,1.6941236,1.6976557,588652485.2071006,1003085449.0,True,2024-04-23,0
2024-04-23,512100.SH,0.7624310000000001,0.7671396,0.7548248000000001,0.7588090000000001,777004469.9061291,590376801.0,True,2024-04-23,0
2024-04-24,510300.SH,4.233339,4.2478326,4.214014199999999,4.2430014,491995287.29922175,2081789894.0,True,2024-04-24,0
2024-04-24,510500.SH,1.7005456,1.717885,1.688986,1.7175639,551682992.8371224,940284676.0,True,2024-04-24,0
2024-04-24,512100.SH,0.7580846,0.773297,0.7566358000000001,0.7729348,1218755190.5024848,935067291.0,True,2024-04-24,0
2024-04-25,510300.SH,4.2309234,4.2719886,4.221261,4.2550794000000005,550385174.6977977,2337486533.0,True,2024-04-25,0
2024-04-25,510500.SH,1.711463,1.7291234999999998,1.7050409999999998,1.7149951,600019993.7714108,1029843330.0,True,2024-04-25,0
2024-04-25,512100.SH,0.7722104000000001,0.7805409999999999,0.7678640000000001,0.7725726,1077607493.097736,834951278.0,True,2024-04-25,0
2024-04-26,510300.SH,4.2562872,4.3251318,4.2562872,4.3154694,1137865506.7064085,4889467155.0,True,2024-04-26,0
2024-04-26,510500.SH,1.7169217,1.7580224999999998,1.7166006,1.7535271,2482340407.9725943,4329716776.0,True,2024-04-26,0
2024-04-26,512100.SH,0.7729348,0.7899582,0.7711238,0.7885094,2253539505.7979016,1767085398.0,True,2024-04-26,0
2024-04-29,510300.SH,4.3203006,4.3939764,4.3142616,4.3674048,1267032974.0023184,5523568416.0,True,2024-04-29,0
2024-04-29,510500.SH,1.7560959,1.7936646,1.7548115,1.7875637,1764688480.224229,3138793820.0,True,2024-04-29,0
2024-04-29,512100.SH,0.7914070000000001,0.8091548000000001,0.7895960000000001,0.807706,2613803810.049696,2100012448.0,True,2024-04-29,0
2024-04-30,510300.SH,4.3661970000000005,4.3770672,4.3432488000000005,4.3456644,681494464.315284,2971763282.0,True,2024-04-30,0
2024-04-30,510500.SH,1.7869215,1.7901325,1.7743985999999998,1.7753619,861737206.4777328,1535170863.0,True,2024-04-30,0
2024-04-30,512100.SH,0.8062572,0.8084304000000001,0.7972022000000001,0.7993754,1280500891.7725017,1026873766.0,True,2024-04-30,0
2024-05-06,510300.SH,4.3963920000000005,4.4253792,4.390352999999999,4.4060544,1083839267.262792,4778963455.0,True,2024-05-06,0
2024-05-06,510500.SH,1.7981599999999998,1.807793,1.7946279,1.8026554,1597530208.657739,2877857689.0,True,2024-05-06,0
2024-05-06,512100.SH,0.8102414000000001,0.8218318000000001,0.8098792000000001,0.8142256000000001,2142381902.2639425,1743482702.0,True,2024-05-06,0
2024-05-07,510300.SH,4.402431,4.4157168,4.3927686,4.40847,567990030.634211,2503006857.0,True,2024-05-07,0
2024-05-07,510500.SH,1.801371,1.8081141,1.7959123,1.8023343,712964023.6686391,1284759439.0,True,2024-05-07,0
2024-05-07,512100.SH,0.8135012,0.8192964,0.8124146,0.8174854000000001,1246130908.337935,1016770387.0,True,2024-05-07,0
2024-05-08,510300.SH,4.4000154,4.4012232,4.3698204,4.3734438,528875524.09339297,2318202807.0,True,2024-05-08,0
2024-05-08,510500.SH,1.801371,1.801371,1.7782518,1.7795362,1238109514.1700406,2209922264.0,True,2024-05-08,0
2024-05-08,512100.SH,0.8149500000000001,0.8149500000000001,0.8037218,0.8044462000000001,1473463542.2418551,1189859320.0,True,2024-05-08,0
2024-05-09,510300.SH,4.372236,4.4229636,4.3710282000000005,4.4157168,538336085.44461,2372500248.0,True,2024-05-09,0
2024-05-09,510500.SH,1.7785729,1.8183893,1.7785729,1.8119673,924970109.0003116,1671070310.0,True,2024-05-09,0
2024-05-09,512100.SH,0.8033596000000001,0.8214696,0.8033596000000001,0.818572,1054341496.4108226,860885090.0,True,2024-05-09,0
2024-05-10,510300.SH,4.4241714,4.432626,4.385521799999999,4.4181324,716257161.781752,3157134930.0,True,2024-05-10,0
2024-05-10,510500.SH,1.8132517,1.8193526,1.7923802,1.8055453,1595010460.9156027,2872238383.0,True,2024-05-10,0
2024-05-10,512100.SH,0.8211074,0.8225562000000001,0.8069816000000001,0.8113280000000002,2080114991.7172832,1685968934.0,True,2024-05-10,0
2024-05-13,510300.SH,4.3927686,4.4277948,4.3710282000000005,4.414509,613644181.1558205,2701728525.0,True,2024-05-13,0
2024-05-13,510500.SH,1.7936646,1.804582,1.7814628,1.7962334,1019068215.5091872,1826421973.0,True,2024-05-13,0
2024-05-13,512100.SH,0.8066194,0.8091548000000001,0.7964778,0.8037218,1302567849.2545557,1045165451.0,True,2024-05-13,0
2024-05-14,510300.SH,4.414509,4.432626,4.3939764,4.4072622,486559695.31379366,2144402883.0,True,2024-05-14,0
2024-05-14,510500.SH,1.7959123,1.8097196,1.788527,1.7943068,836936664.5904703,1503325676.0,True,2024-05-14,0
2024-05-14,512100.SH,0.8040840000000001,0.8131390000000001,0.8029974000000001,0.8073438000000001,1088555317.504141,879171054.0,True,2024-05-14,0
2024-05-15,510300.SH,4.4048466,4.4096778,4.3686126,4.3758594,708682136.1152508,3109209781.0,True,2024-05-15,0
2024-05-15,510500.SH,1.7943068,1.7943068,1.7747197,1.7785729,850815708.5020243,1518528125.0,True,2024-05-15,0
2024-05-15,512100.SH,0.8066194,0.8087926000000001,0.7986510000000001,0.8000998,620072308.1170623,498244689.0,True,2024-05-15,0
2024-05-16,510300.SH,4.384314,4.4096778,4.3734438,4.390352999999999,870340724.4576917,3822598483.0,True,2024-05-16,0
2024-05-16,510500.SH,1.7837105,1.7907747,1.7644445,1.7702243,742339828.7137964,1319818161.0,True,2024-05-16,0
2024-05-16,512100.SH,0.8015486,0.807706,0.7968400000000001,0.7982888000000001,904412998.3434566,726582151.0,True,2024-05-16,0
2024-05-17,510300.SH,4.390352999999999,4.443496199999999,4.3758594,4.4398728,771689792.1841365,3401620100.0,True,2024-05-17,0
2024-05-17,510500.SH,1.7742018,1.7963834,1.768004,1.7954047999999998,1579296952.7896996,2813505491.0,True,2024-05-17,0
2024-05-17,512100.SH,0.7986510000000001,0.8120524,0.7968400000000001,0.8113280000000002,1323990952.5124242,1067336662.0,True,2024-05-17,0
2024-05-20,510300.SH,4.4471196,4.46886,4.432626,4.449535200000001,775406438.152012,3450627455.0,True,2024-05-20,0
2024-05-20,510500.SH,1.7963834,1.8097576,1.7914904,1.8019288,1631740150.2145922,2938657577.0,True,2024-05-20,0
2024-05-20,512100.SH,0.8113280000000002,0.8178476,0.8084304000000001,0.8142256000000001,1449234668.691331,1179527502.0,True,2024-05-20,0
2024-05-21,510300.SH,4.443496199999999,4.4483274,4.420548,4.4350416,411478623.9443616,1824951018.0,True,2024-05-21,0
2024-05-21,510500.SH,1.7960572,1.7999716,1.7823568,1.7888808,860996079.0925813,1541428580.0,True,2024-05-21,0
2024-05-21,512100.SH,0.8127768000000001,0.8131390000000001,0.8026352000000001,0.805895,1775281985.0911098,1432371088.0,True,2024-05-21,0
2024-05-22,510300.SH,4.432626,4.4555742,4.4241714,4.444704,560262093.0617652,2488949571.0,True,2024-05-22,0
2024-05-22,510500.SH,1.7872498,1.7918166,1.7813782,1.7869236,703862805.0275905,1257466353.0,True,2024-05-22,0
2024-05-22,512100.SH,0.8048084000000001,0.8087926000000001,0.8015486,0.8069816000000001,580797065.1573716,468128441.0,True,2024-05-22,0
2024-05-23,510300.SH,4.4338338,4.4374572,4.385521799999999,4.4000154,578577622.9508197,2548466424.0,True,2024-05-23,0
2024-05-23,510500.SH,1.7826829999999998,1.7826829999999998,1.7490844,1.7559346,1223918418.1483753,2157056181.0,True,2024-05-23,0
2024-05-23,512100.SH,0.8044462000000001,0.8044462000000001,0.7866984000000001,0.7895960000000001,880409119.2711209,699331089.0,True,2024-05-23,0
2024-05-24,510300.SH,4.3867296,4.40847,4.3456644,4.3504956,696534359.9933764,3048259226.0,True,2024-05-24,0
2024-05-24,510500.SH,1.7487582,1.7670254,1.7366887999999998,1.7389722,641385836.9098712,1123114671.0,True,2024-05-24,0
2024-05-24,512100.SH,0.7856118000000001,0.793218,0.7801788000000001,0.7801788000000001,689357203.2026504,541469252.0,True,2024-05-24,0
2024-05-27,510300.SH,4.354119,4.3891452,4.3492878,4.3867296,554415041.3975824,2421614804.0,True,2024-05-27,0
2024-05-27,510500.SH,1.743539,1.7572393999999998,1.7269027999999995,1.7559346,743576600.2452483,1295755500.0,True,2024-05-27,0
2024-05-27,512100.SH,0.7819898,0.7899582,0.7711238,0.7892338,753542973.4953064,586492211.0,True,2024-05-27,0
2024-05-28,510300.SH,4.385521799999999,4.3879374,4.3504956,4.3589502,440265936.4133135,1923959394.0,True,2024-05-28,0
2024-05-28,510500.SH,1.7539774,1.7546297999999998,1.7366887999999998,1.7406032,657965622.3175966,1148740742.0,True,2024-05-28,0
2024-05-28,512100.SH,0.7856118000000001,0.7888716,0.77873,0.7801788000000001,690852725.0138044,541897325.0,True,2024-05-28,0
2024-05-29,510300.SH,4.3577424,4.3879374,4.3492878,4.360158,509393179.33432686,2225724205.0,True,2024-05-29,0
2024-05-29,510500.SH,1.738646,1.7569132,1.737015,1.7441914,963691425.5058248,1685053739.0,True,2024-05-29,0
2024-05-29,512100.SH,0.77873,0.7863361999999999,0.7765568,0.7798166000000001,620230869.6852567,485112172.0,True,2024-05-29,0
2024-05-30,510300.SH,4.3517034,4.378275,4.3335864,4.3432488000000005,644084536.3470774,2801007806.0,True,2024-05-30,0
2024-05-30,510500.SH,1.7441914,1.753325,1.7347316,1.7406032,621014101.7780503,1082625287.0,True,2024-05-30,0
2024-05-30,512100.SH,0.7761946,0.7845252,0.7740214000000001,0.7794544000000001,739882702.9265599,576987102.0,True,2024-05-30,0
2024-05-31,510300.SH,4.3504956,4.3674048,4.323924,4.3263396,598789816.1947342,2602439724.0,True,2024-05-31,0
2024-05-31,510500.SH,1.7441914,1.7569132,1.7392983999999998,1.740277,926147988.963826,1617830981.0,True,2024-05-31,0
2024-05-31,512100.SH,0.7805409999999999,0.7866984000000001,0.7801788000000001,0.7816276,826956811.1540585,647440920.0,True,2024-05-31,0
2024-06-03,510300.SH,4.323924,4.3468722,4.305807,4.3323786,585785386.6534195,2533469501.0,True,2024-06-03,0
2024-06-03,510500.SH,1.7383198,1.7428865999999998,1.7135286,1.7269027999999995,911432648.6817904,1573165845.0,True,2024-06-03,0
2024-06-03,512100.SH,0.7801788000000001,0.7816276,0.7653286,0.7711238,874928186.0850358,676396984.0,True,2024-06-03,0
2024-06-04,510300.SH,4.329963,4.3770672,4.3227162,4.3625736,564446019.2084782,2455442420.0,True,2024-06-04,0
2024-06-04,510500.SH,1.7252717999999998,1.7556083999999998,1.7200525999999998,1.750063,710621799.5095034,1236260806.0,True,2024-06-04,0
2024-06-04,512100.SH,0.7678640000000001,0.7780056000000001,0.7646042000000001,0.7761946,844578409.7183876,651490180.0,True,2024-06-04,0
2024-06-05,510300.SH,4.3637814,4.3746516,4.3444566,4.3468722,483473615.6648452,2108415409.0,True,2024-06-05,0
2024-06-05,510500.SH,1.750063,1.7526726,1.7301648,1.7311434,571081023.9117106,995937984.0,True,2024-06-05,0
2024-06-05,512100.SH,0.7740214000000001,0.77873,0.7664152000000001,0.7667774,689496651.021535,532837837.00000006,True,2024-06-05,0
2024-06-06,510300.SH,4.355326799999999,4.384314,4.329963,4.3468722,850057396.0920682,3703349866.0,True,2024-06-06,0
2024-06-06,510500.SH,1.7366887999999998,1.7419079999999998,1.7105928,1.7187478,776990407.7253219,1341265379.0,True,2024-06-06,0
2024-06-06,512100.SH,0.7682262000000001,0.771486,0.7475808,0.7508406000000001,1212760916.6206515,917648348.0,True,2024-06-06,0
2024-06-07,510300.SH,4.3504956,4.360158,4.293729,4.3190928,851239533.8632224,3679748332.0,True,2024-06-07,0
2024-06-07,510500.SH,1.7259242,1.7301648,1.7001544,1.7105928,840970438.3813611,1440518368.0,True,2024-06-07,0
2024-06-07,512100.SH,0.756998,0.7595334,0.7457698000000001,0.7537382,1281743749.3097737,965799755.0,True,2024-06-07,0
2024-06-11,510300.SH,4.308222600000001,4.3106382,4.267157399999999,4.2888978,728528717.5028979,3120655858.0,True,2024-06-11,0
2024-06-11,510500.SH,1.7050474,1.7207050000000002,1.6959137999999998,1.7145072,575480088.9025139,982239469.0,True,2024-06-11,0
2024-06-11,512100.SH,0.749754,0.7627932,0.7435966,0.7606200000000001,929094961.347322,701082490.0,True,2024-06-11,0
2024-06-12,510300.SH,4.2804432,4.2949368,4.2707808,4.2840666,471796084.6166584,2021361645.0,True,2024-06-12,0
2024-06-12,510500.SH,1.710919,1.7249456,1.7102666,1.7194002,580604610.6683017,998194127.0,True,2024-06-12,0
2024-06-12,512100.SH,0.7573602000000001,0.7653286,0.7566358000000001,0.7627932,907335074.5444504,692116431.0,True,2024-06-12,0
2024-06-13,510300.SH,4.293729,4.297352399999999,4.257495,4.2683652,454382936.7444941,1942881857.0,True,2024-06-13,0
2024-06-13,510500.SH,1.7220098,1.7233146,1.7056998,1.7105928,598429862.0478234,1024633279.0,True,2024-06-13,0
2024-06-13,512100.SH,0.7646042000000001,0.7646042000000001,0.7562736000000001,0.7580846,588348188.8459414,446962166.0,True,2024-06-13,0
2024-06-14,510300.SH,4.2599106,4.297352399999999,4.2478326,4.2925212,558125479.384004,2384388229.0,True,2024-06-14,0
2024-06-14,510500.SH,1.707657,1.725598,1.7008068,1.7187478,963207771.3059472,1650786376.0,True,2024-06-14,0
2024-06-14,512100.SH,0.7555492,0.7624310000000001,0.7530138000000001,0.7602578000000001,1102650604.6383214,835239668.0,True,2024-06-14,0
2024-06-17,510300.SH,4.2719886,4.2913134,4.2659496,4.2804432,325399234.144726,1393127820.0,True,2024-06-17,0
2024-06-17,510500.SH,1.7115714,1.7200525999999998,1.7089618,1.7128762,441612762.1091355,757577688.0,True,2024-06-17,0
2024-06-17,512100.SH,0.7566358000000001,0.764242,0.7555492,0.7591712,960052970.7344007,730634636.0,True,2024-06-17,0
2024-06-18,510300.SH,4.2864822,4.305807,4.2792354,4.293729,454574598.4434509,1951607303.0,True,2024-06-18,0
2024-06-18,510500.SH,1.714181,1.7275552,1.714181,1.7216835999999998,760493350.705089,1309362390.0,True,2024-06-18,0
2024-06-18,512100.SH,0.7591712,0.7678640000000001,0.7584468,0.7660530000000001,1655889392.6007729,1266486757.0,True,2024-06-18,0
2024-06-19,510300.SH,4.2961446,4.3009758,4.275612,4.281651,439526020.8643816,1883345443.0,True,2024-06-19,0
2024-06-19,510500.SH,1.7246194,1.7262504,1.7021115999999998,1.7040688,604851670.7541386,1033228122.0,True,2024-06-19,0
2024-06-19,512100.SH,0.7667774,0.7685884000000001,0.7555492,0.7559114000000001,1598495027.6090558,1213020443.0,True,2024-06-19,0
2024-06-20,510300.SH,4.2792354,4.2888978,4.2466248,4.2538716,459228166.9150522,1957492953.0,True,2024-06-20,0
2024-06-20,510500.SH,1.7024378,1.707657,1.6769942,1.6786252,533340003.0656039,900567952.0,True,2024-06-20,0
2024-06-20,512100.SH,0.7544626000000001,0.7577224000000001,0.7399746000000001,0.7421478,1280260472.1148536,956435934.0,True,2024-06-20,0
2024-06-21,510300.SH,4.2478326,4.257495,4.2188454,4.2466248,1627643431.859579,6909858710.0,True,2024-06-21,0
2024-06-21,510500.SH,1.6763418,1.6900422,1.6730797999999998,1.681561,815978338.4426732,1372701498.0,True,2024-06-21,0
2024-06-21,512100.SH,0.7396124,0.746132,0.7363526,0.7410612,940891071.2313638,697378909.0,True,2024-06-21,0
2024-06-24,510300.SH,4.2297156,4.2587028,4.2188454,4.2260922,1728386760.2252028,7315197212.0,True,2024-06-24,0
2024-06-24,510500.SH,1.6766679999999998,1.6766679999999998,1.6427431999999995,1.6463313999999998,2550808123.8503985,4219239878.0,True,2024-06-24,0
2024-06-24,512100.SH,0.7367148,0.7370770000000001,0.7164316000000001,0.717156,990556281.0601876,718454854.0,True,2024-06-24,0
2024-06-25,510300.SH,4.221261,4.2321312,4.1777802,4.2007284,1439359552.9061103,6057065481.0,True,2024-06-25,0
2024-06-25,510500.SH,1.6473099999999998,1.652203,1.6192568,1.6319786,1659863583.690987,2717880474.0,True,2024-06-25,0
2024-06-25,512100.SH,0.717156,0.7204158,0.7059278000000001,0.7113608,1064225549.4202098,759518395.0,True,2024-06-25,0
2024-06-26,510300.SH,4.191066,4.2357546,4.1838192,4.2260922,865614772.313297,3639499501.0,True,2024-06-26,0
2024-06-26,510500.SH,1.6283904,1.6577484,1.621214,1.6544864,1165073393.623544,1907111299.0,True,2024-06-26,0
2024-06-26,512100.SH,0.709912,0.7330928000000001,0.70629,0.7323683999999999,1375977678.07841,993141498.0,True,2024-06-26,0
2024-06-27,510300.SH,4.215222,4.2224688,4.1958972,4.203144,1187038368.935254,4995169625.0,True,2024-06-27,0
2024-06-27,510500.SH,1.6482886,1.6502458,1.6257808,1.6270856,1972427348.252606,3221419468.0,True,2024-06-27,0
2024-06-27,512100.SH,0.7283842,0.7301952,0.713534,0.7146206,1494068498.067366,1076063619.0,True,2024-06-27,0
2024-06-28,510300.SH,4.1958972,4.2405858,4.1946894,4.2115986,1056088274.5487664,4457663634.0,True,2024-06-28,0
2024-06-28,510500.SH,1.6238236,1.652203,1.6218664,1.6296952,1271709696.5052116,2085352184.0,True,2024-06-28,0
2024-06-28,512100.SH,0.7124474000000001,0.7301952,0.7120852000000001,0.7182426000000001,1999064856.43291,1447707051.0,True,2024-06-28,0
2024-07-01,510300.SH,4.2115986,4.2357546,4.1874426,4.2285078,706742854.7772809,2977313191.0,True,2024-07-01,0
2024-07-01,510500.SH,1.6296952,1.6564436,1.6248022,1.6489409999999998,948966014.7148988,1557013366.0,True,2024-07-01,0
2024-07-01,512100.SH,0.7167938,0.7283842,0.7095498000000001,0.7247622,1777973387.6311429,1276369634.0,True,2024-07-01,0
2024-07-02,510300.SH,4.220053200000001,4.2405858,4.214014199999999,4.2224688,496112690.0149031,2097312039.0,True,2024-07-02,0
2024-07-02,510500.SH,1.6479623999999995,1.6495934,1.627738,1.6339358000000002,612594831.3917842,1003940421.0,True,2024-07-02,0
2024-07-02,512100.SH,0.7236756000000001,0.7272976000000001,0.7167938,0.7196914000000001,1140200552.1811154,822437424.0,True,2024-07-02,0
2024-07-03,510300.SH,4.220053200000001,4.2309234,4.203144,4.215222,655260828.7795993,2761083445.0,True,2024-07-03,0
2024-07-03,510500.SH,1.6319786,1.6355668,1.6179519999999998,1.6199092,574838574.4941753,934475788.0,True,2024-07-03,0
2024-07-03,512100.SH,0.7182426000000001,0.7204158,0.7128096,0.7138962000000001,769546013.2523468,551514095.0,True,2024-07-03,0
2024-07-04,510300.SH,4.2188454,4.2381702,4.1946894,4.197105,1291541407.517801,5436186195.0,True,2024-07-04,0
2024-07-04,510500.SH,1.624476,1.6274118,1.5938132,1.5967489999999998,1565791827.0999389,2514631260.0,True,2024-07-04,0
2024-07-04,512100.SH,0.7153450000000001,0.717156,0.6957862,0.6997704,2009720386.5267808,1412888219.0,True,2024-07-04,0
2024-07-05,510300.SH,4.191066,4.2007284,4.1403384,4.1765724,1354847243.748965,5643439643.0,True,2024-07-05,0
2024-07-05,510500.SH,1.5951179999999998,1.6117541999999998,1.5850058,1.6081659999999998,639038083.9975475,1020397247.0,True,2024-07-05,0
2024-07-05,512100.SH,0.6983216,0.709912,0.6925264,0.7066522000000001,1558698856.985091,1091526136.0,True,2024-07-05,0
2024-07-08,510300.SH,4.1681178,4.1765724,4.1379228,4.1475852,780448349.0644146,3240708452.0,True,2024-07-08,0
2024-07-08,510500.SH,1.603273,1.6045777999999995,1.5758722,1.5814176,718463384.4267321,1139285363.0,True,2024-07-08,0
2024-07-08,512100.SH,0.7033924,0.7044790000000001,0.6867312,0.689991,1131292092.7664273,786374573.0,True,2024-07-08,0
2024-07-09,510300.SH,4.1415462,4.2079752,4.1282604,4.1922738,884993905.4479219,3689270214.0,True,2024-07-09,0
2024-07-09,510500.SH,1.578808,1.6169734,1.5700006,1.6101232,1044686149.6014715,1665121351.0,True,2024-07-09,0
2024-07-09,512100.SH,0.68818,0.7070144,0.682747,0.7048412000000001,2995996314.1910543,2080017301.0,True,2024-07-09,0
2024-07-10,510300.SH,4.1838192,4.2055596,4.178988,4.1826114,479617569.1339626,2010659819.0,True,2024-07-10,0
2024-07-10,510500.SH,1.6068612,1.6169734,1.6003371999999998,1.6009896,581220588.5959535,934688474.0,True,2024-07-10,0
2024-07-10,512100.SH,0.7026680000000001,0.7095498000000001,0.7008570000000001,0.7015814,1286024088.9011595,906375667.0,True,2024-07-10,0
2024-07-11,510300.SH,4.215222,4.2502482,4.1995206,4.2381702,871367589.0048021,3685787239.0,True,2024-07-11,0
2024-07-11,510500.SH,1.6192568,1.6358929999999998,1.6094708,1.6332833999999998,874244659.7179644,1421153966.0,True,2024-07-11,0
2024-07-11,512100.SH,0.7102742000000001,0.7200536000000001,0.7081010000000001,0.7193292,1731632540.0331306,1238243804.0,True,2024-07-11,0
2024-07-12,510300.SH,4.2405858,4.2562872,4.233339,4.2502482,722279665.5075345,3066853429.0,True,2024-07-12,0
2024-07-12,510500.SH,1.6306737999999998,1.6332833999999998,1.6221926,1.626107,462559288.7798896,753015882.0,True,2024-07-12,0
2024-07-12,512100.SH,0.7186048,0.7200536000000001,0.7131718,0.7164316000000001,978732865.8199888,701226903.0,True,2024-07-12,0
2024-07-15,510300.SH,4.2405858,4.2647418,4.2369624,4.2587028,1039086126.8421924,4423002980.0,True,2024-07-15,0
2024-07-15,510500.SH,1.621214,1.6238236,1.611428,1.6143637999999998,1393500404.659718,2254993090.0,True,2024-07-15,0
2024-07-15,512100.SH,0.7142584000000001,0.7153450000000001,0.7070144,0.7088254,2948103048.039757,2097856425.0,True,2024-07-15,0
2024-07-16,510300.SH,4.251456,4.293729,4.2478326,4.2888978,1335079233.3167744,5710212236.0,True,2024-07-16,0
2024-07-16,510500.SH,1.6111018,1.6251284,1.6055563999999998,1.6199092,670608930.1042305,1082677266.0,True,2024-07-16,0
2024-07-16,512100.SH,0.7070144,0.7120852000000001,0.7026680000000001,0.7106364000000001,1684772230.811706,1191689772.0,True,2024-07-16,0
2024-07-17,510300.SH,4.2864822,4.311846,4.275612,4.2949368,1868326212.949164,8028962162.0,True,2024-07-17,0
2024-07-17,510500.SH,1.6186044,1.6221926,1.6068612,1.6084922,1884649576.9466584,3038141458.0,True,2024-07-17,0
2024-07-17,512100.SH,0.7091876,0.7109986,0.7037546000000001,0.7059278000000001,4571023812.810601,3234163466.0,True,2024-07-17,0
2024-07-18,510300.SH,4.2768198,4.3227162,4.2659496,4.3203006,1623763454.214274,6976289739.0,True,2024-07-18,0
2024-07-18,510500.SH,1.6039253999999998,1.6166472,1.5872891999999998,1.6159948,1454768519.313305,2327743494.0,True,2024-07-18,0
2024-07-18,512100.SH,0.7008570000000001,0.7095498000000001,0.6932508000000001,0.7077388,4030385035.891772,2824521056.0,True,2024-07-18,0
2024-07-19,510300.SH,4.305807,4.355326799999999,4.2901056,4.34808,2624327373.737374,11368072270.0,True,2024-07-19,0
2024-07-19,510500.SH,1.6075136,1.6238236,1.6029467999999998,1.6133852,1893511860.8215816,3056884867.0,True,2024-07-19,0
2024-07-19,512100.SH,0.7019436,0.7146206,0.7015814,0.7081010000000001,2540475121.479845,1802573330.0,True,2024-07-19,0
2024-07-22,510300.SH,4.342041,4.3456644,4.2888978,4.3130538000000005,1421019444.444445,6131911990.0,True,2024-07-22,0
2024-07-22,510500.SH,1.6140376,1.619583,1.600011,1.6094708,932867544.4512568,1503144331.0,True,2024-07-22,0
2024-07-22,512100.SH,0.7077388,0.7124474000000001,0.7044790000000001,0.7091876,1536524867.4765322,1090468430.0,True,2024-07-22,0
2024-07-23,510300.SH,4.3070148,4.3130538000000005,4.2248844000000005,4.2285078,761329441.9605895,3244779189.0,True,2024-07-23,0
2024-07-23,510500.SH,1.6084922,1.6153423999999998,1.5631503999999998,1.5638027999999995,748650910.4843655,1186496610.0,True,2024-07-23,0
2024-07-23,512100.SH,0.7091876,0.709912,0.6896288,0.6896288,944401073.9922694,659392469.0,True,2024-07-23,0
2024-07-24,510300.SH,4.221261,4.2381702,4.1862348,4.2019362000000005,1234545035.6019208,5196094516.0,True,2024-07-24,0
2024-07-24,510500.SH,1.5618456,1.5686958,1.542926,1.5452094,997032562.8448803,1550710345.0,True,2024-07-24,0
2024-07-24,512100.SH,0.6889044,0.6921642,0.6798494,0.6802116,1438410339.5913858,986263929.0,True,2024-07-24,0
2024-07-25,510300.SH,4.1838192,4.1983128,4.156039799999999,4.1777802,1693618591.6542475,7073298526.0,True,2024-07-25,0
2024-07-25,510500.SH,1.5409688,1.5602146,1.5357496,1.5432522,815543476.3948498,1260269705.0,True,2024-07-25,0
2024-07-25,512100.SH,0.6769518,0.6889044,0.6755030000000001,0.680936,1331853014.90889,908348776.0,True,2024-07-25,0
2024-07-26,510300.SH,4.178988,4.2067674,4.1693256,4.1958972,1124333771.3197548,4708501591.0,True,2024-07-26,0
2024-07-26,510500.SH,1.5439045999999998,1.572284,1.5435784,1.5677172,740402188.8412018,1156705053.0,True,2024-07-26,0
2024-07-26,512100.SH,0.6805738,0.693613,0.6802116,0.691802,906956079.5140804,625502860.0,True,2024-07-26,0
2024-07-29,510300.SH,4.191066,4.1934816,4.1705334,4.1717412000000005,492579566.15333664,2058113230.0,True,2024-07-29,0
2024-07-29,510500.SH,1.5660862,1.5700006,1.5569525999999998,1.5579311999999998,450616354.9969344,703462287.0,True,2024-07-29,0
2024-07-29,512100.SH,0.691802,0.6928886000000001,0.686369,0.6885422000000001,527295875.2070679,363204368.0,True,2024-07-29,0
2024-07-30,510300.SH,4.1620788,4.1620788,4.1270526,4.1439618,1262697560.8544462,5228653801.0,True,2024-07-30,0
2024-07-30,510500.SH,1.5549954,1.5621717999999998,1.5390116,1.5566264,716924291.8454936,1113782436.0,True,2024-07-30,0
2024-07-30,512100.SH,0.686369,0.6946996,0.6812982000000001,0.6914398,829913128.1060188,571111275.0,True,2024-07-30,0
2024-07-31,510300.SH,4.1439618,4.239377999999999,4.1391306,4.2369624,1274141679.0859413,5353003146.0,True,2024-07-31,0
2024-07-31,510500.SH,1.5566264,1.6234974,1.5517333999999998,1.622845,1707379264.2550583,2729524972.0,True,2024-07-31,0
2024-07-31,512100.SH,0.6907154000000001,0.722589,0.6892666000000001,0.7218646000000001,4039517448.9232464,2878227401.0,True,2024-07-31,0
2024-08-01,510300.SH,4.2297156,4.245417,4.2043518,4.2067674,659496936.5789038,2783731528.0,True,2024-08-01,0
2024-08-01,510500.SH,1.622845,1.6349143999999998,1.6003371999999998,1.6081659999999998,1074225110.3617413,1736710637.0,True,2024-08-01,0
2024-08-01,512100.SH,0.720778,0.7269354000000001,0.7128096,0.717156,2187708423.5229154,1575826251.0,True,2024-08-01,0
2024-08-02,510300.SH,4.178988,4.2067674,4.156039799999999,4.1632866,1076149445.272396,4492045041.0,True,2024-08-02,0
2024-08-02,510500.SH,1.5964228,1.616321,1.5833748,1.5866368,685455407.7253219,1094886544.0,True,2024-08-02,0
2024-08-02,512100.SH,0.7113608,0.7218646000000001,0.7055656,0.7073766,1245035256.7642186,888552344.0,True,2024-08-02,0
2024-08-05,510300.SH,4.1439618,4.1958972,4.1149746,4.1161824,1671063866.5341945,6920794410.0,True,2024-08-05,0
2024-08-05,510500.SH,1.578808,1.6068612,1.5536906,1.5559739999999995,1273069034.334764,2006387779.0,True,2024-08-05,0
2024-08-05,512100.SH,0.7019436,0.7149828,0.6874556000000001,0.6885422000000001,2974616816.675869,2077977409.0,True,2024-08-05,0
2024-08-06,510300.SH,4.1403384,4.1524164,4.0835718,4.1161824,1071061044.8749793,4403870273.0,True,2024-08-06,0
2024-08-06,510500.SH,1.5719577999999998,1.5827224,1.5546692,1.5726102,801998923.9730228,1257819187.0,True,2024-08-06,0
2024-08-06,512100.SH,0.6957862,0.7019436,0.689991,0.6979594,1759030670.9000552,1222795154.0,True,2024-08-06,0
2024-08-07,510300.SH,4.1077278,4.136715,4.0956498,4.1077278,507156645.1399238,2088374404.0,True,2024-08-07,0
2024-08-07,510500.SH,1.5716316,1.5859844,1.5618456,1.5732626,733193356.8362968,1153900681.0,True,2024-08-07,0
2024-08-07,512100.SH,0.6957862,0.7019436,0.6928886000000001,0.697235,1661703487.0237436,1159042994.0,True,2024-08-07,0
2024-08-08,510300.SH,4.1016888,4.1415462,4.0859874,4.112559,707159489.1538334,2910131505.0,True,2024-08-08,0
2024-08-08,510500.SH,1.5693482,1.5892464,1.557605,1.5765246,713625907.4187615,1123948107.0,True,2024-08-08,0
2024-08-08,512100.SH,0.6946996,0.7033924,0.6874556000000001,0.6979594,1143663384.8702374,796364345.0,True,2024-08-08,0
2024-08-09,510300.SH,4.125844799999999,4.142754,4.0968576,4.098065399999999,500127158.4699454,2060032809.0,True,2024-08-09,0
2024-08-09,510500.SH,1.5846796,1.5931608000000002,1.5621717999999998,1.5631503999999998,664346845.4935622,1045691875.0,True,2024-08-09,0
2024-08-09,512100.SH,0.7012192,0.7055656,0.6910776,0.6910776,1096088749.3097734,763831207.0,True,2024-08-09,0
2024-08-12,510300.SH,4.0956498,4.1089356,4.0859874,4.0932342,422437468.9518132,1730501718.0,True,2024-08-12,0
2024-08-12,510500.SH,1.562498,1.5709791999999998,1.5549954,1.5638027999999995,621451097.4862047,971596688.0,True,2024-08-12,0
2024-08-12,512100.SH,0.6896288,0.6921642,0.6852824,0.6885422000000001,785755530.0938708,541164199.0,True,2024-08-12,0
2024-08-13,510300.SH,4.0956498,4.1041044,4.0727016,4.0992732,576093972.5120053,2355493509.0,True,2024-08-13,0
2024-08-13,510500.SH,1.5638027999999995,1.5686958,1.5497762000000002,1.5670648,582735980.9932557,909001809.0,True,2024-08-13,0
2024-08-13,512100.SH,0.6878178,0.6921642,0.682747,0.6903532,1159917655.991165,797714699.0,True,2024-08-13,0
2024-08-14,510300.SH,4.100481,4.100481,4.0690782,4.070286,464563503.8913728,1895836817.0,True,2024-08-14,0
2024-08-14,510500.SH,1.5677172,1.5677172,1.544557,1.5452094,662840956.4684244,1028267910.0,True,2024-08-14,0
2024-08-14,512100.SH,0.689991,0.6907154000000001,0.6831092,0.6834714000000001,760636951.9602429,522115493.0,True,2024-08-14,0
2024-08-15,510300.SH,4.064247,4.1342994,4.0594158,4.1161824,1576948259.6456366,6477429750.0,True,2024-08-15,0
2024-08-15,510500.SH,1.5409688,1.5742412,1.539664,1.5572788,1646643378.2955244,2568201561.0,True,2024-08-15,0
2024-08-15,512100.SH,0.680936,0.6986838000000001,0.6805738,0.6896288,2386828357.2611814,1650136261.0,True,2024-08-15,0
2024-08-16,510300.SH,4.1113512,4.1330916,4.1041044,4.118598,1358471359.4966054,5598868064.0,True,2024-08-16,0
2024-08-16,510500.SH,1.5566264,1.5611931999999995,1.546188,1.5481452,2431040303.4947886,3772598348.0,True,2024-08-16,0
2024-08-16,512100.SH,0.6896288,0.6921642,0.6841958,0.6841958,1186655389.2876863,815225487.0,True,2024-08-16,0
2024-08-19,510300.SH,4.1173902,4.1596632,4.1149746,4.1294682,619163204.1728764,2564014063.0,True,2024-08-19,0
2024-08-19,510500.SH,1.5465141999999998,1.569022,1.5458618,1.5507547999999998,845947961.3733906,1318518497.0,True,2024-08-19,0
2024-08-19,512100.SH,0.6838336,0.6943374000000001,0.682747,0.6856446,933275913.859746,642704831.0,True,2024-08-19,0
2024-08-20,510300.SH,4.1355072,4.1379228,4.0920264,4.1101434,1320148077.4962742,5419638977.0,True,2024-08-20,0
2024-08-20,510500.SH,1.5533643999999998,1.5533643999999998,1.5194396,1.5240063999999998,1075598703.24954,1645311054.0,True,2024-08-20,0
2024-08-20,512100.SH,0.6860068,0.6870934000000001,0.6707944000000001,0.6736920000000001,2077970720.596356,1403249569.0,True,2024-08-20,0
2024-08-21,510300.SH,4.0956498,4.1137668000000005,4.0751172,4.0920264,873795168.9021362,3580301585.0,True,2024-08-21,0
2024-08-21,510500.SH,1.5223753999999998,1.5275945999999998,1.5191134,1.5210706,404666278.35683626,616166150.0,True,2024-08-21,0
2024-08-21,512100.SH,0.6711566,0.6762274,0.6693456000000001,0.67007,780858003.8652678,524495753.0,True,2024-08-21,0
2024-08-22,510300.SH,4.094442,4.100481,4.0714938,4.0811562,1035336491.9688692,4229630780.000001,True,2024-08-22,0
2024-08-22,510500.SH,1.521723,1.5243326,1.4998676,1.5028034,1233369797.670141,1862544630.0,True,2024-08-22,0
2024-08-22,512100.SH,0.67007,0.6722432,0.6606528,0.6617394,1169227987.299834,776747581.0,True,2024-08-22,0
2024-08-23,510300.SH,4.0714938,4.112559,4.0714938,4.098065399999999,679204172.876304,2781431192.0,True,2024-08-23,0
2024-08-23,510500.SH,1.5014986,1.5090012000000002,1.497258,1.5031295999999998,485672348.2526058,729871103.0,True,2024-08-23,0
2024-08-23,512100.SH,0.661015,0.6642748,0.657393,0.6621016000000001,1317870452.7885146,871403802.0,True,2024-08-23,0
2024-08-26,510300.SH,4.100481,4.1149746,4.0799484,4.0992732,1159695242.5898328,4747763549.0,True,2024-08-26,0
2024-08-26,510500.SH,1.5044344,1.511937,1.4992152,1.5047606,309541327.4064991,465849599.0,True,2024-08-26,0
2024-08-26,512100.SH,0.6617394,0.6678968000000001,0.6595662,0.664637,1280061322.4737716,850796221.0,True,2024-08-26,0
2024-08-27,510300.SH,4.0908186,4.094442,4.0666626,4.0787406,1005315529.8890544,4098131754.0,True,2024-08-27,0
2024-08-27,510500.SH,1.4995414,1.502151,1.4887768,1.4897554,717326330.4721031,1071409551.0,True,2024-08-27,0
2024-08-27,512100.SH,0.662826,0.662826,0.6552198,0.657393,2511957087.244616,1653888479.0,True,2024-08-27,0
2024-08-28,510300.SH,4.070286,4.0787406,4.040091,4.0545846,1652243977.479715,6698906857.0,True,2024-08-28,0
2024-08-28,510500.SH,1.4894292,1.502151,1.485841,1.4900816,834894022.0723482,1246905088.0,True,2024-08-28,0
2024-08-28,512100.SH,0.6563064000000001,0.6642748,0.6541332000000001,0.6581174000000001,2027219135.8365543,1336387663.0,True,2024-08-28,0
2024-08-29,510300.SH,4.0449222,4.0606236,4.034052,4.0425066,1248756203.8416955,5052924865.0,True,2024-08-29,0
2024-08-29,510500.SH,1.4861672,1.518461,1.4835576,1.5109583999999998,1338225594.7271612,2017728795.0,True,2024-08-29,0
2024-08-29,512100.SH,0.6555820000000001,0.6718810000000001,0.6548576,0.6689834,2346088252.34677,1562323530.0,True,2024-08-29,0
2024-08-30,510300.SH,4.0364676,4.1342994,4.0364676,4.0968576,1478638691.008445,6055678708.0,True,2024-08-30,0
2024-08-30,510500.SH,1.5096536,1.5615194,1.5083487999999998,1.5370544,2142697746.781116,3302514338.0,True,2024-08-30,0
2024-08-30,512100.SH,0.6675346,0.691802,0.6675346,0.6816604,4436453611.264495,3035694860.0,True,2024-08-30,0
2024-09-02,510300.SH,4.0835718,4.0859874,4.021974,4.0243896,938322983.937738,3798026307.0,True,2024-09-02,0
2024-09-02,510500.SH,1.53314,1.5360758,1.505413,1.5060654,1337227624.156959,2030627748.0,True,2024-09-02,0
2024-09-02,512100.SH,0.6798494,0.682747,0.6660858000000001,0.6671724000000001,2362247067.9182773,1591408300.0,True,2024-09-02,0
2024-09-03,510300.SH,4.021974,4.0485456,4.0195584,4.0388832,1070998764.6961416,4323110376.0,True,2024-09-03,0
2024-09-03,510500.SH,1.5057391999999998,1.529878,1.505413,1.5220492,902693310.852238,1371818907.0,True,2024-09-03,0
2024-09-03,512100.SH,0.6657236000000001,0.6776762000000001,0.6657236000000001,0.6729676000000001,2178802898.950856,1464018477.0,True,2024-09-03,0
2024-09-04,510300.SH,4.0231818,4.0376754,4.0111038,4.0135194,563260307.9980129,2264442533.0,True,2024-09-04,0
2024-09-04,510500.SH,1.5135679999999998,1.53314,1.5076964,1.5181348,678148623.5438381,1031221663.0,True,2024-09-04,0
2024-09-04,512100.SH,0.6678968000000001,0.6773140000000001,0.666448,0.6704322,1304532611.816676,875597218.0,True,2024-09-04,0
2024-09-05,510300.SH,4.0171428,4.034052,4.009896,4.021974,1325182776.1218746,5326213535.0,True,2024-09-05,0
2024-09-05,510500.SH,1.5266159999999998,1.5357496,1.518461,1.5249849999999998,519706437.76824033,792815040.0,True,2024-09-05,0
2024-09-05,512100.SH,0.6707944000000001,0.6802116,0.6707944000000001,0.6758652,1217049099.9447818,821290430.0,True,2024-09-05,0
2024-09-06,510300.SH,4.028013,4.040091,3.98574,3.9881556,656827040.9008114,2635539673.0,True,2024-09-06,0
2024-09-06,510500.SH,1.529878,1.5308566,1.5018248,1.5041082,695337697.7314531,1052496941.0,True,2024-09-06,0
2024-09-06,512100.SH,0.6769518,0.6776762000000001,0.662826,0.664637,1879902484.8150191,1257254828.0,True,2024-09-06,0
2024-09-09,510300.SH,3.9760776,3.9809088,3.92535,3.9386358,843597536.0158966,3333497562.0,True,2024-09-09,0
2024-09-09,510500.SH,1.50052,1.507044,1.4877981999999998,1.4933436,552843007.3574494,827354731.0,True,2024-09-09,0
2024-09-09,512100.SH,0.661015,0.6668102,0.6563064000000001,0.659204,1127462813.362783,745097345.0,True,2024-09-09,0
2024-09-10,510300.SH,3.9410514,3.955545,3.9120642,3.9386358,717548797.8142078,2821540043.0,True,2024-09-10,0
2024-09-10,510500.SH,1.4962794,1.5014986,1.4679,1.4926912,850811229.3071735,1261403388.0,True,2024-09-10,0
2024-09-10,512100.SH,0.659204,0.6642748,0.6476136,0.6613772000000001,1431142937.603534,938019914.0,True,2024-09-10,0
2024-09-11,510300.SH,3.9289734,3.9458826,3.9144798,3.9301812,646539321.9076006,2540394225.0,True,2024-09-11,0
2024-09-11,510500.SH,1.4861672,1.5018248,1.4838838,1.4966056,549546722.8694053,820704028.0,True,2024-09-11,0
2024-09-11,512100.SH,0.6577552000000001,0.6631882,0.6559442,0.661015,2376313696.852568,1569170184.0,True,2024-09-11,0
2024-09-12,510300.SH,3.9362202,3.9519216,3.9144798,3.9168954,531859013.9095877,2090444738.0,True,2024-09-12,0
2024-09-12,510500.SH,1.4992152,1.5151989999999995,1.4894292,1.490734,743229883.5070509,1114419442.0,True,2024-09-12,0
2024-09-12,512100.SH,0.6621016000000001,0.6697078000000001,0.6577552000000001,0.6588418,1705897667.0347874,1131386008.0,True,2024-09-12,0
2024-09-13,510300.SH,3.919311,3.9338046,3.8975706,3.8987784,704146458.0228515,2758508174.0,True,2024-09-13,0
2024-09-13,510500.SH,1.4920388,1.4949746,1.4744239999999995,1.4750764,569642970.5702024,846641887.0,True,2024-09-13,0
2024-09-13,512100.SH,0.6588418,0.6599284000000001,0.650149,0.6508734,1816689036.4439533,1188466623.0,True,2024-09-13,0
2024-09-18,510300.SH,3.8975706,3.9265578,3.883077,3.9108564,1014604296.2410996,3961249915.0,True,2024-09-18,0
2024-09-18,510500.SH,1.4767074,1.4842099999999998,1.4558306,1.4799694,644059938.6879215,946728410.0,True,2024-09-18,0
2024-09-18,512100.SH,0.650149,0.6515978,0.639283,0.6479758,1437289389.8398674,928118693.0,True,2024-09-18,0
2024-09-19,510300.SH,3.9168954,3.9688308,3.8842848,3.943467,1353607402.7156813,5332278336.0,True,2024-09-19,0
2024-09-19,510500.SH,1.4829052,1.5148728,1.4698572,1.50052,1317233031.882281,1972744331.0,True,2024-09-19,0
2024-09-19,512100.SH,0.6494246,0.6675346,0.6450782,0.6606528,3090723147.432358,2032423193.0,True,2024-09-19,0
2024-09-20,510300.SH,3.9350124,3.9603762,3.9120642,3.9543372,1909721794.1712203,7514201387.0,True,2024-09-20,0
2024-09-20,510500.SH,1.495627,1.497258,1.4816003999999998,1.4900816,812771404.0465971,1210706857.0,True,2024-09-20,0
2024-09-20,512100.SH,0.6588418,0.6602906000000001,0.6515978,0.6570308,4243732675.317504,2785055266.0,True,2024-09-20,0
2024-09-23,510300.SH,3.9482982,3.98574,3.9410514,3.9652074,742934702.7653586,2948484470.0,True,2024-09-23,0
2024-09-23,510500.SH,1.4871458,1.5080226,1.4842099999999998,1.4897554,767594757.8172901,1147856830.0,True,2024-09-23,0
2024-09-23,512100.SH,0.6559442,0.6653614,0.6534088,0.6577552000000001,1248433340.695748,823315819.0,True,2024-09-23,0
2024-09-24,510300.SH,4.0026492,4.1415462,3.9772854,4.1391306,3244341958.1056466,13212614699.0,True,2024-09-24,0
2024-09-24,510500.SH,1.507044,1.559236,1.4936698,1.5589098,2643343424.279583,4049151593.0,True,2024-09-24,0
2024-09-24,512100.SH,0.6639126000000001,0.6860068,0.6570308,0.6852824,5770922084.48371,3892250427.0,True,2024-09-24,0
2024-09-25,510300.SH,4.214014199999999,4.2804432,4.1874426,4.1958972,2680366730.4189434,11342949010.0,True,2024-09-25,0
2024-09-25,510500.SH,1.58207,1.6078398,1.5660862,1.5700006,2167171109.7486205,3436075305.0,True,2024-09-25,0
2024-09-25,512100.SH,0.6921642,0.7073766,0.6892666000000001,0.689991,3750954699.061292,2616895709.0,True,2024-09-25,0
2024-09-26,510300.SH,4.1886504,4.4000154,4.1874426,4.3963920000000005,3678557824.9710217,15792061339.0,True,2024-09-26,0
2024-09-26,510500.SH,1.564129,1.6528554,1.5638027999999995,1.6508982,3614215168.608216,5826198165.0,True,2024-09-26,0
2024-09-26,512100.SH,0.6870934000000001,0.7236756000000001,0.6870934000000001,0.7222268000000001,7565264025.400331,5362037241.0,True,2024-09-26,0
2024-09-27,510300.SH,4.46886,4.7502774,4.432626,4.6729782,2119110085.27902,9610052344.0,True,2024-09-27,0
2024-09-27,510500.SH,1.6776466,1.8156292,1.665251,1.7918166,1900436244.635193,3254160732.0,True,2024-09-27,0
2024-09-27,512100.SH,0.733455,0.7895960000000001,0.7269354000000001,0.7866984000000001,3909350673.6609607,2924884104.0,True,2024-09-27,0
2024-09-30,510300.SH,4.839654599999999,5.121072,4.6814328,5.1126174,5274245804.769002,25799279642.0,True,2024-09-30,0
2024-09-30,510500.SH,1.8883718,1.9709004,1.7944262,1.955569,6089016750.459841,11428173744.0,True,2024-09-30,0
2024-09-30,512100.SH,0.8221940000000001,0.8652958,0.7827142,0.8652958,16132704624.51684,13308018547.0,True,2024-09-30,0
2024-10-08,510300.SH,5.6235168,5.6235168,5.0824224000000005,5.3288136,7145075706.242756,38303717305.0,True,2024-10-08,0
2024-10-08,510500.SH,2.151289,2.151289,1.9558952,2.0374452,7878070833.844268,16143442550.0,True,2024-10-08,0
2024-10-08,512100.SH,0.9518616,0.9518616,0.8656580000000001,0.9160038,10352638442.849257,9463152101.0,True,2024-10-08,0
2024-10-09,510300.SH,5.175423,5.175423,4.837238999999999,4.8577716,4478553214.108296,22450547643.0,True,2024-10-09,0
2024-10-09,510500.SH,1.9705742,2.0172208,1.8825002,1.9125106,4176806986.511343,8146262204.0,True,2024-10-09,0
2024-10-09,512100.SH,0.8801460000000001,0.898256,0.8341466000000001,0.8417528,6547648092.214246,5693473537.0,True,2024-10-09,0
2024-10-10,510300.SH,4.915746,5.054643,4.8299922,4.9350708,3128829338.466634,15473060494.0,True,2024-10-10,0
2024-10-10,510500.SH,1.914794,1.9529594,1.8590138,1.8883718,2235521848.5591664,4265719720.0,True,2024-10-10,0
2024-10-10,512100.SH,0.8460992,0.867469,0.8232806000000001,0.831249,5988767727.77471,5059557303.0,True,2024-10-10,0
2024-10-11,510300.SH,4.9000446,4.903668,4.7381994,4.8034206,3386386604.570293,16347430929.0,True,2024-10-11,0
2024-10-11,510500.SH,1.8697784,1.8763024,1.789207,1.8123672,2411396183.323115,4410523895.0,True,2024-10-11,0
2024-10-11,512100.SH,0.8261782000000001,0.8272648,0.7859740000000001,0.7979266,6909662468.249585,5551958747.0,True,2024-10-11,0
2024-10-14,510300.SH,4.8154986,4.903668,4.7659788,4.879512,2570733354.0321245,12444027076.0,True,2024-10-14,0
2024-10-14,510500.SH,1.816934,1.8648854,1.7911642,1.8570566,2329445668.301656,4258265624.0,True,2024-10-14,0
2024-10-14,512100.SH,0.800462,0.8279892000000001,0.7859740000000001,0.8269026,5821519480.949751,4702568534.0,True,2024-10-14,0
2024-10-15,510300.SH,4.848109200000001,4.8867588,4.7430306,4.7478618,2164158588.3424406,10426846503.0,True,2024-10-15,0
2024-10-15,510500.SH,1.844661,1.87565,1.807148,1.8107362,2308822709.993869,4249769953.0,True,2024-10-15,0
2024-10-15,512100.SH,0.8203830000000001,0.8395796000000001,0.8080682,0.8098792000000001,6944616369.409165,5715334758.0,True,2024-10-15,0
2024-10-16,510300.SH,4.6995498,4.782888,4.6886796,4.7176668,1789302556.7146878,8450464021.0,True,2024-10-16,0
2024-10-16,510500.SH,1.7931214,1.8410728,1.7898594,1.8091052,1754995377.0692828,3180013532.0,True,2024-10-16,0
2024-10-16,512100.SH,0.7972022000000001,0.8254538,0.7972022000000001,0.8127768000000001,2909621358.365544,2364676465.0,True,2024-10-16,0
2024-10-17,510300.SH,4.746654,4.782888,4.6645236,4.6657314,2430398758.9004803,11450617810.0,True,2024-10-17,0
2024-10-17,510500.SH,1.8188912,1.8374846,1.7941,1.7947524,1988646790.312692,3600944227.0,True,2024-10-17,0
2024-10-17,512100.SH,0.818572,0.8279892000000001,0.8087926000000001,0.809517,4286930969.0778575,3505287352.0,True,2024-10-17,0
2024-10-18,510300.SH,4.6596924,4.9737204,4.6451988,4.8505248,2997944935.419772,14349439594.0,True,2024-10-18,0
2024-10-18,510500.SH,1.795731,1.9346922,1.7931214,1.8714094,3492500162.477008,6508900658.0,True,2024-10-18,0
2024-10-18,512100.SH,0.8080682,0.8739886,0.8069816000000001,0.8464614000000001,9543132186.637217,8077833461.0,True,2024-10-18,0
2024-10-21,510300.SH,4.8517326,4.903668,4.807044,4.8505248,2094168235.6350389,10167737315.0,True,2024-10-21,0
2024-10-21,510500.SH,1.8792382,1.9216442,1.8652116,1.8896766,2133102437.15512,4039396269.0,True,2024-10-21,0
2024-10-21,512100.SH,0.8504456,0.8757996000000001,0.8468236000000001,0.8616738,4822346869.133076,4157949757.0,True,2024-10-21,0
2024-10-22,510300.SH,4.8336156,4.8867588,4.8324078,4.879512,1380132885.411492,6711416525.0,True,2024-10-22,0
2024-10-22,510500.SH,1.885436,1.9144678,1.8785858,1.9069652,1324280702.0232987,2512260916.0,True,2024-10-22,0
2024-10-22,512100.SH,0.8595006000000002,0.8739886,0.8551542000000001,0.8663824,4440960875.207068,3834257460.0,True,2024-10-22,0
2024-10-23,510300.SH,4.879512,4.9483566,4.8565638,4.897628999999999,1876659388.1437323,9196021921.0,True,2024-10-23,0
2024-10-23,510500.SH,1.9069652,1.9428472,1.8981578,1.9144678,1493638982.2194974,2869287064.0,True,2024-10-23,0
2024-10-23,512100.SH,0.8678312,0.883768,0.8613116000000001,0.8685556000000001,2551143945.3340693,2225819085.0,True,2024-10-23,0
2024-10-24,510300.SH,4.8770964,4.8819276,4.8227454,4.8444858,1323272661.864547,6418011399.0,True,2024-10-24,0
2024-10-24,510500.SH,1.9043556,1.9089224,1.8864146,1.8978316,1079670754.1385653,2047595636.0,True,2024-10-24,0
2024-10-24,512100.SH,0.8631226000000001,0.8671068000000001,0.8551542000000001,0.8627604000000001,2303187738.818332,1983642994.0,True,2024-10-24,0
2024-10-25,510300.SH,4.8456936,4.9254084,4.8348234,4.879512,1395318612.3530383,6801807389.0,True,2024-10-25,0
2024-10-25,510500.SH,1.9010936,1.939259,1.8988102,1.9268634,1187440895.1563458,2279652915.0,True,2024-10-25,0
2024-10-25,512100.SH,0.8631226000000001,0.8870278,0.8631226000000001,0.8826814,3864271065.709552,3391460637.0,True,2024-10-25,0
2024-10-28,510300.SH,4.873473,4.8879666,4.8312,4.8867588,1156075625.9314456,5622580497.0,True,2024-10-28,0
2024-10-28,510500.SH,1.92458,1.9500236,1.9167512,1.949045,1631216707.541386,3164122317.0,True,2024-10-28,0
2024-10-28,512100.SH,0.8805082000000001,0.8949962000000001,0.8765240000000001,0.8946340000000002,2682628070.1270013,2380862501.0,True,2024-10-28,0
2024-10-29,510300.SH,4.89159,4.9266162,4.8348234,4.8469014,1485865341.1160789,7237339621.0,True,2024-10-29,0
2024-10-29,510500.SH,1.953938,1.9614406,1.9232752,1.9297992,1853955741.8761497,3594788619.0,True,2024-10-29,0
2024-10-29,512100.SH,0.898256,0.8993426000000001,0.8794216,0.8812326,5270235367.200441,4681000439.0,True,2024-10-29,0
2024-10-30,510300.SH,4.8324078,4.8444858,4.764771,4.7961738,1500959686.2063255,7210707530.0,True,2024-10-30,0
2024-10-30,510500.SH,1.9242538,1.9464354,1.9134892,1.9356708,2124530113.4273453,4100942113.0,True,2024-10-30,0
2024-10-30,512100.SH,0.8765240000000001,0.8892010000000001,0.8732642,0.8863034000000001,2780578608.503589,2450508281.0,True,2024-10-30,0
2024-10-31,510300.SH,4.7937582,4.839654599999999,4.7563164,4.7961738,1460216307.3356514,7004839523.0,True,2024-10-31,0
2024-10-31,510500.SH,1.9330612,1.971879,1.9252324,1.9572,1913676569.589209,3733061867.0,True,2024-10-31,0
2024-10-31,512100.SH,0.8873900000000001,0.9087598,0.8819570000000001,0.8993426000000001,2829455797.9017115,2538497445.0,True,2024-10-31,0
2024-11-01,510300.SH,4.7877192,4.8529404,4.784095799999999,4.8058362,1505014090.9090912,7259471612.0,True,2024-11-01,0
2024-11-01,510500.SH,1.9542642,1.9660074,1.9232752,1.9395852,1199037133.660331,2334815277.0,True,2024-11-01,0
2024-11-01,512100.SH,0.8946340000000002,0.9000670000000001,0.8707288,0.8732642,3693755372.722253,3260280576.0,True,2024-11-01,0
2024-11-04,510300.SH,4.8094596,4.872265199999999,4.7961738,4.8698496,1034371904.2887896,4997179234.0,True,2024-11-04,0
2024-11-04,510500.SH,1.9395852,1.968617,1.9382804,1.9679646,823064914.1630901,1607401489.0,True,2024-11-04,0
2024-11-04,512100.SH,0.86928,0.8942718,0.8689178000000001,0.8931852000000001,2019821615.1297624,1783324223.0,True,2024-11-04,0
2024-11-05,510300.SH,4.8601872,4.9990842,4.843278,4.9966686,2287642361.318099,11308231751.0,True,2024-11-05,0
2024-11-05,510500.SH,1.9682908,2.035488,1.9585048,2.0276592,1763022225.628449,3534847123.0,True,2024-11-05,0
2024-11-05,512100.SH,0.8924608,0.9268698,0.8895632,0.9232478,5615502233.572612,5133513391.0,True,2024-11-05,0
2024-11-06,510300.SH,4.9966686,5.048603999999999,4.933863,4.9652658,1799490611.028316,8976072158.0,True,2024-11-06,0
2024-11-06,510500.SH,2.028964,2.0573434,2.015916,2.0299426,1536859435.9288783,3130969726.0,True,2024-11-06,0
2024-11-06,512100.SH,0.92361,0.9377358,0.918177,0.9261454,3082535104.9144115,2860190628.0,True,2024-11-06,0
2024-11-07,510300.SH,4.927824,5.13315,4.922992799999999,5.130734400000001,2308924427.885412,11598082835.0,True,2024-11-07,0
2024-11-07,510500.SH,2.019178,2.07137,2.012654,2.0690866,1342857234.8252606,2740324323.0,True,2024-11-07,0
2024-11-07,512100.SH,0.9167282,0.9446176,0.9167282,0.943531,2361550800.662617,2196870967.0,True,2024-11-07,0
2024-11-08,510300.SH,5.1717996,5.181462,5.0461884,5.0655132,2324907401.8877296,11867165449.0,True,2024-11-08,0
2024-11-08,510500.SH,2.0880062,2.1000756,2.056691,2.0635412,1723967878.6020846,3581736098.0,True,2024-11-08,0
2024-11-08,512100.SH,0.948964,0.9594678,0.939909,0.9442554,3003158892.8768635,2849866193.0,True,2024-11-08,0
2024-11-11,510300.SH,5.0147856,5.095708200000001,4.988214,5.090877,1907902911.077993,9617369865.0,True,2024-11-11,0
2024-11-11,510500.SH,2.0504932,2.099097,2.0491884,2.0981184,1503603142.244022,3121900349.0,True,2024-11-11,0
2024-11-11,512100.SH,0.939909,0.9674362,0.939909,0.9663496,4798134975.15185,4593534021.0,True,2024-11-11,0
2024-11-12,510300.SH,5.084838,5.154890399999999,5.006330999999999,5.0353182,1907738678.5891705,9698713979.0,True,2024-11-12,0
2024-11-12,510500.SH,2.100728,2.1144284,2.0579958,2.0785464,1332871508.2771308,2783409078.0,True,2024-11-12,0
2024-11-12,512100.SH,0.967074,0.9732314,0.9460664,0.9565702,2760227175.5935946,2654182206.0,True,2024-11-12,0
2024-11-13,510300.SH,5.012370000000001,5.0800068000000005,5.0075388,5.066721,1302197670.9720151,6569000903.0,True,2024-11-13,0
2024-11-13,510500.SH,2.0661508,2.0798512,2.0423382,2.0723486,863392385.0398529,1780235956.0,True,2024-11-13,0
2024-11-13,512100.SH,0.9504128,0.9572946,0.9355626,0.9511372,2630449478.1888456,2488898150.0,True,2024-11-13,0
2024-11-14,510300.SH,5.0582664,5.0763834,4.9725126,4.980967199999999,1195467179.996688,6015521584.0,True,2024-11-14,0
2024-11-14,510500.SH,2.0690866,2.0690866,2.012654,2.0162422,1596541560.3923974,3248174939.0,True,2024-11-14,0
2024-11-14,512100.SH,0.9493262,0.950775,0.921799,0.9232478,4326113594.699061,4041334943.0,True,2024-11-14,0
2024-11-15,510300.SH,4.9688892,4.9930452,4.89159,4.897628999999999,1388469566.1533368,6875318302.0,True,2024-11-15,0
2024-11-15,510500.SH,2.0123278,2.0204828,1.9633978,1.9640502,2311912317.5965667,4604995527.0,True,2024-11-15,0
2024-11-15,512100.SH,0.9210746,0.9312162000000002,0.9011536,0.9015158,2652235535.6156816,2433464180.0,True,2024-11-15,0
2024-11-18,510300.SH,4.9169538,4.9737204,4.8469014,4.8770964,1333078807.7496274,6552723785.0,True,2024-11-18,0
2024-11-18,510500.SH,1.966986,1.9793816,1.9216442,1.9346922,1978563093.1943595,3866600959.0,True,2024-11-18,0
2024-11-18,512100.SH,0.903689,0.907311,0.8718154,0.8801460000000001,3235260311.98233,2869224849.0,True,2024-11-18,0
2024-11-19,510300.SH,4.879512,4.9048758,4.8082518,4.9012524,1383130418.9435337,6731130787.0,True,2024-11-19,0
2024-11-19,510500.SH,1.9356708,1.9666598,1.9160988,1.9650288,2158004546.2906194,4200800286.000001,True,2024-11-19,0
2024-11-19,512100.SH,0.8779728,0.9033268,0.8750752,0.9022402,2698159008.834897,2395231777.0,True,2024-11-19,0
2024-11-20,510300.SH,4.8867588,4.933863,4.8770964,4.9133304,1282108324.2258651,6285302021.0,True,2024-11-20,0
2024-11-20,510500.SH,1.960462,1.9927558,1.953938,1.984927,1651597786.633967,3258601169.0,True,2024-11-20,0
2024-11-20,512100.SH,0.8986182,0.9203502,0.896445,0.9189014,3906952302.595251,3544503227.0,True,2024-11-20,0
2024-11-21,510300.SH,4.903668,4.9302396,4.8891744,4.919369400000001,865599172.876304,4249179703.0,True,2024-11-21,0
2024-11-21,510500.SH,1.9813388,1.9911248,1.9682908,1.983296,580384488.0441447,1149490700.0,True,2024-11-21,0
2024-11-21,512100.SH,0.9174526,0.9246966,0.9112952,0.9210746,1265618221.9768083,1163944469.0,True,2024-11-21,0
2024-11-22,510300.SH,4.9169538,4.920577199999999,4.7659788,4.7744334,1454869390.6275873,7058103342.0,True,2024-11-22,0
2024-11-22,510500.SH,1.9793816,1.9813388,1.9037032,1.905008,807228381.3611282,1567370019.0,True,2024-11-22,0
2024-11-22,512100.SH,0.9192636,0.9228856,0.885579,0.8863034000000001,1692916645.499724,1533755704.0,True,2024-11-22,0
2024-11-25,510300.SH,4.776849,4.7973816,4.7031732,4.7478618,1125257301.7055805,5349569691.0,True,2024-11-25,0
2024-11-25,510500.SH,1.909901,1.913163,1.8779334,1.900115,700800465.9717965,1330469443.0,True,2024-11-25,0
2024-11-25,512100.SH,0.8913742,0.8931852000000001,0.8725398,0.8902876000000001,1141492882.3854225,1007004691.0,True,2024-11-25,0
2024-11-26,510300.SH,4.7273292,4.7780568,4.726121399999999,4.7381994,649700187.1170723,3086739740.0,True,2024-11-26,0
2024-11-26,510500.SH,1.895222,1.9125106,1.885436,1.887067,582379558.553035,1105373414.0,True,2024-11-26,0
2024-11-26,512100.SH,0.8877522000000001,0.8971694,0.878335,0.8786972000000001,1418372747.101049,1256359326.0,True,2024-11-26,0
2024-11-27,510300.SH,4.7297448,4.8215376,4.7116278,4.8154986,1202175332.0086107,5739351636.0,True,2024-11-27,0
2024-11-27,510500.SH,1.8860884,1.9268634,1.85934,1.9232752,1042962302.2685468,1974646675.0,True,2024-11-27,0
2024-11-27,512100.SH,0.8776106,0.9018780000000002,0.8616738,0.9004292000000002,3313308175.0414133,2931115414.0,True,2024-11-27,0
2024-11-28,510300.SH,4.8118752,4.8179142,4.7683944,4.7804724,887901381.8512999,4256335685.0,True,2024-11-28,0
2024-11-28,510500.SH,1.9209918,1.9304516,1.9046818,1.9108796,804092716.1250767,1542257518.0,True,2024-11-28,0
2024-11-28,512100.SH,0.8997048000000001,0.907311,0.8931852000000001,0.8953584,2294020463.8321366,2065887411.0,True,2024-11-28,0
2024-11-29,510300.SH,4.782888,4.8879666,4.779264599999999,4.8324078,1266576920.0198708,6126864756.0,True,2024-11-29,0
2024-11-29,510500.SH,1.9092486,1.9581786,1.9020722,1.9389328,1239836330.472103,2400334450.0,True,2024-11-29,0
2024-11-29,512100.SH,0.8942718,0.9196258000000002,0.8884766,0.9102086,4316108597.459967,3923756091.0,True,2024-11-29,0
2024-12-02,510300.SH,4.8275766,4.8831354000000005,4.8154986,4.8686418,812746134.2937572,3948066718.0,True,2024-12-02,0
2024-12-02,510500.SH,1.9395852,1.9774244,1.9373018,1.9689432,1120002568.9760883,2198082089.0,True,2024-12-02,0
2024-12-02,512100.SH,0.9105708,0.9319406,0.9094842,0.9286808,2903118655.438984,2685604948.0,True,2024-12-02,0
2024-12-03,510300.SH,4.867434,4.8940056,4.837238999999999,4.873473,1262149119.8873985,6140454912.0,True,2024-12-03,0
2024-12-03,510500.SH,1.9695956,1.9761196,1.9496974,1.9656812,910610232.9858984,1786279165.0,True,2024-12-03,0
2024-12-03,512100.SH,0.929043,0.9341138,0.9174526,0.9261454,3800587131.419105,3518298188.0,True,2024-12-03,0
2024-12-04,510300.SH,4.867434,4.8807198000000005,4.8348234,4.848109200000001,833704187.7794337,4047901833.0,True,2024-12-04,0
2024-12-04,510500.SH,1.963724,1.9709004,1.9402376,1.9510022,810367339.0557939,1582832037.0,True,2024-12-04,0
2024-12-04,512100.SH,0.9246966,0.9261454,0.9076732,0.9138306,2823177700.1656547,2594327039.0,True,2024-12-04,0
2024-12-05,510300.SH,4.8384468,4.8577716,4.8239532,4.839654599999999,628848251.3661202,3042872203.0,True,2024-12-05,0
2024-12-05,510500.SH,1.945783,1.9643764,1.9402376,1.9565476,599339898.8350705,1170127566.0,True,2024-12-05,0
2024-12-05,512100.SH,0.910933,0.9275942,0.9098464,0.9243344,1952562813.362783,1800396955.0,True,2024-12-05,0
2024-12-06,510300.SH,4.839654599999999,4.933863,4.8384468,4.9000446,1470632043.3846664,7198784380.0,True,2024-12-06,0
2024-12-06,510500.SH,1.9558952,1.9956916,1.9467616,1.9819912,1642814877.375843,3246628869.0,True,2024-12-06,0
2024-12-06,512100.SH,0.9239722,0.939909,0.9149172,0.934476,5437870646.051905,5051954275.0,True,2024-12-06,0
2024-12-09,510300.SH,4.896421200000001,4.927824,4.867434,4.896421200000001,1031974403.8748136,5050072365.0,True,2024-12-09,0
2024-12-09,510500.SH,1.981665,1.9891676,1.9585048,1.9712266,1235908660.3310852,2440193600.0,True,2024-12-09,0
2024-12-09,512100.SH,0.9333894,0.9377358,0.9192636,0.9261454,2330027181.1154056,2160328000.0,True,2024-12-09,0
2024-12-10,510300.SH,5.0473962000000006,5.070344400000001,4.919369400000001,4.933863,2055634468.4550424,10257484391.0,True,2024-12-10,0
2024-12-10,510500.SH,2.048536,2.0495146,1.9823174,1.988189,1702123353.7706928,3428981363.0,True,2024-12-10,0
2024-12-10,512100.SH,0.958019,0.9594678,0.9333894,0.9359248,5396191143.014909,5108613203.0,True,2024-12-10,0
2024-12-11,510300.SH,4.9254084,4.9447332,4.909707,4.921785,1042155963.735718,5136178221.0,True,2024-12-11,0
2024-12-11,510500.SH,1.9836222,2.0071086,1.9826436,2.0031942,1721006502.145923,3442316136.0,True,2024-12-11,0
2024-12-11,512100.SH,0.9341138,0.948964,0.932665,0.9478774,2397216120.927664,2266269720.0,True,2024-12-11,0
2024-12-12,510300.SH,4.9242006,4.978551599999999,4.9109148,4.9725126,1126163630.5679748,5577925837.0,True,2024-12-12,0
2024-12-12,510500.SH,2.002868,2.0276592,1.9973226,2.0214614,1316206781.1158798,2651723763.0,True,2024-12-12,0
2024-12-12,512100.SH,0.9478774,0.9558458,0.9391846,0.9551214,2088917443.401436,1979570080.0,True,2024-12-12,0
2024-12-13,510300.SH,4.942317599999999,4.942317599999999,4.8456936,4.855356,1942846273.389634,9490500688.0,True,2024-12-13,0
2024-12-13,510500.SH,2.0022156,2.0097182,1.983296,1.9894938,2384793372.1643167,4752739365.0,True,2024-12-13,0
2024-12-13,512100.SH,0.948964,0.9496884,0.934476,0.936287,4219100311.98233,3972178856.0,True,2024-12-13,0
2024-12-16,510300.SH,4.8529404,4.8565638,4.8142908,4.8263688,819111669.1505216,3956401792.0,True,2024-12-16,0
2024-12-16,510500.SH,1.986558,1.9888414,1.9526332,1.958831,1389719270.3862662,2728886124.0,True,2024-12-16,0
2024-12-16,512100.SH,0.936287,0.9370114000000002,0.9207124,0.9243344,1673783901.1595802,1553098336.0,True,2024-12-16,0
2024-12-17,510300.SH,4.8227454,4.8831354000000005,4.8203298,4.839654599999999,1129880135.7840705,5482919074.0,True,2024-12-17,0
2024-12-17,510500.SH,1.9575262,1.9630716,1.9350184,1.9379542,1352636756.5910482,2629190849.0,True,2024-12-17,0
2024-12-17,512100.SH,0.9210746,0.92361,0.9029646,0.9044134,2525767429.596908,2295569468.0,True,2024-12-17,0
2024-12-18,510300.SH,4.855356,4.8783042,4.849316999999999,4.8601872,847499268.9186952,4121893615.0,True,2024-12-18,0
2024-12-18,510500.SH,1.942521,1.9630716,1.937628,1.9503498,818477605.7633355,1596610199.0,True,2024-12-18,0
2024-12-18,512100.SH,0.9055,0.918177,0.9011536,0.9116574,1762637274.986195,1604284914.0,True,2024-12-18,0
2024-12-19,510300.SH,4.8312,4.8770964,4.8082518,4.867434,819972024.3417784,3977931242.0,True,2024-12-19,0
2024-12-19,510500.SH,1.9346922,1.9624192,1.9268634,1.9562214,997788007.3574494,1940603791.0,True,2024-12-19,0
2024-12-19,512100.SH,0.9029646,0.916366,0.898256,0.9141928,1635863379.348426,1482563073.0,True,2024-12-19,0
2024-12-20,510300.SH,4.8601872,4.885551,4.8456936,4.8529404,1012636186.4547112,4921231692.0,True,2024-12-20,0
2024-12-20,510500.SH,1.9529594,1.97351,1.9503498,1.9601358,1270583258.7369711,2494039595.0,True,2024-12-20,0
2024-12-20,512100.SH,0.9112952,0.9301296,0.910933,0.9232478,1673797713.9701822,1542048304.0,True,2024-12-20,0
2024-12-23,510300.SH,4.8517326,4.8952134,4.849316999999999,4.8577716,1179584533.8632224,5749434770.0,True,2024-12-23,0
2024-12-23,510500.SH,1.960462,1.965355,1.9281682,1.929473,1435300113.4273453,2789552324.0,True,2024-12-23,0
2024-12-23,512100.SH,0.9210746,0.9225234,0.896445,0.8971694,2838391021.535063,2570796872.0,True,2024-12-23,0
2024-12-24,510300.SH,4.8601872,4.922992799999999,4.8577716,4.9145382,1205781939.8907104,5907574012.0,True,2024-12-24,0
2024-12-24,510500.SH,1.9297992,1.9542642,1.929473,1.9513284,1370280058.2464745,2660178402.0,True,2024-12-24,0
2024-12-24,512100.SH,0.898256,0.907311,0.8935474000000001,0.9069488,1693717222.5289893,1526971891.0,True,2024-12-24,0
2024-12-25,510300.SH,4.9181616,4.9447332,4.896421200000001,4.9181616,1174149279.682067,5775975676.0,True,2024-12-25,0
2024-12-25,510500.SH,1.9516546,1.9516546,1.9193608,1.9350184,1479580916.6155734,2862134190.0,True,2024-12-25,0
2024-12-25,512100.SH,0.9069488,0.9069488,0.8888388000000002,0.8978938000000001,3241969456.101601,2902962731.0,True,2024-12-25,0
2024-12-26,510300.SH,4.9181616,4.9266162,4.8988368,4.919369400000001,784089586.0241762,3855435790.0,True,2024-12-26,0
2024-12-26,510500.SH,1.9350184,1.9532856,1.9333874,1.9496974,840731468.4242796,1637401616.0,True,2024-12-26,0
2024-12-26,512100.SH,0.896445,0.9098464,0.8960828000000002,0.9065866,2556876499.171728,2316026775.0,True,2024-12-26,0
2024-12-27,510300.SH,4.922992799999999,4.9507722,4.9048758,4.9121226,899953560.1920848,4428609591.0,True,2024-12-27,0
2024-12-27,510500.SH,1.9464354,1.981665,1.9464354,1.9542642,943042982.832618,1851891986.0,True,2024-12-27,0
2024-12-27,512100.SH,0.9065866,0.9207124,0.9015158,0.9080354,1877829028.1612368,1713426125.0,True,2024-12-27,0
2024-12-30,510300.SH,4.9109148,4.9435254,4.909707,4.9350708,1086217471.4356682,5359063002.0,True,2024-12-30,0
2024-12-30,510500.SH,1.9532856,1.9640502,1.9434996,1.9536118,578554699.5708154,1131333792.0,True,2024-12-30,0
2024-12-30,512100.SH,0.9062244,0.9116574,0.898256,0.9055,1905794745.9966867,1724937278.0,True,2024-12-30,0
2024-12-31,510300.SH,4.9362786,4.9447332,4.855356,4.8577716,1526427213.1147542,7479851076.0,True,2024-12-31,0
2024-12-31,510500.SH,1.9536118,1.9568738,1.8945696,1.8955482,2292268310.852238,4398943159.0,True,2024-12-31,0
2024-12-31,512100.SH,0.9051378,0.9083976,0.8757996000000001,0.8765240000000001,3002472385.4224186,2663752479.0,True,2024-12-31,0
2025-01-02,510300.SH,4.855356,4.8565638,4.6874718,4.721290199999999,1799122651.1011758,8582891966.0,True,2025-01-02,0
2025-01-02,510500.SH,1.8942434,1.8948958,1.8198698,1.8387894,1334048129.9816065,2480093177.0,True,2025-01-02,0
2025-01-02,512100.SH,0.8750752,0.8805082000000001,0.8446504,0.8529810000000001,3285613823.854224,2837372716.0,True,2025-01-02,0
2025-01-03,510300.SH,4.721290199999999,4.7357838,4.6536534000000005,4.6729782,1318945685.543964,6191152281.0,True,2025-01-03,0
2025-01-03,510500.SH,1.8371584,1.847923,1.7954047999999998,1.8016026,1367666977.314531,2491017173.0,True,2025-01-03,0
2025-01-03,512100.SH,0.8540676,0.8566030000000001,0.825816,0.829438,4619365593.594699,3871617675.0,True,2025-01-03,0
2025-01-06,510300.SH,4.668147,4.6778094,4.6234584,4.6536534000000005,1075239220.069548,5000830631.0,True,2025-01-06,0
2025-01-06,510500.SH,1.7989929999999998,1.8162816,1.7846402,1.797362,1012357608.8289392,1820016062.0,True,2025-01-06,0
2025-01-06,512100.SH,0.8276270000000001,0.836682,0.818572,0.8247294000000001,3548470593.594699,2935608754.0,True,2025-01-06,0
2025-01-07,510300.SH,4.643991,4.6886796,4.6331208,4.686264,802263619.8046035,3741067135.0,True,2025-01-07,0
2025-01-07,510500.SH,1.7976882,1.8166078,1.7888808,1.8162816,1243212688.5346413,2245699727.0,True,2025-01-07,0
2025-01-07,512100.SH,0.8243672,0.8370442,0.8203830000000001,0.836682,3685029516.841524,3066049098.0,True,2025-01-07,0
2025-01-08,510300.SH,4.674186,4.7092122,4.607756999999999,4.6790172,1167243592.482199,5440502616.0,True,2025-01-08,0
2025-01-08,510500.SH,1.81041,1.8241104,1.764742,1.808779,1298790695.8920908,2328052709.0,True,2025-01-08,0
2025-01-08,512100.SH,0.8337844000000001,0.8403039999999999,0.8084304000000001,0.8326978,4436565615.681943,3650021469.0,True,2025-01-08,0
2025-01-09,510300.SH,4.6657314,4.686264,4.6584846,4.6693548,667383511.3429376,3119907404.0,True,2025-01-09,0
2025-01-09,510500.SH,1.802255,1.8198698,1.8009502,1.8074742,822927568.9760883,1491120294.0,True,2025-01-09,0
2025-01-09,512100.SH,0.8272648,0.8406662000000001,0.8265404000000001,0.8345087999999999,2524310336.83048,2110431511.0,True,2025-01-09,0
2025-01-10,510300.SH,4.668147,4.680225,4.6162116,4.6174194,684362063.2555059,3179602825.0,True,2025-01-10,0
2025-01-10,510500.SH,1.8061694,1.8221532,1.7797472,1.7807258,709247421.8270999,1274891586.0,True,2025-01-10,0
2025-01-10,512100.SH,0.8337844000000001,0.8417528,0.8160366000000001,0.816761,1424032194.9199338,1181117309.0,True,2025-01-10,0
2025-01-13,510300.SH,4.5908478,4.6210428,4.5811854,4.5993024,786052906.1102831,3613570705.0,True,2025-01-13,0
2025-01-13,510500.SH,1.7650681999999998,1.7970358,1.764742,1.7836615999999998,915336235.4383814,1630045186.0,True,2025-01-13,0
2025-01-13,512100.SH,0.8102414000000001,0.8247294000000001,0.8040840000000001,0.818572,2043679149.641082,1665811726.0,True,2025-01-13,0
2025-01-14,510300.SH,4.607756999999999,4.7321604,4.6005102,4.7176668,1361604763.205829,6369926277.0,True,2025-01-14,0
2025-01-14,510500.SH,1.7879022,1.851185,1.7797472,1.844661,1537858936.2354383,2806795065.0,True,2025-01-14,0
2025-01-14,512100.SH,0.8196586,0.8566030000000001,0.8178476,0.8562408,4619877484.815019,3903408971.0,True,2025-01-14,0
2025-01-15,510300.SH,4.7055888,4.7152512,4.6826406,4.6898874,614381206.3255506,2886729493.0,True,2025-01-15,0
2025-01-15,510500.SH,1.841399,1.8436824,1.8263938,1.829982,1334655257.5107296,2446449508.0,True,2025-01-15,0
2025-01-15,512100.SH,0.85376,0.856336,0.8463999999999999,0.849712,3152454573.369565,2681035427.0,True,2025-01-15,0
2025-01-16,510300.SH,4.7055888,4.7502774,4.6633158,4.692303,918202659.380692,4322396833.0,True,2025-01-16,0
2025-01-16,510500.SH,1.8377272,1.8679028,1.8238,1.8360692,1528428863.088058,2819882907.0,True,2025-01-16,0
2025-01-16,512100.SH,0.853024,0.8703200000000001,0.846032,0.8533919999999999,2803092065.2173915,2406666743.0,True,2025-01-16,0
2025-01-17,510300.SH,4.680225,4.7369916000000005,4.6717704,4.7080044,701854027.9847656,3304922190.0,True,2025-01-17,0
2025-01-17,510500.SH,1.827116,1.8639236,1.827116,1.8506596,830972506.0313631,1535603875.0,True,2025-01-17,0
2025-01-17,512100.SH,0.8500800000000001,0.8670079999999999,0.847136,0.859648,1944554883.152174,1666580594.0,True,2025-01-17,0
2025-01-20,510300.SH,4.7357838,4.7696022,4.7200824,4.730952599999999,761959181.9837722,3619235609.0,True,2025-01-20,0
2025-01-20,510500.SH,1.861934,1.8788456,1.8546388,1.8596128,975295750.9047045,1821892696.0,True,2025-01-20,0
2025-01-20,512100.SH,0.8640639999999999,0.873264,0.8618560000000001,0.8644320000000001,1749604024.4565215,1517322910.0,True,2025-01-20,0
2025-01-21,510300.SH,4.7551086,4.7599398,4.716459,4.7369916000000005,615935121.7088922,2916284005.0,True,2025-01-21,0
2025-01-21,510500.SH,1.866908,1.871882,1.8460172,1.8662448,1040539843.1845596,1934419704.0,True,2025-01-21,0
2025-01-21,512100.SH,0.8684799999999999,0.871792,0.857808,0.869952,2177097714.673913,1882878859.0,True,2025-01-21,0
2025-01-22,510300.SH,4.7297448,4.7297448,4.6717704,4.6935108,910482410.1672462,4270106497.000001,True,2025-01-22,0
2025-01-22,510500.SH,1.8606076,1.8632604,1.8433644,1.8592812,968846586.248492,1794710245.0,True,2025-01-22,0
2025-01-22,512100.SH,0.866272,0.868112,0.8570720000000001,0.8629600000000001,1918055695.652174,1653018806.0,True,2025-01-22,0
2025-01-23,510300.SH,4.728537,4.7804724,4.7031732,4.7067966,859904652.260308,4075002566.0,True,2025-01-23,0
2025-01-23,510500.SH,1.87354,1.8980784,1.850328,1.8516544,1264367083.8359468,2375722731.0,True,2025-01-23,0
2025-01-23,512100.SH,0.8688480000000001,0.882832,0.8581759999999999,0.8585440000000001,3227890062.5,2812039475.0,True,2025-01-23,0
2025-01-24,510300.SH,4.6971342,4.7623554,4.6898874,4.7454462,946884822.8183476,4485387449.0,True,2025-01-24,0
2025-01-24,510500.SH,1.8466804,1.8778508,1.8463488,1.8742032,1510627475.8745475,2819548146.0,True,2025-01-24,0
2025-01-24,512100.SH,0.8570720000000001,0.876576,0.8570720000000001,0.87584,3415045978.260869,2971559462.0,True,2025-01-24,0
2025-01-27,510300.SH,4.7539008,4.764771,4.7152512,4.7188746,1080795631.727107,5123431141.0,True,2025-01-27,0
2025-01-27,510500.SH,1.8765244,1.88183,1.8509912,1.851986,1472846984.3184557,2744942030.0,True,2025-01-27,0
2025-01-27,512100.SH,0.877312,0.880624,0.858912,0.859648,2683482456.521739,2327792624.0,True,2025-01-27,0
2025-02-05,510300.SH,4.746654,4.7514852,4.6850562,4.6947186,622246820.6656731,2927530877.0,True,2025-02-05,0
2025-02-05,510500.SH,1.8695608,1.8712188,1.8509912,1.8596128,796118139.3244873,1480763405.0,True,2025-02-05,0
2025-02-05,512100.SH,0.866272,0.8743679999999999,0.860752,0.865536,2341500312.5,2030344389.0,True,2025-02-05,0
2025-02-06,510300.SH,4.6910952,4.7551086,4.6874718,4.7490696,1149723863.2223878,5435915349.0,True,2025-02-06,0
2025-02-06,510500.SH,1.8562968,1.9063684,1.853644,1.903384,1409109457.177322,2663508308.0,True,2025-02-06,0
2025-02-06,512100.SH,0.863696,0.8909279999999999,0.860752,0.88872,2177780945.652174,1919108471.0,True,2025-02-06,0
2025-02-07,510300.SH,4.7502774,4.848109200000001,4.7418228,4.8167064,1598469426.2295082,7669642167.0,True,2025-02-07,0
2025-02-07,510500.SH,1.9047104,1.9551136,1.9013944,1.9335596,1460290491.5560915,2818592532.0,True,2025-02-07,0
2025-02-07,512100.SH,0.889088,0.914112,0.888352,0.90344,3622252929.347826,3269545581.0,True,2025-02-07,0
2025-02-10,510300.SH,4.8179142,4.8312,4.7997972,4.8215376,1049233772.1477066,5055466090.0,True,2025-02-10,0
2025-02-10,510500.SH,1.9375388,1.9534556,1.933228,1.9504712,1227137879.9758744,2387778587.0,True,2025-02-10,0
2025-02-10,512100.SH,0.90344,0.915952,0.9016,0.913744,3280446483.695652,2986830265.0,True,2025-02-10,0
2025-02-11,510300.SH,4.8275766,4.8287844,4.7865114,4.8022128,827153410.3328366,3973032663.0,True,2025-02-11,0
2025-02-11,510500.SH,1.9501396,1.9561084,1.9295804,1.9428444,817718021.7129071,1585641173.0,True,2025-02-11,0
2025-02-11,512100.SH,0.91264,0.915584,0.902704,0.911904,1857456092.3913045,1688494032.0,True,2025-02-11,0
2025-02-12,510300.SH,4.7997972,4.8541482,4.782888,4.848109200000001,810526299.0561352,3903102518.0,True,2025-02-12,0
2025-02-12,510500.SH,1.9362124000000005,1.9706988,1.9362124000000005,1.9683776,788889487.3341376,1541475241.0,True,2025-02-12,0
2025-02-12,512100.SH,0.910064,0.926624,0.90896,0.92552,1682699967.3913045,1546127389.0,True,2025-02-12,0
2025-02-13,510300.SH,4.8420702,4.872265199999999,4.8287844,4.836031199999999,973524338.4666336,4719508133.0,True,2025-02-13,0
2025-02-13,510500.SH,1.9677144,1.974678,1.9517976,1.9587612,855324086.2484921,1678707512.0,True,2025-02-13,0
2025-02-13,512100.SH,0.924416,0.925152,0.913744,0.916688,1641916029.8913045,1509425359.0,True,2025-02-13,0
2025-02-14,510300.SH,4.8312,4.879512,4.8275766,4.872265199999999,1070068455.0422256,5196144834.0,True,2025-02-14,0
2025-02-14,510500.SH,1.9534556,1.9769992,1.9517976,1.9740148,974405672.4969842,1916674593.0,True,2025-02-14,0
2025-02-14,512100.SH,0.914848,0.922208,0.910432,0.92,1693809589.673913,1553526220.0,True,2025-02-14,0
2025-02-17,510300.SH,4.884343199999999,4.8952134,4.8456936,4.8807198000000005,1104571953.9658885,5380966546.0,True,2025-02-17,0
2025-02-17,510500.SH,1.9806468,1.9836312,1.95644,1.9710304,1113598323.2810614,2194014236.0,True,2025-02-17,0
2025-02-17,512100.SH,0.922944,0.928464,0.91632,0.924048,4020373252.717392,3713677557.0,True,2025-02-17,0
2025-02-18,510300.SH,4.873473,4.9012524,4.8263688,4.8456936,1032117124.5239278,5027787885.0,True,2025-02-18,0
2025-02-18,510500.SH,1.9640668,1.9720252,1.926596,1.9378704,919134831.1218336,1795712483.0,True,2025-02-18,0
2025-02-18,512100.SH,0.92184,0.925152,0.900128,0.905648,2443118195.6521745,2222227366.0,True,2025-02-18,0
2025-02-19,510300.SH,4.837238999999999,4.8807198000000005,4.8312,4.871057400000001,843746363.6363636,4102654822.0,True,2025-02-19,0
2025-02-19,510500.SH,1.9342228,1.971362,1.933228,1.9687092,961338115.1990348,1884120477.0,True,2025-02-19,0
2025-02-19,512100.SH,0.902704,0.926624,0.902704,0.925888,1828454252.7173915,1678234395.0,True,2025-02-19,0
2025-02-20,510300.SH,4.8662262,4.871057400000001,4.8408624,4.8565638,843354444.4444444,4094980472.0,True,2025-02-20,0
2025-02-20,510500.SH,1.968046,1.98131,1.9610824,1.9736832,1152364855.2472858,2270456530.0,True,2025-02-20,0
2025-02-20,512100.SH,0.924048,0.93472,0.922944,0.932144,1913065923.9130435,1775401888.0,True,2025-02-20,0
2025-02-21,510300.SH,4.8698496,4.927824,4.855356,4.921785,1189987178.340785,5834090272.0,True,2025-02-21,0
2025-02-21,510500.SH,1.9786572,2.0121488,1.9693724,2.0075064,1020653513.2689987,2037072442.0,True,2025-02-21,0
2025-02-21,512100.SH,0.933616,0.953488,0.9292,0.949808,1534274983.6956522,1449439488.0,True,2025-02-21,0
2025-02-24,510300.SH,4.915746,4.9386942000000005,4.8807198000000005,4.9060836000000005,1273868370.5911574,6256202737.0,True,2025-02-24,0
2025-02-24,510500.SH,2.0055168,2.0128120000000003,1.9892684,2.0015376,1216608721.351025,2436370003.0,True,2025-02-24,0
2025-02-24,512100.SH,0.94944,0.9568,0.942816,0.95128,1975687902.173913,1876596491.0,True,2025-02-24,0
2025-02-25,510300.SH,4.873473,4.8927978,4.8408624,4.8565638,738938558.5361814,3596194905.0,True,2025-02-25,0
2025-02-25,510500.SH,1.9852892,2.0012060000000003,1.974678,1.9806468,847338935.464415,1681769102.0,True,2025-02-25,0
2025-02-25,512100.SH,0.939504,0.956432,0.936928,0.947232,1220660184.782609,1155697957.0,True,2025-02-25,0
2025-02-26,510300.SH,4.865018399999999,4.897628999999999,4.8541482,4.896421200000001,1114139868.355688,5430499637.0,True,2025-02-26,0
2025-02-26,510500.SH,1.9852892,2.0081696,1.977994,2.004522,1012126344.9939686,2018403953.0,True,2025-02-26,0
2025-02-26,512100.SH,0.947968,0.96232,0.944656,0.961952,1060623125.0,1011950024.0,True,2025-02-26,0
2025-02-27,510300.SH,4.8988368,4.9145382,4.865018399999999,4.9121226,934414341.77844,4570197712.0,True,2025-02-27,0
2025-02-27,510500.SH,2.0008744,2.0088328,1.9693724,1.9992164,908776091.676719,1805331282.0,True,2025-02-27,0
2025-02-27,512100.SH,0.959744,0.963792,0.94208,0.9568,1351545850.5434785,1287085995.0,True,2025-02-27,0
2025-02-28,510300.SH,4.8903822,4.909707,4.8094596,4.8239532,1100624275.5423083,5343803359.0,True,2025-02-28,0
2025-02-28,510500.SH,1.9866156,1.9896,1.9388652,1.9454972,947171453.5585042,1860658637.0,True,2025-02-28,0
2025-02-28,512100.SH,0.951648,0.952752,0.921104,0.924048,3451385654.8913045,3210926319.0,True,2025-02-28,0
2025-03-03,510300.SH,4.8251610000000005,4.8638106,4.790134800000001,4.8082518,948641010.9289618,4581300848.0,True,2025-03-03,0
2025-03-03,510500.SH,1.9454972,1.9776624000000005,1.9401916,1.9488132,836396142.9433051,1636751973.0,True,2025-03-03,0
2025-03-03,512100.SH,0.925152,0.939136,0.918528,0.922944,1766731671.1956522,1641596599.0,True,2025-03-03,0
2025-03-04,510300.SH,4.782888,4.8118752,4.7732256,4.8034206,838040048.0211955,4019370464.0,True,2025-03-04,0
2025-03-04,510500.SH,1.9362124000000005,1.9710304,1.9338912,1.9660564,611084806.9963812,1196761452.0,True,2025-03-04,0
2025-03-04,512100.SH,0.917056,0.93656,0.91632,0.935088,1521221475.5434785,1415328410.0,True,2025-03-04,0
2025-03-05,510300.SH,4.807044,4.8299922,4.7925504,4.8239532,986836928.2993872,4748819507.0,True,2025-03-05,0
2025-03-05,510500.SH,1.9670512,1.9743464,1.9501396,1.9710304,740214445.1145959,1451561058.0,True,2025-03-05,0
2025-03-05,512100.SH,0.93472,0.941712,0.928832,0.941344,1537595978.2608695,1437705131.0,True,2025-03-05,0
2025-03-06,510300.SH,4.849316999999999,4.9060836000000005,4.8444858,4.8903822,1135128232.3232324,5540793752.0,True,2025-03-06,0
2025-03-06,510500.SH,1.979652,2.0111540000000003,1.9783256,2.0025324,1215120476.477684,2427285085.0,True,2025-03-06,0
2025-03-06,512100.SH,0.946496,0.966,0.94576,0.961952,1517959413.0434785,1453929563.0,True,2025-03-06,0
2025-03-07,510300.SH,4.879512,4.9048758,4.867434,4.8783042,957109690.3460838,4671741021.0,True,2025-03-07,0
2025-03-07,510500.SH,1.9965636,2.009496,1.9852892,1.9939108,952079499.3968636,1902207429.0,True,2025-03-07,0
2025-03-07,512100.SH,0.959744,0.96784,0.952384,0.957904,1623575334.2391305,1558891754.0,True,2025-03-07,0
2025-03-10,510300.SH,4.8758886,4.8819276,4.8299922,4.8589794,1194555131.644312,5792520821.0,True,2025-03-10,0
2025-03-10,510500.SH,1.9922528,1.9998796,1.9766676,1.9915896,1009010277.442702,2005008698.0,True,2025-03-10,0
2025-03-10,512100.SH,0.957904,0.961584,0.950544,0.959008,1799018730.978261,1720820456.0,True,2025-03-10,0
2025-03-11,510300.SH,4.8239532,4.874680799999999,4.819122,4.873473,830366785.0637522,4027510341.0,True,2025-03-11,0
2025-03-11,510500.SH,1.9716936,2.0025324,1.9706988,2.0015376,487724598.9143546,971469704.0,True,2025-03-11,0
2025-03-11,512100.SH,0.94944,0.966,0.948336,0.965632,1056748250.0,1010749849.0,True,2025-03-11,0
2025-03-12,510300.SH,4.8770964,4.89159,4.8529404,4.861395000000001,504414374.0685544,2456951615.0,True,2025-03-12,0
2025-03-12,510500.SH,2.0058484,2.0220968,1.9998796,2.002864,617458407.7201447,1240478759.0,True,2025-03-12,0
2025-03-12,512100.SH,0.966736,0.977408,0.964896,0.967104,1612921608.6956522,1564226030.0,True,2025-03-12,0
2025-03-13,510300.SH,4.8601872,4.871057400000001,4.8227454,4.837238999999999,530753273.7208147,2572874364.0,True,2025-03-13,0
2025-03-13,510500.SH,1.999548,2.0055168,1.969704,1.9859524,641106709.8914355,1272302671.0,True,2025-03-13,0
2025-03-13,512100.SH,0.964896,0.966736,0.942448,0.952384,1848454399.4565213,1758789745.0,True,2025-03-13,0
2025-03-14,510300.SH,4.8456936,4.9676814,4.843278,4.9592268,1576186726.2791853,7767222868.0,True,2025-03-14,0
2025-03-14,510500.SH,1.9869472,2.02276,1.9803152,2.0220968,1455031718.93848,2926419789.0,True,2025-03-14,0
2025-03-14,512100.SH,0.950912,0.968944,0.945024,0.968208,2110476336.9565213,2031758993.0,True,2025-03-14,0
2025-03-17,510300.SH,4.9737204,4.9797594,4.9374864,4.9447332,938104014.7375392,4647468370.0,True,2025-03-17,0
2025-03-17,510500.SH,2.026076,2.0297236,2.0184492,2.02276,1156703000.6031363,2340981399.0,True,2025-03-17,0
2025-03-17,512100.SH,0.96784,0.972624,0.964528,0.969312,1982600722.826087,1920208640.0,True,2025-03-17,0
2025-03-18,510300.SH,4.9616424,4.970097,4.9411098,4.955603399999999,671803546.1169068,3329371908.0,True,2025-03-18,0
2025-03-18,510500.SH,2.0267392,2.0446456,2.0254128,2.0313816,538762472.8588661,1095806443.0,True,2025-03-18,0
2025-03-18,512100.SH,0.971152,0.97888,0.96784,0.97336,850715763.5869565,828010961.0,True,2025-03-18,0
2025-03-19,510300.SH,4.9495644,4.977343800000001,4.932655199999999,4.9628502,728457762.8746481,3609853058.0,True,2025-03-19,0
2025-03-19,510500.SH,2.027734,2.0313816,2.0121488,2.0234232000000003,454865835.34378767,919429405.0,True,2025-03-19,0
2025-03-19,512100.SH,0.96968,0.97152,0.961952,0.966736,1145735154.8913045,1106883058.0,True,2025-03-19,0
2025-03-20,510300.SH,4.9628502,4.9628502,4.9133304,4.922992799999999,724575725.2856433,3573521339.0,True,2025-03-20,0
2025-03-20,510500.SH,2.0224284,2.0244180000000003,2.007838,2.009496,791301501.8094088,1594149941.0,True,2025-03-20,0
2025-03-20,512100.SH,0.964528,0.971152,0.960112,0.962688,1165206812.5,1125641155.0,True,2025-03-20,0
2025-03-21,510300.SH,4.907291399999999,4.9266162,4.8312,4.843278,840301106.9713529,4092584085.0,True,2025-03-21,0
2025-03-21,510500.SH,2.0005428000000003,2.0114856,1.97302,1.9789888,740572026.5379976,1474689686.0,True,2025-03-21,0
2025-03-21,512100.SH,0.959744,0.961584,0.94024,0.942816,1592582312.5,1511471581.0,True,2025-03-21,0
2025-03-24,510300.SH,4.8420702,4.8686418,4.836031199999999,4.8638106,655093629.7400231,3179823658.0,True,2025-03-24,0
2025-03-24,510500.SH,1.979652,1.9826364,1.9508028,1.9766676,698323422.7985525,1374750333.0,True,2025-03-24,0
2025-03-24,512100.SH,0.941712,0.943184,0.919632,0.935456,2036596127.7173915,1895590335.0,True,2025-03-24,0
2025-03-25,510300.SH,4.865018399999999,4.8783042,4.8517326,4.8662262,506318632.22387815,2463223975.0,True,2025-03-25,0
2025-03-25,510500.SH,1.9753412,1.9842944,1.9634036,1.9700356,596507925.2110977,1177150085.0,True,2025-03-25,0
2025-03-25,512100.SH,0.933248,0.938768,0.925888,0.9292,1659676687.5,1546429823.0,True,2025-03-25,0
2025-03-26,510300.SH,4.861395000000001,4.879512,4.843278,4.8469014,641046021.6923332,3114333330.0,True,2025-03-26,0
2025-03-26,510500.SH,1.9673828,1.9839628,1.9673828,1.9700356,578431351.0253317,1142262402.0,True,2025-03-26,0
2025-03-26,512100.SH,0.926992,0.9384,0.926992,0.932144,1335851135.8695652,1248222513.0,True,2025-03-26,0
2025-03-27,510300.SH,4.8444858,4.89159,4.8251610000000005,4.8638106,663624080.1457195,3224972886.0,True,2025-03-27,0
2025-03-27,510500.SH,1.9687092,1.9896,1.9511344,1.9750096,640091954.1616405,1263097664.0,True,2025-03-27,0
2025-03-27,512100.SH,0.930672,0.94208,0.92,0.932144,1287087720.1086955,1198280536.0,True,2025-03-27,0
2025-03-28,510300.SH,4.8638106,4.8662262,4.8312,4.8408624,583130312.1377711,2826192921.0,True,2025-03-28,0
2025-03-28,510500.SH,1.9740148,1.9803152,1.9554452,1.9594244,601791914.9577805,1183363151.0,True,2025-03-28,0
2025-03-28,512100.SH,0.93104,0.936192,0.921104,0.922576,1384768187.5,1283137676.0,True,2025-03-28,0
2025-03-31,510300.SH,4.836031199999999,4.8601872,4.7937582,4.8118752,746955508.3623117,3600807135.0,True,2025-03-31,0
2025-03-31,510500.SH,1.9501396,1.9590928,1.9219536,1.9411864,548239846.2002412,1063186183.0,True,2025-03-31,0
2025-03-31,512100.SH,0.918896,0.922208,0.904912,0.917056,2082704815.2173915,1902765224.0,True,2025-03-31,0
2025-04-01,510300.SH,4.8167064,4.8348234,4.8058362,4.8094596,509203130.48517966,2452333015.0,True,2025-04-01,0
2025-04-01,510500.SH,1.9445024,1.966388,1.9428444,1.9517976,525009448.1302775,1026747613.0,True,2025-04-01,0
2025-04-01,512100.SH,0.917424,0.927728,0.917424,0.921104,1830121845.108696,1688481273.0,True,2025-04-01,0
2025-04-02,510300.SH,4.8106674,4.8263688,4.7961738,4.8058362,520878953.4691174,2505793835.0,True,2025-04-02,0
2025-04-02,510500.SH,1.9494764,1.9690408,1.9461604,1.9541188,538067831.7249699,1053759698.0,True,2025-04-02,0
2025-04-02,512100.SH,0.918896,0.93104,0.918528,0.924048,807700475.5434783,747681648.0,True,2025-04-02,0
2025-04-03,510300.SH,4.7683944,4.807044,4.7623554,4.7816802,922612015.2343104,4411676416.0,True,2025-04-03,0
2025-04-03,510500.SH,1.938202,1.9587612,1.9285856,1.9372072,803610223.1604342,1559214350.0,True,2025-04-03,0
2025-04-03,512100.SH,0.917056,0.928096,0.906752,0.913376,1464056472.826087,1342286593.0,True,2025-04-03,0
2025-04-07,510300.SH,4.58964,4.637951999999999,4.3529112,4.462821,5432180824.639841,24314516116.0,True,2025-04-07,0
2025-04-07,510500.SH,1.863592,1.8775192,1.7435528,1.7508480000000002,1392581812.424608,2499811986.0,True,2025-04-07,0
2025-04-07,512100.SH,0.867376,0.881728,0.822112,0.822112,3924738067.934783,3291645455.0,True,2025-04-07,0
2025-04-08,510300.SH,4.4664444,4.5159642,4.4338338,4.505094,4846442539.327703,21668647143.0,True,2025-04-08,0
2025-04-08,510500.SH,1.7614592000000002,1.7810236000000002,1.7409,1.7617908,9133188700.241257,16017733231.0,True,2025-04-08,0
2025-04-08,512100.SH,0.809232,0.830576,0.798928,0.816592,16963349747.282608,13730219845.0,True,2025-04-08,0
2025-04-09,510300.SH,4.462821,4.5582372,4.4422884,4.5485748,1406028662.8580892,6334479041.0,True,2025-04-09,0
2025-04-09,510500.SH,1.742558,1.8095412,1.7040924000000002,1.7999248,1067023386.610374,1884304821.0,True,2025-04-09,0
2025-04-09,512100.SH,0.801136,0.8375679999999999,0.770224,0.830944,4280026019.021739,3457013402.0,True,2025-04-09,0
2025-04-10,510300.SH,4.6101726,4.6464066,4.5872244,4.6246662,1183665890.8759727,5465041115.0,True,2025-04-10,0
2025-04-10,510500.SH,1.8247948,1.8599444,1.8241316,1.835406,805131987.3341376,1483750239.0,True,2025-04-10,0
2025-04-10,512100.SH,0.84456,0.867376,0.844192,0.851184,2879288801.6304345,2462237466.0,True,2025-04-10,0
2025-04-11,510300.SH,4.601718,4.6512378,4.58964,4.637951999999999,713681227.8522934,3298517131.0,True,2025-04-11,0
2025-04-11,510500.SH,1.827116,1.8662448,1.8267844,1.8480068,669705379.9758745,1236321251.0,True,2025-04-11,0
2025-04-11,512100.SH,0.845296,0.8728959999999999,0.84456,0.862224,1603621105.978261,1379142307.0,True,2025-04-11,0
2025-04-14,510300.SH,4.6609002,4.668147,4.6403676,4.6476144,779575246.729591,3627429751.0,True,2025-04-14,0
2025-04-14,510500.SH,1.861934,1.8742032,1.85696,1.8625972,648560560.9167671,1209079466.0,True,2025-04-14,0
2025-04-14,512100.SH,0.870688,0.880624,0.869216,0.8736320000000001,1725177451.0869565,1507512484.0,True,2025-04-14,0
2025-04-15,510300.SH,4.642783199999999,4.6584846,4.619835,4.6512378,812877526.9084285,3773853446.0,True,2025-04-15,0
2025-04-15,510500.SH,1.861934,1.8632604,1.8443592,1.8549704,967245211.097708,1793626903.0,True,2025-04-15,0
2025-04-15,512100.SH,0.8728959999999999,0.87584,0.8644320000000001,0.8703200000000001,1545733554.347826,1342889715.0,True,2025-04-15,0
2025-04-16,510300.SH,4.6391598,4.6729782,4.6029258,4.662108,1802561467.13032,8373466072.0,True,2025-04-16,0
2025-04-16,510500.SH,1.8430328,1.8506596,1.820484,1.838722,2008994273.220748,3691591486.0,True,2025-04-16,0
2025-04-16,512100.SH,0.865904,0.8684799999999999,0.848608,0.8592799999999999,2839979010.869565,2434844378.0,True,2025-04-16,0
2025-04-17,510300.SH,4.6403676,4.6753938,4.6391598,4.6657314,1148650933.9294586,5357723628.0,True,2025-04-17,0
2025-04-17,510500.SH,1.8317584,1.8579548,1.830432,1.8397168,677809749.6984318,1253290436.0,True,2025-04-17,0
2025-04-17,512100.SH,0.854864,0.8688480000000001,0.85376,0.859648,1726388896.7391305,1491768308.0,True,2025-04-17,0
2025-04-18,510300.SH,4.6584846,4.6850562,4.6464066,4.6778094,1140959379.864216,5327127532.0,True,2025-04-18,0
2025-04-18,510500.SH,1.837064,1.8490016,1.8301004,1.84038,889832225.5729795,1636662118.0,True,2025-04-18,0
2025-04-18,512100.SH,0.85744,0.8629600000000001,0.8526560000000001,0.8581759999999999,2013272040.7608693,1726552677.0,True,2025-04-18,0
2025-04-21,510300.SH,4.668147,4.6935108,4.6584846,4.680225,590024435.3369763,2762708291.0,True,2025-04-21,0
2025-04-21,510500.SH,1.8383904,1.8705556,1.8310952,1.8675712,774303154.402895,1439589215.0,True,2025-04-21,0
2025-04-21,512100.SH,0.8567039999999999,0.876576,0.853024,0.87584,1827005758.152174,1589759370.0,True,2025-04-21,0
2025-04-22,510300.SH,4.680225,4.7019654,4.6778094,4.6838484000000005,622655745.1564828,2919236921.0,True,2025-04-22,0
2025-04-22,510500.SH,1.8632604,1.871882,1.8592812,1.8625972,432470934.86127865,806534644.0,True,2025-04-22,0
2025-04-22,512100.SH,0.874736,0.879888,0.871424,0.87584,1145000035.326087,1002448523.0,True,2025-04-22,0
2025-04-23,510300.SH,4.7007576,4.7188746,4.6778094,4.6886796,509607628.7464813,2391310228.0,True,2025-04-23,0
2025-04-23,510500.SH,1.8698924,1.8844828,1.8596128,1.8662448,703157587.4547647,1314640511.0,True,2025-04-23,0
2025-04-23,512100.SH,0.8802559999999999,0.886512,0.876576,0.880992,1805143062.5,1592236129.0,True,2025-04-23,0
2025-04-24,510300.SH,4.6886796,4.7140434,4.6753938,4.6886796,403511731.24689525,1894334207.0,True,2025-04-24,0
2025-04-24,510500.SH,1.8662448,1.8715504,1.8493332,1.858618,484285805.18697226,901148308.0,True,2025-04-24,0
2025-04-24,512100.SH,0.8795200000000001,0.880992,0.867376,0.872528,1446634475.5434785,1263958643.0,True,2025-04-24,0
2025-04-25,510300.SH,4.6947186,4.7092122,4.680225,4.6886796,477888292.7637026,2243036186.0,True,2025-04-25,0
2025-04-25,510500.SH,1.860276,1.8775192,1.8543072,1.8639236,615640244.270205,1148698743.0,True,2025-04-25,0
2025-04-25,512100.SH,0.872528,0.881728,0.8688480000000001,0.8743679999999999,1561401464.673913,1368374886.0,True,2025-04-25,0
2025-04-28,510300.SH,4.6898874,4.6935108,4.6669392,4.6814328,517228870.67395264,2421364302.0,True,2025-04-28,0
2025-04-28,510500.SH,1.863592,1.86525,1.8490016,1.855302,610982089.86731,1134081377.0,True,2025-04-28,0
2025-04-28,512100.SH,0.874,0.875104,0.8629600000000001,0.8651679999999999,1666442589.673913,1444605261.0,True,2025-04-28,0
2025-04-29,510300.SH,4.6790172,4.686264,4.6645236,4.6729782,409616646.7958272,1914265261.0,True,2025-04-29,0
2025-04-29,510500.SH,1.847012,1.8642552,1.8450224,1.8562968,376168262.96743065,698290015.0,True,2025-04-29,0
2025-04-29,512100.SH,0.8629600000000001,0.8728959999999999,0.860016,0.869584,1250694554.347826,1086336694.0,True,2025-04-29,0
2025-04-30,510300.SH,4.674186,4.6935108,4.6669392,4.6693548,414351452.22719,1937487287.0,True,2025-04-30,0
2025-04-30,510500.SH,1.8562968,1.8708872,1.8559652,1.8655816,625425762.9674306,1167228382.0,True,2025-04-30,0
2025-04-30,512100.SH,0.869584,0.8795200000000001,0.869216,0.8762079999999999,1654229701.0869565,1450181016.0,True,2025-04-30,0
2025-05-06,510300.SH,4.6935108,4.7176668,4.686264,4.7140434,594324647.2925981,2795762534.0,True,2025-05-06,0
2025-05-06,510500.SH,1.875198,1.901726,1.8745348,1.9010628,559987506.0313631,1060283652.0,True,2025-05-06,0
2025-05-06,512100.SH,0.88136,0.898656,0.88136,0.898656,1662228277.173913,1484039710.0,True,2025-05-06,0
2025-05-07,510300.SH,4.77081,4.7853036,4.722498,4.7430306,866932580.7252858,4110994908.0,True,2025-05-07,0
2025-05-07,510500.SH,1.9226168,1.938202,1.8927728,1.9043788,673130588.057901,1284514400.0,True,2025-05-07,0
2025-05-07,512100.SH,0.907856,0.91816,0.893504,0.899392,2355488812.5,2126154726.0,True,2025-05-07,0
2025-05-08,510300.SH,4.7321604,4.790134800000001,4.7321604,4.77081,647462923.4972677,3087094214.0,True,2025-05-08,0
2025-05-08,510500.SH,1.8997364,1.918306,1.8980784,1.9123372,690277554.2822678,1319178643.0,True,2025-05-08,0
2025-05-08,512100.SH,0.897552,0.909328,0.896816,0.907488,1578364394.0217392,1428603989.0,True,2025-05-08,0
2025-05-09,510300.SH,4.7659788,4.77081,4.7490696,4.764771,574080832.0914059,2734071470.0,True,2025-05-09,0
2025-05-09,510500.SH,1.910016,1.9103476,1.89012,1.896752,508545096.5018094,965835125.0,True,2025-05-09,0
2025-05-09,512100.SH,0.90712,0.90712,0.8920319999999999,0.896816,1134914415.7608695,1018846787.0,True,2025-05-09,0
2025-05-12,510300.SH,4.7865114,4.8215376,4.779264599999999,4.819122,692581742.8382182,3327197559.0,True,2025-05-12,0
2025-05-12,510500.SH,1.905042,1.9222852,1.9023892,1.9206272,514461004.22195417,984666611.0,True,2025-05-12,0
2025-05-12,512100.SH,0.902336,0.909696,0.8997599999999999,0.909328,1410166290.7608695,1276471323.0,True,2025-05-12,0
2025-05-13,510300.SH,4.8444858,4.8456936,4.8167064,4.8239532,656897596.456367,3170416334.0,True,2025-05-13,0
2025-05-13,510500.SH,1.93157,1.9319016,1.9113424,1.9159848,596467364.2943305,1144635055.0,True,2025-05-13,0
2025-05-13,512100.SH,0.915584,0.915584,0.903808,0.906016,1606985972.826087,1460617548.0,True,2025-05-13,0
2025-05-14,510300.SH,4.8251610000000005,4.9109148,4.8215376,4.885551,1005787562.5103494,4893477242.0,True,2025-05-14,0
2025-05-14,510500.SH,1.91499,1.9362124000000005,1.9053736,1.9226168,727724668.2750301,1396705066.0,True,2025-05-14,0
2025-05-14,512100.SH,0.906016,0.91448,0.8997599999999999,0.908224,1403772578.8043478,1271995658.0,True,2025-05-14,0
2025-05-15,510300.SH,4.8770964,4.8807198000000005,4.836031199999999,4.8444858,677034587.6800795,3287897242.0,True,2025-05-15,0
2025-05-15,510500.SH,1.9169796,1.9189692,1.893436,1.8970836,579925482.509047,1103318487.0,True,2025-05-15,0
2025-05-15,512100.SH,0.906016,0.906384,0.8920319999999999,0.893504,1139392076.0869565,1021692151.0,True,2025-05-15,0
2025-05-16,510300.SH,4.8336156,4.8420702,4.8034206,4.8179142,604639618.3142904,2913902471.0,True,2025-05-16,0
2025-05-16,510500.SH,1.8921096,1.901726,1.8911148,1.8937676,528894975.87454766,1002830482.0,True,2025-05-16,0
2025-05-16,512100.SH,0.891664,0.899392,0.8912960000000001,0.894976,1158085114.1304348,1036770442.0,True,2025-05-16,0
2025-05-19,510300.SH,4.8118752,4.8167064,4.788927,4.8106674,460587922.6693161,2212057936.0,True,2025-05-19,0
2025-05-19,510500.SH,1.893436,1.900068,1.878514,1.89841,425368006.6344994,803451383.0,True,2025-05-19,0
2025-05-19,512100.SH,0.891664,0.8997599999999999,0.885776,0.899024,951996092.3913044,850165120.0,True,2025-05-19,0
2025-05-20,510300.SH,4.8118752,4.8505248,4.807044,4.8348234,455363039.4104984,2198868086.0,True,2025-05-20,0
2025-05-20,510500.SH,1.8994048,1.9113424,1.8907832,1.9063684,352081749.09529555,669425913.0,True,2025-05-20,0
2025-05-20,512100.SH,0.897552,0.907856,0.894976,0.906384,818608266.3043479,738617982.0,True,2025-05-20,0
2025-05-21,510300.SH,4.836031199999999,4.8686418,4.8348234,4.8541482,464152287.6304024,2253851046.0,True,2025-05-21,0
2025-05-21,510500.SH,1.9030524,1.9113424,1.9003996,1.9086896,249852515.0784077,476263694.0,True,2025-05-21,0
2025-05-21,512100.SH,0.904544,0.905648,0.900496,0.904176,628698328.8043479,567872616.0,True,2025-05-21,0
2025-05-22,510300.SH,4.8529404,4.8638106,4.8348234,4.8517326,407295917.3704256,1975447858.0,True,2025-05-22,0
2025-05-22,510500.SH,1.9010628,1.911674,1.8914464,1.8937676,420094466.2243667,797381638.0,True,2025-05-22,0
2025-05-22,512100.SH,0.9016,0.90712,0.89424,0.8953439999999999,976771595.1086956,877758928.0,True,2025-05-22,0
2025-05-23,510300.SH,4.8456936,4.8783042,4.8154986,4.8167064,699692887.8953469,3391996057.0,True,2025-05-23,0
2025-05-23,510500.SH,1.8924412,1.9057052,1.876856,1.8775192,575651764.1737032,1088161888.0,True,2025-05-23,0
2025-05-23,512100.SH,0.893504,0.900496,0.8835679999999999,0.883936,1117799388.5869565,996762095.0,True,2025-05-23,0
2025-05-26,510300.SH,4.8094596,4.8227454,4.7780568,4.7913426,613086371.0879284,2939168237.0,True,2025-05-26,0
2025-05-26,510500.SH,1.8758612,1.8914464,1.871882,1.8805036,507171007.2376357,954266761.0,True,2025-05-26,0
2025-05-26,512100.SH,0.8835679999999999,0.891664,0.882464,0.889088,954750951.0869564,847638148.0,True,2025-05-26,0
2025-05-27,510300.SH,4.788927,4.7937582,4.7575242,4.7659788,478794833.58171886,2285272068.0,True,2025-05-27,0
2025-05-27,510500.SH,1.8808352,1.8828248,1.8679028,1.8758612,627126064.535585,1175296180.0,True,2025-05-27,0
2025-05-27,512100.SH,0.8861439999999999,0.8898240000000001,0.880624,0.886512,1192390095.1086955,1054889029.0,True,2025-05-27,0
2025-05-28,510300.SH,4.7671866,4.7780568,4.7563164,4.7611476,447027791.02500415,2130111536.0,True,2025-05-28,0
2025-05-28,510500.SH,1.8758612,1.880172,1.8682344,1.8725452,390984176.71893847,732201615.0,True,2025-05-28,0
2025-05-28,512100.SH,0.8861439999999999,0.890192,0.881728,0.884304,961524402.173913,850734786.0,True,2025-05-28,0
2025-05-29,510300.SH,4.764771,4.8058362,4.7575242,4.790134800000001,737737574.1016725,3531865335.0,True,2025-05-29,0
2025-05-29,510500.SH,1.87354,1.9030524,1.8732084,1.8990732,966512593.486128,1830963971.0,True,2025-05-29,0
2025-05-29,512100.SH,0.885776,0.900496,0.8846719999999999,0.900128,2010113413.0434785,1799211604.0,True,2025-05-29,0
2025-05-30,510300.SH,4.7816802,4.7877192,4.7490696,4.7816802,610225816.3603246,2910576351.0,True,2025-05-30,0
2025-05-30,510500.SH,1.893436,1.8937676,1.8805036,1.8881304,1008868262.9674306,1903678351.0,True,2025-05-30,0
2025-05-30,512100.SH,0.896816,0.8971840000000001,0.88872,0.891664,2195178611.4130435,1957977512.0,True,2025-05-30,0
2025-06-03,510300.SH,4.7659788,4.7973816,4.7611476,4.779264599999999,494110612.6842192,2361902723.0,True,2025-06-03,0
2025-06-03,510500.SH,1.883488,1.900068,1.8788456,1.8911148,414675156.8154403,784046928.0,True,2025-06-03,0
2025-06-03,512100.SH,0.888352,0.8997599999999999,0.887616,0.8964479999999999,1030155032.6086956,922983494.0,True,2025-06-03,0
2025-06-04,510300.SH,4.7816802,4.813083,4.7804724,4.7997972,384619432.0251697,1846404388.0,True,2025-06-04,0
2025-06-04,510500.SH,1.8914464,1.9110108,1.8914464,1.9063684,330293353.43787694,629142475.0,True,2025-06-04,0
2025-06-04,512100.SH,0.896816,0.905648,0.8957120000000001,0.904544,786179051.6304348,709692001.0,True,2025-06-04,0
2025-06-05,510300.SH,4.8046284,4.8239532,4.7913426,4.8118752,440441905.1167412,2116243913.0,True,2025-06-05,0
2025-06-05,510500.SH,1.9086896,1.9229484,1.9010628,1.9179744,508401142.9433052,972358271.0,True,2025-06-05,0
2025-06-05,512100.SH,0.904912,0.913744,0.900864,0.911904,941252263.5869564,853375847.0,True,2025-06-05,0
2025-06-06,510300.SH,4.8154986,4.8299922,4.8046284,4.8142908,404769659.7118728,1948178948.0,True,2025-06-06,0
2025-06-06,510500.SH,1.9176428,1.9212904,1.913332,1.918306,304809041.013269,584109624.0,True,2025-06-06,0
2025-06-06,512100.SH,0.912272,0.912272,0.90712,0.910064,696639983.6956521,633493553.0,True,2025-06-06,0
2025-06-09,510300.SH,4.8179142,4.843278,4.8118752,4.8251610000000005,481121193.9062759,2322756628.0,True,2025-06-09,0
2025-06-09,510500.SH,1.921622,1.9405232,1.9196324,1.93157,590658139.3244873,1141617121.0,True,2025-06-09,0
2025-06-09,512100.SH,0.911536,0.92184,0.910432,0.919264,1050243586.9565216,964800604.0,True,2025-06-09,0
2025-06-10,510300.SH,4.8275766,4.837238999999999,4.7804724,4.7973816,638393583.374731,3069054930.0,True,2025-06-10,0
2025-06-10,510500.SH,1.93157,1.9328964,1.9040472,1.9156532,550476263.5705669,1055334689.0,True,2025-06-10,0
2025-06-10,512100.SH,0.92,0.92,0.903072,0.911168,1071850570.652174,976888666.0,True,2025-06-10,0
2025-06-11,510300.SH,4.7997972,4.8601872,4.7997972,4.836031199999999,913652529.3922836,4422015632.0,True,2025-06-11,0
2025-06-11,510500.SH,1.9156532,1.9391968,1.9156532,1.9279224,694751471.6525935,1341105615.0,True,2025-06-11,0
2025-06-11,512100.SH,0.911168,0.921104,0.9108,0.915216,1096907633.152174,1005172128.0,True,2025-06-11,0
2025-06-12,510300.SH,4.8287844,4.8469014,4.807044,4.8384468,571358793.6744494,2758909222.0,True,2025-06-12,0
2025-06-12,510500.SH,1.9262644,1.934886,1.9186376,1.93157,278147415.5609168,536522932.0,True,2025-06-12,0
2025-06-12,512100.SH,0.911536,0.918528,0.90896,0.916688,527414885.8695653,482595223.0,True,2025-06-12,0
2025-06-13,510300.SH,4.8287844,4.8336156,4.7913426,4.807044,577924186.1235304,2779843230.0,True,2025-06-13,0
2025-06-13,510500.SH,1.9279224,1.9305752,1.9080264,1.9153216,481575015.0784077,923057935.0,True,2025-06-13,0
2025-06-13,512100.SH,0.914112,0.915584,0.902704,0.904912,964816282.6086956,875443208.0,True,2025-06-13,0
2025-06-16,510300.SH,4.7997972,4.8239532,4.7961738,4.819122,537611147.5409836,2586770171.0,True,2025-06-16,0
2025-06-16,510500.SH,1.908358,1.9272592,1.908358,1.9222852,543432132.0868516,1044674832.0,True,2025-06-16,0
2025-06-16,512100.SH,0.901968,0.911904,0.9016,0.910064,806139891.3043479,733030656.0,True,2025-06-16,0
2025-06-17,510300.SH,4.8203298,4.8275766,4.7997972,4.8179142,399810647.4581885,1925078391.0,True,2025-06-17,0
2025-06-17,510500.SH,1.9239432,1.9259328,1.9130004,1.918306,674024981.9059107,1292161009.0,True,2025-06-17,0
2025-06-17,512100.SH,0.910432,0.913008,0.906016,0.90896,885272038.0434783,804508406.0,True,2025-06-17,0
2025-06-18,510300.SH,4.8202050000000005,4.828850000000001,4.794270000000001,4.82144,389314502.0242914,1874167101.0,True,2025-06-18,0
2025-06-18,510500.SH,1.9186376,1.919964,1.903384,1.9153216,452752825.69360673,865530177.0,True,2025-06-18,0
2025-06-18,512100.SH,0.908592,0.910064,0.900864,0.907856,675013279.8913044,611461073.0,True,2025-06-18,0
2025-06-19,510300.SH,4.814030000000001,4.815265,4.770805,4.783155000000001,486468479.3522267,2331339243.0,True,2025-06-19,0
2025-06-19,510500.SH,1.9110108,1.918306,1.888462,1.8960888,664271402.291918,1264678283.0,True,2025-06-19,0
2025-06-19,512100.SH,0.906016,0.910064,0.893504,0.896816,1107314671.1956522,996642317.0,True,2025-06-19,0
2025-06-20,510300.SH,4.78192,4.80168,4.780685,4.7893300000000005,342545862.34817815,1641824026.0,True,2025-06-20,0
2025-06-20,510500.SH,1.8944308,1.8997364,1.8828248,1.8831564,976007135.1025332,1842188941.0,True,2025-06-20,0
2025-06-20,512100.SH,0.8957120000000001,0.899024,0.889088,0.8894559999999999,1519011358.6956522,1356143053.0,True,2025-06-20,0
2025-06-23,510300.SH,4.778215,4.81897,4.769570000000001,4.805385,606675881.7813765,2908735828.0,True,2025-06-23,0
2025-06-23,510500.SH,1.8795088,1.8987416,1.8771876,1.8940992,578351734.0168878,1093216921.0,True,2025-06-23,0
2025-06-23,512100.SH,0.8850399999999999,0.901232,0.8850399999999999,0.900864,1359023983.6956522,1218381179.0,True,2025-06-23,0
2025-06-24,510300.SH,4.81156,4.87825,4.81156,4.86096,991542412.9554656,4815432117.0,True,2025-06-24,0
2025-06-24,510500.SH,1.8977468,1.9259328,1.8977468,1.9246064,1158888374.5476477,2225227275.0,True,2025-06-24,0
2025-06-24,512100.SH,0.901232,0.918528,0.900864,0.917792,1415024163.0434785,1293160774.0,True,2025-06-24,0
2025-06-25,510300.SH,4.8646650000000005,4.9437050000000005,4.859725,4.941235000000001,1396045442.9149797,6841352725.0,True,2025-06-25,0
2025-06-25,510500.SH,1.9272592,1.9627404,1.9259328,1.9607508,1123221037.3944511,2183573155.0,True,2025-06-25,0
2025-06-25,512100.SH,0.918528,0.93288,0.91816,0.931408,1557717187.5,1443542821.0,True,2025-06-25,0
2025-06-26,510300.SH,4.933825000000001,4.94494,4.921475,4.92271,759488155.4655871,3745893284.0,True,2025-06-26,0
2025-06-26,510500.SH,1.958098,1.9650616,1.951466,1.9524608,706864598.9143546,1384474054.0,True,2025-06-26,0
2025-06-26,512100.SH,0.930304,0.935456,0.926992,0.92736,1754695695.652174,1632240900.0,True,2025-06-26,0
2025-06-27,510300.SH,4.927650000000001,4.956055,4.88813,4.894305,866146868.8259108,4258505726.0,True,2025-06-27,0
2025-06-27,510500.SH,1.9544504,1.9756728,1.951466,1.959756,672318208.6851629,1320386698.0,True,2025-06-27,0
2025-06-27,512100.SH,0.929936,0.938032,0.928096,0.930672,1263367124.9999998,1178506791.0,True,2025-06-27,0
2025-06-30,510300.SH,4.891835,4.921475,4.885660000000001,4.917770000000001,876080158.7044533,4300171928.0,True,2025-06-30,0
2025-06-30,510500.SH,1.9620772,1.9789888,1.9617456,1.9773308,737326161.0373944,1454432701.0,True,2025-06-30,0
2025-06-30,512100.SH,0.932144,0.943552,0.932144,0.942816,1564572796.1956522,1470207152.0,True,2025-06-30,0
2025-07-01,510300.SH,4.9153,4.9301200000000005,4.901715,4.92518,518774165.9919028,2551468709.0,True,2025-07-01,0
2025-07-01,510500.SH,1.97302,1.9842944,1.9677144,1.9836312,416876103.7394451,823912323.0,True,2025-07-01,0
2025-07-01,512100.SH,0.942816,0.94576,0.935088,0.945392,1055382554.347826,993151556.0,True,2025-07-01,0
2025-07-02,510300.SH,4.921475,4.938765000000001,4.909125,4.9301200000000005,420148590.2834008,2069608324.0,True,2025-07-02,0
2025-07-02,510500.SH,1.9766676,1.9783256,1.9660564,1.9720252,391271076.5983112,771494842.0,True,2025-07-02,0
2025-07-02,512100.SH,0.943184,0.943552,0.933248,0.936928,1044631168.4782608,978550360.0,True,2025-07-02,0
2025-07-03,510300.SH,4.93259,4.9647,4.928885,4.958525,555774820.2429149,2748927253.0,True,2025-07-03,0
2025-07-03,510500.SH,1.9720252,1.9823048,1.968046,1.9799836,361145382.9915561,713616283.0,True,2025-07-03,0
2025-07-03,512100.SH,0.93656,0.94208,0.933248,0.940976,956261752.7173914,897083089.0,True,2025-07-03,0
2025-07-04,510300.SH,4.953585,5.020275000000001,4.94494,4.979520000000001,852276991.0931174,4241383565.000001,True,2025-07-04,0
2025-07-04,510500.SH,1.9756728,1.99789,1.969704,1.9773308,490403380.5790109,971146047.0,True,2025-07-04,0
2025-07-04,512100.SH,0.9384,0.946864,0.933616,0.937296,906451347.826087,851113098.0,True,2025-07-04,0
2025-07-07,510300.SH,4.97211,4.979520000000001,4.946175,4.95729,325709668.0161943,1614976763.0,True,2025-07-07,0
2025-07-07,510500.SH,1.9753412,1.9783256,1.9700356,1.9733516,237345627.2617612,468406804.0,True,2025-07-07,0
2025-07-07,512100.SH,0.935824,0.939872,0.935456,0.9384,441566467.3913044,414157613.0,True,2025-07-07,0
2025-07-08,510300.SH,4.95976,5.0091600000000005,4.956055,4.999280000000001,495747965.9919028,2473798113.0,True,2025-07-08,0
2025-07-08,510500.SH,1.9733516,2.0025324,1.9723568,1.9998796,505081510.8564536,1006809209.0,True,2025-07-08,0
2025-07-08,512100.SH,0.938032,0.952016,0.936192,0.951648,1109622641.3043478,1052121837.0,True,2025-07-08,0
2025-07-09,510300.SH,4.999280000000001,5.025215,4.989400000000001,4.9955750000000005,524421703.6437247,2626402688.0,True,2025-07-09,0
2025-07-09,510500.SH,2.0002112,2.0041904,1.9896,1.991258,461990292.52110976,923228818.0,True,2025-07-09,0
2025-07-09,512100.SH,0.952384,0.95496,0.946864,0.948704,1204948524.4565215,1145274637.0,True,2025-07-09,0
2025-07-10,510300.SH,4.9955750000000005,5.05115,4.99434,5.020275000000001,512054791.09311736,2569715942.0,True,2025-07-10,0
2025-07-10,510500.SH,1.991258,2.0098276,1.9886052,2.0022008,393016583.2328106,785483340.0,True,2025-07-10,0
2025-07-10,512100.SH,0.948336,0.955328,0.945392,0.950544,1008649315.2173914,958508578.0,True,2025-07-10,0
2025-07-11,510300.SH,5.02151,5.10055,5.020275000000001,5.037565,1024174207.2874494,5184103110.0,True,2025-07-11,0
2025-07-11,510500.SH,2.0012060000000003,2.03105,1.9952372,2.019444,751262014.4752713,1516911950.0,True,2025-07-11,0
2025-07-11,512100.SH,0.95128,0.964896,0.947968,0.960112,1850988883.152174,1774114729.0,True,2025-07-11,0
2025-07-14,510300.SH,5.03633,5.056090000000001,5.03386,5.03633,664411242.9149797,3351107668.0,True,2025-07-14,0
2025-07-14,510500.SH,2.0187808,2.0224284,2.0128120000000003,2.0157964,352388419.78287095,711140340.0,True,2025-07-14,0
2025-07-14,512100.SH,0.960848,0.961216,0.956064,0.959376,1288477195.652174,1235881872.0,True,2025-07-14,0
2025-07-15,510300.SH,5.04127,5.068440000000001,5.005455,5.03633,653831049.3927125,3292797650.0,True,2025-07-15,0
2025-07-15,510500.SH,2.0114856,2.0264076,1.9992164,2.0151332,477276601.3268999,959703847.0,True,2025-07-15,0
2025-07-15,512100.SH,0.95864,0.961952,0.946864,0.956064,1092905771.7391305,1042538899.0,True,2025-07-15,0
2025-07-16,510300.SH,5.037565,5.054855000000001,5.0091600000000005,5.025215,388001529.5546558,1951853024.0,True,2025-07-16,0
2025-07-16,510500.SH,2.0141384,2.0320448,2.007838,2.0148016,494987496.9843184,999719287.0,True,2025-07-16,0
2025-07-16,512100.SH,0.956432,0.964528,0.95496,0.960112,963323907.6086956,924795858.0,True,2025-07-16,0
2025-07-17,510300.SH,5.025215,5.067205,5.02398,5.065970000000001,484066828.3400809,2443096232.0,True,2025-07-17,0
2025-07-17,510500.SH,2.01447,2.0386768,2.0124804,2.0380136,356172460.7961399,722766909.0,True,2025-07-17,0
2025-07-17,512100.SH,0.95864,0.971888,0.957536,0.97152,806077714.673913,779912216.0,True,2025-07-17,0
2025-07-18,510300.SH,5.07338,5.10796,5.069675000000001,5.10302,577432887.4493927,2940955208.0,True,2025-07-18,0
2025-07-18,510500.SH,2.0386768,2.0502828,2.034366,2.044314,484995895.65741855,990926837.0,True,2025-07-18,0
2025-07-18,512100.SH,0.971888,0.976304,0.968576,0.973728,793666043.4782609,772012784.0,True,2025-07-18,0
2025-07-21,510300.SH,5.109195,5.137600000000001,5.1054900000000005,5.133895000000001,621426174.0890688,3184284274.0,True,2025-07-21,0
2025-07-21,510500.SH,2.0463036000000003,2.0652048,2.045972,2.0645416,769032029.5536791,1584067722.0,True,2025-07-21,0
2025-07-21,512100.SH,0.973728,0.982192,0.973728,0.981824,1734687790.7608695,1700335607.0,True,2025-07-21,0
2025-07-22,510300.SH,5.1363650000000005,5.190705,5.11537,5.188235,876201659.9190283,4516788944.0,True,2025-07-22,0
2025-07-22,510500.SH,2.0655364,2.087422,2.0618888,2.0864272,674845422.1954161,1399576972.0,True,2025-07-22,0
2025-07-22,512100.SH,0.98256,0.98808,0.979248,0.987712,818234940.2173914,804987759.0,True,2025-07-22,0
2025-07-23,510300.SH,5.19194,5.2289900000000005,5.17218,5.185765,805450632.3886639,4188253000.0,True,2025-07-23,0
2025-07-23,510500.SH,2.087422,2.1003544,2.0751528,2.079132,845303766.5862485,1765155846.0,True,2025-07-23,0
2025-07-23,512100.SH,0.98808,0.992496,0.98072,0.984032,1051736236.4130436,1037425441.0,True,2025-07-23,0
2025-07-24,510300.SH,5.1808250000000005,5.22158,5.174650000000001,5.217875,716790243.7246963,3729028292.0,True,2025-07-24,0
2025-07-24,510500.SH,2.0751528,2.1116288,2.0748212,2.1099708,624357801.5681543,1309140764.0,True,2025-07-24,0
2025-07-24,512100.SH,0.983296,0.998016,0.981824,0.99728,1390707983.6956522,1380421807.0,True,2025-07-24,0
2025-07-25,510300.SH,5.217875,5.217875,5.178355,5.190705,664037227.5303643,3452281674.0,True,2025-07-25,0
2025-07-25,510500.SH,2.1112972,2.1146132,2.1020124,2.110634,957687608.5645356,2019458361.0,True,2025-07-25,0
2025-07-25,512100.SH,0.998016,0.998016,0.991024,0.996544,1123484956.5217392,1117894811.0,True,2025-07-25,0
2025-07-28,510300.SH,5.190705,5.2154050000000005,5.16971,5.204290000000001,488073924.6963562,2535151857.0,True,2025-07-28,0
2025-07-28,510500.SH,2.110634,2.1232348,2.1010176,2.1192556,608435506.6344994,1286667623.0,True,2025-07-28,0
2025-07-28,512100.SH,0.996912,1.0020639999999998,0.991024,0.999488,1730501836.9565215,1725893866.0,True,2025-07-28,0
2025-07-29,510300.SH,5.196880000000001,5.23146,5.17712,5.230225000000001,652614212.9554656,3395606595.0,True,2025-07-29,0
2025-07-29,510500.SH,2.11395,2.1328512,2.100686,2.1325196,642922035.5850424,1358964395.0,True,2025-07-29,0
2025-07-29,512100.SH,0.998016,1.008688,0.991024,1.007952,986258103.2608696,985352231.0,True,2025-07-29,0
2025-07-30,510300.SH,5.220345000000001,5.267275,5.195645,5.226520000000001,769434944.1295546,4023783503.0,True,2025-07-30,0
2025-07-30,510500.SH,2.1248928,2.1358356,2.102344,2.1185924000000003,569736504.8250904,1210134625.0,True,2025-07-30,0
2025-07-30,512100.SH,1.006848,1.006848,0.991024,0.998752,1311960589.673913,1311967412.0,True,2025-07-30,0
2025-07-31,510300.SH,5.212935000000001,5.212935000000001,5.11537,5.131425000000001,909240951.417004,4687659264.0,True,2025-07-31,0
2025-07-31,510500.SH,2.1096392,2.1185924000000003,2.0801268,2.0880852,598917141.1338962,1258229121.0,True,2025-07-31,0
2025-07-31,512100.SH,0.995808,1.003168,0.98624,0.99176,1065881551.6304348,1061977193.0,True,2025-07-31,0
2025-08-01,510300.SH,5.12278,5.140070000000001,5.085730000000001,5.104255,495196034.0080971,2531113831.0,True,2025-08-01,0
2025-08-01,510500.SH,2.0824480000000003,2.0983648,2.0725,2.0847692,477067545.2352232,995403322.0,True,2025-08-01,0
2025-08-01,512100.SH,0.990288,0.997648,0.985136,0.991024,1021708597.826087,1012789196.0,True,2025-08-01,0
2025-08-04,510300.SH,5.09067,5.130190000000001,5.084495,5.127720000000001,352685991.902834,1801388564.0,True,2025-08-04,0
2025-08-04,510500.SH,2.0754844,2.1010176,2.0731632,2.100686,314748718.3353438,657137127.0,True,2025-08-04,0
2025-08-04,512100.SH,0.986976,1.003536,0.984768,1.003168,1059504611.4130436,1055042537.0,True,2025-08-04,0
2025-08-05,510300.SH,5.130190000000001,5.168475,5.126485,5.166005,443779815.38461536,2282989180.0,True,2025-08-05,0
2025-08-05,510500.SH,2.1016808,2.1149448,2.1016808,2.1142816,363909782.8709289,766954450.0,True,2025-08-05,0
2025-08-05,512100.SH,1.003168,1.009424,1.001696,1.009056,915028828.804348,919724149.0,True,2025-08-05,0
2025-08-06,510300.SH,5.163535,5.185765,5.157360000000001,5.17959,331129479.3522267,1713095761.0,True,2025-08-06,0
2025-08-06,510500.SH,2.1043336,2.1335144,2.1043336,2.1315248,518626387.2135102,1102525817.0,True,2025-08-06,0
2025-08-06,512100.SH,1.008688,1.0215679999999998,1.00648,1.019728,1482226385.8695652,1507563977.0,True,2025-08-06,0
2025-08-07,510300.SH,5.18206,5.199350000000001,5.151185000000001,5.178355,432360822.6720647,2236786690.0,True,2025-08-07,0
2025-08-07,510500.SH,2.1315248,2.1364988,2.1109656,2.1248928,487721287.6960193,1035267177.0,True,2025-08-07,0
2025-08-07,512100.SH,1.020832,1.023408,1.012368,1.020096,1381685415.7608695,1407145914.0,True,2025-08-07,0
2025-08-08,510300.SH,5.17218,5.188235,5.156125,5.166005,342560647.7732793,1771777749.0,True,2025-08-08,0
2025-08-08,510500.SH,2.1152764,2.1295352,2.11395,2.1212452,312435217.1290712,662662808.0,True,2025-08-08,0
2025-08-08,512100.SH,1.018992,1.020464,1.012368,1.016784,726927478.2608696,738651457.0,True,2025-08-08,0
2025-08-11,510300.SH,5.166005,5.209230000000001,5.166005,5.18947,557208009.7165991,2891923703.0,True,2025-08-11,0
2025-08-11,510500.SH,2.1232348,2.1500944,2.1232348,2.1434624,504308730.39807,1079316755.0,True,2025-08-11,0
2025-08-11,512100.SH,1.01752,1.035552,1.0171519999999998,1.031504,2221255149.456522,2288333864.0,True,2025-08-11,0
2025-08-12,510300.SH,5.187,5.2326950000000005,5.187,5.22158,390677902.834008,2036818306.0,True,2025-08-12,0
2025-08-12,510500.SH,2.1441256,2.1547368,2.1351724,2.1544052,321265977.08082026,689378657.0,True,2025-08-12,0
2025-08-12,512100.SH,1.031872,1.035552,1.025984,1.035184,1067931355.9782608,1101429805.0,True,2025-08-12,0
2025-08-13,510300.SH,5.2289900000000005,5.275920000000001,5.222815000000001,5.264805,614446002.4291497,3227703467.0,True,2025-08-13,0
2025-08-13,510500.SH,2.1573896,2.1872336,2.1554,2.1825912,540622864.8974668,1174102338.0,True,2025-08-13,0
2025-08-13,512100.SH,1.036288,1.052848,1.036288,1.050272,1642381013.5869565,1716167434.0,True,2025-08-13,0
2025-08-14,510300.SH,5.267275,5.314205,5.2462800000000005,5.25616,718975205.6680161,3797429985.0,True,2025-08-14,0
2025-08-14,510500.SH,2.1756276,2.1875652000000003,2.1517524,2.1600424,675201785.2834741,1465281352.0,True,2025-08-14,0
2025-08-14,512100.SH,1.051376,1.05248,1.034816,1.038864,1681920312.5,1755421751.0,True,2025-08-14,0
2025-08-15,510300.SH,5.23887,5.31297,5.236400000000001,5.304325,867881738.4615384,4584387161.0,True,2025-08-15,0
2025-08-15,510500.SH,2.1557316,2.2094508,2.1534104,2.2077928,690943009.6501809,1514607500.0,True,2025-08-15,0
2025-08-15,512100.SH,1.03408,1.060944,1.0333439999999998,1.0602079999999998,1917444070.652174,2016757400.0,True,2025-08-15,0
2025-08-18,510300.SH,5.3080300000000005,5.384600000000001,5.291975000000001,5.343845,817204480.9716599,4362087157.0,True,2025-08-18,0
2025-08-18,510500.SH,2.2177408,2.2552116,2.2077928,2.2376368,1262615639.3244872,2824740779.0,True,2025-08-18,0
2025-08-18,512100.SH,1.062048,1.082288,1.060944,1.075664,2422492788.0434785,2602947187.0,True,2025-08-18,0
2025-08-19,510300.SH,5.34261,5.368545000000001,5.306795,5.316675,626989822.6720648,3347920291.0,True,2025-08-19,0
2025-08-19,510500.SH,2.2376368,2.2502376,2.2253676,2.2326628,949232484.9215922,2123688222.0,True,2025-08-19,0
2025-08-19,512100.SH,1.07456,1.0837599999999998,1.069408,1.0764,1413550116.847826,1522119437.0,True,2025-08-19,0
2025-08-20,510300.SH,5.304325,5.3907750000000005,5.269745000000001,5.38954,1116126771.659919,5938089045.0,True,2025-08-20,0
2025-08-20,510500.SH,2.2263624,2.2635016,2.2107772,2.2628384,1018275093.486128,2280535527.0,True,2025-08-20,0
2025-08-20,512100.SH,1.0719839999999998,1.08928,1.064992,1.088544,2194910649.456522,2366208145.0,True,2025-08-20,0
2025-08-21,510300.SH,5.394480000000001,5.426590000000001,5.38213,5.40683,739273253.4412955,3997377735.0,True,2025-08-21,0
2025-08-21,510500.SH,2.2668176,2.2734496,2.2412844,2.2502376,899670072.3763571,2028278817.0,True,2025-08-21,0
2025-08-21,512100.SH,1.090384,1.093328,1.073088,1.078608,2315259698.369565,2502943431.0,True,2025-08-21,0
2025-08-22,510300.SH,5.403125,5.53774,5.40189,5.5315650000000005,1101427870.445344,6031204221.0,True,2025-08-22,0
2025-08-22,510500.SH,2.249906,2.2950036000000003,2.249906,2.293014,2544567252.714113,5802812523.0,True,2025-08-22,0
2025-08-22,512100.SH,1.077136,1.098112,1.077136,1.097376,1928031815.2173915,2100501004.0,True,2025-08-22,0
2025-08-25,510300.SH,5.558735,5.646420000000001,5.553795,5.637775000000001,1179021721.4574895,6599627199.0,True,2025-08-25,0
2025-08-25,510500.SH,2.3085992,2.342754,2.3026304,2.3334692,2658283395.6574187,6170751765.0,True,2025-08-25,0
2025-08-25,512100.SH,1.10216,1.118352,1.101056,1.111728,1897108750.0,2103633284.0,True,2025-08-25,0
2025-08-26,510300.SH,5.6241900000000005,5.646420000000001,5.590845000000001,5.608135000000001,902262466.3967612,5068845227.0,True,2025-08-26,0
2025-08-26,510500.SH,2.324516,2.3550232,2.319542,2.3371168,1504361951.1459591,3516687986.0,True,2025-08-26,0
2025-08-26,512100.SH,1.108048,1.120928,1.104736,1.111728,951309209.2391304,1058591719.0,True,2025-08-26,0
2025-08-27,510300.SH,5.608135000000001,5.662475000000001,5.524155,5.526625,1143878869.6356275,6408311259.0,True,2025-08-27,0
2025-08-27,510500.SH,2.3364536,2.374256,2.3026304,2.3056148000000003,1303761191.19421,3059376522.0,True,2025-08-27,0
2025-08-27,512100.SH,1.11136,1.124976,1.090016,1.092224,1490347206.5217392,1651099835.0,True,2025-08-27,0
2025-08-28,510300.SH,5.519215000000001,5.632835,5.498220000000001,5.630365,1033534974.8987854,5746035433.0,True,2025-08-28,0
2025-08-28,510500.SH,2.3056148000000003,2.3570128,2.2824028,2.3556864,1174687080.8202653,2728207393.0,True,2025-08-28,0
2025-08-28,512100.SH,1.085968,1.10768,1.073088,1.107312,2491064434.7826085,2726772864.0,True,2025-08-28,0
2025-08-29,510300.SH,5.61925,5.697055000000001,5.6069,5.682235,1097212440.4858298,6208498370.0,True,2025-08-29,0
2025-08-29,510500.SH,2.3523704000000003,2.380888,2.3440804,2.3679556,1053865847.4065138,2486113434.0,True,2025-08-29,0
2025-08-29,512100.SH,1.104736,1.113568,1.095904,1.106208,1451318399.4565215,1602241276.0,True,2025-08-29,0
2025-09-01,510300.SH,5.6896450000000005,5.71064,5.656300000000001,5.70076,966790826.7206476,5495420182.0,True,2025-09-01,0
2025-09-01,510500.SH,2.3745876,2.390836,2.3623184,2.3895096,552114927.6236429,1312557380.0,True,2025-09-01,0
2025-09-01,512100.SH,1.10952,1.120192,1.102896,1.117984,1059630005.4347826,1177584128.0,True,2025-09-01,0
2025-09-02,510300.SH,5.697055000000001,5.7341050000000005,5.61925,5.66865,837580717.4089068,4755250317.0,True,2025-09-02,0
2025-09-02,510500.SH,2.37923,2.384204,2.319542,2.339438,739202056.694813,1736110055.0,True,2025-09-02,0
2025-09-02,512100.SH,1.114304,1.1150399999999998,1.078608,1.088912,1859470467.3913045,2027568639.0,True,2025-09-02,0
2025-09-03,510300.SH,5.67112,5.692115,5.5822,5.618015000000001,744018195.9514171,4187703184.0,True,2025-09-03,0
2025-09-03,510500.SH,2.3417592000000003,2.3490544,2.293014,2.301304,726765530.7599517,1687177107.0,True,2025-09-03,0
2025-09-03,512100.SH,1.089648,1.093696,1.066832,1.072352,1709781019.0217392,1848128927.0,True,2025-09-03,0
2025-09-04,510300.SH,5.614310000000001,5.625425,5.453760000000001,5.503160000000001,1150463832.3886638,6352441030.0,True,2025-09-04,0
2025-09-04,510500.SH,2.3032936,2.3192104,2.2180724,2.2479164,985818419.7828708,2236535867.0,True,2025-09-04,0
2025-09-04,512100.SH,1.071248,1.079712,1.032608,1.047328,3632908682.0652175,3834456899.0,True,2025-09-04,0
2025-09-05,510300.SH,5.495750000000001,5.635305,5.48587,5.6241900000000005,858568804.8582995,4780253830.0,True,2025-09-05,0
2025-09-05,510500.SH,2.2479164,2.3288268,2.2409528,2.3248476,928061607.3582628,2121919291.0,True,2025-09-05,0
2025-09-05,512100.SH,1.04696,1.079712,1.044752,1.077872,2088922024.4565213,2221064701.0,True,2025-09-05,0
2025-09-08,510300.SH,5.6241900000000005,5.647655000000001,5.587140000000001,5.625425,837264771.6599189,4701185135.0,True,2025-09-08,0
2025-09-08,510500.SH,2.3248476,2.3490544,2.3115836,2.3454068,702749523.522316,1636795369.0,True,2025-09-08,0
2025-09-08,512100.SH,1.077504,1.090016,1.07272,1.086704,3124071225.5434785,3375375712.0,True,2025-09-08,0
2025-09-09,510300.SH,5.613075,5.63654,5.55997,5.59208,550894361.1336032,3084847254.0,True,2025-09-09,0
2025-09-09,510500.SH,2.3381116,2.3467332,2.309594,2.3231896,420959336.55006033,979988418.0,True,2025-09-09,0
2025-09-09,512100.SH,1.083392,1.08744,1.069408,1.074192,955567301.6304348,1032124134.0,True,2025-09-09,0
2025-09-10,510300.SH,5.58961,5.63407,5.566145,5.604430000000001,492840754.6558704,2761984289.0,True,2025-09-10,0
2025-09-10,510500.SH,2.3192104,2.3420908,2.3049516,2.3221948,366623899.2762365,852285642.0,True,2025-09-10,0
2025-09-10,512100.SH,1.07272,1.085968,1.067936,1.074928,1331810717.3913045,1434574666.0,True,2025-09-10,0
2025-09-11,510300.SH,5.590845000000001,5.75757,5.578495000000001,5.7551000000000005,792179612.9554657,4504295390.0,True,2025-09-11,0
2025-09-11,510500.SH,2.3212,2.3971364,2.3069412,2.3954784,1422552195.416164,3370578668.0,True,2025-09-11,0
2025-09-11,512100.SH,1.07088,1.104,1.062416,1.103632,1664454633.152174,1816753782.0,True,2025-09-11,0
2025-09-12,510300.SH,5.75757,5.76004,5.699525,5.706935000000001,741585446.9635627,4251540392.0,True,2025-09-12,0
2025-09-12,510500.SH,2.3964732,2.4210116,2.3905044,2.4014472,782199695.416164,1880048851.0,True,2025-09-12,0
2025-09-12,512100.SH,1.104,1.112096,1.099216,1.104,1282890154.8913045,1418023572.0,True,2025-09-12,0
2025-09-15,510300.SH,5.70817,5.75757,5.69829,5.716815,583960743.319838,3346337207.0,True,2025-09-15,0
2025-09-15,510500.SH,2.4047632,2.4080792,2.3905044,2.3961416,1075428425.814234,2581031813.0,True,2025-09-15,0
2025-09-15,512100.SH,1.104368,1.108784,1.10032,1.102896,994245198.3695652,1097967806.0,True,2025-09-15,0
2025-09-16,510300.SH,5.72052,5.745220000000001,5.669885000000001,5.7057,638788146.5587044,3642646550.0,True,2025-09-16,0
2025-09-16,510500.SH,2.3968048,2.4186904,2.375914,2.4147112,712079327.5030156,1709696475.0,True,2025-09-16,0
2025-09-16,512100.SH,1.102896,1.116144,1.094064,1.114672,902834546.1956522,999678718.0,True,2025-09-16,0
2025-09-17,510300.SH,5.699525,5.753865,5.679765000000001,5.746455,579277637.2469635,3315621289.0,True,2025-09-17,0
2025-09-17,510500.SH,2.4094056,2.4415708,2.4017788,2.4395812,478539258.1423402,1159802809.0,True,2025-09-17,0
2025-09-17,512100.SH,1.111728,1.126448,1.109152,1.124608,1097493122.2826087,1229537886.0,True,2025-09-17,0
2025-09-18,510300.SH,5.748925000000001,5.77486,5.6241900000000005,5.673590000000001,961435392.7125504,5488692045.0,True,2025-09-18,0
2025-09-18,510500.SH,2.4379232,2.4697568000000003,2.3875200000000003,2.4180272,1020561462.6055489,2482372672.0,True,2025-09-18,0
2025-09-18,512100.SH,1.125712,1.140432,1.098112,1.110256,1843501190.2173915,2065290108.0,True,2025-09-18,0
2025-09-19,510300.SH,5.66865,5.721755000000001,5.664945,5.68594,592399846.9635627,3369611818.0,True,2025-09-19,0
2025-09-19,510500.SH,2.4137164,2.4293016,2.3974680000000004,2.4077476,861134665.2593486,2080099063.0,True,2025-09-19,0
2025-09-19,512100.SH,1.109152,1.117984,1.10032,1.106208,852813089.673913,947421819.0,True,2025-09-19,0
2025-09-22,510300.SH,5.68594,5.706935000000001,5.6587700000000005,5.704465,509535727.1255061,2896946428.0,True,2025-09-22,0
2025-09-22,510500.SH,2.4070844,2.427312,2.3961416,2.4266488,710549234.0168877,1713669910.0,True,2025-09-22,0
2025-09-22,512100.SH,1.106576,1.116144,1.102528,1.115408,674378733.6956522,748026695.0,True,2025-09-22,0
2025-09-23,510300.SH,5.714345,5.75016,5.62913,5.70817,854251121.4574898,4859849641.0,True,2025-09-23,0
2025-09-23,510500.SH,2.4266488,2.432286,2.367624,2.4130532,793009987.9372739,1905161682.0,True,2025-09-23,0
2025-09-23,512100.SH,1.114672,1.115408,1.08192,1.10216,1168421513.5869565,1281869499.0,True,2025-09-23,0
2025-09-24,510300.SH,5.677295000000001,5.76004,5.6760600000000005,5.758805000000001,813348880.1619432,4656117026.0,True,2025-09-24,0
2025-09-24,510500.SH,2.3981312,2.4657776,2.3964732,2.4644512,661801815.4402894,1613166926.0,True,2025-09-24,0
2025-09-24,512100.SH,1.095168,1.122032,1.091488,1.121296,1107612154.8913045,1231461852.0,True,2025-09-24,0
2025-09-25,510300.SH,5.758805000000001,5.82673,5.7513950000000005,5.798325000000001,624563749.7975708,3614405601.0,True,2025-09-25,0
2025-09-25,510500.SH,2.463788,2.4797048,2.4588140000000003,2.4674356,494647264.7768396,1221817048.0,True,2025-09-25,0
2025-09-25,512100.SH,1.120928,1.125712,1.1150399999999998,1.117248,1019274706.5217392,1141320425.0,True,2025-09-25,0
2025-09-26,510300.SH,5.776095,5.803265000000001,5.742750000000001,5.743985,579195090.688259,3344592886.0,True,2025-09-26,0
2025-09-26,510500.SH,2.4541716,2.472078,2.4316228,2.4326176,666475081.4234017,1633716966.0,True,2025-09-26,0
2025-09-26,512100.SH,1.113568,1.119824,1.101424,1.10216,797315769.0217391,884004107.0,True,2025-09-26,0
2025-09-29,510300.SH,5.74028,5.872425000000001,5.7304,5.83908,967964793.5222672,5620190347.0,True,2025-09-29,0
2025-09-29,510500.SH,2.432286,2.4840156,2.4246592,2.4743992,1004041100.7237636,2473026332.0,True,2025-09-29,0
2025-09-29,512100.SH,1.101056,1.120192,1.098112,1.115776,1628647625.0,1812375200.0,True,2025-09-29,0
2025-09-30,510300.SH,5.84649,5.866250000000001,5.8292,5.855135,599498726.3157895,3508639995.0,True,2025-09-30,0
2025-09-30,510500.SH,2.4747308,2.4979428,2.4747308,2.4933004000000003,812219113.389626,2022195960.0,True,2025-09-30,0
2025-09-30,512100.SH,1.119824,1.1316,1.117984,1.127184,1062037652.173913,1196572701.0,True,2025-09-30,0
2025-10-09,510300.SH,5.87119,5.972460000000001,5.866250000000001,5.947760000000001,726389156.2753036,4308933449.0,True,2025-10-09,0
2025-10-09,510500.SH,2.5045748,2.5460248,2.500264,2.5364084,745869819.0591073,1885985361.0,True,2025-10-09,0
2025-10-09,512100.SH,1.131232,1.142272,1.128656,1.136752,1140617972.8260868,1296549892.0,True,2025-10-09,0
2025-10-10,510300.SH,5.911945,5.92059,5.80944,5.827965000000001,951127578.1376518,5581932563.0,True,2025-10-10,0
2025-10-10,510500.SH,2.5238076,2.5264604,2.4800364,2.488658,879154773.8238841,2197250249.0,True,2025-10-10,0
2025-10-10,512100.SH,1.13344,1.13344,1.118352,1.121664,1387791141.304348,1560995430.0,True,2025-10-10,0
2025-10-13,510300.SH,5.67853,5.80944,5.6760600000000005,5.794620000000001,782053592.7125504,4499844601.0,True,2025-10-13,0
2025-10-13,510500.SH,2.417364,2.4830208,2.417364,2.4767204,1165674550.66345,2863336795.0,True,2025-10-13,0
2025-10-13,512100.SH,1.0856,1.122768,1.080448,1.118352,1473753638.5869565,1631955981.0,True,2025-10-13,0
2025-10-14,510300.SH,5.835375,5.8539,5.7057,5.736575,940817421.862348,5445976980.0,True,2025-10-14,0
2025-10-14,510500.SH,2.490316,2.5045748,2.4070844,2.4170324,1284730081.4234016,3162062367.0,True,2025-10-14,0
2025-10-14,512100.SH,1.123504,1.131968,1.0929600000000002,1.09848,1374929896.7391305,1531959611.0,True,2025-10-14,0
2025-10-15,510300.SH,5.74028,5.823025,5.714345,5.811910000000001,807612369.2307692,4649845988.0,True,2025-10-15,0
2025-10-15,510500.SH,2.4167008,2.4535084,2.4050948,2.4515188,744136685.7659831,1808574917.0,True,2025-10-15,0
2025-10-15,512100.SH,1.095904,1.1150399999999998,1.089648,1.113568,1171631769.0217392,1293056114.0,True,2025-10-15,0
2025-10-16,510300.SH,5.790915000000001,5.862545,5.790915000000001,5.8304350000000005,657865050.202429,3835512324.0,True,2025-10-16,0
2025-10-16,510500.SH,2.427312,2.4535084,2.4193536,2.4326176,829535015.0784078,2020350843.0,True,2025-10-16,0
2025-10-16,512100.SH,1.108416,1.112096,1.098848,1.10216,1077689548.9130435,1191589748.0,True,2025-10-16,0
2025-10-17,510300.SH,5.823025,5.8341400000000005,5.69582,5.71064,680209072.874494,3909864092.0,True,2025-10-17,0
2025-10-17,510500.SH,2.4266488,2.4402444,2.3550232,2.3590024,909153724.3667068,2173586618.0,True,2025-10-17,0
2025-10-17,512100.SH,1.10032,1.105472,1.06904,1.070512,1472944804.347826,1593350754.0,True,2025-10-17,0
2025-10-20,510300.SH,5.743985,5.77733,5.71064,5.7304,618961785.4251012,3554256321.0,True,2025-10-20,0
2025-10-20,510500.SH,2.3788984,2.3984628,2.3629816000000003,2.374256,1074334692.4004824,2558410357.0,True,2025-10-20,0
2025-10-20,512100.SH,1.076032,1.087808,1.071248,1.077136,1025965138.5869564,1107010497.0,True,2025-10-20,0
2025-10-21,510300.SH,5.75016,5.832905,5.745220000000001,5.8168500000000005,777221472.8744938,4511371971.0,True,2025-10-21,0
2025-10-21,510500.SH,2.3815512,2.419022,2.3798932,2.414048,1462926296.7430637,3522045922.0,True,2025-10-21,0
2025-10-21,512100.SH,1.08008,1.095168,1.077136,1.092224,1641024404.8913045,1788428492.0,True,2025-10-21,0
2025-10-22,510300.SH,5.792150000000001,5.814380000000001,5.76498,5.798325000000001,448975059.1093117,2601506365.0,True,2025-10-22,0
2025-10-22,510500.SH,2.4041,2.4077476,2.3881832,2.3954784,818370024.1254523,1962399224.0,True,2025-10-22,0
2025-10-22,512100.SH,1.086704,1.094064,1.082288,1.088544,884716467.3913044,962524400.0,True,2025-10-22,0
2025-10-23,510300.SH,5.788445000000001,5.827965000000001,5.732870000000001,5.820555000000001,566269506.882591,3267824361.0,True,2025-10-23,0
2025-10-23,510500.SH,2.3881832,2.4054264,2.3590024,2.4037684,613309303.3775634,1457957880.0,True,2025-10-23,0
2025-10-23,512100.SH,1.085232,1.090752,1.070512,1.08928,1138940785.326087,1229183167.0,True,2025-10-23,0
2025-10-24,510300.SH,5.83908,5.893420000000001,5.837845000000001,5.89095,700650702.8340081,4110591097.0,True,2025-10-24,0
2025-10-24,510500.SH,2.4120584000000003,2.4445552,2.4100688,2.4435604,685978244.8733413,1663975677.0,True,2025-10-24,0
2025-10-24,512100.SH,1.0929600000000002,1.10768,1.092592,1.106944,1152030758.152174,1266926095.0,True,2025-10-24,0
2025-10-27,510300.SH,5.93788,5.966285000000001,5.92306,5.96011,614190212.145749,3652922851.0,True,2025-10-27,0
2025-10-27,510500.SH,2.4647828,2.4840156,2.4545032,2.4797048,646216592.2798554,1599407845.0,True,2025-10-27,0
2025-10-27,512100.SH,1.114304,1.119456,1.106576,1.1150399999999998,1379798491.847826,1537540694.0,True,2025-10-27,0
2025-10-28,510300.SH,5.946525000000001,5.98975,5.91812,5.93047,587813067.2064776,3497088820.0,True,2025-10-28,0
2025-10-28,510500.SH,2.4763888,2.4916424,2.457156,2.4674356,514021230.39807,1271978016.0,True,2025-10-28,0
2025-10-28,512100.SH,1.113568,1.123136,1.108048,1.1132,820761529.8913044,915679731.0,True,2025-10-28,0
2025-10-29,510300.SH,5.94035,6.00704,5.94035,6.00457,550022960.3238866,3284668925.0,True,2025-10-29,0
2025-10-29,510500.SH,2.4710832,2.5188336,2.4704200000000003,2.5181704000000003,621810214.1133896,1554258782.0,True,2025-10-29,0
2025-10-29,512100.SH,1.115408,1.128656,1.110992,1.128288,960504934.7826087,1076427278.0,True,2025-10-29,0
2025-10-30,510300.SH,5.99963,6.0193900000000005,5.947760000000001,5.956405000000001,661102715.7894737,3955485339.0,True,2025-10-30,0
2025-10-30,510500.SH,2.5155176000000004,2.5155176000000004,2.4790416,2.4860052,723086161.0373944,1804318822.0,True,2025-10-30,0
2025-10-30,512100.SH,1.126448,1.127552,1.112832,1.11688,1191945217.3913045,1334865164.0,True,2025-10-30,0
2025-10-31,510300.SH,5.951465000000001,5.96011,5.872425000000001,5.873660000000001,1159974591.0931172,6851751220.0,True,2025-10-31,0
2025-10-31,510500.SH,2.4850104,2.501922,2.4651144,2.4657776,722335274.4270205,1793252055.0,True,2025-10-31,0
2025-10-31,512100.SH,1.115776,1.130496,1.114304,1.117616,1442013125.0,1619049117.0,True,2025-10-31,0
2025-11-03,510300.SH,5.868720000000001,5.887245000000001,5.810675000000001,5.882305000000001,628330475.3036437,3674194550.0,True,2025-11-03,0
2025-11-03,510500.SH,2.4627932,2.4697568000000003,2.4246592,2.4667724,766281682.7503016,1875962746.0,True,2025-11-03,0
2025-11-03,512100.SH,1.11688,1.123872,1.103264,1.122032,1331072328.8043478,1482343354.0,True,2025-11-03,0
2025-11-04,510300.SH,5.8786000000000005,5.894655,5.811910000000001,5.840315,972894193.5222672,5708778783.0,True,2025-11-04,0
2025-11-04,510500.SH,2.460472,2.46213,2.4100688,2.4249908,898320217.1290711,2187305293.0,True,2025-11-04,0
2025-11-04,512100.SH,1.11872,1.119824,1.099952,1.106944,930655934.7826087,1032912033.0,True,2025-11-04,0
2025-11-05,510300.SH,5.794620000000001,5.867485000000001,5.76498,5.8477250000000005,618099825.9109311,3599158874.0,True,2025-11-05,0
2025-11-05,510500.SH,2.3875200000000003,2.4402444,2.3875200000000003,2.430628,432133757.5392039,1044051112.0,True,2025-11-05,0
2025-11-05,512100.SH,1.095904,1.115776,1.094432,1.112464,963976214.673913,1067369854.0,True,2025-11-05,0
2025-11-06,510300.SH,5.85637,5.9440550000000005,5.85637,5.934175,593250935.222672,3506780405.0,True,2025-11-06,0
2025-11-06,510500.SH,2.432286,2.4750624,2.432286,2.4707516,524712689.9879373,1290454325.0,True,2025-11-06,0
2025-11-06,512100.SH,1.112464,1.12608,1.1106239999999998,1.124976,602817149.4565217,674503686.0,True,2025-11-06,0
2025-11-07,510300.SH,5.91565,5.942820000000001,5.8958900000000005,5.921825,436644172.4696356,2584816479.0,True,2025-11-07,0
2025-11-07,510500.SH,2.460472,2.4790416,2.4482028,2.467104,312882873.9445115,771019572.0,True,2025-11-07,0
2025-11-07,512100.SH,1.121296,1.129392,1.114672,1.12424,510207402.17391306,572784717.0,True,2025-11-07,0
2025-11-10,510300.SH,5.924295,5.941585000000001,5.882305000000001,5.936645000000001,363035501.2145749,2146884969.0,True,2025-11-10,0
2025-11-10,510500.SH,2.47871,2.4876632,2.450524,2.4697568000000003,338767243.6670688,835109376.0,True,2025-11-10,0
2025-11-10,512100.SH,1.129392,1.131232,1.11872,1.125712,564618027.173913,634558563.0,True,2025-11-10,0
2025-11-11,510300.SH,5.945290000000001,5.9576400000000005,5.874895,5.882305000000001,457646609.7165992,2702663134.0,True,2025-11-11,0
2025-11-11,510500.SH,2.4763888,2.485342,2.4475396000000003,2.4518504,478490563.9324488,1178560276.0,True,2025-11-11,0
2025-11-11,512100.SH,1.129024,1.133072,1.12056,1.123136,671046220.1086956,755785172.0,True,2025-11-11,0
2025-11-12,510300.SH,5.87119,5.907005000000001,5.842785,5.884775,424041032.388664,2491775456.0,True,2025-11-12,0
2025-11-12,510500.SH,2.4432288,2.4594772,2.4167008,2.4392496,404757276.8395657,986234776.0,True,2025-11-12,0
2025-11-12,512100.SH,1.12056,1.123136,1.10584,1.116512,706941665.7608696,787013464.0,True,2025-11-12,0
2025-11-13,510300.SH,5.874895,5.946525000000001,5.868720000000001,5.942820000000001,523041343.319838,3096198221.0,True,2025-11-13,0
2025-11-13,510500.SH,2.4329492,2.4806996,2.4329492,2.475394,568943534.3787696,1401440665.0,True,2025-11-13,0
2025-11-13,512100.SH,1.113568,1.13344,1.112096,1.131968,902635646.7391304,1016817833.0,True,2025-11-13,0
2025-11-14,510300.SH,5.9094750000000005,5.92306,5.852665,5.855135,480673453.4412955,2832605947.0,True,2025-11-14,0
2025-11-14,510500.SH,2.4548348,2.465446,2.432286,2.4332808,469236945.1145959,1150184972.0,True,2025-11-14,0
2025-11-14,512100.SH,1.123504,1.130496,1.116512,1.11688,910834301.6304348,1023067739.0,True,2025-11-14,0
2025-11-17,510300.SH,5.841550000000001,5.8539,5.793385000000001,5.8168500000000005,609284962.7530364,3545084093.0,True,2025-11-17,0
2025-11-17,510500.SH,2.4319544,2.4452184,2.4233328,2.4326176,662860042.2195415,1613421164.0,True,2025-11-17,0
2025-11-17,512100.SH,1.11688,1.123872,1.113936,1.119456,720539872.2826087,806258368.0,True,2025-11-17,0
2025-11-18,510300.SH,5.804500000000001,5.825495,5.76004,5.783505,693784561.1336032,4018390178.0,True,2025-11-18,0
2025-11-18,510500.SH,2.423996,2.432286,2.3931572,2.4080792,800424209.8914355,1928962925.0,True,2025-11-18,0
2025-11-18,512100.SH,1.11688,1.119456,1.104368,1.1106239999999998,1093772293.478261,1215499091.0,True,2025-11-18,0
2025-11-19,510300.SH,5.77733,5.825495,5.77733,5.800795000000001,693895946.5587044,4026545623.0,True,2025-11-19,0
2025-11-19,510500.SH,2.4047632,2.4183588,2.3851988,2.3964732,744247237.6357057,1786594862.0,True,2025-11-19,0
2025-11-19,512100.SH,1.108416,1.114304,1.094432,1.101056,1183473410.3260872,1304903117.0,True,2025-11-19,0
2025-11-20,510300.SH,5.8341400000000005,5.840315,5.771155,5.77486,455011741.7004048,2644705315.0,True,2025-11-20,0
2025-11-20,510500.SH,2.410732,2.4183588,2.3752508000000003,2.377572,914477605.548854,2183687616.0,True,2025-11-20,0
2025-11-20,512100.SH,1.106944,1.109152,1.0929600000000002,1.094064,1123407239.1304348,1233129891.0,True,2025-11-20,0
2025-11-21,510300.SH,5.736575,5.74769,5.63407,5.63654,1211660251.0121458,6884359920.0,True,2025-11-21,0
2025-11-21,510500.SH,2.3536968,2.3646396000000003,2.2940088000000003,2.2953352,2277915678.5283475,5290499089.0,True,2025-11-21,0
2025-11-21,512100.SH,1.083392,1.087072,1.053216,1.053216,2648432744.565217,2827531118.0,True,2025-11-21,0
2025-11-24,510300.SH,5.6550650000000005,5.662475000000001,5.598255000000001,5.6278950000000005,935828114.9797572,5269730484.0,True,2025-11-24,0
2025-11-24,510500.SH,2.307936,2.3231896,2.2890348,2.311252,1250801272.6176116,2883620932.0,True,2025-11-24,0
2025-11-24,512100.SH,1.05616,1.070512,1.052112,1.06536,1578811100.5434785,1677040184.0,True,2025-11-24,0
2025-11-25,510300.SH,5.656300000000001,5.709405,5.6550650000000005,5.677295000000001,725457957.0850202,4120829562.0,True,2025-11-25,0
2025-11-25,510500.SH,2.3265056,2.3629816000000003,2.3258424,2.3391064,1822552641.737033,4269824932.0,True,2025-11-25,0
2025-11-25,512100.SH,1.069776,1.088544,1.069776,1.079344,2221073125.0,2402312634.0,True,2025-11-25,0
2025-11-26,510300.SH,5.681,5.7378100000000005,5.673590000000001,5.713110000000001,740145187.0445343,4228349386.0,True,2025-11-26,0
2025-11-26,510500.SH,2.339438,2.3623184,2.3338008,2.342754,1248279297.3462002,2934400370.0,True,2025-11-26,0
2025-11-26,512100.SH,1.08008,1.088176,1.074928,1.079344,1044744456.5217392,1131627605.0,True,2025-11-26,0
2025-11-27,510300.SH,5.716815,5.772390000000001,5.7032300000000005,5.70817,388153369.2307693,2226374836.0,True,2025-11-27,0
2025-11-27,510500.SH,2.342754,2.3722664,2.334464,2.33778,568584294.3305187,1336051339.0,True,2025-11-27,0
2025-11-27,512100.SH,1.079344,1.091856,1.078976,1.080448,695339315.2173914,754209829.0,True,2025-11-27,0
2025-11-28,510300.SH,5.706935000000001,5.732870000000001,5.684705,5.724225000000001,420432432.388664,2403092677.0,True,2025-11-28,0
2025-11-28,510500.SH,2.3371168,2.3689504,2.3351272,2.365966,534780382.9915561,1261276658.0,True,2025-11-28,0
2025-11-28,512100.SH,1.08008,1.0929600000000002,1.077504,1.091856,496465239.1304348,539547380.0,True,2025-11-28,0
2025-12-01,510300.SH,5.7378100000000005,5.78968,5.729165000000001,5.788445000000001,468260218.62348175,2698559001.0,True,2025-12-01,0
2025-12-01,510500.SH,2.3716032,2.3885148000000003,2.3669608,2.3881832,398088817.8528348,947876608.0,True,2025-12-01,0
2025-12-01,512100.SH,1.095168,1.101424,1.092592,1.099216,804969494.5652174,883188854.0,True,2025-12-01,0
2025-12-02,510300.SH,5.78721,5.78721,5.743985,5.762510000000001,310481700.4048583,1790231961.0,True,2025-12-02,0
2025-12-02,510500.SH,2.3722664,2.3835408,2.3619868,2.3679556,453466990.3498191,1074387564.0,True,2025-12-02,0
2025-12-02,512100.SH,1.098848,1.098848,1.086336,1.090016,583987904.8913045,636159949.0,True,2025-12-02,0
2025-12-03,510300.SH,5.761275,5.784740000000001,5.724225000000001,5.736575,319866218.6234817,1840202209.0,True,2025-12-03,0
2025-12-03,510500.SH,2.369282,2.377572,2.3470648,2.3553548,365874653.1966225,863508465.0,True,2025-12-03,0
2025-12-03,512100.SH,1.090752,1.092224,1.076768,1.08008,656913932.0652174,710780851.0,True,2025-12-03,0
2025-12-04,510300.SH,5.74028,5.7686850000000005,5.715580000000001,5.7513950000000005,326007154.65587044,1871831892.0,True,2025-12-04,0
2025-12-04,510500.SH,2.35436,2.37094,2.341096,2.36265,369032258.7454765,870260060.0,True,2025-12-04,0
2025-12-04,512100.SH,1.080448,1.084128,1.07088,1.081184,693637720.1086956,747805814.0,True,2025-12-04,0
2025-12-05,510300.SH,5.75016,5.8168500000000005,5.7341050000000005,5.802030000000001,556439719.8380567,3217071412.0,True,2025-12-05,0
2025-12-05,510500.SH,2.3616552,2.3938204,2.3434172,2.3928256,930416351.0253316,2213924727.0,True,2025-12-05,0
2025-12-05,512100.SH,1.079712,1.09664,1.071616,1.095904,1384440279.8913045,1508665508.0,True,2025-12-05,0
2025-12-08,510300.SH,5.818085000000001,5.87119,5.815615,5.84402,669104251.8218623,3908784386.0,True,2025-12-08,0
2025-12-08,510500.SH,2.4001208000000003,2.422338,2.3971364,2.4133848,852859086.2484921,2054506100.0,True,2025-12-08,0
2025-12-08,512100.SH,1.09848,1.109152,1.097008,1.105472,1098815649.4565215,1212798136.0,True,2025-12-08,0
2025-12-09,510300.SH,5.837845000000001,5.852665,5.797090000000001,5.814380000000001,566887043.7246963,3302885875.0,True,2025-12-09,0
2025-12-09,510500.SH,2.4060896,2.417364,2.3911676,2.3954784,580324433.0518698,1394969264.0,True,2025-12-09,0
2025-12-09,512100.SH,1.104368,1.108416,1.098112,1.099216,646788519.0217391,713248653.0,True,2025-12-09,0
2025-12-10,510300.SH,5.804500000000001,5.815615,5.752630000000001,5.806970000000001,502652984.6153846,2903153594.0,True,2025-12-10,0
2025-12-10,510500.SH,2.39581,2.414048,2.3782352,2.4084108,782743763.5705669,1873005152.0,True,2025-12-10,0
2025-12-10,512100.SH,1.097376,1.10584,1.091488,1.103632,1029177111.4130436,1129835751.0,True,2025-12-10,0
2025-12-11,510300.SH,5.814380000000001,5.831670000000001,5.75757,5.76498,501979152.22672063,2910601742.0,True,2025-12-11,0
2025-12-11,510500.SH,2.4123900000000003,2.4153744,2.3861936,2.3878516,561334131.4837153,1345376424.0,True,2025-12-11,0
2025-12-11,512100.SH,1.105472,1.107312,1.090752,1.092224,1256231581.5217392,1379094796.0,True,2025-12-11,0
2025-12-12,510300.SH,5.77733,5.806970000000001,5.74028,5.797090000000001,702148923.0769229,4057237306.0,True,2025-12-12,0
2025-12-12,510500.SH,2.3931572,2.4220064000000003,2.3822144,2.415706,1132474312.424608,2722781871.0,True,2025-12-12,0
2025-12-12,512100.SH,1.092592,1.103264,1.088544,1.099584,1453963991.847826,1592378750.0,True,2025-12-12,0
2025-12-15,510300.SH,5.772390000000001,5.81932,5.61925,5.763745,560150213.7651821,3241015143.0,True,2025-12-15,0
2025-12-15,510500.SH,2.4041,2.4203484,2.3971364,2.3994576,527098455.9710494,1268422736.0,True,2025-12-15,0
2025-12-15,512100.SH,1.095904,1.100688,1.089648,1.091856,730760543.4782609,799367753.0,True,2025-12-15,0
2025-12-16,510300.SH,5.7551000000000005,5.763745,5.682235,5.7057,622959514.9797571,3559031617.0,True,2025-12-16,0
2025-12-16,510500.SH,2.394152,2.394152,2.3464016,2.3629816000000003,792826764.1737032,1872497207.0,True,2025-12-16,0
2025-12-16,512100.SH,1.090384,1.090384,1.066464,1.073088,917948105.9782608,985234127.0,True,2025-12-16,0
2025-12-17,510300.SH,5.704465,5.823025,5.70076,5.803265000000001,879039123.8866396,5079203142.0,True,2025-12-17,0
2025-12-17,510500.SH,2.360992,2.4163692,2.35436,2.4070844,903601821.4716526,2160363134.0,True,2025-12-17,0
2025-12-17,512100.SH,1.070512,1.09112,1.066832,1.08744,1228348991.847826,1325051502.0,True,2025-12-17,0
2025-12-18,510300.SH,5.783505,5.794620000000001,5.756335,5.76498,549003121.4574898,3169750209.0,True,2025-12-18,0
2025-12-18,510500.SH,2.39581,2.419022,2.3938204,2.3944836,758414056.0916766,1822548851.0,True,2025-12-18,0
2025-12-18,512100.SH,1.08008,1.0955359999999998,1.079712,1.085232,792712342.3913044,863284585.0,True,2025-12-18,0
2025-12-19,510300.SH,5.7798,5.821790000000001,5.762510000000001,5.78968,673513309.3117409,3901916782.0,True,2025-12-19,0
2025-12-19,510500.SH,2.4001208000000003,2.4266488,2.3977996,2.4160376,756837144.1495779,1828863612.0,True,2025-12-19,0
2025-12-19,512100.SH,1.08928,1.09848,1.0856,1.094432,919686817.9347826,1005756484.0,True,2025-12-19,0
2025-12-22,510300.SH,5.806970000000001,5.8477250000000005,5.806970000000001,5.841550000000001,677831549.7975708,3956863485.0,True,2025-12-22,0
2025-12-22,510500.SH,2.427312,2.4528452,2.427312,2.4432288,849660618.2147166,2076899450.0,True,2025-12-22,0
2025-12-22,512100.SH,1.098848,1.109152,1.09848,1.104368,739173720.1086956,816590554.0,True,2025-12-22,0
2025-12-23,510300.SH,5.8477250000000005,5.882305000000001,5.83661,5.8539,654526749.7975708,3833240598.0,True,2025-12-23,0
2025-12-23,510500.SH,2.4419024,2.4594772,2.4369284,2.4452184,558080494.5717732,1365041842.0,True,2025-12-23,0
2025-12-23,512100.SH,1.103632,1.109888,1.098848,1.103264,580011491.8478261,639972505.0,True,2025-12-23,0
2025-12-24,510300.SH,5.8539,5.884775,5.83661,5.874895,431926621.86234814,2531260594.0,True,2025-12-24,0
2025-12-24,510500.SH,2.4448868,2.4843472,2.4415708,2.477052,1056596348.00965,2611273083.0,True,2025-12-24,0
2025-12-24,512100.SH,1.101424,1.122032,1.101424,1.12056,865056978.2608696,966004332.0,True,2025-12-24,0
2025-12-25,510300.SH,5.866250000000001,5.899595000000001,5.85884,5.886010000000001,345946804.85829955,2033628744.0,True,2025-12-25,0
2025-12-25,510500.SH,2.4767204,2.505238,2.4710832,2.4982744,865384858.2629675,2156582982.0,True,2025-12-25,0
2025-12-25,512100.SH,1.120192,1.133808,1.118352,1.130128,1003932375.0,1133242322.0,True,2025-12-25,0
2025-12-26,510300.SH,5.886010000000001,5.929235,5.872425000000001,5.90824,660793595.951417,3902900785.0,True,2025-12-26,0
2025-12-26,510500.SH,2.5015904,2.5254656,2.4959532,2.513528,1552261984.318456,3901186668.0,True,2025-12-26,0
2025-12-26,512100.SH,1.129392,1.141904,1.127184,1.134176,2075357763.5869565,2358590830.0,True,2025-12-26,0
2025-12-29,510300.SH,5.903300000000001,5.92059,5.865015,5.882305000000001,690611362.7530364,4069832489.0,True,2025-12-29,0
2025-12-29,510500.SH,2.5131964,2.523476,2.4972796,2.5029168,1018709436.0675513,2558823434.0,True,2025-12-29,0
2025-12-29,512100.SH,1.134176,1.139696,1.128288,1.132336,1163002019.0217392,1319562847.0,True,2025-12-29,0
2025-12-30,510300.SH,5.861310000000001,5.91565,5.85637,5.894655,386416376.5182186,2275508778.0,True,2025-12-30,0
2025-12-30,510500.SH,2.4909792,2.52845,2.4909792,2.5138596,728220554.8854041,1831385067.0,True,2025-12-30,0
2025-12-30,512100.SH,1.129024,1.140064,1.1268159999999998,1.13344,804823597.826087,913465496.0,True,2025-12-30,0
2025-12-31,510300.SH,5.899595000000001,5.914415,5.85637,5.869955000000001,539942701.2145748,3175879377.0,True,2025-12-31,0
2025-12-31,510500.SH,2.5191652,2.5238076,2.5039116,2.5161808,1346059822.0747888,3386683953.0,True,2025-12-31,0
2025-12-31,512100.SH,1.136016,1.13712,1.126448,1.133072,1110376853.2608695,1257709786.0,True,2025-12-31,0
2026-01-05,510300.SH,5.907005000000001,5.98728,5.903300000000001,5.982340000000001,823589056.6801618,4902061805.0,True,2026-01-05,0
2026-01-05,510500.SH,2.5340872,2.5844904,2.533424,2.5838272,833448193.6067551,2138958695.0,True,2026-01-05,0
2026-01-05,512100.SH,1.13712,1.159936,1.136384,1.1592,1071129252.7173914,1232361749.0,True,2026-01-05,0
2026-01-06,510300.SH,5.98975,6.0762,5.98728,6.074965,852066028.3400809,5141603633.0,True,2026-01-06,0
2026-01-06,510500.SH,2.5854852,2.641194,2.5854852,2.6398676,1073813893.2448733,2807704686.0,True,2026-01-06,0
2026-01-06,512100.SH,1.161776,1.1776,1.158464,1.17576,1389927269.021739,1622343719.0,True,2026-01-06,0
2026-01-07,510300.SH,6.0762,6.084845,6.021860000000001,6.052735,755791541.7004046,4578481053.0,True,2026-01-07,0
2026-01-07,510500.SH,2.6425204,2.6660639999999995,2.6375464,2.6524684,1301528356.4535584,3451839908.0,True,2026-01-07,0
2026-01-07,512100.SH,1.17576,1.184224,1.172816,1.178704,1522032456.5217392,1793959251.0,True,2026-01-07,0
2026-01-08,510300.SH,6.0366800000000005,6.044090000000001,5.981105,6.005805000000001,552809536.8421053,3324674355.0,True,2026-01-08,0
2026-01-08,510500.SH,2.6441784,2.6786648,2.6435152000000004,2.6607584,1152687156.212304,3069650528.0,True,2026-01-08,0
2026-01-08,512100.SH,1.176128,1.193792,1.176128,1.1890079999999998,919177986.4130436,1090632989.0,True,2026-01-08,0
2026-01-09,510300.SH,5.998395,6.055205,5.982340000000001,6.032975,918911140.0809716,5535581862.0,True,2026-01-09,0
2026-01-09,510500.SH,2.6607584,2.7267468000000004,2.6604268,2.7244256,1583846583.2328105,4288318244.0,True,2026-01-09,0
2026-01-09,512100.SH,1.187168,1.21808,1.187168,1.21624,2361809171.195652,2854686754.0,True,2026-01-09,0
2026-01-12,510300.SH,6.042855,6.087315000000001,6.003335,6.0675550000000005,1079413225.1012144,6529675045.0,True,2026-01-12,0
2026-01-12,510500.SH,2.742332,2.8013568,2.730726,2.7907456,1723521881.785283,4767071138.0,True,2026-01-12,0
2026-01-12,512100.SH,1.222864,1.256352,1.218448,1.253408,2854630972.826087,3546463631.0,True,2026-01-12,0
2026-01-13,510300.SH,6.07867,6.131775,6.021860000000001,6.04656,1029783963.562753,6249488306.0,True,2026-01-13,0
2026-01-13,510500.SH,2.7977092,2.798704,2.7386844000000004,2.7542696,1580319610.9770808,4365589918.0,True,2026-01-13,0
2026-01-13,512100.SH,1.254144,1.255248,1.221024,1.228016,2607575845.1086955,3213527947.0,True,2026-01-13,0
2026-01-14,510300.SH,6.04656,6.112015,5.978635000000001,6.00951,1730139504.4534411,10465332592.0,True,2026-01-14,0
2026-01-14,510500.SH,2.7549328,2.8305376,2.7357,2.773834,4068384234.016888,11344083331.0,True,2026-01-14,0
2026-01-14,512100.SH,1.221392,1.25856,1.215136,1.23096,4747111084.239131,5889750236.0,True,2026-01-14,0
2026-01-15,510300.SH,5.9885150000000005,6.044090000000001,5.981105,6.020625000000001,4224412032.388664,25390672681.0,True,2026-01-15,0
2026-01-15,510500.SH,2.7522800000000003,2.782124,2.7406740000000003,2.7652124,9551569526.537998,26329578450.0,True,2026-01-15,0
2026-01-15,512100.SH,1.221024,1.2328,1.2144,1.23096,2637912084.239131,3230169281.0,True,2026-01-15,0
2026-01-16,510300.SH,6.057675000000001,6.074965,5.9749300000000005,6.000865,4307827099.595141,25922582412.0,True,2026-01-16,0
2026-01-16,510500.SH,2.7790438,2.7907373,2.752984,2.7713595,6138147144.567494,16986109616.999998,True,2026-01-16,0
2026-01-16,512100.SH,1.239056,1.240528,1.21808,1.227648,5182457831.521739,6355260291.0,True,2026-01-16,0
2026-01-19,510300.SH,6.0022527,6.0427999,5.978177799999999,6.0035198,2299297501.381107,13792576409.0,True,2026-01-19,0
2026-01-19,510500.SH,2.763007,2.8054377,2.756325,2.7890668000000005,4554282211.9126005,12700273169.0,True,2026-01-19,0
2026-01-19,512100.SH,1.2206376,1.2396402,1.2187746,1.2310704,5767495555.555555,7097946228.0,True,2026-01-19,0
2026-01-20,510300.SH,5.9997185,6.0199921,5.940164799999999,5.9857804,2278246099.7553477,13613769428.0,True,2026-01-20,0
2026-01-20,510500.SH,2.7917396,2.8111174,2.7399541000000003,2.7810484,4831654839.868302,13377848571.0,True,2026-01-20,0
2026-01-20,512100.SH,1.2325608,1.237032,1.2079692,1.2210102,4238111607.622115,5171017769.0,True,2026-01-20,0
2026-01-21,510300.SH,5.966773899999999,6.0364644,5.966773899999999,5.993383,3870234382.44811,23207895509.0,True,2026-01-21,0
2026-01-21,510500.SH,2.7670162,2.8181335,2.766348,2.8171312000000004,3095163460.041903,8682017708.0,True,2026-01-21,0
2026-01-21,512100.SH,1.2139308,1.2381498,1.2124404,1.231443,14845756629.09286,18225690670.0,True,2026-01-21,0
2026-01-22,510300.SH,6.007321099999999,6.031395999999999,5.9591713,5.9895817,3406474791.255624,20376067887.0,True,2026-01-22,0
2026-01-22,510500.SH,2.8264860000000005,2.8385136,2.8077764,2.8294929,1439260359.1739,4059456186.0,True,2026-01-22,0
2026-01-22,512100.SH,1.235169,1.240758,1.22958,1.240758,5283104095.544821,6522283738.0,True,2026-01-22,0
2026-01-23,510300.SH,5.9959172,6.008588199999999,5.9388977,5.960438399999999,5342418206.140005,31834663643.0,True,2026-01-23,0
2026-01-23,510500.SH,2.8415205,2.9150225,2.8375113,2.9130179,2003428889.5540257,5772176393.0,True,2026-01-23,0
2026-01-23,512100.SH,1.2456018,1.2709386,1.240758,1.2675852,9158011878.690285,11508716134.0,True,2026-01-23,0
2026-01-26,510300.SH,5.970575199999999,6.031395999999999,5.947767399999999,5.970575199999999,4687753833.162339,28002364939.0,True,2026-01-26,0
2026-01-26,510500.SH,2.9277183,2.9357367000000005,2.8455297,2.8612324,4988705423.52589,14330394662.0,True,2026-01-26,0
2026-01-26,512100.SH,1.2690756,1.2757824,1.2366594,1.2459744,7312561674.718197,9142661824.0,True,2026-01-26,0
2026-01-27,510300.SH,5.970575199999999,6.008588199999999,5.9287609,5.968041,3424461380.3172603,20450057577.0,True,2026-01-27,0
2026-01-27,510500.SH,2.8538822,2.896647,2.8188017,2.8796079,4413802047.29123,12638904531.0,True,2026-01-27,0
2026-01-27,512100.SH,1.2411306,1.255662,1.2191472,1.2508182,4450770069.779925,5530076295.0,True,2026-01-27,0
2026-01-28,510300.SH,5.987047499999999,6.0098553,5.960438399999999,5.987047499999999,6706481140.399338,40100175381.0,True,2026-01-28,0
2026-01-28,510500.SH,2.8882945,2.913352,2.8715895,2.9036631,7535009395.390601,21752591587.0,True,2026-01-28,0
2026-01-28,512100.SH,1.250073,1.2571524,1.2415032,1.2541716,6081960136.876007,7595431321.0,True,2026-01-28,0
2026-01-29,510300.SH,5.9857804,6.0554709,5.960438399999999,6.041532799999999,2798251707.836793,16773879626.0,True,2026-01-29,0
2026-01-29,510500.SH,2.8936401,2.9247114,2.8645734,2.8702531,4110947904.818916,11884876163.0,True,2026-01-29,0
2026-01-29,512100.SH,1.2508182,1.2646044,1.2381498,1.244484,4015303972.0880303,5017027384.0,True,2026-01-29,0
2026-01-30,510300.SH,6.000985599999999,6.0288618,5.8818782,5.9693081,1318187042.064557,7860479504.0,True,2026-01-30,0
2026-01-30,510500.SH,2.8458638000000005,2.8712554,2.7503112,2.819804,3842794806.944029,10756242145.0,True,2026-01-30,0
2026-01-30,512100.SH,1.2374046,1.244484,1.2031254,1.2336786,2183157683.843264,2677913192.0,True,2026-01-30,0
2026-02-02,510300.SH,5.930027999999999,5.9794449,5.8172561,5.828659999999999,2092285053.2712493,12299263716.0,True,2026-02-02,0
2026-02-02,510500.SH,2.783053,2.8064400000000003,2.6878345,2.6891709,5828754663.274467,15911074106.0,True,2026-02-02,0
2026-02-02,512100.SH,1.2198924,1.2284622,1.1815146,1.183005,4030625818.572196,4836900740.0,True,2026-02-02,0
2026-02-03,510300.SH,5.879343999999999,5.9148228,5.8096535,5.909754399999999,830987776.8131955,4881749326.0,True,2026-02-03,0
2026-02-03,510500.SH,2.7349426,2.7980875000000003,2.7169012,2.7950806,2803358808.7398977,7761030186.0,True,2026-02-03,0
2026-02-03,512100.SH,1.197909,1.2269718,1.1938104,1.2236184,2395477334.94364,2906752965.0,True,2026-02-03,0
2026-02-04,510300.SH,5.894549199999999,5.966773899999999,5.883145299999999,5.964239699999999,830641556.3096836,4914865553.0,True,2026-02-04,0
2026-02-04,510500.SH,2.793076,2.8047695,2.7559909000000005,2.8024308,3677931849.745585,10230284572.0,True,2026-02-04,0
2026-02-04,512100.SH,1.222128,1.2269718,1.2068514,1.2254814,2654387015.566291,3227698198.0,True,2026-02-04,0
2026-02-05,510300.SH,5.930027999999999,5.9490345,5.885679499999999,5.9287609,737102735.3800017,4364498239.0,True,2026-02-05,0
2026-02-05,510500.SH,2.7730300000000003,2.7773733000000003,2.7219127000000003,2.7452997000000003,2859153693.5049386,7839440779.0,True,2026-02-05,0
2026-02-05,512100.SH,1.2143034,1.216539,1.196046,1.2042432,1907847173.9130435,2297231271.0,True,2026-02-05,0
2026-02-06,510300.SH,5.883145299999999,5.943966099999999,5.841331,5.890747899999999,695820172.0464052,4106577054.0,True,2026-02-06,0
2026-02-06,510500.SH,2.7078805000000004,2.783053,2.6978575,2.7439633,2813339111.0445976,7742250214.0,True,2026-02-06,0
2026-02-06,512100.SH,1.188594,1.2176568,1.1837502,1.2001446,3278959044.5517983,3953130736.0,True,2026-02-06,0
2026-02-09,510300.SH,5.9490345,5.993383,5.937630599999999,5.9895817,553326102.122958,3304026961.0,True,2026-02-09,0
2026-02-09,510500.SH,2.789735,2.8054377,2.7750346,2.8047695,1778697285.243939,4972221001.0,True,2026-02-09,0
2026-02-09,512100.SH,1.2154212,1.2310704,1.2150486,1.2303252,2534520735.3730545,3107409368.0,True,2026-02-09,0
2026-02-10,510300.SH,5.997184299999999,6.004786899999999,5.980712,5.997184299999999,537022857.7065741,3219183511.0,True,2026-02-10,0
2026-02-10,510500.SH,2.8047695,2.8077764,2.7827189000000003,2.7987557000000005,1030657006.8841664,2884803529.0,True,2026-02-10,0
2026-02-10,512100.SH,1.22958,1.2340512,1.2225006,1.2299526,1166339286.097692,1434599947.0,True,2026-02-10,0
2026-02-11,510300.SH,5.9895817,5.9959172,5.9731094,5.9845133,293645876.41070163,1757895647.0,True,2026-02-11,0
2026-02-11,510500.SH,2.7914055,2.8254837000000004,2.7914055,2.8101151,883674782.999102,2486170379.0,True,2026-02-11,0
2026-02-11,512100.SH,1.227717,1.2400128,1.227717,1.2306978,1059115402.5764896,1306685076.0,True,2026-02-11,0
2026-02-12,510300.SH,5.9921159,5.9997185,5.9756436,5.9895817,314112864.8094073,1881073591.0,True,2026-02-12,0
2026-02-12,510500.SH,2.809781,2.8488707,2.809781,2.8445274,1190114010.775217,3376962000.0,True,2026-02-12,0
2026-02-12,512100.SH,1.2299526,1.2459744,1.2262266,1.2429936,1707489106.280193,2117612112.0,True,2026-02-12,0
2026-02-13,510300.SH,5.9731094,5.9731094,5.913555699999999,5.9186241,1079123313.866309,6405790170.0,True,2026-02-13,0
2026-02-13,510500.SH,2.8311634000000003,2.8385136,2.7934101000000005,2.7974193,3045185956.3005085,8560575756.999999,True,2026-02-13,0
2026-02-13,512100.SH,1.237032,1.2415032,1.2225006,1.223991,2896738478.260869,3563349152.0,True,2026-02-13,0
2026-02-24,510300.SH,5.987047499999999,6.000985599999999,5.9617055,5.9756436,492656922.8947992,2946760847.0,True,2026-02-24,0
2026-02-24,510500.SH,2.8301611,2.8512094,2.8074423000000004,2.8294929,1313393938.940437,3720376914.0,True,2026-02-24,0
2026-02-24,512100.SH,1.2374046,1.2485826,1.2288348,1.2377772,1534890531.4009662,1902759248.0,True,2026-02-24,0
2026-02-25,510300.SH,5.9769107,6.054203799999999,5.9756436,6.018725,689292957.1462395,4148107679.0,True,2026-02-25,0
2026-02-25,510500.SH,2.833168,2.8842853,2.8328339,2.8739282000000004,2202586462.1370845,6314293845.0,True,2026-02-25,0
2026-02-25,512100.SH,1.2400128,1.2601332,1.2396402,1.2560346,3630330466.988728,4554023804.0,True,2026-02-25,0
2026-02-26,510300.SH,6.0199921,6.023793399999999,5.970575199999999,5.9997185,604823717.1493963,3624553287.0,True,2026-02-26,0
2026-02-26,510500.SH,2.8809443,2.8919696000000004,2.8602301,2.8832830000000005,2411127057.767136,6937034239.0,True,2026-02-26,0
2026-02-26,512100.SH,1.2586428,1.26684,1.2511908,1.2653496,3006143188.405797,3784913296.0,True,2026-02-26,0
2026-02-27,510300.SH,5.980712,5.9959172,5.955369999999999,5.987047499999999,478450999.131876,2859792911.0,True,2026-02-27,0
2026-02-27,510500.SH,2.866578,2.9196999000000003,2.866578,2.9190317,1442786270.5776713,4180916149.0,True,2026-02-27,0
2026-02-27,512100.SH,1.2605058,1.2787632,1.2541716,1.2783906,1613246986.0440152,2050800828.0,True,2026-02-27,0
2026-03-02,510300.SH,5.947767399999999,6.0098553,5.9224254,6.004786899999999,980481039.3812644,5860854055.0,True,2026-03-02,0
2026-03-02,510500.SH,2.9006562,2.9310593,2.879942,2.9176953,2311869922.1789885,6724751190.0,True,2026-03-02,0
2026-03-02,512100.SH,1.2653496,1.274292,1.2508182,1.2642318,2767692699.9463234,3495460337.0,True,2026-03-02,0
2026-03-03,510300.SH,6.007321099999999,6.0199921,5.9110215,5.9274938,762811037.8028569,4550837091.0,True,2026-03-03,0
2026-03-03,510500.SH,2.920034,2.920034,2.784723500000001,2.7980875000000003,2034689215.803652,5781745330.0,True,2026-03-03,0
2026-03-03,512100.SH,1.2653496,1.268703,1.212813,1.2176568,2911366264.090177,3582470992.0,True,2026-03-03,0
2026-03-04,510300.SH,5.879343999999999,5.892015,5.812187699999999,5.841331,654426659.3007656,3830984400.0,True,2026-03-04,0
2026-03-04,510500.SH,2.7533181,2.8284906,2.7519817,2.7787097000000003,1577316584.8548338,4406741459.0,True,2026-03-04,0
2026-03-04,512100.SH,1.205361,1.2292074,1.2020076,1.2064788,2165259409.554482,2624182763.0,True,2026-03-04,0
2026-03-05,510300.SH,5.8882137,5.9274938,5.8780769,5.8970834,448599920.29042697,2646464156.0,True,2026-03-05,0
2026-03-05,510500.SH,2.8174653,2.8261519,2.7767051,2.7967511000000003,1652691287.0398085,4633269691.0,True,2026-03-05,0
2026-03-05,512100.SH,1.223991,1.227717,1.2102048,1.2169116,2090536991.4117017,2551815050.0,True,2026-03-05,0
2026-03-06,510300.SH,5.879343999999999,5.9325622,5.859070399999999,5.913555699999999,398055290.8215611,2349185776.0,True,2026-03-06,0
2026-03-06,510500.SH,2.776371,2.8294929,2.776371,2.8134561,951049503.1427716,2673624003.0,True,2026-03-06,0
2026-03-06,512100.SH,1.209087,1.2344238,1.209087,1.22958,1218622028.9855072,1495044035.0,True,2026-03-06,0
2026-03-09,510300.SH,5.8578033,5.876809799999999,5.777975999999999,5.865405899999999,661430242.2855339,3854535508.0,True,2026-03-09,0
2026-03-09,510500.SH,2.7723618,2.799758,2.7142284,2.7917396,1405087249.3265488,3872180353.0,True,2026-03-09,0
2026-03-09,512100.SH,1.21095,1.2288348,1.1912022,1.2247362,1880680228.1266773,2270579174.0,True,2026-03-09,0
2026-03-10,510300.SH,5.8818782,5.9414319,5.880611099999999,5.933829299999999,430915095.0990451,2550822882.0,True,2026-03-10,0
2026-03-10,510500.SH,2.819804,2.8371772,2.8034331,2.8335021,1303723035.0194552,3680938953.0,True,2026-03-10,0
2026-03-10,512100.SH,1.233306,1.2467196,1.2329334,1.2459744,1683758336.0171766,2087054026.0,True,2026-03-10,0
2026-03-11,510300.SH,5.937630599999999,5.9794449,5.9325622,5.9693081,468559877.6734275,2792866730.0,True,2026-03-11,0
2026-03-11,510500.SH,2.8361749000000005,2.8461979,2.8201381000000003,2.8291588,1153033064.9506135,3265652804.0,True,2026-03-11,0
2026-03-11,512100.SH,1.2467196,1.251936,1.242621,1.2467196,1112671320.4508858,1387909318.0,True,2026-03-11,0
2026-03-12,510300.SH,5.9693081,5.9693081,5.9110215,5.947767399999999,270999625.9174493,1610201018.0,True,2026-03-12,0
2026-03-12,510500.SH,2.8238132,2.8381795,2.7910714,2.8151266,974625630.0508828,2744988839.0,True,2026-03-12,0
2026-03-12,512100.SH,1.2415032,1.2504456,1.2303252,1.2437388,1069913837.8958668,1327090956.0,True,2026-03-12,0
2026-03-13,510300.SH,5.9198912,5.9756436,5.917356999999999,5.926226699999999,256580305.4218294,1526480622.0,True,2026-03-13,0
2026-03-13,510500.SH,2.7937442,2.8221427,2.769689,2.7767051,593322657.8868603,1657449192.0,True,2026-03-13,0
2026-03-13,512100.SH,1.237032,1.246347,1.2228732,1.2262266,890515558.2393988,1099532333.0,True,2026-03-13,0
2026-03-16,510300.SH,5.9236925,5.937630599999999,5.869207199999999,5.930027999999999,318729935.2852972,1881524447.0,True,2026-03-16,0
2026-03-16,510500.SH,2.7723618,2.7757028,2.7142284,2.7593319000000003,1175963846.153846,3225912523.0,True,2026-03-16,0
2026-03-16,512100.SH,1.2236184,1.2273444,1.205361,1.223991,1031560842.7267848,1257058118.0,True,2026-03-16,0
2026-03-17,510300.SH,5.937630599999999,5.994650099999999,5.885679499999999,5.886946599999999,570860752.9003236,3388771831.0,True,2026-03-17,0
2026-03-17,510500.SH,2.7613365,2.769689,2.6975234,2.6988598,1045206803.3522896,2853905066.0,True,2026-03-17,0
2026-03-17,512100.SH,1.223991,1.2265992,1.196046,1.1967912,1423688247.4503489,1717548878.0,True,2026-03-17,0
2026-03-18,510300.SH,5.894549199999999,5.917356999999999,5.848933599999999,5.907220199999999,607894174.8875386,3575798297.0,True,2026-03-18,0
2026-03-18,510500.SH,2.709551,2.7289288,2.6804843,2.7249196,1473056108.9494164,3990590847.0,True,2026-03-18,0
2026-03-18,512100.SH,1.1982816,1.2083418,1.1889666,1.207224,2652800668.2769723,3186405583.0,True,2026-03-18,0
2026-03-19,510300.SH,5.8552691,5.880611099999999,5.8045851,5.8273929,609456087.9172915,3558170504.0,True,2026-03-19,0
2026-03-19,510500.SH,2.686164,2.6971893,2.6413946,2.6544245,1172703783.2984135,3129280894.0,True,2026-03-19,0
2026-03-19,512100.SH,1.190457,1.1956734,1.1744352,1.181142,1520042149.758454,1800851517.0,True,2026-03-19,0
2026-03-20,510300.SH,5.826125799999999,5.873008499999999,5.7944483,5.798249599999999,600799911.6091864,3509938019.0,True,2026-03-20,0
2026-03-20,510500.SH,2.659436,2.6768092,2.6089869,2.6099892,2189865163.124813,5809729947.0,True,2026-03-20,0
2026-03-20,512100.SH,1.183005,1.1930652,1.1602764,1.1613942,2121983225.9796028,2497769362.0,True,2026-03-20,0
2026-03-23,510300.SH,5.737428799999999,5.7488327,5.582842599999999,5.613252999999999,1202350335.4115698,6799292790.0,True,2026-03-23,0
2026-03-23,510500.SH,2.5729041,2.5982957,2.492386,2.5097592,2019757916.79138,5130435315.0,True,2026-03-23,0
2026-03-23,512100.SH,1.1438819999999998,1.1524518,1.0969344,1.1055042,2725451170.155663,3064690365.0,True,2026-03-23,0
2026-03-24,510300.SH,5.6550673,5.676608,5.5815755,5.675340899999999,671166521.9793229,3784113263.0,True,2026-03-24,0
2026-03-24,510500.SH,2.5354849,2.5582037,2.4847017,2.5565332,1769192196.9470215,4471167956.0,True,2026-03-24,0
2026-03-24,512100.SH,1.1185451999999998,1.1349395999999998,1.0987973999999998,1.1341944,3094377844.8738594,3459685012.0,True,2026-03-24,0
2026-03-25,510300.SH,5.714620999999999,5.7640379,5.707018399999999,5.757702399999999,684802017.9938442,3932266869.0,True,2026-03-25,0
2026-03-25,510500.SH,2.57257,2.6323739,2.5719018,2.6146666,1755729829.3923974,4584273440.0,True,2026-03-25,0
2026-03-25,512100.SH,1.1409011999999998,1.1613942,1.1409011999999998,1.1554326,3039972037.0370374,3507116571.0,True,2026-03-25,0
2026-03-26,510300.SH,5.747565599999999,5.7615037,5.6728067,5.6867448000000005,374273864.7304869,2139118213.0,True,2026-03-26,0
2026-03-26,510500.SH,2.6033072,2.6176735,2.5662221,2.57257,958349099.072134,2480189131.0,True,2026-03-26,0
2026-03-26,512100.SH,1.1498436,1.1591586,1.1360574,1.1390382,1166033663.4460547,1337000942.0,True,2026-03-26,0
2026-03-27,510300.SH,5.638595,5.739963,5.6322595,5.7120868,444077678.16273385,2529639239.0,True,2026-03-27,0
2026-03-27,510500.SH,2.532478,2.6233532000000004,2.532478,2.6069823,1186198697.9946125,3076321019.0,True,2026-03-27,0
2026-03-27,512100.SH,1.1237616,1.1621394,1.1237616,1.1572956,1272948381.642512,1460200991.0,True,2026-03-27,0
2026-03-30,510300.SH,5.653800199999999,5.7082855,5.6423963,5.701949999999999,429322300.5287665,2434696108.0,True,2026-03-30,0
2026-03-30,510500.SH,2.5745746,2.6180076000000003,2.5608765,2.6119938,1431434298.114337,3701022228.0,True,2026-03-30,0
2026-03-30,512100.SH,1.1435094,1.160649,1.1356848,1.1584134,1535361964.573269,1762958408.0,True,2026-03-30,0
2026-03-31,510300.SH,5.7032171,5.7386959,5.653800199999999,5.6550673,418724294.0572962,2385310576.0,True,2026-03-31,0
2026-03-31,510500.SH,2.6076505,2.626026,2.565888,2.5668903,1102663630.649506,2860807126.0,True,2026-03-31,0
2026-03-31,512100.SH,1.156923,1.162512,1.1364299999999998,1.1368026,1371564439.076758,1573716480.0,True,2026-03-31,0
2026-04-01,510300.SH,5.727291999999999,5.755168199999999,5.7032171,5.745031399999999,395571040.9596717,2267466693.0,True,2026-04-01,0
2026-04-01,510500.SH,2.6109915000000004,2.622685,2.5909455,2.6089869,1067550529.7815024,2781369863.0,True,2026-04-01,0
2026-04-01,512100.SH,1.1554326,1.1628846,1.1479806,1.1576682,1563934519.5920558,1806421889.0,True,2026-04-01,0
2026-04-02,510300.SH,5.728559099999999,5.7348946,5.663936999999999,5.688011899999999,368046012.9429406,2098973595.0,True,2026-04-02,0
2026-04-02,510500.SH,2.5962911,2.6089869,2.5455079,2.5632152,1455953813.229572,3748897864.0,True,2026-04-02,0
2026-04-02,512100.SH,1.151334,1.1591586,1.1297232,1.138293,1441542391.304348,1647033000.0,True,2026-04-02,0
2026-04-03,510300.SH,5.6956145,5.709552599999999,5.633526599999999,5.643663399999999,336287266.19840586,1903072420.0,True,2026-04-03,0
2026-04-03,510500.SH,2.5715677,2.5749087,2.5328121,2.5401623,720673088.8955402,1838226947.0,True,2026-04-03,0
2026-04-03,512100.SH,1.1423915999999998,1.1435094,1.1222712,1.125252,981669916.8008589,1109787432.0,True,2026-04-03,0
2026-04-07,510300.SH,5.644930499999999,5.663936999999999,5.6145201,5.633526599999999,338227891.2477311,1908516206.0,True,2026-04-07,0
2026-04-07,510500.SH,2.5448397000000003,2.5729041,2.53916,2.5488489,982136351.3917989,2512105152.0,True,2026-04-07,0
2026-04-07,512100.SH,1.1274875999999998,1.1409011999999998,1.127115,1.134567,1636485515.2979066,1857820791.0,True,2026-04-07,0
2026-04-08,510300.SH,5.7260249,5.8337284,5.7234907,5.8311942,786744992.502565,4550818244.0,True,2026-04-08,0
2026-04-08,510500.SH,2.6126620000000003,2.6824889,2.6109915000000004,2.6814866,3457062325.6510024,9127495913.0,True,2026-04-08,0
2026-04-08,512100.SH,1.162512,1.1889666,1.15506,1.1882214,3171282920.021471,3716993673.0,True,2026-04-08,0
2026-04-09,510300.SH,5.7944483,5.8109206,5.777975999999999,5.793181199999999,556353344.645253,3223934997.0,True,2026-04-09,0
2026-04-09,510500.SH,2.6597701,2.6758069,2.6420628,2.6607724000000004,1924052140.077821,5121640491.0,True,2026-04-09,0
2026-04-09,512100.SH,1.1759256,1.1871036,1.1744352,1.1815146,2353022643.585614,2781005235.0,True,2026-04-09,0
2026-04-10,510300.SH,5.8134548,5.909754399999999,5.8134548,5.8818782,715324181.9903718,4203124967.0,True,2026-04-10,0
2026-04-10,510500.SH,2.6778115,2.7225809,2.6778115,2.6844935000000003,1137488488.476504,3069841615.0,True,2026-04-10,0
2026-04-10,512100.SH,1.1871036,1.2038706,1.1871036,1.1926926,1464103523.8862052,1751475935.0,True,2026-04-10,0
2026-04-13,510300.SH,5.865405899999999,5.904686,5.8578033,5.894549199999999,310072290.2691185,1825187755.0,True,2026-04-13,0
2026-04-13,510500.SH,2.6677885000000003,2.6925119,2.6654498,2.6821548,1429896123.9149954,3836508143.0,True,2026-04-13,0
2026-04-13,512100.SH,1.186731,1.1993994,1.1826324,1.1971638,1420206148.684917,1697156888.0,True,2026-04-13,0
2026-04-14,510300.SH,5.9287609,5.970575199999999,5.9084873,5.970575199999999,337508544.7083892,2005429241.0,True,2026-04-14,0
2026-04-14,510500.SH,2.709551,2.7269242000000005,2.6951847,2.7259219000000003,1307434172.403472,3543880220.0,True,2026-04-14,0
2026-04-14,512100.SH,1.207224,1.216539,1.201635,1.2157938,1246037520.1288245,1504789075.0,True,2026-04-14,0
2026-04-15,510300.SH,5.9959172,6.0136566,5.9350964,5.947767399999999,533486390.1823061,3185349113.0,True,2026-04-15,0
2026-04-15,510500.SH,2.7463020000000005,2.7513135,2.7045395,2.7098851,1222143038.012571,3333219942.0,True,2026-04-15,0
2026-04-15,512100.SH,1.2232458,1.2236184,1.207224,1.2094596,1308364135.802469,1588571620.0,True,2026-04-15,0
2026-04-16,510300.SH,5.960438399999999,6.0149237,5.955369999999999,6.0136566,673375758.0301477,4036951794.0,True,2026-04-16,0
2026-04-16,510500.SH,2.7162330000000003,2.7633411000000003,2.7145625,2.7573273,1460546599.820413,4009324061.0,True,2026-04-16,0
2026-04-16,512100.SH,1.2120678,1.231443,1.2098322,1.2288348,1711217831.454643,2093383461.0,True,2026-04-16,0
2026-04-17,510300.SH,6.0022527,6.018725,5.9832462,6.004786899999999,580972357.3514324,3485941360.0,True,2026-04-17,0
2026-04-17,510500.SH,2.7503112,2.7770392,2.742961,2.769689,1385733876.0850046,3824600035.0,True,2026-04-17,0
2026-04-17,512100.SH,1.225854,1.2456018,1.2251088,1.240758,1713401476.113795,2115703225.0,True,2026-04-17,0
2026-04-20,510300.SH,5.9997185,6.0529367,5.990848799999999,6.037731499999999,601734526.8723859,3627929894.0,True,2026-04-20,0
2026-04-20,510500.SH,2.7666821,2.8044354,2.7656798,2.7914055,2731342813.5288835,7624808772.0,True,2026-04-20,0
2026-04-20,512100.SH,1.2403854,1.2515634,1.2385224,1.246347,2070705399.8926463,2580739023.0,True,2026-04-20,0
2026-04-21,510300.SH,6.0364644,6.064340599999999,5.993383,6.051669599999999,502018891.1688107,3026895923.0,True,2026-04-21,0
2026-04-21,510500.SH,2.7900691,2.7900691,2.7583296,2.7833871,1380857279.2577074,3834736573.0,True,2026-04-21,0
2026-04-21,512100.SH,1.2433662,1.2474648,1.233306,1.2459744,1606066902.844874,1994360867.0,True,2026-04-21,0
2026-04-22,510300.SH,6.031395999999999,6.098552299999999,6.0263276,6.096018099999999,799141790.7031807,4851593064.0,True,2026-04-22,0
2026-04-22,510500.SH,2.7673503,2.8254837000000004,2.7673503,2.8248155,1910572840.466926,5360906023.0,True,2026-04-22,0
2026-04-22,512100.SH,1.2396402,1.2675852,1.2396402,1.2672126,1950895821.256039,2455334014.0,True,2026-04-22,0
2026-04-23,510300.SH,6.107422,6.125161399999999,6.0466012,6.0833471,795926218.9251045,4848688474.0,True,2026-04-23,0
2026-04-23,510500.SH,2.8264860000000005,2.8311634000000003,2.7716936,2.7980875000000003,2077163427.1176293,5817342404.0,True,2026-04-23,0
2026-04-23,512100.SH,1.2672126,1.2690756,1.2403854,1.250073,2408158990.874933,3010058947.0,True,2026-04-23,0
2026-04-24,510300.SH,6.0630735,6.079545799999999,6.018725,6.0592722,567692057.454029,3432906825.0,True,2026-04-24,0
2026-04-24,510500.SH,2.7800461,2.799758,2.7536522000000003,2.7807143,1308468590.242442,3629323593.0,True,2026-04-24,0
2026-04-24,512100.SH,1.2403854,1.250073,1.2329334,1.2392676,3030582965.6468062,3759355932.0,True,2026-04-24,0
2026-04-27,510300.SH,6.064340599999999,6.094750999999999,6.047868299999999,6.0592722,732409454.6602478,4443760487.0,True,2026-04-27,0
2026-04-27,510500.SH,2.779712,2.8057718,2.7703572,2.7957488,1878236375.3367248,5250763152.0,True,2026-04-27,0
2026-04-27,512100.SH,1.2381498,1.2493278,1.2329334,1.2441114,3178637396.6720343,3953673572.0,True,2026-04-27,0
2026-04-28,510300.SH,6.038998599999999,6.069408999999999,6.027594699999999,6.044066999999999,682203637.4398232,4125806962.0,True,2026-04-28,0
2026-04-28,510500.SH,2.7883986000000003,2.7917396,2.7553227,2.7640093,1906431296.019156,5287344953.0,True,2026-04-28,0
2026-04-28,512100.SH,1.2392676,1.242621,1.2228732,1.2284622,2810790083.199141,3460949756.0,True,2026-04-28,0
2026-04-29,510300.SH,6.0250605,6.1175588,6.0250605,6.108689099999999,1009928004.1038592,6139314265.0,True,2026-04-29,0
2026-04-29,510500.SH,2.752984,2.8184676,2.7509794,2.8137902,2630851667.165519,7349029886.0,True,2026-04-29,0
2026-04-29,512100.SH,1.2236184,1.2485826,1.2198924,1.2467196,4542626019.86044,5637358802.0,True,2026-04-29,0
2026-04-30,510300.SH,6.120093,6.1340311,6.092216799999999,6.1124904,1303595929.2873492,7965711080.0,True,2026-04-30,0
2026-04-30,510500.SH,2.809781,2.823145,2.796417,2.816463,2332720559.712661,6546640850.0,True,2026-04-30,0
2026-04-30,512100.SH,1.2429936,1.2549168,1.242621,1.2526812,4790002329.575953,5976880487.0,True,2026-04-30,0
2026-05-06,510300.SH,6.165708599999999,6.226529399999999,6.1479692,6.193584799999999,1474061050.4301162,9131466569.0,True,2026-05-06,0
2026-05-06,510500.SH,2.8461979,2.9073382,2.8458638000000005,2.8926378,3069285124.214307,8872773628.0,True,2026-05-06,0
2026-05-06,512100.SH,1.2605058,1.287333,1.2605058,1.2791358,3661603910.3596354,4683871959.0,True,2026-05-06,0
2026-05-07,510300.SH,6.2151255,6.226529399999999,6.182180899999999,6.223995199999999,1653083931.0235972,10262731527.0,True,2026-05-07,0
2026-05-07,510500.SH,2.9073382,2.9327298,2.8963129000000003,2.9303911000000005,3679018512.421431,10727012506.0,True,2026-05-07,0
2026-05-07,512100.SH,1.2847248,1.3029822,1.2806262,1.3014918,1729367911.969941,2235023697.0,True,2026-05-07,0
2026-05-08,510300.SH,6.196119,6.2113242,6.1606402,6.1910506,989318064.08334,6121164078.0,True,2026-05-08,0
2026-05-08,510500.SH,2.9116815,2.9360708,2.9036631,2.9297229,3325646953.0080814,9722597897.0,True,2026-05-08,0
2026-05-08,512100.SH,1.2936672,1.3100616,1.2914316,1.3063356,2305094975.845411,3003352746.0,True,2026-05-08,0
2026-05-11,510300.SH,6.222728099999999,6.310158,6.20879,6.2924186,1670366805.303449,10456512044.0,True,2026-05-11,0
2026-05-11,510500.SH,2.9527758,2.9885245,2.9360708,2.9774992000000005,1978073642.6219687,5866691109.0,True,2026-05-11,0
2026-05-11,512100.SH,1.313415,1.3298094,1.3089438,1.324593,2705368035.426732,3574858602.0,True,2026-05-11,0
2026-05-12,510300.SH,6.303822499999999,6.3190277,6.2645424,6.288617299999999,790916627.7326179,4976355850.0,True,2026-05-12,0
2026-05-12,510500.SH,2.980172,2.9825107,2.9470961,2.9607942,1527680574.67824,4522369241.0,True,2026-05-12,0
2026-05-12,512100.SH,1.324593,1.3257108,1.3093164,1.319004,1412633888.8888888,1861816115.0,True,2026-05-12,0
2026-05-13,510300.SH,6.259474,6.364643299999999,6.258206899999999,6.3570407,1004352462.3155236,6331249194.0,True,2026-05-13,0
2026-05-13,510500.SH,2.9400800000000005,3.0139161000000003,2.9400800000000005,3.0099069000000003,1542786902.1251123,4596156963.0,True,2026-05-13,0
2026-05-13,512100.SH,1.307826,1.3424778,1.307826,1.3406148,1306093980.13956,1735216481.0,True,2026-05-13,0
2026-05-14,510300.SH,6.382382699999999,6.3874511,6.2480701,6.260741099999999,811431270.6179466,5118663487.0,True,2026-05-14,0
2026-05-14,510500.SH,3.0232709,3.0232709,2.926716,2.9307252000000004,2664647719.245734,7900399322.0,True,2026-05-14,0
2026-05-14,512100.SH,1.345086,1.3462037999999998,1.313415,1.3149054,1685649095.5448203,2238207387.0,True,2026-05-14,0
2026-05-15,510300.SH,6.253138499999999,6.277213399999999,6.1479692,6.1809138,827008479.9936863,5135152285.0,True,2026-05-15,0
2026-05-15,510500.SH,2.926716,2.9430869,2.8575573000000003,2.8772692,3931934136.486082,11374703475.0,True,2026-05-15,0
2026-05-15,512100.SH,1.3137876,1.3242204,1.2895686,1.2996288,2949398722.490607,3851089697.0,True,2026-05-15,0
2026-05-18,510300.SH,6.1517705,6.189783499999999,6.106154899999999,6.1479692,460560626.62773263,2832450612.0,True,2026-05-18,0
2026-05-18,510500.SH,2.8595619,2.9053336,2.8568891,2.8836171,1439326842.2627957,4146691727.0,True,2026-05-18,0
2026-05-18,512100.SH,1.2940398,1.3141602,1.2895686,1.3052178,1817068156.199678,2369757998.0,True,2026-05-18,0
2026-05-19,510300.SH,6.136565299999999,6.175845399999999,6.068141899999999,6.1695099,763554485.8337938,4670192858.0,True,2026-05-19,0
2026-05-19,510500.SH,2.8776033,2.9096769,2.8335021,2.9076723,2124482777.6114936,6106970936.0,True,2026-05-19,0
2026-05-19,512100.SH,1.3041,1.320867,1.2869604,1.3197492,1734649288.7815351,2262618059.0,True,2026-05-19,0
2026-05-20,510300.SH,6.1390995,6.185982199999999,6.132763999999999,6.1720441,757414636.5716993,4664422387.0,True,2026-05-20,0
2026-05-20,510500.SH,2.8906332,2.926716,2.8819466,2.9227068,1516887925.7707272,4396844524.0,True,2026-05-20,0
2026-05-20,512100.SH,1.3104342,1.3212396,1.3011192,1.320867,1791859449.812131,2346425503.0,True,2026-05-20,0
2026-05-21,510300.SH,6.2049887,6.277213399999999,6.0833471,6.092216799999999,951446087.128088,5913215496.0,True,2026-05-21,0
2026-05-21,510500.SH,2.9400800000000005,2.9691467,2.8345044,2.8408523,1599835109.2487278,4673340770.0,True,2026-05-21,0
2026-05-21,512100.SH,1.324593,1.3350258,1.2750372,1.2787632,2722136025.228127,3543117593.0,True,2026-05-21,0
2026-05-22,510300.SH,6.1175588,6.1682428,6.0909497,6.1606402,1045735810.1175914,6421618436.0,True,2026-05-22,0
2026-05-22,510500.SH,2.8575573000000003,2.9013244,2.843191,2.8926378,2373353732.4154444,6819708732.0,True,2026-05-22,0
2026-05-22,512100.SH,1.2839796,1.3156506,1.2783906,1.302237,2749797721.4170694,3561142225.0,True,2026-05-22,0
2026-05-25,510300.SH,6.183447999999999,6.256939799999999,6.1733112,6.2556727,1282500140.4782577,7970991059.0,True,2026-05-25,0
2026-05-25,510500.SH,2.9093428,2.936739,2.8796079,2.9354026,1821351418.736905,5293352712.0,True,2026-05-25,0
2026-05-25,512100.SH,1.3081986,1.3201218,1.2981384,1.3186314,2351550789.04992,3082372006.0,True,2026-05-25,0
2026-05-26,510300.SH,6.223995199999999,6.303822499999999,6.221461,6.3000212,764482014.8370295,4786813577.0,True,2026-05-26,0
2026-05-26,510500.SH,2.9210363000000004,2.9297229,2.8789397000000005,2.9240432000000003,722543858.1263094,2098793863.0,True,2026-05-26,0
2026-05-26,512100.SH,1.309689,1.3122972,1.283607,1.3037274,1375809439.076758,1784394000.0,True,2026-05-26,0
2026-05-27,510300.SH,6.288617299999999,6.3266303,6.2252623,6.2493372,505501965.1171968,3174582673.0,True,2026-05-27,0
2026-05-27,510500.SH,2.920034,2.9470961,2.866578,2.8779374000000004,988452663.8730918,2870805061.0,True,2026-05-27,0
2026-05-27,512100.SH,1.3007466,1.3111794,1.2720564,1.2806262,1911700195.9205585,2468815426.0,True,2026-05-27,0
2026-05-28,510300.SH,6.2303307,6.2696108,6.165708599999999,6.2493372,346973264.9356799,2155076599.0,True,2026-05-28,0
2026-05-28,510500.SH,2.8649075,2.9046654000000003,2.8418546,2.8896309,994377593.5348698,2857894293.0,True,2026-05-28,0
2026-05-28,512100.SH,1.2806262,1.298511,1.2683304,1.2936672,1867515606.5485773,2394450663.0,True,2026-05-28,0
2026-05-29,510300.SH,6.267076599999999,6.307623799999999,6.20879,6.2379333,518258578.6441481,3243446893.0,True,2026-05-29,0
2026-05-29,510500.SH,2.893306,2.9003221,2.8020967000000003,2.8208063,981576545.944328,2791724835.0,True,2026-05-29,0
2026-05-29,512100.SH,1.2962754,1.2996288,1.2530538,1.2605058,3628265332.7965646,4591159130.0,True,2026-05-29,0
2026-06-01,510300.SH,6.2379333,6.259474,6.159373099999999,6.1682428,393885814.8528136,2443095510.0,True,2026-06-01,0
2026-06-01,510500.SH,2.8177994,2.8505412,2.7910714,2.796417,1222296869.200838,3439513885.0,True,2026-06-01,0
2026-06-01,512100.SH,1.2549168,1.274292,1.250073,1.2515634,3142020158.3467526,3957072409.0,True,2026-06-01,0
2026-06-02,510300.SH,6.166975699999999,6.2797476,6.153037599999999,6.254405599999999,537403317.8123274,3345673270.0,True,2026-06-02,0
2026-06-02,510500.SH,2.7957488,2.833168,2.7523158,2.8084446,1373269751.571386,3836822227.0,True,2026-06-02,0
2026-06-02,512100.SH,1.2511908,1.2646044,1.2321882,1.2549168,3352464551.798176,4187143941.0,True,2026-06-02,0
2026-06-03,510300.SH,6.256939799999999,6.355773599999999,6.2442688,6.291151499999999,600159333.122879,3784497955.0,True,2026-06-03,0
2026-06-03,510500.SH,2.8064400000000003,2.8615665,2.799758,2.8248155,977963645.6150852,2771012957.0,True,2026-06-03,0
2026-06-03,512100.SH,1.255662,1.2802536,1.2515634,1.2627414,3524633188.405797,4469758898.0,True,2026-06-03,0
2026-06-04,510300.SH,6.232864899999999,6.2860831,6.221461,6.2417346,481199813.7479284,3006706301.0,True,2026-06-04,0
2026-06-04,510500.SH,2.7967511000000003,2.8361749000000005,2.7967511000000003,2.8224768,885752469.3205627,2497825120.0,True,2026-06-04,0
2026-06-04,512100.SH,1.24821,1.26684,1.24821,1.261251,2033546825.01342,2563956253.0,True,2026-06-04,0
2026-06-05,510300.SH,6.220193899999999,6.2696108,6.113757499999999,6.136565299999999,487958909.32049567,3023262809.0,True,2026-06-05,0
2026-06-05,510500.SH,2.8114515,2.83985,2.7777074,2.7860599,1293162690.8111343,3619954376.0,True,2026-06-05,0
2026-06-05,512100.SH,1.2541716,1.2754098,1.244484,1.2511908,2007643596.3499727,2524879105.0,True,2026-06-05,0
2026-06-08,510300.SH,6.069408999999999,6.092216799999999,5.9617055,6.004786899999999,728649959.7506117,4394322754.0,True,2026-06-08,0
2026-06-08,510500.SH,2.726256,2.7506453000000004,2.6671203,2.6955188,1403137889.8533375,3809536499.0,True,2026-06-08,0
2026-06-08,512100.SH,1.225854,1.2385224,1.1982816,1.2139308,3487123582.930757,4255609800.0,True,2026-06-08,0
2026-06-09,510300.SH,6.0364644,6.1175588,6.007321099999999,6.115024599999999,344222620.15626234,2085593718.0,True,2026-06-09,0
2026-06-09,510500.SH,2.712892,2.7680185,2.6921778,2.763007,1084330062.8554325,2955254201.0,True,2026-06-09,0
2026-06-09,512100.SH,1.2232458,1.2474648,1.2143034,1.2448566,4105762404.723564,5043848542.0,True,2026-06-09,0
2026-06-10,510300.SH,6.069408999999999,6.0998194,6.0199921,6.061806399999999,310285135.34843343,1879211957.0,True,2026-06-10,0
2026-06-10,510500.SH,2.7342744,2.752984,2.6988598,2.7299311,835929727.6264591,2279194416.0,True,2026-06-10,0
2026-06-10,512100.SH,1.22958,1.2415032,1.216539,1.2306978,1694640544.8201826,2083885473.0,True,2026-06-10,0
2026-06-11,510300.SH,6.038998599999999,6.0732103,5.978177799999999,6.0199921,328363008.4444795,1975529542.0,True,2026-06-11,0
2026-06-11,510500.SH,2.7172353,2.7369472,2.6955188,2.7172353,543424271.1762946,1474381691.0,True,2026-06-11,0
2026-06-11,512100.SH,1.2217554,1.2344238,1.2139308,1.2243636,1404396779.388084,1715659503.0,True,2026-06-11,0
2026-06-12,510300.SH,6.094750999999999,6.140366599999999,6.068141899999999,6.104887799999999,616278033.3043959,3761995011.0,True,2026-06-12,0
2026-06-12,510500.SH,2.7720277,2.796417,2.7432951,2.7536522000000003,937916073.0320264,2595066377.0,True,2026-06-12,0
2026-06-12,512100.SH,1.2377772,1.2545442,1.2292074,1.2329334,1754691680.0858831,2177669039.0,True,2026-06-12,0
2026-06-15,510300.SH,6.155571799999999,6.234132,6.1314969,6.232864899999999,1281114885.170863,7928405421.0,True,2026-06-15,0
2026-06-15,510500.SH,2.7803802,2.856555,2.7770392,2.8545504000000004,2324979952.1101465,6554819512.0,True,2026-06-15,0
2026-06-15,512100.SH,1.2459744,1.281744,1.2452292,1.2813714,2445025362.3188405,3096700796.0,True,2026-06-15,0
2026-06-16,510300.SH,6.234132,6.250604299999999,6.1999203,6.221461,717014783.3635862,4467242130.0,True,2026-06-16,0
2026-06-16,510500.SH,2.856555,2.8959788,2.8482025,2.8839512,956405157.1385812,2749956275.0,True,2026-06-16,0
2026-06-16,512100.SH,1.2850974,1.3070808,1.278018,1.3007466,2209289575.9527645,2852078190.0,True,2026-06-16,0
2026-06-17,510300.SH,6.206255799999999,6.284815999999999,6.201187399999999,6.2822818,1097929902.927946,6854308726.0,True,2026-06-17,0
2026-06-17,510500.SH,2.8739282000000004,2.9287206,2.866578,2.9277183,594559721.6402274,1725519090.0,True,2026-06-17,0
2026-06-17,512100.SH,1.294785,1.311552,1.2921768,1.3111794,1089453220.6119163,1419535675.0,True,2026-06-17,0
2026-06-18,510300.SH,6.263275299999999,6.3367671,6.260741099999999,6.315226399999999,1020711103.3067636,6434057084.0,True,2026-06-18,0
2026-06-18,510500.SH,2.9153566000000004,2.9611283,2.9140202,2.9494348,757141340.9158936,2226241971.0,True,2026-06-18,0
2026-06-18,512100.SH,1.3044726,1.3238478,1.3041,1.3204944,1102010673.6446593,1451729505.0,True,2026-06-18,0
2026-06-22,510300.SH,6.313959299999999,6.455874499999999,6.277213399999999,6.450806099999999,1509871174.335096,9643147387.0,True,2026-06-22,0
2026-06-22,510500.SH,2.953444,3.010241,2.9227068,3.0092387,1107778329.8413649,3279160176.0,True,2026-06-22,0
2026-06-22,512100.SH,1.324593,1.339497,1.2973932,1.333908,1557199127.7509394,2045199985.0,True,2026-06-22,0
2026-06-23,510300.SH,6.435600899999999,6.455874499999999,6.227796499999999,6.2620082,2065610795.5173235,13121283633.0,True,2026-06-23,0
2026-06-23,510500.SH,3.0002180000000003,3.0162548,2.9260478,2.9450915,1267124055.6719544,3763746479.0,True,2026-06-23,0
2026-06-23,512100.SH,1.3272012,1.3335354,1.298511,1.307826,1557863070.3166935,2050210533.0,True,2026-06-23,0
2026-06-24,510300.SH,6.2455359,6.307623799999999,6.2290636,6.293685699999999,2044569022.965828,12839317641.0,True,2026-06-24,0
2026-06-24,510500.SH,2.9320616,3.0052295,2.9253796000000003,3.0018885,846179090.0927866,2510299817.0,True,2026-06-24,0
2026-06-24,512100.SH,1.3067082,1.3249656,1.2936672,1.3231026,2369479833.601718,3109888511.0,True,2026-06-24,0
2026-06-25,510300.SH,6.3012883,6.405190499999999,6.2924186,6.3963208,2083978167.469024,13252886361.0,True,2026-06-25,0
2026-06-25,510500.SH,3.0015544000000003,3.0359667,2.986854,3.035298500000001,617406692.6070039,1860429662.0,True,2026-06-25,0
2026-06-25,512100.SH,1.3223574,1.3353984,1.3145328,1.3298094,1121147989.8013957,1486707305.0,True,2026-06-25,0
2026-06-26,510300.SH,6.345636799999999,6.354506499999999,6.183447999999999,6.2176597,756248869.860311,4730764080.0,True,2026-06-26,0
2026-06-26,510500.SH,3.0089046,3.0289506000000004,2.9384095,2.9604601,1003279521.1014668,2989805863.0,True,2026-06-26,0
2026-06-26,512100.SH,1.32273,1.326456,1.2895686,1.2981384,1450664718.1964574,1892122016.0,True,2026-06-26,0
2026-06-29,510300.SH,6.2049887,6.2924186,6.165708599999999,6.283548899999999,1171814168.573909,7294621804.0,True,2026-06-29,0
2026-06-29,510500.SH,2.953444,2.9998839,2.9180294,2.9982134,851632858.425621,2529001020.0,True,2026-06-29,0
2026-06-29,512100.SH,1.2944124,1.3081986,1.2683304,1.294785,2965320319.3773484,3813713696.0,True,2026-06-29,0
2026-06-30,510300.SH,6.2683437,6.363376199999999,6.2620082,6.359574899999999,1601863517.480862,10142732805.0,True,2026-06-30,0
2026-06-30,510500.SH,2.9881904,3.0747223,2.9764969000000003,3.0717154000000004,607677105.6569889,1843943515.0,True,2026-06-30,0
2026-06-30,512100.SH,1.2918042,1.3342806,1.2884508,1.3327902,1995711846.4841647,2618370336.0,True,2026-06-30,0
2026-07-01,510300.SH,6.3469039,6.4039234,6.281014699999999,6.332965799999999,759702491.5160604,4820926453.0,True,2026-07-01,0
2026-07-01,510500.SH,3.0740541,3.1088005,3.04031,3.067038,754473346.303502,2323654883.0,True,2026-07-01,0
2026-07-01,512100.SH,1.324593,1.346949,1.324593,1.335771,1200317321.5244231,1606030673.0,True,2026-07-01,0
2026-07-02,510300.SH,6.2784805,6.284815999999999,6.126428499999999,6.145434999999999,1080541085.9442823,6704066004.0,True,2026-07-02,0
2026-07-02,510500.SH,3.0373031,3.0373031,2.9444233000000004,2.9564509,1240023029.0332236,3700248977.0,True,2026-07-02,0
2026-07-02,512100.SH,1.3275738,1.3350258,1.296648,1.3007466,2326376025.2281265,3054881403.0,True,2026-07-02,0
2026-07-03,510300.SH,6.120093,6.243001699999999,6.1175588,6.1783796,1577090033.935759,9792434457.0,True,2026-07-03,0
2026-07-03,510500.SH,2.9394118,3.0115774,2.936739,2.9738241,838477150.5537264,2493194778.0,True,2026-07-03,0
2026-07-03,512100.SH,1.2955302,1.3167684,1.2914316,1.2996288,1764382289.3183038,2301916878.0,True,2026-07-03,0
2026-07-06,510300.SH,6.20879,6.226529399999999,6.1213601,6.179646699999999,487721422.93425936,3016661205.0,True,2026-07-06,0
2026-07-06,510500.SH,2.983513,2.9955406,2.9156907000000003,2.9434210000000003,1077411281.0535767,3181978902.0,True,2026-07-06,0
2026-07-06,512100.SH,1.3037274,1.3126698,1.2731742,1.279881,2946915056.3607087,3785665420.0,True,2026-07-06,0
2026-07-07,510300.SH,6.155571799999999,6.179646699999999,6.0770116,6.115024599999999,551414077.8154842,3378515920.0,True,2026-07-07,0
2026-07-07,510500.SH,2.926716,2.9457597,2.8776033,2.8923037000000003,830035480.3950913,2411702319.0,True,2026-07-07,0
2026-07-07,512100.SH,1.2709386,1.2809988,1.2470922,1.2549168,3220763768.115942,4053036441.0,True,2026-07-07,0
2026-07-08,510300.SH,6.1276956,6.1733112,6.0732103,6.079545799999999,382515009.8650463,2337287019.0,True,2026-07-08,0
2026-07-08,510500.SH,2.8936401,2.9110133,2.8405182000000004,2.8568891,1638190212.511224,4704796310.0,True,2026-07-08,0
2026-07-08,512100.SH,1.2549168,1.2578976,1.2254814,1.225854,4395821771.336555,5428911563.0,True,2026-07-08,0
2026-07-09,510300.SH,6.098552299999999,6.240467499999999,6.0529367,6.2290636,754367648.9621972,4636438104.0,True,2026-07-09,0
2026-07-09,510500.SH,2.8605642,2.9450915,2.8211404000000004,2.9414164,1778665588.1472611,5127831973.0,True,2026-07-09,0
2026-07-09,512100.SH,1.22958,1.2526812,1.2046158,1.2497004,4861148276.972625,5975203736.0,True,2026-07-09,0
2026-07-10,510300.SH,6.231597799999999,6.2708779,6.1162917,6.118825899999999,650524837.0294373,4039507185.0,True,2026-07-10,0
2026-07-10,510500.SH,2.9420846,2.9845153,2.8936401,2.9060018000000003,1302622654.8937445,3851476791.0,True,2026-07-10,0
2026-07-10,512100.SH,1.2515634,1.270566,1.2340512,1.2340512,3274574122.383253,4127840183.0,True,2026-07-10,0
2026-07-13,510300.SH,6.084614199999999,6.108689099999999,5.9794449,6.0111224,1277762582.274485,7705111563.0,True,2026-07-13,0
2026-07-13,510500.SH,2.876601,2.8852876,2.7616706,2.7703572,2683272161.029632,7517070059.0,True,2026-07-13,0
2026-07-13,512100.SH,1.22958,1.2340512,1.171827,1.1766708,6139954771.8733225,7324695009.0,True,2026-07-13,0
2026-07-14,510300.SH,6.0111224,6.1302298,5.9503016,6.128962699999999,1427227557.414569,8630537927.0,True,2026-07-14,0
2026-07-14,510500.SH,2.7706913,2.8127879,2.7115556,2.8107833,2560617357.0787187,7089377081.0,True,2026-07-14,0
2026-07-14,512100.SH,1.1777886,1.1949282,1.1554326,1.1945556,5341648089.103597,6282743521.0,True,2026-07-14,0
2026-07-15,510300.SH,6.118825899999999,6.170776999999999,6.106154899999999,6.1302298,569830876.8053035,3497653884.0,True,2026-07-15,0
2026-07-15,510500.SH,2.8122869,2.8303122,2.7592313,2.7721551,1014797315.4954424,2834423311.0,True,2026-07-15,0
2026-07-15,512100.SH,1.1945556,1.2020076,1.17369,1.1807694,3088159881.9108963,3669496340.0,True,2026-07-15,0
2026-07-16,510300.SH,6.0504025,6.113757499999999,5.9857804,6.0225263,1308359869.781391,7909234146.0,True,2026-07-16,0
2026-07-16,510500.SH,2.7415461,2.7745358,2.6905311,2.7058356000000003,1690009902.9697146,4606762538.0,True,2026-07-16,0
2026-07-16,512100.SH,1.1677284,1.1833776,1.145745,1.1520792,4856167332.259796,5645460842.0,True,2026-07-16,0
2026-07-17,510300.SH,5.980712,5.993383,5.7602366,5.8147219,2497652683.292558,14648790580.0,True,2026-07-17,0
2026-07-17,510500.SH,2.6918915,2.6963128000000003,2.5456485000000004,2.5524505,2204654304.616289,5754369790.0,True,2026-07-17,0
2026-07-17,512100.SH,1.1479806,1.1502162,1.0764414,1.0835207999999998,8796769401.502953,9752991503.0,True,2026-07-17,0
2026-07-20,510300.SH,5.866673,5.936363499999999,5.7995167,5.892015,3165064953.042381,18562451759.0,True,2026-07-20,0
2026-07-20,510500.SH,2.5895214,2.598364,2.4575626,2.5255826000000003,3442955524.845633,8720456391.0,True,2026-07-20,0
2026-07-20,512100.SH,1.0969344,1.110348,1.0239048,1.0499868,8229686323.134729,8737944400.0,True,2026-07-20,0
2026-07-21,510300.SH,5.926226699999999,6.068141899999999,5.850200699999999,6.065607699999999,2161496418.5936394,12894642144.0,True,2026-07-21,0
2026-07-21,510500.SH,2.5245623,2.6544805,2.4749077,2.6500592,3489501320.199941,8991652651.0,True,2026-07-21,0
2026-07-21,512100.SH,1.0522224,1.0950714,1.013472,1.0928357999999998,8228177184.648416,8763987973.0,True,2026-07-21,0
2026-07-22,510300.SH,6.018725,6.1112233,6.018725,6.037731499999999,998372615.4210404,6059305801.0,True,2026-07-22,0
2026-07-22,510500.SH,2.6235314,2.6823687,2.6225111,2.632374,2194762484.563364,5831657523.0,True,2026-07-22,0
2026-07-22,512100.SH,1.0838933999999998,1.1002877999999998,1.0727154,1.0771866,7510677042.404724,8180947603.0,True,2026-07-22,0
2026-07-23,510300.SH,6.0491354,6.075744499999999,6.0250605,6.065607699999999,458668265.3302818,2775499281.0,True,2026-07-23,0
2026-07-23,510500.SH,2.6327141,2.6538003,2.6055061,2.6313537,735512314.0252867,1934738436.0,True,2026-07-23,0
2026-07-23,512100.SH,1.0775591999999998,1.0943261999999998,1.0727154,1.0857564,2524937557.70263,2738518123.0,True,2026-07-23,0
2026-07-24,510300.SH,6.018725,6.0301289,5.9541029,5.956637099999999,808746864.4937259,4844479626.0,True,2026-07-24,0
2026-07-24,510500.SH,2.6021051,2.6228512,2.5646941,2.5660545,1001714316.377536,2593796767.0,True,2026-07-24,0
2026-07-24,512100.SH,1.0753236,1.0820303999999998,1.0537128,1.0552032,3358256065.485776,3575677638.0,True,2026-07-24,0
2026-07-27,510300.SH,5.9579042,6.0288618,5.9224254,6.0225263,766784571.0677928,4584814670.0,True,2026-07-27,0
2026-07-27,510500.SH,2.5657144,2.6320339,2.5453084,2.6276126,1737330573.3607762,4519820155.0,True,2026-07-27,0
2026-07-27,512100.SH,1.054458,1.0920906,1.052595,1.091718,4529773711.755235,4883075466.0,True,2026-07-27,0
2026-07-28,510300.SH,5.942699,5.955369999999999,5.8400639,5.8628717,1330122852.971352,7832309396.0,True,2026-07-28,0
2026-07-28,510500.SH,2.5874808,2.6007447000000004,2.5266029000000003,2.5381663000000003,2349532325.7865334,6044394242.0,True,2026-07-28,0
2026-07-28,512100.SH,1.0771866,1.0838933999999998,1.0559484,1.0611648,4953521419.753086,5302644950.0,True,2026-07-28,0
2026-07-29,510300.SH,5.859070399999999,5.937630599999999,5.7957154,5.9008847,1191068354.5102992,6987965715.0,True,2026-07-29,0
2026-07-29,510500.SH,2.537146,2.5823793,2.4970142,2.564354,2062550194.0605705,5240945444.0,True,2026-07-29,0
2026-07-29,512100.SH,1.0615374,1.0783044,1.0417896,1.0723428,7608669151.905529,8083231833.0,True,2026-07-29,0
2026-07-30,510300.SH,5.866673,5.898350499999999,5.747565599999999,5.8349955,1193306686.922895,6953209405.0,True,2026-07-30,0
2026-07-30,510500.SH,2.547349,2.5701357,2.455522,2.4949736,2651005948.2505145,6639437982.0,True,2026-07-30,0
2026-07-30,512100.SH,1.0656359999999998,1.0771866,1.0313568,1.0425348,5236762906.602255,5508013987.0,True,2026-07-30,0
2026-07-31,510300.SH,5.930027999999999,5.9591713,5.8844124,5.895816299999999,1185088996.132902,7016550822.0,True,2026-07-31,0
2026-07-31,510500.SH,2.58476,2.6116279,2.5476891,2.5507500000000003,2921601746.545133,7540981109.0,True,2026-07-31,0
2026-07-31,512100.SH,1.0719702,1.0932084,1.0656359999999998,1.0671263999999998,8191119608.158884,8843934744.0,True,2026-07-31,0
2026-08-03,510300.SH,5.859070399999999,5.876809799999999,5.8172561,5.8273929,731112072.4488991,4269964026.0,True,2026-08-03,0
2026-08-03,510500.SH,2.5374861,2.557552,2.5225217,2.523542,880667488.9738312,2232636377.0,True,2026-08-03,0
2026-08-03,512100.SH,1.06191,1.076814,1.0615374,1.0682442,3244952705.3140097,3472108739.0,True,2026-08-03,0
2026-08-04,510300.SH,5.8514678,5.9198912,5.8476665,5.8932821,925769762.4496884,5451256791.0,True,2026-08-04,0
2026-08-04,510500.SH,2.540547,2.6068665,2.5385064,2.5851001,1954723246.1040869,5034603886.0,True,2026-08-04,0
2026-08-04,512100.SH,1.074951,1.1047589999999998,1.0730879999999998,1.0965618,4681243440.687063,5108637266.0,True,2026-08-04,0
2026-08-05,510300.SH,5.854002,6.0022527,5.8451323,5.9731094,1124272619.3670588,6690045414.0,True,2026-08-05,0
2026-08-05,510500.SH,2.58476,2.6711454000000003,2.5762575,2.6578815,1575741531.9023817,4159898996.0,True,2026-08-05,0
2026-08-05,512100.SH,1.091718,1.1356848,1.0909728,1.130841,4441513875.469673,4994865861.0,True,2026-08-05,0
2026-08-06,510300.SH,5.940164799999999,5.994650099999999,5.9148228,5.966773899999999,693201796.2276065,4127254988.0,True,2026-08-06,0
2026-08-06,510500.SH,2.635775,2.6772672,2.6265923,2.6636632,1746409585.416054,4636333954.0,True,2026-08-06,0
2026-08-06,512100.SH,1.1178,1.1412738,1.1174274,1.1360574,6165413703.703704,6983390547.0,True,2026-08-06,0
2026-08-07,510300.SH,5.9629726,6.0364644,5.9629726,6.0199921,744641768.6054771,4474693309.0,True,2026-08-07,0
2026-08-07,510500.SH,2.6595820000000003,2.7184193000000003,2.6415567,2.7163787,1088117765.3631284,2926724041.0,True,2026-08-07,0
2026-08-07,512100.SH,1.1356848,1.1599038,1.1237616,1.1591586,5918529283.413849,6785066049.0,True,2026-08-07,0
2026-08-10,510300.SH,6.0250605,6.0466012,5.980712,6.0301289,442810482.99266046,2663755927.0,True,2026-08-10,0
2026-08-10,510500.SH,2.7214802,2.734404,2.6942722,2.7333837000000005,947449617.7594824,2574612658.0,True,2026-08-10,0
2026-08-10,512100.SH,1.1617668,1.1669832,1.1509614,1.1658654,3977089911.433172,4612481051.0,True,2026-08-10,0
2026-08-11,510300.SH,6.018725,6.0504025,5.9832462,5.990848799999999,422478034.0935996,2541400132.0,True,2026-08-11,0
2026-08-11,510500.SH,2.7184193000000003,2.7524293,2.7068559,2.7170589,644004977.9476625,1756496857.0,True,2026-08-11,0
2026-08-11,512100.SH,1.1636298,1.1755529999999998,1.153197,1.162512,2891175050.993022,3367951533.0,True,2026-08-11,0
2026-08-12,510300.SH,5.9895817,6.0301289,5.980712,6.0161908,711083373.8457897,4275919625.0,True,2026-08-12,0
2026-08-12,510500.SH,2.7146782000000003,2.7500486000000004,2.7116173,2.7388253,531821870.038224,1454440957.0,True,2026-08-12,0
2026-08-12,512100.SH,1.1595312,1.1781612,1.1595312,1.1759256,2754549189.4793344,3229910337.0,True,2026-08-12,0
2026-08-13,510300.SH,6.044066999999999,6.064340599999999,5.987047499999999,5.9921159,722581280.8775946,4364799044.0,True,2026-08-13,0
2026-08-13,510500.SH,2.749708500000001,2.7714749,2.7136579000000003,2.713998,1031719244.3399,2836638481.0,True,2026-08-13,0
2026-08-13,512100.SH,1.1807694,1.188594,1.164375,1.1654928,2494106019.86044,2942882056.0,True,2026-08-13,0
2026-08-14,510300.SH,6.0022527,6.008588199999999,5.956637099999999,5.9883146,541356628.5218215,3238306187.0,True,2026-08-14,0
2026-08-14,510500.SH,2.7208,2.7289624,2.690191,2.7201198,748834266.3922375,2032474227.0,True,2026-08-14,0
2026-08-14,512100.SH,1.169964,1.1748078,1.158786,1.171827,2475558709.07139,2893140712.0,True,2026-08-14,0
2026-08-17,510300.SH,5.993383,6.084614199999999,5.987047499999999,6.0833471,659502891.6423329,3985898570.0,True,2026-08-17,0
2026-08-17,510500.SH,2.7225005,2.7881398,2.7201198,2.7877997,820753099.0885034,2267047815.0,True,2026-08-17,0
2026-08-17,512100.SH,1.1744352,1.201635,1.1677284,1.201635,2362559989.264627,2802796757.0,True,2026-08-17,0
2026-08-18,510300.SH,6.074477399999999,6.0858813,6.0199921,6.065607699999999,519015393.4180412,3143413605.0,True,2026-08-18,0
2026-08-18,510500.SH,2.7867794000000004,2.7966423,2.7463075,2.7837185000000004,903428829.755954,2505933165.0,True,2026-08-18,0
2026-08-18,512100.SH,1.2023802,1.205361,1.183005,1.1971638,2862038582.930757,3420061084.0,True,2026-08-18,0
2026-08-19,510300.SH,6.0161908,6.017457899999999,5.8628717,5.8970834,1209630585.589141,7147497737.0,True,2026-08-19,0
2026-08-19,510500.SH,2.749708500000001,2.749708500000001,2.6463181,2.6541404,1420327762.4228168,3807705937.0,True,2026-08-19,0
2026-08-19,512100.SH,1.1777886,1.1889666,1.130841,1.1356848,4846569422.9737,5561657491.0,True,2026-08-19,0
2026-08-20,510300.SH,5.917356999999999,5.9414319,5.869207199999999,5.895816299999999,591008043.5640439,3491619584.0,True,2026-08-20,0
2026-08-20,510500.SH,2.6714855,2.6973331000000003,2.6589018,2.6742063000000003,853321290.7968245,2285923189.0,True,2026-08-20,0
2026-08-20,512100.SH,1.1461176,1.1554326,1.1394107999999998,1.1453723999999998,3433555091.250671,3940218318.0,True,2026-08-20,0
2026-08-21,510300.SH,5.889480799999999,5.946500299999999,5.880611099999999,5.930027999999999,574054636.5716993,3400014848.0,True,2026-08-21,0
2026-08-21,510500.SH,2.6657038,2.6861098,2.6418968,2.6752266,842601526.0217583,2249439867.0,True,2026-08-21,0
2026-08-21,512100.SH,1.1397834,1.1528244,1.1289779999999998,1.147608,2176385810.5206656,2490916987.0,True,2026-08-21,0
2026-08-24,510300.SH,5.9274938,5.9452332,5.819790299999999,5.8628717,728414331.9390736,4272980684.000001,True,2026-08-24,0
2026-08-24,510500.SH,2.6728459,2.6782875,2.594963,2.632374,1036325992.3551896,2732054483.0,True,2026-08-24,0
2026-08-24,512100.SH,1.145745,1.151334,1.1129562,1.132704,3021907004.830918,3412478961.0,True,2026-08-24,0
2026-08-25,510300.SH,5.8299271,5.8780769,5.812187699999999,5.848933599999999,588159419.1460817,3435989271.0,True,2026-08-25,0
2026-08-25,510500.SH,2.6061863,2.6449577,2.5827194,2.6276126,1112308315.2014112,2911233144.0,True,2026-08-25,0
2026-08-25,512100.SH,1.1200355999999998,1.1423915999999998,1.1107205999999998,1.1356848,3302839728.9318304,3722855592.0,True,2026-08-25,0
2026-08-26,510300.SH,5.8476665,5.930027999999999,5.842598099999999,5.894549199999999,667919541.4726541,3935828217.0,True,2026-08-26,0
2026-08-26,510500.SH,2.6296532000000004,2.6742063000000003,2.6214908,2.6490389,1282165939.4295795,3395489241.0,True,2026-08-26,0
2026-08-26,512100.SH,1.138293,1.1498436,1.127115,1.1397834,2900039355.877617,3301834136.0,True,2026-08-26,0
2026-08-27,510300.SH,5.903418899999999,5.947767399999999,5.890747899999999,5.943966099999999,506613317.0231237,3001316406.0,True,2026-08-27,0
2026-08-27,510500.SH,2.6524399,2.7136579000000003,2.6466582,2.7116173,1226173043.2225816,3303724225.0,True,2026-08-27,0
2026-08-27,512100.SH,1.1416464,1.169964,1.1371752,1.1688462,2608631137.9495435,3021324049.0,True,2026-08-27,0
2026-08-28,510300.SH,5.9350964,5.9629726,5.9236925,5.9287609,477226203.1410307,2835120646.0,True,2026-08-28,0
2026-08-28,510500.SH,2.707196,2.7221604,2.6912113,2.6946123,785714848.5739489,2125117295.0,True,2026-08-28,0
2026-08-28,512100.SH,1.1669832,1.1789064,1.1636298,1.1651201999999998,2072441027.91197,2424223433.0,True,2026-08-28,0
2026-08-31,510300.SH,5.879343999999999,5.9452332,5.8514678,5.936363499999999,531233915.23952335,3134489338.0,True,2026-08-31,0
2026-08-31,510500.SH,2.669785,2.7133178,2.6442775000000003,2.7095767,1404733628.3446045,3763892541.0,True,2026-08-31,0
2026-08-31,512100.SH,1.153197,1.1755529999999998,1.1487258,1.1733174,2409300842.7267847,2798399965.0,True,2026-08-31,0
2026-09-01,510300.SH,5.933829299999999,5.9617055,5.9122886,5.9350964,668296355.4573435,3962899774.0,True,2026-09-01,0
2026-09-01,510500.SH,2.7095767,2.7095767,2.676587,2.6803281,1137565048.515143,3058068054.0,True,2026-09-01,0
2026-09-01,512100.SH,1.17369,1.17369,1.1572956,1.1632572,2893437088.03006,3368155300.0,True,2026-09-01,0
2026-09-02,510300.SH,5.892015,5.8970834,5.8299271,5.854002,502296406.7555837,2941487681.0,True,2026-09-02,0
2026-09-02,510500.SH,2.6514196,2.6520998,2.6208106000000004,2.6361151,1106043002.0582182,2914280858.0,True,2026-09-02,0
2026-09-02,512100.SH,1.1509614,1.1535696,1.138293,1.1468627999999998,2865911044.01503,3281144599.0,True,2026-09-02,0
2026-09-03,510300.SH,5.8679401,5.892015,5.8349955,5.8552691,393167834.4250652,2305980422.0,True,2026-09-03,0
2026-09-03,510500.SH,2.6497191000000004,2.6612825,2.6194502,2.6463181,977407394.8838576,2584974347.0,True,2026-09-03,0
2026-09-03,512100.SH,1.151334,1.158786,1.1375478,1.1498436,1825324315.619968,2096350804.0,True,2026-09-03,0
2026-09-04,510300.SH,5.875542699999999,5.9198912,5.8273929,5.848933599999999,664087714.4661038,3905672999.0,True,2026-09-04,0
2026-09-04,510500.SH,2.6616226,2.6799880000000003,2.594963,2.6095873000000003,1546360840.9291384,4094807105.0,True,2026-09-04,0
2026-09-04,512100.SH,1.1576682,1.1677284,1.1289779999999998,1.1341944,3118080356.951154,3594388742.0,True,2026-09-04,0
2026-09-07,510300.SH,5.873008499999999,5.890747899999999,5.8438652,5.8717414,783741062.2681714,4602371534.0,True,2026-09-07,0
2026-09-07,510500.SH,2.6201304,2.6602622,2.61877,2.6429171,1954397750.66157,5158719179.0,True,2026-09-07,0
2026-09-07,512100.SH,1.140156,1.1610216,1.140156,1.1539422,2947904707.4610844,3395842229.0,True,2026-09-07,0
2026-09-08,510300.SH,5.876809799999999,5.9008847,5.841331,5.859070399999999,483396906.3215216,2838526769.0,True,2026-09-08,0
2026-09-08,510500.SH,2.6459780000000004,2.6731860000000003,2.6364552,2.6486988,848962628.6386356,2253593519.0,True,2026-09-08,0
2026-09-08,512100.SH,1.1576682,1.1688462,1.1517066,1.1572956,2152192063.8754697,2496579314.0,True,2026-09-08,0
