dt,symbol,open,high,low,close,vol,amount
2019-10-08,512100.SH,0.664,0.671,0.664,0.665,10766900.0,7188923.0
2019-10-09,512100.SH,0.665,0.672,0.66,0.671,14223100.0,9455618.0
2019-10-10,512100.SH,0.671,0.682,0.668,0.681,20058800.0,13537065.0
2019-10-11,512100.SH,0.684,0.685,0.676,0.682,15364600.0,10457156.0
2019-10-14,512100.SH,0.688,0.694,0.686,0.692,15837400.0,10936846.0
2019-10-15,512100.SH,0.69,0.69,0.681,0.683,21738600.0,14861358.0
2019-10-16,512100.SH,0.684,0.686,0.678,0.678,19380700.0,13230111.0
2019-10-17,512100.SH,0.679,0.681,0.676,0.678,14728900.0,10010711.0
2019-10-18,512100.SH,0.68,0.685,0.667,0.67,18744600.0,12643099.0
2019-10-21,512100.SH,0.672,0.675,0.66,0.666,22124700.0,14703485.0
2019-10-22,512100.SH,0.666,0.675,0.666,0.674,29876700.0,20014725.0
2019-10-23,512100.SH,0.675,0.675,0.667,0.669,15036800.0,10094044.0
2019-10-24,512100.SH,0.669,0.67,0.663,0.668,14012400.0,9342157.0
2019-10-25,512100.SH,0.668,0.675,0.663,0.673,24419100.0,16313133.0
2019-10-28,512100.SH,0.68,0.691,0.68,0.691,32714100.0,22432328.0
2019-10-29,512100.SH,0.695,0.695,0.682,0.683,34003400.0,23374784.0
2019-10-30,512100.SH,0.681,0.681,0.674,0.677,31653100.0,21438182.0
2019-10-31,512100.SH,0.677,0.677,0.668,0.669,17634500.0,11870309.0
2019-11-01,512100.SH,0.668,0.676,0.665,0.675,10178100.0,6806328.0
2019-11-04,512100.SH,0.675,0.683,0.675,0.679,23146000.0,15737815.0
2019-11-05,512100.SH,0.679,0.683,0.675,0.682,11371100.0,7737471.0
2019-11-06,512100.SH,0.682,0.682,0.672,0.675,16524700.0,11204582.0
2019-11-07,512100.SH,0.675,0.681,0.673,0.679,13754500.0,9335718.0
2019-11-08,512100.SH,0.684,0.685,0.677,0.679,42035400.0,28704590.0
2019-11-11,512100.SH,0.678,0.678,0.659,0.661,22680500.0,15106755.0
2019-11-12,512100.SH,0.664,0.664,0.653,0.662,19038900.0,12519621.0
2019-11-13,512100.SH,0.667,0.667,0.657,0.66,9187100.0,6058978.0
2019-11-14,512100.SH,0.66,0.666,0.659,0.663,14215400.0,9425865.0
2019-11-15,512100.SH,0.664,0.665,0.656,0.657,28028700.0,18493122.0
2019-11-18,512100.SH,0.655,0.662,0.653,0.661,24152300.0,15919487.0
2019-11-19,512100.SH,0.662,0.676,0.662,0.675,25630700.0,17136886.0
2019-11-20,512100.SH,0.675,0.676,0.669,0.669,24519400.0,16525579.000000002
2019-11-21,512100.SH,0.669,0.674,0.665,0.67,21479800.0,14384712.0
2019-11-22,512100.SH,0.668,0.677,0.658,0.662,21722400.0,14551184.0
2019-11-25,512100.SH,0.661,0.661,0.652,0.657,20956400.0,13747644.0
2019-11-26,512100.SH,0.656,0.661,0.655,0.657,13421400.0,8820670.0
2019-11-27,512100.SH,0.657,0.66,0.653,0.658,20607800.0,13524155.0
2019-11-28,512100.SH,0.658,0.66,0.655,0.656,17861600.0,11740811.0
2019-11-29,512100.SH,0.656,0.657,0.65,0.655,22122500.0,14448945.0
2019-12-02,512100.SH,0.656,0.66,0.655,0.657,13226900.0,8697916.0
2019-12-03,512100.SH,0.656,0.661,0.651,0.661,14746300.0,9624257.0
2019-12-04,512100.SH,0.66,0.663,0.656,0.662,18391500.0,12148980.0
2019-12-05,512100.SH,0.664,0.671,0.662,0.668,21466300.0,14299094.0
2019-12-06,512100.SH,0.669,0.674,0.668,0.674,14868600.0,9960962.0
2019-12-09,512100.SH,0.675,0.677,0.673,0.674,28753600.0,19399671.0
2019-12-10,512100.SH,0.674,0.68,0.671,0.678,20970500.0,14143712.0
2019-12-11,512100.SH,0.68,0.68,0.676,0.676,25428600.0,17226647.0
2019-12-12,512100.SH,0.677,0.681,0.676,0.676,30149500.0,20436033.0
2019-12-13,512100.SH,0.681,0.687,0.68,0.687,21426800.0,14636048.0
2019-12-16,512100.SH,0.689,0.7,0.687,0.699,29675600.0,20574663.0
2019-12-17,512100.SH,0.701,0.71,0.699,0.707,24102200.0,17005462.0
2019-12-18,512100.SH,0.706,0.713,0.704,0.707,22065700.0,15660519.0
2019-12-19,512100.SH,0.708,0.713,0.707,0.713,23498500.0,16666141.0
2019-12-20,512100.SH,0.711,0.713,0.703,0.703,20241500.0,14344263.0
2019-12-23,512100.SH,0.703,0.703,0.686,0.686,27095900.0,18794216.0
2019-12-24,512100.SH,0.687,0.7,0.687,0.7,34697300.0,24116074.0
2019-12-25,512100.SH,0.697,0.705,0.697,0.705,21848500.0,15359116.0
2019-12-26,512100.SH,0.705,0.711,0.703,0.711,24610300.0,17368197.0
2019-12-27,512100.SH,0.71,0.714,0.703,0.705,22518800.0,15987106.0
2019-12-30,512100.SH,0.705,0.71,0.693,0.71,24847700.0,17497989.0
2019-12-31,512100.SH,0.709,0.715,0.705,0.714,9925500.0,7070823.0
2020-01-02,512100.SH,0.721,0.729,0.716,0.728,31463200.0,22730467.0
2020-01-03,512100.SH,0.73,0.732,0.726,0.731,12126300.0,8850369.0
2020-01-06,512100.SH,0.728,0.744,0.725,0.738,19979200.0,14717455.0
2020-01-07,512100.SH,0.736,0.75,0.736,0.75,15032100.0,11189727.0
2020-01-08,512100.SH,0.745,0.752,0.737,0.741,16564200.0,12348370.0
2020-01-09,512100.SH,0.746,0.752,0.745,0.751,22762800.0,17030897.0
2020-01-10,512100.SH,0.752,0.754,0.746,0.75,19954800.0,14970348.0
2020-01-13,512100.SH,0.75,0.76,0.745,0.76,16350300.0,12293158.0
2020-01-14,512100.SH,0.762,0.763,0.757,0.758,17012400.0,12939916.0
2020-01-15,512100.SH,0.758,0.76,0.744,0.757,16642500.0,12561583.0
2020-01-16,512100.SH,0.759,0.761,0.756,0.758,20825200.0,15798676.0
2020-01-17,512100.SH,0.758,0.761,0.753,0.754,29162400.0,22082874.0
2020-01-20,512100.SH,0.754,0.765,0.753,0.765,17305500.0,13127979.0
2020-01-21,512100.SH,0.765,0.765,0.757,0.757,28296700.0,21525734.0
2020-01-22,512100.SH,0.754,0.764,0.743,0.762,23193800.0,17490708.0
2020-01-23,512100.SH,0.759,0.759,0.726,0.735,34990600.0,26152462.0
2020-02-03,512100.SH,0.668,0.685,0.662,0.662,17787500.0,11969791.0
2020-02-04,512100.SH,0.658,0.695,0.658,0.671,17813500.0,11888241.0
2020-02-05,512100.SH,0.67,0.7,0.67,0.694,28667100.0,19750745.0
2020-02-06,512100.SH,0.695,0.716,0.687,0.713,20693600.0,14552585.0
2020-02-07,512100.SH,0.708,0.722,0.708,0.72,22011000.0,15735465.0
2020-02-10,512100.SH,0.714,0.732,0.714,0.73,19613600.0,14225602.0
2020-02-11,512100.SH,0.73,0.731,0.722,0.728,18719100.0,13620337.0
2020-02-12,512100.SH,0.727,0.745,0.724,0.745,15398400.0,11347255.0
2020-02-13,512100.SH,0.741,0.748,0.738,0.741,19890700.0,14767704.0
2020-02-14,512100.SH,0.74,0.751,0.735,0.744,22943100.0,17076582.0
2020-02-17,512100.SH,0.745,0.773,0.745,0.772,29328300.0,22291889.0
2020-02-18,512100.SH,0.774,0.792,0.772,0.792,30070800.0,23474383.0
2020-02-19,512100.SH,0.792,0.795,0.782,0.786,35957500.0,28375818.0
2020-02-20,512100.SH,0.785,0.799,0.777,0.798,23626500.0,18629657.0
2020-02-21,512100.SH,0.797,0.818,0.796,0.816,30861800.0,24973875.0
2020-02-24,512100.SH,0.813,0.837,0.812,0.832,53501500.0,44285279.0
2020-02-25,512100.SH,0.818,0.838,0.794,0.836,41236600.0,33884235.0
2020-02-26,512100.SH,0.816,0.832,0.806,0.809,26492500.0,21751232.0
2020-02-27,512100.SH,0.812,0.82,0.798,0.809,29941600.0,24114310.0
2020-02-28,512100.SH,0.789,0.791,0.758,0.759,45558800.0,35131755.0
2020-03-02,512100.SH,0.764,0.801,0.761,0.8,38019900.0,29893995.0
2020-03-03,512100.SH,0.815,0.824,0.798,0.806,31023600.0,25193389.0
2020-03-04,512100.SH,0.797,0.812,0.792,0.81,35316500.0,28308249.0
2020-03-05,512100.SH,0.821,0.825,0.814,0.824,27261200.0,22333978.0
2020-03-06,512100.SH,0.815,0.825,0.812,0.819,18755200.0,15330487.0
2020-03-09,512100.SH,0.804,0.808,0.785,0.786,18693700.0,14912855.0
2020-03-10,512100.SH,0.78,0.807,0.764,0.807,19139100.0,15034580.0
2020-03-11,512100.SH,0.809,0.815,0.795,0.796,16955500.0,13690552.0
2020-03-12,512100.SH,0.788,0.8,0.77,0.778,17914055.0,13986682.0
2020-03-13,512100.SH,0.758,0.781,0.739,0.773,21048100.0,16011006.0
2020-03-16,512100.SH,0.776,0.779,0.733,0.735,24422600.0,18403825.0
2020-03-17,512100.SH,0.742,0.746,0.71,0.734,46800300.0,34093812.0
2020-03-18,512100.SH,0.736,0.752,0.722,0.723,39148100.0,29049763.0
2020-03-19,512100.SH,0.717,0.734,0.709,0.73,23967100.0,17309175.0
2020-03-20,512100.SH,0.736,0.74,0.725,0.74,19143300.0,14047684.0
2020-03-23,512100.SH,0.72,0.726,0.702,0.707,18882300.0,13510760.0
2020-03-24,512100.SH,0.718,0.727,0.697,0.718,18994400.0,13534288.0
2020-03-25,512100.SH,0.731,0.736,0.722,0.735,20531100.0,15015473.0
2020-03-26,512100.SH,0.725,0.737,0.725,0.729,10432800.0,7643518.0
2020-03-27,512100.SH,0.736,0.737,0.722,0.725,12333800.0,9009788.0
2020-03-30,512100.SH,0.72,0.721,0.698,0.705,18633600.0,13147388.0
2020-03-31,512100.SH,0.713,0.713,0.704,0.705,18750700.0,13281674.0
2020-04-01,512100.SH,0.705,0.714,0.702,0.703,18631500.0,13225662.0
2020-04-02,512100.SH,0.699,0.721,0.699,0.721,11896400.0,8443475.0
2020-04-03,512100.SH,0.721,0.723,0.712,0.716,8289100.0,5953740.0
2020-04-07,512100.SH,0.728,0.742,0.727,0.742,18446400.0,13569716.0
2020-04-08,512100.SH,0.74,0.747,0.736,0.743,9062100.0,6727157.0
2020-04-09,512100.SH,0.745,0.755,0.745,0.752,17229300.0,12935485.0
2020-04-10,512100.SH,0.754,0.754,0.732,0.74,27661000.0,20429601.0
2020-04-13,512100.SH,0.733,0.733,0.723,0.727,17036200.0,12387153.0
2020-04-14,512100.SH,0.728,0.741,0.728,0.741,22172100.0,16310632.0
2020-04-15,512100.SH,0.741,0.745,0.735,0.735,17438900.0,12933921.0
2020-04-16,512100.SH,0.735,0.745,0.731,0.743,13034600.0,9618514.0
2020-04-17,512100.SH,0.746,0.75,0.742,0.744,12552000.0,9388649.0
2020-04-20,512100.SH,0.745,0.758,0.745,0.758,21273700.0,15974079.0
2020-04-21,512100.SH,0.751,0.755,0.745,0.752,13530400.0,10141202.0
2020-04-22,512100.SH,0.749,0.76,0.744,0.759,13842600.0,10409063.0
2020-04-23,512100.SH,0.76,0.762,0.754,0.755,11943900.0,9055686.0
2020-04-24,512100.SH,0.755,0.755,0.737,0.743,15128100.0,11283872.0
2020-04-27,512100.SH,0.742,0.743,0.734,0.737,11317800.0,8390510.0
2020-04-28,512100.SH,0.737,0.738,0.705,0.727,18847700.0,13614091.0
2020-04-29,512100.SH,0.726,0.732,0.721,0.727,9609200.0,6993307.0
2020-04-30,512100.SH,0.728,0.746,0.728,0.745,15470700.0,11460338.0
2020-05-06,512100.SH,0.737,0.76,0.737,0.759,15088200.0,11295586.0
2020-05-07,512100.SH,0.753,0.764,0.753,0.758,10061700.0,7655421.0
2020-05-08,512100.SH,0.76,0.771,0.76,0.768,11155400.0,8562227.0
2020-05-11,512100.SH,0.769,0.774,0.762,0.766,8716000.0,6703428.0
2020-05-12,512100.SH,0.766,0.768,0.757,0.768,14500200.0,11062000.0
2020-05-13,512100.SH,0.766,0.775,0.763,0.774,8906000.0,6854543.0
2020-05-14,512100.SH,0.774,0.775,0.767,0.768,5757900.0,4440978.0
2020-05-15,512100.SH,0.769,0.776,0.767,0.772,8021300.0,6191401.0
2020-05-18,512100.SH,0.772,0.775,0.765,0.767,9069800.0,7006249.0
2020-05-19,512100.SH,0.77,0.779,0.77,0.779,13251100.0,10262446.0
2020-05-20,512100.SH,0.779,0.779,0.768,0.773,19336100.0,14932527.0
2020-05-21,512100.SH,0.773,0.773,0.758,0.76,15347600.0,11705420.0
2020-05-22,512100.SH,0.76,0.76,0.743,0.746,9291700.0,6996889.0
2020-05-25,512100.SH,0.745,0.748,0.741,0.746,10382600.0,7723501.0
2020-05-26,512100.SH,0.747,0.763,0.746,0.763,13650600.0,10351374.0
2020-05-27,512100.SH,0.763,0.764,0.755,0.758,13035200.0,9904015.0
2020-05-28,512100.SH,0.757,0.76,0.746,0.756,8453000.0,6376553.0
2020-05-29,512100.SH,0.752,0.768,0.75,0.765,9500800.0,7266244.0
2020-06-01,512100.SH,0.766,0.79,0.761,0.79,14019600.0,10964797.0
2020-06-02,512100.SH,0.791,0.794,0.786,0.789,10391300.0,8206350.0
2020-06-03,512100.SH,0.795,0.795,0.788,0.788,13634500.0,10782595.0
2020-06-04,512100.SH,0.789,0.794,0.787,0.793,16533900.0,13073078.0
2020-06-05,512100.SH,0.793,0.794,0.784,0.792,9766400.0,7720799.0
2020-06-08,512100.SH,0.795,0.798,0.79,0.792,12694400.0,10075987.0
2020-06-09,512100.SH,0.792,0.797,0.789,0.797,22748400.0,18026897.0
2020-06-10,512100.SH,0.795,0.796,0.79,0.796,10151800.0,8048188.0
2020-06-11,512100.SH,0.796,0.805,0.79,0.794,24220900.0,19274344.0
2020-06-12,512100.SH,0.784,0.797,0.778,0.795,12315300.0,9733326.0
2020-06-15,512100.SH,0.795,0.805,0.793,0.795,21736800.0,17370196.0
2020-06-16,512100.SH,0.797,0.811,0.797,0.811,16647300.0,13414448.0
2020-06-17,512100.SH,0.81,0.815,0.807,0.814,19084500.0,15485445.0
2020-06-18,512100.SH,0.814,0.814,0.809,0.812,19999100.0,16221702.0
2020-06-19,512100.SH,0.812,0.82,0.811,0.819,24564800.0,20017054.0
2020-06-22,512100.SH,0.821,0.825,0.82,0.823,10623600.0,8737645.0
2020-06-23,512100.SH,0.825,0.825,0.819,0.825,23314600.0,19175793.0
2020-06-24,512100.SH,0.825,0.827,0.819,0.822,12287600.0,10100562.0
2020-06-29,512100.SH,0.823,0.823,0.816,0.821,8168100.0,6693793.0
2020-06-30,512100.SH,0.821,0.835,0.821,0.833,9691200.0,8054669.0
2020-07-01,512100.SH,0.835,0.84,0.828,0.838,13460400.0,11250209.0
2020-07-02,512100.SH,0.838,0.848,0.835,0.848,15520900.0,13111282.0
2020-07-03,512100.SH,0.849,0.859,0.845,0.859,24244800.0,20626376.0
2020-07-06,512100.SH,0.868,0.9,0.863,0.895,27572200.0,24273077.0
2020-07-07,512100.SH,0.905,0.92,0.896,0.906,22038200.0,20017019.0
2020-07-08,512100.SH,0.898,0.926,0.898,0.924,18382299.0,16818766.0
2020-07-09,512100.SH,0.928,0.957,0.925,0.956,38805200.0,36641716.0
2020-07-10,512100.SH,0.949,0.964,0.946,0.953,26722700.0,25537758.0
2020-07-13,512100.SH,0.945,1.0,0.945,0.999,29101600.0,28301009.0
2020-07-14,512100.SH,0.995,0.996,0.961,0.984,32909300.0,32354075.0
2020-07-15,512100.SH,0.973,0.996,0.944,0.951,25471000.0,24490956.0
2020-07-16,512100.SH,0.947,0.959,0.9,0.904,22194600.0,20715981.0
2020-07-17,512100.SH,0.904,0.925,0.895,0.909,23846400.0,21655041.0
2020-07-20,512100.SH,0.915,0.939,0.908,0.939,22423100.0,20711005.0
2020-07-21,512100.SH,0.941,0.95,0.937,0.946,15501600.0,14634958.0
2020-07-22,512100.SH,0.946,0.964,0.942,0.956,16050500.0,15326691.0
2020-07-23,512100.SH,0.946,0.957,0.929,0.955,15847200.0,14981566.0
2020-07-24,512100.SH,0.95,0.959,0.907,0.91,17523700.0,16391893.0
2020-07-27,512100.SH,0.906,0.918,0.901,0.911,13421700.0,12225039.0
2020-07-28,512100.SH,0.915,0.925,0.913,0.921,14719600.0,13536463.0
2020-07-29,512100.SH,0.92,0.951,0.916,0.95,15180200.0,14226451.0
2020-07-30,512100.SH,0.952,0.955,0.943,0.947,13007900.0,12343549.0
2020-07-31,512100.SH,0.947,0.964,0.939,0.963,15802600.0,15080178.0
2020-08-03,512100.SH,0.968,0.996,0.968,0.995,17458645.0,17174426.0
2020-08-04,512100.SH,1.0,1.006,0.983,0.99,33157800.0,32933030.0
2020-08-05,512100.SH,0.988,1.0,0.979,0.998,16959800.0,16853900.0
2020-08-06,512100.SH,1.006,1.006,0.982,1.004,25223500.0,25106958.0
2020-08-07,512100.SH,1.0,1.0,0.97,0.988,31289600.0,30705192.0
2020-08-10,512100.SH,0.983,0.999,0.98,0.993,17020000.0,16873339.0
2020-08-11,512100.SH,0.993,0.995,0.968,0.97,18375900.0,18077642.0
2020-08-12,512100.SH,0.97,0.97,0.931,0.954,15299400.0,14483040.0
2020-08-13,512100.SH,0.954,0.964,0.954,0.958,10383000.0,9961382.0
2020-08-14,512100.SH,0.959,0.972,0.951,0.972,10416700.0,10048276.0
2020-08-17,512100.SH,0.972,0.995,0.971,0.993,19247300.0,18977800.0
2020-08-18,512100.SH,0.996,1.003,0.992,1.003,14902300.0,14885870.0
2020-08-19,512100.SH,1.002,1.002,0.98,0.984,12990400.0,12871995.0
2020-08-20,512100.SH,0.983,0.983,0.965,0.969,11022100.0,10717979.0
2020-08-21,512100.SH,0.972,0.983,0.97,0.978,38268900.0,37441792.0
2020-08-24,512100.SH,0.98,0.993,0.97,0.989,42545800.0,41845022.0
2020-08-25,512100.SH,0.993,0.998,0.986,0.99,13578300.0,13482371.0
2020-08-26,512100.SH,0.989,0.989,0.961,0.964,14232200.0,13847575.0
2020-08-27,512100.SH,0.968,0.978,0.96,0.977,15270700.0,14835752.0
2020-08-28,512100.SH,0.974,0.991,0.971,0.991,18331900.0,17995284.0
2020-08-31,512100.SH,0.996,1.003,0.991,0.991,19438100.0,19382042.0
2020-09-01,512100.SH,0.993,0.997,0.986,0.997,13322700.0,13215295.0
2020-09-02,512100.SH,0.998,1.004,0.99,1.001,16869100.0,16838448.0
2020-09-03,512100.SH,1.001,1.002,0.986,0.99,10972200.0,10924698.0
2020-09-04,512100.SH,0.982,0.99,0.973,0.99,13530200.0,13277150.0
2020-09-07,512100.SH,0.988,0.997,0.968,0.971,13200900.0,13009273.0
2020-09-08,512100.SH,0.97,0.98,0.963,0.98,13769400.0,13382205.0
2020-09-09,512100.SH,0.975,0.975,0.946,0.948,16883500.0,16206486.0
2020-09-10,512100.SH,0.953,0.955,0.912,0.917,14622000.0,13649124.0
2020-09-11,512100.SH,0.912,0.932,0.911,0.931,13764200.0,12683211.0
2020-09-14,512100.SH,0.934,0.949,0.931,0.943,9659100.0,9110671.0
2020-09-15,512100.SH,0.944,0.951,0.941,0.95,12943800.0,12234524.0
2020-09-16,512100.SH,0.95,0.95,0.936,0.942,12255700.0,11544258.0
2020-09-17,512100.SH,0.942,0.954,0.934,0.947,27726000.0,26186792.0
2020-09-18,512100.SH,0.948,0.963,0.946,0.963,14474900.0,13791507.0
2020-09-21,512100.SH,0.963,0.968,0.96,0.963,13447600.0,12957236.0
2020-09-22,512100.SH,0.957,0.962,0.942,0.944,30598100.0,29126834.0
2020-09-23,512100.SH,0.946,0.956,0.94,0.954,27223900.0,25857623.0
2020-09-24,512100.SH,0.949,0.949,0.927,0.929,63029800.0,58968120.0
2020-09-25,512100.SH,0.93,0.947,0.918,0.924,52253700.0,48393736.0
2020-09-28,512100.SH,0.922,0.925,0.911,0.913,20273700.0,18625003.0
2020-09-29,512100.SH,0.912,0.926,0.912,0.922,27118200.0,25002978.0
2020-09-30,512100.SH,0.922,0.926,0.912,0.917,90736800.0,83505442.0
2020-10-09,512100.SH,0.926,0.947,0.926,0.944,101547800.0,95674013.0
2020-10-12,512100.SH,0.945,0.978,0.945,0.977,60864600.0,58909857.0
2020-10-13,512100.SH,0.978,0.982,0.969,0.981,46478900.0,45268560.0
2020-10-14,512100.SH,0.981,0.981,0.969,0.971,19787300.0,19241623.0
2020-10-15,512100.SH,0.971,0.973,0.963,0.963,9131400.0,8840776.0
2020-10-16,512100.SH,0.964,0.972,0.951,0.961,13864300.0,13282815.0
2020-10-19,512100.SH,0.964,0.967,0.951,0.954,20070500.0,19269301.0
2020-10-20,512100.SH,0.954,0.965,0.945,0.965,23426300.0,22417902.0
2020-10-21,512100.SH,0.965,0.966,0.945,0.951,25574900.0,24369196.0
2020-10-22,512100.SH,0.952,0.952,0.935,0.945,21705900.0,20477698.0
2020-10-23,512100.SH,0.945,0.95,0.923,0.928,24151500.0,22701384.0
2020-10-26,512100.SH,0.928,0.93,0.911,0.927,25221100.0,23237356.0
2020-10-27,512100.SH,0.922,0.934,0.922,0.934,26101300.0,24238448.0
2020-10-28,512100.SH,0.934,0.935,0.917,0.933,28732000.0,26633078.0
2020-10-29,512100.SH,0.916,0.936,0.915,0.934,24416600.0,22719776.0
2020-10-30,512100.SH,0.935,0.936,0.909,0.91,25336200.0,23435334.0
2020-11-02,512100.SH,0.92,0.92,0.903,0.91,25935800.0,23545680.0
2020-11-03,512100.SH,0.911,0.931,0.911,0.93,34714100.0,32060567.0
2020-11-04,512100.SH,0.933,0.934,0.919,0.925,31657600.0,29281569.0
2020-11-05,512100.SH,0.93,0.945,0.93,0.943,29750200.0,27863088.0
2020-11-06,512100.SH,0.941,0.946,0.928,0.935,34733100.0,32509861.0
2020-11-09,512100.SH,0.939,0.962,0.939,0.958,38135500.0,36340699.0
2020-11-10,512100.SH,0.962,0.962,0.943,0.948,31770300.0,30215551.0
2020-11-11,512100.SH,0.949,0.949,0.932,0.932,31311300.0,29432327.0
2020-11-12,512100.SH,0.931,0.94,0.931,0.935,29488900.0,27591484.0
2020-11-13,512100.SH,0.934,0.94,0.928,0.937,31169300.0,29110545.0
2020-11-16,512100.SH,0.938,0.949,0.935,0.949,28086800.0,26513442.0
2020-11-17,512100.SH,0.946,0.947,0.931,0.937,35070500.0,32852697.0
2020-11-18,512100.SH,0.938,0.944,0.934,0.939,28963700.0,27177825.0
2020-11-19,512100.SH,0.934,0.945,0.931,0.944,27857500.0,26189249.0
2020-11-20,512100.SH,0.944,0.953,0.94,0.951,35007900.0,33193925.000000004
2020-11-23,512100.SH,0.951,0.961,0.946,0.959,39108900.0,37353217.0
2020-11-24,512100.SH,0.959,0.959,0.954,0.955,27633400.0,26421675.0
2020-11-25,512100.SH,0.956,0.958,0.94,0.94,27359200.0,25935659.0
2020-11-26,512100.SH,0.94,0.942,0.928,0.933,35224400.0,32896531.000000004
2020-11-27,512100.SH,0.934,0.936,0.925,0.936,26196800.0,24367756.0
2020-11-30,512100.SH,0.935,0.939,0.926,0.931,31535500.0,29465486.0
2020-12-01,512100.SH,0.931,0.945,0.926,0.945,30313600.0,28429779.0
2020-12-02,512100.SH,0.945,0.948,0.941,0.946,28307700.0,26733937.0
2020-12-03,512100.SH,0.943,0.948,0.938,0.944,22781100.0,21491921.0
2020-12-04,512100.SH,0.943,0.953,0.94,0.952,32428100.0,30718933.0
2020-12-07,512100.SH,0.954,0.954,0.947,0.949,23103700.0,21976923.0
2020-12-08,512100.SH,0.95,0.951,0.946,0.947,29647700.0,28110694.0
2020-12-09,512100.SH,0.947,0.947,0.929,0.931,20795900.0,19572690.0
2020-12-10,512100.SH,0.931,0.936,0.924,0.931,25401300.0,23569662.0
2020-12-11,512100.SH,0.93,0.933,0.909,0.918,29393200.0,27046907.0
2020-12-14,512100.SH,0.916,0.928,0.91,0.926,33794900.0,31139752.0
2020-12-15,512100.SH,0.925,0.93,0.923,0.929,21324900.0,19754220.0
2020-12-16,512100.SH,0.926,0.929,0.92,0.92,18007800.0,16632561.000000002
2020-12-17,512100.SH,0.92,0.932,0.912,0.93,27010200.0,24883328.0
2020-12-18,512100.SH,0.929,0.934,0.925,0.928,28885000.0,26859051.0
2020-12-21,512100.SH,0.928,0.945,0.926,0.944,35552400.0,33400828.0
2020-12-22,512100.SH,0.944,0.944,0.925,0.926,55524400.0,52089533.0
2020-12-23,512100.SH,0.94,0.94,0.924,0.932,72641000.0,67569146.0
2020-12-24,512100.SH,0.932,0.932,0.917,0.921,48058400.0,44357943.0
2020-12-25,512100.SH,0.922,0.929,0.913,0.925,131644000.0,121261208.0
2020-12-28,512100.SH,0.923,0.926,0.915,0.922,28841600.0,26543055.0
2020-12-29,512100.SH,0.921,0.927,0.915,0.917,29457000.0,27099182.0
2020-12-30,512100.SH,0.916,0.922,0.911,0.919,30098400.0,27665512.0
2020-12-31,512100.SH,0.924,0.939,0.921,0.938,91833900.0,85482633.0
2021-01-04,512100.SH,0.94,0.959,0.938,0.956,112152000.0,106470265.0
2021-01-05,512100.SH,0.954,0.961,0.947,0.958,68144800.0,65130285.0
2021-01-06,512100.SH,0.953,0.96,0.941,0.948,52201100.0,49483597.0
2021-01-07,512100.SH,0.948,0.948,0.924,0.933,61505000.0,57483255.0
2021-01-08,512100.SH,0.932,0.94,0.921,0.928,48041000.0,44772629.0
2021-01-11,512100.SH,0.922,0.929,0.908,0.912,52583200.0,48343135.0
2021-01-12,512100.SH,0.912,0.931,0.906,0.93,52862875.0,48674430.0
2021-01-13,512100.SH,0.93,0.931,0.914,0.919,41738025.0,38404494.0
2021-01-14,512100.SH,0.919,0.928,0.908,0.918,98221100.0,90443539.0
2021-01-15,512100.SH,0.918,0.925,0.908,0.923,66218600.0,60746587.0
2021-01-18,512100.SH,0.92,0.945,0.919,0.943,63856200.0,59621178.0
2021-01-19,512100.SH,0.947,0.948,0.931,0.934,61420500.0,57628859.0
2021-01-20,512100.SH,0.938,0.941,0.93,0.939,55605000.0,52022104.0
2021-01-21,512100.SH,0.936,0.955,0.936,0.95,57680500.0,54667433.0
2021-01-22,512100.SH,0.951,0.951,0.94,0.948,56417600.0,53328928.0
2021-01-25,512100.SH,0.95,0.95,0.937,0.938,45488600.0,42911819.0
2021-01-26,512100.SH,0.935,0.939,0.923,0.925,41450800.0,38498445.0
2021-01-27,512100.SH,0.925,0.926,0.912,0.924,45719500.0,42046071.0
2021-01-28,512100.SH,0.916,0.927,0.906,0.906,73051100.0,66906566.00000001
2021-01-29,512100.SH,0.912,0.914,0.881,0.893,64475400.0,57831708.0
2021-02-01,512100.SH,0.893,0.9,0.889,0.899,32510700.0,29081660.0
2021-02-02,512100.SH,0.901,0.907,0.892,0.907,49600400.0,44665501.0
2021-02-03,512100.SH,0.907,0.908,0.892,0.893,38925700.0,35020739.0
2021-02-04,512100.SH,0.888,0.89,0.861,0.874,68098100.0,59468763.0
2021-02-05,512100.SH,0.873,0.879,0.857,0.858,59388455.00000001,51631003.0
2021-02-08,512100.SH,0.86,0.868,0.8,0.862,61163744.99999999,52471378.0
2021-02-09,512100.SH,0.862,0.89,0.861,0.889,84550400.0,74347853.0
2021-02-10,512100.SH,0.89,0.895,0.883,0.894,73997300.0,65766132.0
2021-02-18,512100.SH,0.908,0.915,0.901,0.913,92454600.0,84093353.0
2021-02-19,512100.SH,0.912,0.93,0.904,0.929,91303400.0,83692314.0
2021-02-22,512100.SH,0.936,0.947,0.925,0.93,216618000.0,203273556.0
2021-02-23,512100.SH,0.916,0.929,0.912,0.92,129466445.0,118958562.0
2021-02-24,512100.SH,0.915,0.928,0.904,0.914,145579200.0,133550681.0
2021-02-25,512100.SH,0.922,0.923,0.905,0.91,88858000.0,80881443.0
2021-02-26,512100.SH,0.899,0.905,0.891,0.896,88954200.0,79887135.0
2021-03-01,512100.SH,0.897,0.921,0.897,0.92,117446400.0,107524105.0
2021-03-02,512100.SH,0.925,0.926,0.91,0.92,136784800.0,125636886.0
2021-03-03,512100.SH,0.919,0.931,0.914,0.931,100741200.0,92853113.0
2021-03-04,512100.SH,0.921,0.928,0.91,0.916,188474700.0,172949532.0
2021-03-05,512100.SH,0.906,0.92,0.902,0.917,109825244.0,100003346.0
2021-03-08,512100.SH,0.924,0.925,0.893,0.894,106500700.0,97082023.0
2021-03-09,512100.SH,0.89,0.895,0.854,0.869,116847900.0,102076362.0
2021-03-10,512100.SH,0.873,0.878,0.859,0.859,83166500.0,71949499.0
2021-03-11,512100.SH,0.86,0.884,0.857,0.883,96979900.0,84650446.0
2021-03-12,512100.SH,0.885,0.886,0.872,0.885,82832900.0,72722460.0
2021-03-15,512100.SH,0.88,0.885,0.868,0.876,107775600.0,94554336.0
2021-03-16,512100.SH,0.877,0.886,0.87,0.886,105827144.0,93005645.0
2021-03-17,512100.SH,0.884,0.891,0.875,0.889,95267500.0,84292860.0
2021-03-18,512100.SH,0.884,0.896,0.884,0.89,105445000.0,93977498.0
2021-03-19,512100.SH,0.882,0.894,0.879,0.888,118641600.0,105314272.0
2021-03-22,512100.SH,0.885,0.904,0.885,0.903,118009700.0,105845486.0
2021-03-23,512100.SH,0.903,0.906,0.888,0.895,123421100.0,110622481.0
2021-03-24,512100.SH,0.887,0.891,0.875,0.876,102848000.0,90729533.0
2021-03-25,512100.SH,0.875,0.885,0.869,0.878,145956162.0,128038040.0
2021-03-26,512100.SH,0.879,0.896,0.879,0.893,131944438.0,117245381.0
2021-03-29,512100.SH,0.888,0.903,0.888,0.895,95699200.0,85929880.0
2021-03-30,512100.SH,0.894,0.896,0.888,0.894,85531800.0,76338321.0
2021-03-31,512100.SH,0.891,0.895,0.887,0.894,93747500.0,83581165.0
2021-04-01,512100.SH,0.893,0.902,0.892,0.899,93197500.0,83573464.0
2021-04-02,512100.SH,0.903,0.904,0.898,0.9,89682200.0,80844034.0
2021-04-06,512100.SH,0.902,0.912,0.901,0.911,138376800.0,125604734.0
2021-04-07,512100.SH,0.912,0.912,0.903,0.911,130133100.0,118074085.0
2021-04-08,512100.SH,0.911,0.912,0.905,0.909,126817700.0,115266445.0
2021-04-09,512100.SH,0.906,0.91,0.904,0.91,169768100.0,154107757.0
2021-04-12,512100.SH,0.909,0.91,0.887,0.888,134909900.0,120991110.0
2021-04-13,512100.SH,0.888,0.892,0.881,0.885,129398000.0,114635716.0
2021-04-14,512100.SH,0.885,0.898,0.883,0.897,128498800.0,114414568.0
2021-04-15,512100.SH,0.896,0.896,0.887,0.895,98351300.0,87634968.0
2021-04-16,512100.SH,0.896,0.908,0.894,0.907,117552100.0,106052891.0
2021-04-19,512100.SH,0.906,0.922,0.903,0.918,148141100.0,135635543.0
2021-04-20,512100.SH,0.918,0.924,0.87,0.916,139395600.0,128204965.0
2021-04-21,512100.SH,0.909,0.919,0.908,0.917,124813800.0,114161213.0
2021-04-22,512100.SH,0.917,0.922,0.917,0.921,108700900.0,100008173.0
2021-04-23,512100.SH,0.922,0.922,0.913,0.918,120140700.0,110171937.0
2021-04-26,512100.SH,0.918,0.928,0.912,0.912,117076600.0,107847118.0
2021-04-27,512100.SH,0.911,0.916,0.901,0.91,123116600.0,111717351.0
2021-04-28,512100.SH,0.906,0.916,0.905,0.915,127273200.0,116063845.0
2021-04-29,512100.SH,0.916,0.918,0.911,0.911,122070800.0,111610010.0
2021-04-30,512100.SH,0.912,0.912,0.903,0.909,118043600.0,107194926.0
2021-05-06,512100.SH,0.904,0.914,0.904,0.912,132693500.0,120730618.0
2021-05-07,512100.SH,0.912,0.913,0.901,0.902,133490200.0,121162758.0
2021-05-10,512100.SH,0.902,0.904,0.897,0.902,140554300.0,126621734.0
2021-05-11,512100.SH,0.896,0.905,0.888,0.902,154575700.0,138704896.0
2021-05-12,512100.SH,0.899,0.92,0.898,0.918,131129300.0,118934026.0
2021-05-13,512100.SH,0.91,0.917,0.907,0.909,119540100.0,109029951.0
2021-05-14,512100.SH,0.912,0.927,0.909,0.926,134261300.0,123063662.0
2021-05-17,512100.SH,0.924,0.928,0.917,0.92,126538000.0,116584825.0
2021-05-18,512100.SH,0.918,0.926,0.916,0.926,126179400.0,116162552.0
2021-05-19,512100.SH,0.923,0.927,0.921,0.924,113425300.0,104862568.0
2021-05-20,512100.SH,0.924,0.929,0.92,0.925,104738700.0,96792479.0
2021-05-21,512100.SH,0.925,0.93,0.923,0.928,115444700.0,106970259.0
2021-05-24,512100.SH,0.925,0.935,0.924,0.935,110453300.0,102594748.0
2021-05-25,512100.SH,0.935,0.948,0.934,0.945,95478100.0,89879972.0
2021-05-26,512100.SH,0.945,0.954,0.944,0.95,115837200.0,110090842.0
2021-05-27,512100.SH,0.949,0.961,0.948,0.961,139601300.0,133642425.0
2021-05-28,512100.SH,0.962,0.966,0.953,0.956,148285500.0,142483428.0
2021-05-31,512100.SH,0.958,0.977,0.956,0.977,136639800.0,132301176.0
2021-06-01,512100.SH,0.977,0.981,0.971,0.98,128019500.0,125078279.0
2021-06-02,512100.SH,0.979,0.981,0.965,0.967,159081569.0,154871259.0
2021-06-03,512100.SH,0.966,0.977,0.964,0.967,128523700.0,124831958.0
2021-06-04,512100.SH,0.963,0.976,0.958,0.973,119307300.0,115822089.0
2021-06-07,512100.SH,0.975,0.987,0.974,0.987,137211900.0,134784586.0
2021-06-08,512100.SH,0.987,0.99,0.971,0.98,142753300.0,140065238.0
2021-06-09,512100.SH,0.975,0.981,0.974,0.979,131059500.0,128113719.0
2021-06-10,512100.SH,0.98,0.996,0.977,0.994,199169500.0,196530361.0
2021-06-11,512100.SH,0.994,0.998,0.983,0.987,170061700.0,168163703.0
2021-06-15,512100.SH,0.981,0.986,0.977,0.98,180386400.0,177295171.0
2021-06-16,512100.SH,0.978,0.979,0.959,0.962,153949300.0,148901724.0
2021-06-17,512100.SH,0.959,0.978,0.959,0.977,133854100.0,129687247.0
2021-06-18,512100.SH,0.973,0.991,0.973,0.987,157160800.0,154527756.0
2021-06-21,512100.SH,0.987,1.008,0.985,1.007,233183300.0,233126977.0
2021-06-22,512100.SH,1.01,1.013,1.0,1.006,170237300.0,171004162.0
2021-06-23,512100.SH,1.008,1.019,1.003,1.018,135963500.0,137303981.0
2021-06-24,512100.SH,1.017,1.017,1.002,1.004,176952300.0,178229663.0
2021-06-25,512100.SH,1.005,1.013,1.0,1.009,142360200.0,143217694.0
2021-06-28,512100.SH,1.011,1.023,1.007,1.017,166042000.0,169139827.0
2021-06-29,512100.SH,1.016,1.021,1.007,1.009,138663200.0,140595647.0
2021-06-30,512100.SH,1.008,1.022,0.993,1.022,150255699.0,152789007.0
2021-07-01,512100.SH,1.022,1.029,1.003,1.005,119198800.0,120977044.0
2021-07-02,512100.SH,1.0,1.004,0.982,0.995,193665600.0,193582382.0
2021-07-05,512100.SH,0.991,1.014,0.991,1.014,155932700.0,156634474.0
2021-07-06,512100.SH,1.013,1.018,0.994,1.009,215074000.0,216862121.0
2021-07-07,512100.SH,1.002,1.025,0.998,1.025,160380900.0,162409217.0
2021-07-08,512100.SH,1.025,1.032,1.023,1.028,167313000.0,171937080.0
2021-07-09,512100.SH,1.027,1.037,1.013,1.032,172346900.0,176445422.0
2021-07-12,512100.SH,1.035,1.056,1.035,1.052,167965300.0,176049524.0
2021-07-13,512100.SH,1.055,1.061,1.05,1.06,188005600.0,198394961.0
2021-07-14,512100.SH,1.062,1.063,1.044,1.046,228808600.0,240609634.0
2021-07-15,512100.SH,1.041,1.046,1.026,1.043,212838400.0,220883267.0
2021-07-16,512100.SH,1.043,1.058,1.038,1.044,203310400.0,213297440.0
2021-07-19,512100.SH,1.039,1.048,1.036,1.043,183915900.0,191770189.0
2021-07-20,512100.SH,1.032,1.052,1.032,1.051,163451300.0,170444569.0
2021-07-21,512100.SH,1.052,1.074,1.051,1.07,185362700.0,197421224.0
2021-07-22,512100.SH,1.072,1.079,1.063,1.075,142672900.0,152808239.0
2021-07-23,512100.SH,1.076,1.081,1.064,1.069,161835800.0,173609649.0
2021-07-26,512100.SH,1.067,1.072,1.032,1.055,214455200.0,226553706.0
2021-07-27,512100.SH,1.056,1.067,1.023,1.025,246053150.0,258387755.0
2021-07-28,512100.SH,1.024,1.024,0.978,1.005,213827400.0,214828848.0
2021-07-29,512100.SH,1.013,1.049,1.011,1.044,208220900.0,215098020.0
2021-07-30,512100.SH,1.044,1.058,1.035,1.055,203422800.0,212799916.0
2021-08-02,512100.SH,1.052,1.079,1.05,1.078,177413100.0,188251659.0
2021-08-03,512100.SH,1.071,1.076,1.054,1.057,189429400.0,202130235.0
2021-08-04,512100.SH,1.054,1.086,1.05,1.084,167501000.0,179188486.0
2021-08-05,512100.SH,1.08,1.086,1.071,1.08,171449262.0,185032027.0
2021-08-06,512100.SH,1.081,1.086,1.074,1.086,167128800.0,180534191.0
2021-08-09,512100.SH,1.084,1.089,1.07,1.087,197688800.0,213440540.0
2021-08-10,512100.SH,1.086,1.097,1.082,1.096,193122700.0,210827547.0
2021-08-11,512100.SH,1.096,1.106,1.086,1.105,173087300.0,190049272.0
2021-08-12,512100.SH,1.105,1.116,1.102,1.113,194808400.0,216197083.0
2021-08-13,512100.SH,1.112,1.122,1.104,1.112,222543900.0,247900820.0
2021-08-16,512100.SH,1.11,1.11,1.095,1.098,209819500.0,231274803.0
2021-08-17,512100.SH,1.094,1.1,1.065,1.067,220034816.0,238683480.0
2021-08-18,512100.SH,1.068,1.081,1.065,1.078,249362284.0,267466910.0
2021-08-19,512100.SH,1.073,1.09,1.064,1.087,211215800.0,227837443.0
2021-08-20,512100.SH,1.083,1.092,1.068,1.091,228224267.0,246428616.0
2021-08-23,512100.SH,1.092,1.116,1.09,1.113,279976810.0,309708555.0
2021-08-24,512100.SH,1.12,1.129,1.106,1.124,228413759.0,255344147.0
2021-08-25,512100.SH,1.122,1.127,1.113,1.127,219959900.0,246355187.0
2021-08-26,512100.SH,1.124,1.129,1.111,1.113,212277000.0,237729941.0
2021-08-27,512100.SH,1.109,1.119,1.101,1.116,261876800.0,291002199.0
2021-08-30,512100.SH,1.115,1.135,1.115,1.121,274933900.0,309751439.0
2021-08-31,512100.SH,1.119,1.124,1.11,1.124,259163800.0,289814436.0
2021-09-01,512100.SH,1.125,1.126,1.087,1.103,233288800.0,258121606.0
2021-09-02,512100.SH,1.101,1.12,1.094,1.12,200945400.0,223591694.0
2021-09-03,512100.SH,1.123,1.13,1.096,1.108,257459400.0,286301649.0
2021-09-06,512100.SH,1.108,1.126,1.095,1.124,207151000.0,230253964.0
2021-09-07,512100.SH,1.123,1.148,1.12,1.145,239744500.0,272659603.0
2021-09-08,512100.SH,1.144,1.153,1.142,1.152,200820400.0,230209749.0
2021-09-09,512100.SH,1.148,1.151,1.137,1.146,164757900.0,188393222.0
2021-09-10,512100.SH,1.146,1.156,1.137,1.154,255626827.0,293207624.0
2021-09-13,512100.SH,1.15,1.157,1.145,1.155,146898000.0,169155521.0
2021-09-14,512100.SH,1.155,1.17,1.147,1.15,187254800.0,216876097.0
2021-09-15,512100.SH,1.145,1.161,1.141,1.16,165956087.0,191500214.0
2021-09-16,512100.SH,1.165,1.168,1.123,1.124,297108000.0,339032026.0
2021-09-17,512100.SH,1.121,1.132,1.098,1.126,300067158.0,335461491.0
2021-09-22,512100.SH,1.114,1.132,1.111,1.131,166636911.0,187030952.0
2021-09-23,512100.SH,1.135,1.142,1.13,1.134,171846000.0,195296373.0
2021-09-24,512100.SH,1.134,1.134,1.114,1.118,209797786.0,235990344.0
2021-09-27,512100.SH,1.115,1.122,1.073,1.082,230207000.0,252007584.0
2021-09-28,512100.SH,1.081,1.089,1.076,1.084,160132600.0,173663355.0
2021-09-29,512100.SH,1.075,1.078,1.046,1.049,164413500.0,174105359.0
2021-09-30,512100.SH,1.051,1.076,1.05,1.074,165936200.0,176985410.0
2021-10-08,512100.SH,1.083,1.092,1.073,1.08,131994800.0,142549113.0
2021-10-11,512100.SH,1.075,1.08,1.066,1.073,147640000.0,158543048.0
2021-10-12,512100.SH,1.068,1.07,1.034,1.046,156593300.0,164292808.0
2021-10-13,512100.SH,1.041,1.06,1.038,1.058,131922356.0,138248699.0
2021-10-14,512100.SH,1.05,1.071,1.05,1.067,144108600.0,153146463.0
2021-10-15,512100.SH,1.064,1.071,1.058,1.068,103673200.0,110547133.0
2021-10-18,512100.SH,1.062,1.079,1.062,1.078,130704200.0,139818957.0
2021-10-19,512100.SH,1.077,1.091,1.073,1.09,132473200.0,143881389.0
2021-10-20,512100.SH,1.086,1.097,1.081,1.094,159664812.0,174032582.0
2021-10-21,512100.SH,1.091,1.096,1.084,1.086,132672300.0,144715320.0
2021-10-22,512100.SH,1.086,1.093,1.077,1.079,200217300.0,217320862.0
2021-10-25,512100.SH,1.081,1.095,1.076,1.095,130327300.0,141599495.0
2021-10-26,512100.SH,1.096,1.102,1.087,1.093,122191200.0,133876772.0
2021-10-27,512100.SH,1.088,1.089,1.075,1.081,137241500.0,148100709.0
2021-10-28,512100.SH,1.078,1.078,1.055,1.057,132352700.0,140939050.0
2021-10-29,512100.SH,1.056,1.075,1.051,1.075,113079100.0,120351336.0
2021-11-01,512100.SH,1.07,1.087,1.067,1.083,106971000.0,115325246.0
2021-11-02,512100.SH,1.081,1.089,1.06,1.072,124832900.0,134491511.0
2021-11-03,512100.SH,1.068,1.074,1.061,1.073,109243800.0,116618014.0
2021-11-04,512100.SH,1.074,1.088,1.074,1.087,99834300.0,107984850.0
2021-11-05,512100.SH,1.087,1.088,1.071,1.072,117392804.0,126847775.0
2021-11-08,512100.SH,1.072,1.079,1.067,1.079,139179700.0,149598194.0
2021-11-09,512100.SH,1.077,1.096,1.077,1.094,136147200.0,148049807.0
2021-11-10,512100.SH,1.094,1.096,1.079,1.095,149412300.0,162472718.0
2021-11-11,512100.SH,1.095,1.108,1.091,1.106,140294800.0,154338035.0
2021-11-12,512100.SH,1.106,1.121,1.103,1.12,169535900.0,189057901.0
2021-11-15,512100.SH,1.127,1.128,1.111,1.116,214361117.0,239322157.0
2021-11-16,512100.SH,1.115,1.119,1.1,1.104,176519500.0,196276919.0
2021-11-17,512100.SH,1.102,1.125,1.101,1.125,213854900.0,239000658.0
2021-11-18,512100.SH,1.124,1.13,1.115,1.121,243671600.0,273492861.0
2021-11-19,512100.SH,1.115,1.136,1.115,1.135,211656900.0,238733553.0
2021-11-22,512100.SH,1.135,1.16,1.135,1.159,257271800.0,295724117.0
2021-11-23,512100.SH,1.158,1.159,1.151,1.156,173040600.0,199861766.0
2021-11-24,512100.SH,1.155,1.159,1.149,1.155,192284800.0,221807562.0
2021-11-25,512100.SH,1.153,1.156,1.148,1.151,158870600.0,183054300.0
2021-11-26,512100.SH,1.149,1.158,1.146,1.154,152675100.0,176034166.0
2021-11-29,512100.SH,1.145,1.165,1.14,1.164,171074200.0,197955719.0
2021-11-30,512100.SH,1.168,1.176,1.161,1.171,314695500.0,368257397.0
2021-12-01,512100.SH,1.169,1.172,1.161,1.172,277940700.0,324726215.0
2021-12-02,512100.SH,1.168,1.169,1.155,1.157,216735900.0,251653700.0
2021-12-03,512100.SH,1.156,1.168,1.153,1.164,190447000.0,221109209.0
2021-12-06,512100.SH,1.164,1.165,1.146,1.147,276130800.0,319757847.0
2021-12-07,512100.SH,1.151,1.161,1.121,1.129,289197800.0,327139960.0
2021-12-08,512100.SH,1.131,1.151,1.131,1.148,214961700.0,245857709.0
2021-12-09,512100.SH,1.148,1.155,1.145,1.155,187728400.0,216136733.0
2021-12-10,512100.SH,1.151,1.175,1.148,1.168,149208400.0,172393811.0
2021-12-13,512100.SH,1.158,1.163,1.152,1.159,158148300.0,183158753.0
2021-12-14,512100.SH,1.154,1.163,1.153,1.162,175168400.0,202935544.0
2021-12-15,512100.SH,1.159,1.165,1.153,1.158,151535900.0,175862300.0
2021-12-16,512100.SH,1.16,1.164,1.155,1.162,128243300.0,148764947.0
2021-12-17,512100.SH,1.161,1.162,1.146,1.147,163187700.0,188212321.0
2021-12-20,512100.SH,1.145,1.151,1.124,1.128,151204300.0,171622484.0
2021-12-21,512100.SH,1.128,1.142,1.126,1.142,125246100.0,141973749.0
2021-12-22,512100.SH,1.145,1.153,1.14,1.151,188265000.0,216342245.0
2021-12-23,512100.SH,1.151,1.156,1.145,1.151,128925500.0,148475967.0
2021-12-24,512100.SH,1.151,1.153,1.13,1.132,162418300.0,184882789.0
2021-12-27,512100.SH,1.128,1.139,1.126,1.132,97429500.0,110319050.0
2021-12-28,512100.SH,1.134,1.144,1.13,1.143,121740600.0,138303392.0
2021-12-29,512100.SH,1.144,1.146,1.139,1.143,118305800.0,135159796.0
2021-12-30,512100.SH,1.141,1.156,1.14,1.152,118753600.0,136704339.0
2021-12-31,512100.SH,1.152,1.168,1.152,1.166,133492300.0,155141807.0
2022-01-04,512100.SH,1.167,1.174,1.155,1.161,176572000.0,205276426.0
2022-01-05,512100.SH,1.161,1.161,1.126,1.131,221521890.0,252059246.0
2022-01-06,512100.SH,1.124,1.145,1.121,1.138,249138200.0,283037413.0
2022-01-07,512100.SH,1.14,1.142,1.114,1.118,251008756.0,282931158.0
2022-01-10,512100.SH,1.111,1.127,1.108,1.123,195583400.0,219270726.0
2022-01-11,512100.SH,1.121,1.128,1.109,1.112,171700700.0,191787821.0
2022-01-12,512100.SH,1.113,1.133,1.113,1.132,158196000.0,177592266.0
2022-01-13,512100.SH,1.129,1.131,1.111,1.111,179900200.0,201500571.0
2022-01-14,512100.SH,1.106,1.12,1.101,1.115,156366600.0,174201652.0
2022-01-17,512100.SH,1.113,1.137,1.113,1.136,170533600.0,192543441.0
2022-01-18,512100.SH,1.135,1.138,1.125,1.13,185688300.0,210166468.0
2022-01-19,512100.SH,1.125,1.128,1.108,1.114,172369000.0,192587907.0
2022-01-20,512100.SH,1.113,1.113,1.089,1.09,189378000.0,208218697.0
2022-01-21,512100.SH,1.086,1.09,1.072,1.073,177404800.0,191534631.0
2022-01-24,512100.SH,1.065,1.085,1.065,1.079,196125500.0,211083717.0
2022-01-25,512100.SH,1.071,1.08,1.036,1.037,207525000.0,219535012.0
2022-01-26,512100.SH,1.038,1.05,1.029,1.044,244276400.0,254104575.0
2022-01-27,512100.SH,1.039,1.046,1.011,1.012,187843800.0,193361042.0
2022-01-28,512100.SH,1.018,1.028,0.996,1.016,181605898.0,183910498.0
2022-02-07,512100.SH,1.024,1.03,1.02,1.026,190611791.0,195613527.0
2022-02-08,512100.SH,1.023,1.034,1.008,1.034,203031200.0,207125021.0
2022-02-09,512100.SH,1.034,1.049,1.025,1.048,165622868.0,171862278.0
2022-02-10,512100.SH,1.05,1.05,1.036,1.045,199984200.0,208572745.0
2022-02-11,512100.SH,1.041,1.041,1.02,1.023,204316900.0,210837442.0
2022-02-14,512100.SH,1.014,1.031,1.01,1.016,170375300.0,173880987.0
2022-02-15,512100.SH,1.016,1.038,1.015,1.037,195114100.0,200495485.0
2022-02-16,512100.SH,1.041,1.048,1.037,1.045,149374599.0,155764978.0
2022-02-17,512100.SH,1.044,1.057,1.036,1.049,182123810.0,190956291.0
2022-02-18,512100.SH,1.044,1.056,1.038,1.053,146527584.0,153820038.0
2022-02-21,512100.SH,1.052,1.068,1.052,1.066,127435696.0,135117360.0
2022-02-22,512100.SH,1.059,1.064,1.049,1.06,253706800.0,267910836.0
2022-02-23,512100.SH,1.062,1.085,1.06,1.085,178153600.0,191675554.0
2022-02-24,512100.SH,1.073,1.086,1.042,1.059,271742400.0,290004673.0
2022-02-25,512100.SH,1.069,1.082,1.064,1.069,187810400.0,201465525.0
2022-02-28,512100.SH,1.07,1.08,1.058,1.078,182794900.0,195948442.0
2022-03-01,512100.SH,1.081,1.085,1.071,1.08,171323200.0,184565278.0
2022-03-02,512100.SH,1.072,1.08,1.067,1.078,139743500.0,149976035.0
2022-03-03,512100.SH,1.082,1.085,1.064,1.067,171074007.0,183211958.0
2022-03-04,512100.SH,1.054,1.07,1.05,1.054,148372100.0,157419263.0
2022-03-07,512100.SH,1.047,1.05,1.023,1.027,168639000.0,175007346.0
2022-03-08,512100.SH,1.027,1.032,0.993,0.996,231520900.0,234197429.0
2022-03-09,512100.SH,0.996,1.005,0.948,0.985,282951700.0,278572049.0
2022-03-10,512100.SH,1.003,1.019,1.001,1.009,226860000.0,228666486.0
2022-03-11,512100.SH,0.992,1.017,0.985,1.016,229403500.0,229691772.0
2022-03-14,512100.SH,1.0,1.014,0.986,0.988,254311100.0,254871190.0
2022-03-15,512100.SH,0.979,0.987,0.939,0.941,225838500.0,218723655.0
2022-03-16,512100.SH,0.952,0.977,0.92,0.972,319926100.0,304421944.0
2022-03-17,512100.SH,0.977,1.006,0.977,0.99,334620600.0,332656887.0
2022-03-18,512100.SH,0.982,1.001,0.982,1.0,168644900.0,167313096.0
2022-03-21,512100.SH,1.008,1.014,0.999,1.011,197691600.0,199043630.0
2022-03-22,512100.SH,1.006,1.016,1.001,1.006,155703500.0,156931803.0
2022-03-23,512100.SH,1.01,1.015,1.003,1.013,143145800.0,144681825.0
2022-03-24,512100.SH,1.005,1.011,0.995,1.0,159612200.0,159960103.0
2022-03-25,512100.SH,1.001,1.008,0.989,0.992,140199200.0,140386594.0
2022-03-28,512100.SH,0.982,0.993,0.973,0.982,161720900.0,158875433.0
2022-03-29,512100.SH,0.987,0.988,0.974,0.976,123275500.0,120928233.0
2022-03-30,512100.SH,0.982,1.001,0.979,0.999,321927000.0,319963967.0
2022-03-31,512100.SH,0.997,0.998,0.983,0.985,162497200.0,160879818.0
2022-04-01,512100.SH,0.974,0.988,0.971,0.986,143345000.0,140799141.0
2022-04-06,512100.SH,0.981,0.984,0.974,0.982,152841600.0,149629994.0
2022-04-07,512100.SH,0.976,0.984,0.962,0.963,139535900.0,135814361.0
2022-04-08,512100.SH,0.963,0.966,0.942,0.956,158530500.0,150952739.0
2022-04-11,512100.SH,0.949,0.949,0.915,0.922,187338800.0,174672127.0
2022-04-12,512100.SH,0.923,0.934,0.909,0.933,185204200.0,170805077.0
2022-04-13,512100.SH,0.924,0.928,0.913,0.916,237045300.0,218431750.0
2022-04-14,512100.SH,0.922,0.929,0.915,0.922,216584643.00000003,199203574.0
2022-04-15,512100.SH,0.915,0.921,0.904,0.912,244503043.00000003,223040514.0
2022-04-18,512100.SH,0.905,0.921,0.896,0.92,165278943.0,150512019.0
2022-04-19,512100.SH,0.915,0.926,0.915,0.923,159277844.0,146797569.0
2022-04-20,512100.SH,0.92,0.925,0.902,0.904,139614600.0,127920164.0
2022-04-21,512100.SH,0.9,0.906,0.867,0.868,177634200.0,157758398.0
2022-04-22,512100.SH,0.863,0.868,0.851,0.858,233381000.0,200364789.0
2022-04-25,512100.SH,0.84,0.846,0.788,0.793,286378100.0,233430032.0
2022-04-26,512100.SH,0.788,0.798,0.764,0.768,429468300.0,336345484.0
2022-04-27,512100.SH,0.762,0.808,0.751,0.807,317713433.0,246550690.0
2022-04-28,512100.SH,0.796,0.81,0.789,0.797,248847175.0,199090545.0
2022-04-29,512100.SH,0.805,0.839,0.798,0.835,270054156.0,221514322.0
2022-05-05,512100.SH,0.831,0.857,0.823,0.85,210221505.0,177547499.0
2022-05-06,512100.SH,0.832,0.846,0.828,0.839,187618500.0,157099382.0
2022-05-09,512100.SH,0.832,0.852,0.83,0.85,181066600.0,153277591.0
2022-05-10,512100.SH,0.837,0.867,0.835,0.864,229851100.0,196775636.0
2022-05-11,512100.SH,0.867,0.894,0.864,0.873,197092700.0,173833252.0
2022-05-12,512100.SH,0.865,0.885,0.865,0.878,171771342.0,150641907.0
2022-05-13,512100.SH,0.882,0.891,0.872,0.885,213779400.0,187804341.0
2022-05-16,512100.SH,0.888,0.896,0.88,0.887,154720300.0,136979306.0
2022-05-17,512100.SH,0.884,0.892,0.874,0.891,166148800.0,146698107.0
2022-05-18,512100.SH,0.891,0.9,0.885,0.891,215157700.0,192271406.0
2022-05-19,512100.SH,0.878,0.903,0.875,0.902,153747000.0,136520160.0
2022-05-20,512100.SH,0.9,0.913,0.897,0.91,206763800.0,187225708.0
2022-05-23,512100.SH,0.912,0.926,0.911,0.925,161078100.0,147906636.0
2022-05-24,512100.SH,0.92,0.924,0.884,0.887,218608800.0,199144513.0
2022-05-25,512100.SH,0.886,0.902,0.883,0.902,229486700.0,204781265.0
2022-05-26,512100.SH,0.9,0.915,0.887,0.91,249985048.0,225315969.0
2022-05-27,512100.SH,0.913,0.915,0.897,0.908,240128600.0,218155906.0
2022-05-30,512100.SH,0.905,0.917,0.898,0.916,170957400.0,155258905.0
2022-05-31,512100.SH,0.915,0.929,0.906,0.925,254778467.0,234209777.0
2022-06-01,512100.SH,0.92,0.933,0.918,0.929,157709000.0,146472445.0
2022-06-02,512100.SH,0.928,0.943,0.923,0.939,217687411.0,203180535.0
2022-06-06,512100.SH,0.936,0.966,0.936,0.963,197848100.0,189190602.0
2022-06-07,512100.SH,0.962,0.967,0.954,0.961,189636328.0,181899421.0
2022-06-08,512100.SH,0.959,0.972,0.944,0.964,216399528.0,207617021.0
2022-06-09,512100.SH,0.957,0.962,0.941,0.947,201135600.0,191788714.0
2022-06-10,512100.SH,0.941,0.969,0.939,0.968,151666728.0,145443984.0
2022-06-13,512100.SH,0.963,0.977,0.953,0.975,180324100.0,175102935.0
2022-06-14,512100.SH,0.968,0.976,0.941,0.975,248182000.0,237791965.0
2022-06-15,512100.SH,0.972,0.988,0.97,0.971,244263934.0,239116274.0
2022-06-16,512100.SH,0.97,0.988,0.97,0.98,192303485.0,188417788.0
2022-06-17,512100.SH,0.971,0.992,0.967,0.991,235309954.0,230871429.0
2022-06-20,512100.SH,0.991,1.005,0.989,1.0,207963806.0,207349752.0
2022-06-21,512100.SH,0.999,1.001,0.981,0.989,260977997.00000003,258883926.0
2022-06-22,512100.SH,0.988,0.995,0.976,0.977,230270197.00000003,227205628.0
2022-06-23,512100.SH,0.975,1.001,0.971,1.0,218001000.0,215176397.0
2022-06-24,512100.SH,1.0,1.018,1.0,1.011,280509000.0,283644880.0
2022-06-27,512100.SH,1.013,1.026,1.013,1.022,277154448.0,282775170.0
2022-06-28,512100.SH,1.023,1.037,1.018,1.035,407630000.0,419213882.0
2022-06-29,512100.SH,1.032,1.034,1.008,1.013,289512148.0,295918623.0
2022-06-30,512100.SH,1.01,1.028,1.01,1.021,234180600.0,239079949.0
2022-07-01,512100.SH,1.019,1.03,1.016,1.024,232389100.0,237741297.0
2022-07-04,512100.SH,1.024,1.035,1.014,1.033,233011576.0,239232748.0
2022-07-05,512100.SH,1.032,1.039,1.016,1.03,289678600.0,297294046.0
2022-07-06,512100.SH,1.028,1.03,1.008,1.017,342815000.0,349552068.0
2022-07-07,512100.SH,1.017,1.032,1.01,1.029,319969400.0,327392224.0
2022-07-08,512100.SH,1.03,1.035,1.022,1.024,366907300.0,377504790.0
2022-07-11,512100.SH,1.018,1.018,0.998,1.009,411560600.0,414566188.0
2022-07-12,512100.SH,1.008,1.011,0.99,0.991,365735900.0,365570682.0
2022-07-13,512100.SH,0.991,1.002,0.985,0.999,390180700.0,388082520.0
2022-07-14,512100.SH,0.997,1.017,0.995,1.013,330690300.0,333705326.0
2022-07-15,512100.SH,1.01,1.02,1.001,1.002,376722900.0,381683884.0
2022-07-18,512100.SH,1.001,1.019,1.001,1.017,588886600.0,595243540.0
2022-07-19,512100.SH,1.02,1.031,1.015,1.026,665445072.0,681408149.0
2022-07-20,512100.SH,1.03,1.041,1.027,1.041,896534600.0,929724150.0
2022-07-21,512100.SH,1.041,1.045,1.034,1.035,1101913572.0,1146752408.0
2022-07-22,512100.SH,1.036,1.042,1.018,1.028,2112099500.0,2177814904.0
2022-07-25,512100.SH,1.026,1.033,1.012,1.014,1378870200.0,1408841558.0
2022-07-26,512100.SH,1.015,1.031,1.01,1.03,1731670800.0,1769540925.0
2022-07-27,512100.SH,1.028,1.04,1.024,1.039,1755235700.0,1815134093.0
2022-07-28,512100.SH,1.041,1.053,1.04,1.047,2306744200.0,2414998980.0
2022-07-29,512100.SH,1.047,1.051,1.04,1.043,2657803961.0,2776871874.0
2022-08-01,512100.SH,1.035,1.051,1.03,1.049,2057282800.0,2140873415.0
2022-08-02,512100.SH,1.039,1.039,1.003,1.02,2398603467.0,2449979897.0
2022-08-03,512100.SH,1.017,1.035,1.008,1.012,1864187400.0,1914230218.0
2022-08-04,512100.SH,1.013,1.019,1.0,1.017,2222752100.0,2245173383.0
2022-08-05,512100.SH,1.014,1.04,1.014,1.04,1626924100.0,1671818465.0
2022-08-08,512100.SH,1.036,1.051,1.034,1.048,1313181700.0,1369460126.0
2022-08-09,512100.SH,1.047,1.055,1.04,1.053,1074153600.0,1126017275.0
2022-08-10,512100.SH,1.046,1.056,1.046,1.053,1249437820.0,1314816874.0
2022-08-11,512100.SH,1.059,1.068,1.054,1.067,1756925017.0000002,1866189590.0
2022-08-12,512100.SH,1.064,1.07,1.056,1.057,1258496800.0,1338721087.0
2022-08-15,512100.SH,1.053,1.068,1.051,1.064,1354282800.0,1438985486.0
2022-08-16,512100.SH,1.064,1.077,1.062,1.07,1382876081.0,1479456116.0
2022-08-17,512100.SH,1.072,1.074,1.063,1.071,1424545793.0,1523582244.0
2022-08-18,512100.SH,1.067,1.077,1.067,1.076,1316119600.0,1411036031.0
2022-08-19,512100.SH,1.076,1.079,1.057,1.058,1271450979.0,1356319201.0
2022-08-22,512100.SH,1.054,1.067,1.047,1.064,1503748000.0,1592416673.0
2022-08-23,512100.SH,1.061,1.069,1.06,1.069,1534624100.0,1633312779.0
2022-08-24,512100.SH,1.065,1.069,1.027,1.03,1957800000.0,2038235110.0
2022-08-25,512100.SH,1.029,1.032,1.014,1.027,1422668600.0,1453942720.0
2022-08-26,512100.SH,1.025,1.038,1.017,1.021,1261257600.0,1297340074.0
2022-08-29,512100.SH,1.009,1.028,1.003,1.025,1381520700.0,1411143187.0
2022-08-30,512100.SH,1.025,1.027,1.015,1.02,1705091600.0,1740716972.0
2022-08-31,512100.SH,1.015,1.02,0.985,0.988,2225654000.0,2218563992.0
2022-09-01,512100.SH,0.983,0.996,0.978,0.982,1938057899.0,1913593076.0
2022-09-05,512100.SH,2.698,2.733,2.689,2.713,633825069.0,1717475114.0
2022-09-06,512100.SH,2.725,2.767,2.71,2.766,674322969.0,1845902273.0
2022-09-07,512100.SH,2.759,2.795,2.754,2.783,555031007.0,1542329678.0
2022-09-08,512100.SH,2.786,2.792,2.758,2.761,524612733.0,1453693555.0
2022-09-09,512100.SH,2.76,2.771,2.742,2.769,722136376.0,1993022896.0
2022-09-13,512100.SH,2.773,2.785,2.751,2.76,580203414.0,1602544932.0
2022-09-14,512100.SH,2.73,2.74,2.714,2.729,576729775.0,1573772409.0
2022-09-15,512100.SH,2.731,2.744,2.613,2.644,884034084.0,2357531522.0
2022-09-16,512100.SH,2.626,2.65,2.586,2.59,763758004.0,2002734618.0
2022-09-19,512100.SH,2.577,2.6,2.541,2.561,677549607.0,1737417459.0
2022-09-20,512100.SH,2.569,2.616,2.561,2.59,519368816.0,1346705350.0
2022-09-21,512100.SH,2.586,2.603,2.551,2.59,679773996.0,1752778125.0
2022-09-22,512100.SH,2.568,2.624,2.563,2.595,561180024.0,1460124717.0
2022-09-23,512100.SH,2.597,2.604,2.521,2.547,755488271.0,1933104442.0
2022-09-26,512100.SH,2.527,2.565,2.51,2.512,739191023.0,1876452816.0
2022-09-27,512100.SH,2.516,2.563,2.514,2.56,921845703.0,2336076095.0
2022-09-28,512100.SH,2.55,2.56,2.483,2.485,605384776.0,1523978398.0
2022-09-29,512100.SH,2.505,2.524,2.475,2.494,714745736.0,1791369155.0
2022-09-30,512100.SH,2.494,2.499,2.445,2.446,643349605.0,1588977267.0
2022-10-10,512100.SH,2.44,2.459,2.382,2.395,575005462.0,1396159269.0
2022-10-11,512100.SH,2.393,2.413,2.376,2.401,565388112.0,1354456568.0
2022-10-12,512100.SH,2.398,2.473,2.362,2.472,869946594.9999999,2079679015.0
2022-10-13,512100.SH,2.456,2.523,2.451,2.499,851156794.0,2127523683.0
2022-10-14,512100.SH,2.512,2.573,2.51,2.566,573386126.0,1459856505.0
2022-10-17,512100.SH,2.549,2.592,2.542,2.581,607451069.0,1561829342.0
2022-10-18,512100.SH,2.59,2.618,2.572,2.598,641022880.0,1662723150.0
2022-10-19,512100.SH,2.589,2.615,2.579,2.583,545975187.0,1417291629.0
2022-10-20,512100.SH,2.563,2.614,2.53,2.575,1041066427.0,2666656612.0
2022-10-21,512100.SH,2.57,2.589,2.55,2.57,601207813.0,1545096516.0
2022-10-24,512100.SH,2.57,2.628,2.527,2.56,839858763.0000001,2169000257.0
2022-10-25,512100.SH,2.535,2.564,2.496,2.539,687043818.0,1740297297.0
2022-10-26,512100.SH,2.539,2.624,2.539,2.6,1227081460.0,3179036838.0
2022-10-27,512100.SH,2.61,2.619,2.579,2.585,805151253.0,2094327211.0
2022-10-28,512100.SH,2.566,2.58,2.48,2.49,810032723.0,2051721147.0
2022-10-31,512100.SH,2.471,2.542,2.471,2.516,720630389.0,1808795917.0
2022-11-01,512100.SH,2.519,2.585,2.507,2.584,898203605.0000001,2287150032.0
2022-11-02,512100.SH,2.58,2.621,2.572,2.609,643597186.0,1672852848.0
2022-11-03,512100.SH,2.594,2.632,2.592,2.622,489712102.0,1280525358.0
2022-11-04,512100.SH,2.622,2.694,2.619,2.691,749760349.0,1998600147.0
2022-11-07,512100.SH,2.687,2.703,2.659,2.68,645691933.0,1732475225.0
2022-11-08,512100.SH,2.673,2.68,2.657,2.679,622768123.0,1660098307.0
2022-11-09,512100.SH,2.677,2.694,2.659,2.667,569279125.0,1521126877.0
2022-11-10,512100.SH,2.654,2.663,2.633,2.642,770109547.0,2037062228.0
2022-11-11,512100.SH,2.708,2.717,2.65,2.652,1013156902.0,2716746029.0
2022-11-14,512100.SH,2.652,2.677,2.622,2.634,921674974.0,2440465109.0
2022-11-15,512100.SH,2.624,2.697,2.624,2.696,646610979.0,1727769158.0
2022-11-16,512100.SH,2.696,2.706,2.672,2.676,623646812.0,1675098840.0
2022-11-17,512100.SH,2.67,2.685,2.648,2.682,657899329.0,1749532516.0
2022-11-18,512100.SH,2.683,2.698,2.654,2.66,778965695.0,2088970032.0
2022-11-21,512100.SH,2.642,2.674,2.632,2.671,496754209.0,1319603141.0
2022-11-22,512100.SH,2.663,2.672,2.617,2.633,1039718963.0,2750271166.0
2022-11-23,512100.SH,2.625,2.637,2.578,2.627,570618000.0,1487260539.0
2022-11-24,512100.SH,2.628,2.642,2.614,2.63,534454280.0,1404428676.0
2022-11-25,512100.SH,2.623,2.625,2.599,2.604,376447658.0,983042464.0
2022-11-28,512100.SH,2.564,2.6,2.555,2.594,539533037.0,1395653098.0
2022-11-29,512100.SH,2.599,2.646,2.597,2.634,719349126.0,1889618274.0
2022-11-30,512100.SH,2.634,2.643,2.62,2.631,577616931.0,1521102129.0
2022-12-01,512100.SH,2.664,2.68,2.651,2.658,533170781.0,1421647044.0
2022-12-02,512100.SH,2.645,2.689,2.645,2.666,509691949.0,1362192538.0
2022-12-05,512100.SH,2.68,2.688,2.664,2.679,530353874.0,1418833450.0
2022-12-06,512100.SH,2.671,2.693,2.659,2.676,628237008.0,1680162772.0
2022-12-07,512100.SH,2.674,2.691,2.66,2.674,536437927.0,1436092494.0
2022-12-08,512100.SH,2.674,2.676,2.653,2.662,634540634.0,1690488400.0
2022-12-09,512100.SH,2.659,2.675,2.645,2.669,596585808.0,1589009103.0
2022-12-12,512100.SH,2.67,2.674,2.644,2.659,464913283.0,1236504234.0
2022-12-13,512100.SH,2.655,2.662,2.633,2.639,378381746.0,999837958.0
2022-12-14,512100.SH,2.629,2.651,2.617,2.624,487192872.0,1282499745.0
2022-12-15,512100.SH,2.618,2.64,2.616,2.633,455036296.0,1196575429.0
2022-12-16,512100.SH,2.622,2.63,2.597,2.61,602666839.0,1571781205.0
2022-12-19,512100.SH,2.612,2.617,2.548,2.558,645523988.0,1661540355.0
2022-12-20,512100.SH,2.555,2.556,2.525,2.531,663007855.0,1685280271.0
2022-12-21,512100.SH,2.535,2.539,2.496,2.517,655439849.0,1649025060.0
2022-12-22,512100.SH,2.523,2.525,2.464,2.478,519880612.0,1297519115.0
2022-12-23,512100.SH,2.466,2.481,2.444,2.46,697672259.0,1720585449.0
2022-12-26,512100.SH,2.462,2.511,2.462,2.504,652356606.0,1627858965.0
2022-12-27,512100.SH,2.516,2.526,2.496,2.524,436343567.0,1096365760.0
2022-12-28,512100.SH,2.519,2.519,2.5,2.507,590566188.0,1480593905.0
2022-12-29,512100.SH,2.488,2.525,2.488,2.502,573594865.0,1440040732.0
2022-12-30,512100.SH,2.513,2.516,2.499,2.507,610750491.0,1531111990.0
2023-01-03,512100.SH,2.505,2.571,2.501,2.564,833131244.0,2122389738.0
2023-01-04,512100.SH,2.564,2.572,2.547,2.564,612666890.0,1569804761.0
2023-01-05,512100.SH,2.569,2.592,2.56,2.591,535760150.0,1383678642.0
2023-01-06,512100.SH,2.59,2.611,2.586,2.595,471440458.0,1225331486.0
2023-01-09,512100.SH,2.6,2.624,2.598,2.607,517350798.00000006,1351434340.0
2023-01-10,512100.SH,2.604,2.615,2.594,2.611,473122199.0,1234038146.0
2023-01-11,512100.SH,2.609,2.622,2.587,2.592,631917081.0,1646976258.0
2023-01-12,512100.SH,2.59,2.612,2.585,2.592,540168574.0,1402660595.0
2023-01-13,512100.SH,2.593,2.61,2.587,2.608,500134083.0,1297596428.0
2023-01-16,512100.SH,2.61,2.652,2.61,2.636,1184607389.0,3125566776.0
2023-01-17,512100.SH,2.636,2.649,2.629,2.633,659066794.0,1738202875.0
2023-01-18,512100.SH,2.639,2.655,2.635,2.641,573530500.0,1517258113.0
2023-01-19,512100.SH,2.639,2.673,2.631,2.672,717334792.0,1906635930.0
2023-01-20,512100.SH,2.673,2.7,2.673,2.697,1180884750.0,3175403942.0
2023-01-30,512100.SH,2.726,2.739,2.706,2.708,853241942.0,2323781579.0
2023-01-31,512100.SH,2.708,2.727,2.7,2.717,732282783.0,1990026332.0
2023-02-01,512100.SH,2.72,2.762,2.719,2.761,716009438.0,1964224292.0
2023-02-02,512100.SH,2.764,2.788,2.758,2.765,791616745.0,2195553921.0
2023-02-03,512100.SH,2.758,2.769,2.724,2.762,725193774.0,1993929821.0
2023-02-06,512100.SH,2.75,2.765,2.734,2.756,652382794.0,1792418809.0
2023-02-07,512100.SH,2.761,2.765,2.737,2.764,1014239512.0,2789940396.0
2023-02-08,512100.SH,2.766,2.768,2.741,2.745,671408614.0,1848719436.0
2023-02-09,512100.SH,2.737,2.803,2.732,2.8,1018207204.0,2831834351.0
2023-02-10,512100.SH,2.797,2.802,2.762,2.786,778078022.0,2163615464.0
2023-02-13,512100.SH,2.774,2.814,2.774,2.812,743431290.0,2084127746.0
2023-02-14,512100.SH,2.814,2.821,2.803,2.818,545651163.0,1533864459.0
2023-02-15,512100.SH,2.819,2.824,2.807,2.817,475729082.0,1339282756.0
2023-02-16,512100.SH,2.818,2.835,2.744,2.767,861325553.9999999,2409548789.0
2023-02-17,512100.SH,2.766,2.775,2.736,2.742,792904761.0,2183183104.0
2023-02-20,512100.SH,2.74,2.777,2.721,2.774,878527981.0,2413105515.0
2023-02-21,512100.SH,2.775,2.799,2.765,2.787,547017391.0,1521501304.0
2023-02-22,512100.SH,2.782,2.801,2.769,2.795,469224372.0,1308269282.0
2023-02-23,512100.SH,2.794,2.799,2.761,2.782,462630146.0,1286200984.0
2023-02-24,512100.SH,2.78,2.79,2.752,2.772,531807226.0,1471456442.0
2023-02-27,512100.SH,2.76,2.772,2.74,2.754,627338533.0,1729818920.0
2023-02-28,512100.SH,2.754,2.779,2.739,2.776,470768362.0,1300324063.0
2023-03-01,512100.SH,2.776,2.799,2.764,2.796,414054621.0,1151899726.0
2023-03-02,512100.SH,2.795,2.804,2.776,2.783,440234234.0,1226444166.0
2023-03-03,512100.SH,2.783,2.795,2.759,2.779,529172483.0,1468998415.0
2023-03-06,512100.SH,2.776,2.796,2.763,2.788,484486630.0,1346490903.0
2023-03-07,512100.SH,2.792,2.792,2.734,2.738,510571902.0,1408574788.0
2023-03-08,512100.SH,2.721,2.753,2.721,2.746,447004315.00000006,1225599291.0
2023-03-09,512100.SH,2.746,2.755,2.731,2.753,489564284.0,1344341054.0
2023-03-10,512100.SH,2.738,2.743,2.711,2.713,565825120.0,1542374944.0
2023-03-13,512100.SH,2.707,2.729,2.692,2.726,490390839.0,1328817924.0
2023-03-14,512100.SH,2.727,2.727,2.671,2.701,489143398.00000006,1319708604.0
2023-03-15,512100.SH,2.713,2.734,2.708,2.714,393010428.0,1069359430.0
2023-03-16,512100.SH,2.708,2.709,2.666,2.673,458091904.0,1231143653.0
2023-03-17,512100.SH,2.685,2.71,2.679,2.693,578056341.0,1558065617.0
2023-03-20,512100.SH,2.695,2.705,2.672,2.682,467905992.0,1256752454.0
2023-03-21,512100.SH,2.681,2.718,2.681,2.716,479669001.0,1297662715.0
2023-03-22,512100.SH,2.72,2.731,2.716,2.727,413803888.0,1127552653.0
2023-03-23,512100.SH,2.727,2.739,2.72,2.737,465545436.00000006,1270437669.0
2023-03-24,512100.SH,2.738,2.744,2.729,2.739,373613399.0,1022714363.0
2023-03-27,512100.SH,2.739,2.752,2.724,2.743,379034396.0,1039194041.0
2023-03-28,512100.SH,2.754,2.754,2.721,2.728,421252674.0,1151276286.0
2023-03-29,512100.SH,2.735,2.747,2.71,2.718,482404058.0,1312196676.0
2023-03-30,512100.SH,2.713,2.721,2.698,2.72,478108319.00000006,1295710694.0
2023-03-31,512100.SH,2.718,2.744,2.718,2.742,397977763.0,1088187069.0
2023-04-03,512100.SH,2.745,2.781,2.745,2.779,555842589.0,1536800983.0
2023-04-04,512100.SH,2.784,2.784,2.759,2.775,427621294.00000006,1184524273.0
2023-04-06,512100.SH,2.769,2.788,2.764,2.784,415909707.0,1155886780.0
2023-04-07,512100.SH,2.784,2.813,2.781,2.808,295888992.0,828967426.0
2023-04-10,512100.SH,2.814,2.816,2.777,2.783,361471759.0,1009642103.0
2023-04-11,512100.SH,2.778,2.792,2.773,2.784,358809309.0,997824433.0
2023-04-12,512100.SH,2.788,2.801,2.784,2.799,385695326.0,1077845486.0
2023-04-13,512100.SH,2.8,2.801,2.779,2.782,355395657.0,991546301.0
2023-04-14,512100.SH,2.785,2.802,2.776,2.799,383831059.0,1071349443.0
2023-04-17,512100.SH,2.799,2.804,2.791,2.801,293765706.0,821851055.0
2023-04-18,512100.SH,2.79,2.803,2.779,2.79,355827023.0,992430009.0
2023-04-19,512100.SH,2.788,2.797,2.774,2.778,337729532.0,941371341.0
2023-04-20,512100.SH,2.774,2.78,2.762,2.778,362947918.0,1005485288.0
2023-04-21,512100.SH,2.775,2.777,2.707,2.708,432114674.0,1185618906.0
2023-04-24,512100.SH,2.708,2.714,2.675,2.686,518596511.00000006,1395158341.0
2023-04-25,512100.SH,2.682,2.689,2.603,2.638,764015694.0,2023361560.0
2023-04-26,512100.SH,2.635,2.66,2.628,2.646,558264968.0,1476582457.0
2023-04-27,512100.SH,2.638,2.667,2.637,2.652,739413480.0,1961190295.0
2023-04-28,512100.SH,2.652,2.693,2.65,2.692,570276123.0,1525775596.0
2023-05-04,512100.SH,2.683,2.693,2.672,2.685,443814543.0,1190646403.0
2023-05-05,512100.SH,2.68,2.684,2.639,2.656,441953158.0,1172516879.0
2023-05-08,512100.SH,2.651,2.683,2.651,2.672,538908462.0,1438973802.0
2023-05-09,512100.SH,2.679,2.679,2.64,2.64,409792439.0,1090978690.0
2023-05-10,512100.SH,2.635,2.659,2.628,2.645,421829710.0,1114367750.0
2023-05-11,512100.SH,2.647,2.658,2.641,2.643,368597785.0,976032501.0
2023-05-12,512100.SH,2.637,2.652,2.609,2.61,395246383.0,1038512822.0
2023-05-15,512100.SH,2.61,2.632,2.584,2.628,387321760.0,1009423077.0
2023-05-16,512100.SH,2.629,2.63,2.596,2.604,387309679.0,1010698267.0
2023-05-17,512100.SH,2.604,2.622,2.6,2.617,446758677.0,1166934813.0
2023-05-18,512100.SH,2.615,2.634,2.615,2.629,427341064.0,1122292506.0
2023-05-19,512100.SH,2.627,2.65,2.613,2.64,442155525.0,1164033499.0
2023-05-22,512100.SH,2.636,2.645,2.618,2.635,395947267.0,1042197106.0
2023-05-23,512100.SH,2.637,2.642,2.608,2.61,361608623.0,950211051.0
2023-05-24,512100.SH,2.61,2.628,2.593,2.604,403686338.0,1052981899.0
2023-05-25,512100.SH,2.601,2.621,2.569,2.599,469284898.00000006,1216688782.0
2023-05-26,512100.SH,2.591,2.628,2.579,2.622,475297713.0,1236986000.0
2023-05-29,512100.SH,2.629,2.637,2.604,2.617,367609852.0,963266431.0
2023-05-30,512100.SH,2.617,2.632,2.588,2.628,439225440.00000006,1146999464.0
2023-05-31,512100.SH,2.628,2.635,2.609,2.629,440932560.0,1156491797.0
2023-06-01,512100.SH,2.626,2.652,2.611,2.635,434587412.0,1145689624.0
2023-06-02,512100.SH,2.64,2.66,2.639,2.653,441871369.00000006,1172145807.0
2023-06-05,512100.SH,2.653,2.661,2.646,2.654,397150614.0,1054239809.0
2023-06-06,512100.SH,2.653,2.653,2.592,2.598,479499066.0,1259400153.0
2023-06-07,512100.SH,2.604,2.614,2.592,2.598,366106271.0,952839865.0
2023-06-08,512100.SH,2.597,2.598,2.566,2.586,378516252.0,977234021.0
2023-06-09,512100.SH,2.585,2.606,2.577,2.604,389622236.0,1009331238.0
2023-06-12,512100.SH,2.603,2.626,2.599,2.616,424645539.0,1111177168.0
2023-06-13,512100.SH,2.618,2.631,2.615,2.627,433508034.0,1137867038.0
2023-06-14,512100.SH,2.627,2.643,2.624,2.636,390485875.0,1028299625.0
2023-06-15,512100.SH,2.644,2.658,2.635,2.651,395682286.0,1046838263.0
2023-06-16,512100.SH,2.648,2.679,2.648,2.674,424174659.0,1131798065.0
2023-06-19,512100.SH,2.673,2.689,2.671,2.683,502994593.0,1349301102.0
2023-06-20,512100.SH,2.686,2.695,2.676,2.686,487817151.0,1309315161.0
2023-06-21,512100.SH,2.686,2.686,2.632,2.633,554687080.0,1472556447.0
2023-06-26,512100.SH,2.622,2.628,2.576,2.586,807021872.0,2095360595.0
2023-06-27,512100.SH,2.588,2.618,2.585,2.611,417883013.0,1087858569.0
2023-06-28,512100.SH,2.611,2.611,2.56,2.607,695990968.0,1797172143.0
2023-06-29,512100.SH,2.603,2.626,2.597,2.618,626481843.0,1637455748.0
2023-06-30,512100.SH,2.611,2.662,2.611,2.659,518920117.0,1372740527.0
2023-07-03,512100.SH,2.66,2.673,2.641,2.653,397924258.0,1056750852.0
2023-07-04,512100.SH,2.647,2.666,2.647,2.665,458664701.0,1220187130.0
2023-07-05,512100.SH,2.659,2.672,2.641,2.645,436540748.00000006,1159006953.0
2023-07-06,512100.SH,2.638,2.662,2.633,2.636,478225770.0,1265013909.0
2023-07-07,512100.SH,2.635,2.636,2.606,2.625,412895907.0,1081843475.0
2023-07-10,512100.SH,2.632,2.639,2.614,2.626,341525216.0,897058248.0
2023-07-11,512100.SH,2.627,2.648,2.621,2.647,357822345.0,943102978.0
2023-07-12,512100.SH,2.646,2.648,2.607,2.609,383541815.0,1007483731.0
2023-07-13,512100.SH,2.616,2.639,2.611,2.634,474757164.0,1247229977.0
2023-07-14,512100.SH,2.638,2.643,2.63,2.631,385560940.0,1016834481.0
2023-07-17,512100.SH,2.623,2.625,2.605,2.622,425853227.0,1113214013.0
2023-07-18,512100.SH,2.621,2.63,2.609,2.62,319834099.0,837349172.0
2023-07-19,512100.SH,2.617,2.628,2.6,2.614,308499932.0,805639893.0
2023-07-20,512100.SH,2.615,2.622,2.578,2.581,672979757.0,1751863854.0
2023-07-21,512100.SH,2.578,2.597,2.569,2.578,641324572.0,1655811763.0
2023-07-24,512100.SH,2.572,2.593,2.566,2.572,363666551.0,938034044.0
2023-07-25,512100.SH,2.589,2.619,2.589,2.613,617550717.0,1610841072.0
2023-07-26,512100.SH,2.608,2.613,2.594,2.601,422879215.00000006,1100447945.0
2023-07-27,512100.SH,2.604,2.609,2.576,2.581,375110763.0,972528964.0
2023-07-28,512100.SH,2.57,2.608,2.565,2.603,603725398.0,1563857322.0
2023-07-31,512100.SH,2.603,2.64,2.603,2.62,474487462.0,1245861326.0
2023-08-01,512100.SH,2.621,2.627,2.609,2.616,373502265.0,977936314.0
2023-08-02,512100.SH,2.616,2.621,2.602,2.611,431127018.0,1125174622.0
2023-08-03,512100.SH,2.61,2.615,2.597,2.613,512080773.00000006,1334919500.0
2023-08-04,512100.SH,2.621,2.643,2.615,2.628,410551129.0,1079808657.0
2023-08-07,512100.SH,2.625,2.633,2.612,2.616,376975462.0,987260944.0
2023-08-08,512100.SH,2.611,2.617,2.595,2.605,381648363.0,994287361.0
2023-08-09,512100.SH,2.598,2.603,2.581,2.585,437763805.0,1133901403.0
2023-08-10,512100.SH,2.585,2.592,2.571,2.583,365249106.0,943180417.0
2023-08-11,512100.SH,2.583,2.587,2.535,2.536,421684266.0,1079333422.0
2023-08-14,512100.SH,2.525,2.545,2.499,2.542,453411266.0,1141780240.0
2023-08-15,512100.SH,2.539,2.546,2.497,2.523,462854673.00000006,1165926768.0
2023-08-16,512100.SH,2.51,2.52,2.489,2.491,390860354.0,979197593.0
2023-08-17,512100.SH,2.486,2.519,2.465,2.512,466398568.0,1165399406.0
2023-08-18,512100.SH,2.518,2.521,2.461,2.463,372477564.0,928020623.0
2023-08-21,512100.SH,2.459,2.478,2.435,2.436,497744779.0,1223713877.0
2023-08-22,512100.SH,2.445,2.456,2.407,2.451,614011746.0,1495087777.0
2023-08-23,512100.SH,2.441,2.444,2.401,2.405,580758312.0,1405768248.0
2023-08-24,512100.SH,2.409,2.435,2.392,2.407,478589231.0,1153876009.0
2023-08-25,512100.SH,2.398,2.409,2.355,2.368,631859178.0,1506197170.0
2023-08-28,512100.SH,2.507,2.507,2.375,2.383,918169553.0,2226546391.0
2023-08-29,512100.SH,2.387,2.469,2.382,2.455,1067364589.0,2595729526.0
2023-08-30,512100.SH,2.455,2.493,2.453,2.467,612353588.0,1514191251.0
2023-08-31,512100.SH,2.465,2.468,2.447,2.46,453023451.0,1113181491.0
2023-09-01,512100.SH,2.461,2.474,2.447,2.458,424165279.0,1042486568.0
2023-09-04,512100.SH,2.462,2.496,2.455,2.495,490374940.00000006,1213980670.0
2023-09-05,512100.SH,2.489,2.497,2.474,2.481,594822110.0,1477045484.0
2023-09-06,512100.SH,2.47,2.497,2.457,2.49,474258592.0,1175169345.0
2023-09-07,512100.SH,2.489,2.489,2.446,2.448,612288457.0,1508859197.0
2023-09-08,512100.SH,2.444,2.463,2.439,2.453,479777540.00000006,1176981846.0
2023-09-11,512100.SH,2.45,2.497,2.445,2.489,424147048.00000006,1050084210.0
2023-09-12,512100.SH,2.481,2.499,2.481,2.487,309872843.0,771498848.0
2023-09-13,512100.SH,2.483,2.485,2.436,2.455,416754091.0,1023969772.0
2023-09-14,512100.SH,2.453,2.455,2.43,2.446,355002818.0,867226330.0
2023-09-15,512100.SH,2.446,2.463,2.432,2.447,445020539.0,1088016606.0
2023-09-18,512100.SH,2.437,2.46,2.429,2.449,384509593.0,941162424.0
2023-09-19,512100.SH,2.447,2.451,2.42,2.431,358977952.0,871597672.0
2023-09-20,512100.SH,2.426,2.433,2.408,2.409,417886084.0,1011667586.0
2023-09-21,512100.SH,2.4,2.416,2.387,2.391,381942832.0,915724105.0
2023-09-22,512100.SH,2.388,2.439,2.385,2.439,518623204.0,1253182364.0
2023-09-25,512100.SH,2.43,2.44,2.42,2.426,469968195.0,1139966206.0
2023-09-26,512100.SH,2.425,2.429,2.415,2.416,335802775.0,812728096.0
2023-09-27,512100.SH,2.415,2.442,2.411,2.431,465902073.00000006,1133520515.0
2023-09-28,512100.SH,2.431,2.45,2.431,2.449,501160856.0,1223408923.0
2023-10-09,512100.SH,2.44,2.447,2.422,2.439,460352477.0,1120715666.0
2023-10-10,512100.SH,2.441,2.451,2.427,2.431,365041374.0,888459407.0
2023-10-11,512100.SH,2.44,2.46,2.428,2.436,621182575.0,1515784219.0
2023-10-12,512100.SH,2.448,2.456,2.437,2.454,484410211.00000006,1185695781.0
2023-10-13,512100.SH,2.44,2.45,2.44,2.449,322873495.0,789425521.0
2023-10-16,512100.SH,2.45,2.454,2.414,2.422,486614809.0,1180172488.0
2023-10-17,512100.SH,2.422,2.425,2.401,2.418,275109810.0,663099227.0
2023-10-18,512100.SH,2.409,2.412,2.374,2.378,411499719.0,981596962.0
2023-10-19,512100.SH,2.369,2.385,2.349,2.353,410578697.0,971621614.0
2023-10-20,512100.SH,2.346,2.357,2.318,2.327,425539777.0,993855924.0
2023-10-23,512100.SH,2.317,2.319,2.255,2.268,498342190.00000006,1138934367.0
2023-10-24,512100.SH,2.27,2.31,2.26,2.297,417114548.0,953550096.0
2023-10-25,512100.SH,2.316,2.337,2.313,2.323,421801524.0,981499123.0
2023-10-26,512100.SH,2.316,2.343,2.303,2.339,387000917.0,896765567.0
2023-10-27,512100.SH,2.332,2.391,2.322,2.383,308952128.0,729153735.0
2023-10-30,512100.SH,2.37,2.424,2.37,2.414,311103295.0,746928237.0
2023-10-31,512100.SH,2.407,2.418,2.388,2.401,252147576.0,605365790.0
2023-11-01,512100.SH,2.407,2.409,2.388,2.398,240989128.0,577515662.0
2023-11-02,512100.SH,2.397,2.409,2.371,2.372,320220578.0,763558550.0
2023-11-03,512100.SH,2.379,2.413,2.377,2.402,510581810.0,1225766499.0
2023-11-06,512100.SH,2.415,2.455,2.414,2.451,402604051.0,982359167.0
2023-11-07,512100.SH,2.442,2.468,2.441,2.459,421975476.0,1034757722.0
2023-11-08,512100.SH,2.455,2.479,2.45,2.469,348417169.0,859269252.0
2023-11-09,512100.SH,2.463,2.479,2.447,2.453,303005735.0,744819731.0
2023-11-10,512100.SH,2.447,2.453,2.435,2.449,274706012.0,671616728.0
2023-11-13,512100.SH,2.457,2.475,2.45,2.474,265241332.0,652525492.0
2023-11-14,512100.SH,2.472,2.493,2.468,2.487,285238092.0,707826011.0
2023-11-15,512100.SH,2.505,2.508,2.487,2.497,303536441.0,757391132.0
2023-11-16,512100.SH,2.487,2.492,2.47,2.471,305777767.0,758401652.0
2023-11-17,512100.SH,2.469,2.499,2.462,2.498,299902084.0,743357514.0
2023-11-20,512100.SH,2.493,2.519,2.484,2.515,273417415.0,683958857.0
2023-11-21,512100.SH,2.518,2.523,2.495,2.497,239389623.0,601226300.0
2023-11-22,512100.SH,2.493,2.506,2.466,2.47,223082746.0,555126581.0
2023-11-23,512100.SH,2.47,2.496,2.455,2.494,308693605.0,764423111.0
2023-11-24,512100.SH,2.493,2.493,2.452,2.459,331931895.0,819384905.0
2023-11-27,512100.SH,2.461,2.466,2.442,2.46,241032979.0,591132258.0
2023-11-28,512100.SH,2.455,2.474,2.437,2.469,234134126.0,575783232.0
2023-11-29,512100.SH,2.471,2.474,2.453,2.462,223892822.00000003,551981607.0
2023-11-30,512100.SH,2.46,2.461,2.424,2.446,273840495.0,668357955.0
2023-12-01,512100.SH,2.446,2.474,2.434,2.469,308449417.0,756785754.0
2023-12-04,512100.SH,2.468,2.475,2.456,2.458,211407181.0,520800040.0
2023-12-05,512100.SH,2.45,2.452,2.411,2.414,255713914.0,621954844.0
2023-12-06,512100.SH,2.412,2.442,2.402,2.424,236631085.0,572671769.0
2023-12-07,512100.SH,2.417,2.434,2.404,2.422,331540640.0,802192777.0
2023-12-08,512100.SH,2.422,2.44,2.415,2.417,392904530.0,952890389.0
2023-12-11,512100.SH,2.405,2.452,2.391,2.442,518531517.0,1255749177.0
2023-12-12,512100.SH,2.44,2.45,2.435,2.448,367244530.0,896996526.0
2023-12-13,512100.SH,2.449,2.449,2.422,2.425,273128771.0,665493647.0
2023-12-14,512100.SH,2.437,2.448,2.412,2.417,349792903.0,849822930.0
2023-12-15,512100.SH,2.422,2.428,2.388,2.4,357672475.0,859776567.0
2023-12-18,512100.SH,2.391,2.397,2.354,2.362,219272737.0,520786475.0
2023-12-19,512100.SH,2.363,2.373,2.345,2.364,248418461.0,585698507.0
2023-12-20,512100.SH,2.363,2.367,2.321,2.322,233749471.0,546562169.0
2023-12-21,512100.SH,2.309,2.343,2.29,2.334,299441985.0,693809148.0
2023-12-22,512100.SH,2.332,2.344,2.303,2.314,298480841.0,692924368.0
2023-12-25,512100.SH,2.309,2.32,2.294,2.31,287112540.0,661805075.0
2023-12-26,512100.SH,2.306,2.308,2.271,2.28,317873866.0,725864226.0
2023-12-27,512100.SH,2.28,2.299,2.269,2.293,369551147.0,844663155.0
2023-12-28,512100.SH,2.285,2.347,2.278,2.34,496755678.0,1152416615.0
2023-12-29,512100.SH,2.338,2.375,2.325,2.374,365941972.0,864174973.0
2024-01-02,512100.SH,2.371,2.376,2.354,2.354,402469698.0,951096966.0
2024-01-03,512100.SH,2.349,2.36,2.327,2.343,384850297.0,900556340.0
2024-01-04,512100.SH,2.339,2.343,2.315,2.329,371329140.0,863260044.0
2024-01-05,512100.SH,2.323,2.333,2.278,2.292,317095440.0,731336763.0
2024-01-08,512100.SH,2.285,2.285,2.23,2.233,297593139.0,670287089.0
2024-01-09,512100.SH,2.238,2.259,2.216,2.233,299676568.0,670611554.0
2024-01-10,512100.SH,2.224,2.249,2.197,2.218,225008281.0,499762981.0
2024-01-11,512100.SH,2.215,2.272,2.215,2.262,349064541.0,784357922.0
2024-01-12,512100.SH,2.251,2.275,2.243,2.243,296560765.0,669928414.0
2024-01-15,512100.SH,2.233,2.259,2.22,2.236,220051476.0,492632590.0
2024-01-16,512100.SH,2.234,2.24,2.199,2.23,284725733.0,632680886.0
2024-01-17,512100.SH,2.221,2.226,2.167,2.168,212994328.0,469089779.0
2024-01-18,512100.SH,2.168,2.182,2.098,2.162,439518289.0,937374833.0
2024-01-19,512100.SH,2.15,2.169,2.133,2.135,456134065.00000006,981018686.0
2024-01-22,512100.SH,2.135,2.135,2.001,2.018,318668890.0,658552129.0
2024-01-23,512100.SH,2.008,2.054,1.98,2.044,333266866.0,675726599.0
2024-01-24,512100.SH,2.048,2.078,1.991,2.076,338564842.0,690226233.0
2024-01-25,512100.SH,2.07,2.148,2.05,2.147,361391460.0,763758690.0
2024-01-26,512100.SH,2.142,2.155,2.112,2.12,321305187.0,685456122.0
2024-01-29,512100.SH,2.119,2.135,2.061,2.062,297117424.0,620810733.0
2024-01-30,512100.SH,2.05,2.072,2.001,2.005,268956322.0,547857945.0
2024-01-31,512100.SH,2.001,2.009,1.923,1.931,377708468.0,739380648.0
2024-02-01,512100.SH,1.92,1.959,1.886,1.914,548366154.0,1055247346.0
2024-02-02,512100.SH,1.913,1.935,1.783,1.849,605886708.0,1129187484.0
2024-02-05,512100.SH,1.82,1.823,1.681,1.737,4937763268.0,8700396123.0
2024-02-06,512100.SH,1.701,1.876,1.68,1.855,3046341897.0,5398219113.0
2024-02-07,512100.SH,1.839,1.955,1.839,1.938,2038399961.0,3915804858.0
2024-02-08,512100.SH,1.96,2.043,1.949,2.017,1471847160.0,2962793571.0
2024-02-19,512100.SH,2.027,2.05,1.986,2.02,1894857155.0,3821177177.0
2024-02-20,512100.SH,2.002,2.035,1.987,2.025,577577034.0,1159892193.0
2024-02-21,512100.SH,2.012,2.096,2.001,2.035,910213593.0,1872046201.0
2024-02-22,512100.SH,2.033,2.073,2.032,2.07,491282803.0,1009652007.0
2024-02-23,512100.SH,2.071,2.106,2.053,2.105,578900955.0,1202547588.0
2024-02-26,512100.SH,2.102,2.144,2.087,2.109,569316011.0,1202587767.0
2024-02-27,512100.SH,2.1,2.176,2.094,2.173,574771797.0,1229019882.0
2024-02-28,512100.SH,2.173,2.202,2.066,2.068,1170156894.0,2495932242.0
2024-02-29,512100.SH,2.057,2.152,2.053,2.151,632387235.0,1339087543.0
2024-03-01,512100.SH,2.148,2.178,2.137,2.175,639772591.0,1379505277.0
2024-03-04,512100.SH,2.174,2.186,2.139,2.179,583904098.0,1263579869.0
2024-03-05,512100.SH,2.166,2.176,2.145,2.163,1970307270.0,4265349234.0
2024-03-06,512100.SH,2.156,2.186,2.133,2.161,529580815.00000006,1145319846.0
2024-03-07,512100.SH,2.162,2.185,2.128,2.129,517124493.0,1113134896.0
2024-03-08,512100.SH,2.134,2.167,2.121,2.157,372246304.0,799293094.0
2024-03-11,512100.SH,2.15,2.201,2.147,2.2,573270518.0,1245798281.0
2024-03-12,512100.SH,2.2,2.223,2.185,2.21,430820233.0,950150223.0
2024-03-13,512100.SH,2.208,2.238,2.199,2.217,373699715.0,828631481.0
2024-03-14,512100.SH,2.214,2.228,2.183,2.204,353905632.0,781966401.0
2024-03-15,512100.SH,2.196,2.239,2.192,2.238,519997588.0,1152389210.0
2024-03-18,512100.SH,2.24,2.276,2.231,2.275,515682551.0,1162277587.0
2024-03-19,512100.SH,2.266,2.274,2.25,2.253,454723718.0,1028152848.0
2024-03-20,512100.SH,2.252,2.279,2.25,2.273,355711958.0,804891516.0
2024-03-21,512100.SH,2.278,2.289,2.258,2.272,304758652.0,693462739.0
2024-03-22,512100.SH,2.27,2.274,2.229,2.246,463814102.0,1042343701.0
2024-03-25,512100.SH,2.243,2.254,2.195,2.196,508632610.0,1132476441.0
2024-03-26,512100.SH,2.194,2.208,2.165,2.186,487295843.0,1066226591.0
2024-03-27,512100.SH,2.18,2.186,2.113,2.115,516929025.0,1110565857.0
2024-03-28,512100.SH,2.111,2.185,2.111,2.164,598000982.0,1292168990.0
2024-03-29,512100.SH,2.158,2.189,2.146,2.187,538054283.0,1167120176.0
2024-04-01,512100.SH,2.192,2.237,2.192,2.233,607650966.0,1349320913.0
2024-04-02,512100.SH,2.23,2.233,2.204,2.221,551754081.0,1224007532.0
2024-04-03,512100.SH,2.221,2.221,2.191,2.214,522113294.00000006,1150475682.0
2024-04-08,512100.SH,2.203,2.205,2.167,2.168,327485929.0,716710997.0
2024-04-09,512100.SH,2.168,2.199,2.162,2.196,234948007.0,512559164.0
2024-04-10,512100.SH,2.192,2.192,2.139,2.157,246659853.0,533830787.0
2024-04-11,512100.SH,2.144,2.188,2.14,2.162,319814171.0,693322490.0
2024-04-12,512100.SH,2.156,2.176,2.14,2.144,264939089.0,571133240.0
2024-04-15,512100.SH,2.138,2.155,2.093,2.125,325894342.0,692288483.0
2024-04-16,512100.SH,2.117,2.123,2.033,2.034,694813597.0,1436381766.0
2024-04-17,512100.SH,2.051,2.127,2.049,2.126,582402369.0,1222645409.0
2024-04-18,512100.SH,2.115,2.149,2.099,2.123,620890301.0,1321298884.0
2024-04-19,512100.SH,2.111,2.135,2.097,2.113,481451974.0,1017316017.0
2024-04-22,512100.SH,2.105,2.133,2.08,2.109,244087018.00000003,515223380.0
2024-04-23,512100.SH,2.105,2.118,2.084,2.095,281431019.0,590376801.0
2024-04-24,512100.SH,2.093,2.135,2.089,2.134,441433130.0,935067291.0
2024-04-25,512100.SH,2.132,2.155,2.12,2.133,390309434.0,834951278.0
2024-04-26,512100.SH,2.134,2.181,2.129,2.177,816232009.0,1767085398.0
2024-04-29,512100.SH,2.185,2.234,2.18,2.23,946719740.0,2100012448.0
2024-04-30,512100.SH,2.226,2.232,2.201,2.207,463797423.00000006,1026873766.0
2024-05-06,512100.SH,2.237,2.269,2.236,2.248,775970725.0,1743482702.0
2024-05-07,512100.SH,2.246,2.262,2.243,2.257,451348615.00000006,1016770387.0
2024-05-08,512100.SH,2.25,2.25,2.219,2.221,533688495.0,1189859320.0
2024-05-09,512100.SH,2.218,2.268,2.218,2.26,381882490.0,860885090.0
2024-05-10,512100.SH,2.267,2.271,2.228,2.24,753417650.0,1685968934.0
2024-05-13,512100.SH,2.227,2.234,2.199,2.219,471790075.0,1045165451.0
2024-05-14,512100.SH,2.22,2.245,2.217,2.229,394274736.0,879171054.0
2024-05-15,512100.SH,2.227,2.233,2.205,2.209,224590190.0,498244689.0
2024-05-16,512100.SH,2.213,2.23,2.2,2.204,327578388.0,726582151.0
2024-05-17,512100.SH,2.205,2.242,2.2,2.24,479549523.00000006,1067336662.0
2024-05-20,512100.SH,2.24,2.258,2.232,2.248,524912797.0,1179527502.0
2024-05-21,512100.SH,2.244,2.245,2.216,2.225,643007135.0,1432371088.0
2024-05-22,512100.SH,2.222,2.233,2.213,2.228,210364697.00000003,468128441.0
2024-05-23,512100.SH,2.221,2.221,2.172,2.18,318884183.0,699331089.0
2024-05-24,512100.SH,2.169,2.19,2.154,2.154,249685179.0,541469252.0
2024-05-27,512100.SH,2.159,2.181,2.129,2.179,272933265.0,586492211.0
2024-05-28,512100.SH,2.169,2.178,2.15,2.154,250226857.0,541897325.0
2024-05-29,512100.SH,2.15,2.171,2.144,2.153,224647621.0,485112172.0
2024-05-30,512100.SH,2.143,2.166,2.137,2.152,267985515.0,576987102.0
2024-05-31,512100.SH,2.155,2.172,2.154,2.158,299523757.0,647440920.0
2024-06-03,512100.SH,2.154,2.158,2.113,2.129,316898989.0,676396984.0
2024-06-04,512100.SH,2.12,2.148,2.111,2.143,305906300.0,651490180.0
2024-06-05,512100.SH,2.137,2.15,2.116,2.117,249735687.0,532837837.00000006
2024-06-06,512100.SH,2.121,2.13,2.064,2.073,439262004.0,917648348.0
2024-06-07,512100.SH,2.09,2.097,2.059,2.081,464247586.00000006,965799755.0
2024-06-11,512100.SH,2.07,2.106,2.053,2.1,336518195.0,701082490.0
2024-06-12,512100.SH,2.091,2.113,2.089,2.106,328636764.0,692116431.0
2024-06-13,512100.SH,2.111,2.111,2.088,2.093,213099714.0,446962166.0
2024-06-14,512100.SH,2.086,2.105,2.079,2.099,399380049.0,835239668.0
2024-06-17,512100.SH,2.089,2.11,2.086,2.096,347731186.0,730634636.0
2024-06-18,512100.SH,2.096,2.12,2.094,2.115,599763138.0,1266486757.0
2024-06-19,512100.SH,2.117,2.122,2.086,2.087,578974899.0,1213020443.0
2024-06-20,512100.SH,2.083,2.092,2.043,2.049,463710343.0,956435934.0
2024-06-21,512100.SH,2.042,2.06,2.033,2.046,340790746.0,697378909.0
2024-06-24,512100.SH,2.034,2.035,1.978,1.98,358779485.0,718454854.0
2024-06-25,512100.SH,1.98,1.989,1.949,1.964,385462494.0,759518395.0
2024-06-26,512100.SH,1.96,2.024,1.95,2.022,498379115.00000006,993141498.0
2024-06-27,512100.SH,2.011,2.016,1.97,1.973,541151610.0,1076063619.0
2024-06-28,512100.SH,1.967,2.016,1.966,1.983,724061291.0,1447707051.0
2024-07-01,512100.SH,1.979,2.011,1.959,2.001,643981961.0,1276369634.0
2024-07-02,512100.SH,1.998,2.008,1.979,1.987,412980640.0,822437424.0
2024-07-03,512100.SH,1.983,1.989,1.968,1.971,278729566.0,551514095.0
2024-07-04,512100.SH,1.975,1.98,1.921,1.932,727920724.0,1412888219.0
2024-07-05,512100.SH,1.928,1.96,1.912,1.951,564560726.0,1091526136.0
2024-07-08,512100.SH,1.942,1.945,1.896,1.905,409753996.0,786374573.0
2024-07-09,512100.SH,1.9,1.952,1.885,1.946,1085149865.0,2080017301.0
2024-07-10,512100.SH,1.94,1.959,1.935,1.937,465797925.0,906375667.0
2024-07-11,512100.SH,1.961,1.988,1.955,1.986,627197306.0,1238243804.0
2024-07-12,512100.SH,1.984,1.988,1.969,1.978,354497044.0,701226903.0
2024-07-15,512100.SH,1.972,1.975,1.952,1.957,1067802924.0,2097856425.0
2024-07-16,512100.SH,1.952,1.966,1.94,1.962,610224502.0,1191689772.0
2024-07-17,512100.SH,1.958,1.963,1.943,1.949,1655624825.0,3234163466.0
2024-07-18,512100.SH,1.935,1.959,1.914,1.954,1459805460.0,2824521056.0
2024-07-19,512100.SH,1.938,1.973,1.937,1.955,920160089.0,1802573330.0
2024-07-22,512100.SH,1.954,1.967,1.945,1.958,556529307.0,1090468430.0
2024-07-23,512100.SH,1.958,1.96,1.904,1.904,342062069.0,659392469.0
2024-07-24,512100.SH,1.902,1.911,1.877,1.878,520992225.0,986263929.0
2024-07-25,512100.SH,1.869,1.902,1.865,1.88,482397162.0,908348776.0
2024-07-26,512100.SH,1.879,1.915,1.878,1.91,328499492.0,625502860.0
2024-07-29,512100.SH,1.91,1.913,1.895,1.901,190986566.0,363204368.0
2024-07-30,512100.SH,1.895,1.918,1.881,1.909,300594535.0,571111275.0
2024-07-31,512100.SH,1.907,1.995,1.903,1.993,1463113220.0,2878227401.0
2024-08-01,512100.SH,1.99,2.007,1.968,1.98,792387991.0,1575826251.0
2024-08-02,512100.SH,1.964,1.993,1.948,1.953,450951770.0,888552344.0
2024-08-05,512100.SH,1.938,1.974,1.898,1.901,1077406211.0,2077977409.0
2024-08-06,512100.SH,1.921,1.938,1.905,1.927,637120909.0,1222795154.0
2024-08-07,512100.SH,1.921,1.938,1.913,1.925,601869003.0,1159042994.0
2024-08-08,512100.SH,1.918,1.942,1.898,1.927,414234878.0,796364345.0
2024-08-09,512100.SH,1.936,1.948,1.908,1.908,397003345.0,763831207.0
2024-08-12,512100.SH,1.904,1.911,1.892,1.901,284600653.0,541164199.0
2024-08-13,512100.SH,1.899,1.911,1.885,1.906,420122175.0,797714699.0
2024-08-14,512100.SH,1.905,1.907,1.886,1.887,275502704.0,522115493.0
2024-08-15,512100.SH,1.88,1.929,1.879,1.904,864509231.0,1650136261.0
2024-08-16,512100.SH,1.904,1.911,1.889,1.889,429806582.0,815225487.0
2024-08-19,512100.SH,1.888,1.917,1.885,1.893,338032536.0,642704831.0
2024-08-20,512100.SH,1.894,1.897,1.852,1.86,752640995.0,1403249569.0
2024-08-21,512100.SH,1.853,1.867,1.848,1.85,282826769.0,524495753.0
2024-08-22,512100.SH,1.85,1.856,1.824,1.827,423494377.0,776747581.0
2024-08-23,512100.SH,1.825,1.834,1.815,1.828,477332678.0,871403802.0
2024-08-26,512100.SH,1.827,1.844,1.821,1.835,463638211.00000006,850796221.0
2024-08-27,512100.SH,1.83,1.83,1.809,1.815,909830857.0,1653888479.0
2024-08-28,512100.SH,1.812,1.834,1.806,1.817,734258771.0,1336387663.0
2024-08-29,512100.SH,1.81,1.855,1.808,1.847,849753165.0,1562323530.0
2024-08-30,512100.SH,1.843,1.91,1.843,1.882,1606883498.0,3035694860.0
2024-09-02,512100.SH,1.877,1.885,1.839,1.842,855605888.0000001,1591408300.0
2024-09-03,512100.SH,1.838,1.871,1.838,1.858,789162410.0,1464018477.0
2024-09-04,512100.SH,1.844,1.87,1.84,1.851,472501712.0,875597218.0
2024-09-05,512100.SH,1.852,1.878,1.852,1.866,440815184.0,821290430.0
2024-09-06,512100.SH,1.869,1.871,1.83,1.835,680900680.0,1257254828.0
2024-09-09,512100.SH,1.825,1.841,1.812,1.82,408367031.0,745097345.0
2024-09-10,512100.SH,1.82,1.834,1.788,1.826,518359972.0,938019914.0
2024-09-11,512100.SH,1.816,1.831,1.811,1.825,860700821.0000001,1569170184.0
2024-09-12,512100.SH,1.828,1.849,1.816,1.819,617876135.0,1131386008.0
2024-09-13,512100.SH,1.819,1.822,1.795,1.797,658004769.0,1188466623.0
2024-09-18,512100.SH,1.795,1.799,1.765,1.789,520586217.0,928118693.0
2024-09-19,512100.SH,1.793,1.843,1.781,1.824,1119459924.0,2032423193.0
2024-09-20,512100.SH,1.819,1.823,1.799,1.814,1537079975.0,2785055266.0
2024-09-23,512100.SH,1.811,1.837,1.804,1.816,452182556.0,823315819.0
2024-09-24,512100.SH,1.833,1.894,1.814,1.892,2090227979.0,3892250427.0
2024-09-25,512100.SH,1.911,1.953,1.903,1.905,1358595792.0,2616895709.0
2024-09-26,512100.SH,1.897,1.998,1.897,1.994,2740138630.0,5362037241.0
2024-09-27,512100.SH,2.025,2.18,2.007,2.172,1415966814.0,2924884104.0
2024-09-30,512100.SH,2.27,2.389,2.161,2.389,5843265615.0,13308018547.0
2024-10-08,512100.SH,2.628,2.628,2.39,2.529,3749725644.0,9463152101.0
2024-10-09,512100.SH,2.43,2.48,2.303,2.324,2371558139.0,5693473537.0
2024-10-10,512100.SH,2.336,2.395,2.273,2.295,2169131671.0,5059557303.0
2024-10-11,512100.SH,2.281,2.284,2.17,2.203,2502679746.0,5551958747.0
2024-10-14,512100.SH,2.21,2.286,2.17,2.283,2108554356.0,4702568534.0
2024-10-15,512100.SH,2.265,2.318,2.231,2.236,2515340049.0,5715334758.0
2024-10-16,512100.SH,2.201,2.279,2.201,2.244,1053864856.0,2364676465.0
2024-10-17,512100.SH,2.26,2.286,2.233,2.235,1552726397.0,3505287352.0
2024-10-18,512100.SH,2.231,2.413,2.228,2.337,3456522478.0,8077833461.0
2024-10-21,512100.SH,2.348,2.418,2.338,2.379,1746654036.0,4157949757.0
2024-10-22,512100.SH,2.373,2.413,2.361,2.392,1608516029.0,3834257460.0
2024-10-23,512100.SH,2.396,2.44,2.378,2.398,924024337.0,2225819085.0
2024-10-24,512100.SH,2.383,2.394,2.361,2.382,834214599.0,1983642994.0
2024-10-25,512100.SH,2.383,2.449,2.383,2.437,1399638980.0,3391460637.0
2024-10-28,512100.SH,2.431,2.471,2.42,2.47,971647887.0,2380862501.0
2024-10-29,512100.SH,2.48,2.483,2.428,2.433,1908879250.0,4681000439.0
2024-10-30,512100.SH,2.42,2.455,2.411,2.447,1007125572.0,2450508281.0
2024-10-31,512100.SH,2.45,2.509,2.435,2.483,1024828890.0,2538497445.0
2024-11-01,512100.SH,2.47,2.485,2.404,2.411,1337878196.0,3260280576.0
2024-11-04,512100.SH,2.4,2.469,2.399,2.466,731579389.0,1783324223.0
2024-11-05,512100.SH,2.464,2.559,2.456,2.549,2033934909.0,5133513391.0
2024-11-06,512100.SH,2.55,2.589,2.535,2.557,1116494215.0,2860190628.0
2024-11-07,512100.SH,2.531,2.608,2.531,2.605,855353700.0,2196870967.0
2024-11-08,512100.SH,2.62,2.649,2.595,2.607,1087744151.0,2849866193.0
2024-11-11,512100.SH,2.595,2.671,2.595,2.668,1737884488.0,4593534021.0
2024-11-12,512100.SH,2.67,2.687,2.612,2.641,999754283.0,2654182206.0
2024-11-13,512100.SH,2.624,2.643,2.583,2.626,952748801.0,2488898150.0
2024-11-14,512100.SH,2.621,2.625,2.545,2.549,1566918344.0,4041334943.0
2024-11-15,512100.SH,2.543,2.571,2.488,2.489,960639711.0,2433464180.0
2024-11-18,512100.SH,2.495,2.505,2.407,2.43,1171811285.0,2869224849.0
2024-11-19,512100.SH,2.424,2.494,2.416,2.491,977273193.0,2395231777.0
2024-11-20,512100.SH,2.481,2.541,2.475,2.537,1415098124.0,3544503227.0
2024-11-21,512100.SH,2.533,2.553,2.516,2.543,458406920.0,1163944469.0
2024-11-22,512100.SH,2.538,2.548,2.445,2.447,613174409.0,1533755704.0
2024-11-25,512100.SH,2.461,2.466,2.409,2.458,413448722.0,1007004691.0
2024-11-26,512100.SH,2.451,2.477,2.425,2.426,513734609.0,1256359326.0
2024-11-27,512100.SH,2.423,2.49,2.379,2.486,1200080221.0,2931115414.0
2024-11-28,512100.SH,2.484,2.505,2.466,2.472,830894212.0,2065887411.0
2024-11-29,512100.SH,2.469,2.539,2.453,2.513,1563294534.0,3923756091.0
2024-12-02,512100.SH,2.514,2.573,2.511,2.564,1051509577.0,2685604948.0
2024-12-03,512100.SH,2.565,2.579,2.533,2.557,1376572659.0,3518298188.0
2024-12-04,512100.SH,2.553,2.557,2.506,2.523,1022554963.0,2594327039.0
2024-12-05,512100.SH,2.515,2.561,2.512,2.552,707218251.0,1800396955.0
2024-12-06,512100.SH,2.551,2.595,2.526,2.58,1969596748.0,5051954275.0
2024-12-09,512100.SH,2.577,2.589,2.538,2.557,843935844.9999999,2160328000.0
2024-12-10,512100.SH,2.645,2.649,2.577,2.584,1954500432.0,5108613203.0
2024-12-11,512100.SH,2.579,2.62,2.575,2.617,868271678.9999999,2266269720.0
2024-12-12,512100.SH,2.617,2.639,2.593,2.637,756605898.0,1979570080.0
2024-12-13,512100.SH,2.62,2.622,2.58,2.585,1528158133.0,3972178856.0
2024-12-16,512100.SH,2.585,2.587,2.542,2.552,606244529.0,1553098336.0
2024-12-17,512100.SH,2.543,2.55,2.493,2.497,914832963.0,2295569468.0
2024-12-18,512100.SH,2.5,2.535,2.488,2.517,638427221.0,1604284914.0
2024-12-19,512100.SH,2.493,2.53,2.48,2.524,592509716.0,1482563073.0
2024-12-20,512100.SH,2.516,2.568,2.515,2.549,606249532.0,1542048304.0
2024-12-23,512100.SH,2.543,2.547,2.475,2.477,1028065228.0,2570796872.0
2024-12-24,512100.SH,2.48,2.505,2.467,2.504,613464378.0,1526971891.0
2024-12-25,512100.SH,2.504,2.504,2.454,2.479,1174241337.0,2902962731.0
2024-12-26,512100.SH,2.475,2.512,2.474,2.503,926100668.0,2316026775.0
2024-12-27,512100.SH,2.503,2.542,2.489,2.507,680149674.0,1713426125.0
2024-12-30,512100.SH,2.502,2.517,2.48,2.5,690278857.0,1724937278.0
2024-12-31,512100.SH,2.499,2.508,2.418,2.42,1087495498.0,2663752479.0
2025-01-02,512100.SH,2.416,2.431,2.332,2.355,1190049327.0,2837372716.0
2025-01-03,512100.SH,2.358,2.365,2.28,2.29,1673134218.0,3871617675.0
2025-01-06,512100.SH,2.285,2.31,2.26,2.277,1285256049.0,2935608754.0
2025-01-07,512100.SH,2.276,2.311,2.265,2.31,1334717691.0,3066049098.0
2025-01-08,512100.SH,2.302,2.32,2.232,2.299,1606924066.0,3650021469.0
2025-01-09,512100.SH,2.284,2.321,2.282,2.304,914305204.0,2110431511.0
2025-01-10,512100.SH,2.302,2.324,2.253,2.255,515784461.00000006,1181117309.0
2025-01-13,512100.SH,2.237,2.277,2.22,2.26,740220588.0,1665811726.0
2025-01-14,512100.SH,2.263,2.365,2.258,2.364,1673319625.0,3903408971.0
2025-01-15,512100.SH,2.32,2.327,2.3,2.309,1160103283.0,2681035427.0
2025-01-16,512100.SH,2.318,2.365,2.299,2.319,1031537880.0,2406666743.0
2025-01-17,512100.SH,2.31,2.356,2.302,2.336,715596197.0,1666580594.0
2025-01-20,512100.SH,2.348,2.373,2.342,2.349,643854281.0,1517322910.0
2025-01-21,512100.SH,2.36,2.369,2.331,2.364,801171959.0,1882878859.0
2025-01-22,512100.SH,2.354,2.359,2.329,2.345,705844496.0,1653018806.0
2025-01-23,512100.SH,2.361,2.399,2.332,2.333,1187863543.0,2812039475.0
2025-01-24,512100.SH,2.329,2.382,2.329,2.38,1256736920.0,2971559462.0
2025-01-27,512100.SH,2.384,2.393,2.334,2.336,987521544.0,2327792624.0
2025-02-05,512100.SH,2.354,2.376,2.339,2.352,861672115.0,2030344389.0
2025-02-06,512100.SH,2.347,2.421,2.339,2.415,801423388.0,1919108471.0
2025-02-07,512100.SH,2.416,2.484,2.414,2.455,1332989078.0,3269545581.0
2025-02-10,512100.SH,2.455,2.489,2.45,2.483,1207204306.0,2986830265.0
2025-02-11,512100.SH,2.48,2.488,2.453,2.478,683543842.0,1688494032.0
2025-02-12,512100.SH,2.473,2.518,2.47,2.515,619233588.0,1546127389.0
2025-02-13,512100.SH,2.512,2.514,2.483,2.491,604225099.0,1509425359.0
2025-02-14,512100.SH,2.486,2.506,2.474,2.5,623321929.0,1553526220.0
2025-02-17,512100.SH,2.508,2.523,2.49,2.511,1479497357.0,3713677557.0
2025-02-18,512100.SH,2.505,2.514,2.446,2.461,899067496.0000001,2222227366.0
2025-02-19,512100.SH,2.453,2.518,2.453,2.516,672871165.0,1678234395.0
2025-02-20,512100.SH,2.511,2.54,2.508,2.533,704008260.0,1775401888.0
2025-02-21,512100.SH,2.537,2.591,2.525,2.581,564613194.0,1449439488.0
2025-02-24,512100.SH,2.58,2.6,2.562,2.585,727053148.0,1876596491.0
2025-02-25,512100.SH,2.553,2.599,2.546,2.574,449202948.00000006,1155697957.0
2025-02-26,512100.SH,2.576,2.615,2.567,2.614,390309310.0,1011950024.0
2025-02-27,512100.SH,2.608,2.619,2.56,2.6,497368873.00000006,1287085995.0
2025-02-28,512100.SH,2.586,2.589,2.503,2.511,1270109921.0,3210926319.0
2025-03-03,512100.SH,2.514,2.552,2.496,2.508,650157255.0,1641596599.0
2025-03-04,512100.SH,2.492,2.545,2.49,2.541,559809503.0,1415328410.0
2025-03-05,512100.SH,2.54,2.559,2.524,2.558,565835320.0,1437705131.0
2025-03-06,512100.SH,2.572,2.625,2.57,2.614,558609064.0,1453929563.0
2025-03-07,512100.SH,2.608,2.63,2.588,2.603,597475723.0,1558891754.0
2025-03-10,512100.SH,2.603,2.613,2.583,2.606,662038893.0,1720820456.0
2025-03-11,512100.SH,2.58,2.625,2.577,2.624,388883356.0,1010749849.0
2025-03-12,512100.SH,2.627,2.656,2.622,2.628,593555152.0,1564226030.0
2025-03-13,512100.SH,2.622,2.627,2.561,2.588,680231219.0,1758789745.0
2025-03-14,512100.SH,2.584,2.633,2.568,2.631,776655292.0,2031758993.0
2025-03-17,512100.SH,2.63,2.643,2.621,2.634,729597066.0,1920208640.0
2025-03-18,512100.SH,2.639,2.66,2.63,2.645,313063401.0,828010961.0
2025-03-19,512100.SH,2.635,2.64,2.614,2.627,421630537.0,1106883058.0
2025-03-20,512100.SH,2.621,2.639,2.609,2.616,428796107.0,1125641155.0
2025-03-21,512100.SH,2.608,2.613,2.555,2.562,586070291.0,1511471581.0
2025-03-24,512100.SH,2.559,2.563,2.499,2.542,749467375.0,1895590335.0
2025-03-25,512100.SH,2.536,2.551,2.516,2.525,610761021.0,1546429823.0
2025-03-26,512100.SH,2.519,2.55,2.519,2.533,491593218.0,1248222513.0
2025-03-27,512100.SH,2.529,2.56,2.5,2.533,473648281.0,1198280536.0
2025-03-28,512100.SH,2.53,2.544,2.503,2.507,509594693.0,1283137676.0
2025-03-31,512100.SH,2.497,2.506,2.459,2.492,766435372.0,1902765224.0
2025-04-01,512100.SH,2.493,2.521,2.493,2.503,673484839.0,1688481273.0
2025-04-02,512100.SH,2.497,2.53,2.496,2.511,297233775.0,747681648.0
2025-04-03,512100.SH,2.492,2.522,2.464,2.482,538772782.0,1342286593.0
2025-04-07,512100.SH,2.357,2.396,2.234,2.234,1444303609.0,3291645455.0
2025-04-08,512100.SH,2.199,2.257,2.171,2.219,6242512707.0,13730219845.0
2025-04-09,512100.SH,2.177,2.276,2.093,2.258,1575049575.0,3457013402.0
2025-04-10,512100.SH,2.295,2.357,2.294,2.313,1059578279.0,2462237466.0
2025-04-11,512100.SH,2.297,2.372,2.295,2.343,590132567.0,1379142307.0
2025-04-14,512100.SH,2.366,2.393,2.362,2.374,634865302.0,1507512484.0
2025-04-15,512100.SH,2.372,2.38,2.349,2.365,568829948.0,1342889715.0
2025-04-16,512100.SH,2.353,2.36,2.306,2.335,1045112276.0,2434844378.0
2025-04-17,512100.SH,2.323,2.361,2.32,2.336,635311114.0,1491768308.0
2025-04-18,512100.SH,2.33,2.345,2.317,2.332,740884111.0,1726552677.0
2025-04-21,512100.SH,2.328,2.382,2.318,2.38,672338119.0,1589759370.0
2025-04-22,512100.SH,2.377,2.391,2.368,2.38,421360013.0,1002448523.0
2025-04-23,512100.SH,2.392,2.409,2.382,2.394,664292647.0,1592236129.0
2025-04-24,512100.SH,2.39,2.394,2.357,2.371,532361487.0,1263958643.0
2025-04-25,512100.SH,2.371,2.396,2.361,2.376,574595739.0,1368374886.0
2025-04-28,512100.SH,2.375,2.378,2.345,2.351,613250873.0,1444605261.0
2025-04-29,512100.SH,2.345,2.372,2.337,2.363,460255596.0,1086336694.0
2025-04-30,512100.SH,2.363,2.39,2.362,2.381,608756530.0,1450181016.0
2025-05-06,512100.SH,2.395,2.442,2.395,2.442,611700006.0,1484039710.0
2025-05-07,512100.SH,2.467,2.495,2.428,2.444,866819883.0,2126154726.0
2025-05-08,512100.SH,2.439,2.471,2.437,2.466,580838097.0,1428603989.0
2025-05-09,512100.SH,2.465,2.465,2.424,2.437,417648505.0,1018846787.0
2025-05-12,512100.SH,2.452,2.472,2.445,2.471,518941195.0,1276471323.0
2025-05-13,512100.SH,2.488,2.488,2.456,2.462,591370838.0,1460617548.0
2025-05-14,512100.SH,2.462,2.485,2.445,2.468,516588309.0,1271995658.0
2025-05-15,512100.SH,2.462,2.463,2.424,2.428,419296284.0,1021692151.0
2025-05-16,512100.SH,2.423,2.444,2.422,2.432,426175322.0,1036770442.0
2025-05-19,512100.SH,2.423,2.445,2.407,2.443,350334562.0,850165120.0
2025-05-20,512100.SH,2.439,2.467,2.432,2.463,301247842.0,738617982.0
2025-05-21,512100.SH,2.458,2.461,2.447,2.457,231360985.0,567872616.0
2025-05-22,512100.SH,2.45,2.465,2.43,2.433,359451947.0,877758928.0
2025-05-23,512100.SH,2.428,2.447,2.401,2.402,411350175.0,996762095.0
2025-05-26,512100.SH,2.401,2.423,2.398,2.416,351348350.0,847638148.0
2025-05-27,512100.SH,2.408,2.418,2.393,2.409,438799555.0,1054889029.0
2025-05-28,512100.SH,2.408,2.419,2.396,2.403,353840980.0,850734786.0
2025-05-29,512100.SH,2.407,2.447,2.404,2.446,739721736.0,1799211604.0
2025-05-30,512100.SH,2.437,2.438,2.415,2.423,807825729.0,1957977512.0
2025-06-03,512100.SH,2.414,2.445,2.412,2.436,379097052.0,922983494.0
2025-06-04,512100.SH,2.437,2.461,2.434,2.458,289313891.0,709692001.0
2025-06-05,512100.SH,2.459,2.483,2.448,2.478,346380833.0,853375847.0
2025-06-06,512100.SH,2.479,2.479,2.465,2.473,256363514.0,633493553.0
2025-06-09,512100.SH,2.477,2.505,2.474,2.498,386489640.0,964800604.0
2025-06-10,512100.SH,2.5,2.5,2.454,2.476,394441010.0,976888666.0
2025-06-11,512100.SH,2.476,2.503,2.475,2.487,403662009.0,1005172128.0
2025-06-12,512100.SH,2.477,2.496,2.47,2.491,194088678.0,482595223.0
2025-06-13,512100.SH,2.484,2.488,2.453,2.459,355052392.0,875443208.0
2025-06-16,512100.SH,2.451,2.478,2.45,2.473,296659480.0,733030656.0
2025-06-17,512100.SH,2.474,2.481,2.462,2.47,325780110.0,804508406.0
2025-06-18,512100.SH,2.469,2.473,2.448,2.467,248404887.0,611461073.0
2025-06-19,512100.SH,2.462,2.473,2.428,2.437,407491799.0,996642317.0
2025-06-20,512100.SH,2.434,2.443,2.416,2.417,558996180.0,1356143053.0
2025-06-23,512100.SH,2.405,2.449,2.405,2.448,500120826.0,1218381179.0
2025-06-24,512100.SH,2.449,2.496,2.448,2.494,520728892.0,1293160774.0
2025-06-25,512100.SH,2.496,2.535,2.495,2.531,573239925.0,1443542821.0
2025-06-26,512100.SH,2.528,2.542,2.519,2.52,645728016.0,1632240900.0
2025-06-27,512100.SH,2.527,2.549,2.522,2.529,464919102.0,1178506791.0
2025-06-30,512100.SH,2.533,2.564,2.533,2.562,575762789.0,1470207152.0
2025-07-01,512100.SH,2.562,2.57,2.541,2.569,388380780.0,993151556.0
2025-07-02,512100.SH,2.563,2.564,2.536,2.546,384424270.0,978550360.0
2025-07-03,512100.SH,2.545,2.56,2.536,2.557,351904325.0,897083089.0
2025-07-04,512100.SH,2.55,2.573,2.537,2.547,333574096.0,851113098.0
2025-07-07,512100.SH,2.543,2.554,2.542,2.55,162496460.0,414157613.0
2025-07-08,512100.SH,2.549,2.587,2.544,2.586,408341132.0,1052121837.0
2025-07-09,512100.SH,2.588,2.595,2.573,2.578,443421057.0,1145274637.0
2025-07-10,512100.SH,2.577,2.596,2.569,2.583,371182948.0,958508578.0
2025-07-11,512100.SH,2.585,2.622,2.576,2.609,681163909.0,1774114729.0
2025-07-14,512100.SH,2.611,2.612,2.598,2.607,474159608.0,1235881872.0
2025-07-15,512100.SH,2.605,2.614,2.573,2.598,402189324.0,1042538899.0
2025-07-16,512100.SH,2.599,2.621,2.595,2.609,354503198.0,924795858.0
2025-07-17,512100.SH,2.605,2.641,2.602,2.64,296636599.0,779912216.0
2025-07-18,512100.SH,2.641,2.653,2.632,2.646,292069104.0,772012784.0
2025-07-21,512100.SH,2.646,2.669,2.646,2.668,638365107.0,1700335607.0
2025-07-22,512100.SH,2.67,2.685,2.661,2.684,301110458.0,804987759.0
2025-07-23,512100.SH,2.685,2.697,2.665,2.674,387038935.0,1037425441.0
2025-07-24,512100.SH,2.672,2.712,2.668,2.71,511780538.0,1380421807.0
2025-07-25,512100.SH,2.712,2.712,2.693,2.708,413442464.0,1117894811.0
2025-07-28,512100.SH,2.709,2.723,2.693,2.716,636824676.0,1725893866.0
2025-07-29,512100.SH,2.712,2.741,2.693,2.739,362942982.0,985352231.0
2025-07-30,512100.SH,2.736,2.736,2.693,2.714,482801497.0,1311967412.0
2025-07-31,512100.SH,2.706,2.726,2.68,2.695,392244411.0,1061977193.0
2025-08-01,512100.SH,2.691,2.711,2.677,2.693,375988764.0,1012789196.0
2025-08-04,512100.SH,2.682,2.727,2.676,2.726,389897697.0,1055042537.0
2025-08-05,512100.SH,2.726,2.743,2.722,2.742,336730609.0,919724149.0
2025-08-06,512100.SH,2.741,2.776,2.735,2.771,545459310.0,1507563977.0
2025-08-07,512100.SH,2.774,2.781,2.751,2.772,508460233.0,1407145914.0
2025-08-08,512100.SH,2.769,2.773,2.751,2.763,267509312.0,738651457.0
2025-08-11,512100.SH,2.765,2.814,2.764,2.803,817421895.0,2288333864.0
2025-08-12,512100.SH,2.804,2.814,2.788,2.813,392998739.0,1101429805.0
2025-08-13,512100.SH,2.816,2.861,2.816,2.854,604396213.0,1716167434.0
2025-08-14,512100.SH,2.857,2.86,2.812,2.823,618946675.0,1755421751.0
2025-08-15,512100.SH,2.81,2.883,2.808,2.881,705619418.0,2016757400.0
2025-08-18,512100.SH,2.886,2.941,2.883,2.923,891477346.0000001,2602947187.0
2025-08-19,512100.SH,2.92,2.945,2.906,2.925,520186443.0,1522119437.0
2025-08-20,512100.SH,2.913,2.96,2.894,2.958,807727119.0,2366208145.0
2025-08-21,512100.SH,2.963,2.971,2.916,2.931,852015569.0,2502943431.0
2025-08-22,512100.SH,2.927,2.984,2.927,2.982,709515708.0,2100501004.0
2025-08-25,512100.SH,2.995,3.039,2.992,3.021,698136020.0,2103633284.0
2025-08-26,512100.SH,3.011,3.046,3.002,3.021,350081789.0,1058591719.0
2025-08-27,512100.SH,3.02,3.057,2.962,2.968,548447772.0,1651099835.0
2025-08-28,512100.SH,2.951,3.01,2.916,3.009,916711712.0,2726772864.0
2025-08-29,512100.SH,3.002,3.026,2.978,3.006,534085171.0,1602241276.0
2025-09-01,512100.SH,3.015,3.044,2.997,3.038,389943842.0,1177584128.0
2025-09-02,512100.SH,3.028,3.03,2.931,2.959,684285132.0,2027568639.0
2025-09-03,512100.SH,2.961,2.972,2.899,2.914,629199415.0,1848128927.0
2025-09-04,512100.SH,2.911,2.934,2.806,2.846,1336910395.0,3834456899.0
2025-09-05,512100.SH,2.845,2.934,2.839,2.929,768723305.0,2221064701.0
2025-09-08,512100.SH,2.928,2.962,2.915,2.953,1149658211.0,3375375712.0
2025-09-09,512100.SH,2.944,2.955,2.906,2.919,351648767.0,1032124134.0
2025-09-10,512100.SH,2.915,2.951,2.902,2.921,490106344.00000006,1434574666.0
2025-09-11,512100.SH,2.91,3.0,2.887,2.999,612519305.0,1816753782.0
2025-09-12,512100.SH,3.0,3.022,2.987,3.0,472103577.0,1418023572.0
2025-09-15,512100.SH,3.001,3.013,2.99,2.997,365882233.0,1097967806.0
2025-09-16,512100.SH,2.997,3.033,2.973,3.029,332243113.0,999678718.0
2025-09-17,512100.SH,3.021,3.061,3.014,3.056,403877469.0,1229537886.0
2025-09-18,512100.SH,3.059,3.099,2.984,3.017,678408438.0,2065290108.0
2025-09-19,512100.SH,3.014,3.038,2.99,3.006,313835217.0,947421819.0
2025-09-22,512100.SH,3.007,3.033,2.996,3.031,248171374.00000003,748026695.0
2025-09-23,512100.SH,3.029,3.031,2.94,2.995,429979117.0,1281869499.0
2025-09-24,512100.SH,2.976,3.049,2.966,3.047,407601273.0,1231461852.0
2025-09-25,512100.SH,3.046,3.059,3.03,3.036,375093092.0,1141320425.0
2025-09-26,512100.SH,3.026,3.043,2.993,2.995,293412203.0,884004107.0
2025-09-29,512100.SH,2.992,3.044,2.984,3.032,599342326.0,1812375200.0
2025-09-30,512100.SH,3.043,3.075,3.038,3.063,390829856.0,1196572701.0
2025-10-09,512100.SH,3.074,3.104,3.067,3.089,419747414.0,1296549892.0
2025-10-10,512100.SH,3.08,3.08,3.039,3.048,510707140.00000006,1560995430.0
2025-10-13,512100.SH,2.95,3.051,2.936,3.039,542341339.0,1631955981.0
2025-10-14,512100.SH,3.053,3.076,2.97,2.985,505974202.0,1531959611.0
2025-10-15,512100.SH,2.978,3.03,2.961,3.026,431160491.0,1293056114.0
2025-10-16,512100.SH,3.012,3.022,2.986,2.995,396589754.0,1191589748.0
2025-10-17,512100.SH,2.99,3.004,2.905,2.909,542043688.0,1593350754.0
2025-10-20,512100.SH,2.924,2.956,2.911,2.927,377555171.0,1107010497.0
2025-10-21,512100.SH,2.935,2.976,2.927,2.968,603896981.0,1788428492.0
2025-10-22,512100.SH,2.953,2.973,2.941,2.958,325575660.0,962524400.0
2025-10-23,512100.SH,2.949,2.964,2.909,2.96,419130209.0,1229183167.0
2025-10-24,512100.SH,2.97,3.01,2.969,3.008,423947319.00000006,1266926095.0
2025-10-27,512100.SH,3.028,3.042,3.007,3.03,507765845.0,1537540694.0
2025-10-28,512100.SH,3.026,3.052,3.011,3.025,302040243.0,915679731.0
2025-10-29,512100.SH,3.031,3.067,3.019,3.066,353465816.0,1076427278.0
2025-10-30,512100.SH,3.061,3.064,3.024,3.035,438635840.00000006,1334865164.0
2025-10-31,512100.SH,3.032,3.072,3.028,3.037,530660830.0,1619049117.0
2025-11-03,512100.SH,3.035,3.054,2.998,3.049,489834617.0,1482343354.0
2025-11-04,512100.SH,3.04,3.043,2.989,3.008,342481384.0,1032912033.0
2025-11-05,512100.SH,2.978,3.032,2.974,3.023,354743247.0,1067369854.0
2025-11-06,512100.SH,3.023,3.06,3.018,3.057,221836711.0,674503686.0
2025-11-07,512100.SH,3.047,3.069,3.029,3.055,187756324.0,572784717.0
2025-11-10,512100.SH,3.069,3.074,3.04,3.059,207779434.0,634558563.0
2025-11-11,512100.SH,3.068,3.079,3.045,3.052,246945009.0,755785172.0
2025-11-12,512100.SH,3.045,3.052,3.005,3.034,260154533.0,787013464.0
2025-11-13,512100.SH,3.026,3.08,3.022,3.076,332169918.0,1016817833.0
2025-11-14,512100.SH,3.053,3.072,3.034,3.035,335187023.0,1023067739.0
2025-11-17,512100.SH,3.035,3.054,3.027,3.042,265158673.0,806258368.0
2025-11-18,512100.SH,3.035,3.042,3.001,3.018,402508204.0,1215499091.0
2025-11-19,512100.SH,3.012,3.028,2.974,2.992,435518215.00000006,1304903117.0
2025-11-20,512100.SH,3.008,3.014,2.97,2.973,413413864.0,1233129891.0
2025-11-21,512100.SH,2.944,2.954,2.862,2.862,974623250.0,2827531118.0
2025-11-24,512100.SH,2.87,2.909,2.859,2.895,581002485.0,1677040184.0
2025-11-25,512100.SH,2.907,2.958,2.907,2.933,817354910.0,2402312634.0
2025-11-26,512100.SH,2.935,2.957,2.921,2.933,384465960.0,1131627605.0
2025-11-27,512100.SH,2.933,2.967,2.932,2.936,255884868.00000003,754209829.0
2025-11-28,512100.SH,2.935,2.97,2.928,2.967,182699208.0,539547380.0
2025-12-01,512100.SH,2.976,2.993,2.969,2.987,296228774.0,883188854.0
2025-12-02,512100.SH,2.986,2.986,2.952,2.962,214907549.00000003,636159949.0
2025-12-03,512100.SH,2.964,2.968,2.926,2.935,241744327.0,710780851.0
2025-12-04,512100.SH,2.936,2.946,2.91,2.938,255258681.0,747805814.0
2025-12-05,512100.SH,2.934,2.98,2.912,2.978,509474023.00000006,1508665508.0
2025-12-08,512100.SH,2.985,3.014,2.981,3.004,404364159.0,1212798136.0
2025-12-09,512100.SH,3.001,3.012,2.984,2.987,238018175.0,713248653.0
2025-12-10,512100.SH,2.982,3.005,2.966,2.999,378737177.0,1129835751.0
2025-12-11,512100.SH,3.004,3.009,2.964,2.968,462293222.0,1379094796.0
2025-12-12,512100.SH,2.969,2.998,2.958,2.988,535058749.0,1592378750.0
2025-12-15,512100.SH,2.978,2.991,2.961,2.967,268919880.0,799367753.0
2025-12-16,512100.SH,2.963,2.963,2.898,2.916,337804903.0,985234127.0
2025-12-17,512100.SH,2.909,2.965,2.899,2.955,452032429.0,1325051502.0
2025-12-18,512100.SH,2.935,2.977,2.934,2.949,291718142.0,863284585.0
2025-12-19,512100.SH,2.96,2.985,2.95,2.974,338444749.0,1005756484.0
2025-12-22,512100.SH,2.986,3.014,2.985,3.001,272015929.0,816590554.0
2025-12-23,512100.SH,2.999,3.016,2.986,2.998,213444229.0,639972505.0
2025-12-24,512100.SH,2.993,3.049,2.993,3.045,318340968.0,966004332.0
2025-12-25,512100.SH,3.044,3.081,3.039,3.071,369447114.0,1133242322.0
2025-12-26,512100.SH,3.069,3.103,3.063,3.082,763731657.0,2358590830.0
2025-12-29,512100.SH,3.082,3.097,3.066,3.077,427984743.0,1319562847.0
2025-12-30,512100.SH,3.068,3.098,3.062,3.08,296175084.0,913465496.0
2025-12-31,512100.SH,3.087,3.09,3.061,3.079,408618682.0,1257709786.0
2026-01-05,512100.SH,3.09,3.152,3.088,3.15,394175565.0,1232361749.0
2026-01-06,512100.SH,3.157,3.2,3.148,3.195,511493235.0,1622343719.0
2026-01-07,512100.SH,3.195,3.218,3.187,3.203,560107944.0,1793959251.0
2026-01-08,512100.SH,3.196,3.244,3.196,3.231,338257499.0,1090632989.0
2026-01-09,512100.SH,3.226,3.31,3.226,3.305,869145775.0,2854686754.0
2026-01-12,512100.SH,3.323,3.414,3.311,3.406,1050504198.0,3546463631.0
2026-01-13,512100.SH,3.408,3.411,3.318,3.337,959587911.0,3213527947.0
2026-01-14,512100.SH,3.319,3.42,3.302,3.345,1746936879.0,5889750236.0
2026-01-15,512100.SH,3.318,3.35,3.3,3.345,970751647.0,3230169281.0
2026-01-16,512100.SH,3.367,3.371,3.31,3.336,1907144482.0,6355260291.0
2026-01-19,512100.SH,3.276,3.327,3.271,3.304,2148968844.0,7097946228.0
2026-01-20,512100.SH,3.308,3.32,3.242,3.277,1579120385.0,5171017769.0
2026-01-21,512100.SH,3.258,3.323,3.254,3.305,5531528920.0,18225690670.0
2026-01-22,512100.SH,3.315,3.33,3.3,3.33,1968484586.0,6522283738.0
2026-01-23,512100.SH,3.343,3.411,3.33,3.402,3412275226.0,11508716134.0
2026-01-26,512100.SH,3.406,3.424,3.319,3.344,2724660480.0,9142661824.0
2026-01-27,512100.SH,3.331,3.37,3.272,3.357,1658356928.0,5530076295.0
2026-01-28,512100.SH,3.355,3.374,3.332,3.366,2266138347.0,7595431321.0
2026-01-29,512100.SH,3.357,3.394,3.323,3.34,1496102260.0,5017027384.0
2026-01-30,512100.SH,3.321,3.34,3.229,3.311,813444553.0,2677913192.0
2026-02-02,512100.SH,3.274,3.297,3.171,3.175,1501811180.0,4836900740.0
2026-02-03,512100.SH,3.215,3.293,3.204,3.284,892554855.0000001,2906752965.0
2026-02-04,512100.SH,3.28,3.293,3.239,3.289,989024602.0,3227698198.0
2026-02-05,512100.SH,3.259,3.265,3.21,3.232,710863857.0,2297231271.0
2026-02-06,512100.SH,3.19,3.268,3.177,3.221,1221740140.0,3953130736.0
2026-02-09,512100.SH,3.262,3.304,3.261,3.302,944362426.0,3107409368.0
2026-02-10,512100.SH,3.3,3.312,3.281,3.301,434578018.0,1434599947.0
2026-02-11,512100.SH,3.295,3.328,3.295,3.303,394626399.0,1306685076.0
2026-02-12,512100.SH,3.301,3.344,3.291,3.336,636210441.0,2117612112.0
2026-02-13,512100.SH,3.32,3.332,3.281,3.285,1079324757.0,3563349152.0
2026-02-24,512100.SH,3.321,3.351,3.298,3.322,571900212.0,1902759248.0
2026-02-25,512100.SH,3.328,3.382,3.327,3.371,1352661132.0,4554023804.0
2026-02-26,512100.SH,3.378,3.4,3.358,3.396,1120088952.0,3784913296.0
2026-02-27,512100.SH,3.383,3.432,3.366,3.431,601095827.0,2050800828.0
2026-03-02,512100.SH,3.396,3.42,3.357,3.393,1031242300.0,3495460337.0
2026-03-03,512100.SH,3.396,3.405,3.255,3.268,1084775070.0,3582470992.0
2026-03-04,512100.SH,3.235,3.299,3.226,3.238,806775656.0,2624182763.0
2026-03-05,512100.SH,3.285,3.295,3.248,3.266,778934083.0,2551815050.0
2026-03-06,512100.SH,3.245,3.313,3.245,3.3,454058568.0,1495044035.0
2026-03-09,512100.SH,3.25,3.298,3.197,3.287,700741453.0,2270579174.0
2026-03-10,512100.SH,3.31,3.346,3.309,3.344,627368356.0,2087054026.0
2026-03-11,512100.SH,3.346,3.36,3.335,3.346,414581334.0,1387909318.0
2026-03-12,512100.SH,3.332,3.356,3.302,3.338,398649896.0,1327090956.0
2026-03-13,512100.SH,3.32,3.345,3.282,3.291,331806097.0,1099532333.0
2026-03-16,512100.SH,3.284,3.294,3.235,3.285,384359570.0,1257058118.0
2026-03-17,512100.SH,3.285,3.292,3.21,3.212,530466241.0,1717548878.0
2026-03-18,512100.SH,3.216,3.243,3.191,3.24,988433529.0,3186405583.0
2026-03-19,512100.SH,3.195,3.209,3.152,3.17,566367705.0,1800851517.0
2026-03-20,512100.SH,3.175,3.202,3.114,3.117,790650950.0,2497769362.0
2026-03-23,512100.SH,3.07,3.093,2.944,2.967,1015503106.0,3064690365.0
2026-03-24,512100.SH,3.002,3.046,2.949,3.044,1152965185.0,3459685012.0
2026-03-25,512100.SH,3.062,3.117,3.062,3.101,1132693581.0,3507116571.0
2026-03-26,512100.SH,3.086,3.111,3.049,3.057,434464143.0,1337000942.0
2026-03-27,512100.SH,3.016,3.119,3.016,3.106,474300567.0,1460200991.0
2026-03-30,512100.SH,3.069,3.115,3.048,3.109,572075868.0,1762958408.0
2026-03-31,512100.SH,3.105,3.12,3.05,3.051,511044910.0,1573716480.0
2026-04-01,512100.SH,3.101,3.121,3.081,3.107,582722002.0,1806421889.0
2026-04-02,512100.SH,3.09,3.111,3.032,3.055,537118695.0,1647033000.0
2026-04-03,512100.SH,3.066,3.069,3.012,3.02,365770211.0,1109787432.0
2026-04-07,512100.SH,3.026,3.062,3.025,3.045,609754503.0,1857820791.0
2026-04-08,512100.SH,3.12,3.191,3.1,3.189,1181620016.0,3716993673.0
2026-04-09,512100.SH,3.156,3.186,3.152,3.171,876736236.9999999,2781005235.0
2026-04-10,512100.SH,3.186,3.231,3.186,3.201,545524973.0,1751475935.0
2026-04-13,512100.SH,3.185,3.219,3.174,3.213,529168811.00000006,1697156888.0
2026-04-14,512100.SH,3.24,3.265,3.225,3.263,464273580.0,1504789075.0
2026-04-15,512100.SH,3.283,3.284,3.24,3.246,487496477.0,1588571620.0
2026-04-16,512100.SH,3.253,3.305,3.247,3.298,637599764.0,2093383461.0
2026-04-17,512100.SH,3.29,3.343,3.288,3.33,638413390.0,2115703225.0
2026-04-20,512100.SH,3.329,3.359,3.324,3.345,771544832.0,2580739023.0
2026-04-21,512100.SH,3.337,3.348,3.31,3.344,598420528.0,1994360867.0
2026-04-22,512100.SH,3.327,3.402,3.327,3.401,726903783.0,2455334014.0
2026-04-23,512100.SH,3.401,3.406,3.329,3.355,897280040.0,3010058947.0
2026-04-24,512100.SH,3.329,3.355,3.309,3.326,1129195213.0,3759355932.0
2026-04-27,512100.SH,3.323,3.353,3.309,3.339,1184360294.0,3953673572.0
2026-04-28,512100.SH,3.326,3.335,3.282,3.297,1047300385.0,3460949756.0
2026-04-29,512100.SH,3.284,3.351,3.274,3.346,1692582455.0,5637358802.0
2026-04-30,512100.SH,3.336,3.368,3.335,3.362,1784754868.0,5976880487.0
2026-05-06,512100.SH,3.383,3.455,3.383,3.433,1364313617.0,4683871959.0
2026-05-07,512100.SH,3.448,3.497,3.437,3.493,644362484.0,2235023697.0
2026-05-08,512100.SH,3.472,3.516,3.466,3.506,858878388.0000001,3003352746.0
2026-05-11,512100.SH,3.525,3.569,3.513,3.555,1008020130.0,3574858602.0
2026-05-12,512100.SH,3.555,3.558,3.514,3.54,526347387.0,1861816115.0
2026-05-13,512100.SH,3.51,3.603,3.51,3.598,486650617.0,1735216481.0
2026-05-14,512100.SH,3.61,3.613,3.525,3.529,628072853.0,2238207387.0
2026-05-15,512100.SH,3.526,3.554,3.461,3.488,1098945964.0,3851089697.0
2026-05-18,512100.SH,3.473,3.527,3.461,3.503,677039595.0,2369757998.0
2026-05-19,512100.SH,3.5,3.545,3.454,3.542,646330325.0,2262618059.0
2026-05-20,512100.SH,3.517,3.546,3.492,3.545,667646831.0,2346425503.0
2026-05-21,512100.SH,3.555,3.583,3.422,3.432,1014267883.0,3543117593.0
2026-05-22,512100.SH,3.446,3.531,3.431,3.495,1024574631.0,3561142225.0
2026-05-25,512100.SH,3.511,3.543,3.484,3.539,876187824.0,3082372006.0
2026-05-26,512100.SH,3.515,3.522,3.445,3.499,512626597.0,1784394000.0
2026-05-27,512100.SH,3.491,3.519,3.414,3.437,712299493.0,2468815426.0
2026-05-28,512100.SH,3.437,3.485,3.404,3.472,695836315.0,2394450663.0
2026-05-29,512100.SH,3.479,3.488,3.363,3.383,1351891663.0,4591159130.0
2026-06-01,512100.SH,3.368,3.42,3.355,3.359,1170716711.0,3957072409.0
2026-06-02,512100.SH,3.358,3.394,3.307,3.368,1249128292.0,4187143941.0
2026-06-03,512100.SH,3.37,3.436,3.359,3.389,1313278326.0,4469758898.0
2026-06-04,512100.SH,3.35,3.4,3.35,3.385,757699547.0,2563956253.0
2026-06-05,512100.SH,3.366,3.423,3.34,3.358,748048004.0,2524879105.0
2026-06-08,512100.SH,3.29,3.324,3.216,3.258,1299302247.0,4255609800.0
2026-06-09,512100.SH,3.283,3.348,3.259,3.341,1529807072.0,5043848542.0
2026-06-10,512100.SH,3.3,3.332,3.265,3.303,631423067.0,2083885473.0
2026-06-11,512100.SH,3.279,3.313,3.258,3.286,523278240.00000006,1715659503.0
2026-06-12,512100.SH,3.322,3.367,3.299,3.309,653798120.0,2177669039.0
2026-06-15,512100.SH,3.344,3.44,3.342,3.439,911016450.0,3096700796.0
2026-06-16,512100.SH,3.449,3.508,3.43,3.491,823181296.0,2852078190.0
2026-06-17,512100.SH,3.475,3.52,3.468,3.519,405930270.0,1419535675.0
2026-06-18,512100.SH,3.501,3.553,3.5,3.544,410609177.0,1451729505.0
2026-06-22,512100.SH,3.555,3.595,3.482,3.58,580212395.0,2045199985.0
2026-06-23,512100.SH,3.562,3.579,3.485,3.51,580459780.0,2050210533.0
2026-06-24,512100.SH,3.507,3.556,3.472,3.551,882868186.0,3109888511.0
2026-06-25,512100.SH,3.549,3.584,3.528,3.569,417739741.0,1486707305.0
2026-06-26,512100.SH,3.55,3.56,3.461,3.484,540517674.0,1892122016.0
2026-06-29,512100.SH,3.474,3.511,3.404,3.475,1104878351.0,3813713696.0
2026-06-30,512100.SH,3.467,3.581,3.458,3.577,743602234.0,2618370336.0
2026-07-01,512100.SH,3.555,3.615,3.555,3.585,447238234.0,1606030673.0
2026-07-02,512100.SH,3.563,3.583,3.48,3.491,866807707.0,3054881403.0
2026-07-03,512100.SH,3.477,3.534,3.466,3.488,657408841.0,2301916878.0
2026-07-06,512100.SH,3.499,3.523,3.417,3.435,1098020550.0,3785665420.0
2026-07-07,512100.SH,3.411,3.438,3.347,3.368,1200056580.0,4053036441.0
2026-07-08,512100.SH,3.368,3.376,3.289,3.29,1637883192.0,5428911563.0
2026-07-09,512100.SH,3.3,3.362,3.233,3.354,1811263848.0,5975203736.0
2026-07-10,512100.SH,3.359,3.41,3.312,3.312,1220106318.0,4127840183.0
2026-07-13,512100.SH,3.3,3.312,3.145,3.158,2287747148.0,7324695009.0
2026-07-14,512100.SH,3.161,3.207,3.101,3.206,1990298078.0,6282743521.0
2026-07-15,512100.SH,3.206,3.226,3.15,3.169,1150648372.0,3669496340.0
2026-07-16,512100.SH,3.134,3.176,3.075,3.092,1809407948.0,5645460842.0
2026-07-17,512100.SH,3.081,3.087,2.889,2.908,3277676279.0,9752991503.0
2026-07-20,512100.SH,2.944,2.98,2.748,2.818,3066381124.0,8737944400.0
2026-07-21,512100.SH,2.824,2.939,2.72,2.933,3065818819.0,8763987973.0
2026-07-22,512100.SH,2.909,2.953,2.879,2.891,2798478266.0,8180947603.0
2026-07-23,512100.SH,2.892,2.937,2.879,2.914,940791734.0,2738518123.0
2026-07-24,512100.SH,2.886,2.904,2.828,2.832,1251286210.0,3575677638.0
2026-07-27,512100.SH,2.83,2.931,2.825,2.93,1687793685.0000002,4883075466.0
2026-07-28,512100.SH,2.891,2.909,2.834,2.848,1845682081.0,5302644950.0
2026-07-29,512100.SH,2.849,2.894,2.796,2.878,2834990126.0,8083231833.0
2026-07-30,512100.SH,2.86,2.891,2.768,2.798,1951217859.0,5508013987.0
2026-07-31,512100.SH,2.877,2.934,2.86,2.864,3052011166.0,8843934744.0
2026-08-03,512100.SH,2.85,2.89,2.849,2.867,1209069378.0,3472108739.0
2026-08-04,512100.SH,2.885,2.965,2.88,2.943,1744231305.9999998,5108637266.0
2026-08-05,512100.SH,2.93,3.048,2.928,3.035,1654908070.0,4994865861.0
2026-08-06,512100.SH,3.0,3.063,2.999,3.049,2297233146.0,6983390547.0
2026-08-07,512100.SH,3.048,3.113,3.016,3.111,2205244011.0,6785066049.0
2026-08-10,512100.SH,3.118,3.132,3.089,3.129,1481863701.0,4612481051.0
2026-08-11,512100.SH,3.123,3.155,3.095,3.12,1077251824.0,3367951533.0
2026-08-12,512100.SH,3.112,3.162,3.112,3.156,1026345028.0,3229910337.0
2026-08-13,512100.SH,3.169,3.19,3.125,3.128,929303903.0,2942882056.0
2026-08-14,512100.SH,3.14,3.153,3.11,3.145,922393175.0,2893140712.0
2026-08-17,512100.SH,3.152,3.225,3.134,3.225,880289852.0,2802796757.0
2026-08-18,512100.SH,3.227,3.235,3.175,3.213,1066395576.0,3420061084.0
2026-08-19,512100.SH,3.161,3.191,3.035,3.048,1805831767.0,5561657491.0
2026-08-20,512100.SH,3.076,3.101,3.058,3.074,1279342627.0,3940218318.0
2026-08-21,512100.SH,3.059,3.094,3.03,3.08,810921353.0,2490916987.0
2026-08-24,512100.SH,3.075,3.09,2.987,3.04,1125962550.0,3412478961.0
2026-08-25,512100.SH,3.006,3.066,2.981,3.048,1230638083.0,3722855592.0
2026-08-26,512100.SH,3.055,3.086,3.025,3.059,1080554664.0,3301834136.0
2026-08-27,512100.SH,3.064,3.14,3.052,3.137,971975962.0,3021324049.0
2026-08-28,512100.SH,3.132,3.164,3.123,3.127,772191527.0,2424223433.0
2026-08-31,512100.SH,3.095,3.155,3.083,3.149,897705494.0,2798399965.0
2026-09-01,512100.SH,3.15,3.15,3.106,3.122,1078094659.0,3368155300.0
2026-09-02,512100.SH,3.089,3.096,3.055,3.078,1067838455.0,3281144599.0
2026-09-03,512100.SH,3.09,3.11,3.053,3.086,680115840.0,2096350804.0
2026-09-04,512100.SH,3.107,3.134,3.03,3.044,1161796741.0,3594388742.0
2026-09-07,512100.SH,3.06,3.116,3.06,3.097,1098389294.0,3395842229.0
2026-09-08,512100.SH,3.107,3.137,3.091,3.106,801906763.0,2496579314.0
