trial_number,trial_id,state,params,feasible,candidate_id,strategy_hash,behavior_hash,metadata,rejection_code,rejection_message,datetime_start_utc,datetime_complete_utc,duration_seconds,objective.cagr,objective.max_drawdown,objective.calmar,constraint_violation.full_cagr_shortfall,constraint_violation.full_drawdown_loss,constraint_violation.s001_drawdown_loss,constraint_violation.frequency_median_shortfall,constraint_violation.frequency_p10_shortfall,constraint_violation.discovery_cagr_shortfall,constraint_violation.confirmation_cagr_shortfall,constraint_violation.confirmation_drawdown_loss,metric.entry_threshold,metric.exit_threshold,metric.confirmation.cagr,metric.confirmation.calmar,metric.confirmation.closed_trades,metric.confirmation.exposure_ratio,metric.confirmation.maximum_drawdown,metric.confirmation.order_count,metric.confirmation.rolling_60_closed_trades_median,metric.confirmation.rolling_60_closed_trades_p10,metric.confirmation.total_return,metric.discovery.cagr,metric.discovery.calmar,metric.discovery.closed_trades,metric.discovery.exposure_ratio,metric.discovery.maximum_drawdown,metric.discovery.order_count,metric.discovery.rolling_60_closed_trades_median,metric.discovery.rolling_60_closed_trades_p10,metric.discovery.total_return,metric.full.cagr,metric.full.calmar,metric.full.closed_trades,metric.full.exposure_ratio,metric.full.maximum_drawdown,metric.full.order_count,metric.full.rolling_60_closed_trades_median,metric.full.rolling_60_closed_trades_p10,metric.full.total_return,metric.weights.micro_share_change_5d_lag1,metric.weights.price_close_vwap_deviation,metric.weights.price_intraday_range,metric.weights.risk_chinext_turnover_z20,metric.weights.risk_global_spx_return,metric.weights.risk_shibor_on_change_5d,metric.weights.tsfresh__log_volume_change__mean__lb20,pareto
294,S007-EX09-WEIGHTED-SCORE-00294,COMPLETE,"{""confirm_share_fraction"": 0.698299768394608, ""confirmation_total"": 0.2629038254689534, ""entry_quantile"": 0.7126882588944086, ""entry_timing_total"": 0.19282399529953148, ""exit_quantile"": 0.4980068454760237, ""opp_spx_fraction"": 0.7041301838976068, ""opportunity_total"": 0.4165533269336094, ""risk_shibor_fraction"": 0.7473498690985423}",True,,0955deb77fad1cfdf4c5bc0694d5ce97608f7c79a9e2a591e55d1e0c7855df0d,1dcd9e22286b3bb8c575ff84490a2180282d1773f08bf2d32e028f225a13667a,"{""confirmation"": {""cagr"": 0.5529044326357171, ""calmar"": 2.9848069907587367, ""closed_trades"": 101, ""exposure_ratio"": 0.44049459041731065, ""maximum_drawdown"": -0.1852395931621592, ""order_count"": 202, ""rolling_60_closed_trades_median"": 9.0, ""rolling_60_closed_trades_p10"": 6.0, ""total_return"": 2.0956831848436384}, ""discovery"": {""cagr"": 0.0452847594046224, ""calmar"": 0.23063100660121494, ""closed_trades"": 99, ""exposure_ratio"": 0.35075653370013754, ""maximum_drawdown"": -0.19635156639161044, ""order_count"": 199, ""rolling_60_closed_trades_median"": 8.0, ""rolling_60_closed_trades_p10"": 6.0, ""total_return"": 0.13629304168336986}, ""entry_threshold"": 0.06777822076566568, ""exit_threshold"": -0.004097980472351284, ""full"": {""cagr"": 0.2595773108441779, ""calmar"": 1.322002750548309, ""closed_trades"": 200, ""exposure_ratio"": 0.3930131004366812, ""maximum_drawdown"": -0.19635156639161044, ""order_count"": 400, ""rolling_60_closed_trades_median"": 9.0, ""rolling_60_closed_trades_p10"": 6.0, ""total_return"": 2.519362063825135}, ""weights"": {""micro_share_change_5d_lag1"": 0.1835856804350266, ""price_close_vwap_deviation"": 0.19282399529953148, ""price_intraday_range"": 0.0322681847516498, ""risk_chinext_turnover_z20"": 0.12324555623668706, ""risk_global_spx_return"": 0.2933077706969223, ""risk_shibor_on_change_5d"": 0.09545066754625584, ""tsfresh__log_volume_change__mean__lb20"": 0.07931814503392681}}",,,2026-09-15T01:03:04.166419+00:00,2026-09-15T01:03:04.179444+00:00,0.013025,0.2595773108441779,-0.19635156639161044,1.322002750548309,-0.018795433386412375,-0.0036484336083895674,-0.018982234614234317,-2.0,-3.0,-0.0452847594046224,-0.5529044326357171,-0.0147604068378408,0.06777822076566568,-0.004097980472351284,0.5529044326357171,2.9848069907587367,101.0,0.44049459041731065,-0.1852395931621592,202.0,9.0,6.0,2.0956831848436384,0.0452847594046224,0.23063100660121494,99.0,0.35075653370013754,-0.19635156639161044,199.0,8.0,6.0,0.13629304168336986,0.2595773108441779,1.322002750548309,200.0,0.3930131004366812,-0.19635156639161044,400.0,9.0,6.0,2.519362063825135,0.1835856804350266,0.19282399529953148,0.0322681847516498,0.12324555623668706,0.2933077706969223,0.09545066754625584,0.07931814503392681,False
515,S007-EX09-WEIGHTED-SCORE-00515,COMPLETE,"{""confirm_share_fraction"": 0.698299768394608, ""confirmation_total"": 0.2629038254689534, ""entry_quantile"": 0.729010987373294, ""entry_timing_total"": 0.19282399529953148, ""exit_quantile"": 0.4980068454760237, ""opp_spx_fraction"": 0.7041301838976068, ""opportunity_total"": 0.4165533269336094, ""risk_shibor_fraction"": 0.7473498690985423}",True,,4c7369b2236cb0dd6387fd8e6a9558a2203a790de9b0d1ca7631abb080dfb04a,3ffb8d644ec75f2174dba5e155768170967fbd93cbe85324a035c9b924c74661,"{""confirmation"": {""cagr"": 0.5984543462085559, ""calmar"": 3.2307042786725746, ""closed_trades"": 100, ""exposure_ratio"": 0.43431221020092736, ""maximum_drawdown"": -0.18523959316215954, ""order_count"": 200, ""rolling_60_closed_trades_median"": 9.0, ""rolling_60_closed_trades_p10"": 6.0, ""total_return"": 2.334204817452988}, ""discovery"": {""cagr"": 0.020121088173602475, ""calmar"": 0.10240250747924813, ""closed_trades"": 95, ""exposure_ratio"": 0.33975240715268223, ""maximum_drawdown"": -0.19649019022000036, ""order_count"": 191, ""rolling_60_closed_trades_median"": 8.0, ""rolling_60_closed_trades_p10"": 6.0, ""total_return"": 0.05915505036166535}, ""entry_threshold"": 0.07363830301491704, ""exit_threshold"": -0.004097980472351284, ""full"": {""cagr"": 0.26048455682999583, ""calmar"": 1.3256873360361865, ""closed_trades"": 195, ""exposure_ratio"": 0.38427947598253276, ""maximum_drawdown"": -0.19649019022000036, ""order_count"": 390, ""rolling_60_closed_trades_median"": 8.0, ""rolling_60_closed_trades_p10"": 6.0, ""total_return"": 2.533205591281199}, ""weights"": {""micro_share_change_5d_lag1"": 0.1835856804350266, ""price_close_vwap_deviation"": 0.19282399529953148, ""price_intraday_range"": 0.0322681847516498, ""risk_chinext_turnover_z20"": 0.12324555623668706, ""risk_global_spx_return"": 0.2933077706969223, ""risk_shibor_on_change_5d"": 0.09545066754625584, ""tsfresh__log_volume_change__mean__lb20"": 0.07931814503392681}}",,,2026-09-15T01:03:06.230310+00:00,2026-09-15T01:03:06.241340+00:00,0.01103,0.26048455682999583,-0.19649019022000036,1.3256873360361865,-0.019702679372230303,-0.003509809779999651,-0.0188436107858444,-1.0,-3.0,-0.020121088173602475,-0.5984543462085559,-0.014760406837840467,0.07363830301491704,-0.004097980472351284,0.5984543462085559,3.2307042786725746,100.0,0.43431221020092736,-0.18523959316215954,200.0,9.0,6.0,2.334204817452988,0.020121088173602475,0.10240250747924813,95.0,0.33975240715268223,-0.19649019022000036,191.0,8.0,6.0,0.05915505036166535,0.26048455682999583,1.3256873360361865,195.0,0.38427947598253276,-0.19649019022000036,390.0,8.0,6.0,2.533205591281199,0.1835856804350266,0.19282399529953148,0.0322681847516498,0.12324555623668706,0.2933077706969223,0.09545066754625584,0.07931814503392681,False
584,S007-EX09-WEIGHTED-SCORE-00584,COMPLETE,"{""confirm_share_fraction"": 0.6749320452895897, ""confirmation_total"": 0.27571539324347055, ""entry_quantile"": 0.729010987373294, ""entry_timing_total"": 0.15193377752410425, ""exit_quantile"": 0.4846657372279909, ""opp_spx_fraction"": 0.6620456275880582, ""opportunity_total"": 0.42482968377336394, ""risk_shibor_fraction"": 0.5093793084597256}",True,,671f437b3e7cd8208a1239ae7b2d6423f59cebb7dc10e4576702c05965ae24bc,5e26312e6c1c69df76173212ee4e2625c638b3f231c06e6833cb5b574cc50971,"{""confirmation"": {""cagr"": 0.6122264300053144, ""calmar"": 3.384574357166788, ""closed_trades"": 77, ""exposure_ratio"": 0.46831530139103555, ""maximum_drawdown"": -0.18088727426210438, ""order_count"": 154, ""rolling_60_closed_trades_median"": 7.0, ""rolling_60_closed_trades_p10"": 4.0, ""total_return"": 2.4084593388299305}, ""discovery"": {""cagr"": 0.012005732627133003, ""calmar"": 0.06565711006487343, ""closed_trades"": 85, ""exposure_ratio"": 0.328748280605227, ""maximum_drawdown"": -0.1828550269006749, ""order_count"": 171, ""rolling_60_closed_trades_median"": 7.0, ""rolling_60_closed_trades_p10"": 4.0, ""total_return"": 0.03502887228680707}, ""entry_threshold"": 0.07536910617223384, ""exit_threshold"": -0.010169380291110157, ""full"": {""cagr"": 0.26024970417713633, ""calmar"": 1.310930581626129, ""closed_trades"": 162, ""exposure_ratio"": 0.39446870451237265, ""maximum_drawdown"": -0.19852287209160424, ""order_count"": 324, ""rolling_60_closed_trades_median"": 7.0, ""rolling_60_closed_trades_p10"": 4.0, ""total_return"": 2.5296177526174293}, ""weights"": {""micro_share_change_5d_lag1"": 0.1860891542796391, ""price_close_vwap_deviation"": 0.15193377752410425, ""price_intraday_range"": 0.07237692640193805, ""risk_chinext_turnover_z20"": 0.14357304916159092, ""risk_global_spx_return"": 0.281256634611773, ""risk_shibor_on_change_5d"": 0.07514421905712321, ""tsfresh__log_volume_change__mean__lb20"": 0.08962623896383144}}",,,2026-09-15T01:03:06.881136+00:00,2026-09-15T01:03:06.893210+00:00,0.012074,0.26024970417713633,-0.19852287209160424,1.310930581626129,-0.019467826719370807,-0.00147712790839577,-0.01681092891424052,0.0,-1.0,-0.012005732627133003,-0.6122264300053144,-0.01911272573789563,0.07536910617223384,-0.010169380291110157,0.6122264300053144,3.384574357166788,77.0,0.46831530139103555,-0.18088727426210438,154.0,7.0,4.0,2.4084593388299305,0.012005732627133003,0.06565711006487343,85.0,0.328748280605227,-0.1828550269006749,171.0,7.0,4.0,0.03502887228680707,0.26024970417713633,1.310930581626129,162.0,0.39446870451237265,-0.19852287209160424,324.0,7.0,4.0,2.5296177526174293,0.1860891542796391,0.15193377752410425,0.07237692640193805,0.14357304916159092,0.281256634611773,0.07514421905712321,0.08962623896383144,False
627,S007-EX09-WEIGHTED-SCORE-00627,COMPLETE,"{""confirm_share_fraction"": 0.6749320452895897, ""confirmation_total"": 0.26981243636611896, ""entry_quantile"": 0.729010987373294, ""entry_timing_total"": 0.15193377752410425, ""exit_quantile"": 0.4846657372279909, ""opp_spx_fraction"": 0.6620456275880582, ""opportunity_total"": 0.42482968377336394, ""risk_shibor_fraction"": 0.5093793084597256}",True,,2f9a0180a4ff7b3e075540b3e883627d7130bf63035e67f2beff9e395ffd0f6d,47056ac3af38ed7f494450822374090e2958cd8095707d7f9b4d93439f8feebd,"{""confirmation"": {""cagr"": 0.6314001398361497, ""calmar"": 3.4905724706827868, ""closed_trades"": 79, ""exposure_ratio"": 0.46831530139103555, ""maximum_drawdown"": -0.1808872742621047, ""order_count"": 158, ""rolling_60_closed_trades_median"": 7.0, ""rolling_60_closed_trades_p10"": 5.0, ""total_return"": 2.513505490004482}, ""discovery"": {""cagr"": 0.014325224195741448, ""calmar"": 0.07834197636536824, ""closed_trades"": 86, ""exposure_ratio"": 0.33012379642365886, ""maximum_drawdown"": -0.1828550269006749, ""order_count"": 173, ""rolling_60_closed_trades_median"": 7.0, ""rolling_60_closed_trades_p10"": 4.0, ""total_return"": 0.04188744739300243}, ""entry_threshold"": 0.07453817242735856, ""exit_threshold"": -0.010144148908724396, ""full"": {""cagr"": 0.26882121057211505, ""calmar"": 1.354106999056877, ""closed_trades"": 165, ""exposure_ratio"": 0.3951965065502183, ""maximum_drawdown"": -0.19852287209160469, ""order_count"": 330, ""rolling_60_closed_trades_median"": 7.0, ""rolling_60_closed_trades_p10"": 5.0, ""total_return"": 2.6625076050152696}, ""weights"": {""micro_share_change_5d_lag1"": 0.18210505952115194, ""price_close_vwap_deviation"": 0.15193377752410425, ""price_intraday_range"": 0.07527303918723671, ""risk_chinext_turnover_z20"": 0.14357304916159092, ""risk_global_spx_return"": 0.281256634611773, ""risk_shibor_on_change_5d"": 0.07815106314917614, ""tsfresh__log_volume_change__mean__lb20"": 0.08770737684496702}}",,,2026-09-15T01:03:07.309382+00:00,2026-09-15T01:03:07.321527+00:00,0.012145,0.26882121057211505,-0.19852287209160469,1.354106999056877,-0.02803933311434953,-0.001477127908395326,-0.016810928914240075,0.0,-2.0,-0.014325224195741448,-0.6314001398361497,-0.019112725737895297,0.07453817242735856,-0.010144148908724396,0.6314001398361497,3.4905724706827868,79.0,0.46831530139103555,-0.1808872742621047,158.0,7.0,5.0,2.513505490004482,0.014325224195741448,0.07834197636536824,86.0,0.33012379642365886,-0.1828550269006749,173.0,7.0,4.0,0.04188744739300243,0.26882121057211505,1.354106999056877,165.0,0.3951965065502183,-0.19852287209160469,330.0,7.0,5.0,2.6625076050152696,0.18210505952115194,0.15193377752410425,0.07527303918723671,0.14357304916159092,0.281256634611773,0.07815106314917614,0.08770737684496702,False
659,S007-EX09-WEIGHTED-SCORE-00659,COMPLETE,"{""confirm_share_fraction"": 0.698299768394608, ""confirmation_total"": 0.28767649301244924, ""entry_quantile"": 0.729010987373294, ""entry_timing_total"": 0.15193377752410425, ""exit_quantile"": 0.4846657372279909, ""opp_spx_fraction"": 0.6620456275880582, ""opportunity_total"": 0.42482968377336394, ""risk_shibor_fraction"": 0.5093793084597256}",True,,6fba1a554f7a9a0c0dcffafdaf7b40d737d6a6412820c7d724cc16266d97f803,5a34293f504db3aa1c4e0d9a47cdf53d32bd53548d32018f4d325b2894c453d1,"{""confirmation"": {""cagr"": 0.6000383028443488, ""calmar"": 3.3171946743743685, ""closed_trades"": 76, ""exposure_ratio"": 0.46367851622874806, ""maximum_drawdown"": -0.1808872742621045, ""order_count"": 152, ""rolling_60_closed_trades_median"": 7.0, ""rolling_60_closed_trades_p10"": 4.0, ""total_return"": 2.3426942034431617}, ""discovery"": {""cagr"": 0.023671033565962896, ""calmar"": 0.12978619855889267, ""closed_trades"": 84, ""exposure_ratio"": 0.33012379642365886, ""maximum_drawdown"": -0.18238482850101945, ""order_count"": 169, ""rolling_60_closed_trades_median"": 7.0, ""rolling_60_closed_trades_p10"": 4.0, ""total_return"": 0.0698231444420272}, ""entry_threshold"": 0.07570330231941753, ""exit_threshold"": -0.01196381617410524, ""full"": {""cagr"": 0.26339264295125697, ""calmar"": 1.3449392286002921, ""closed_trades"": 160, ""exposure_ratio"": 0.3930131004366812, ""maximum_drawdown"": -0.1958398099707267, ""order_count"": 320, ""rolling_60_closed_trades_median"": 7.0, ""rolling_60_closed_trades_p10"": 4.0, ""total_return"": 2.577879669447525}, ""weights"": {""micro_share_change_5d_lag1"": 0.20088442844316637, ""price_close_vwap_deviation"": 0.15193377752410425, ""price_intraday_range"": 0.06650856336169951, ""risk_chinext_turnover_z20"": 0.14357304916159092, ""risk_global_spx_return"": 0.281256634611773, ""risk_shibor_on_change_5d"": 0.06905148232838305, ""tsfresh__log_volume_change__mean__lb20"": 0.08679206456928289}}",,,2026-09-15T01:03:07.628099+00:00,2026-09-15T01:03:07.639748+00:00,0.011649,0.26339264295125697,-0.1958398099707267,1.3449392286002921,-0.022610765493491447,-0.004160190029273314,-0.019493991035118063,0.0,-1.0,-0.023671033565962896,-0.6000383028443488,-0.01911272573789552,0.07570330231941753,-0.01196381617410524,0.6000383028443488,3.3171946743743685,76.0,0.46367851622874806,-0.1808872742621045,152.0,7.0,4.0,2.3426942034431617,0.023671033565962896,0.12978619855889267,84.0,0.33012379642365886,-0.18238482850101945,169.0,7.0,4.0,0.0698231444420272,0.26339264295125697,1.3449392286002921,160.0,0.3930131004366812,-0.1958398099707267,320.0,7.0,4.0,2.577879669447525,0.20088442844316637,0.15193377752410425,0.06650856336169951,0.14357304916159092,0.281256634611773,0.06905148232838305,0.08679206456928289,False
830,S007-EX09-WEIGHTED-SCORE-00830,COMPLETE,"{""confirm_share_fraction"": 0.7423883834173866, ""confirmation_total"": 0.26981243636611896, ""entry_quantile"": 0.729010987373294, ""entry_timing_total"": 0.15193377752410425, ""exit_quantile"": 0.4846657372279909, ""opp_spx_fraction"": 0.6620456275880582, ""opportunity_total"": 0.42482968377336394, ""risk_shibor_fraction"": 0.5093793084597256}",True,,9360d27f915f596cb714a49a1987b2ccf943789222c6fc3b81fd5902b1b54354,c2812f98a5f25c4542bbabfe74390e583de35a7822bd85b9e341e1e3287cff18,"{""confirmation"": {""cagr"": 0.6309214713810805, ""calmar"": 3.4879262455294633, ""closed_trades"": 75, ""exposure_ratio"": 0.46831530139103555, ""maximum_drawdown"": -0.1808872742621045, ""order_count"": 150, ""rolling_60_closed_trades_median"": 7.0, ""rolling_60_closed_trades_p10"": 4.0, ""total_return"": 2.5108593134616184}, ""discovery"": {""cagr"": 0.029825336656592594, ""calmar"": 0.15835897632209256, ""closed_trades"": 83, ""exposure_ratio"": 0.33700137551581844, ""maximum_drawdown"": -0.1883400445575606, ""order_count"": 167, ""rolling_60_closed_trades_median"": 7.0, ""rolling_60_closed_trades_p10"": 4.0, ""total_return"": 0.08848360935367161}, ""entry_threshold"": 0.0754099769037148, ""exit_threshold"": -0.010576091859978038, ""full"": {""cagr"": 0.2788668602701445, ""calmar"": 1.4463127290571662, ""closed_trades"": 158, ""exposure_ratio"": 0.3988355167394469, ""maximum_drawdown"": -0.19281228372506576, ""order_count"": 316, ""rolling_60_closed_trades_median"": 7.0, ""rolling_60_closed_trades_p10"": 4.0, ""total_return"": 2.8234235738583853}, ""weights"": {""micro_share_change_5d_lag1"": 0.20030561845974953, ""price_close_vwap_deviation"": 0.15193377752410425, ""price_intraday_range"": 0.07527303918723671, ""risk_chinext_turnover_z20"": 0.14357304916159092, ""risk_global_spx_return"": 0.281256634611773, ""risk_shibor_on_change_5d"": 0.07815106314917614, ""tsfresh__log_volume_change__mean__lb20"": 0.06950681790636942}}",,,2026-09-15T01:03:09.461331+00:00,2026-09-15T01:03:09.473528+00:00,0.012197,0.2788668602701445,-0.19281228372506576,1.4463127290571662,-0.03808498281237899,-0.007187716274934253,-0.022521517280779002,0.0,-1.0,-0.029825336656592594,-0.6309214713810805,-0.01911272573789552,0.0754099769037148,-0.010576091859978038,0.6309214713810805,3.4879262455294633,75.0,0.46831530139103555,-0.1808872742621045,150.0,7.0,4.0,2.5108593134616184,0.029825336656592594,0.15835897632209256,83.0,0.33700137551581844,-0.1883400445575606,167.0,7.0,4.0,0.08848360935367161,0.2788668602701445,1.4463127290571662,158.0,0.3988355167394469,-0.19281228372506576,316.0,7.0,4.0,2.8234235738583853,0.20030561845974953,0.15193377752410425,0.07527303918723671,0.14357304916159092,0.281256634611773,0.07815106314917614,0.06950681790636942,False
841,S007-EX09-WEIGHTED-SCORE-00841,COMPLETE,"{""confirm_share_fraction"": 0.698299768394608, ""confirmation_total"": 0.2629038254689534, ""entry_quantile"": 0.6565194727515375, ""entry_timing_total"": 0.10699105566636638, ""exit_quantile"": 0.4980068454760237, ""opp_spx_fraction"": 0.7041301838976068, ""opportunity_total"": 0.45220013052324554, ""risk_shibor_fraction"": 0.7473498690985423}",True,,a145e7374dfe6ebbb95d9db7f8ad05b20638ac302913deeb58e5a7493dea23a0,827990d74bbbb2dc781553084cfd61ac42c66c6305a906cfbd7a2f2442b1b9da,"{""confirmation"": {""cagr"": 0.5938571795109095, ""calmar"": 3.283023540121534, ""closed_trades"": 101, ""exposure_ratio"": 0.4806800618238022, ""maximum_drawdown"": -0.1808872742621046, ""order_count"": 202, ""rolling_60_closed_trades_median"": 9.0, ""rolling_60_closed_trades_p10"": 7.0, ""total_return"": 2.3096403952666233}, ""discovery"": {""cagr"": 0.02203483667121242, ""calmar"": 0.111940830158271, ""closed_trades"": 105, ""exposure_ratio"": 0.3768913342503439, ""maximum_drawdown"": -0.19684360603774143, ""order_count"": 211, ""rolling_60_closed_trades_median"": 9.0, ""rolling_60_closed_trades_p10"": 6.0, ""total_return"": 0.06489745976534289}, ""entry_threshold"": 0.0505032082006027, ""exit_threshold"": -0.005184892237503605, ""full"": {""cagr"": 0.2600251393255302, ""calmar"": 1.3209732566861976, ""closed_trades"": 206, ""exposure_ratio"": 0.425764192139738, ""maximum_drawdown"": -0.19684360603774143, ""order_count"": 412, ""rolling_60_closed_trades_median"": 9.0, ""rolling_60_closed_trades_p10"": 7.0, ""total_return"": 2.5261898634810267}, ""weights"": {""micro_share_change_5d_lag1"": 0.1835856804350266, ""price_close_vwap_deviation"": 0.10699105566636638, ""price_intraday_range"": 0.044947718592485794, ""risk_chinext_turnover_z20"": 0.13379236945939085, ""risk_global_spx_return"": 0.3184077610638547, ""risk_shibor_on_change_5d"": 0.13295726974894895, ""tsfresh__log_volume_change__mean__lb20"": 0.07931814503392681}}",,,2026-09-15T01:03:09.573865+00:00,2026-09-15T01:03:09.586432+00:00,0.012567,0.2600251393255302,-0.19684360603774143,1.3209732566861976,-0.01924326186776465,-0.0031563939622585857,-0.018490194968103335,-2.0,-4.0,-0.02203483667121242,-0.5938571795109095,-0.01911272573789541,0.0505032082006027,-0.005184892237503605,0.5938571795109095,3.283023540121534,101.0,0.4806800618238022,-0.1808872742621046,202.0,9.0,7.0,2.3096403952666233,0.02203483667121242,0.111940830158271,105.0,0.3768913342503439,-0.19684360603774143,211.0,9.0,6.0,0.06489745976534289,0.2600251393255302,1.3209732566861976,206.0,0.425764192139738,-0.19684360603774143,412.0,9.0,7.0,2.5261898634810267,0.1835856804350266,0.10699105566636638,0.044947718592485794,0.13379236945939085,0.3184077610638547,0.13295726974894895,0.07931814503392681,False
842,S007-EX09-WEIGHTED-SCORE-00842,COMPLETE,"{""confirm_share_fraction"": 0.698299768394608, ""confirmation_total"": 0.28767649301244924, ""entry_quantile"": 0.729010987373294, ""entry_timing_total"": 0.15193377752410425, ""exit_quantile"": 0.4846657372279909, ""opp_spx_fraction"": 0.6620456275880582, ""opportunity_total"": 0.42482968377336394, ""risk_shibor_fraction"": 0.5093793084597256}",True,,6fba1a554f7a9a0c0dcffafdaf7b40d737d6a6412820c7d724cc16266d97f803,5a34293f504db3aa1c4e0d9a47cdf53d32bd53548d32018f4d325b2894c453d1,"{""confirmation"": {""cagr"": 0.6000383028443488, ""calmar"": 3.3171946743743685, ""closed_trades"": 76, ""exposure_ratio"": 0.46367851622874806, ""maximum_drawdown"": -0.1808872742621045, ""order_count"": 152, ""rolling_60_closed_trades_median"": 7.0, ""rolling_60_closed_trades_p10"": 4.0, ""total_return"": 2.3426942034431617}, ""discovery"": {""cagr"": 0.023671033565962896, ""calmar"": 0.12978619855889267, ""closed_trades"": 84, ""exposure_ratio"": 0.33012379642365886, ""maximum_drawdown"": -0.18238482850101945, ""order_count"": 169, ""rolling_60_closed_trades_median"": 7.0, ""rolling_60_closed_trades_p10"": 4.0, ""total_return"": 0.0698231444420272}, ""entry_threshold"": 0.07570330231941753, ""exit_threshold"": -0.01196381617410524, ""full"": {""cagr"": 0.26339264295125697, ""calmar"": 1.3449392286002921, ""closed_trades"": 160, ""exposure_ratio"": 0.3930131004366812, ""maximum_drawdown"": -0.1958398099707267, ""order_count"": 320, ""rolling_60_closed_trades_median"": 7.0, ""rolling_60_closed_trades_p10"": 4.0, ""total_return"": 2.577879669447525}, ""weights"": {""micro_share_change_5d_lag1"": 0.20088442844316637, ""price_close_vwap_deviation"": 0.15193377752410425, ""price_intraday_range"": 0.06650856336169951, ""risk_chinext_turnover_z20"": 0.14357304916159092, ""risk_global_spx_return"": 0.281256634611773, ""risk_shibor_on_change_5d"": 0.06905148232838305, ""tsfresh__log_volume_change__mean__lb20"": 0.08679206456928289}}",,,2026-09-15T01:03:09.586432+00:00,2026-09-15T01:03:09.599344+00:00,0.012912,0.26339264295125697,-0.1958398099707267,1.3449392286002921,-0.022610765493491447,-0.004160190029273314,-0.019493991035118063,0.0,-1.0,-0.023671033565962896,-0.6000383028443488,-0.01911272573789552,0.07570330231941753,-0.01196381617410524,0.6000383028443488,3.3171946743743685,76.0,0.46367851622874806,-0.1808872742621045,152.0,7.0,4.0,2.3426942034431617,0.023671033565962896,0.12978619855889267,84.0,0.33012379642365886,-0.18238482850101945,169.0,7.0,4.0,0.0698231444420272,0.26339264295125697,1.3449392286002921,160.0,0.3930131004366812,-0.1958398099707267,320.0,7.0,4.0,2.577879669447525,0.20088442844316637,0.15193377752410425,0.06650856336169951,0.14357304916159092,0.281256634611773,0.06905148232838305,0.08679206456928289,False
864,S007-EX09-WEIGHTED-SCORE-00864,COMPLETE,"{""confirm_share_fraction"": 0.7423883834173866, ""confirmation_total"": 0.27571539324347055, ""entry_quantile"": 0.729010987373294, ""entry_timing_total"": 0.15193377752410425, ""exit_quantile"": 0.4846657372279909, ""opp_spx_fraction"": 0.6620456275880582, ""opportunity_total"": 0.42482968377336394, ""risk_shibor_fraction"": 0.5093793084597256}",True,,98aaa7100f0df9fa003c83702c0fe963b49730d77a5b49d00dfa56780a8b6b1b,470423db2b659e2c2eefedef6593cc259f3b7995bb100035a774dea982a22e84,"{""confirmation"": {""cagr"": 0.6362595823280861, ""calmar"": 3.517436950297289, ""closed_trades"": 76, ""exposure_ratio"": 0.46986089644513135, ""maximum_drawdown"": -0.1808872742621045, ""order_count"": 152, ""rolling_60_closed_trades_median"": 7.0, ""rolling_60_closed_trades_p10"": 4.0, ""total_return"": 2.540438418216586}, ""discovery"": {""cagr"": 0.023208476067489325, ""calmar"": 0.12322645522363322, ""closed_trades"": 82, ""exposure_ratio"": 0.33700137551581844, ""maximum_drawdown"": -0.1883400445575606, ""order_count"": 165, ""rolling_60_closed_trades_median"": 7.0, ""rolling_60_closed_trades_p10"": 4.0, ""total_return"": 0.06842913342373524}, ""entry_threshold"": 0.07588689825027614, ""exit_threshold"": -0.01161135642902898, ""full"": {""cagr"": 0.2764751836053567, ""calmar"": 1.4011748633246475, ""closed_trades"": 158, ""exposure_ratio"": 0.39956331877729256, ""maximum_drawdown"": -0.19731668818933012, ""order_count"": 316, ""rolling_60_closed_trades_median"": 7.0, ""rolling_60_closed_trades_p10"": 4.0, ""total_return"": 2.7845989048908066}, ""weights"": {""micro_share_change_5d_lag1"": 0.20468790507330914, ""price_close_vwap_deviation"": 0.15193377752410425, ""price_intraday_range"": 0.07237692640193805, ""risk_chinext_turnover_z20"": 0.14357304916159092, ""risk_global_spx_return"": 0.281256634611773, ""risk_shibor_on_change_5d"": 0.07514421905712321, ""tsfresh__log_volume_change__mean__lb20"": 0.07102748817016143}}",,,2026-09-15T01:03:09.797877+00:00,2026-09-15T01:03:09.809804+00:00,0.011927,0.2764751836053567,-0.19731668818933012,1.4011748633246475,-0.0356933061475912,-0.002683311810669886,-0.018017112816514635,0.0,-1.0,-0.023208476067489325,-0.6362595823280861,-0.01911272573789552,0.07588689825027614,-0.01161135642902898,0.6362595823280861,3.517436950297289,76.0,0.46986089644513135,-0.1808872742621045,152.0,7.0,4.0,2.540438418216586,0.023208476067489325,0.12322645522363322,82.0,0.33700137551581844,-0.1883400445575606,165.0,7.0,4.0,0.06842913342373524,0.2764751836053567,1.4011748633246475,158.0,0.39956331877729256,-0.19731668818933012,316.0,7.0,4.0,2.7845989048908066,0.20468790507330914,0.15193377752410425,0.07237692640193805,0.14357304916159092,0.281256634611773,0.07514421905712321,0.07102748817016143,False
887,S007-EX09-WEIGHTED-SCORE-00887,COMPLETE,"{""confirm_share_fraction"": 0.7423883834173866, ""confirmation_total"": 0.27571539324347055, ""entry_quantile"": 0.729010987373294, ""entry_timing_total"": 0.15193377752410425, ""exit_quantile"": 0.4846657372279909, ""opp_spx_fraction"": 0.6620456275880582, ""opportunity_total"": 0.42482968377336394, ""risk_shibor_fraction"": 0.5093793084597256}",True,,98aaa7100f0df9fa003c83702c0fe963b49730d77a5b49d00dfa56780a8b6b1b,470423db2b659e2c2eefedef6593cc259f3b7995bb100035a774dea982a22e84,"{""confirmation"": {""cagr"": 0.6362595823280861, ""calmar"": 3.517436950297289, ""closed_trades"": 76, ""exposure_ratio"": 0.46986089644513135, ""maximum_drawdown"": -0.1808872742621045, ""order_count"": 152, ""rolling_60_closed_trades_median"": 7.0, ""rolling_60_closed_trades_p10"": 4.0, ""total_return"": 2.540438418216586}, ""discovery"": {""cagr"": 0.023208476067489325, ""calmar"": 0.12322645522363322, ""closed_trades"": 82, ""exposure_ratio"": 0.33700137551581844, ""maximum_drawdown"": -0.1883400445575606, ""order_count"": 165, ""rolling_60_closed_trades_median"": 7.0, ""rolling_60_closed_trades_p10"": 4.0, ""total_return"": 0.06842913342373524}, ""entry_threshold"": 0.07588689825027614, ""exit_threshold"": -0.01161135642902898, ""full"": {""cagr"": 0.2764751836053567, ""calmar"": 1.4011748633246475, ""closed_trades"": 158, ""exposure_ratio"": 0.39956331877729256, ""maximum_drawdown"": -0.19731668818933012, ""order_count"": 316, ""rolling_60_closed_trades_median"": 7.0, ""rolling_60_closed_trades_p10"": 4.0, ""total_return"": 2.7845989048908066}, ""weights"": {""micro_share_change_5d_lag1"": 0.20468790507330914, ""price_close_vwap_deviation"": 0.15193377752410425, ""price_intraday_range"": 0.07237692640193805, ""risk_chinext_turnover_z20"": 0.14357304916159092, ""risk_global_spx_return"": 0.281256634611773, ""risk_shibor_on_change_5d"": 0.07514421905712321, ""tsfresh__log_volume_change__mean__lb20"": 0.07102748817016143}}",,,2026-09-15T01:03:10.014996+00:00,2026-09-15T01:03:10.028251+00:00,0.013255,0.2764751836053567,-0.19731668818933012,1.4011748633246475,-0.0356933061475912,-0.002683311810669886,-0.018017112816514635,0.0,-1.0,-0.023208476067489325,-0.6362595823280861,-0.01911272573789552,0.07588689825027614,-0.01161135642902898,0.6362595823280861,3.517436950297289,76.0,0.46986089644513135,-0.1808872742621045,152.0,7.0,4.0,2.540438418216586,0.023208476067489325,0.12322645522363322,82.0,0.33700137551581844,-0.1883400445575606,165.0,7.0,4.0,0.06842913342373524,0.2764751836053567,1.4011748633246475,158.0,0.39956331877729256,-0.19731668818933012,316.0,7.0,4.0,2.7845989048908066,0.20468790507330914,0.15193377752410425,0.07237692640193805,0.14357304916159092,0.281256634611773,0.07514421905712321,0.07102748817016143,False
896,S007-EX09-WEIGHTED-SCORE-00896,COMPLETE,"{""confirm_share_fraction"": 0.7423883834173866, ""confirmation_total"": 0.2629038254689534, ""entry_quantile"": 0.7126882588944086, ""entry_timing_total"": 0.13786657725087936, ""exit_quantile"": 0.4846657372279909, ""opp_spx_fraction"": 0.6620456275880582, ""opportunity_total"": 0.4165533269336094, ""risk_shibor_fraction"": 0.5093793084597256}",True,,f2429eb7c8078f3b6e9dc34d4765264130809cf367bbd6666b735f19a2fae224,f83d53b021bc41cefef858785a140245c498ad3412a22b6df77e2de9ce414ef9,"{""confirmation"": {""cagr"": 0.6789593640396934, ""calmar"": 3.753494361664631, ""closed_trades"": 79, ""exposure_ratio"": 0.49149922720247297, ""maximum_drawdown"": -0.1808872742621046, ""order_count"": 158, ""rolling_60_closed_trades_median"": 7.0, ""rolling_60_closed_trades_p10"": 5.0, ""total_return"": 2.7825244577181887}, ""discovery"": {""cagr"": 0.024497611008386988, ""calmar"": 0.13430651748342512, ""closed_trades"": 88, ""exposure_ratio"": 0.34800550206327374, ""maximum_drawdown"": -0.182400761090468, ""order_count"": 177, ""rolling_60_closed_trades_median"": 8.0, ""rolling_60_closed_trades_p10"": 4.0, ""total_return"": 0.0723171616527738}, ""entry_threshold"": 0.06824811034739071, ""exit_threshold"": -0.011832847636285202, ""full"": {""cagr"": 0.2929150508576326, ""calmar"": 1.5191721460822747, ""closed_trades"": 167, ""exposure_ratio"": 0.4155749636098981, ""maximum_drawdown"": -0.19281228372506576, ""order_count"": 334, ""rolling_60_closed_trades_median"": 7.0, ""rolling_60_closed_trades_p10"": 4.0, ""total_return"": 3.058093923327754}, ""weights"": {""micro_share_change_5d_lag1"": 0.19517674598414306, ""price_close_vwap_deviation"": 0.13786657725087936, ""price_intraday_range"": 0.08962475808542629, ""risk_chinext_turnover_z20"": 0.1407760181799544, ""risk_global_spx_return"": 0.275777308753655, ""risk_shibor_on_change_5d"": 0.09305151226113147, ""tsfresh__log_volume_change__mean__lb20"": 0.06772707948481035}}",,,2026-09-15T01:03:10.104917+00:00,2026-09-15T01:03:10.117565+00:00,0.012648,0.2929150508576326,-0.19281228372506576,1.5191721460822747,-0.05213317339986706,-0.007187716274934253,-0.022521517280779002,0.0,-1.0,-0.024497611008386988,-0.6789593640396934,-0.01911272573789541,0.06824811034739071,-0.011832847636285202,0.6789593640396934,3.753494361664631,79.0,0.49149922720247297,-0.1808872742621046,158.0,7.0,5.0,2.7825244577181887,0.024497611008386988,0.13430651748342512,88.0,0.34800550206327374,-0.182400761090468,177.0,8.0,4.0,0.0723171616527738,0.2929150508576326,1.5191721460822747,167.0,0.4155749636098981,-0.19281228372506576,334.0,7.0,4.0,3.058093923327754,0.19517674598414306,0.13786657725087936,0.08962475808542629,0.1407760181799544,0.275777308753655,0.09305151226113147,0.06772707948481035,True
911,S007-EX09-WEIGHTED-SCORE-00911,COMPLETE,"{""confirm_share_fraction"": 0.698299768394608, ""confirmation_total"": 0.26981243636611896, ""entry_quantile"": 0.729010987373294, ""entry_timing_total"": 0.15193377752410425, ""exit_quantile"": 0.4846657372279909, ""opp_spx_fraction"": 0.6620456275880582, ""opportunity_total"": 0.4415609363801544, ""risk_shibor_fraction"": 0.5093793084597256}",True,,7dabda728085bfcb94297f9da4532492d732e0796811297eb1c5e060e99bc3d8,d8c8d9e01e96d1e1af1f7a57b442f10298f68def01ba597ef42afed739d1a73c,"{""confirmation"": {""cagr"": 0.657365238458872, ""calmar"": 3.6341154519601724, ""closed_trades"": 77, ""exposure_ratio"": 0.4667697063369397, ""maximum_drawdown"": -0.1808872742621046, ""order_count"": 154, ""rolling_60_closed_trades_median"": 7.0, ""rolling_60_closed_trades_p10"": 5.0, ""total_return"": 2.658875124244608}, ""discovery"": {""cagr"": 0.02499274517406347, ""calmar"": 0.13703302725053015, ""closed_trades"": 86, ""exposure_ratio"": 0.33012379642365886, ""maximum_drawdown"": -0.18238482850101945, ""order_count"": 173, ""rolling_60_closed_trades_median"": 7.0, ""rolling_60_closed_trades_p10"": 4.0, ""total_return"": 0.07381293871765715}, ""entry_threshold"": 0.07585169653142243, ""exit_threshold"": -0.010245391415689599, ""full"": {""cagr"": 0.2853864222391813, ""calmar"": 1.5025374044264028, ""closed_trades"": 163, ""exposure_ratio"": 0.39446870451237265, ""maximum_drawdown"": -0.189936317990119, ""order_count"": 326, ""rolling_60_closed_trades_median"": 7.0, ""rolling_60_closed_trades_p10"": 5.0, ""total_return"": 2.930911923290813}, ""weights"": {""micro_share_change_5d_lag1"": 0.18840996182444575, ""price_close_vwap_deviation"": 0.15193377752410425, ""price_intraday_range"": 0.06706434046295812, ""risk_chinext_turnover_z20"": 0.14922744913598446, ""risk_global_spx_return"": 0.29233348724416997, ""risk_shibor_on_change_5d"": 0.0696285092666642, ""tsfresh__log_volume_change__mean__lb20"": 0.0814024745416732}}",,,2026-09-15T01:03:10.244087+00:00,2026-09-15T01:03:10.258133+00:00,0.014046,0.2853864222391813,-0.189936317990119,1.5025374044264028,-0.04460454478141579,-0.010063682009881003,-0.025397483015725753,0.0,-2.0,-0.02499274517406347,-0.657365238458872,-0.01911272573789541,0.07585169653142243,-0.010245391415689599,0.657365238458872,3.6341154519601724,77.0,0.4667697063369397,-0.1808872742621046,154.0,7.0,5.0,2.658875124244608,0.02499274517406347,0.13703302725053015,86.0,0.33012379642365886,-0.18238482850101945,173.0,7.0,4.0,0.07381293871765715,0.2853864222391813,1.5025374044264028,163.0,0.39446870451237265,-0.189936317990119,326.0,7.0,5.0,2.930911923290813,0.18840996182444575,0.15193377752410425,0.06706434046295812,0.14922744913598446,0.29233348724416997,0.0696285092666642,0.0814024745416732,True
941,S007-EX09-WEIGHTED-SCORE-00941,COMPLETE,"{""confirm_share_fraction"": 0.7423883834173866, ""confirmation_total"": 0.26981243636611896, ""entry_quantile"": 0.729010987373294, ""entry_timing_total"": 0.15193377752410425, ""exit_quantile"": 0.4846657372279909, ""opp_spx_fraction"": 0.6620456275880582, ""opportunity_total"": 0.42482968377336394, ""risk_shibor_fraction"": 0.5093793084597256}",True,,9360d27f915f596cb714a49a1987b2ccf943789222c6fc3b81fd5902b1b54354,c2812f98a5f25c4542bbabfe74390e583de35a7822bd85b9e341e1e3287cff18,"{""confirmation"": {""cagr"": 0.6309214713810805, ""calmar"": 3.4879262455294633, ""closed_trades"": 75, ""exposure_ratio"": 0.46831530139103555, ""maximum_drawdown"": -0.1808872742621045, ""order_count"": 150, ""rolling_60_closed_trades_median"": 7.0, ""rolling_60_closed_trades_p10"": 4.0, ""total_return"": 2.5108593134616184}, ""discovery"": {""cagr"": 0.029825336656592594, ""calmar"": 0.15835897632209256, ""closed_trades"": 83, ""exposure_ratio"": 0.33700137551581844, ""maximum_drawdown"": -0.1883400445575606, ""order_count"": 167, ""rolling_60_closed_trades_median"": 7.0, ""rolling_60_closed_trades_p10"": 4.0, ""total_return"": 0.08848360935367161}, ""entry_threshold"": 0.0754099769037148, ""exit_threshold"": -0.010576091859978038, ""full"": {""cagr"": 0.2788668602701445, ""calmar"": 1.4463127290571662, ""closed_trades"": 158, ""exposure_ratio"": 0.3988355167394469, ""maximum_drawdown"": -0.19281228372506576, ""order_count"": 316, ""rolling_60_closed_trades_median"": 7.0, ""rolling_60_closed_trades_p10"": 4.0, ""total_return"": 2.8234235738583853}, ""weights"": {""micro_share_change_5d_lag1"": 0.20030561845974953, ""price_close_vwap_deviation"": 0.15193377752410425, ""price_intraday_range"": 0.07527303918723671, ""risk_chinext_turnover_z20"": 0.14357304916159092, ""risk_global_spx_return"": 0.281256634611773, ""risk_shibor_on_change_5d"": 0.07815106314917614, ""tsfresh__log_volume_change__mean__lb20"": 0.06950681790636942}}",,,2026-09-15T01:03:10.604969+00:00,2026-09-15T01:03:10.617215+00:00,0.012246,0.2788668602701445,-0.19281228372506576,1.4463127290571662,-0.03808498281237899,-0.007187716274934253,-0.022521517280779002,0.0,-1.0,-0.029825336656592594,-0.6309214713810805,-0.01911272573789552,0.0754099769037148,-0.010576091859978038,0.6309214713810805,3.4879262455294633,75.0,0.46831530139103555,-0.1808872742621045,150.0,7.0,4.0,2.5108593134616184,0.029825336656592594,0.15835897632209256,83.0,0.33700137551581844,-0.1883400445575606,167.0,7.0,4.0,0.08848360935367161,0.2788668602701445,1.4463127290571662,158.0,0.3988355167394469,-0.19281228372506576,316.0,7.0,4.0,2.8234235738583853,0.20030561845974953,0.15193377752410425,0.07527303918723671,0.14357304916159092,0.281256634611773,0.07815106314917614,0.06950681790636942,False
953,S007-EX09-WEIGHTED-SCORE-00953,COMPLETE,"{""confirm_share_fraction"": 0.698299768394608, ""confirmation_total"": 0.3210783087614317, ""entry_quantile"": 0.729010987373294, ""entry_timing_total"": 0.1374093196826769, ""exit_quantile"": 0.4846657372279909, ""opp_spx_fraction"": 0.6375403887340005, ""opportunity_total"": 0.43372171759683215, ""risk_shibor_fraction"": 0.7473498690985423}",True,,c19d702324dbc57e4e9c3bfcc1a8c84573ed90c11eb21c91c83956f3c77b4586,919906456465c19a65dba780a180b29c42125c6ba4cba118f1a58dadb660dadc,"{""confirmation"": {""cagr"": 0.6165721237893018, ""calmar"": 3.40859867729497, ""closed_trades"": 72, ""exposure_ratio"": 0.4652241112828439, ""maximum_drawdown"": -0.1808872742621045, ""order_count"": 144, ""rolling_60_closed_trades_median"": 7.0, ""rolling_60_closed_trades_p10"": 3.0, ""total_return"": 2.4320974022720874}, ""discovery"": {""cagr"": 0.015982772913749166, ""calmar"": 0.08068381559770332, ""closed_trades"": 84, ""exposure_ratio"": 0.3466299862448418, ""maximum_drawdown"": -0.19809143624838832, ""order_count"": 169, ""rolling_60_closed_trades_median"": 7.0, ""rolling_60_closed_trades_p10"": 5.0, ""total_return"": 0.04680685061555789}, ""entry_threshold"": 0.07653108846501239, ""exit_threshold"": -0.008590264984212793, ""full"": {""cagr"": 0.26446953314168353, ""calmar"": 1.3350881701421118, ""closed_trades"": 156, ""exposure_ratio"": 0.4024745269286754, ""maximum_drawdown"": -0.19809143624838832, ""order_count"": 312, ""rolling_60_closed_trades_median"": 7.0, ""rolling_60_closed_trades_p10"": 4.0, ""total_return"": 2.59453944421462}, ""weights"": {""micro_share_change_5d_lag1"": 0.22420890864464016, ""price_close_vwap_deviation"": 0.1374093196826769, ""price_intraday_range"": 0.027233322832710048, ""risk_chinext_turnover_z20"": 0.15720660515776938, ""risk_global_spx_return"": 0.2765151124390628, ""risk_shibor_on_change_5d"": 0.08055733112634919, ""tsfresh__log_volume_change__mean__lb20"": 0.09686940011679152}}",,,2026-09-15T01:03:10.751292+00:00,2026-09-15T01:03:10.762926+00:00,0.011634,0.26446953314168353,-0.19809143624838832,1.3350881701421118,-0.023687655683918007,-0.0019085637516116916,-0.01724236475745644,0.0,-1.0,-0.015982772913749166,-0.6165721237893018,-0.01911272573789552,0.07653108846501239,-0.008590264984212793,0.6165721237893018,3.40859867729497,72.0,0.4652241112828439,-0.1808872742621045,144.0,7.0,3.0,2.4320974022720874,0.015982772913749166,0.08068381559770332,84.0,0.3466299862448418,-0.19809143624838832,169.0,7.0,5.0,0.04680685061555789,0.26446953314168353,1.3350881701421118,156.0,0.4024745269286754,-0.19809143624838832,312.0,7.0,4.0,2.59453944421462,0.22420890864464016,0.1374093196826769,0.027233322832710048,0.15720660515776938,0.2765151124390628,0.08055733112634919,0.09686940011679152,False
955,S007-EX09-WEIGHTED-SCORE-00955,COMPLETE,"{""confirm_share_fraction"": 0.7423883834173866, ""confirmation_total"": 0.27571539324347055, ""entry_quantile"": 0.729010987373294, ""entry_timing_total"": 0.15193377752410425, ""exit_quantile"": 0.4846657372279909, ""opp_spx_fraction"": 0.6620456275880582, ""opportunity_total"": 0.42482968377336394, ""risk_shibor_fraction"": 0.5093793084597256}",True,,98aaa7100f0df9fa003c83702c0fe963b49730d77a5b49d00dfa56780a8b6b1b,470423db2b659e2c2eefedef6593cc259f3b7995bb100035a774dea982a22e84,"{""confirmation"": {""cagr"": 0.6362595823280861, ""calmar"": 3.517436950297289, ""closed_trades"": 76, ""exposure_ratio"": 0.46986089644513135, ""maximum_drawdown"": -0.1808872742621045, ""order_count"": 152, ""rolling_60_closed_trades_median"": 7.0, ""rolling_60_closed_trades_p10"": 4.0, ""total_return"": 2.540438418216586}, ""discovery"": {""cagr"": 0.023208476067489325, ""calmar"": 0.12322645522363322, ""closed_trades"": 82, ""exposure_ratio"": 0.33700137551581844, ""maximum_drawdown"": -0.1883400445575606, ""order_count"": 165, ""rolling_60_closed_trades_median"": 7.0, ""rolling_60_closed_trades_p10"": 4.0, ""total_return"": 0.06842913342373524}, ""entry_threshold"": 0.07588689825027614, ""exit_threshold"": -0.01161135642902898, ""full"": {""cagr"": 0.2764751836053567, ""calmar"": 1.4011748633246475, ""closed_trades"": 158, ""exposure_ratio"": 0.39956331877729256, ""maximum_drawdown"": -0.19731668818933012, ""order_count"": 316, ""rolling_60_closed_trades_median"": 7.0, ""rolling_60_closed_trades_p10"": 4.0, ""total_return"": 2.7845989048908066}, ""weights"": {""micro_share_change_5d_lag1"": 0.20468790507330914, ""price_close_vwap_deviation"": 0.15193377752410425, ""price_intraday_range"": 0.07237692640193805, ""risk_chinext_turnover_z20"": 0.14357304916159092, ""risk_global_spx_return"": 0.281256634611773, ""risk_shibor_on_change_5d"": 0.07514421905712321, ""tsfresh__log_volume_change__mean__lb20"": 0.07102748817016143}}",,,2026-09-15T01:03:10.774817+00:00,2026-09-15T01:03:10.787942+00:00,0.013125,0.2764751836053567,-0.19731668818933012,1.4011748633246475,-0.0356933061475912,-0.002683311810669886,-0.018017112816514635,0.0,-1.0,-0.023208476067489325,-0.6362595823280861,-0.01911272573789552,0.07588689825027614,-0.01161135642902898,0.6362595823280861,3.517436950297289,76.0,0.46986089644513135,-0.1808872742621045,152.0,7.0,4.0,2.540438418216586,0.023208476067489325,0.12322645522363322,82.0,0.33700137551581844,-0.1883400445575606,165.0,7.0,4.0,0.06842913342373524,0.2764751836053567,1.4011748633246475,158.0,0.39956331877729256,-0.19731668818933012,316.0,7.0,4.0,2.7845989048908066,0.20468790507330914,0.15193377752410425,0.07237692640193805,0.14357304916159092,0.281256634611773,0.07514421905712321,0.07102748817016143,False
967,S007-EX09-WEIGHTED-SCORE-00967,COMPLETE,"{""confirm_share_fraction"": 0.698299768394608, ""confirmation_total"": 0.28767649301244924, ""entry_quantile"": 0.729010987373294, ""entry_timing_total"": 0.15193377752410425, ""exit_quantile"": 0.479727239715831, ""opp_spx_fraction"": 0.6620456275880582, ""opportunity_total"": 0.42482968377336394, ""risk_shibor_fraction"": 0.5093793084597256}",True,,77c7b7eb349b9fe8d352ca07965084ab9dc14b4568c69c1f160a928f787c68bb,5b8d50f56404eecd5675fc07b99835b1866bb07064f70bcb31ba2fde572c8121,"{""confirmation"": {""cagr"": 0.6000383028443488, ""calmar"": 3.3171946743743685, ""closed_trades"": 76, ""exposure_ratio"": 0.46367851622874806, ""maximum_drawdown"": -0.1808872742621045, ""order_count"": 152, ""rolling_60_closed_trades_median"": 7.0, ""rolling_60_closed_trades_p10"": 4.0, ""total_return"": 2.3426942034431617}, ""discovery"": {""cagr"": 0.016723274550951128, ""calmar"": 0.09169224594170482, ""closed_trades"": 84, ""exposure_ratio"": 0.3314993122420908, ""maximum_drawdown"": -0.18238482850101945, ""order_count"": 169, ""rolling_60_closed_trades_median"": 7.0, ""rolling_60_closed_trades_p10"": 4.0, ""total_return"": 0.04900946458906974}, ""entry_threshold"": 0.07570330231941753, ""exit_threshold"": -0.013523443448231328, ""full"": {""cagr"": 0.25884835220500757, ""calmar"": 1.3217351070944097, ""closed_trades"": 160, ""exposure_ratio"": 0.3937409024745269, ""maximum_drawdown"": -0.19583980997072692, ""order_count"": 320, ""rolling_60_closed_trades_median"": 7.0, ""rolling_60_closed_trades_p10"": 4.0, ""total_return"": 2.508271115567224}, ""weights"": {""micro_share_change_5d_lag1"": 0.20088442844316637, ""price_close_vwap_deviation"": 0.15193377752410425, ""price_intraday_range"": 0.06650856336169951, ""risk_chinext_turnover_z20"": 0.14357304916159092, ""risk_global_spx_return"": 0.281256634611773, ""risk_shibor_on_change_5d"": 0.06905148232838305, ""tsfresh__log_volume_change__mean__lb20"": 0.08679206456928289}}",,,2026-09-15T01:03:10.920971+00:00,2026-09-15T01:03:10.932108+00:00,0.011137,0.25884835220500757,-0.19583980997072692,1.3217351070944097,-0.018066474747242045,-0.004160190029273092,-0.01949399103511784,0.0,-1.0,-0.016723274550951128,-0.6000383028443488,-0.01911272573789552,0.07570330231941753,-0.013523443448231328,0.6000383028443488,3.3171946743743685,76.0,0.46367851622874806,-0.1808872742621045,152.0,7.0,4.0,2.3426942034431617,0.016723274550951128,0.09169224594170482,84.0,0.3314993122420908,-0.18238482850101945,169.0,7.0,4.0,0.04900946458906974,0.25884835220500757,1.3217351070944097,160.0,0.3937409024745269,-0.19583980997072692,320.0,7.0,4.0,2.508271115567224,0.20088442844316637,0.15193377752410425,0.06650856336169951,0.14357304916159092,0.281256634611773,0.06905148232838305,0.08679206456928289,False
975,S007-EX09-WEIGHTED-SCORE-00975,COMPLETE,"{""confirm_share_fraction"": 0.6749320452895897, ""confirmation_total"": 0.26981243636611896, ""entry_quantile"": 0.7556796938359662, ""entry_timing_total"": 0.15193377752410425, ""exit_quantile"": 0.4846657372279909, ""opp_spx_fraction"": 0.6620456275880582, ""opportunity_total"": 0.4415609363801544, ""risk_shibor_fraction"": 0.5093793084597256}",True,,f9c15db447c0c99a3edde9f7582cd9efc8c52a6336afccb6d436b15ac5abc86e,997ea60a206c57ab71b8fc71e4cc4f270ec9a981005d577c421db5389f453e5f,"{""confirmation"": {""cagr"": 0.5625101319543477, ""calmar"": 3.1097275043200323, ""closed_trades"": 73, ""exposure_ratio"": 0.4312210200927357, ""maximum_drawdown"": -0.1808872742621046, ""order_count"": 146, ""rolling_60_closed_trades_median"": 6.0, ""rolling_60_closed_trades_p10"": 4.0, ""total_return"": 2.14508549659225}, ""discovery"": {""cagr"": 0.029911507151991756, ""calmar"": 0.1526174546082946, ""closed_trades"": 84, ""exposure_ratio"": 0.312242090784044, ""maximum_drawdown"": -0.19599008009118046, ""order_count"": 169, ""rolling_60_closed_trades_median"": 7.0, ""rolling_60_closed_trades_p10"": 4.0, ""total_return"": 0.08874638494924736}, ""entry_threshold"": 0.08681969096481514, ""exit_threshold"": -0.008829042217051806, ""full"": {""cagr"": 0.2533756067332431, ""calmar"": 1.292798118228051, ""closed_trades"": 157, ""exposure_ratio"": 0.3682678311499272, ""maximum_drawdown"": -0.19599008009118046, ""order_count"": 314, ""rolling_60_closed_trades_median"": 7.0, ""rolling_60_closed_trades_p10"": 4.0, ""total_return"": 2.425912565003507}, ""weights"": {""micro_share_change_5d_lag1"": 0.18210505952115194, ""price_close_vwap_deviation"": 0.15193377752410425, ""price_intraday_range"": 0.06706434046295812, ""risk_chinext_turnover_z20"": 0.14922744913598446, ""risk_global_spx_return"": 0.29233348724416997, ""risk_shibor_on_change_5d"": 0.0696285092666642, ""tsfresh__log_volume_change__mean__lb20"": 0.08770737684496702}}",,,2026-09-15T01:03:11.009857+00:00,2026-09-15T01:03:11.020965+00:00,0.011108,0.2533756067332431,-0.19599008009118046,1.292798118228051,-0.012593729275477583,-0.004009919908819548,-0.019343720914664297,0.0,-1.0,-0.029911507151991756,-0.5625101319543477,-0.01911272573789541,0.08681969096481514,-0.008829042217051806,0.5625101319543477,3.1097275043200323,73.0,0.4312210200927357,-0.1808872742621046,146.0,6.0,4.0,2.14508549659225,0.029911507151991756,0.1526174546082946,84.0,0.312242090784044,-0.19599008009118046,169.0,7.0,4.0,0.08874638494924736,0.2533756067332431,1.292798118228051,157.0,0.3682678311499272,-0.19599008009118046,314.0,7.0,4.0,2.425912565003507,0.18210505952115194,0.15193377752410425,0.06706434046295812,0.14922744913598446,0.29233348724416997,0.0696285092666642,0.08770737684496702,False
979,S007-EX09-WEIGHTED-SCORE-00979,COMPLETE,"{""confirm_share_fraction"": 0.7423883834173866, ""confirmation_total"": 0.27571539324347055, ""entry_quantile"": 0.729010987373294, ""entry_timing_total"": 0.15193377752410425, ""exit_quantile"": 0.4846657372279909, ""opp_spx_fraction"": 0.6620456275880582, ""opportunity_total"": 0.42482968377336394, ""risk_shibor_fraction"": 0.5093793084597256}",True,,98aaa7100f0df9fa003c83702c0fe963b49730d77a5b49d00dfa56780a8b6b1b,470423db2b659e2c2eefedef6593cc259f3b7995bb100035a774dea982a22e84,"{""confirmation"": {""cagr"": 0.6362595823280861, ""calmar"": 3.517436950297289, ""closed_trades"": 76, ""exposure_ratio"": 0.46986089644513135, ""maximum_drawdown"": -0.1808872742621045, ""order_count"": 152, ""rolling_60_closed_trades_median"": 7.0, ""rolling_60_closed_trades_p10"": 4.0, ""total_return"": 2.540438418216586}, ""discovery"": {""cagr"": 0.023208476067489325, ""calmar"": 0.12322645522363322, ""closed_trades"": 82, ""exposure_ratio"": 0.33700137551581844, ""maximum_drawdown"": -0.1883400445575606, ""order_count"": 165, ""rolling_60_closed_trades_median"": 7.0, ""rolling_60_closed_trades_p10"": 4.0, ""total_return"": 0.06842913342373524}, ""entry_threshold"": 0.07588689825027614, ""exit_threshold"": -0.01161135642902898, ""full"": {""cagr"": 0.2764751836053567, ""calmar"": 1.4011748633246475, ""closed_trades"": 158, ""exposure_ratio"": 0.39956331877729256, ""maximum_drawdown"": -0.19731668818933012, ""order_count"": 316, ""rolling_60_closed_trades_median"": 7.0, ""rolling_60_closed_trades_p10"": 4.0, ""total_return"": 2.7845989048908066}, ""weights"": {""micro_share_change_5d_lag1"": 0.20468790507330914, ""price_close_vwap_deviation"": 0.15193377752410425, ""price_intraday_range"": 0.07237692640193805, ""risk_chinext_turnover_z20"": 0.14357304916159092, ""risk_global_spx_return"": 0.281256634611773, ""risk_shibor_on_change_5d"": 0.07514421905712321, ""tsfresh__log_volume_change__mean__lb20"": 0.07102748817016143}}",,,2026-09-15T01:03:11.057727+00:00,2026-09-15T01:03:11.070928+00:00,0.013201,0.2764751836053567,-0.19731668818933012,1.4011748633246475,-0.0356933061475912,-0.002683311810669886,-0.018017112816514635,0.0,-1.0,-0.023208476067489325,-0.6362595823280861,-0.01911272573789552,0.07588689825027614,-0.01161135642902898,0.6362595823280861,3.517436950297289,76.0,0.46986089644513135,-0.1808872742621045,152.0,7.0,4.0,2.540438418216586,0.023208476067489325,0.12322645522363322,82.0,0.33700137551581844,-0.1883400445575606,165.0,7.0,4.0,0.06842913342373524,0.2764751836053567,1.4011748633246475,158.0,0.39956331877729256,-0.19731668818933012,316.0,7.0,4.0,2.7845989048908066,0.20468790507330914,0.15193377752410425,0.07237692640193805,0.14357304916159092,0.281256634611773,0.07514421905712321,0.07102748817016143,False
1017,S007-EX09-WEIGHTED-SCORE-01017,COMPLETE,"{""confirm_share_fraction"": 0.7423883834173866, ""confirmation_total"": 0.26981243636611896, ""entry_quantile"": 0.729010987373294, ""entry_timing_total"": 0.15193377752410425, ""exit_quantile"": 0.4846657372279909, ""opp_spx_fraction"": 0.6620456275880582, ""opportunity_total"": 0.42482968377336394, ""risk_shibor_fraction"": 0.5093793084597256}",True,,9360d27f915f596cb714a49a1987b2ccf943789222c6fc3b81fd5902b1b54354,c2812f98a5f25c4542bbabfe74390e583de35a7822bd85b9e341e1e3287cff18,"{""confirmation"": {""cagr"": 0.6309214713810805, ""calmar"": 3.4879262455294633, ""closed_trades"": 75, ""exposure_ratio"": 0.46831530139103555, ""maximum_drawdown"": -0.1808872742621045, ""order_count"": 150, ""rolling_60_closed_trades_median"": 7.0, ""rolling_60_closed_trades_p10"": 4.0, ""total_return"": 2.5108593134616184}, ""discovery"": {""cagr"": 0.029825336656592594, ""calmar"": 0.15835897632209256, ""closed_trades"": 83, ""exposure_ratio"": 0.33700137551581844, ""maximum_drawdown"": -0.1883400445575606, ""order_count"": 167, ""rolling_60_closed_trades_median"": 7.0, ""rolling_60_closed_trades_p10"": 4.0, ""total_return"": 0.08848360935367161}, ""entry_threshold"": 0.0754099769037148, ""exit_threshold"": -0.010576091859978038, ""full"": {""cagr"": 0.2788668602701445, ""calmar"": 1.4463127290571662, ""closed_trades"": 158, ""exposure_ratio"": 0.3988355167394469, ""maximum_drawdown"": -0.19281228372506576, ""order_count"": 316, ""rolling_60_closed_trades_median"": 7.0, ""rolling_60_closed_trades_p10"": 4.0, ""total_return"": 2.8234235738583853}, ""weights"": {""micro_share_change_5d_lag1"": 0.20030561845974953, ""price_close_vwap_deviation"": 0.15193377752410425, ""price_intraday_range"": 0.07527303918723671, ""risk_chinext_turnover_z20"": 0.14357304916159092, ""risk_global_spx_return"": 0.281256634611773, ""risk_shibor_on_change_5d"": 0.07815106314917614, ""tsfresh__log_volume_change__mean__lb20"": 0.06950681790636942}}",,,2026-09-15T01:03:11.439685+00:00,2026-09-15T01:03:11.450987+00:00,0.011302,0.2788668602701445,-0.19281228372506576,1.4463127290571662,-0.03808498281237899,-0.007187716274934253,-0.022521517280779002,0.0,-1.0,-0.029825336656592594,-0.6309214713810805,-0.01911272573789552,0.0754099769037148,-0.010576091859978038,0.6309214713810805,3.4879262455294633,75.0,0.46831530139103555,-0.1808872742621045,150.0,7.0,4.0,2.5108593134616184,0.029825336656592594,0.15835897632209256,83.0,0.33700137551581844,-0.1883400445575606,167.0,7.0,4.0,0.08848360935367161,0.2788668602701445,1.4463127290571662,158.0,0.3988355167394469,-0.19281228372506576,316.0,7.0,4.0,2.8234235738583853,0.20030561845974953,0.15193377752410425,0.07527303918723671,0.14357304916159092,0.281256634611773,0.07815106314917614,0.06950681790636942,False
1031,S007-EX09-WEIGHTED-SCORE-01031,COMPLETE,"{""confirm_share_fraction"": 0.7423883834173866, ""confirmation_total"": 0.26981243636611896, ""entry_quantile"": 0.729010987373294, ""entry_timing_total"": 0.15193377752410425, ""exit_quantile"": 0.4846657372279909, ""opp_spx_fraction"": 0.6620456275880582, ""opportunity_total"": 0.42482968377336394, ""risk_shibor_fraction"": 0.5093793084597256}",True,,9360d27f915f596cb714a49a1987b2ccf943789222c6fc3b81fd5902b1b54354,c2812f98a5f25c4542bbabfe74390e583de35a7822bd85b9e341e1e3287cff18,"{""confirmation"": {""cagr"": 0.6309214713810805, ""calmar"": 3.4879262455294633, ""closed_trades"": 75, ""exposure_ratio"": 0.46831530139103555, ""maximum_drawdown"": -0.1808872742621045, ""order_count"": 150, ""rolling_60_closed_trades_median"": 7.0, ""rolling_60_closed_trades_p10"": 4.0, ""total_return"": 2.5108593134616184}, ""discovery"": {""cagr"": 0.029825336656592594, ""calmar"": 0.15835897632209256, ""closed_trades"": 83, ""exposure_ratio"": 0.33700137551581844, ""maximum_drawdown"": -0.1883400445575606, ""order_count"": 167, ""rolling_60_closed_trades_median"": 7.0, ""rolling_60_closed_trades_p10"": 4.0, ""total_return"": 0.08848360935367161}, ""entry_threshold"": 0.0754099769037148, ""exit_threshold"": -0.010576091859978038, ""full"": {""cagr"": 0.2788668602701445, ""calmar"": 1.4463127290571662, ""closed_trades"": 158, ""exposure_ratio"": 0.3988355167394469, ""maximum_drawdown"": -0.19281228372506576, ""order_count"": 316, ""rolling_60_closed_trades_median"": 7.0, ""rolling_60_closed_trades_p10"": 4.0, ""total_return"": 2.8234235738583853}, ""weights"": {""micro_share_change_5d_lag1"": 0.20030561845974953, ""price_close_vwap_deviation"": 0.15193377752410425, ""price_intraday_range"": 0.07527303918723671, ""risk_chinext_turnover_z20"": 0.14357304916159092, ""risk_global_spx_return"": 0.281256634611773, ""risk_shibor_on_change_5d"": 0.07815106314917614, ""tsfresh__log_volume_change__mean__lb20"": 0.06950681790636942}}",,,2026-09-15T01:03:11.592577+00:00,2026-09-15T01:03:11.605211+00:00,0.012634,0.2788668602701445,-0.19281228372506576,1.4463127290571662,-0.03808498281237899,-0.007187716274934253,-0.022521517280779002,0.0,-1.0,-0.029825336656592594,-0.6309214713810805,-0.01911272573789552,0.0754099769037148,-0.010576091859978038,0.6309214713810805,3.4879262455294633,75.0,0.46831530139103555,-0.1808872742621045,150.0,7.0,4.0,2.5108593134616184,0.029825336656592594,0.15835897632209256,83.0,0.33700137551581844,-0.1883400445575606,167.0,7.0,4.0,0.08848360935367161,0.2788668602701445,1.4463127290571662,158.0,0.3988355167394469,-0.19281228372506576,316.0,7.0,4.0,2.8234235738583853,0.20030561845974953,0.15193377752410425,0.07527303918723671,0.14357304916159092,0.281256634611773,0.07815106314917614,0.06950681790636942,False
1033,S007-EX09-WEIGHTED-SCORE-01033,COMPLETE,"{""confirm_share_fraction"": 0.7423883834173866, ""confirmation_total"": 0.27571539324347055, ""entry_quantile"": 0.729010987373294, ""entry_timing_total"": 0.15193377752410425, ""exit_quantile"": 0.4846657372279909, ""opp_spx_fraction"": 0.6620456275880582, ""opportunity_total"": 0.42482968377336394, ""risk_shibor_fraction"": 0.5093793084597256}",True,,98aaa7100f0df9fa003c83702c0fe963b49730d77a5b49d00dfa56780a8b6b1b,470423db2b659e2c2eefedef6593cc259f3b7995bb100035a774dea982a22e84,"{""confirmation"": {""cagr"": 0.6362595823280861, ""calmar"": 3.517436950297289, ""closed_trades"": 76, ""exposure_ratio"": 0.46986089644513135, ""maximum_drawdown"": -0.1808872742621045, ""order_count"": 152, ""rolling_60_closed_trades_median"": 7.0, ""rolling_60_closed_trades_p10"": 4.0, ""total_return"": 2.540438418216586}, ""discovery"": {""cagr"": 0.023208476067489325, ""calmar"": 0.12322645522363322, ""closed_trades"": 82, ""exposure_ratio"": 0.33700137551581844, ""maximum_drawdown"": -0.1883400445575606, ""order_count"": 165, ""rolling_60_closed_trades_median"": 7.0, ""rolling_60_closed_trades_p10"": 4.0, ""total_return"": 0.06842913342373524}, ""entry_threshold"": 0.07588689825027614, ""exit_threshold"": -0.01161135642902898, ""full"": {""cagr"": 0.2764751836053567, ""calmar"": 1.4011748633246475, ""closed_trades"": 158, ""exposure_ratio"": 0.39956331877729256, ""maximum_drawdown"": -0.19731668818933012, ""order_count"": 316, ""rolling_60_closed_trades_median"": 7.0, ""rolling_60_closed_trades_p10"": 4.0, ""total_return"": 2.7845989048908066}, ""weights"": {""micro_share_change_5d_lag1"": 0.20468790507330914, ""price_close_vwap_deviation"": 0.15193377752410425, ""price_intraday_range"": 0.07237692640193805, ""risk_chinext_turnover_z20"": 0.14357304916159092, ""risk_global_spx_return"": 0.281256634611773, ""risk_shibor_on_change_5d"": 0.07514421905712321, ""tsfresh__log_volume_change__mean__lb20"": 0.07102748817016143}}",,,2026-09-15T01:03:11.616288+00:00,2026-09-15T01:03:11.628305+00:00,0.012017,0.2764751836053567,-0.19731668818933012,1.4011748633246475,-0.0356933061475912,-0.002683311810669886,-0.018017112816514635,0.0,-1.0,-0.023208476067489325,-0.6362595823280861,-0.01911272573789552,0.07588689825027614,-0.01161135642902898,0.6362595823280861,3.517436950297289,76.0,0.46986089644513135,-0.1808872742621045,152.0,7.0,4.0,2.540438418216586,0.023208476067489325,0.12322645522363322,82.0,0.33700137551581844,-0.1883400445575606,165.0,7.0,4.0,0.06842913342373524,0.2764751836053567,1.4011748633246475,158.0,0.39956331877729256,-0.19731668818933012,316.0,7.0,4.0,2.7845989048908066,0.20468790507330914,0.15193377752410425,0.07237692640193805,0.14357304916159092,0.281256634611773,0.07514421905712321,0.07102748817016143,False
1041,S007-EX09-WEIGHTED-SCORE-01041,COMPLETE,"{""confirm_share_fraction"": 0.6749320452895897, ""confirmation_total"": 0.27571539324347055, ""entry_quantile"": 0.729010987373294, ""entry_timing_total"": 0.15193377752410425, ""exit_quantile"": 0.4846657372279909, ""opp_spx_fraction"": 0.6620456275880582, ""opportunity_total"": 0.42482968377336394, ""risk_shibor_fraction"": 0.5093793084597256}",True,,671f437b3e7cd8208a1239ae7b2d6423f59cebb7dc10e4576702c05965ae24bc,5e26312e6c1c69df76173212ee4e2625c638b3f231c06e6833cb5b574cc50971,"{""confirmation"": {""cagr"": 0.6122264300053144, ""calmar"": 3.384574357166788, ""closed_trades"": 77, ""exposure_ratio"": 0.46831530139103555, ""maximum_drawdown"": -0.18088727426210438, ""order_count"": 154, ""rolling_60_closed_trades_median"": 7.0, ""rolling_60_closed_trades_p10"": 4.0, ""total_return"": 2.4084593388299305}, ""discovery"": {""cagr"": 0.012005732627133003, ""calmar"": 0.06565711006487343, ""closed_trades"": 85, ""exposure_ratio"": 0.328748280605227, ""maximum_drawdown"": -0.1828550269006749, ""order_count"": 171, ""rolling_60_closed_trades_median"": 7.0, ""rolling_60_closed_trades_p10"": 4.0, ""total_return"": 0.03502887228680707}, ""entry_threshold"": 0.07536910617223384, ""exit_threshold"": -0.010169380291110157, ""full"": {""cagr"": 0.26024970417713633, ""calmar"": 1.310930581626129, ""closed_trades"": 162, ""exposure_ratio"": 0.39446870451237265, ""maximum_drawdown"": -0.19852287209160424, ""order_count"": 324, ""rolling_60_closed_trades_median"": 7.0, ""rolling_60_closed_trades_p10"": 4.0, ""total_return"": 2.5296177526174293}, ""weights"": {""micro_share_change_5d_lag1"": 0.1860891542796391, ""price_close_vwap_deviation"": 0.15193377752410425, ""price_intraday_range"": 0.07237692640193805, ""risk_chinext_turnover_z20"": 0.14357304916159092, ""risk_global_spx_return"": 0.281256634611773, ""risk_shibor_on_change_5d"": 0.07514421905712321, ""tsfresh__log_volume_change__mean__lb20"": 0.08962623896383144}}",,,2026-09-15T01:03:11.688143+00:00,2026-09-15T01:03:11.701883+00:00,0.01374,0.26024970417713633,-0.19852287209160424,1.310930581626129,-0.019467826719370807,-0.00147712790839577,-0.01681092891424052,0.0,-1.0,-0.012005732627133003,-0.6122264300053144,-0.01911272573789563,0.07536910617223384,-0.010169380291110157,0.6122264300053144,3.384574357166788,77.0,0.46831530139103555,-0.18088727426210438,154.0,7.0,4.0,2.4084593388299305,0.012005732627133003,0.06565711006487343,85.0,0.328748280605227,-0.1828550269006749,171.0,7.0,4.0,0.03502887228680707,0.26024970417713633,1.310930581626129,162.0,0.39446870451237265,-0.19852287209160424,324.0,7.0,4.0,2.5296177526174293,0.1860891542796391,0.15193377752410425,0.07237692640193805,0.14357304916159092,0.281256634611773,0.07514421905712321,0.08962623896383144,False
1043,S007-EX09-WEIGHTED-SCORE-01043,COMPLETE,"{""confirm_share_fraction"": 0.6749320452895897, ""confirmation_total"": 0.26981243636611896, ""entry_quantile"": 0.729010987373294, ""entry_timing_total"": 0.15193377752410425, ""exit_quantile"": 0.4846657372279909, ""opp_spx_fraction"": 0.6620456275880582, ""opportunity_total"": 0.42482968377336394, ""risk_shibor_fraction"": 0.5093793084597256}",True,,2f9a0180a4ff7b3e075540b3e883627d7130bf63035e67f2beff9e395ffd0f6d,47056ac3af38ed7f494450822374090e2958cd8095707d7f9b4d93439f8feebd,"{""confirmation"": {""cagr"": 0.6314001398361497, ""calmar"": 3.4905724706827868, ""closed_trades"": 79, ""exposure_ratio"": 0.46831530139103555, ""maximum_drawdown"": -0.1808872742621047, ""order_count"": 158, ""rolling_60_closed_trades_median"": 7.0, ""rolling_60_closed_trades_p10"": 5.0, ""total_return"": 2.513505490004482}, ""discovery"": {""cagr"": 0.014325224195741448, ""calmar"": 0.07834197636536824, ""closed_trades"": 86, ""exposure_ratio"": 0.33012379642365886, ""maximum_drawdown"": -0.1828550269006749, ""order_count"": 173, ""rolling_60_closed_trades_median"": 7.0, ""rolling_60_closed_trades_p10"": 4.0, ""total_return"": 0.04188744739300243}, ""entry_threshold"": 0.07453817242735856, ""exit_threshold"": -0.010144148908724396, ""full"": {""cagr"": 0.26882121057211505, ""calmar"": 1.354106999056877, ""closed_trades"": 165, ""exposure_ratio"": 0.3951965065502183, ""maximum_drawdown"": -0.19852287209160469, ""order_count"": 330, ""rolling_60_closed_trades_median"": 7.0, ""rolling_60_closed_trades_p10"": 5.0, ""total_return"": 2.6625076050152696}, ""weights"": {""micro_share_change_5d_lag1"": 0.18210505952115194, ""price_close_vwap_deviation"": 0.15193377752410425, ""price_intraday_range"": 0.07527303918723671, ""risk_chinext_turnover_z20"": 0.14357304916159092, ""risk_global_spx_return"": 0.281256634611773, ""risk_shibor_on_change_5d"": 0.07815106314917614, ""tsfresh__log_volume_change__mean__lb20"": 0.08770737684496702}}",,,2026-09-15T01:03:11.702914+00:00,2026-09-15T01:03:11.713671+00:00,0.010757,0.26882121057211505,-0.19852287209160469,1.354106999056877,-0.02803933311434953,-0.001477127908395326,-0.016810928914240075,0.0,-2.0,-0.014325224195741448,-0.6314001398361497,-0.019112725737895297,0.07453817242735856,-0.010144148908724396,0.6314001398361497,3.4905724706827868,79.0,0.46831530139103555,-0.1808872742621047,158.0,7.0,5.0,2.513505490004482,0.014325224195741448,0.07834197636536824,86.0,0.33012379642365886,-0.1828550269006749,173.0,7.0,4.0,0.04188744739300243,0.26882121057211505,1.354106999056877,165.0,0.3951965065502183,-0.19852287209160469,330.0,7.0,5.0,2.6625076050152696,0.18210505952115194,0.15193377752410425,0.07527303918723671,0.14357304916159092,0.281256634611773,0.07815106314917614,0.08770737684496702,False
1049,S007-EX09-WEIGHTED-SCORE-01049,COMPLETE,"{""confirm_share_fraction"": 0.6749320452895897, ""confirmation_total"": 0.26981243636611896, ""entry_quantile"": 0.7556796938359662, ""entry_timing_total"": 0.15193377752410425, ""exit_quantile"": 0.4846657372279909, ""opp_spx_fraction"": 0.6620456275880582, ""opportunity_total"": 0.4415609363801544, ""risk_shibor_fraction"": 0.5093793084597256}",True,,f9c15db447c0c99a3edde9f7582cd9efc8c52a6336afccb6d436b15ac5abc86e,997ea60a206c57ab71b8fc71e4cc4f270ec9a981005d577c421db5389f453e5f,"{""confirmation"": {""cagr"": 0.5625101319543477, ""calmar"": 3.1097275043200323, ""closed_trades"": 73, ""exposure_ratio"": 0.4312210200927357, ""maximum_drawdown"": -0.1808872742621046, ""order_count"": 146, ""rolling_60_closed_trades_median"": 6.0, ""rolling_60_closed_trades_p10"": 4.0, ""total_return"": 2.14508549659225}, ""discovery"": {""cagr"": 0.029911507151991756, ""calmar"": 0.1526174546082946, ""closed_trades"": 84, ""exposure_ratio"": 0.312242090784044, ""maximum_drawdown"": -0.19599008009118046, ""order_count"": 169, ""rolling_60_closed_trades_median"": 7.0, ""rolling_60_closed_trades_p10"": 4.0, ""total_return"": 0.08874638494924736}, ""entry_threshold"": 0.08681969096481514, ""exit_threshold"": -0.008829042217051806, ""full"": {""cagr"": 0.2533756067332431, ""calmar"": 1.292798118228051, ""closed_trades"": 157, ""exposure_ratio"": 0.3682678311499272, ""maximum_drawdown"": -0.19599008009118046, ""order_count"": 314, ""rolling_60_closed_trades_median"": 7.0, ""rolling_60_closed_trades_p10"": 4.0, ""total_return"": 2.425912565003507}, ""weights"": {""micro_share_change_5d_lag1"": 0.18210505952115194, ""price_close_vwap_deviation"": 0.15193377752410425, ""price_intraday_range"": 0.06706434046295812, ""risk_chinext_turnover_z20"": 0.14922744913598446, ""risk_global_spx_return"": 0.29233348724416997, ""risk_shibor_on_change_5d"": 0.0696285092666642, ""tsfresh__log_volume_change__mean__lb20"": 0.08770737684496702}}",,,2026-09-15T01:03:11.750622+00:00,2026-09-15T01:03:11.760256+00:00,0.009634,0.2533756067332431,-0.19599008009118046,1.292798118228051,-0.012593729275477583,-0.004009919908819548,-0.019343720914664297,0.0,-1.0,-0.029911507151991756,-0.5625101319543477,-0.01911272573789541,0.08681969096481514,-0.008829042217051806,0.5625101319543477,3.1097275043200323,73.0,0.4312210200927357,-0.1808872742621046,146.0,6.0,4.0,2.14508549659225,0.029911507151991756,0.1526174546082946,84.0,0.312242090784044,-0.19599008009118046,169.0,7.0,4.0,0.08874638494924736,0.2533756067332431,1.292798118228051,157.0,0.3682678311499272,-0.19599008009118046,314.0,7.0,4.0,2.425912565003507,0.18210505952115194,0.15193377752410425,0.06706434046295812,0.14922744913598446,0.29233348724416997,0.0696285092666642,0.08770737684496702,False
1055,S007-EX09-WEIGHTED-SCORE-01055,COMPLETE,"{""confirm_share_fraction"": 0.698299768394608, ""confirmation_total"": 0.27571539324347055, ""entry_quantile"": 0.7126882588944086, ""entry_timing_total"": 0.13786657725087936, ""exit_quantile"": 0.4846657372279909, ""opp_spx_fraction"": 0.6707752881834187, ""opportunity_total"": 0.4165533269336094, ""risk_shibor_fraction"": 0.5093793084597256}",True,,41185970cf40532a4f87f6d24c1318832e4d9c235d4d1b0492ec0d22627ebe75,17840ccd1134936ecc8f98edc8a7371705bf01c9b821a20cc60059b9e26a4706,"{""confirmation"": {""cagr"": 0.7043659482663367, ""calmar"": 3.8939497050838114, ""closed_trades"": 79, ""exposure_ratio"": 0.48377125193199383, ""maximum_drawdown"": -0.1808872742621046, ""order_count"": 158, ""rolling_60_closed_trades_median"": 7.0, ""rolling_60_closed_trades_p10"": 5.0, ""total_return"": 2.9312297459810135}, ""discovery"": {""cagr"": 0.020295825268515255, ""calmar"": 0.11099407882037489, ""closed_trades"": 88, ""exposure_ratio"": 0.34112792297111416, ""maximum_drawdown"": -0.18285502690067468, ""order_count"": 177, ""rolling_60_closed_trades_median"": 8.0, ""rolling_60_closed_trades_p10"": 4.0, ""total_return"": 0.05967852651820582}, ""entry_threshold"": 0.06776036334120492, ""exit_threshold"": -0.012873453721036848, ""full"": {""cagr"": 0.2992629496362911, ""calmar"": 1.544662007134113, ""closed_trades"": 167, ""exposure_ratio"": 0.40829694323144106, ""maximum_drawdown"": -0.193740085697795, ""order_count"": 334, ""rolling_60_closed_trades_median"": 7.0, ""rolling_60_closed_trades_p10"": 5.0, ""total_return"": 3.167922664498014}, ""weights"": {""micro_share_change_5d_lag1"": 0.19253199524474374, ""price_close_vwap_deviation"": 0.13786657725087936, ""price_intraday_range"": 0.0833391378441776, ""risk_chinext_turnover_z20"": 0.13713964901595574, ""risk_global_spx_return"": 0.2794136779176537, ""risk_shibor_on_change_5d"": 0.08652556472786302, ""tsfresh__log_volume_change__mean__lb20"": 0.08318339799872682}}",,,2026-09-15T01:03:11.798026+00:00,2026-09-15T01:03:11.808648+00:00,0.010622,0.2992629496362911,-0.193740085697795,1.544662007134113,-0.05848107217852555,-0.006259914302205016,-0.021593715308049766,0.0,-2.0,-0.020295825268515255,-0.7043659482663367,-0.01911272573789541,0.06776036334120492,-0.012873453721036848,0.7043659482663367,3.8939497050838114,79.0,0.48377125193199383,-0.1808872742621046,158.0,7.0,5.0,2.9312297459810135,0.020295825268515255,0.11099407882037489,88.0,0.34112792297111416,-0.18285502690067468,177.0,8.0,4.0,0.05967852651820582,0.2992629496362911,1.544662007134113,167.0,0.40829694323144106,-0.193740085697795,334.0,7.0,5.0,3.167922664498014,0.19253199524474374,0.13786657725087936,0.0833391378441776,0.13713964901595574,0.2794136779176537,0.08652556472786302,0.08318339799872682,True
1056,S007-EX09-WEIGHTED-SCORE-01056,COMPLETE,"{""confirm_share_fraction"": 0.698299768394608, ""confirmation_total"": 0.26981243636611896, ""entry_quantile"": 0.729010987373294, ""entry_timing_total"": 0.15193377752410425, ""exit_quantile"": 0.4846657372279909, ""opp_spx_fraction"": 0.6620456275880582, ""opportunity_total"": 0.4415609363801544, ""risk_shibor_fraction"": 0.5093793084597256}",True,,7dabda728085bfcb94297f9da4532492d732e0796811297eb1c5e060e99bc3d8,d8c8d9e01e96d1e1af1f7a57b442f10298f68def01ba597ef42afed739d1a73c,"{""confirmation"": {""cagr"": 0.657365238458872, ""calmar"": 3.6341154519601724, ""closed_trades"": 77, ""exposure_ratio"": 0.4667697063369397, ""maximum_drawdown"": -0.1808872742621046, ""order_count"": 154, ""rolling_60_closed_trades_median"": 7.0, ""rolling_60_closed_trades_p10"": 5.0, ""total_return"": 2.658875124244608}, ""discovery"": {""cagr"": 0.02499274517406347, ""calmar"": 0.13703302725053015, ""closed_trades"": 86, ""exposure_ratio"": 0.33012379642365886, ""maximum_drawdown"": -0.18238482850101945, ""order_count"": 173, ""rolling_60_closed_trades_median"": 7.0, ""rolling_60_closed_trades_p10"": 4.0, ""total_return"": 0.07381293871765715}, ""entry_threshold"": 0.07585169653142243, ""exit_threshold"": -0.010245391415689599, ""full"": {""cagr"": 0.2853864222391813, ""calmar"": 1.5025374044264028, ""closed_trades"": 163, ""exposure_ratio"": 0.39446870451237265, ""maximum_drawdown"": -0.189936317990119, ""order_count"": 326, ""rolling_60_closed_trades_median"": 7.0, ""rolling_60_closed_trades_p10"": 5.0, ""total_return"": 2.930911923290813}, ""weights"": {""micro_share_change_5d_lag1"": 0.18840996182444575, ""price_close_vwap_deviation"": 0.15193377752410425, ""price_intraday_range"": 0.06706434046295812, ""risk_chinext_turnover_z20"": 0.14922744913598446, ""risk_global_spx_return"": 0.29233348724416997, ""risk_shibor_on_change_5d"": 0.0696285092666642, ""tsfresh__log_volume_change__mean__lb20"": 0.0814024745416732}}",,,2026-09-15T01:03:11.808648+00:00,2026-09-15T01:03:11.820795+00:00,0.012147,0.2853864222391813,-0.189936317990119,1.5025374044264028,-0.04460454478141579,-0.010063682009881003,-0.025397483015725753,0.0,-2.0,-0.02499274517406347,-0.657365238458872,-0.01911272573789541,0.07585169653142243,-0.010245391415689599,0.657365238458872,3.6341154519601724,77.0,0.4667697063369397,-0.1808872742621046,154.0,7.0,5.0,2.658875124244608,0.02499274517406347,0.13703302725053015,86.0,0.33012379642365886,-0.18238482850101945,173.0,7.0,4.0,0.07381293871765715,0.2853864222391813,1.5025374044264028,163.0,0.39446870451237265,-0.189936317990119,326.0,7.0,5.0,2.930911923290813,0.18840996182444575,0.15193377752410425,0.06706434046295812,0.14922744913598446,0.29233348724416997,0.0696285092666642,0.0814024745416732,True
1057,S007-EX09-WEIGHTED-SCORE-01057,COMPLETE,"{""confirm_share_fraction"": 0.7423883834173866, ""confirmation_total"": 0.26981243636611896, ""entry_quantile"": 0.729010987373294, ""entry_timing_total"": 0.15193377752410425, ""exit_quantile"": 0.4846657372279909, ""opp_spx_fraction"": 0.6620456275880582, ""opportunity_total"": 0.42482968377336394, ""risk_shibor_fraction"": 0.5093793084597256}",True,,9360d27f915f596cb714a49a1987b2ccf943789222c6fc3b81fd5902b1b54354,c2812f98a5f25c4542bbabfe74390e583de35a7822bd85b9e341e1e3287cff18,"{""confirmation"": {""cagr"": 0.6309214713810805, ""calmar"": 3.4879262455294633, ""closed_trades"": 75, ""exposure_ratio"": 0.46831530139103555, ""maximum_drawdown"": -0.1808872742621045, ""order_count"": 150, ""rolling_60_closed_trades_median"": 7.0, ""rolling_60_closed_trades_p10"": 4.0, ""total_return"": 2.5108593134616184}, ""discovery"": {""cagr"": 0.029825336656592594, ""calmar"": 0.15835897632209256, ""closed_trades"": 83, ""exposure_ratio"": 0.33700137551581844, ""maximum_drawdown"": -0.1883400445575606, ""order_count"": 167, ""rolling_60_closed_trades_median"": 7.0, ""rolling_60_closed_trades_p10"": 4.0, ""total_return"": 0.08848360935367161}, ""entry_threshold"": 0.0754099769037148, ""exit_threshold"": -0.010576091859978038, ""full"": {""cagr"": 0.2788668602701445, ""calmar"": 1.4463127290571662, ""closed_trades"": 158, ""exposure_ratio"": 0.3988355167394469, ""maximum_drawdown"": -0.19281228372506576, ""order_count"": 316, ""rolling_60_closed_trades_median"": 7.0, ""rolling_60_closed_trades_p10"": 4.0, ""total_return"": 2.8234235738583853}, ""weights"": {""micro_share_change_5d_lag1"": 0.20030561845974953, ""price_close_vwap_deviation"": 0.15193377752410425, ""price_intraday_range"": 0.07527303918723671, ""risk_chinext_turnover_z20"": 0.14357304916159092, ""risk_global_spx_return"": 0.281256634611773, ""risk_shibor_on_change_5d"": 0.07815106314917614, ""tsfresh__log_volume_change__mean__lb20"": 0.06950681790636942}}",,,2026-09-15T01:03:11.820795+00:00,2026-09-15T01:03:11.832772+00:00,0.011977,0.2788668602701445,-0.19281228372506576,1.4463127290571662,-0.03808498281237899,-0.007187716274934253,-0.022521517280779002,0.0,-1.0,-0.029825336656592594,-0.6309214713810805,-0.01911272573789552,0.0754099769037148,-0.010576091859978038,0.6309214713810805,3.4879262455294633,75.0,0.46831530139103555,-0.1808872742621045,150.0,7.0,4.0,2.5108593134616184,0.029825336656592594,0.15835897632209256,83.0,0.33700137551581844,-0.1883400445575606,167.0,7.0,4.0,0.08848360935367161,0.2788668602701445,1.4463127290571662,158.0,0.3988355167394469,-0.19281228372506576,316.0,7.0,4.0,2.8234235738583853,0.20030561845974953,0.15193377752410425,0.07527303918723671,0.14357304916159092,0.281256634611773,0.07815106314917614,0.06950681790636942,False
1062,S007-EX09-WEIGHTED-SCORE-01062,COMPLETE,"{""confirm_share_fraction"": 0.7423883834173866, ""confirmation_total"": 0.27571539324347055, ""entry_quantile"": 0.729010987373294, ""entry_timing_total"": 0.15193377752410425, ""exit_quantile"": 0.4846657372279909, ""opp_spx_fraction"": 0.6620456275880582, ""opportunity_total"": 0.42482968377336394, ""risk_shibor_fraction"": 0.5093793084597256}",True,,98aaa7100f0df9fa003c83702c0fe963b49730d77a5b49d00dfa56780a8b6b1b,470423db2b659e2c2eefedef6593cc259f3b7995bb100035a774dea982a22e84,"{""confirmation"": {""cagr"": 0.6362595823280861, ""calmar"": 3.517436950297289, ""closed_trades"": 76, ""exposure_ratio"": 0.46986089644513135, ""maximum_drawdown"": -0.1808872742621045, ""order_count"": 152, ""rolling_60_closed_trades_median"": 7.0, ""rolling_60_closed_trades_p10"": 4.0, ""total_return"": 2.540438418216586}, ""discovery"": {""cagr"": 0.023208476067489325, ""calmar"": 0.12322645522363322, ""closed_trades"": 82, ""exposure_ratio"": 0.33700137551581844, ""maximum_drawdown"": -0.1883400445575606, ""order_count"": 165, ""rolling_60_closed_trades_median"": 7.0, ""rolling_60_closed_trades_p10"": 4.0, ""total_return"": 0.06842913342373524}, ""entry_threshold"": 0.07588689825027614, ""exit_threshold"": -0.01161135642902898, ""full"": {""cagr"": 0.2764751836053567, ""calmar"": 1.4011748633246475, ""closed_trades"": 158, ""exposure_ratio"": 0.39956331877729256, ""maximum_drawdown"": -0.19731668818933012, ""order_count"": 316, ""rolling_60_closed_trades_median"": 7.0, ""rolling_60_closed_trades_p10"": 4.0, ""total_return"": 2.7845989048908066}, ""weights"": {""micro_share_change_5d_lag1"": 0.20468790507330914, ""price_close_vwap_deviation"": 0.15193377752410425, ""price_intraday_range"": 0.07237692640193805, ""risk_chinext_turnover_z20"": 0.14357304916159092, ""risk_global_spx_return"": 0.281256634611773, ""risk_shibor_on_change_5d"": 0.07514421905712321, ""tsfresh__log_volume_change__mean__lb20"": 0.07102748817016143}}",,,2026-09-15T01:03:11.869279+00:00,2026-09-15T01:03:11.881403+00:00,0.012124,0.2764751836053567,-0.19731668818933012,1.4011748633246475,-0.0356933061475912,-0.002683311810669886,-0.018017112816514635,0.0,-1.0,-0.023208476067489325,-0.6362595823280861,-0.01911272573789552,0.07588689825027614,-0.01161135642902898,0.6362595823280861,3.517436950297289,76.0,0.46986089644513135,-0.1808872742621045,152.0,7.0,4.0,2.540438418216586,0.023208476067489325,0.12322645522363322,82.0,0.33700137551581844,-0.1883400445575606,165.0,7.0,4.0,0.06842913342373524,0.2764751836053567,1.4011748633246475,158.0,0.39956331877729256,-0.19731668818933012,316.0,7.0,4.0,2.7845989048908066,0.20468790507330914,0.15193377752410425,0.07237692640193805,0.14357304916159092,0.281256634611773,0.07514421905712321,0.07102748817016143,False
1064,S007-EX09-WEIGHTED-SCORE-01064,COMPLETE,"{""confirm_share_fraction"": 0.7423883834173866, ""confirmation_total"": 0.27571539324347055, ""entry_quantile"": 0.729010987373294, ""entry_timing_total"": 0.15193377752410425, ""exit_quantile"": 0.4846657372279909, ""opp_spx_fraction"": 0.6620456275880582, ""opportunity_total"": 0.42482968377336394, ""risk_shibor_fraction"": 0.5093793084597256}",True,,98aaa7100f0df9fa003c83702c0fe963b49730d77a5b49d00dfa56780a8b6b1b,470423db2b659e2c2eefedef6593cc259f3b7995bb100035a774dea982a22e84,"{""confirmation"": {""cagr"": 0.6362595823280861, ""calmar"": 3.517436950297289, ""closed_trades"": 76, ""exposure_ratio"": 0.46986089644513135, ""maximum_drawdown"": -0.1808872742621045, ""order_count"": 152, ""rolling_60_closed_trades_median"": 7.0, ""rolling_60_closed_trades_p10"": 4.0, ""total_return"": 2.540438418216586}, ""discovery"": {""cagr"": 0.023208476067489325, ""calmar"": 0.12322645522363322, ""closed_trades"": 82, ""exposure_ratio"": 0.33700137551581844, ""maximum_drawdown"": -0.1883400445575606, ""order_count"": 165, ""rolling_60_closed_trades_median"": 7.0, ""rolling_60_closed_trades_p10"": 4.0, ""total_return"": 0.06842913342373524}, ""entry_threshold"": 0.07588689825027614, ""exit_threshold"": -0.01161135642902898, ""full"": {""cagr"": 0.2764751836053567, ""calmar"": 1.4011748633246475, ""closed_trades"": 158, ""exposure_ratio"": 0.39956331877729256, ""maximum_drawdown"": -0.19731668818933012, ""order_count"": 316, ""rolling_60_closed_trades_median"": 7.0, ""rolling_60_closed_trades_p10"": 4.0, ""total_return"": 2.7845989048908066}, ""weights"": {""micro_share_change_5d_lag1"": 0.20468790507330914, ""price_close_vwap_deviation"": 0.15193377752410425, ""price_intraday_range"": 0.07237692640193805, ""risk_chinext_turnover_z20"": 0.14357304916159092, ""risk_global_spx_return"": 0.281256634611773, ""risk_shibor_on_change_5d"": 0.07514421905712321, ""tsfresh__log_volume_change__mean__lb20"": 0.07102748817016143}}",,,2026-09-15T01:03:11.893305+00:00,2026-09-15T01:03:11.904914+00:00,0.011609,0.2764751836053567,-0.19731668818933012,1.4011748633246475,-0.0356933061475912,-0.002683311810669886,-0.018017112816514635,0.0,-1.0,-0.023208476067489325,-0.6362595823280861,-0.01911272573789552,0.07588689825027614,-0.01161135642902898,0.6362595823280861,3.517436950297289,76.0,0.46986089644513135,-0.1808872742621045,152.0,7.0,4.0,2.540438418216586,0.023208476067489325,0.12322645522363322,82.0,0.33700137551581844,-0.1883400445575606,165.0,7.0,4.0,0.06842913342373524,0.2764751836053567,1.4011748633246475,158.0,0.39956331877729256,-0.19731668818933012,316.0,7.0,4.0,2.7845989048908066,0.20468790507330914,0.15193377752410425,0.07237692640193805,0.14357304916159092,0.281256634611773,0.07514421905712321,0.07102748817016143,False
1065,S007-EX09-WEIGHTED-SCORE-01065,COMPLETE,"{""confirm_share_fraction"": 0.698299768394608, ""confirmation_total"": 0.28767649301244924, ""entry_quantile"": 0.729010987373294, ""entry_timing_total"": 0.15193377752410425, ""exit_quantile"": 0.4846657372279909, ""opp_spx_fraction"": 0.6620456275880582, ""opportunity_total"": 0.42482968377336394, ""risk_shibor_fraction"": 0.5093793084597256}",True,,6fba1a554f7a9a0c0dcffafdaf7b40d737d6a6412820c7d724cc16266d97f803,5a34293f504db3aa1c4e0d9a47cdf53d32bd53548d32018f4d325b2894c453d1,"{""confirmation"": {""cagr"": 0.6000383028443488, ""calmar"": 3.3171946743743685, ""closed_trades"": 76, ""exposure_ratio"": 0.46367851622874806, ""maximum_drawdown"": -0.1808872742621045, ""order_count"": 152, ""rolling_60_closed_trades_median"": 7.0, ""rolling_60_closed_trades_p10"": 4.0, ""total_return"": 2.3426942034431617}, ""discovery"": {""cagr"": 0.023671033565962896, ""calmar"": 0.12978619855889267, ""closed_trades"": 84, ""exposure_ratio"": 0.33012379642365886, ""maximum_drawdown"": -0.18238482850101945, ""order_count"": 169, ""rolling_60_closed_trades_median"": 7.0, ""rolling_60_closed_trades_p10"": 4.0, ""total_return"": 0.0698231444420272}, ""entry_threshold"": 0.07570330231941753, ""exit_threshold"": -0.01196381617410524, ""full"": {""cagr"": 0.26339264295125697, ""calmar"": 1.3449392286002921, ""closed_trades"": 160, ""exposure_ratio"": 0.3930131004366812, ""maximum_drawdown"": -0.1958398099707267, ""order_count"": 320, ""rolling_60_closed_trades_median"": 7.0, ""rolling_60_closed_trades_p10"": 4.0, ""total_return"": 2.577879669447525}, ""weights"": {""micro_share_change_5d_lag1"": 0.20088442844316637, ""price_close_vwap_deviation"": 0.15193377752410425, ""price_intraday_range"": 0.06650856336169951, ""risk_chinext_turnover_z20"": 0.14357304916159092, ""risk_global_spx_return"": 0.281256634611773, ""risk_shibor_on_change_5d"": 0.06905148232838305, ""tsfresh__log_volume_change__mean__lb20"": 0.08679206456928289}}",,,2026-09-15T01:03:11.904914+00:00,2026-09-15T01:03:11.917946+00:00,0.013032,0.26339264295125697,-0.1958398099707267,1.3449392286002921,-0.022610765493491447,-0.004160190029273314,-0.019493991035118063,0.0,-1.0,-0.023671033565962896,-0.6000383028443488,-0.01911272573789552,0.07570330231941753,-0.01196381617410524,0.6000383028443488,3.3171946743743685,76.0,0.46367851622874806,-0.1808872742621045,152.0,7.0,4.0,2.3426942034431617,0.023671033565962896,0.12978619855889267,84.0,0.33012379642365886,-0.18238482850101945,169.0,7.0,4.0,0.0698231444420272,0.26339264295125697,1.3449392286002921,160.0,0.3930131004366812,-0.1958398099707267,320.0,7.0,4.0,2.577879669447525,0.20088442844316637,0.15193377752410425,0.06650856336169951,0.14357304916159092,0.281256634611773,0.06905148232838305,0.08679206456928289,False
1073,S007-EX09-WEIGHTED-SCORE-01073,COMPLETE,"{""confirm_share_fraction"": 0.698299768394608, ""confirmation_total"": 0.26981243636611896, ""entry_quantile"": 0.729010987373294, ""entry_timing_total"": 0.15193377752410425, ""exit_quantile"": 0.4846657372279909, ""opp_spx_fraction"": 0.6620456275880582, ""opportunity_total"": 0.4415609363801544, ""risk_shibor_fraction"": 0.5093793084597256}",True,,7dabda728085bfcb94297f9da4532492d732e0796811297eb1c5e060e99bc3d8,d8c8d9e01e96d1e1af1f7a57b442f10298f68def01ba597ef42afed739d1a73c,"{""confirmation"": {""cagr"": 0.657365238458872, ""calmar"": 3.6341154519601724, ""closed_trades"": 77, ""exposure_ratio"": 0.4667697063369397, ""maximum_drawdown"": -0.1808872742621046, ""order_count"": 154, ""rolling_60_closed_trades_median"": 7.0, ""rolling_60_closed_trades_p10"": 5.0, ""total_return"": 2.658875124244608}, ""discovery"": {""cagr"": 0.02499274517406347, ""calmar"": 0.13703302725053015, ""closed_trades"": 86, ""exposure_ratio"": 0.33012379642365886, ""maximum_drawdown"": -0.18238482850101945, ""order_count"": 173, ""rolling_60_closed_trades_median"": 7.0, ""rolling_60_closed_trades_p10"": 4.0, ""total_return"": 0.07381293871765715}, ""entry_threshold"": 0.07585169653142243, ""exit_threshold"": -0.010245391415689599, ""full"": {""cagr"": 0.2853864222391813, ""calmar"": 1.5025374044264028, ""closed_trades"": 163, ""exposure_ratio"": 0.39446870451237265, ""maximum_drawdown"": -0.189936317990119, ""order_count"": 326, ""rolling_60_closed_trades_median"": 7.0, ""rolling_60_closed_trades_p10"": 5.0, ""total_return"": 2.930911923290813}, ""weights"": {""micro_share_change_5d_lag1"": 0.18840996182444575, ""price_close_vwap_deviation"": 0.15193377752410425, ""price_intraday_range"": 0.06706434046295812, ""risk_chinext_turnover_z20"": 0.14922744913598446, ""risk_global_spx_return"": 0.29233348724416997, ""risk_shibor_on_change_5d"": 0.0696285092666642, ""tsfresh__log_volume_change__mean__lb20"": 0.0814024745416732}}",,,2026-09-15T01:03:11.981311+00:00,2026-09-15T01:03:11.994351+00:00,0.01304,0.2853864222391813,-0.189936317990119,1.5025374044264028,-0.04460454478141579,-0.010063682009881003,-0.025397483015725753,0.0,-2.0,-0.02499274517406347,-0.657365238458872,-0.01911272573789541,0.07585169653142243,-0.010245391415689599,0.657365238458872,3.6341154519601724,77.0,0.4667697063369397,-0.1808872742621046,154.0,7.0,5.0,2.658875124244608,0.02499274517406347,0.13703302725053015,86.0,0.33012379642365886,-0.18238482850101945,173.0,7.0,4.0,0.07381293871765715,0.2853864222391813,1.5025374044264028,163.0,0.39446870451237265,-0.189936317990119,326.0,7.0,5.0,2.930911923290813,0.18840996182444575,0.15193377752410425,0.06706434046295812,0.14922744913598446,0.29233348724416997,0.0696285092666642,0.0814024745416732,True
1081,S007-EX09-WEIGHTED-SCORE-01081,COMPLETE,"{""confirm_share_fraction"": 0.7423883834173866, ""confirmation_total"": 0.27571539324347055, ""entry_quantile"": 0.729010987373294, ""entry_timing_total"": 0.15193377752410425, ""exit_quantile"": 0.4846657372279909, ""opp_spx_fraction"": 0.6620456275880582, ""opportunity_total"": 0.42482968377336394, ""risk_shibor_fraction"": 0.5093793084597256}",True,,98aaa7100f0df9fa003c83702c0fe963b49730d77a5b49d00dfa56780a8b6b1b,470423db2b659e2c2eefedef6593cc259f3b7995bb100035a774dea982a22e84,"{""confirmation"": {""cagr"": 0.6362595823280861, ""calmar"": 3.517436950297289, ""closed_trades"": 76, ""exposure_ratio"": 0.46986089644513135, ""maximum_drawdown"": -0.1808872742621045, ""order_count"": 152, ""rolling_60_closed_trades_median"": 7.0, ""rolling_60_closed_trades_p10"": 4.0, ""total_return"": 2.540438418216586}, ""discovery"": {""cagr"": 0.023208476067489325, ""calmar"": 0.12322645522363322, ""closed_trades"": 82, ""exposure_ratio"": 0.33700137551581844, ""maximum_drawdown"": -0.1883400445575606, ""order_count"": 165, ""rolling_60_closed_trades_median"": 7.0, ""rolling_60_closed_trades_p10"": 4.0, ""total_return"": 0.06842913342373524}, ""entry_threshold"": 0.07588689825027614, ""exit_threshold"": -0.01161135642902898, ""full"": {""cagr"": 0.2764751836053567, ""calmar"": 1.4011748633246475, ""closed_trades"": 158, ""exposure_ratio"": 0.39956331877729256, ""maximum_drawdown"": -0.19731668818933012, ""order_count"": 316, ""rolling_60_closed_trades_median"": 7.0, ""rolling_60_closed_trades_p10"": 4.0, ""total_return"": 2.7845989048908066}, ""weights"": {""micro_share_change_5d_lag1"": 0.20468790507330914, ""price_close_vwap_deviation"": 0.15193377752410425, ""price_intraday_range"": 0.07237692640193805, ""risk_chinext_turnover_z20"": 0.14357304916159092, ""risk_global_spx_return"": 0.281256634611773, ""risk_shibor_on_change_5d"": 0.07514421905712321, ""tsfresh__log_volume_change__mean__lb20"": 0.07102748817016143}}",,,2026-09-15T01:03:12.064791+00:00,2026-09-15T01:03:12.077005+00:00,0.012214,0.2764751836053567,-0.19731668818933012,1.4011748633246475,-0.0356933061475912,-0.002683311810669886,-0.018017112816514635,0.0,-1.0,-0.023208476067489325,-0.6362595823280861,-0.01911272573789552,0.07588689825027614,-0.01161135642902898,0.6362595823280861,3.517436950297289,76.0,0.46986089644513135,-0.1808872742621045,152.0,7.0,4.0,2.540438418216586,0.023208476067489325,0.12322645522363322,82.0,0.33700137551581844,-0.1883400445575606,165.0,7.0,4.0,0.06842913342373524,0.2764751836053567,1.4011748633246475,158.0,0.39956331877729256,-0.19731668818933012,316.0,7.0,4.0,2.7845989048908066,0.20468790507330914,0.15193377752410425,0.07237692640193805,0.14357304916159092,0.281256634611773,0.07514421905712321,0.07102748817016143,False
1097,S007-EX09-WEIGHTED-SCORE-01097,COMPLETE,"{""confirm_share_fraction"": 0.7423883834173866, ""confirmation_total"": 0.2629038254689534, ""entry_quantile"": 0.7126882588944086, ""entry_timing_total"": 0.15193377752410425, ""exit_quantile"": 0.4846657372279909, ""opp_spx_fraction"": 0.6620456275880582, ""opportunity_total"": 0.42482968377336394, ""risk_shibor_fraction"": 0.5093793084597256}",True,,103a44ec52bf901a88dac8fcb187e03dddc77b9cbcbb5fe70c3292baff703a30,120fc2b1aae4aec38f02e84173c0662318d8d07888f8c0ae16b86577d103327f,"{""confirmation"": {""cagr"": 0.6487251006786501, ""calmar"": 3.58635013615525, ""closed_trades"": 81, ""exposure_ratio"": 0.49304482225656876, ""maximum_drawdown"": -0.18088727426210438, ""order_count"": 162, ""rolling_60_closed_trades_median"": 7.0, ""rolling_60_closed_trades_p10"": 5.0, ""total_return"": 2.61010234707065}, ""discovery"": {""cagr"": 0.02237258152949617, ""calmar"": 0.11638837386279824, ""closed_trades"": 87, ""exposure_ratio"": 0.33837689133425036, ""maximum_drawdown"": -0.19222350813037026, ""order_count"": 175, ""rolling_60_closed_trades_median"": 7.0, ""rolling_60_closed_trades_p10"": 4.0, ""total_return"": 0.06591300660860644}, ""entry_threshold"": 0.06862041231217608, ""exit_threshold"": -0.011319900421466222, ""full"": {""cagr"": 0.2804913353763878, ""calmar"": 1.4547378930293953, ""closed_trades"": 168, ""exposure_ratio"": 0.41120815138282385, ""maximum_drawdown"": -0.19281228372506554, ""order_count"": 336, ""rolling_60_closed_trades_median"": 7.0, ""rolling_60_closed_trades_p10"": 4.0, ""total_return"": 2.8499790744543283}, ""weights"": {""micro_share_change_5d_lag1"": 0.19517674598414306, ""price_close_vwap_deviation"": 0.15193377752410425, ""price_intraday_range"": 0.07866254664318674, ""risk_chinext_turnover_z20"": 0.14357304916159092, ""risk_global_spx_return"": 0.281256634611773, ""risk_shibor_on_change_5d"": 0.08167016659039165, ""tsfresh__log_volume_change__mean__lb20"": 0.06772707948481035}}",,,2026-09-15T01:03:12.211834+00:00,2026-09-15T01:03:12.223411+00:00,0.011577,0.2804913353763878,-0.19281228372506554,1.4547378930293953,-0.03970945791862229,-0.007187716274934475,-0.022521517280779224,0.0,-1.0,-0.02237258152949617,-0.6487251006786501,-0.01911272573789563,0.06862041231217608,-0.011319900421466222,0.6487251006786501,3.58635013615525,81.0,0.49304482225656876,-0.18088727426210438,162.0,7.0,5.0,2.61010234707065,0.02237258152949617,0.11638837386279824,87.0,0.33837689133425036,-0.19222350813037026,175.0,7.0,4.0,0.06591300660860644,0.2804913353763878,1.4547378930293953,168.0,0.41120815138282385,-0.19281228372506554,336.0,7.0,4.0,2.8499790744543283,0.19517674598414306,0.15193377752410425,0.07866254664318674,0.14357304916159092,0.281256634611773,0.08167016659039165,0.06772707948481035,False
1100,S007-EX09-WEIGHTED-SCORE-01100,COMPLETE,"{""confirm_share_fraction"": 0.6749320452895897, ""confirmation_total"": 0.27571539324347055, ""entry_quantile"": 0.729010987373294, ""entry_timing_total"": 0.15193377752410425, ""exit_quantile"": 0.4846657372279909, ""opp_spx_fraction"": 0.6620456275880582, ""opportunity_total"": 0.42482968377336394, ""risk_shibor_fraction"": 0.5093793084597256}",True,,671f437b3e7cd8208a1239ae7b2d6423f59cebb7dc10e4576702c05965ae24bc,5e26312e6c1c69df76173212ee4e2625c638b3f231c06e6833cb5b574cc50971,"{""confirmation"": {""cagr"": 0.6122264300053144, ""calmar"": 3.384574357166788, ""closed_trades"": 77, ""exposure_ratio"": 0.46831530139103555, ""maximum_drawdown"": -0.18088727426210438, ""order_count"": 154, ""rolling_60_closed_trades_median"": 7.0, ""rolling_60_closed_trades_p10"": 4.0, ""total_return"": 2.4084593388299305}, ""discovery"": {""cagr"": 0.012005732627133003, ""calmar"": 0.06565711006487343, ""closed_trades"": 85, ""exposure_ratio"": 0.328748280605227, ""maximum_drawdown"": -0.1828550269006749, ""order_count"": 171, ""rolling_60_closed_trades_median"": 7.0, ""rolling_60_closed_trades_p10"": 4.0, ""total_return"": 0.03502887228680707}, ""entry_threshold"": 0.07536910617223384, ""exit_threshold"": -0.010169380291110157, ""full"": {""cagr"": 0.26024970417713633, ""calmar"": 1.310930581626129, ""closed_trades"": 162, ""exposure_ratio"": 0.39446870451237265, ""maximum_drawdown"": -0.19852287209160424, ""order_count"": 324, ""rolling_60_closed_trades_median"": 7.0, ""rolling_60_closed_trades_p10"": 4.0, ""total_return"": 2.5296177526174293}, ""weights"": {""micro_share_change_5d_lag1"": 0.1860891542796391, ""price_close_vwap_deviation"": 0.15193377752410425, ""price_intraday_range"": 0.07237692640193805, ""risk_chinext_turnover_z20"": 0.14357304916159092, ""risk_global_spx_return"": 0.281256634611773, ""risk_shibor_on_change_5d"": 0.07514421905712321, ""tsfresh__log_volume_change__mean__lb20"": 0.08962623896383144}}",,,2026-09-15T01:03:12.245294+00:00,2026-09-15T01:03:12.257889+00:00,0.012595,0.26024970417713633,-0.19852287209160424,1.310930581626129,-0.019467826719370807,-0.00147712790839577,-0.01681092891424052,0.0,-1.0,-0.012005732627133003,-0.6122264300053144,-0.01911272573789563,0.07536910617223384,-0.010169380291110157,0.6122264300053144,3.384574357166788,77.0,0.46831530139103555,-0.18088727426210438,154.0,7.0,4.0,2.4084593388299305,0.012005732627133003,0.06565711006487343,85.0,0.328748280605227,-0.1828550269006749,171.0,7.0,4.0,0.03502887228680707,0.26024970417713633,1.310930581626129,162.0,0.39446870451237265,-0.19852287209160424,324.0,7.0,4.0,2.5296177526174293,0.1860891542796391,0.15193377752410425,0.07237692640193805,0.14357304916159092,0.281256634611773,0.07514421905712321,0.08962623896383144,False
1108,S007-EX09-WEIGHTED-SCORE-01108,COMPLETE,"{""confirm_share_fraction"": 0.7423883834173866, ""confirmation_total"": 0.27571539324347055, ""entry_quantile"": 0.729010987373294, ""entry_timing_total"": 0.15193377752410425, ""exit_quantile"": 0.4846657372279909, ""opp_spx_fraction"": 0.6620456275880582, ""opportunity_total"": 0.42482968377336394, ""risk_shibor_fraction"": 0.5093793084597256}",True,,98aaa7100f0df9fa003c83702c0fe963b49730d77a5b49d00dfa56780a8b6b1b,470423db2b659e2c2eefedef6593cc259f3b7995bb100035a774dea982a22e84,"{""confirmation"": {""cagr"": 0.6362595823280861, ""calmar"": 3.517436950297289, ""closed_trades"": 76, ""exposure_ratio"": 0.46986089644513135, ""maximum_drawdown"": -0.1808872742621045, ""order_count"": 152, ""rolling_60_closed_trades_median"": 7.0, ""rolling_60_closed_trades_p10"": 4.0, ""total_return"": 2.540438418216586}, ""discovery"": {""cagr"": 0.023208476067489325, ""calmar"": 0.12322645522363322, ""closed_trades"": 82, ""exposure_ratio"": 0.33700137551581844, ""maximum_drawdown"": -0.1883400445575606, ""order_count"": 165, ""rolling_60_closed_trades_median"": 7.0, ""rolling_60_closed_trades_p10"": 4.0, ""total_return"": 0.06842913342373524}, ""entry_threshold"": 0.07588689825027614, ""exit_threshold"": -0.01161135642902898, ""full"": {""cagr"": 0.2764751836053567, ""calmar"": 1.4011748633246475, ""closed_trades"": 158, ""exposure_ratio"": 0.39956331877729256, ""maximum_drawdown"": -0.19731668818933012, ""order_count"": 316, ""rolling_60_closed_trades_median"": 7.0, ""rolling_60_closed_trades_p10"": 4.0, ""total_return"": 2.7845989048908066}, ""weights"": {""micro_share_change_5d_lag1"": 0.20468790507330914, ""price_close_vwap_deviation"": 0.15193377752410425, ""price_intraday_range"": 0.07237692640193805, ""risk_chinext_turnover_z20"": 0.14357304916159092, ""risk_global_spx_return"": 0.281256634611773, ""risk_shibor_on_change_5d"": 0.07514421905712321, ""tsfresh__log_volume_change__mean__lb20"": 0.07102748817016143}}",,,2026-09-15T01:03:12.320161+00:00,2026-09-15T01:03:12.333001+00:00,0.01284,0.2764751836053567,-0.19731668818933012,1.4011748633246475,-0.0356933061475912,-0.002683311810669886,-0.018017112816514635,0.0,-1.0,-0.023208476067489325,-0.6362595823280861,-0.01911272573789552,0.07588689825027614,-0.01161135642902898,0.6362595823280861,3.517436950297289,76.0,0.46986089644513135,-0.1808872742621045,152.0,7.0,4.0,2.540438418216586,0.023208476067489325,0.12322645522363322,82.0,0.33700137551581844,-0.1883400445575606,165.0,7.0,4.0,0.06842913342373524,0.2764751836053567,1.4011748633246475,158.0,0.39956331877729256,-0.19731668818933012,316.0,7.0,4.0,2.7845989048908066,0.20468790507330914,0.15193377752410425,0.07237692640193805,0.14357304916159092,0.281256634611773,0.07514421905712321,0.07102748817016143,False
1120,S007-EX09-WEIGHTED-SCORE-01120,COMPLETE,"{""confirm_share_fraction"": 0.6749320452895897, ""confirmation_total"": 0.26981243636611896, ""entry_quantile"": 0.7556796938359662, ""entry_timing_total"": 0.15193377752410425, ""exit_quantile"": 0.4846657372279909, ""opp_spx_fraction"": 0.6620456275880582, ""opportunity_total"": 0.4415609363801544, ""risk_shibor_fraction"": 0.5093793084597256}",True,,f9c15db447c0c99a3edde9f7582cd9efc8c52a6336afccb6d436b15ac5abc86e,997ea60a206c57ab71b8fc71e4cc4f270ec9a981005d577c421db5389f453e5f,"{""confirmation"": {""cagr"": 0.5625101319543477, ""calmar"": 3.1097275043200323, ""closed_trades"": 73, ""exposure_ratio"": 0.4312210200927357, ""maximum_drawdown"": -0.1808872742621046, ""order_count"": 146, ""rolling_60_closed_trades_median"": 6.0, ""rolling_60_closed_trades_p10"": 4.0, ""total_return"": 2.14508549659225}, ""discovery"": {""cagr"": 0.029911507151991756, ""calmar"": 0.1526174546082946, ""closed_trades"": 84, ""exposure_ratio"": 0.312242090784044, ""maximum_drawdown"": -0.19599008009118046, ""order_count"": 169, ""rolling_60_closed_trades_median"": 7.0, ""rolling_60_closed_trades_p10"": 4.0, ""total_return"": 0.08874638494924736}, ""entry_threshold"": 0.08681969096481514, ""exit_threshold"": -0.008829042217051806, ""full"": {""cagr"": 0.2533756067332431, ""calmar"": 1.292798118228051, ""closed_trades"": 157, ""exposure_ratio"": 0.3682678311499272, ""maximum_drawdown"": -0.19599008009118046, ""order_count"": 314, ""rolling_60_closed_trades_median"": 7.0, ""rolling_60_closed_trades_p10"": 4.0, ""total_return"": 2.425912565003507}, ""weights"": {""micro_share_change_5d_lag1"": 0.18210505952115194, ""price_close_vwap_deviation"": 0.15193377752410425, ""price_intraday_range"": 0.06706434046295812, ""risk_chinext_turnover_z20"": 0.14922744913598446, ""risk_global_spx_return"": 0.29233348724416997, ""risk_shibor_on_change_5d"": 0.0696285092666642, ""tsfresh__log_volume_change__mean__lb20"": 0.08770737684496702}}",,,2026-09-15T01:03:12.431315+00:00,2026-09-15T01:03:12.443006+00:00,0.011691,0.2533756067332431,-0.19599008009118046,1.292798118228051,-0.012593729275477583,-0.004009919908819548,-0.019343720914664297,0.0,-1.0,-0.029911507151991756,-0.5625101319543477,-0.01911272573789541,0.08681969096481514,-0.008829042217051806,0.5625101319543477,3.1097275043200323,73.0,0.4312210200927357,-0.1808872742621046,146.0,6.0,4.0,2.14508549659225,0.029911507151991756,0.1526174546082946,84.0,0.312242090784044,-0.19599008009118046,169.0,7.0,4.0,0.08874638494924736,0.2533756067332431,1.292798118228051,157.0,0.3682678311499272,-0.19599008009118046,314.0,7.0,4.0,2.425912565003507,0.18210505952115194,0.15193377752410425,0.06706434046295812,0.14922744913598446,0.29233348724416997,0.0696285092666642,0.08770737684496702,False
1122,S007-EX09-WEIGHTED-SCORE-01122,COMPLETE,"{""confirm_share_fraction"": 0.7423883834173866, ""confirmation_total"": 0.26981243636611896, ""entry_quantile"": 0.729010987373294, ""entry_timing_total"": 0.15193377752410425, ""exit_quantile"": 0.4846657372279909, ""opp_spx_fraction"": 0.6620456275880582, ""opportunity_total"": 0.42482968377336394, ""risk_shibor_fraction"": 0.5093793084597256}",True,,9360d27f915f596cb714a49a1987b2ccf943789222c6fc3b81fd5902b1b54354,c2812f98a5f25c4542bbabfe74390e583de35a7822bd85b9e341e1e3287cff18,"{""confirmation"": {""cagr"": 0.6309214713810805, ""calmar"": 3.4879262455294633, ""closed_trades"": 75, ""exposure_ratio"": 0.46831530139103555, ""maximum_drawdown"": -0.1808872742621045, ""order_count"": 150, ""rolling_60_closed_trades_median"": 7.0, ""rolling_60_closed_trades_p10"": 4.0, ""total_return"": 2.5108593134616184}, ""discovery"": {""cagr"": 0.029825336656592594, ""calmar"": 0.15835897632209256, ""closed_trades"": 83, ""exposure_ratio"": 0.33700137551581844, ""maximum_drawdown"": -0.1883400445575606, ""order_count"": 167, ""rolling_60_closed_trades_median"": 7.0, ""rolling_60_closed_trades_p10"": 4.0, ""total_return"": 0.08848360935367161}, ""entry_threshold"": 0.0754099769037148, ""exit_threshold"": -0.010576091859978038, ""full"": {""cagr"": 0.2788668602701445, ""calmar"": 1.4463127290571662, ""closed_trades"": 158, ""exposure_ratio"": 0.3988355167394469, ""maximum_drawdown"": -0.19281228372506576, ""order_count"": 316, ""rolling_60_closed_trades_median"": 7.0, ""rolling_60_closed_trades_p10"": 4.0, ""total_return"": 2.8234235738583853}, ""weights"": {""micro_share_change_5d_lag1"": 0.20030561845974953, ""price_close_vwap_deviation"": 0.15193377752410425, ""price_intraday_range"": 0.07527303918723671, ""risk_chinext_turnover_z20"": 0.14357304916159092, ""risk_global_spx_return"": 0.281256634611773, ""risk_shibor_on_change_5d"": 0.07815106314917614, ""tsfresh__log_volume_change__mean__lb20"": 0.06950681790636942}}",,,2026-09-15T01:03:12.445003+00:00,2026-09-15T01:03:12.456687+00:00,0.011684,0.2788668602701445,-0.19281228372506576,1.4463127290571662,-0.03808498281237899,-0.007187716274934253,-0.022521517280779002,0.0,-1.0,-0.029825336656592594,-0.6309214713810805,-0.01911272573789552,0.0754099769037148,-0.010576091859978038,0.6309214713810805,3.4879262455294633,75.0,0.46831530139103555,-0.1808872742621045,150.0,7.0,4.0,2.5108593134616184,0.029825336656592594,0.15835897632209256,83.0,0.33700137551581844,-0.1883400445575606,167.0,7.0,4.0,0.08848360935367161,0.2788668602701445,1.4463127290571662,158.0,0.3988355167394469,-0.19281228372506576,316.0,7.0,4.0,2.8234235738583853,0.20030561845974953,0.15193377752410425,0.07527303918723671,0.14357304916159092,0.281256634611773,0.07815106314917614,0.06950681790636942,False
1129,S007-EX09-WEIGHTED-SCORE-01129,COMPLETE,"{""confirm_share_fraction"": 0.698299768394608, ""confirmation_total"": 0.26981243636611896, ""entry_quantile"": 0.729010987373294, ""entry_timing_total"": 0.15193377752410425, ""exit_quantile"": 0.4846657372279909, ""opp_spx_fraction"": 0.6620456275880582, ""opportunity_total"": 0.4415609363801544, ""risk_shibor_fraction"": 0.5093793084597256}",True,,7dabda728085bfcb94297f9da4532492d732e0796811297eb1c5e060e99bc3d8,d8c8d9e01e96d1e1af1f7a57b442f10298f68def01ba597ef42afed739d1a73c,"{""confirmation"": {""cagr"": 0.657365238458872, ""calmar"": 3.6341154519601724, ""closed_trades"": 77, ""exposure_ratio"": 0.4667697063369397, ""maximum_drawdown"": -0.1808872742621046, ""order_count"": 154, ""rolling_60_closed_trades_median"": 7.0, ""rolling_60_closed_trades_p10"": 5.0, ""total_return"": 2.658875124244608}, ""discovery"": {""cagr"": 0.02499274517406347, ""calmar"": 0.13703302725053015, ""closed_trades"": 86, ""exposure_ratio"": 0.33012379642365886, ""maximum_drawdown"": -0.18238482850101945, ""order_count"": 173, ""rolling_60_closed_trades_median"": 7.0, ""rolling_60_closed_trades_p10"": 4.0, ""total_return"": 0.07381293871765715}, ""entry_threshold"": 0.07585169653142243, ""exit_threshold"": -0.010245391415689599, ""full"": {""cagr"": 0.2853864222391813, ""calmar"": 1.5025374044264028, ""closed_trades"": 163, ""exposure_ratio"": 0.39446870451237265, ""maximum_drawdown"": -0.189936317990119, ""order_count"": 326, ""rolling_60_closed_trades_median"": 7.0, ""rolling_60_closed_trades_p10"": 5.0, ""total_return"": 2.930911923290813}, ""weights"": {""micro_share_change_5d_lag1"": 0.18840996182444575, ""price_close_vwap_deviation"": 0.15193377752410425, ""price_intraday_range"": 0.06706434046295812, ""risk_chinext_turnover_z20"": 0.14922744913598446, ""risk_global_spx_return"": 0.29233348724416997, ""risk_shibor_on_change_5d"": 0.0696285092666642, ""tsfresh__log_volume_change__mean__lb20"": 0.0814024745416732}}",,,2026-09-15T01:03:12.508767+00:00,2026-09-15T01:03:12.520825+00:00,0.012058,0.2853864222391813,-0.189936317990119,1.5025374044264028,-0.04460454478141579,-0.010063682009881003,-0.025397483015725753,0.0,-2.0,-0.02499274517406347,-0.657365238458872,-0.01911272573789541,0.07585169653142243,-0.010245391415689599,0.657365238458872,3.6341154519601724,77.0,0.4667697063369397,-0.1808872742621046,154.0,7.0,5.0,2.658875124244608,0.02499274517406347,0.13703302725053015,86.0,0.33012379642365886,-0.18238482850101945,173.0,7.0,4.0,0.07381293871765715,0.2853864222391813,1.5025374044264028,163.0,0.39446870451237265,-0.189936317990119,326.0,7.0,5.0,2.930911923290813,0.18840996182444575,0.15193377752410425,0.06706434046295812,0.14922744913598446,0.29233348724416997,0.0696285092666642,0.0814024745416732,True
1136,S007-EX09-WEIGHTED-SCORE-01136,COMPLETE,"{""confirm_share_fraction"": 0.698299768394608, ""confirmation_total"": 0.28767649301244924, ""entry_quantile"": 0.729010987373294, ""entry_timing_total"": 0.15193377752410425, ""exit_quantile"": 0.4846657372279909, ""opp_spx_fraction"": 0.6620456275880582, ""opportunity_total"": 0.42482968377336394, ""risk_shibor_fraction"": 0.5093793084597256}",True,,6fba1a554f7a9a0c0dcffafdaf7b40d737d6a6412820c7d724cc16266d97f803,5a34293f504db3aa1c4e0d9a47cdf53d32bd53548d32018f4d325b2894c453d1,"{""confirmation"": {""cagr"": 0.6000383028443488, ""calmar"": 3.3171946743743685, ""closed_trades"": 76, ""exposure_ratio"": 0.46367851622874806, ""maximum_drawdown"": -0.1808872742621045, ""order_count"": 152, ""rolling_60_closed_trades_median"": 7.0, ""rolling_60_closed_trades_p10"": 4.0, ""total_return"": 2.3426942034431617}, ""discovery"": {""cagr"": 0.023671033565962896, ""calmar"": 0.12978619855889267, ""closed_trades"": 84, ""exposure_ratio"": 0.33012379642365886, ""maximum_drawdown"": -0.18238482850101945, ""order_count"": 169, ""rolling_60_closed_trades_median"": 7.0, ""rolling_60_closed_trades_p10"": 4.0, ""total_return"": 0.0698231444420272}, ""entry_threshold"": 0.07570330231941753, ""exit_threshold"": -0.01196381617410524, ""full"": {""cagr"": 0.26339264295125697, ""calmar"": 1.3449392286002921, ""closed_trades"": 160, ""exposure_ratio"": 0.3930131004366812, ""maximum_drawdown"": -0.1958398099707267, ""order_count"": 320, ""rolling_60_closed_trades_median"": 7.0, ""rolling_60_closed_trades_p10"": 4.0, ""total_return"": 2.577879669447525}, ""weights"": {""micro_share_change_5d_lag1"": 0.20088442844316637, ""price_close_vwap_deviation"": 0.15193377752410425, ""price_intraday_range"": 0.06650856336169951, ""risk_chinext_turnover_z20"": 0.14357304916159092, ""risk_global_spx_return"": 0.281256634611773, ""risk_shibor_on_change_5d"": 0.06905148232838305, ""tsfresh__log_volume_change__mean__lb20"": 0.08679206456928289}}",,,2026-09-15T01:03:12.580642+00:00,2026-09-15T01:03:12.591822+00:00,0.01118,0.26339264295125697,-0.1958398099707267,1.3449392286002921,-0.022610765493491447,-0.004160190029273314,-0.019493991035118063,0.0,-1.0,-0.023671033565962896,-0.6000383028443488,-0.01911272573789552,0.07570330231941753,-0.01196381617410524,0.6000383028443488,3.3171946743743685,76.0,0.46367851622874806,-0.1808872742621045,152.0,7.0,4.0,2.3426942034431617,0.023671033565962896,0.12978619855889267,84.0,0.33012379642365886,-0.18238482850101945,169.0,7.0,4.0,0.0698231444420272,0.26339264295125697,1.3449392286002921,160.0,0.3930131004366812,-0.1958398099707267,320.0,7.0,4.0,2.577879669447525,0.20088442844316637,0.15193377752410425,0.06650856336169951,0.14357304916159092,0.281256634611773,0.06905148232838305,0.08679206456928289,False
1138,S007-EX09-WEIGHTED-SCORE-01138,COMPLETE,"{""confirm_share_fraction"": 0.7423883834173866, ""confirmation_total"": 0.26981243636611896, ""entry_quantile"": 0.729010987373294, ""entry_timing_total"": 0.15193377752410425, ""exit_quantile"": 0.4846657372279909, ""opp_spx_fraction"": 0.6620456275880582, ""opportunity_total"": 0.42482968377336394, ""risk_shibor_fraction"": 0.5093793084597256}",True,,9360d27f915f596cb714a49a1987b2ccf943789222c6fc3b81fd5902b1b54354,c2812f98a5f25c4542bbabfe74390e583de35a7822bd85b9e341e1e3287cff18,"{""confirmation"": {""cagr"": 0.6309214713810805, ""calmar"": 3.4879262455294633, ""closed_trades"": 75, ""exposure_ratio"": 0.46831530139103555, ""maximum_drawdown"": -0.1808872742621045, ""order_count"": 150, ""rolling_60_closed_trades_median"": 7.0, ""rolling_60_closed_trades_p10"": 4.0, ""total_return"": 2.5108593134616184}, ""discovery"": {""cagr"": 0.029825336656592594, ""calmar"": 0.15835897632209256, ""closed_trades"": 83, ""exposure_ratio"": 0.33700137551581844, ""maximum_drawdown"": -0.1883400445575606, ""order_count"": 167, ""rolling_60_closed_trades_median"": 7.0, ""rolling_60_closed_trades_p10"": 4.0, ""total_return"": 0.08848360935367161}, ""entry_threshold"": 0.0754099769037148, ""exit_threshold"": -0.010576091859978038, ""full"": {""cagr"": 0.2788668602701445, ""calmar"": 1.4463127290571662, ""closed_trades"": 158, ""exposure_ratio"": 0.3988355167394469, ""maximum_drawdown"": -0.19281228372506576, ""order_count"": 316, ""rolling_60_closed_trades_median"": 7.0, ""rolling_60_closed_trades_p10"": 4.0, ""total_return"": 2.8234235738583853}, ""weights"": {""micro_share_change_5d_lag1"": 0.20030561845974953, ""price_close_vwap_deviation"": 0.15193377752410425, ""price_intraday_range"": 0.07527303918723671, ""risk_chinext_turnover_z20"": 0.14357304916159092, ""risk_global_spx_return"": 0.281256634611773, ""risk_shibor_on_change_5d"": 0.07815106314917614, ""tsfresh__log_volume_change__mean__lb20"": 0.06950681790636942}}",,,2026-09-15T01:03:12.603632+00:00,2026-09-15T01:03:12.615475+00:00,0.011843,0.2788668602701445,-0.19281228372506576,1.4463127290571662,-0.03808498281237899,-0.007187716274934253,-0.022521517280779002,0.0,-1.0,-0.029825336656592594,-0.6309214713810805,-0.01911272573789552,0.0754099769037148,-0.010576091859978038,0.6309214713810805,3.4879262455294633,75.0,0.46831530139103555,-0.1808872742621045,150.0,7.0,4.0,2.5108593134616184,0.029825336656592594,0.15835897632209256,83.0,0.33700137551581844,-0.1883400445575606,167.0,7.0,4.0,0.08848360935367161,0.2788668602701445,1.4463127290571662,158.0,0.3988355167394469,-0.19281228372506576,316.0,7.0,4.0,2.8234235738583853,0.20030561845974953,0.15193377752410425,0.07527303918723671,0.14357304916159092,0.281256634611773,0.07815106314917614,0.06950681790636942,False
1148,S007-EX09-WEIGHTED-SCORE-01148,COMPLETE,"{""confirm_share_fraction"": 0.7423883834173866, ""confirmation_total"": 0.27571539324347055, ""entry_quantile"": 0.729010987373294, ""entry_timing_total"": 0.15193377752410425, ""exit_quantile"": 0.4846657372279909, ""opp_spx_fraction"": 0.6620456275880582, ""opportunity_total"": 0.42482968377336394, ""risk_shibor_fraction"": 0.5093793084597256}",True,,98aaa7100f0df9fa003c83702c0fe963b49730d77a5b49d00dfa56780a8b6b1b,470423db2b659e2c2eefedef6593cc259f3b7995bb100035a774dea982a22e84,"{""confirmation"": {""cagr"": 0.6362595823280861, ""calmar"": 3.517436950297289, ""closed_trades"": 76, ""exposure_ratio"": 0.46986089644513135, ""maximum_drawdown"": -0.1808872742621045, ""order_count"": 152, ""rolling_60_closed_trades_median"": 7.0, ""rolling_60_closed_trades_p10"": 4.0, ""total_return"": 2.540438418216586}, ""discovery"": {""cagr"": 0.023208476067489325, ""calmar"": 0.12322645522363322, ""closed_trades"": 82, ""exposure_ratio"": 0.33700137551581844, ""maximum_drawdown"": -0.1883400445575606, ""order_count"": 165, ""rolling_60_closed_trades_median"": 7.0, ""rolling_60_closed_trades_p10"": 4.0, ""total_return"": 0.06842913342373524}, ""entry_threshold"": 0.07588689825027614, ""exit_threshold"": -0.01161135642902898, ""full"": {""cagr"": 0.2764751836053567, ""calmar"": 1.4011748633246475, ""closed_trades"": 158, ""exposure_ratio"": 0.39956331877729256, ""maximum_drawdown"": -0.19731668818933012, ""order_count"": 316, ""rolling_60_closed_trades_median"": 7.0, ""rolling_60_closed_trades_p10"": 4.0, ""total_return"": 2.7845989048908066}, ""weights"": {""micro_share_change_5d_lag1"": 0.20468790507330914, ""price_close_vwap_deviation"": 0.15193377752410425, ""price_intraday_range"": 0.07237692640193805, ""risk_chinext_turnover_z20"": 0.14357304916159092, ""risk_global_spx_return"": 0.281256634611773, ""risk_shibor_on_change_5d"": 0.07514421905712321, ""tsfresh__log_volume_change__mean__lb20"": 0.07102748817016143}}",,,2026-09-15T01:03:12.700761+00:00,2026-09-15T01:03:12.713481+00:00,0.01272,0.2764751836053567,-0.19731668818933012,1.4011748633246475,-0.0356933061475912,-0.002683311810669886,-0.018017112816514635,0.0,-1.0,-0.023208476067489325,-0.6362595823280861,-0.01911272573789552,0.07588689825027614,-0.01161135642902898,0.6362595823280861,3.517436950297289,76.0,0.46986089644513135,-0.1808872742621045,152.0,7.0,4.0,2.540438418216586,0.023208476067489325,0.12322645522363322,82.0,0.33700137551581844,-0.1883400445575606,165.0,7.0,4.0,0.06842913342373524,0.2764751836053567,1.4011748633246475,158.0,0.39956331877729256,-0.19731668818933012,316.0,7.0,4.0,2.7845989048908066,0.20468790507330914,0.15193377752410425,0.07237692640193805,0.14357304916159092,0.281256634611773,0.07514421905712321,0.07102748817016143,False
1150,S007-EX09-WEIGHTED-SCORE-01150,COMPLETE,"{""confirm_share_fraction"": 0.7423883834173866, ""confirmation_total"": 0.27571539324347055, ""entry_quantile"": 0.729010987373294, ""entry_timing_total"": 0.15193377752410425, ""exit_quantile"": 0.4846657372279909, ""opp_spx_fraction"": 0.6620456275880582, ""opportunity_total"": 0.42482968377336394, ""risk_shibor_fraction"": 0.5093793084597256}",True,,98aaa7100f0df9fa003c83702c0fe963b49730d77a5b49d00dfa56780a8b6b1b,470423db2b659e2c2eefedef6593cc259f3b7995bb100035a774dea982a22e84,"{""confirmation"": {""cagr"": 0.6362595823280861, ""calmar"": 3.517436950297289, ""closed_trades"": 76, ""exposure_ratio"": 0.46986089644513135, ""maximum_drawdown"": -0.1808872742621045, ""order_count"": 152, ""rolling_60_closed_trades_median"": 7.0, ""rolling_60_closed_trades_p10"": 4.0, ""total_return"": 2.540438418216586}, ""discovery"": {""cagr"": 0.023208476067489325, ""calmar"": 0.12322645522363322, ""closed_trades"": 82, ""exposure_ratio"": 0.33700137551581844, ""maximum_drawdown"": -0.1883400445575606, ""order_count"": 165, ""rolling_60_closed_trades_median"": 7.0, ""rolling_60_closed_trades_p10"": 4.0, ""total_return"": 0.06842913342373524}, ""entry_threshold"": 0.07588689825027614, ""exit_threshold"": -0.01161135642902898, ""full"": {""cagr"": 0.2764751836053567, ""calmar"": 1.4011748633246475, ""closed_trades"": 158, ""exposure_ratio"": 0.39956331877729256, ""maximum_drawdown"": -0.19731668818933012, ""order_count"": 316, ""rolling_60_closed_trades_median"": 7.0, ""rolling_60_closed_trades_p10"": 4.0, ""total_return"": 2.7845989048908066}, ""weights"": {""micro_share_change_5d_lag1"": 0.20468790507330914, ""price_close_vwap_deviation"": 0.15193377752410425, ""price_intraday_range"": 0.07237692640193805, ""risk_chinext_turnover_z20"": 0.14357304916159092, ""risk_global_spx_return"": 0.281256634611773, ""risk_shibor_on_change_5d"": 0.07514421905712321, ""tsfresh__log_volume_change__mean__lb20"": 0.07102748817016143}}",,,2026-09-15T01:03:12.724602+00:00,2026-09-15T01:03:12.736010+00:00,0.011408,0.2764751836053567,-0.19731668818933012,1.4011748633246475,-0.0356933061475912,-0.002683311810669886,-0.018017112816514635,0.0,-1.0,-0.023208476067489325,-0.6362595823280861,-0.01911272573789552,0.07588689825027614,-0.01161135642902898,0.6362595823280861,3.517436950297289,76.0,0.46986089644513135,-0.1808872742621045,152.0,7.0,4.0,2.540438418216586,0.023208476067489325,0.12322645522363322,82.0,0.33700137551581844,-0.1883400445575606,165.0,7.0,4.0,0.06842913342373524,0.2764751836053567,1.4011748633246475,158.0,0.39956331877729256,-0.19731668818933012,316.0,7.0,4.0,2.7845989048908066,0.20468790507330914,0.15193377752410425,0.07237692640193805,0.14357304916159092,0.281256634611773,0.07514421905712321,0.07102748817016143,False
1152,S007-EX09-WEIGHTED-SCORE-01152,COMPLETE,"{""confirm_share_fraction"": 0.7423883834173866, ""confirmation_total"": 0.30935576281556854, ""entry_quantile"": 0.729010987373294, ""entry_timing_total"": 0.15193377752410425, ""exit_quantile"": 0.4846657372279909, ""opp_spx_fraction"": 0.6620456275880582, ""opportunity_total"": 0.42482968377336394, ""risk_shibor_fraction"": 0.5093793084597256}",True,,6de9142a6fe9b6fe415abf7ba2b44e7caf8662e726a9990ef1a0bbf496671926,003fa564a60c4470591691ed72f1d62274e9f82017d97c4e9b4afead8450b072,"{""confirmation"": {""cagr"": 0.5599517405962664, ""calmar"": 3.0955839369048146, ""closed_trades"": 74, ""exposure_ratio"": 0.4559505409582689, ""maximum_drawdown"": -0.1808872742621045, ""order_count"": 148, ""rolling_60_closed_trades_median"": 7.0, ""rolling_60_closed_trades_p10"": 4.0, ""total_return"": 2.131880969853921}, ""discovery"": {""cagr"": 0.026234098537812223, ""calmar"": 0.13929113481649708, ""closed_trades"": 81, ""exposure_ratio"": 0.3356258596973865, ""maximum_drawdown"": -0.18834004455756048, ""order_count"": 163, ""rolling_60_closed_trades_median"": 7.0, ""rolling_60_closed_trades_p10"": 4.0, ""total_return"": 0.07756900056132432}, ""entry_threshold"": 0.07888635366135982, ""exit_threshold"": -0.008916726108788386, ""full"": {""cagr"": 0.25004071170509, ""calmar"": 1.2968090355779796, ""closed_trades"": 155, ""exposure_ratio"": 0.3922852983988355, ""maximum_drawdown"": -0.19281228372506554, ""order_count"": 310, ""rolling_60_closed_trades_median"": 7.0, ""rolling_60_closed_trades_p10"": 4.0, ""total_return"": 2.3765052554858097}, ""weights"": {""micro_share_change_5d_lag1"": 0.22966212465750238, ""price_close_vwap_deviation"": 0.15193377752410425, ""price_intraday_range"": 0.05587226501880493, ""risk_chinext_turnover_z20"": 0.14357304916159092, ""risk_global_spx_return"": 0.281256634611773, ""risk_shibor_on_change_5d"": 0.05800851086815834, ""tsfresh__log_volume_change__mean__lb20"": 0.07969363815806614}}",,,2026-09-15T01:03:12.746579+00:00,2026-09-15T01:03:12.759327+00:00,0.012748,0.25004071170509,-0.19281228372506554,1.2968090355779796,-0.009258834247324488,-0.007187716274934475,-0.022521517280779224,0.0,-1.0,-0.026234098537812223,-0.5599517405962664,-0.01911272573789552,0.07888635366135982,-0.008916726108788386,0.5599517405962664,3.0955839369048146,74.0,0.4559505409582689,-0.1808872742621045,148.0,7.0,4.0,2.131880969853921,0.026234098537812223,0.13929113481649708,81.0,0.3356258596973865,-0.18834004455756048,163.0,7.0,4.0,0.07756900056132432,0.25004071170509,1.2968090355779796,155.0,0.3922852983988355,-0.19281228372506554,310.0,7.0,4.0,2.3765052554858097,0.22966212465750238,0.15193377752410425,0.05587226501880493,0.14357304916159092,0.281256634611773,0.05800851086815834,0.07969363815806614,False
1153,S007-EX09-WEIGHTED-SCORE-01153,COMPLETE,"{""confirm_share_fraction"": 0.6749320452895897, ""confirmation_total"": 0.27571539324347055, ""entry_quantile"": 0.729010987373294, ""entry_timing_total"": 0.15193377752410425, ""exit_quantile"": 0.4846657372279909, ""opp_spx_fraction"": 0.6620456275880582, ""opportunity_total"": 0.42482968377336394, ""risk_shibor_fraction"": 0.5093793084597256}",True,,671f437b3e7cd8208a1239ae7b2d6423f59cebb7dc10e4576702c05965ae24bc,5e26312e6c1c69df76173212ee4e2625c638b3f231c06e6833cb5b574cc50971,"{""confirmation"": {""cagr"": 0.6122264300053144, ""calmar"": 3.384574357166788, ""closed_trades"": 77, ""exposure_ratio"": 0.46831530139103555, ""maximum_drawdown"": -0.18088727426210438, ""order_count"": 154, ""rolling_60_closed_trades_median"": 7.0, ""rolling_60_closed_trades_p10"": 4.0, ""total_return"": 2.4084593388299305}, ""discovery"": {""cagr"": 0.012005732627133003, ""calmar"": 0.06565711006487343, ""closed_trades"": 85, ""exposure_ratio"": 0.328748280605227, ""maximum_drawdown"": -0.1828550269006749, ""order_count"": 171, ""rolling_60_closed_trades_median"": 7.0, ""rolling_60_closed_trades_p10"": 4.0, ""total_return"": 0.03502887228680707}, ""entry_threshold"": 0.07536910617223384, ""exit_threshold"": -0.010169380291110157, ""full"": {""cagr"": 0.26024970417713633, ""calmar"": 1.310930581626129, ""closed_trades"": 162, ""exposure_ratio"": 0.39446870451237265, ""maximum_drawdown"": -0.19852287209160424, ""order_count"": 324, ""rolling_60_closed_trades_median"": 7.0, ""rolling_60_closed_trades_p10"": 4.0, ""total_return"": 2.5296177526174293}, ""weights"": {""micro_share_change_5d_lag1"": 0.1860891542796391, ""price_close_vwap_deviation"": 0.15193377752410425, ""price_intraday_range"": 0.07237692640193805, ""risk_chinext_turnover_z20"": 0.14357304916159092, ""risk_global_spx_return"": 0.281256634611773, ""risk_shibor_on_change_5d"": 0.07514421905712321, ""tsfresh__log_volume_change__mean__lb20"": 0.08962623896383144}}",,,2026-09-15T01:03:12.759327+00:00,2026-09-15T01:03:12.771364+00:00,0.012037,0.26024970417713633,-0.19852287209160424,1.310930581626129,-0.019467826719370807,-0.00147712790839577,-0.01681092891424052,0.0,-1.0,-0.012005732627133003,-0.6122264300053144,-0.01911272573789563,0.07536910617223384,-0.010169380291110157,0.6122264300053144,3.384574357166788,77.0,0.46831530139103555,-0.18088727426210438,154.0,7.0,4.0,2.4084593388299305,0.012005732627133003,0.06565711006487343,85.0,0.328748280605227,-0.1828550269006749,171.0,7.0,4.0,0.03502887228680707,0.26024970417713633,1.310930581626129,162.0,0.39446870451237265,-0.19852287209160424,324.0,7.0,4.0,2.5296177526174293,0.1860891542796391,0.15193377752410425,0.07237692640193805,0.14357304916159092,0.281256634611773,0.07514421905712321,0.08962623896383144,False
1157,S007-EX09-WEIGHTED-SCORE-01157,COMPLETE,"{""confirm_share_fraction"": 0.6749320452895897, ""confirmation_total"": 0.26981243636611896, ""entry_quantile"": 0.729010987373294, ""entry_timing_total"": 0.15193377752410425, ""exit_quantile"": 0.4846657372279909, ""opp_spx_fraction"": 0.6620456275880582, ""opportunity_total"": 0.42482968377336394, ""risk_shibor_fraction"": 0.5093793084597256}",True,,2f9a0180a4ff7b3e075540b3e883627d7130bf63035e67f2beff9e395ffd0f6d,47056ac3af38ed7f494450822374090e2958cd8095707d7f9b4d93439f8feebd,"{""confirmation"": {""cagr"": 0.6314001398361497, ""calmar"": 3.4905724706827868, ""closed_trades"": 79, ""exposure_ratio"": 0.46831530139103555, ""maximum_drawdown"": -0.1808872742621047, ""order_count"": 158, ""rolling_60_closed_trades_median"": 7.0, ""rolling_60_closed_trades_p10"": 5.0, ""total_return"": 2.513505490004482}, ""discovery"": {""cagr"": 0.014325224195741448, ""calmar"": 0.07834197636536824, ""closed_trades"": 86, ""exposure_ratio"": 0.33012379642365886, ""maximum_drawdown"": -0.1828550269006749, ""order_count"": 173, ""rolling_60_closed_trades_median"": 7.0, ""rolling_60_closed_trades_p10"": 4.0, ""total_return"": 0.04188744739300243}, ""entry_threshold"": 0.07453817242735856, ""exit_threshold"": -0.010144148908724396, ""full"": {""cagr"": 0.26882121057211505, ""calmar"": 1.354106999056877, ""closed_trades"": 165, ""exposure_ratio"": 0.3951965065502183, ""maximum_drawdown"": -0.19852287209160469, ""order_count"": 330, ""rolling_60_closed_trades_median"": 7.0, ""rolling_60_closed_trades_p10"": 5.0, ""total_return"": 2.6625076050152696}, ""weights"": {""micro_share_change_5d_lag1"": 0.18210505952115194, ""price_close_vwap_deviation"": 0.15193377752410425, ""price_intraday_range"": 0.07527303918723671, ""risk_chinext_turnover_z20"": 0.14357304916159092, ""risk_global_spx_return"": 0.281256634611773, ""risk_shibor_on_change_5d"": 0.07815106314917614, ""tsfresh__log_volume_change__mean__lb20"": 0.08770737684496702}}",,,2026-09-15T01:03:12.798191+00:00,2026-09-15T01:03:12.808868+00:00,0.010677,0.26882121057211505,-0.19852287209160469,1.354106999056877,-0.02803933311434953,-0.001477127908395326,-0.016810928914240075,0.0,-2.0,-0.014325224195741448,-0.6314001398361497,-0.019112725737895297,0.07453817242735856,-0.010144148908724396,0.6314001398361497,3.4905724706827868,79.0,0.46831530139103555,-0.1808872742621047,158.0,7.0,5.0,2.513505490004482,0.014325224195741448,0.07834197636536824,86.0,0.33012379642365886,-0.1828550269006749,173.0,7.0,4.0,0.04188744739300243,0.26882121057211505,1.354106999056877,165.0,0.3951965065502183,-0.19852287209160469,330.0,7.0,5.0,2.6625076050152696,0.18210505952115194,0.15193377752410425,0.07527303918723671,0.14357304916159092,0.281256634611773,0.07815106314917614,0.08770737684496702,False
1161,S007-EX09-WEIGHTED-SCORE-01161,COMPLETE,"{""confirm_share_fraction"": 0.6749320452895897, ""confirmation_total"": 0.27571539324347055, ""entry_quantile"": 0.729010987373294, ""entry_timing_total"": 0.15193377752410425, ""exit_quantile"": 0.4846657372279909, ""opp_spx_fraction"": 0.6620456275880582, ""opportunity_total"": 0.42482968377336394, ""risk_shibor_fraction"": 0.5093793084597256}",True,,671f437b3e7cd8208a1239ae7b2d6423f59cebb7dc10e4576702c05965ae24bc,5e26312e6c1c69df76173212ee4e2625c638b3f231c06e6833cb5b574cc50971,"{""confirmation"": {""cagr"": 0.6122264300053144, ""calmar"": 3.384574357166788, ""closed_trades"": 77, ""exposure_ratio"": 0.46831530139103555, ""maximum_drawdown"": -0.18088727426210438, ""order_count"": 154, ""rolling_60_closed_trades_median"": 7.0, ""rolling_60_closed_trades_p10"": 4.0, ""total_return"": 2.4084593388299305}, ""discovery"": {""cagr"": 0.012005732627133003, ""calmar"": 0.06565711006487343, ""closed_trades"": 85, ""exposure_ratio"": 0.328748280605227, ""maximum_drawdown"": -0.1828550269006749, ""order_count"": 171, ""rolling_60_closed_trades_median"": 7.0, ""rolling_60_closed_trades_p10"": 4.0, ""total_return"": 0.03502887228680707}, ""entry_threshold"": 0.07536910617223384, ""exit_threshold"": -0.010169380291110157, ""full"": {""cagr"": 0.26024970417713633, ""calmar"": 1.310930581626129, ""closed_trades"": 162, ""exposure_ratio"": 0.39446870451237265, ""maximum_drawdown"": -0.19852287209160424, ""order_count"": 324, ""rolling_60_closed_trades_median"": 7.0, ""rolling_60_closed_trades_p10"": 4.0, ""total_return"": 2.5296177526174293}, ""weights"": {""micro_share_change_5d_lag1"": 0.1860891542796391, ""price_close_vwap_deviation"": 0.15193377752410425, ""price_intraday_range"": 0.07237692640193805, ""risk_chinext_turnover_z20"": 0.14357304916159092, ""risk_global_spx_return"": 0.281256634611773, ""risk_shibor_on_change_5d"": 0.07514421905712321, ""tsfresh__log_volume_change__mean__lb20"": 0.08962623896383144}}",,,2026-09-15T01:03:12.845957+00:00,2026-09-15T01:03:12.857504+00:00,0.011547,0.26024970417713633,-0.19852287209160424,1.310930581626129,-0.019467826719370807,-0.00147712790839577,-0.01681092891424052,0.0,-1.0,-0.012005732627133003,-0.6122264300053144,-0.01911272573789563,0.07536910617223384,-0.010169380291110157,0.6122264300053144,3.384574357166788,77.0,0.46831530139103555,-0.18088727426210438,154.0,7.0,4.0,2.4084593388299305,0.012005732627133003,0.06565711006487343,85.0,0.328748280605227,-0.1828550269006749,171.0,7.0,4.0,0.03502887228680707,0.26024970417713633,1.310930581626129,162.0,0.39446870451237265,-0.19852287209160424,324.0,7.0,4.0,2.5296177526174293,0.1860891542796391,0.15193377752410425,0.07237692640193805,0.14357304916159092,0.281256634611773,0.07514421905712321,0.08962623896383144,False
1164,S007-EX09-WEIGHTED-SCORE-01164,COMPLETE,"{""confirm_share_fraction"": 0.6749320452895897, ""confirmation_total"": 0.26981243636611896, ""entry_quantile"": 0.7556796938359662, ""entry_timing_total"": 0.15193377752410425, ""exit_quantile"": 0.4846657372279909, ""opp_spx_fraction"": 0.6620456275880582, ""opportunity_total"": 0.4415609363801544, ""risk_shibor_fraction"": 0.5093793084597256}",True,,f9c15db447c0c99a3edde9f7582cd9efc8c52a6336afccb6d436b15ac5abc86e,997ea60a206c57ab71b8fc71e4cc4f270ec9a981005d577c421db5389f453e5f,"{""confirmation"": {""cagr"": 0.5625101319543477, ""calmar"": 3.1097275043200323, ""closed_trades"": 73, ""exposure_ratio"": 0.4312210200927357, ""maximum_drawdown"": -0.1808872742621046, ""order_count"": 146, ""rolling_60_closed_trades_median"": 6.0, ""rolling_60_closed_trades_p10"": 4.0, ""total_return"": 2.14508549659225}, ""discovery"": {""cagr"": 0.029911507151991756, ""calmar"": 0.1526174546082946, ""closed_trades"": 84, ""exposure_ratio"": 0.312242090784044, ""maximum_drawdown"": -0.19599008009118046, ""order_count"": 169, ""rolling_60_closed_trades_median"": 7.0, ""rolling_60_closed_trades_p10"": 4.0, ""total_return"": 0.08874638494924736}, ""entry_threshold"": 0.08681969096481514, ""exit_threshold"": -0.008829042217051806, ""full"": {""cagr"": 0.2533756067332431, ""calmar"": 1.292798118228051, ""closed_trades"": 157, ""exposure_ratio"": 0.3682678311499272, ""maximum_drawdown"": -0.19599008009118046, ""order_count"": 314, ""rolling_60_closed_trades_median"": 7.0, ""rolling_60_closed_trades_p10"": 4.0, ""total_return"": 2.425912565003507}, ""weights"": {""micro_share_change_5d_lag1"": 0.18210505952115194, ""price_close_vwap_deviation"": 0.15193377752410425, ""price_intraday_range"": 0.06706434046295812, ""risk_chinext_turnover_z20"": 0.14922744913598446, ""risk_global_spx_return"": 0.29233348724416997, ""risk_shibor_on_change_5d"": 0.0696285092666642, ""tsfresh__log_volume_change__mean__lb20"": 0.08770737684496702}}",,,2026-09-15T01:03:12.881395+00:00,2026-09-15T01:03:12.893100+00:00,0.011705,0.2533756067332431,-0.19599008009118046,1.292798118228051,-0.012593729275477583,-0.004009919908819548,-0.019343720914664297,0.0,-1.0,-0.029911507151991756,-0.5625101319543477,-0.01911272573789541,0.08681969096481514,-0.008829042217051806,0.5625101319543477,3.1097275043200323,73.0,0.4312210200927357,-0.1808872742621046,146.0,6.0,4.0,2.14508549659225,0.029911507151991756,0.1526174546082946,84.0,0.312242090784044,-0.19599008009118046,169.0,7.0,4.0,0.08874638494924736,0.2533756067332431,1.292798118228051,157.0,0.3682678311499272,-0.19599008009118046,314.0,7.0,4.0,2.425912565003507,0.18210505952115194,0.15193377752410425,0.06706434046295812,0.14922744913598446,0.29233348724416997,0.0696285092666642,0.08770737684496702,False
1170,S007-EX09-WEIGHTED-SCORE-01170,COMPLETE,"{""confirm_share_fraction"": 0.7423883834173866, ""confirmation_total"": 0.27571539324347055, ""entry_quantile"": 0.729010987373294, ""entry_timing_total"": 0.15193377752410425, ""exit_quantile"": 0.4846657372279909, ""opp_spx_fraction"": 0.6620456275880582, ""opportunity_total"": 0.42482968377336394, ""risk_shibor_fraction"": 0.5093793084597256}",True,,98aaa7100f0df9fa003c83702c0fe963b49730d77a5b49d00dfa56780a8b6b1b,470423db2b659e2c2eefedef6593cc259f3b7995bb100035a774dea982a22e84,"{""confirmation"": {""cagr"": 0.6362595823280861, ""calmar"": 3.517436950297289, ""closed_trades"": 76, ""exposure_ratio"": 0.46986089644513135, ""maximum_drawdown"": -0.1808872742621045, ""order_count"": 152, ""rolling_60_closed_trades_median"": 7.0, ""rolling_60_closed_trades_p10"": 4.0, ""total_return"": 2.540438418216586}, ""discovery"": {""cagr"": 0.023208476067489325, ""calmar"": 0.12322645522363322, ""closed_trades"": 82, ""exposure_ratio"": 0.33700137551581844, ""maximum_drawdown"": -0.1883400445575606, ""order_count"": 165, ""rolling_60_closed_trades_median"": 7.0, ""rolling_60_closed_trades_p10"": 4.0, ""total_return"": 0.06842913342373524}, ""entry_threshold"": 0.07588689825027614, ""exit_threshold"": -0.01161135642902898, ""full"": {""cagr"": 0.2764751836053567, ""calmar"": 1.4011748633246475, ""closed_trades"": 158, ""exposure_ratio"": 0.39956331877729256, ""maximum_drawdown"": -0.19731668818933012, ""order_count"": 316, ""rolling_60_closed_trades_median"": 7.0, ""rolling_60_closed_trades_p10"": 4.0, ""total_return"": 2.7845989048908066}, ""weights"": {""micro_share_change_5d_lag1"": 0.20468790507330914, ""price_close_vwap_deviation"": 0.15193377752410425, ""price_intraday_range"": 0.07237692640193805, ""risk_chinext_turnover_z20"": 0.14357304916159092, ""risk_global_spx_return"": 0.281256634611773, ""risk_shibor_on_change_5d"": 0.07514421905712321, ""tsfresh__log_volume_change__mean__lb20"": 0.07102748817016143}}",,,2026-09-15T01:03:12.940766+00:00,2026-09-15T01:03:12.953033+00:00,0.012267,0.2764751836053567,-0.19731668818933012,1.4011748633246475,-0.0356933061475912,-0.002683311810669886,-0.018017112816514635,0.0,-1.0,-0.023208476067489325,-0.6362595823280861,-0.01911272573789552,0.07588689825027614,-0.01161135642902898,0.6362595823280861,3.517436950297289,76.0,0.46986089644513135,-0.1808872742621045,152.0,7.0,4.0,2.540438418216586,0.023208476067489325,0.12322645522363322,82.0,0.33700137551581844,-0.1883400445575606,165.0,7.0,4.0,0.06842913342373524,0.2764751836053567,1.4011748633246475,158.0,0.39956331877729256,-0.19731668818933012,316.0,7.0,4.0,2.7845989048908066,0.20468790507330914,0.15193377752410425,0.07237692640193805,0.14357304916159092,0.281256634611773,0.07514421905712321,0.07102748817016143,False
1174,S007-EX09-WEIGHTED-SCORE-01174,COMPLETE,"{""confirm_share_fraction"": 0.7423883834173866, ""confirmation_total"": 0.27571539324347055, ""entry_quantile"": 0.729010987373294, ""entry_timing_total"": 0.15772066658503897, ""exit_quantile"": 0.4846657372279909, ""opp_spx_fraction"": 0.6620456275880582, ""opportunity_total"": 0.42482968377336394, ""risk_shibor_fraction"": 0.49387894869452764}",True,,88443996b0a9863616841a6ef53a576d6a2147353f665a268f714341b51fbb80,eeb83a7bae24d64de548bab18bc40d32ae1d9635116bf99789514a3aeb1db715,"{""confirmation"": {""cagr"": 0.6350924501795892, ""calmar"": 3.510984687951812, ""closed_trades"": 76, ""exposure_ratio"": 0.46986089644513135, ""maximum_drawdown"": -0.1808872742621046, ""order_count"": 152, ""rolling_60_closed_trades_median"": 7.0, ""rolling_60_closed_trades_p10"": 4.0, ""total_return"": 2.533958257229799}, ""discovery"": {""cagr"": 0.02042995490877919, ""calmar"": 0.10847377124058925, ""closed_trades"": 83, ""exposure_ratio"": 0.3314993122420908, ""maximum_drawdown"": -0.18834004455756037, ""order_count"": 167, ""rolling_60_closed_trades_median"": 7.0, ""rolling_60_closed_trades_p10"": 4.0, ""total_return"": 0.06008046580790638}, ""entry_threshold"": 0.07677153710451957, ""exit_threshold"": -0.010141958498688786, ""full"": {""cagr"": 0.27421175783866025, ""calmar"": 1.3897038327318174, ""closed_trades"": 159, ""exposure_ratio"": 0.39665211062590977, ""maximum_drawdown"": -0.19731668818932957, ""order_count"": 318, ""rolling_60_closed_trades_median"": 7.0, ""rolling_60_closed_trades_p10"": 4.0, ""total_return"": 2.748153255527602}, ""weights"": {""micro_share_change_5d_lag1"": 0.20468790507330914, ""price_close_vwap_deviation"": 0.15772066658503897, ""price_intraday_range"": 0.07173469085421917, ""risk_chinext_turnover_z20"": 0.14357304916159092, ""risk_global_spx_return"": 0.281256634611773, ""risk_shibor_on_change_5d"": 0.06999956554390736, ""tsfresh__log_volume_change__mean__lb20"": 0.07102748817016143}}",,,2026-09-15T01:03:12.988552+00:00,2026-09-15T01:03:13.000799+00:00,0.012247,0.27421175783866025,-0.19731668818932957,1.3897038327318174,-0.03342988038089473,-0.0026833118106704412,-0.01801711281651519,0.0,-1.0,-0.02042995490877919,-0.6350924501795892,-0.01911272573789541,0.07677153710451957,-0.010141958498688786,0.6350924501795892,3.510984687951812,76.0,0.46986089644513135,-0.1808872742621046,152.0,7.0,4.0,2.533958257229799,0.02042995490877919,0.10847377124058925,83.0,0.3314993122420908,-0.18834004455756037,167.0,7.0,4.0,0.06008046580790638,0.27421175783866025,1.3897038327318174,159.0,0.39665211062590977,-0.19731668818932957,318.0,7.0,4.0,2.748153255527602,0.20468790507330914,0.15772066658503897,0.07173469085421917,0.14357304916159092,0.281256634611773,0.06999956554390736,0.07102748817016143,False
1176,S007-EX09-WEIGHTED-SCORE-01176,COMPLETE,"{""confirm_share_fraction"": 0.7423883834173866, ""confirmation_total"": 0.2629038254689534, ""entry_quantile"": 0.7126882588944086, ""entry_timing_total"": 0.13786657725087936, ""exit_quantile"": 0.4846657372279909, ""opp_spx_fraction"": 0.6620456275880582, ""opportunity_total"": 0.4165533269336094, ""risk_shibor_fraction"": 0.5093793084597256}",True,,f2429eb7c8078f3b6e9dc34d4765264130809cf367bbd6666b735f19a2fae224,f83d53b021bc41cefef858785a140245c498ad3412a22b6df77e2de9ce414ef9,"{""confirmation"": {""cagr"": 0.6789593640396934, ""calmar"": 3.753494361664631, ""closed_trades"": 79, ""exposure_ratio"": 0.49149922720247297, ""maximum_drawdown"": -0.1808872742621046, ""order_count"": 158, ""rolling_60_closed_trades_median"": 7.0, ""rolling_60_closed_trades_p10"": 5.0, ""total_return"": 2.7825244577181887}, ""discovery"": {""cagr"": 0.024497611008386988, ""calmar"": 0.13430651748342512, ""closed_trades"": 88, ""exposure_ratio"": 0.34800550206327374, ""maximum_drawdown"": -0.182400761090468, ""order_count"": 177, ""rolling_60_closed_trades_median"": 8.0, ""rolling_60_closed_trades_p10"": 4.0, ""total_return"": 0.0723171616527738}, ""entry_threshold"": 0.06824811034739071, ""exit_threshold"": -0.011832847636285202, ""full"": {""cagr"": 0.2929150508576326, ""calmar"": 1.5191721460822747, ""closed_trades"": 167, ""exposure_ratio"": 0.4155749636098981, ""maximum_drawdown"": -0.19281228372506576, ""order_count"": 334, ""rolling_60_closed_trades_median"": 7.0, ""rolling_60_closed_trades_p10"": 4.0, ""total_return"": 3.058093923327754}, ""weights"": {""micro_share_change_5d_lag1"": 0.19517674598414306, ""price_close_vwap_deviation"": 0.13786657725087936, ""price_intraday_range"": 0.08962475808542629, ""risk_chinext_turnover_z20"": 0.1407760181799544, ""risk_global_spx_return"": 0.275777308753655, ""risk_shibor_on_change_5d"": 0.09305151226113147, ""tsfresh__log_volume_change__mean__lb20"": 0.06772707948481035}}",,,2026-09-15T01:03:13.014139+00:00,2026-09-15T01:03:13.025557+00:00,0.011418,0.2929150508576326,-0.19281228372506576,1.5191721460822747,-0.05213317339986706,-0.007187716274934253,-0.022521517280779002,0.0,-1.0,-0.024497611008386988,-0.6789593640396934,-0.01911272573789541,0.06824811034739071,-0.011832847636285202,0.6789593640396934,3.753494361664631,79.0,0.49149922720247297,-0.1808872742621046,158.0,7.0,5.0,2.7825244577181887,0.024497611008386988,0.13430651748342512,88.0,0.34800550206327374,-0.182400761090468,177.0,8.0,4.0,0.0723171616527738,0.2929150508576326,1.5191721460822747,167.0,0.4155749636098981,-0.19281228372506576,334.0,7.0,4.0,3.058093923327754,0.19517674598414306,0.13786657725087936,0.08962475808542629,0.1407760181799544,0.275777308753655,0.09305151226113147,0.06772707948481035,True
1179,S007-EX09-WEIGHTED-SCORE-01179,COMPLETE,"{""confirm_share_fraction"": 0.7423883834173866, ""confirmation_total"": 0.27571539324347055, ""entry_quantile"": 0.729010987373294, ""entry_timing_total"": 0.15193377752410425, ""exit_quantile"": 0.4846657372279909, ""opp_spx_fraction"": 0.6620456275880582, ""opportunity_total"": 0.42482968377336394, ""risk_shibor_fraction"": 0.5093793084597256}",True,,98aaa7100f0df9fa003c83702c0fe963b49730d77a5b49d00dfa56780a8b6b1b,470423db2b659e2c2eefedef6593cc259f3b7995bb100035a774dea982a22e84,"{""confirmation"": {""cagr"": 0.6362595823280861, ""calmar"": 3.517436950297289, ""closed_trades"": 76, ""exposure_ratio"": 0.46986089644513135, ""maximum_drawdown"": -0.1808872742621045, ""order_count"": 152, ""rolling_60_closed_trades_median"": 7.0, ""rolling_60_closed_trades_p10"": 4.0, ""total_return"": 2.540438418216586}, ""discovery"": {""cagr"": 0.023208476067489325, ""calmar"": 0.12322645522363322, ""closed_trades"": 82, ""exposure_ratio"": 0.33700137551581844, ""maximum_drawdown"": -0.1883400445575606, ""order_count"": 165, ""rolling_60_closed_trades_median"": 7.0, ""rolling_60_closed_trades_p10"": 4.0, ""total_return"": 0.06842913342373524}, ""entry_threshold"": 0.07588689825027614, ""exit_threshold"": -0.01161135642902898, ""full"": {""cagr"": 0.2764751836053567, ""calmar"": 1.4011748633246475, ""closed_trades"": 158, ""exposure_ratio"": 0.39956331877729256, ""maximum_drawdown"": -0.19731668818933012, ""order_count"": 316, ""rolling_60_closed_trades_median"": 7.0, ""rolling_60_closed_trades_p10"": 4.0, ""total_return"": 2.7845989048908066}, ""weights"": {""micro_share_change_5d_lag1"": 0.20468790507330914, ""price_close_vwap_deviation"": 0.15193377752410425, ""price_intraday_range"": 0.07237692640193805, ""risk_chinext_turnover_z20"": 0.14357304916159092, ""risk_global_spx_return"": 0.281256634611773, ""risk_shibor_on_change_5d"": 0.07514421905712321, ""tsfresh__log_volume_change__mean__lb20"": 0.07102748817016143}}",,,2026-09-15T01:03:13.049913+00:00,2026-09-15T01:03:13.061192+00:00,0.011279,0.2764751836053567,-0.19731668818933012,1.4011748633246475,-0.0356933061475912,-0.002683311810669886,-0.018017112816514635,0.0,-1.0,-0.023208476067489325,-0.6362595823280861,-0.01911272573789552,0.07588689825027614,-0.01161135642902898,0.6362595823280861,3.517436950297289,76.0,0.46986089644513135,-0.1808872742621045,152.0,7.0,4.0,2.540438418216586,0.023208476067489325,0.12322645522363322,82.0,0.33700137551581844,-0.1883400445575606,165.0,7.0,4.0,0.06842913342373524,0.2764751836053567,1.4011748633246475,158.0,0.39956331877729256,-0.19731668818933012,316.0,7.0,4.0,2.7845989048908066,0.20468790507330914,0.15193377752410425,0.07237692640193805,0.14357304916159092,0.281256634611773,0.07514421905712321,0.07102748817016143,False
1185,S007-EX09-WEIGHTED-SCORE-01185,COMPLETE,"{""confirm_share_fraction"": 0.6749320452895897, ""confirmation_total"": 0.26981243636611896, ""entry_quantile"": 0.729010987373294, ""entry_timing_total"": 0.15193377752410425, ""exit_quantile"": 0.4846657372279909, ""opp_spx_fraction"": 0.6620456275880582, ""opportunity_total"": 0.42482968377336394, ""risk_shibor_fraction"": 0.5093793084597256}",True,,2f9a0180a4ff7b3e075540b3e883627d7130bf63035e67f2beff9e395ffd0f6d,47056ac3af38ed7f494450822374090e2958cd8095707d7f9b4d93439f8feebd,"{""confirmation"": {""cagr"": 0.6314001398361497, ""calmar"": 3.4905724706827868, ""closed_trades"": 79, ""exposure_ratio"": 0.46831530139103555, ""maximum_drawdown"": -0.1808872742621047, ""order_count"": 158, ""rolling_60_closed_trades_median"": 7.0, ""rolling_60_closed_trades_p10"": 5.0, ""total_return"": 2.513505490004482}, ""discovery"": {""cagr"": 0.014325224195741448, ""calmar"": 0.07834197636536824, ""closed_trades"": 86, ""exposure_ratio"": 0.33012379642365886, ""maximum_drawdown"": -0.1828550269006749, ""order_count"": 173, ""rolling_60_closed_trades_median"": 7.0, ""rolling_60_closed_trades_p10"": 4.0, ""total_return"": 0.04188744739300243}, ""entry_threshold"": 0.07453817242735856, ""exit_threshold"": -0.010144148908724396, ""full"": {""cagr"": 0.26882121057211505, ""calmar"": 1.354106999056877, ""closed_trades"": 165, ""exposure_ratio"": 0.3951965065502183, ""maximum_drawdown"": -0.19852287209160469, ""order_count"": 330, ""rolling_60_closed_trades_median"": 7.0, ""rolling_60_closed_trades_p10"": 5.0, ""total_return"": 2.6625076050152696}, ""weights"": {""micro_share_change_5d_lag1"": 0.18210505952115194, ""price_close_vwap_deviation"": 0.15193377752410425, ""price_intraday_range"": 0.07527303918723671, ""risk_chinext_turnover_z20"": 0.14357304916159092, ""risk_global_spx_return"": 0.281256634611773, ""risk_shibor_on_change_5d"": 0.07815106314917614, ""tsfresh__log_volume_change__mean__lb20"": 0.08770737684496702}}",,,2026-09-15T01:03:13.098691+00:00,2026-09-15T01:03:13.110753+00:00,0.012062,0.26882121057211505,-0.19852287209160469,1.354106999056877,-0.02803933311434953,-0.001477127908395326,-0.016810928914240075,0.0,-2.0,-0.014325224195741448,-0.6314001398361497,-0.019112725737895297,0.07453817242735856,-0.010144148908724396,0.6314001398361497,3.4905724706827868,79.0,0.46831530139103555,-0.1808872742621047,158.0,7.0,5.0,2.513505490004482,0.014325224195741448,0.07834197636536824,86.0,0.33012379642365886,-0.1828550269006749,173.0,7.0,4.0,0.04188744739300243,0.26882121057211505,1.354106999056877,165.0,0.3951965065502183,-0.19852287209160469,330.0,7.0,5.0,2.6625076050152696,0.18210505952115194,0.15193377752410425,0.07527303918723671,0.14357304916159092,0.281256634611773,0.07815106314917614,0.08770737684496702,False
1197,S007-EX09-WEIGHTED-SCORE-01197,COMPLETE,"{""confirm_share_fraction"": 0.7423883834173866, ""confirmation_total"": 0.27571539324347055, ""entry_quantile"": 0.729010987373294, ""entry_timing_total"": 0.15193377752410425, ""exit_quantile"": 0.4846657372279909, ""opp_spx_fraction"": 0.6620456275880582, ""opportunity_total"": 0.42482968377336394, ""risk_shibor_fraction"": 0.5093793084597256}",True,,98aaa7100f0df9fa003c83702c0fe963b49730d77a5b49d00dfa56780a8b6b1b,470423db2b659e2c2eefedef6593cc259f3b7995bb100035a774dea982a22e84,"{""confirmation"": {""cagr"": 0.6362595823280861, ""calmar"": 3.517436950297289, ""closed_trades"": 76, ""exposure_ratio"": 0.46986089644513135, ""maximum_drawdown"": -0.1808872742621045, ""order_count"": 152, ""rolling_60_closed_trades_median"": 7.0, ""rolling_60_closed_trades_p10"": 4.0, ""total_return"": 2.540438418216586}, ""discovery"": {""cagr"": 0.023208476067489325, ""calmar"": 0.12322645522363322, ""closed_trades"": 82, ""exposure_ratio"": 0.33700137551581844, ""maximum_drawdown"": -0.1883400445575606, ""order_count"": 165, ""rolling_60_closed_trades_median"": 7.0, ""rolling_60_closed_trades_p10"": 4.0, ""total_return"": 0.06842913342373524}, ""entry_threshold"": 0.07588689825027614, ""exit_threshold"": -0.01161135642902898, ""full"": {""cagr"": 0.2764751836053567, ""calmar"": 1.4011748633246475, ""closed_trades"": 158, ""exposure_ratio"": 0.39956331877729256, ""maximum_drawdown"": -0.19731668818933012, ""order_count"": 316, ""rolling_60_closed_trades_median"": 7.0, ""rolling_60_closed_trades_p10"": 4.0, ""total_return"": 2.7845989048908066}, ""weights"": {""micro_share_change_5d_lag1"": 0.20468790507330914, ""price_close_vwap_deviation"": 0.15193377752410425, ""price_intraday_range"": 0.07237692640193805, ""risk_chinext_turnover_z20"": 0.14357304916159092, ""risk_global_spx_return"": 0.281256634611773, ""risk_shibor_on_change_5d"": 0.07514421905712321, ""tsfresh__log_volume_change__mean__lb20"": 0.07102748817016143}}",,,2026-09-15T01:03:13.198045+00:00,2026-09-15T01:03:13.209727+00:00,0.011682,0.2764751836053567,-0.19731668818933012,1.4011748633246475,-0.0356933061475912,-0.002683311810669886,-0.018017112816514635,0.0,-1.0,-0.023208476067489325,-0.6362595823280861,-0.01911272573789552,0.07588689825027614,-0.01161135642902898,0.6362595823280861,3.517436950297289,76.0,0.46986089644513135,-0.1808872742621045,152.0,7.0,4.0,2.540438418216586,0.023208476067489325,0.12322645522363322,82.0,0.33700137551581844,-0.1883400445575606,165.0,7.0,4.0,0.06842913342373524,0.2764751836053567,1.4011748633246475,158.0,0.39956331877729256,-0.19731668818933012,316.0,7.0,4.0,2.7845989048908066,0.20468790507330914,0.15193377752410425,0.07237692640193805,0.14357304916159092,0.281256634611773,0.07514421905712321,0.07102748817016143,False
1198,S007-EX09-WEIGHTED-SCORE-01198,COMPLETE,"{""confirm_share_fraction"": 0.698299768394608, ""confirmation_total"": 0.28767649301244924, ""entry_quantile"": 0.729010987373294, ""entry_timing_total"": 0.15193377752410425, ""exit_quantile"": 0.4846657372279909, ""opp_spx_fraction"": 0.6620456275880582, ""opportunity_total"": 0.42482968377336394, ""risk_shibor_fraction"": 0.5093793084597256}",True,,6fba1a554f7a9a0c0dcffafdaf7b40d737d6a6412820c7d724cc16266d97f803,5a34293f504db3aa1c4e0d9a47cdf53d32bd53548d32018f4d325b2894c453d1,"{""confirmation"": {""cagr"": 0.6000383028443488, ""calmar"": 3.3171946743743685, ""closed_trades"": 76, ""exposure_ratio"": 0.46367851622874806, ""maximum_drawdown"": -0.1808872742621045, ""order_count"": 152, ""rolling_60_closed_trades_median"": 7.0, ""rolling_60_closed_trades_p10"": 4.0, ""total_return"": 2.3426942034431617}, ""discovery"": {""cagr"": 0.023671033565962896, ""calmar"": 0.12978619855889267, ""closed_trades"": 84, ""exposure_ratio"": 0.33012379642365886, ""maximum_drawdown"": -0.18238482850101945, ""order_count"": 169, ""rolling_60_closed_trades_median"": 7.0, ""rolling_60_closed_trades_p10"": 4.0, ""total_return"": 0.0698231444420272}, ""entry_threshold"": 0.07570330231941753, ""exit_threshold"": -0.01196381617410524, ""full"": {""cagr"": 0.26339264295125697, ""calmar"": 1.3449392286002921, ""closed_trades"": 160, ""exposure_ratio"": 0.3930131004366812, ""maximum_drawdown"": -0.1958398099707267, ""order_count"": 320, ""rolling_60_closed_trades_median"": 7.0, ""rolling_60_closed_trades_p10"": 4.0, ""total_return"": 2.577879669447525}, ""weights"": {""micro_share_change_5d_lag1"": 0.20088442844316637, ""price_close_vwap_deviation"": 0.15193377752410425, ""price_intraday_range"": 0.06650856336169951, ""risk_chinext_turnover_z20"": 0.14357304916159092, ""risk_global_spx_return"": 0.281256634611773, ""risk_shibor_on_change_5d"": 0.06905148232838305, ""tsfresh__log_volume_change__mean__lb20"": 0.08679206456928289}}",,,2026-09-15T01:03:13.209727+00:00,2026-09-15T01:03:13.221918+00:00,0.012191,0.26339264295125697,-0.1958398099707267,1.3449392286002921,-0.022610765493491447,-0.004160190029273314,-0.019493991035118063,0.0,-1.0,-0.023671033565962896,-0.6000383028443488,-0.01911272573789552,0.07570330231941753,-0.01196381617410524,0.6000383028443488,3.3171946743743685,76.0,0.46367851622874806,-0.1808872742621045,152.0,7.0,4.0,2.3426942034431617,0.023671033565962896,0.12978619855889267,84.0,0.33012379642365886,-0.18238482850101945,169.0,7.0,4.0,0.0698231444420272,0.26339264295125697,1.3449392286002921,160.0,0.3930131004366812,-0.1958398099707267,320.0,7.0,4.0,2.577879669447525,0.20088442844316637,0.15193377752410425,0.06650856336169951,0.14357304916159092,0.281256634611773,0.06905148232838305,0.08679206456928289,False
