datetime,open,high,low,close,volume,amount
2026-01-05 09:35:00,1.3954054,1.4115606,1.3954054,1.4105509,74024512.23135585,104082500.0
2026-01-05 09:40:00,1.4095412,1.4166091,1.4065121,1.4095412,56577137.763692185,79907810.0
2026-01-05 09:45:00,1.4095412,1.4155994,1.4085315,1.4155994,54412013.46934733,76816020.0
2026-01-05 09:50:00,1.4155994,1.4246867,1.4155994,1.423677,77225581.85599683,109736950.0
2026-01-05 09:55:00,1.4246867,1.4256964,1.4226673,1.4246867,57995257.997424975,82584760.0
2026-01-05 10:00:00,1.4246867,1.4256964,1.4196382,1.4196382,50323458.45300584,71561440.0
2026-01-05 10:05:00,1.4196382,1.423677,1.4196382,1.4226673,32437207.091215212,46120624.0
2026-01-05 10:10:00,1.4226673,1.4267061,1.4226673,1.4246867,41710805.189660296,59424770.0
2026-01-05 10:15:00,1.4246867,1.4267061,1.4216576,1.4226673,54914132.91076557,78206664.0
2026-01-05 10:20:00,1.4226673,1.4267061,1.4226673,1.4246867,22748578.785777953,32419740.0
2026-01-05 10:25:00,1.4256964,1.4277158,1.4246867,1.4267061,21423466.37615133,30568218.0
2026-01-05 10:30:00,1.4267061,1.4307449,1.4267061,1.4297352,28006619.788055856,40024332.0
2026-01-05 10:35:00,1.4307449,1.4327643,1.4297352,1.4317545999999999,28383072.199663267,40626496.0
2026-01-05 10:40:00,1.4327643,1.4347837,1.4317545999999999,1.4337739999999999,34708755.07576508,49742096.0
2026-01-05 10:45:00,1.4347837,1.4368031,1.4327643,1.4347837,20526231.553926907,29453684.0
2026-01-05 10:50:00,1.4337739999999999,1.4368031,1.4327643,1.4357933999999999,15943981.3806081,22884812.0
2026-01-05 10:55:00,1.4357933999999999,1.4388225000000001,1.4347837,1.4378128,22792885.015351094,32765082.0
2026-01-05 11:00:00,1.4378128,1.4388225000000001,1.4317545999999999,1.4327643,28634548.875903733,41082330.0
2026-01-05 11:05:00,1.4327643,1.4357933999999999,1.4327643,1.4347837,23634113.10290185,33906004.0
2026-01-05 11:10:00,1.4357933999999999,1.4398322,1.4347837,1.4388225000000001,21120625.92849361,30366300.0
2026-01-05 11:15:00,1.4378128,1.4398322,1.4378128,1.4388225000000001,25231716.3513915,36302604.0
2026-01-05 11:20:00,1.4398322,1.4418516,1.4388225000000001,1.4398322,19500647.717143707,28086520.0
2026-01-05 11:25:00,1.4398322,1.4428613000000001,1.4398322,1.4398322,19834612.261067644,28587848.0
2026-01-05 11:30:00,1.4398322,1.4408419000000001,1.4378128,1.4388225000000001,25561885.708626322,36811120.0
2026-01-05 13:05:00,1.4388225000000001,1.4398322,1.4368031,1.4378128,19569670.19906903,28158036.0
2026-01-05 13:10:00,1.4378128,1.4408419000000001,1.4368031,1.4408419000000001,14078417.35168862,20262118.0
2026-01-05 13:15:00,1.4398322,1.4398322,1.4378128,1.4378128,16549917.797365554,23819756.0
2026-01-05 13:20:00,1.4388225000000001,1.4388225000000001,1.4347837,1.4347837,17052583.93582252,24496660.0
2026-01-05 13:25:00,1.4347837,1.4357933999999999,1.4327643,1.4327643,20956886.20382292,30048946.0
2026-01-05 13:30:00,1.4337739999999999,1.4368031,1.4327643,1.4368031,19446199.861344952,27906356.0
2026-01-05 13:35:00,1.4368031,1.4368031,1.4327643,1.4327643,16277414.083391106,23359940.0
2026-01-05 13:40:00,1.4337739999999999,1.4388225000000001,1.4327643,1.4378128,10141288.501535108,14567218.0
2026-01-05 13:45:00,1.4378128,1.4388225000000001,1.4368031,1.4368031,22970189.165098544,33019732.0
2026-01-05 13:50:00,1.4378128,1.4398322,1.4378128,1.4398322,11793106.86342478,16971560.0
2026-01-05 13:55:00,1.4388225000000001,1.4408419000000001,1.4388225000000001,1.4398322,18455271.862929583,26583166.0
2026-01-05 14:00:00,1.4408419000000001,1.4428613000000001,1.4398322,1.4408419000000001,24165237.199168067,34831330.0
2026-01-05 14:05:00,1.4418516,1.4428613000000001,1.4408419000000001,1.4418516,26886998.118252944,38773890.0
2026-01-05 14:10:00,1.4418516,1.4428613000000001,1.4398322,1.4418516,25691088.44211152,37035210.0
2026-01-05 14:15:00,1.4418516,1.443871,1.4418516,1.4428613000000001,23939685.054966822,34545656.0
2026-01-05 14:20:00,1.443871,1.4448807000000001,1.4418516,1.443871,24974297.316034466,36054268.0
2026-01-05 14:25:00,1.4428613000000001,1.4458904,1.4428613000000001,1.443871,25352405.665049024,36616940.0
2026-01-05 14:30:00,1.4448807000000001,1.4448807000000001,1.4428613000000001,1.4428613000000001,25498243.042487867,36816092.0
2026-01-05 14:35:00,1.443871,1.443871,1.4418516,1.4428613000000001,23897795.384767752,34495836.0
2026-01-05 14:40:00,1.4428613000000001,1.4448807000000001,1.4418516,1.4428613000000001,24879389.917797364,35915136.0
2026-01-05 14:45:00,1.4428613000000001,1.443871,1.4418516,1.4428613000000001,26897355.650193125,38821104.0
2026-01-05 14:50:00,1.4428613000000001,1.4448807000000001,1.4428613000000001,1.443871,25479425.571952064,36788310.0
2026-01-05 14:55:00,1.443871,1.443871,1.4428613000000001,1.4428613000000001,19748428.246013667,28501346.0
2026-01-05 15:00:00,1.4428613000000001,1.443871,1.4428613000000001,1.443871,19815656.135485787,28606360.0
2026-01-06 09:35:00,1.4448807000000001,1.4519486,1.4428613000000001,1.4519486,79589600.871546,115197642.0
2026-01-06 09:40:00,1.4519486,1.4670941000000002,1.4519486,1.4660844,109826740.61602455,160459920.0
2026-01-06 09:45:00,1.4660844,1.474162,1.4660844,1.4731523000000002,101234346.83569376,148870270.0
2026-01-06 09:50:00,1.4731523000000002,1.4782008,1.4691135000000002,1.4782008,69228850.15351094,101966640.0
2026-01-06 09:55:00,1.4782008,1.4852687000000002,1.4782008,1.4822396,86996058.23511934,128819250.0
2026-01-06 10:00:00,1.4812299000000002,1.4822396,1.4721426,1.4721426,71241794.5924532,105311016.0
2026-01-06 10:05:00,1.4721426,1.4761814,1.4701232,1.4751717000000002,64287847.87560661,94702320.0
2026-01-06 10:10:00,1.474162,1.4761814,1.4681038,1.4681038,34522582.94542933,50837230.0
2026-01-06 10:15:00,1.4681038,1.4681038,1.464065,1.464065,22668582.747350696,33234120.0
2026-01-06 10:20:00,1.4630553000000002,1.4660844,1.4620456,1.4660844,18928275.725463007,27707132.0
2026-01-06 10:25:00,1.4660844,1.4711329000000002,1.4660844,1.4681038,23879813.806081012,35078216.0
2026-01-06 10:30:00,1.4670941000000002,1.4681038,1.4630553000000002,1.4660844,18010882.44032881,26392584.0
2026-01-06 10:35:00,1.4650747000000002,1.4660844,1.4610359000000002,1.4610359000000002,25597314.05367931,37455670.0
2026-01-06 10:40:00,1.4610359000000002,1.4610359000000002,1.4529583000000001,1.453968,31358282.65821531,45665176.0
2026-01-06 10:45:00,1.453968,1.4580068,1.453968,1.4559874,28787372.48687729,41892360.0
2026-01-06 10:50:00,1.4549777000000002,1.4590165000000002,1.453968,1.4590165000000002,17814566.702981085,25949928.0
2026-01-06 10:55:00,1.4590165000000002,1.4620456,1.4590165000000002,1.4620456,19529856.392988015,28526864.0
2026-01-06 11:00:00,1.4620456,1.4660844,1.4610359000000002,1.4650747000000002,12843689.214618202,18800004.0
2026-01-06 11:05:00,1.4650747000000002,1.4650747000000002,1.4630553000000002,1.464065,14232821.630187184,20837016.0
2026-01-06 11:10:00,1.4630553000000002,1.4660844,1.4630553000000002,1.4650747000000002,9716815.885906704,14229501.0
2026-01-06 11:15:00,1.464065,1.4691135000000002,1.464065,1.4681038,8346360.305041101,12245191.0
2026-01-06 11:20:00,1.4691135000000002,1.4721426,1.4660844,1.4721426,11763258.39358225,17271454.0
2026-01-06 11:25:00,1.4711329000000002,1.4731523000000002,1.4701232,1.4701232,6760718.035059919,9949900.0
2026-01-06 11:30:00,1.4701232,1.4731523000000002,1.4691135000000002,1.4721426,15214198.276715856,22378888.0
2026-01-06 13:05:00,1.4721426,1.4731523000000002,1.4670941000000002,1.4681038,22649242.349212635,33300126.0
2026-01-06 13:10:00,1.4681038,1.4701232,1.4660844,1.4670941000000002,11612954.34287412,17046052.0
2026-01-06 13:15:00,1.4670941000000002,1.4691135000000002,1.464065,1.4691135000000002,15221229.077943943,22317266.0
2026-01-06 13:20:00,1.4691135000000002,1.4701232,1.4660844,1.4660844,10149444.389422601,14904069.0
2026-01-06 13:25:00,1.4670941000000002,1.4691135000000002,1.4660844,1.4670941000000002,11139521.640091116,16344262.0
2026-01-06 13:30:00,1.4670941000000002,1.4691135000000002,1.4660844,1.4681038,6949988.115281766,10200690.0
2026-01-06 13:35:00,1.4691135000000002,1.4691135000000002,1.4670941000000002,1.4691135000000002,11545860.156482123,16949828.0
2026-01-06 13:40:00,1.4681038,1.4711329000000002,1.4660844,1.4660844,26923232.64335941,39573600.0
2026-01-06 13:45:00,1.4650747000000002,1.4670941000000002,1.4600262,1.4610359000000002,14219506.784193324,20809656.0
2026-01-06 13:50:00,1.4610359000000002,1.4650747000000002,1.4590165000000002,1.464065,11754330.989402793,17175548.0
2026-01-06 13:55:00,1.4650747000000002,1.4660844,1.4620456,1.4620456,12843022.680003962,18801664.0
2026-01-06 14:00:00,1.4620456,1.464065,1.4610359000000002,1.4630553000000002,11857328.909577101,17345892.0
2026-01-06 14:05:00,1.4630553000000002,1.464065,1.4610359000000002,1.464065,10005535.307517083,14633826.0
2026-01-06 14:10:00,1.464065,1.4660844,1.4620456,1.4650747000000002,8071941.170644745,11818979.0
2026-01-06 14:15:00,1.4650747000000002,1.4660844,1.464065,1.4660844,8548533.227691393,12524909.0
2026-01-06 14:20:00,1.4670941000000002,1.4691135000000002,1.4660844,1.4670941000000002,17163622.858274736,25186214.0
2026-01-06 14:25:00,1.4670941000000002,1.4691135000000002,1.4660844,1.4691135000000002,8117133.802119441,11911448.0
2026-01-06 14:30:00,1.4691135000000002,1.4691135000000002,1.4650747000000002,1.4660844,19526599.980192136,28641620.0
2026-01-06 14:35:00,1.4660844,1.4681038,1.4650747000000002,1.4681038,14782121.422204616,21676880.0
2026-01-06 14:40:00,1.4681038,1.4691135000000002,1.4660844,1.4691135000000002,22429567.198177677,32914580.0
2026-01-06 14:45:00,1.4681038,1.4691135000000002,1.4670941000000002,1.4681038,26645508.566901058,39114370.0
2026-01-06 14:50:00,1.4681038,1.4711329000000002,1.4670941000000002,1.4701232,55178458.94820243,81027950.0
2026-01-06 14:55:00,1.4701232,1.4701232,1.4691135000000002,1.4691135000000002,13285910.666534614,19524170.0
2026-01-06 15:00:00,1.4701232,1.4711329000000002,1.4691135000000002,1.4711329000000002,13326705.952263048,19596756.0
2026-01-07 09:35:00,1.4792105000000002,1.4862784,1.474162,1.4761814,48291578.68673863,71502689.0
2026-01-07 09:40:00,1.4761814,1.4802202,1.4731523000000002,1.4782008,46935743.290086165,69346104.0
2026-01-07 09:45:00,1.4782008,1.4812299000000002,1.4751717000000002,1.4812299000000002,48782549.272061005,72158450.0
2026-01-07 09:50:00,1.4802202,1.4822396,1.4751717000000002,1.4812299000000002,34680614.04377538,51300076.0
2026-01-07 09:55:00,1.4822396,1.4852687000000002,1.4802202,1.4822396,28256882.24225017,41914420.0
2026-01-07 10:00:00,1.4812299000000002,1.4862784,1.4802202,1.4852687000000002,29249816.77726057,43397530.0
2026-01-07 10:05:00,1.4852687000000002,1.4852687000000002,1.4802202,1.4832493000000002,31349846.489056155,46489656.0
2026-01-07 10:10:00,1.484259,1.4852687000000002,1.4792105000000002,1.4802202,23175497.67257601,34375340.0
2026-01-07 10:15:00,1.4802202,1.484259,1.4792105000000002,1.4832493000000002,18503339.60582351,27399724.0
2026-01-07 10:20:00,1.4832493000000002,1.4862784,1.4832493000000002,1.484259,24745072.79389918,36744988.0
2026-01-07 10:25:00,1.484259,1.4862784,1.4771911000000002,1.4771911000000002,28993136.57522036,42972332.0
2026-01-07 10:30:00,1.4771911000000002,1.4822396,1.4761814,1.4812299000000002,23912778.052886996,35363010.0
2026-01-07 10:35:00,1.4802202,1.484259,1.4802202,1.4832493000000002,21744644.944042783,32235304.0
2026-01-07 10:40:00,1.4822396,1.4832493000000002,1.4812299000000002,1.4822396,10138200.455580866,15029861.0
2026-01-07 10:45:00,1.4812299000000002,1.4822396,1.4792105000000002,1.4812299000000002,13261266.712885015,19630386.0
2026-01-07 10:50:00,1.4812299000000002,1.4852687000000002,1.4812299000000002,1.4832493000000002,17106152.32247202,25383112.0
2026-01-07 10:55:00,1.4832493000000002,1.4862784,1.4822396,1.4852687000000002,13377310.092106566,19863328.0
2026-01-07 11:00:00,1.4852687000000002,1.4862784,1.4832493000000002,1.4852687000000002,15650960.68139051,23235360.0
2026-01-07 11:05:00,1.4852687000000002,1.4893075000000002,1.4852687000000002,1.4882978,28097591.363771416,41777510.0
2026-01-07 11:10:00,1.4872881000000002,1.4913269000000002,1.4862784,1.4903172,12392604.73407943,18455176.0
2026-01-07 11:15:00,1.4903172,1.494356,1.4882978,1.4893075000000002,22571120.134693474,33670150.0
2026-01-07 11:20:00,1.4903172,1.4933463000000002,1.4872881000000002,1.4882978,13039391.898583738,19440852.0
2026-01-07 11:25:00,1.4872881000000002,1.4903172,1.4852687000000002,1.4903172,7630850.747746855,11353093.0
2026-01-07 11:30:00,1.4903172,1.4913269000000002,1.4872881000000002,1.4882978,9032241.259780133,13447488.0
2026-01-07 13:05:00,1.4882978,1.4882978,1.4802202,1.4802202,28599683.07418045,42439796.0
2026-01-07 13:10:00,1.4802202,1.4852687000000002,1.4782008,1.4832493000000002,36886889.17500248,54660344.0
2026-01-07 13:15:00,1.484259,1.4872881000000002,1.4812299000000002,1.484259,19953289.09577102,29611016.0
2026-01-07 13:20:00,1.484259,1.4872881000000002,1.4822396,1.4822396,36573536.694067545,54296504.0
2026-01-07 13:25:00,1.4822396,1.4832493000000002,1.4771911000000002,1.4782008,17578819.451322176,26011136.0
2026-01-07 13:30:00,1.4771911000000002,1.4771911000000002,1.4711329000000002,1.4731523000000002,32382866.19788056,47733596.0
2026-01-07 13:35:00,1.4721426,1.4761814,1.4721426,1.4761814,23246435.574923243,34259000.0
2026-01-07 13:40:00,1.4751717000000002,1.4792105000000002,1.474162,1.4751717000000002,16100176.289987125,23779616.0
2026-01-07 13:45:00,1.474162,1.4751717000000002,1.4691135000000002,1.4711329000000002,25400217.88650094,37362212.0
2026-01-07 13:50:00,1.4701232,1.4721426,1.4691135000000002,1.4691135000000002,27128212.340299096,39887884.0
2026-01-07 13:55:00,1.4701232,1.4751717000000002,1.4691135000000002,1.4751717000000002,20152641.378627315,29646916.0
2026-01-07 14:00:00,1.474162,1.4771911000000002,1.4731523000000002,1.4771911000000002,12616203.822917698,18604888.0
2026-01-07 14:05:00,1.4771911000000002,1.4812299000000002,1.4761814,1.4782008,23126960.483311873,34194024.0
2026-01-07 14:10:00,1.4782008,1.4822396,1.4782008,1.4812299000000002,16870268.39655343,24965040.0
2026-01-07 14:15:00,1.4812299000000002,1.484259,1.4792105000000002,1.484259,29584916.311775774,43836050.0
2026-01-07 14:20:00,1.4832493000000002,1.484259,1.4812299000000002,1.4812299000000002,25032413.58819451,37116110.0
2026-01-07 14:25:00,1.4812299000000002,1.4852687000000002,1.4812299000000002,1.4852687000000002,31930280.281271663,47344490.0
2026-01-07 14:30:00,1.484259,1.4852687000000002,1.4822396,1.4832493000000002,22238805.585817568,32980332.0
2026-01-07 14:35:00,1.4822396,1.4822396,1.4771911000000002,1.4792105000000002,22906443.49806873,33878096.0
2026-01-07 14:40:00,1.4782008,1.4852687000000002,1.4782008,1.4832493000000002,21174887.59037338,31368736.0
2026-01-07 14:45:00,1.4832493000000002,1.484259,1.4822396,1.4822396,21341230.068337128,31649836.0
2026-01-07 14:50:00,1.4822396,1.4862784,1.4812299000000002,1.4862784,61516787.164504305,91351680.0
2026-01-07 14:55:00,1.4862784,1.4872881000000002,1.4852687000000002,1.4862784,92340417.94592454,137258670.0
2026-01-07 15:00:00,1.4862784,1.4862784,1.484259,1.4852687000000002,19568325.245122313,29070148.0
2026-01-08 09:35:00,1.4822396,1.4994045000000003,1.4812299000000002,1.4973851000000002,78432514.6082995,116972340.0
2026-01-08 09:40:00,1.4983948,1.5054627000000003,1.4973851000000002,1.504453,78427830.04852927,117790824.0
2026-01-08 09:45:00,1.5054627000000003,1.5064724,1.5014239000000003,1.5014239000000003,108140853.71892641,162735100.0
2026-01-08 09:50:00,1.5014239000000003,1.5084918,1.5004142,1.5064724,48709686.04536001,73348950.0
2026-01-08 09:55:00,1.5084918,1.5115209000000003,1.5064724,1.5105112,77583781.3211845,117102630.0
2026-01-08 10:00:00,1.5105112,1.5216178999999999,1.5105112,1.5195984999999999,98364940.08121224,148982620.0
2026-01-08 10:05:00,1.5195984999999999,1.5266664,1.5195984999999999,1.5236372999999999,72195889.8682777,110001040.0
2026-01-08 10:10:00,1.5226276,1.5236372999999999,1.5175790999999998,1.5185888,41828725.3639695,63575320.0
2026-01-08 10:15:00,1.5185888,1.5195984999999999,1.51455,1.5175790999999998,24508085.56997128,37175144.0
2026-01-08 10:20:00,1.5175790999999998,1.5216178999999999,1.5155596999999998,1.5155596999999998,23738090.521937206,36052210.0
2026-01-08 10:25:00,1.51455,1.51455,1.5084918,1.5105112,33749381.00425869,51007990.0
2026-01-08 10:30:00,1.5105112,1.5155596999999998,1.5105112,1.5125306,23512865.20748737,35572964.0
2026-01-08 10:35:00,1.5125306,1.51455,1.5084918,1.5105112,20833705.06090918,31489850.0
2026-01-08 10:40:00,1.5095015000000003,1.5115209000000003,1.5074821000000003,1.5084918,14023065.266910963,21167768.0
2026-01-08 10:45:00,1.5105112,1.5105112,1.504453,1.5095015000000003,12252264.038823413,18462692.0
2026-01-08 10:50:00,1.5095015000000003,1.51455,1.5084918,1.5135403000000003,11741047.835990887,17757620.0
2026-01-08 10:55:00,1.5135403000000003,1.5155596999999998,1.5115209000000003,1.5115209000000003,16540423.888283648,25043506.0
2026-01-08 11:00:00,1.5115209000000003,1.51455,1.5105112,1.5135403000000003,6032610.676438546,9125147.0
2026-01-08 11:05:00,1.5135403000000003,1.5135403000000003,1.5074821000000003,1.5074821000000003,17891492.522531446,27022794.0
2026-01-08 11:10:00,1.5074821000000003,1.51455,1.5074821000000003,1.51455,15968721.402396752,24109212.0
2026-01-08 11:15:00,1.51455,1.51455,1.5084918,1.5084918,12282658.215311479,18577668.0
2026-01-08 11:20:00,1.5095015000000003,1.5135403000000003,1.5074821000000003,1.5115209000000003,17645542.240269385,26658524.0
2026-01-08 11:25:00,1.5135403000000003,1.5155596999999998,1.5125306,1.5135403000000003,31362553.233633753,47496020.0
2026-01-08 11:30:00,1.51455,1.51455,1.5095015000000003,1.5115209000000003,18432754.28345053,27852842.0
2026-01-08 13:05:00,1.5115209000000003,1.5115209000000003,1.5074821000000003,1.5095015000000003,32518163.811032977,49082588.0
2026-01-08 13:10:00,1.5095015000000003,1.5095015000000003,1.5054627000000003,1.5074821000000003,8510545.706645537,12827005.0
2026-01-08 13:15:00,1.5074821000000003,1.5084918,1.5034433000000003,1.5054627000000003,16600498.167772604,24985900.0
2026-01-08 13:20:00,1.504453,1.5105112,1.504453,1.5095015000000003,16599169.060116867,25024252.0
2026-01-08 13:25:00,1.5084918,1.5115209000000003,1.5064724,1.5064724,13930402.099633554,21017576.0
2026-01-08 13:30:00,1.5074821000000003,1.5095015000000003,1.5064724,1.5084918,6204000.198078637,9356442.0
2026-01-08 13:35:00,1.5084918,1.5084918,1.5024336,1.504453,17489563.236604933,26313502.0
2026-01-08 13:40:00,1.5054627000000003,1.5074821000000003,1.5034433000000003,1.5054627000000003,14766748.53917005,22227680.0
2026-01-08 13:45:00,1.504453,1.5054627000000003,1.5034433000000003,1.504453,8894797.464593444,13381726.0
2026-01-08 13:50:00,1.504453,1.5054627000000003,1.5034433000000003,1.504453,9953895.21640091,14976383.0
2026-01-08 13:55:00,1.504453,1.5054627000000003,1.5014239000000003,1.5054627000000003,16115628.404476577,24226804.0
2026-01-08 14:00:00,1.5054627000000003,1.5064724,1.5034433000000003,1.504453,9006434.584530057,13552316.0
2026-01-08 14:05:00,1.5034433000000003,1.5054627000000003,1.5024336,1.5034433000000003,19054119.04526097,28647920.0
2026-01-08 14:10:00,1.5034433000000003,1.5034433000000003,1.4963754,1.4963754,19745302.56511835,29613216.0
2026-01-08 14:15:00,1.4963754,1.4963754,1.4903172,1.4913269000000002,41445884.91631177,61874904.0
2026-01-08 14:20:00,1.4913269000000002,1.494356,1.4903172,1.494356,30198835.29761315,45071092.0
2026-01-08 14:25:00,1.494356,1.4973851000000002,1.4933463000000002,1.4963754,15030291.175596712,22471320.0
2026-01-08 14:30:00,1.4963754,1.4983948,1.494356,1.4983948,12295555.115380805,18394474.0
2026-01-08 14:35:00,1.4973851000000002,1.5014239000000003,1.4973851000000002,1.4994045000000003,7124921.263741706,10679340.0
2026-01-08 14:40:00,1.5004142,1.5014239000000003,1.4973851000000002,1.4973851000000002,17975747.25165891,26937568.0
2026-01-08 14:45:00,1.4983948,1.4994045000000003,1.4973851000000002,1.4973851000000002,13139318.609487966,19686736.0
2026-01-08 14:50:00,1.4983948,1.4983948,1.4953657000000002,1.4953657000000002,10144361.69159156,15184291.0
2026-01-08 14:55:00,1.4963754,1.4963754,1.494356,1.4963754,11955390.710111914,17879048.0
2026-01-08 15:00:00,1.4963754,1.4983948,1.4953657000000002,1.4973851000000002,14285501.634148756,21378572.0
2026-01-09 09:35:00,1.4862784,1.494356,1.4812299000000002,1.494356,58916161.23601069,87524668.0
2026-01-09 09:40:00,1.4933463000000002,1.4933463000000002,1.484259,1.4862784,55710920.07526988,82921050.0
2026-01-09 09:45:00,1.4852687000000002,1.4882978,1.4792105000000002,1.4872881000000002,50190852.72853322,74408000.0
2026-01-09 09:50:00,1.4872881000000002,1.494356,1.4872881000000002,1.4913269000000002,33715816.57918193,50240950.0
2026-01-09 09:55:00,1.4923366,1.4933463000000002,1.4882978,1.4923366,38638080.61800535,57589410.0
2026-01-09 10:00:00,1.4923366,1.4994045000000003,1.4913269000000002,1.4994045000000003,37672334.356739625,56311296.0
2026-01-09 10:05:00,1.5004142,1.5054627000000003,1.4994045000000003,1.5024336,58126033.47528969,87268780.0
2026-01-09 10:10:00,1.5034433000000003,1.5084918,1.5014239000000003,1.5034433000000003,50136598.98979895,75445720.0
2026-01-09 10:15:00,1.504453,1.5054627000000003,1.4994045000000003,1.5034433000000003,28809583.044468652,43276280.0
2026-01-09 10:20:00,1.5034433000000003,1.5054627000000003,1.5024336,1.504453,23704431.019114587,35652250.0
2026-01-09 10:25:00,1.504453,1.5074821000000003,1.5034433000000003,1.5074821000000003,26822557.195206497,40368570.0
2026-01-09 10:30:00,1.5074821000000003,1.5105112,1.5054627000000003,1.5095015000000003,42454491.43309894,64015620.0
2026-01-09 10:35:00,1.5105112,1.51455,1.5074821000000003,1.51455,32709097.751807466,49439376.0
2026-01-09 10:40:00,1.51455,1.5155596999999998,1.5125306,1.5125306,25952944.438942257,39310484.0
2026-01-09 10:45:00,1.5135403000000003,1.5155596999999998,1.5125306,1.51455,20874828.16678221,31607956.0
2026-01-09 10:50:00,1.5155596999999998,1.5155596999999998,1.5105112,1.5105112,13942527.483410913,21074564.0
2026-01-09 10:55:00,1.5105112,1.5125306,1.5064724,1.5064724,12757606.219669208,19258270.0
2026-01-09 11:00:00,1.5064724,1.5084918,1.5034433000000003,1.5084918,23568937.308111317,35478744.0
2026-01-09 11:05:00,1.5084918,1.5084918,1.4973851000000002,1.5014239000000003,36513865.50460532,54804016.0
2026-01-09 11:10:00,1.5004142,1.5004142,1.4953657000000002,1.4973851000000002,32422487.86768347,48577930.0
2026-01-09 11:15:00,1.4983948,1.5064724,1.4983948,1.504453,13334466.673269287,20039848.0
2026-01-09 11:20:00,1.5054627000000003,1.5064724,1.5034433000000003,1.5054627000000003,20174325.047043674,30358398.0
2026-01-09 11:25:00,1.5054627000000003,1.5084918,1.5004142,1.5014239000000003,20753558.482717637,31216536.0
2026-01-09 11:30:00,1.5024336,1.5064724,1.4983948,1.4983948,19641489.551351886,29482834.0
2026-01-09 13:05:00,1.4983948,1.504453,1.4963754,1.4973851000000002,28149731.603446566,42229796.0
2026-01-09 13:10:00,1.4973851000000002,1.5064724,1.4973851000000002,1.5054627000000003,16058410.418936318,24132352.0
2026-01-09 13:15:00,1.5064724,1.5095015000000003,1.5054627000000003,1.5084918,16433217.787461622,24765984.0
2026-01-09 13:20:00,1.5074821000000003,1.5095015000000003,1.5054627000000003,1.5095015000000003,14338795.681885708,21608512.0
2026-01-09 13:25:00,1.5095015000000003,1.5095015000000003,1.5034433000000003,1.504453,13234331.97979598,19932356.0
2026-01-09 13:30:00,1.504453,1.5135403000000003,1.504453,1.5135403000000003,21942438.348024163,33146064.0
2026-01-09 13:35:00,1.5135403000000003,1.5175790999999998,1.5125306,1.5125306,34572675.05199564,52378040.0
2026-01-09 13:40:00,1.5125306,1.5155596999999998,1.5125306,1.51455,16571742.10161434,25092208.0
2026-01-09 13:45:00,1.5125306,1.5165694,1.5125306,1.5135403000000003,17180053.481232047,26024616.0
2026-01-09 13:50:00,1.51455,1.5165694,1.5135403000000003,1.51455,26108479.746459343,39577180.0
2026-01-09 13:55:00,1.51455,1.51455,1.5105112,1.5115209000000003,14009744.478557987,21183390.0
2026-01-09 14:00:00,1.5125306,1.51455,1.5095015000000003,1.51455,18592918.68871942,28132028.0
2026-01-09 14:05:00,1.51455,1.5155596999999998,1.5125306,1.5135403000000003,21855370.902248193,33089228.0
2026-01-09 14:10:00,1.51455,1.5165694,1.5115209000000003,1.5135403000000003,32390418.936317716,49032660.0
2026-01-09 14:15:00,1.5135403000000003,1.51455,1.5105112,1.5125306,20661234.02990987,31254780.0
2026-01-09 14:20:00,1.5115209000000003,1.5125306,1.5095015000000003,1.5115209000000003,19206195.89977221,29020150.0
2026-01-09 14:25:00,1.5115209000000003,1.5135403000000003,1.5105112,1.5135403000000003,18343739.724670693,27735390.0
2026-01-09 14:30:00,1.5135403000000003,1.5155596999999998,1.5125306,1.51455,25097646.82578984,38022690.0
2026-01-09 14:35:00,1.51455,1.5155596999999998,1.5115209000000003,1.51455,15861676.735664058,24013820.0
2026-01-09 14:40:00,1.5155596999999998,1.5185888,1.5155596999999998,1.5185888,25779522.6304843,39105456.0
2026-01-09 14:45:00,1.5175790999999998,1.5206082,1.5175790999999998,1.5175790999999998,27622268.000396155,41967856.0
2026-01-09 14:50:00,1.5185888,1.5195984999999999,1.5165694,1.5175790999999998,17092261.067643855,25954204.0
2026-01-09 14:55:00,1.5165694,1.5185888,1.5165694,1.5185888,18484547.885510545,28050998.0
2026-01-09 15:00:00,1.5175790999999998,1.5206082,1.5175790999999998,1.5195984999999999,19464949.9851441,29561592.0
2026-01-12 09:35:00,1.5307052,1.5468604000000001,1.5307052,1.5408022000000001,64243811.03298009,98925577.0
2026-01-12 09:40:00,1.5397925,1.5428216000000001,1.5286858,1.5286858,65072051.1042884,100043100.0
2026-01-12 09:45:00,1.5286858,1.5327246,1.5206082,1.5226276,51935980.984450825,79397610.0
2026-01-12 09:50:00,1.5226276,1.5276760999999999,1.5216178999999999,1.524647,42912789.937605225,65419576.0
2026-01-12 09:55:00,1.5236372999999999,1.5377731,1.5206082,1.5367634000000001,38958684.75784887,59585716.0
2026-01-12 10:00:00,1.5367634000000001,1.5428216000000001,1.534744,1.5428216000000001,29891544.02297712,46028944.0
2026-01-12 10:05:00,1.5428216000000001,1.5428216000000001,1.5377731,1.5397925,41382691.8886798,63727932.0
2026-01-12 10:10:00,1.5397925,1.5448410000000001,1.5387828000000001,1.5438313,19822739.427552737,30567742.0
2026-01-12 10:15:00,1.5438313,1.5519089,1.5428216000000001,1.5508992000000001,40424854.90739824,62570680.0
2026-01-12 10:20:00,1.5508992000000001,1.5529186000000001,1.5448410000000001,1.5458507,27194408.240071308,42146070.0
2026-01-12 10:25:00,1.5458507,1.5498895,1.5458507,1.5458507,18820291.17559671,29131962.0
2026-01-12 10:30:00,1.5458507,1.5468604000000001,1.5428216000000001,1.5458507,17154188.372783996,26499840.0
2026-01-12 10:35:00,1.5458507,1.5498895,1.5408022000000001,1.5478701,15938225.215410518,24612830.0
2026-01-12 10:40:00,1.5488798000000001,1.5488798000000001,1.5438313,1.5458507,18764963.850648705,29019716.0
2026-01-12 10:45:00,1.5468604000000001,1.5488798000000001,1.5448410000000001,1.5468604000000001,14591935.22828563,22570602.0
2026-01-12 10:50:00,1.5488798000000001,1.5488798000000001,1.5448410000000001,1.5468604000000001,13325528.374764781,20606704.0
2026-01-12 10:55:00,1.5468604000000001,1.5508992000000001,1.5458507,1.5478701,15985154.006140437,24752404.0
2026-01-12 11:00:00,1.5498895,1.5498895,1.5448410000000001,1.5458507,9001920.372387838,13933769.0
2026-01-12 11:05:00,1.5458507,1.5458507,1.5408022000000001,1.5418119,11863579.280974546,18303284.0
2026-01-12 11:10:00,1.5408022000000001,1.5468604000000001,1.5408022000000001,1.5458507,9173222.739427552,14172207.0
2026-01-12 11:15:00,1.5458507,1.5488798000000001,1.5458507,1.5478701,8625932.455184707,13346630.0
2026-01-12 11:20:00,1.5488798000000001,1.5519089,1.5478701,1.5498895,9614059.621669803,14901785.0
2026-01-12 11:25:00,1.5508992000000001,1.5529186000000001,1.5478701,1.5508992000000001,13095982.965237198,20303508.0
2026-01-12 11:30:00,1.5519089,1.5539283,1.5508992000000001,1.5519089,15860747.746855501,24621700.0
2026-01-12 13:05:00,1.5529186000000001,1.5529186000000001,1.5448410000000001,1.5498895,46556947.60820045,72103784.0
2026-01-12 13:10:00,1.5488798000000001,1.5508992000000001,1.5448410000000001,1.5458507,18401966.920867585,28489280.0
2026-01-12 13:15:00,1.5468604000000001,1.5468604000000001,1.5397925,1.5408022000000001,13492061.998613449,20829092.0
2026-01-12 13:20:00,1.5397925,1.5448410000000001,1.5357536999999999,1.5418119,20510448.6481133,31590828.0
2026-01-12 13:25:00,1.5428216000000001,1.5448410000000001,1.5408022000000001,1.5428216000000001,10806064.177478459,16668636.0
2026-01-12 13:30:00,1.5428216000000001,1.5468604000000001,1.5408022000000001,1.5468604000000001,15837576.507873625,24459098.0
2026-01-12 13:35:00,1.5458507,1.5468604000000001,1.5438313,1.5468604000000001,24983040.50708131,38608480.0
2026-01-12 13:40:00,1.5468604000000001,1.5478701,1.5418119,1.5438313,31348984.846984252,48418264.0
2026-01-12 13:45:00,1.5438313,1.5458507,1.5408022000000001,1.5458507,20722392.789937604,31977032.0
2026-01-12 13:50:00,1.5458507,1.5488798000000001,1.5448410000000001,1.5468604000000001,27041893.631771814,41850012.0
2026-01-12 13:55:00,1.5478701,1.5488798000000001,1.5448410000000001,1.5468604000000001,19546423.69020501,30222860.0
2026-01-12 14:00:00,1.5458507,1.5488798000000001,1.5448410000000001,1.5488798000000001,33396969.39685055,51664760.0
2026-01-12 14:05:00,1.5498895,1.5508992000000001,1.5468604000000001,1.5508992000000001,42644876.69604833,66074990.0
2026-01-12 14:10:00,1.5508992000000001,1.5529186000000001,1.5498895,1.5498895,28576127.56264237,44334596.0
2026-01-12 14:15:00,1.5498895,1.5549380000000002,1.5488798000000001,1.5539283,41744914.3309894,64787996.0
2026-01-12 14:20:00,1.5539283,1.5559477,1.5529186000000001,1.5539283,25823721.89759334,40134680.0
2026-01-12 14:25:00,1.5549380000000002,1.5579671,1.5549380000000002,1.5559477,23477183.321778744,36538304.0
2026-01-12 14:30:00,1.5549380000000002,1.5589768000000002,1.5549380000000002,1.5569574000000002,37974180.44963851,59148100.0
2026-01-12 14:35:00,1.5569574000000002,1.5589768000000002,1.5488798000000001,1.5498895,60873675.3491136,94630376.0
2026-01-12 14:40:00,1.5498895,1.5549380000000002,1.5478701,1.5539283,58089000.69327523,90101740.0
2026-01-12 14:45:00,1.5539283,1.5569574000000002,1.5508992000000001,1.5519089,44914301.27760721,69771820.0
2026-01-12 14:50:00,1.5529186000000001,1.5539283,1.5508992000000001,1.5519089,37157516.09388927,57690548.0
2026-01-12 14:55:00,1.5529186000000001,1.5529186000000001,1.5519089,1.5529186000000001,8955764.088343073,13904233.0
2026-01-12 15:00:00,1.5529186000000001,1.5569574000000002,1.5529186000000001,1.5559477,16466369.218579775,25604542.0
2026-01-13 09:35:00,1.5549380000000002,1.5559477,1.5438313,1.5448410000000001,52168484.69842527,80972257.0
2026-01-13 09:40:00,1.5438313,1.5468604000000001,1.5327246,1.5468604000000001,44306665.34614242,68160180.0
2026-01-13 09:45:00,1.5468604000000001,1.5549380000000002,1.5397925,1.5488798000000001,61275240.17034762,94862880.0
2026-01-13 09:50:00,1.5478701,1.5549380000000002,1.5428216000000001,1.5448410000000001,65354794.49341388,101229640.0
2026-01-13 09:55:00,1.5438313,1.5438313,1.5357536999999999,1.5377731,40022129.3453501,61638690.0
2026-01-13 10:00:00,1.5377731,1.5428216000000001,1.5367634000000001,1.5428216000000001,19756157.274437953,30415176.0
2026-01-13 10:05:00,1.5428216000000001,1.5519089,1.5397925,1.5508992000000001,15060003.961572744,23251456.0
2026-01-13 10:10:00,1.5508992000000001,1.5529186000000001,1.5458507,1.5458507,28029533.52480935,43447652.0
2026-01-13 10:15:00,1.5448410000000001,1.5498895,1.5377731,1.5377731,17294638.011290483,26719508.0
2026-01-13 10:20:00,1.5377731,1.5397925,1.5317148999999999,1.5337342999999999,31614596.414776664,48551144.0
2026-01-13 10:25:00,1.5337342999999999,1.5357536999999999,1.5296954999999999,1.5307052,19174725.165890858,29390980.0
2026-01-13 10:30:00,1.5296954999999999,1.534744,1.5286858,1.5317148999999999,16802458.155887887,25733064.0
2026-01-13 10:35:00,1.5307052,1.5307052,1.5216178999999999,1.5226276,28778361.889670197,43895270.0
2026-01-13 10:40:00,1.5216178999999999,1.5266664,1.5195984999999999,1.5236372999999999,25872564.127958797,39403036.0
2026-01-13 10:45:00,1.5236372999999999,1.5286858,1.5206082,1.5276760999999999,24755725.463008814,37754156.0
2026-01-13 10:50:00,1.5276760999999999,1.534744,1.5276760999999999,1.534744,16382053.085074775,25077224.0
2026-01-13 10:55:00,1.534744,1.5387828000000001,1.5337342999999999,1.5357536999999999,13052714.667723086,20058350.0
2026-01-13 11:00:00,1.534744,1.5387828000000001,1.5317148999999999,1.5327246,12104178.468852134,18583024.0
2026-01-13 11:05:00,1.5317148999999999,1.5337342999999999,1.5296954999999999,1.5327246,7290821.035951273,11168289.0
2026-01-13 11:10:00,1.5307052,1.5357536999999999,1.5296954999999999,1.534744,6611123.105873032,10133977.0
2026-01-13 11:15:00,1.5337342999999999,1.5377731,1.5317148999999999,1.5327246,14866391.997623056,22806904.0
2026-01-13 11:20:00,1.5327246,1.5367634000000001,1.5317148999999999,1.5337342999999999,13603443.597108051,20867352.0
2026-01-13 11:25:00,1.5337342999999999,1.5337342999999999,1.5266664,1.5276760999999999,19037797.365554124,29145560.0
2026-01-13 11:30:00,1.5286858,1.5337342999999999,1.5276760999999999,1.5286858,11223070.218876895,17168290.0
2026-01-13 13:05:00,1.5286858,1.534744,1.5276760999999999,1.5296954999999999,13440943.844706347,20575132.0
2026-01-13 13:10:00,1.5296954999999999,1.5307052,1.5236372999999999,1.5236372999999999,11260522.927602258,17185238.0
2026-01-13 13:15:00,1.524647,1.5256566999999999,1.5226276,1.5226276,14149090.819055164,21566266.0
2026-01-13 13:20:00,1.5226276,1.5236372999999999,1.5206082,1.5216178999999999,9649157.175398633,14684389.0
2026-01-13 13:25:00,1.5206082,1.5226276,1.5185888,1.5206082,20885082.69783104,31753736.0
2026-01-13 13:30:00,1.5206082,1.5236372999999999,1.5195984999999999,1.5236372999999999,9769509.755372882,14861551.0
2026-01-13 13:35:00,1.5226276,1.5226276,1.5165694,1.5175790999999998,22410771.51629197,34042130.0
2026-01-13 13:40:00,1.5185888,1.5236372999999999,1.5175790999999998,1.5236372999999999,15837531.940180251,24068948.0
2026-01-13 13:45:00,1.5236372999999999,1.5276760999999999,1.5226276,1.5256566999999999,10775854.214123007,16437558.0
2026-01-13 13:50:00,1.5256566999999999,1.5256566999999999,1.5226276,1.524647,10856789.14529068,16546301.0
2026-01-13 13:55:00,1.524647,1.5317148999999999,1.524647,1.5307052,9465377.835000494,14470688.0
2026-01-13 14:00:00,1.5307052,1.5327246,1.5296954999999999,1.5296954999999999,7205384.767752797,11034669.0
2026-01-13 14:05:00,1.5286858,1.5307052,1.524647,1.524647,6594738.041002277,10075014.0
2026-01-13 14:10:00,1.524647,1.524647,1.5206082,1.5216178999999999,6178439.140338714,9406194.0
2026-01-13 14:15:00,1.5206082,1.5216178999999999,1.5195984999999999,1.5206082,14122373.972467069,21475984.0
2026-01-13 14:20:00,1.5206082,1.5206082,1.5165694,1.5195984999999999,21579027.433891255,32772734.0
2026-01-13 14:25:00,1.5195984999999999,1.5216178999999999,1.5195984999999999,1.5216178999999999,9553027.631969891,14524489.0
2026-01-13 14:30:00,1.5216178999999999,1.5216178999999999,1.5155596999999998,1.5165694,20537430.920075268,31175648.0
2026-01-13 14:35:00,1.5165694,1.5216178999999999,1.5155596999999998,1.5165694,24809361.19639497,37663484.0
2026-01-13 14:40:00,1.5165694,1.5165694,1.5095015000000003,1.5105112,32297831.03892245,48893430.0
2026-01-13 14:45:00,1.5105112,1.5115209000000003,1.5064724,1.5064724,24567802.317520056,37067376.0
2026-01-13 14:50:00,1.5064724,1.5074821000000003,1.5024336,1.5064724,42672837.47647816,64215716.0
2026-01-13 14:55:00,1.5064724,1.5125306,1.5064724,1.5115209000000003,23824846.984252747,35989224.0
2026-01-13 15:00:00,1.5125306,1.51455,1.5125306,1.5135403000000003,23175893.82985045,35070548.0
2026-01-14 09:35:00,1.5125306,1.5397925,1.5125306,1.5397925,80263092.99792017,122959031.0
2026-01-14 09:40:00,1.5397925,1.5438313,1.5377731,1.5428216000000001,69579112.60770525,107230030.0
2026-01-14 09:45:00,1.5428216000000001,1.5498895,1.5428216000000001,1.5458507,58118688.71942161,89878780.0
2026-01-14 09:50:00,1.5458507,1.5519089,1.5367634000000001,1.5377731,46532574.03189066,71856740.0
2026-01-14 09:55:00,1.5377731,1.5428216000000001,1.5357536999999999,1.5418119,29025932.455184706,44720430.0
2026-01-14 10:00:00,1.5418119,1.5529186000000001,1.5418119,1.5519089,46097969.693968505,71310380.0
2026-01-14 10:05:00,1.5529186000000001,1.5650350000000002,1.5529186000000001,1.5640253,93080934.93116768,145175860.0
2026-01-14 10:10:00,1.5640253,1.5670544000000002,1.5620059,1.5630156000000002,60598411.409329504,94801030.0
2026-01-14 10:15:00,1.5630156000000002,1.5680641,1.5630156000000002,1.5650350000000002,45560552.63939784,71333360.0
2026-01-14 10:20:00,1.5660447,1.5670544000000002,1.5640253,1.5660447,42528483.70803209,66575620.0
2026-01-14 10:25:00,1.5660447,1.5660447,1.5609962000000002,1.5660447,47122895.90967614,73666670.0
2026-01-14 10:30:00,1.5660447,1.5700835,1.5640253,1.5700835,51052308.606516786,80040080.0
2026-01-14 10:35:00,1.5690738000000002,1.5690738000000002,1.5650350000000002,1.5660447,31504938.10042587,49365748.0
2026-01-14 10:40:00,1.5660447,1.5680641,1.5640253,1.5670544000000002,22674697.434881646,35500868.0
2026-01-14 10:45:00,1.5670544000000002,1.5690738000000002,1.5620059,1.5660447,25600257.502228383,40039020.0
2026-01-14 10:50:00,1.5670544000000002,1.5680641,1.5650350000000002,1.5670544000000002,22145954.2438348,34687172.0
2026-01-14 10:55:00,1.5680641,1.5710932000000002,1.5650350000000002,1.5700835,31976464.29632564,50139108.0
2026-01-14 11:00:00,1.5710932000000002,1.5751320000000002,1.5700835,1.5731126000000002,33144431.019114587,52118450.0
2026-01-14 11:05:00,1.5721029,1.5741223,1.5700835,1.5741223,30794362.681984745,48415660.0
2026-01-14 11:10:00,1.5731126000000002,1.5741223,1.5721029,1.5741223,23826415.76705952,37488812.0
2026-01-14 11:15:00,1.5741223,1.5771514000000002,1.5721029,1.5751320000000002,30019696.939685054,47274110.0
2026-01-14 11:20:00,1.5751320000000002,1.5761417,1.5721029,1.5741223,22397840.94285431,35260064.0
2026-01-14 11:25:00,1.5751320000000002,1.5771514000000002,1.5680641,1.5700835,21410916.113697138,33666620.0
2026-01-14 11:30:00,1.5690738000000002,1.5710932000000002,1.5670544000000002,1.5680641,29829159.156185005,46807884.0
2026-01-14 13:05:00,1.5670544000000002,1.5670544000000002,1.5468604000000001,1.5579671,66051607.40814103,102672270.0
2026-01-14 13:10:00,1.5549380000000002,1.5559477,1.5397925,1.5428216000000001,93803139.54639992,145090860.0
2026-01-14 13:15:00,1.5418119,1.5488798000000001,1.5357536999999999,1.5357536999999999,73757012.97415073,113774880.0
2026-01-14 13:20:00,1.5367634000000001,1.5397925,1.5266664,1.5387828000000001,58534697.43488164,89620584.0
2026-01-14 13:25:00,1.5387828000000001,1.5418119,1.5327246,1.5377731,53558056.84856888,82365930.0
2026-01-14 13:30:00,1.5387828000000001,1.5448410000000001,1.5327246,1.5448410000000001,30423900.168366842,46777090.0
2026-01-14 13:35:00,1.5448410000000001,1.5488798000000001,1.5428216000000001,1.5438313,43415125.28473804,67106336.0
2026-01-14 13:40:00,1.5438313,1.5589768000000002,1.5428216000000001,1.5569574000000002,51455414.47954838,79915780.0
2026-01-14 13:45:00,1.5559477,1.5569574000000002,1.5488798000000001,1.5488798000000001,39719663.26631673,61682610.0
2026-01-14 13:50:00,1.5488798000000001,1.5488798000000001,1.5428216000000001,1.5438313,20576020.60017827,31805332.0
2026-01-14 13:55:00,1.5428216000000001,1.5458507,1.5397925,1.5397925,24129234.426067147,37234024.0
2026-01-14 14:00:00,1.5397925,1.5408022000000001,1.5286858,1.5286858,38145021.2934535,58470536.0
2026-01-14 14:05:00,1.5286858,1.5367634000000001,1.524647,1.534744,44448148.95513519,67908184.0
2026-01-14 14:10:00,1.534744,1.534744,1.5266664,1.534744,41948192.53243537,64190190.0
2026-01-14 14:15:00,1.534744,1.5418119,1.5337342999999999,1.5408022000000001,21803252.451223135,33547296.0
2026-01-14 14:20:00,1.5418119,1.5448410000000001,1.5377731,1.5438313,22567136.773298997,34792876.0
2026-01-14 14:25:00,1.5448410000000001,1.5478701,1.5408022000000001,1.5478701,19658365.85124294,30343592.0
2026-01-14 14:30:00,1.5488798000000001,1.5498895,1.5458507,1.5498895,28129157.175398633,43547816.0
2026-01-14 14:35:00,1.5498895,1.5508992000000001,1.5397925,1.5408022000000001,21692233.336634643,33509796.0
2026-01-14 14:40:00,1.5408022000000001,1.5418119,1.534744,1.5377731,75190630.88045953,115552800.0
2026-01-14 14:45:00,1.5367634000000001,1.5418119,1.5357536999999999,1.5377731,91160047.53887293,140291630.0
2026-01-14 14:50:00,1.5377731,1.5397925,1.5357536999999999,1.5377731,98090228.78082599,150808270.0
2026-01-14 14:55:00,1.5387828000000001,1.5428216000000001,1.5367634000000001,1.5428216000000001,16522459.146281073,25455824.0
2026-01-14 15:00:00,1.5428216000000001,1.5458507,1.5428216000000001,1.5448410000000001,13061749.034366643,20162810.0
2026-01-15 09:35:00,1.5317148999999999,1.5488798000000001,1.5317148999999999,1.5397925,57910088.14499356,89250967.0
2026-01-15 09:40:00,1.5397925,1.5418119,1.5296954999999999,1.5296954999999999,67949549.37110032,104367130.0
2026-01-15 09:45:00,1.5307052,1.5408022000000001,1.5266664,1.5266664,63479635.53530751,97232530.0
2026-01-15 09:50:00,1.5266664,1.5296954999999999,1.524647,1.5276760999999999,48797939.98217292,74506950.0
2026-01-15 09:55:00,1.5276760999999999,1.534744,1.524647,1.5327246,66549747.44973754,101792450.0
2026-01-15 10:00:00,1.5327246,1.5408022000000001,1.5327246,1.5377731,108700540.7546796,167108700.0
2026-01-15 10:05:00,1.5377731,1.5397925,1.5317148999999999,1.5317148999999999,285037159.5523423,437398530.0
2026-01-15 10:10:00,1.5307052,1.5317148999999999,1.5266664,1.5296954999999999,286243121.71932256,437907070.0
2026-01-15 10:15:00,1.5296954999999999,1.5317148999999999,1.5236372999999999,1.5256566999999999,309084480.5387739,471898980.0
2026-01-15 10:20:00,1.5256566999999999,1.5276760999999999,1.5195984999999999,1.5195984999999999,292608923.4426067,445717600.0
2026-01-15 10:25:00,1.5195984999999999,1.5206082,1.5155596999999998,1.5155596999999998,288771615.3312865,438403840.0
2026-01-15 10:30:00,1.5155596999999998,1.5165694,1.5095015000000003,1.5105112,343743290.0861642,519925820.0
2026-01-15 10:35:00,1.5115209000000003,1.5185888,1.5115209000000003,1.5175790999999998,71350638.80360503,107917030.0
2026-01-15 10:40:00,1.5175790999999998,1.5216178999999999,1.5175790999999998,1.5216178999999999,7750972.566108745,11775220.0
2026-01-15 10:45:00,1.5216178999999999,1.5216178999999999,1.5135403000000003,1.51455,82414400.31692581,125007450.0
2026-01-15 10:50:00,1.51455,1.5195984999999999,1.51455,1.5175790999999998,88350460.53283153,133934936.0
2026-01-15 10:55:00,1.5175790999999998,1.5206082,1.51455,1.5175790999999998,67460740.8141032,102316000.0
2026-01-15 11:00:00,1.5185888,1.5216178999999999,1.5185888,1.5195984999999999,16396474.2002575,24916108.0
2026-01-15 11:05:00,1.5195984999999999,1.524647,1.5175790999999998,1.5216178999999999,47494610.28028127,72146990.0
2026-01-15 11:10:00,1.5226276,1.5256566999999999,1.5175790999999998,1.5216178999999999,82149430.52391799,124864100.0
2026-01-15 11:15:00,1.5216178999999999,1.5216178999999999,1.5155596999999998,1.5155596999999998,28336781.222145192,43041796.0
2026-01-15 11:20:00,1.5165694,1.5185888,1.5155596999999998,1.5175790999999998,5059396.850549668,7674650.0
2026-01-15 11:25:00,1.5175790999999998,1.5175790999999998,1.5135403000000003,1.51455,6675409.52758245,10114082.0
2026-01-15 11:30:00,1.51455,1.5165694,1.5115209000000003,1.5155596999999998,8051340.992373972,12187182.0
2026-01-15 13:05:00,1.5165694,1.5195984999999999,1.5125306,1.51455,19050412.9939586,28876946.0
2026-01-15 13:10:00,1.51455,1.5226276,1.51455,1.5195984999999999,10890093.096959492,16544825.0
2026-01-15 13:15:00,1.5195984999999999,1.5266664,1.5185888,1.5266664,11609357.234822225,17694836.0
2026-01-15 13:20:00,1.5266664,1.5286858,1.524647,1.5256566999999999,16266537.585421411,24830794.0
2026-01-15 13:25:00,1.524647,1.5327246,1.5236372999999999,1.5317148999999999,13638263.840744775,20843338.0
2026-01-15 13:30:00,1.5327246,1.5397925,1.5327246,1.5327246,191615153.01574725,294361900.0
2026-01-15 13:35:00,1.5327246,1.5367634000000001,1.5286858,1.5357536999999999,150024066.5544221,229691520.0
2026-01-15 13:40:00,1.5357536999999999,1.5387828000000001,1.5327246,1.5377731,50198538.179657325,77083790.0
2026-01-15 13:45:00,1.5367634000000001,1.5397925,1.5337342999999999,1.5367634000000001,139050965.63335642,213720320.0
2026-01-15 13:50:00,1.5367634000000001,1.5438313,1.5367634000000001,1.5418119,165884856.8881846,255553010.0
2026-01-15 13:55:00,1.5428216000000001,1.5428216000000001,1.5377731,1.5377731,313028127.1664851,482192100.0
2026-01-15 14:00:00,1.5377731,1.5387828000000001,1.5286858,1.5296954999999999,617049876.2008517,945568200.0
2026-01-15 14:05:00,1.5296954999999999,1.5307052,1.524647,1.5307052,424864256.7099138,649166300.0
2026-01-15 14:10:00,1.5317148999999999,1.534744,1.5236372999999999,1.5236372999999999,322665742.299693,492834100.0
2026-01-15 14:15:00,1.5236372999999999,1.5236372999999999,1.5185888,1.5226276,484333831.83123696,736793860.0
2026-01-15 14:20:00,1.5236372999999999,1.5286858,1.5226276,1.5256566999999999,15860204.020996334,24201492.0
2026-01-15 14:25:00,1.5256566999999999,1.5337342999999999,1.5256566999999999,1.5296954999999999,63492003.565415464,97174216.0
2026-01-15 14:30:00,1.5307052,1.5327246,1.5256566999999999,1.5256566999999999,592113300.9804893,905336960.0
2026-01-15 14:35:00,1.5256566999999999,1.5327246,1.5226276,1.5296954999999999,334393978.40942854,509781630.0
2026-01-15 14:40:00,1.5317148999999999,1.5377731,1.5296954999999999,1.5357536999999999,47420213.924928196,72755464.0
2026-01-15 14:45:00,1.5377731,1.5387828000000001,1.5286858,1.5307052,410017133.80211943,628187700.0
2026-01-15 14:50:00,1.5317148999999999,1.5367634000000001,1.5276760999999999,1.5327246,363261424.1854016,555582000.0
2026-01-15 14:55:00,1.5327246,1.5327246,1.5286858,1.5296954999999999,543564722.1947113,831520500.0
2026-01-15 15:00:00,1.5307052,1.5367634000000001,1.5296954999999999,1.5367634000000001,48588558.97791423,74427440.0
2026-01-16 09:35:00,1.5539283,1.5609962000000002,1.5519089,1.5589768000000002,87589963.3554521,136375521.0
2026-01-16 09:40:00,1.5599865,1.5630156000000002,1.5539283,1.5589768000000002,86888590.67049618,135389440.0
2026-01-16 09:45:00,1.5589768000000002,1.5599865,1.5539283,1.5579671,136810002.97117954,212920430.0
2026-01-16 09:50:00,1.5579671,1.5589768000000002,1.5498895,1.5519089,267821867.88154897,416166700.0
2026-01-16 09:55:00,1.5519089,1.5579671,1.5508992000000001,1.5519089,319591799.5444191,496843360.0
2026-01-16 10:00:00,1.5519089,1.5519089,1.5418119,1.5438313,307264553.82786965,475325100.0
2026-01-16 10:05:00,1.5448410000000001,1.5498895,1.5377731,1.5428216000000001,239199019.51074576,368732930.0
2026-01-16 10:10:00,1.5418119,1.5498895,1.5397925,1.5448410000000001,152876032.4848965,235956960.0
2026-01-16 10:15:00,1.5448410000000001,1.5478701,1.5428216000000001,1.5428216000000001,104283381.20233732,161122180.0
2026-01-16 10:20:00,1.5438313,1.5519089,1.5418119,1.5488798000000001,45067089.23442607,69751810.0
2026-01-16 10:25:00,1.5488798000000001,1.5508992000000001,1.5438313,1.5438313,36167465.58383678,55996400.0
2026-01-16 10:30:00,1.5448410000000001,1.5508992000000001,1.5438313,1.5508992000000001,24409658.314350795,37785096.0
2026-01-16 10:35:00,1.5508992000000001,1.5539283,1.5478701,1.5478701,50934762.80083193,78990430.0
2026-01-16 10:40:00,1.5478701,1.5539283,1.5478701,1.5529186000000001,50579845.49866296,78460520.0
2026-01-16 10:45:00,1.5539283,1.5539283,1.5498895,1.5498895,10096157.27443795,15673537.0
2026-01-16 10:50:00,1.5498895,1.5539283,1.5488798000000001,1.5519089,12185566.009705853,18903060.0
2026-01-16 10:55:00,1.5519089,1.5559477,1.5508992000000001,1.5519089,14442675.051995642,22440032.0
2026-01-16 11:00:00,1.5508992000000001,1.5529186000000001,1.5478701,1.5519089,18905918.5896801,29305244.0
2026-01-16 11:05:00,1.5529186000000001,1.5579671,1.5519089,1.5539283,125129959.39387937,194472300.0
2026-01-16 11:10:00,1.5539283,1.5549380000000002,1.5468604000000001,1.5478701,298150688.3232643,462235230.0
2026-01-16 11:15:00,1.5488798000000001,1.5488798000000001,1.5418119,1.5428216000000001,322915935.42636424,498915330.0
2026-01-16 11:20:00,1.5418119,1.5468604000000001,1.5408022000000001,1.5468604000000001,152951777.75576904,235884780.0
2026-01-16 11:25:00,1.5468604000000001,1.5519089,1.5468604000000001,1.5508992000000001,24592243.240566503,38111876.0
2026-01-16 11:30:00,1.5519089,1.5519089,1.5438313,1.5438313,145353847.67752796,224891140.0
2026-01-16 13:05:00,1.5438313,1.5508992000000001,1.5408022000000001,1.5408022000000001,299146914.9252253,462179600.0
2026-01-16 13:10:00,1.5418119,1.5458507,1.5377731,1.5418119,342320788.35297614,527478880.0
2026-01-16 13:15:00,1.5418119,1.5438313,1.5387828000000001,1.5387828000000001,579722927.6022581,893398100.0
2026-01-16 13:20:00,1.5387828000000001,1.5448410000000001,1.5387828000000001,1.5438313,237943785.28275725,366509400.0
2026-01-16 13:25:00,1.5448410000000001,1.5488798000000001,1.5408022000000001,1.5478701,134543785.28275725,207636560.0
2026-01-16 13:30:00,1.5478701,1.5559477,1.5478701,1.5539283,47716886.20382292,74140616.0
2026-01-16 13:35:00,1.5539283,1.5609962000000002,1.5529186000000001,1.5589768000000002,40494612.261067644,63070548.0
2026-01-16 13:40:00,1.5599865,1.5640253,1.5599865,1.5640253,42360651.67871645,66192680.0
2026-01-16 13:45:00,1.5640253,1.5680641,1.5640253,1.5680641,39089442.40863623,61215240.0
2026-01-16 13:50:00,1.5670544000000002,1.5731126000000002,1.5650350000000002,1.5690738000000002,84241586.60988411,132222750.0
2026-01-16 13:55:00,1.5680641,1.5690738000000002,1.5549380000000002,1.5559477,612995196.5930474,956129000.0
2026-01-16 14:00:00,1.5559477,1.5589768000000002,1.5519089,1.5579671,709001723.2841438,1102178000.0
2026-01-16 14:05:00,1.5569574000000002,1.5569574000000002,1.5468604000000001,1.5468604000000001,879656531.6430622,1363669800.0
2026-01-16 14:10:00,1.5468604000000001,1.5549380000000002,1.5438313,1.5539283,523397127.8597603,809444800.0
2026-01-16 14:15:00,1.5539283,1.5569574000000002,1.5508992000000001,1.5549380000000002,44042705.75418441,68496670.0
2026-01-16 14:20:00,1.5549380000000002,1.5579671,1.5519089,1.5579671,16005567.990492225,24904950.0
2026-01-16 14:25:00,1.5579671,1.5589768000000002,1.5559477,1.5569574000000002,17968626.324650887,27993712.0
2026-01-16 14:30:00,1.5569574000000002,1.5630156000000002,1.5569574000000002,1.5620059,37744666.732692875,58883012.0
2026-01-16 14:35:00,1.5609962000000002,1.5630156000000002,1.5579671,1.5630156000000002,16499778.151926314,25761976.0
2026-01-16 14:40:00,1.5640253,1.5640253,1.5498895,1.5498895,672870060.4139843,1045958200.0
2026-01-16 14:45:00,1.5498895,1.5539283,1.5488798000000001,1.5519089,504738437.15955234,782424260.0
2026-01-16 14:50:00,1.5519089,1.5539283,1.5519089,1.5529186000000001,28311225.1163712,43957520.0
2026-01-16 14:55:00,1.5539283,1.5569574000000002,1.5529186000000001,1.5559477,30011603.446568288,46655076.0
2026-01-16 15:00:00,1.5559477,1.5579671,1.5559477,1.5569574000000002,20354483.50995345,31692898.0
2026-01-19 09:35:00,1.5549380000000002,1.5609962000000002,1.5488798000000001,1.5539283,67153901.15876003,104430472.0
2026-01-19 09:40:00,1.5529186000000001,1.5589768000000002,1.5498895,1.5579671,88732118.45102505,137976700.0
2026-01-19 09:45:00,1.5579671,1.5620059,1.5498895,1.5549380000000002,58382519.56026542,90824090.0
2026-01-19 09:50:00,1.5559477,1.5589768000000002,1.5508992000000001,1.5559477,47779463.20689313,74308030.0
2026-01-19 09:55:00,1.5549380000000002,1.5609962000000002,1.5498895,1.5609962000000002,27851341.982767157,43291440.0
2026-01-19 10:00:00,1.5609962000000002,1.5650350000000002,1.5599865,1.5640253,38308586.708923444,59839868.0
2026-01-19 10:05:00,1.5640253,1.5670544000000002,1.5630156000000002,1.5640253,36309398.83133604,56813136.0
2026-01-19 10:10:00,1.5630156000000002,1.5700835,1.5630156000000002,1.5670544000000002,37429232.445280775,58620840.0
2026-01-19 10:15:00,1.5670544000000002,1.5680641,1.5599865,1.5609962000000002,62864201.24789541,98251980.0
2026-01-19 10:20:00,1.5599865,1.5640253,1.5579671,1.5599865,75190809.15123303,117292580.0
2026-01-19 10:25:00,1.5589768000000002,1.5609962000000002,1.5569574000000002,1.5569574000000002,34339558.284639,53490576.0
2026-01-19 10:30:00,1.5569574000000002,1.5589768000000002,1.5539283,1.5549380000000002,271715063.8803605,422866300.0
2026-01-19 10:35:00,1.5549380000000002,1.5569574000000002,1.5498895,1.5519089,321610676.43854606,499637250.0
2026-01-19 10:40:00,1.5519089,1.5539283,1.5478701,1.5488798000000001,314841715.36099833,488380830.0
2026-01-19 10:45:00,1.5488798000000001,1.5519089,1.5458507,1.5508992000000001,217785876.99316627,337221950.0
2026-01-19 10:50:00,1.5508992000000001,1.5529186000000001,1.5478701,1.5508992000000001,62404971.7737942,96751320.0
2026-01-19 10:55:00,1.5508992000000001,1.5529186000000001,1.5488798000000001,1.5508992000000001,26580911.161731206,41219750.0
2026-01-19 11:00:00,1.5508992000000001,1.5529186000000001,1.5498895,1.5508992000000001,5985701.693572348,9285616.0
2026-01-19 11:05:00,1.5508992000000001,1.5549380000000002,1.5498895,1.5539283,18642630.484302267,28951100.0
2026-01-19 11:10:00,1.5549380000000002,1.5559477,1.5519089,1.5529186000000001,14472759.235416459,22485552.0
2026-01-19 11:15:00,1.5539283,1.5569574000000002,1.5529186000000001,1.5559477,13246669.307715163,20598152.0
2026-01-19 11:20:00,1.5559477,1.5569574000000002,1.5549380000000002,1.5549380000000002,18450926.017628998,28704884.0
2026-01-19 11:25:00,1.5569574000000002,1.5589768000000002,1.5488798000000001,1.5498895,120002674.06160246,186386110.0
2026-01-19 11:30:00,1.5488798000000001,1.5498895,1.5468604000000001,1.5478701,112174933.14845994,173595740.0
2026-01-19 13:05:00,1.5488798000000001,1.5508992000000001,1.5478701,1.5498895,16447129.840546696,25486460.0
2026-01-19 13:10:00,1.5508992000000001,1.5519089,1.5488798000000001,1.5519089,11464839.06110726,17782218.0
2026-01-19 13:15:00,1.5519089,1.5529186000000001,1.5498895,1.5529186000000001,6034603.347528969,9361999.0
2026-01-19 13:20:00,1.5529186000000001,1.5589768000000002,1.5529186000000001,1.5579671,19435230.266415767,30254868.0
2026-01-19 13:25:00,1.5579671,1.5630156000000002,1.5579671,1.5589768000000002,22545328.31534119,35196250.0
2026-01-19 13:30:00,1.5589768000000002,1.5640253,1.5579671,1.5589768000000002,14612661.186491037,22812640.0
2026-01-19 13:35:00,1.5599865,1.5630156000000002,1.5589768000000002,1.5599865,18092118.451025058,28248448.0
2026-01-19 13:40:00,1.5599865,1.5609962000000002,1.5549380000000002,1.5569574000000002,93615608.59661286,145748530.0
2026-01-19 13:45:00,1.5559477,1.5589768000000002,1.5559477,1.5579671,12082333.36634644,18822040.0
2026-01-19 13:50:00,1.5579671,1.5599865,1.5519089,1.5529186000000001,182127344.75586808,283203300.0
2026-01-19 13:55:00,1.5529186000000001,1.5529186000000001,1.5478701,1.5508992000000001,240204149.74744973,372271400.0
2026-01-19 14:00:00,1.5519089,1.5529186000000001,1.5488798000000001,1.5508992000000001,144316579.18193522,223773800.0
2026-01-19 14:05:00,1.5508992000000001,1.5529186000000001,1.5488798000000001,1.5519089,151976497.96969396,235591170.0
2026-01-19 14:10:00,1.5519089,1.5549380000000002,1.5519089,1.5529186000000001,13777022.878082598,21387526.0
2026-01-19 14:15:00,1.5529186000000001,1.5529186000000001,1.5498895,1.5529186000000001,12587798.35594731,19535848.0
2026-01-19 14:20:00,1.5529186000000001,1.5539283,1.5498895,1.5508992000000001,8565431.316232543,13292016.0
2026-01-19 14:25:00,1.5508992000000001,1.5539283,1.5508992000000001,1.5519089,23856638.60552639,37043030.0
2026-01-19 14:30:00,1.5519089,1.5539283,1.5498895,1.5529186000000001,22447824.106170148,34849080.0
2026-01-19 14:35:00,1.5529186000000001,1.5539283,1.5508992000000001,1.5519089,2432702.783004853,3776105.0
2026-01-19 14:40:00,1.5529186000000001,1.5529186000000001,1.5488798000000001,1.5519089,11994474.596414777,18596606.0
2026-01-19 14:45:00,1.5508992000000001,1.5519089,1.5498895,1.5508992000000001,13400911.161731206,20785098.0
2026-01-19 14:50:00,1.5498895,1.5508992000000001,1.5498895,1.5508992000000001,5452549.272061008,8454955.0
2026-01-19 14:55:00,1.5508992000000001,1.5508992000000001,1.5488798000000001,1.5498895,8741071.605427355,13547932.0
2026-01-19 15:00:00,1.5498895,1.5508992000000001,1.5488798000000001,1.5508992000000001,12934432.99990096,20043832.0
2026-01-20 09:35:00,1.5498895,1.5670544000000002,1.5488798000000001,1.5650350000000002,181037984.5498663,282546288.0
2026-01-20 09:40:00,1.5650350000000002,1.5690738000000002,1.5599865,1.5609962000000002,193172783.9952461,301999870.0
2026-01-20 09:45:00,1.5609962000000002,1.5630156000000002,1.5519089,1.5529186000000001,450603149.45033175,701697150.0
2026-01-20 09:50:00,1.5529186000000001,1.5549380000000002,1.5488798000000001,1.5498895,422497989.5018322,655794600.0
2026-01-20 09:55:00,1.5498895,1.5519089,1.5488798000000001,1.5488798000000001,319901594.5330296,496097120.0
2026-01-20 10:00:00,1.5488798000000001,1.5529186000000001,1.5468604000000001,1.5488798000000001,130100623.94770724,201598600.0
2026-01-20 10:05:00,1.5488798000000001,1.5529186000000001,1.5438313,1.5498895,62201362.78102406,96409310.0
2026-01-20 10:10:00,1.5508992000000001,1.5508992000000001,1.5448410000000001,1.5468604000000001,18868780.825987916,29190840.0
2026-01-20 10:15:00,1.5478701,1.5478701,1.5377731,1.5387828000000001,38158201.44597405,58855860.0
2026-01-20 10:20:00,1.5377731,1.5387828000000001,1.5327246,1.5337342999999999,58899328.51341982,90442340.0
2026-01-20 10:25:00,1.5337342999999999,1.5337342999999999,1.5266664,1.5317148999999999,56495806.67525007,86427490.0
2026-01-20 10:30:00,1.5307052,1.5327246,1.524647,1.5307052,55094249.77716153,84147870.0
2026-01-20 10:35:00,1.5307052,1.5307052,1.5226276,1.5276760999999999,37791003.268297516,57693810.0
2026-01-20 10:40:00,1.5286858,1.534744,1.5286858,1.5327246,20120431.811429136,30822744.0
2026-01-20 10:45:00,1.5327246,1.5367634000000001,1.5327246,1.5367634000000001,19827429.929682083,30419346.0
2026-01-20 10:50:00,1.5367634000000001,1.5367634000000001,1.5296954999999999,1.5357536999999999,30196688.1251857,46318910.0
2026-01-20 10:55:00,1.5357536999999999,1.5387828000000001,1.5337342999999999,1.534744,13379122.51163712,20547302.0
2026-01-20 11:00:00,1.534744,1.534744,1.5256566999999999,1.5286858,9148856.09587006,13991413.0
2026-01-20 11:05:00,1.5286858,1.5307052,1.5266664,1.5286858,10060413.984351788,15376937.0
2026-01-20 11:10:00,1.5286858,1.5296954999999999,1.524647,1.5256566999999999,20688521.342973158,31596370.0
2026-01-20 11:15:00,1.5266664,1.5357536999999999,1.524647,1.5357536999999999,23046077.05258988,35264224.0
2026-01-20 11:20:00,1.534744,1.5387828000000001,1.5327246,1.5377731,16133761.513320787,24780528.0
2026-01-20 11:25:00,1.5387828000000001,1.5428216000000001,1.5327246,1.5357536999999999,133788669.90195107,205711940.0
2026-01-20 11:30:00,1.5357536999999999,1.5367634000000001,1.5296954999999999,1.5307052,67334717.24274537,103182320.0
2026-01-20 13:05:00,1.5307052,1.5317148999999999,1.524647,1.5266664,13577052.589878181,20748500.0
2026-01-20 13:10:00,1.5266664,1.5286858,1.5256566999999999,1.5266664,6600967.614142815,10079118.0
2026-01-20 13:15:00,1.5266664,1.5307052,1.524647,1.5256566999999999,7665393.681291472,11708748.0
2026-01-20 13:20:00,1.5266664,1.5296954999999999,1.524647,1.5276760999999999,10904823.214816282,16641711.0
2026-01-20 13:25:00,1.5276760999999999,1.5286858,1.5236372999999999,1.5256566999999999,11847005.051005248,18073756.0
2026-01-20 13:30:00,1.5256566999999999,1.5317148999999999,1.5256566999999999,1.5286858,52512203.62483906,80276664.0
2026-01-20 13:35:00,1.5286858,1.5296954999999999,1.5256566999999999,1.5286858,122498336.13944736,187064100.0
2026-01-20 13:40:00,1.5286858,1.5286858,1.524647,1.5256566999999999,212312310.58730316,323940640.0
2026-01-20 13:45:00,1.5256566999999999,1.5307052,1.524647,1.5286858,64447978.60750718,98454570.0
2026-01-20 13:50:00,1.5286858,1.534744,1.5276760999999999,1.534744,71472338.31831236,109420584.0
2026-01-20 13:55:00,1.5357536999999999,1.5367634000000001,1.5286858,1.5296954999999999,29258492.621570762,44798610.0
2026-01-20 14:00:00,1.5296954999999999,1.5296954999999999,1.524647,1.5256566999999999,74023244.52807765,112973680.0
2026-01-20 14:05:00,1.5256566999999999,1.5256566999999999,1.5226276,1.5236372999999999,25563046.449440427,38967840.0
2026-01-20 14:10:00,1.5236372999999999,1.5256566999999999,1.5226276,1.5236372999999999,8335446.172130335,12703195.0
2026-01-20 14:15:00,1.5236372999999999,1.524647,1.5226276,1.524647,8498635.238189561,12947346.0
2026-01-20 14:20:00,1.5236372999999999,1.5256566999999999,1.5195984999999999,1.5216178999999999,19184379.518668912,29199918.0
2026-01-20 14:25:00,1.5216178999999999,1.5226276,1.5206082,1.5206082,5809912.845399624,8839993.0
2026-01-20 14:30:00,1.5206082,1.5216178999999999,1.5185888,1.5206082,18382412.597801328,27935468.0
2026-01-20 14:35:00,1.5206082,1.5226276,1.5155596999999998,1.5165694,27393487.17440824,41604010.0
2026-01-20 14:40:00,1.5165694,1.5195984999999999,1.5155596999999998,1.5195984999999999,17462323.462414578,26503452.0
2026-01-20 14:45:00,1.5195984999999999,1.5226276,1.5185888,1.5226276,14125182.727542834,21479232.0
2026-01-20 14:50:00,1.5216178999999999,1.5256566999999999,1.5216178999999999,1.5236372999999999,22395214.420124788,34128630.0
2026-01-20 14:55:00,1.5236372999999999,1.524647,1.5226276,1.524647,30940178.270773496,47143400.0
2026-01-20 15:00:00,1.524647,1.5256566999999999,1.524647,1.524647,17340267.406160247,26442084.0
2026-01-21 09:35:00,1.5226276,1.5498895,1.5216178999999999,1.5468604000000001,117002453.20392196,180081092.0
2026-01-21 09:40:00,1.5468604000000001,1.5589768000000002,1.5458507,1.5579671,115340952.75824502,178916540.0
2026-01-21 09:45:00,1.5589768000000002,1.5741223,1.5589768000000002,1.5721029,117556392.98801623,184445180.0
2026-01-21 09:50:00,1.5731126000000002,1.5832096000000002,1.5721029,1.5721029,115188725.36396949,181767360.0
2026-01-21 09:55:00,1.5710932000000002,1.5751320000000002,1.5690738000000002,1.5700835,61870327.82014459,97331260.0
2026-01-21 10:00:00,1.5700835,1.5741223,1.5670544000000002,1.5700835,45080673.46736654,70870210.0
2026-01-21 10:05:00,1.5700835,1.5801805,1.5700835,1.5791708000000002,41858443.101911455,65956652.0
2026-01-21 10:10:00,1.5791708000000002,1.5811902000000002,1.5751320000000002,1.5781611,40135921.56085966,63374736.0
2026-01-21 10:15:00,1.5761417,1.5821999,1.5761417,1.5781611,33283450.529860355,52591324.0
2026-01-21 10:20:00,1.5781611,1.5801805,1.5761417,1.5791708000000002,21612716.648509458,34107290.0
2026-01-21 10:25:00,1.5791708000000002,1.5832096000000002,1.5781611,1.5832096000000002,32107802.317520056,50751484.0
2026-01-21 10:30:00,1.5821999,1.5902775,1.5801805,1.5892678000000002,57144434.98068733,90528100.0
2026-01-21 10:35:00,1.5892678000000002,1.5902775,1.5852290000000002,1.5902775,34636692.08675844,55007700.0
2026-01-21 10:40:00,1.5892678000000002,1.5912872000000002,1.5832096000000002,1.5842193,31812423.49212637,50503370.0
2026-01-21 10:45:00,1.5852290000000002,1.5902775,1.5852290000000002,1.5882581,26773913.043478258,42538090.0
2026-01-21 10:50:00,1.5892678000000002,1.5902775,1.5811902000000002,1.5821999,21650082.202634446,34332564.0
2026-01-21 10:55:00,1.5832096000000002,1.5842193,1.5791708000000002,1.5791708000000002,75130662.5730415,118892160.0
2026-01-21 11:00:00,1.5791708000000002,1.5852290000000002,1.5791708000000002,1.5832096000000002,64878581.75695751,102711160.0
2026-01-21 11:05:00,1.5842193,1.5892678000000002,1.5832096000000002,1.5882581,20948757.05655145,33236212.0
2026-01-21 11:10:00,1.5882581,1.5892678000000002,1.5852290000000002,1.5862387,10454105.179756362,16594460.0
2026-01-21 11:15:00,1.5872484000000002,1.5882581,1.5842193,1.5842193,17734358.720412,28128140.0
2026-01-21 11:20:00,1.5842193,1.5862387,1.5811902000000002,1.5852290000000002,16704597.405169852,26458258.0
2026-01-21 11:25:00,1.5852290000000002,1.5852290000000002,1.5751320000000002,1.5751320000000002,92058136.08002377,145169330.0
2026-01-21 11:30:00,1.5751320000000002,1.5761417,1.5690738000000002,1.5690738000000002,310056749.52956325,487547900.0
2026-01-21 13:05:00,1.5690738000000002,1.5781611,1.5690738000000002,1.5761417,345009854.41220164,543432260.0
2026-01-21 13:10:00,1.5761417,1.5811902000000002,1.5751320000000002,1.5781611,216524413.19203722,341710000.0
2026-01-21 13:15:00,1.5781611,1.5832096000000002,1.5771514000000002,1.5801805,24224432.99990096,38252668.0
2026-01-21 13:20:00,1.5801805,1.5801805,1.5771514000000002,1.5801805,10680336.733683271,16865144.0
2026-01-21 13:25:00,1.5801805,1.5832096000000002,1.5791708000000002,1.5811902000000002,13428590.670496186,21235720.0
2026-01-21 13:30:00,1.5811902000000002,1.5821999,1.5771514000000002,1.5801805,11206636.624740021,17705800.0
2026-01-21 13:35:00,1.5801805,1.5811902000000002,1.5761417,1.5801805,11948830.345647221,18869070.0
2026-01-21 13:40:00,1.5811902000000002,1.5842193,1.5791708000000002,1.5811902000000002,12060059.423591165,19089638.0
2026-01-21 13:45:00,1.5821999,1.5862387,1.5821999,1.5852290000000002,18096713.875408538,28676412.0
2026-01-21 13:50:00,1.5842193,1.5882581,1.5832096000000002,1.5862387,22936634.643953647,36381616.0
2026-01-21 13:55:00,1.5862387,1.5892678000000002,1.5852290000000002,1.5862387,21660592.255125284,34384100.0
2026-01-21 14:00:00,1.5862387,1.5882581,1.5852290000000002,1.5862387,6507694.364662771,10324133.0
2026-01-21 14:05:00,1.5872484000000002,1.5872484000000002,1.5801805,1.5801805,15459092.799841536,24499248.0
2026-01-21 14:10:00,1.5801805,1.5832096000000002,1.5801805,1.5821999,14109026.443498068,22320184.0
2026-01-21 14:15:00,1.5832096000000002,1.5832096000000002,1.5791708000000002,1.5791708000000002,11070050.510052491,17508570.0
2026-01-21 14:20:00,1.5791708000000002,1.5821999,1.5781611,1.5791708000000002,8139025.4531048825,12861075.0
2026-01-21 14:25:00,1.5791708000000002,1.5832096000000002,1.5761417,1.5791708000000002,11662457.1654947,18418520.0
2026-01-21 14:30:00,1.5791708000000002,1.5791708000000002,1.5761417,1.5781611,15099632.564127957,23814088.0
2026-01-21 14:35:00,1.5781611,1.5791708000000002,1.5761417,1.5771514000000002,10589451.322174903,16708897.0
2026-01-21 14:40:00,1.5771514000000002,1.5781611,1.5751320000000002,1.5761417,14564722.1947113,22963032.0
2026-01-21 14:45:00,1.5761417,1.5761417,1.5741223,1.5741223,14991552.936515797,23607288.0
2026-01-21 14:50:00,1.5751320000000002,1.5791708000000002,1.5741223,1.5761417,15416867.38635238,24310414.0
2026-01-21 14:55:00,1.5761417,1.5781611,1.5761417,1.5781611,15146566.306823809,23886324.0
2026-01-21 15:00:00,1.5781611,1.5801805,1.5771514000000002,1.5801805,16588294.542933544,26185888.0
2026-01-22 09:35:00,1.6074424,1.6205685,1.6074424,1.6124909,99615697.7319996,160891953.0
2026-01-22 09:40:00,1.6114812,1.6185491,1.5912872000000002,1.5953260000000002,87758353.9665247,140720560.0
2026-01-22 09:45:00,1.5943163,1.5993648,1.5852290000000002,1.5922969,57747901.356838666,92012840.0
2026-01-22 09:50:00,1.5933066000000002,1.6003745,1.5912872000000002,1.5963357,50722818.659007624,80928570.0
2026-01-22 09:55:00,1.5963357,1.5993648,1.5872484000000002,1.5872484000000002,44093859.56224621,70202860.0
2026-01-22 10:00:00,1.5862387,1.5953260000000002,1.5862387,1.5872484000000002,38202016.44052689,60719144.0
2026-01-22 10:05:00,1.5862387,1.5882581,1.5801805,1.5852290000000002,36179368.12914727,57301276.0
2026-01-22 10:10:00,1.5852290000000002,1.5912872000000002,1.5832096000000002,1.5832096000000002,25710064.375557095,40801936.0
2026-01-22 10:15:00,1.5842193,1.5902775,1.5821999,1.5821999,22273582.252154104,35305424.0
2026-01-22 10:20:00,1.5811902000000002,1.5821999,1.5751320000000002,1.5781611,40085970.09012578,63272516.0
2026-01-22 10:25:00,1.5781611,1.5821999,1.5781611,1.5811902000000002,12855088.640190154,20312556.0
2026-01-22 10:30:00,1.5811902000000002,1.5842193,1.5761417,1.5791708000000002,27953388.13508963,44147260.0
2026-01-22 10:35:00,1.5791708000000002,1.5852290000000002,1.5771514000000002,1.5852290000000002,24919383.97543825,39399740.0
2026-01-22 10:40:00,1.5842193,1.5862387,1.5801805,1.5832096000000002,21577680.499158166,34161884.0
2026-01-22 10:45:00,1.5821999,1.5872484000000002,1.5821999,1.5872484000000002,14554148.757056551,23084682.0
2026-01-22 10:50:00,1.5872484000000002,1.5902775,1.5862387,1.5882581,17955622.46211746,28522236.0
2026-01-22 10:55:00,1.5892678000000002,1.5912872000000002,1.5842193,1.5882581,41250890.363474295,65573132.0
2026-01-22 11:00:00,1.5882581,1.5912872000000002,1.5862387,1.5862387,10356180.053481232,16458552.0
2026-01-22 11:05:00,1.5872484000000002,1.5882581,1.5832096000000002,1.5842193,5673071.20927008,8993359.0
2026-01-22 11:10:00,1.5842193,1.5902775,1.5832096000000002,1.5872484000000002,8218394.57264534,13037771.0
2026-01-22 11:15:00,1.5862387,1.5892678000000002,1.5811902000000002,1.5832096000000002,11897145.686837673,18849544.0
2026-01-22 11:20:00,1.5832096000000002,1.5832096000000002,1.5781611,1.5801805,11504783.599088838,18171618.0
2026-01-22 11:25:00,1.5801805,1.5811902000000002,1.5761417,1.5791708000000002,10551225.1163712,16658220.0
2026-01-22 11:30:00,1.5781611,1.5811902000000002,1.5771514000000002,1.5771514000000002,16192127.364563731,25569282.0
2026-01-22 13:05:00,1.5781611,1.5781611,1.5751320000000002,1.5781611,17242313.558482718,27186128.0
2026-01-22 13:10:00,1.5791708000000002,1.5811902000000002,1.5761417,1.5801805,5853972.467069427,9242099.0
2026-01-22 13:15:00,1.5791708000000002,1.5832096000000002,1.5781611,1.5832096000000002,6595414.479548381,10425095.0
2026-01-22 13:20:00,1.5821999,1.5852290000000002,1.5821999,1.5821999,10069750.420917103,15945161.0
2026-01-22 13:25:00,1.5811902000000002,1.5842193,1.5801805,1.5821999,4986415.767059523,7892649.0
2026-01-22 13:30:00,1.5821999,1.5832096000000002,1.5791708000000002,1.5801805,13520108.94325047,21368640.0
2026-01-22 13:35:00,1.5811902000000002,1.5832096000000002,1.5811902000000002,1.5821999,2457462.6126572248,3887872.0
2026-01-22 13:40:00,1.5821999,1.5832096000000002,1.5801805,1.5821999,2513462.4145785877,3975653.0
2026-01-22 13:45:00,1.5821999,1.5821999,1.5791708000000002,1.5791708000000002,5516886.203822917,8718516.0
2026-01-22 13:50:00,1.5801805,1.5811902000000002,1.5791708000000002,1.5791708000000002,8229176.9832623545,12996889.0
2026-01-22 13:55:00,1.5801805,1.5801805,1.5781611,1.5781611,5075765.078736258,8014212.0
2026-01-22 14:00:00,1.5781611,1.5811902000000002,1.5771514000000002,1.5811902000000002,19488691.690601166,30763268.0
2026-01-22 14:05:00,1.5811902000000002,1.5821999,1.5791708000000002,1.5811902000000002,13473937.803307913,21295514.0
2026-01-22 14:10:00,1.5811902000000002,1.5821999,1.5791708000000002,1.5821999,12679968.307418045,20044320.0
2026-01-22 14:15:00,1.5811902000000002,1.5821999,1.5781611,1.5791708000000002,10791629.196791125,17058224.0
2026-01-22 14:20:00,1.5791708000000002,1.5801805,1.5781611,1.5801805,4215960.186193919,6654792.0
2026-01-22 14:25:00,1.5801805,1.5832096000000002,1.5791708000000002,1.5821999,11145932.455184707,17629768.0
2026-01-22 14:30:00,1.5811902000000002,1.5832096000000002,1.5801805,1.5821999,4509981.182529464,7134032.0
2026-01-22 14:35:00,1.5811902000000002,1.5821999,1.5781611,1.5801805,11257349.70783401,17790944.0
2026-01-22 14:40:00,1.5801805,1.5811902000000002,1.5781611,1.5811902000000002,9354212.142220462,14780675.0
2026-01-22 14:45:00,1.5801805,1.5811902000000002,1.5791708000000002,1.5801805,12856133.505001485,20317202.0
2026-01-22 14:50:00,1.5801805,1.5811902000000002,1.5781611,1.5801805,20766877.290284242,32805418.0
2026-01-22 14:55:00,1.5811902000000002,1.5842193,1.5811902000000002,1.5842193,23613150.440724965,37373044.0
2026-01-22 15:00:00,1.5842193,1.5862387,1.5832096000000002,1.5862387,16425793.800138654,26038644.0
2026-01-23 09:35:00,1.5811902000000002,1.5933066000000002,1.5781611,1.5922969,62981237.991482615,99808011.0
2026-01-23 09:40:00,1.5912872000000002,1.5953260000000002,1.5852290000000002,1.5892678000000002,45914826.18599584,73031030.0
2026-01-23 09:45:00,1.5892678000000002,1.5892678000000002,1.5791708000000002,1.5791708000000002,49723406.952560164,78779736.0
2026-01-23 09:50:00,1.5801805,1.5832096000000002,1.5761417,1.5811902000000002,26832389.818758044,42359572.0
2026-01-23 09:55:00,1.5811902000000002,1.5832096000000002,1.5791708000000002,1.5801805,13530906.209765276,21392784.0
2026-01-23 10:00:00,1.5791708000000002,1.5842193,1.5771514000000002,1.5821999,13283646.627711201,20993142.0
2026-01-23 10:05:00,1.5832096000000002,1.5862387,1.5821999,1.5832096000000002,18954265.62345251,30022484.0
2026-01-23 10:10:00,1.5832096000000002,1.5872484000000002,1.5791708000000002,1.5801805,24801033.970486283,39242092.0
2026-01-23 10:15:00,1.5801805,1.5832096000000002,1.5791708000000002,1.5832096000000002,16544932.158066751,26160386.0
2026-01-23 10:20:00,1.5832096000000002,1.5832096000000002,1.5771514000000002,1.5791708000000002,23406704.961869862,36949990.0
2026-01-23 10:25:00,1.5791708000000002,1.5791708000000002,1.5741223,1.5761417,27130313.95463999,42757964.0
2026-01-23 10:30:00,1.5761417,1.5761417,1.5710932000000002,1.5721029,22808386.649499852,35898816.0
2026-01-23 10:35:00,1.5721029,1.5741223,1.5690738000000002,1.5731126000000002,28312766.16816876,44498200.0
2026-01-23 10:40:00,1.5741223,1.5771514000000002,1.5710932000000002,1.5771514000000002,20204100.22779043,31821412.0
2026-01-23 10:45:00,1.5761417,1.5781611,1.5751320000000002,1.5761417,14609130.434782607,23035956.0
2026-01-23 10:50:00,1.5751320000000002,1.5801805,1.5741223,1.5781611,17896087.946914926,28215684.0
2026-01-23 10:55:00,1.5781611,1.5801805,1.5761417,1.5801805,16510052.490838863,26055612.0
2026-01-23 11:00:00,1.5801805,1.5801805,1.5751320000000002,1.5751320000000002,11101946.122610675,17517188.0
2026-01-23 11:05:00,1.5751320000000002,1.5811902000000002,1.5741223,1.5791708000000002,14111908.487669604,22251680.0
2026-01-23 11:10:00,1.5791708000000002,1.5811902000000002,1.5781611,1.5801805,6584444.884619193,10399303.0
2026-01-23 11:15:00,1.5801805,1.5801805,1.5741223,1.5751320000000002,30818098.445082698,48574820.0
2026-01-23 11:20:00,1.5761417,1.5781611,1.5741223,1.5781611,14379361.196394969,22669182.0
2026-01-23 11:25:00,1.5781611,1.5811902000000002,1.5781611,1.5791708000000002,10344803.40695256,16343644.0
2026-01-23 11:30:00,1.5801805,1.5821999,1.5791708000000002,1.5791708000000002,13414302.268000396,21208012.0
2026-01-23 13:05:00,1.5791708000000002,1.5872484000000002,1.5791708000000002,1.5872484000000002,30481752.995939385,48286970.0
2026-01-23 13:10:00,1.5862387,1.5872484000000002,1.5832096000000002,1.5832096000000002,17783858.571853027,28181686.0
2026-01-23 13:15:00,1.5832096000000002,1.5852290000000002,1.5821999,1.5832096000000002,10408068.733287115,16483643.0
2026-01-23 13:20:00,1.5821999,1.5852290000000002,1.5801805,1.5842193,10042784.985639298,15889270.0
2026-01-23 13:25:00,1.5842193,1.5852290000000002,1.5801805,1.5821999,12483899.177973654,19766576.0
2026-01-23 13:30:00,1.5811902000000002,1.5821999,1.5801805,1.5821999,7514052.6889175,11882637.0
2026-01-23 13:35:00,1.5821999,1.5862387,1.5811902000000002,1.5862387,21997512.13231653,34806250.0
2026-01-23 13:40:00,1.5862387,1.5862387,1.5842193,1.5842193,11246885.21342973,17834268.0
2026-01-23 13:45:00,1.5852290000000002,1.5872484000000002,1.5842193,1.5872484000000002,20487225.908685748,32506424.0
2026-01-23 13:50:00,1.5882581,1.5892678000000002,1.5862387,1.5882581,17376824.79944538,27585202.0
2026-01-23 13:55:00,1.5882581,1.5943163,1.5882581,1.5943163,21042214.519164108,33507548.0
2026-01-23 14:00:00,1.5943163,1.5953260000000002,1.5912872000000002,1.5922969,6329151.233039516,10080876.0
2026-01-23 14:05:00,1.5912872000000002,1.5943163,1.5902775,1.5943163,9932772.110527879,15810517.0
2026-01-23 14:10:00,1.5943163,1.5953260000000002,1.5912872000000002,1.5922969,16357696.345449142,26072526.0
2026-01-23 14:15:00,1.5922969,1.5963357,1.5912872000000002,1.5963357,12861397.44478558,20501836.0
2026-01-23 14:20:00,1.5963357,1.5973454000000002,1.5953260000000002,1.5963357,11984992.572051104,19130440.0
2026-01-23 14:25:00,1.5973454000000002,1.5973454000000002,1.5943163,1.5953260000000002,6904040.804199267,11015121.0
2026-01-23 14:30:00,1.5953260000000002,1.5963357,1.5943163,1.5943163,9844036.842626523,15698957.0
2026-01-23 14:35:00,1.5943163,1.5943163,1.5912872000000002,1.5912872000000002,9911782.70773497,15782646.0
2026-01-23 14:40:00,1.5922969,1.5933066000000002,1.5892678000000002,1.5912872000000002,12607253.639694959,20062078.0
2026-01-23 14:45:00,1.5912872000000002,1.5953260000000002,1.5912872000000002,1.5943163,12276624.740021788,19569248.0
2026-01-23 14:50:00,1.5953260000000002,1.5973454000000002,1.5933066000000002,1.5953260000000002,16928228.186590075,27012718.0
2026-01-23 14:55:00,1.5953260000000002,1.5963357,1.5943163,1.5943163,10174715.261958998,16231339.0
2026-01-23 15:00:00,1.5953260000000002,1.5993648,1.5943163,1.5983551,24845336.238486677,39672390.0
2026-01-26 09:35:00,1.5993648,1.6205685,1.5993648,1.6145103,64296304.843022674,103847186.0
2026-01-26 09:40:00,1.61552,1.6165297,1.6064327,1.6094618,63145500.64375557,101773230.0
2026-01-26 09:45:00,1.6094618,1.6114812,1.5922969,1.5933066000000002,63358225.215410516,101661740.0
2026-01-26 09:50:00,1.5933066000000002,1.5983551,1.5902775,1.5983551,62189541.44795483,99123430.0
2026-01-26 09:55:00,1.5973454000000002,1.5983551,1.5821999,1.5821999,46364979.696939684,73707780.0
2026-01-26 10:00:00,1.5832096000000002,1.5912872000000002,1.5821999,1.5912872000000002,21093510.943844706,33429062.0
2026-01-26 10:05:00,1.5902775,1.5922969,1.5832096000000002,1.5892678000000002,24847748.836288005,39429084.0
2026-01-26 10:10:00,1.5902775,1.5922969,1.5872484000000002,1.5882581,16485804.694463702,26211902.0
2026-01-26 10:15:00,1.5892678000000002,1.5922969,1.5872484000000002,1.5872484000000002,18788406.457363572,29875940.0
2026-01-26 10:20:00,1.5872484000000002,1.5892678000000002,1.5842193,1.5862387,16778338.120233733,26610494.0
2026-01-26 10:25:00,1.5872484000000002,1.5933066000000002,1.5852290000000002,1.5912872000000002,13927054.570664553,22131644.0
2026-01-26 10:30:00,1.5912872000000002,1.5953260000000002,1.5902775,1.5902775,21149779.1423195,33685180.0
2026-01-26 10:35:00,1.5892678000000002,1.5963357,1.5892678000000002,1.5902775,12696530.65266911,20217788.0
2026-01-26 10:40:00,1.5892678000000002,1.5953260000000002,1.5882581,1.5892678000000002,10763050.411013171,17132376.0
2026-01-26 10:45:00,1.5882581,1.5912872000000002,1.5852290000000002,1.5852290000000002,4864662.771120135,7725599.0
2026-01-26 10:50:00,1.5852290000000002,1.5872484000000002,1.5842193,1.5852290000000002,8674427.057541844,13749637.0
2026-01-26 10:55:00,1.5852290000000002,1.5862387,1.5832096000000002,1.5832096000000002,10002322.472021392,15840164.0
2026-01-26 11:00:00,1.5832096000000002,1.5832096000000002,1.5761417,1.5761417,20065255.02624542,31689620.0
2026-01-26 11:05:00,1.5761417,1.5811902000000002,1.5751320000000002,1.5811902000000002,8900876.497969694,14037658.0
2026-01-26 11:10:00,1.5811902000000002,1.5842193,1.5791708000000002,1.5811902000000002,9726895.117361592,15376731.0
2026-01-26 11:15:00,1.5801805,1.5852290000000002,1.5801805,1.5832096000000002,3723624.839061107,5896563.0
2026-01-26 11:20:00,1.5832096000000002,1.5862387,1.5801805,1.5842193,10523147.46954541,16659950.0
2026-01-26 11:25:00,1.5852290000000002,1.5852290000000002,1.5811902000000002,1.5842193,3204146.776270179,5071711.0
2026-01-26 11:30:00,1.5842193,1.5862387,1.5821999,1.5821999,4567297.216995147,7234515.0
2026-01-26 13:05:00,1.5832096000000002,1.5872484000000002,1.5811902000000002,1.5842193,12478801.624244824,19758138.0
2026-01-26 13:10:00,1.5842193,1.5852290000000002,1.5811902000000002,1.5852290000000002,6529918.78775874,10338134.0
2026-01-26 13:15:00,1.5842193,1.5852290000000002,1.5821999,1.5821999,11932721.600475388,18891424.0
2026-01-26 13:20:00,1.5821999,1.5842193,1.5801805,1.5801805,3512033.277211053,5555653.0
2026-01-26 13:25:00,1.5801805,1.5842193,1.5801805,1.5811902000000002,3461523.2247202136,5476420.0
2026-01-26 13:30:00,1.5821999,1.5821999,1.5791708000000002,1.5811902000000002,4404478.5579875205,6961431.0
2026-01-26 13:35:00,1.5801805,1.5801805,1.5761417,1.5781611,9939724.670694266,15682853.0
2026-01-26 13:40:00,1.5781611,1.5801805,1.5761417,1.5781611,12928889.769238386,20407768.0
2026-01-26 13:45:00,1.5781611,1.5791708000000002,1.5761417,1.5761417,15654648.905615529,24682264.0
2026-01-26 13:50:00,1.5761417,1.5771514000000002,1.5731126000000002,1.5771514000000002,18221513.320788354,28701764.0
2026-01-26 13:55:00,1.5761417,1.5821999,1.5761417,1.5781611,4599121.521243934,7260963.0
2026-01-26 14:00:00,1.5781611,1.5801805,1.5761417,1.5781611,13939189.858373774,21987080.0
2026-01-26 14:05:00,1.5781611,1.5781611,1.5751320000000002,1.5751320000000002,9108150.935921561,14355048.0
2026-01-26 14:10:00,1.5751320000000002,1.5781611,1.5731126000000002,1.5761417,10784391.403387144,16983004.0
2026-01-26 14:15:00,1.5751320000000002,1.5771514000000002,1.5741223,1.5761417,9040011.884718232,14243789.0
2026-01-26 14:20:00,1.5751320000000002,1.5781611,1.5741223,1.5771514000000002,4641279.587996434,7314711.0
2026-01-26 14:25:00,1.5771514000000002,1.5811902000000002,1.5771514000000002,1.5811902000000002,5648944.240863622,8917096.0
2026-01-26 14:30:00,1.5801805,1.5832096000000002,1.5801805,1.5832096000000002,9421582.648311378,14907910.0
2026-01-26 14:35:00,1.5832096000000002,1.5842193,1.5801805,1.5801805,15454734.079429533,24466682.0
2026-01-26 14:40:00,1.5791708000000002,1.5832096000000002,1.5791708000000002,1.5801805,21459821.729226504,33936870.0
2026-01-26 14:45:00,1.5791708000000002,1.5832096000000002,1.5781611,1.5832096000000002,22168481.727245715,35060300.0
2026-01-26 14:50:00,1.5832096000000002,1.5842193,1.5791708000000002,1.5801805,25780140.635832425,40784990.0
2026-01-26 14:55:00,1.5801805,1.5811902000000002,1.5761417,1.5771514000000002,14659235.416460333,23153922.0
2026-01-26 15:00:00,1.5771514000000002,1.5801805,1.5771514000000002,1.5791708000000002,9935332.276913935,15681650.0
2026-01-27 09:35:00,1.5731126000000002,1.5832096000000002,1.5731126000000002,1.5801805,34621709.4186392,54658371.0
2026-01-27 09:40:00,1.5791708000000002,1.5801805,1.5609962000000002,1.5620059,40742636.42666138,64106236.0
2026-01-27 09:45:00,1.5609962000000002,1.5660447,1.5559477,1.5579671,40364666.732692875,62960120.0
2026-01-27 09:50:00,1.5569574000000002,1.5599865,1.5508992000000001,1.5569574000000002,37705060.90918095,58662660.0
2026-01-27 09:55:00,1.5569574000000002,1.5630156000000002,1.5569574000000002,1.5599865,28744444.88461919,44838764.0
2026-01-27 10:00:00,1.5589768000000002,1.5599865,1.5539283,1.5549380000000002,21155194.612261068,32931134.0
2026-01-27 10:05:00,1.5539283,1.5620059,1.5529186000000001,1.5620059,34686134.49539467,54005420.0
2026-01-27 10:10:00,1.5620059,1.5670544000000002,1.5589768000000002,1.5670544000000002,24429808.854115084,38170184.0
2026-01-27 10:15:00,1.5680641,1.5791708000000002,1.5670544000000002,1.5791708000000002,33081327.126869366,52077852.0
2026-01-27 10:20:00,1.5791708000000002,1.5821999,1.5761417,1.5761417,26371472.714667723,41660292.0
2026-01-27 10:25:00,1.5771514000000002,1.5821999,1.5731126000000002,1.5741223,16175088.640190154,25504044.0
2026-01-27 10:30:00,1.5741223,1.5771514000000002,1.5710932000000002,1.5741223,12985342.180845795,20431792.0
2026-01-27 10:35:00,1.5741223,1.5801805,1.5731126000000002,1.5791708000000002,10117131.82133307,15934191.0
2026-01-27 10:40:00,1.5801805,1.5842193,1.5791708000000002,1.5801805,13627866.69307715,21552536.0
2026-01-27 10:45:00,1.5801805,1.5852290000000002,1.5801805,1.5852290000000002,16598380.707140734,26269948.0
2026-01-27 10:50:00,1.5842193,1.5882581,1.5821999,1.5852290000000002,17025880.95473903,26992882.0
2026-01-27 10:55:00,1.5852290000000002,1.5872484000000002,1.5801805,1.5811902000000002,10555331.286520747,16720552.0
2026-01-27 11:00:00,1.5811902000000002,1.5852290000000002,1.5791708000000002,1.5852290000000002,8333633.752599781,13188534.0
2026-01-27 11:05:00,1.5832096000000002,1.5862387,1.5811902000000002,1.5811902000000002,9663293.057343764,15317624.0
2026-01-27 11:10:00,1.5811902000000002,1.5821999,1.5791708000000002,1.5821999,12169265.128255917,19236040.0
2026-01-27 11:15:00,1.5821999,1.5842193,1.5791708000000002,1.5791708000000002,9802133.306922847,15507145.0
2026-01-27 11:20:00,1.5801805,1.5852290000000002,1.5801805,1.5821999,5280748.737248687,8355345.0
2026-01-27 11:25:00,1.5811902000000002,1.5842193,1.5811902000000002,1.5821999,7951893.631771813,12585691.0
2026-01-27 11:30:00,1.5832096000000002,1.5862387,1.5821999,1.5852290000000002,14358777.854808358,22750860.0
2026-01-27 13:05:00,1.5852290000000002,1.5892678000000002,1.5842193,1.5842193,26075210.458552044,41365496.0
2026-01-27 13:10:00,1.5842193,1.5882581,1.5832096000000002,1.5852290000000002,17136424.680598196,27180366.0
2026-01-27 13:15:00,1.5852290000000002,1.5882581,1.5832096000000002,1.5872484000000002,16438746.162226403,26064520.0
2026-01-27 13:20:00,1.5882581,1.5892678000000002,1.5862387,1.5882581,7857086.263246508,12472517.0
2026-01-27 13:25:00,1.5872484000000002,1.5892678000000002,1.5842193,1.5882581,11478627.315044072,18211076.0
2026-01-27 13:30:00,1.5872484000000002,1.5912872000000002,1.5852290000000002,1.5902775,27891345.9443399,44329440.0
2026-01-27 13:35:00,1.5892678000000002,1.5933066000000002,1.5892678000000002,1.5922969,16365241.160740813,26048740.0
2026-01-27 13:40:00,1.5922969,1.5933066000000002,1.5892678000000002,1.5912872000000002,9802614.63801129,15601311.0
2026-01-27 13:45:00,1.5912872000000002,1.5963357,1.5902775,1.5953260000000002,18079322.57106071,28830172.0
2026-01-27 13:50:00,1.5943163,1.6044133,1.5943163,1.6013842,25966263.246508863,41545188.0
2026-01-27 13:55:00,1.6013842,1.6034036,1.5983551,1.5983551,22163082.103595126,35491652.0
2026-01-27 14:00:00,1.5993648,1.6044133,1.5993648,1.6023939,13006419.728632266,20834650.0
2026-01-27 14:05:00,1.6023939,1.6064327,1.6023939,1.6064327,25088723.38318312,40270200.0
2026-01-27 14:10:00,1.6064327,1.6084521,1.6013842,1.6034036,13108559.968307417,21054096.0
2026-01-27 14:15:00,1.6044133,1.6064327,1.6013842,1.6044133,11486790.135683866,18425756.0
2026-01-27 14:20:00,1.6044133,1.6044133,1.6023939,1.6023939,15328074.67564623,24572928.0
2026-01-27 14:25:00,1.6034036,1.6044133,1.6003745,1.6023939,8651313.261364762,13866289.0
2026-01-27 14:30:00,1.6023939,1.6044133,1.6013842,1.6044133,6932669.109636526,11111176.0
2026-01-27 14:35:00,1.6034036,1.6064327,1.6023939,1.6023939,17756551.450926017,28484476.0
2026-01-27 14:40:00,1.6023939,1.6044133,1.5983551,1.6003745,22580719.025453106,36142316.0
2026-01-27 14:45:00,1.6003745,1.6044133,1.6003745,1.6034036,14500980.489254232,23234756.0
2026-01-27 14:50:00,1.6034036,1.6044133,1.6013842,1.6023939,7736534.614241853,12397188.0
2026-01-27 14:55:00,1.6003745,1.6023939,1.5983551,1.6003745,15881000.297117956,25413228.0
2026-01-27 15:00:00,1.5993648,1.6023939,1.5993648,1.6023939,10396222.640388234,16647836.0
2026-01-28 09:35:00,1.6074424,1.6145103,1.6064327,1.6094618,46351012.18183619,74671697.0
2026-01-28 09:40:00,1.6084521,1.6114812,1.6023939,1.6104715,55474447.85579875,89160296.0
2026-01-28 09:45:00,1.6104715,1.6135006,1.6064327,1.6094618,29282353.17421016,47143096.0
2026-01-28 09:50:00,1.6104715,1.61552,1.6094618,1.6135006,27282814.69743488,43980344.0
2026-01-28 09:55:00,1.6145103,1.6145103,1.6064327,1.6094618,37725512.5284738,60767320.0
2026-01-28 10:00:00,1.6094618,1.6124909,1.6074424,1.6084521,20755646.231553927,33419596.0
2026-01-28 10:05:00,1.6084521,1.6094618,1.6023939,1.6023939,18818791.720312964,30216664.0
2026-01-28 10:10:00,1.6023939,1.605423,1.5963357,1.5973454000000002,25495735.366940673,40811204.0
2026-01-28 10:15:00,1.5973454000000002,1.6003745,1.5943163,1.5943163,37133322.76913935,59314652.0
2026-01-28 10:20:00,1.5943163,1.5973454000000002,1.5933066000000002,1.5953260000000002,22966479.15222343,36646280.0
2026-01-28 10:25:00,1.5953260000000002,1.5993648,1.5943163,1.5953260000000002,28120721.006239478,44890820.0
2026-01-28 10:30:00,1.5953260000000002,1.5963357,1.5912872000000002,1.5922969,29242202.634445872,46602120.0
2026-01-28 10:35:00,1.5922969,1.5922969,1.5882581,1.5892678000000002,25336927.800336733,40298468.0
2026-01-28 10:40:00,1.5892678000000002,1.5912872000000002,1.5862387,1.5872484000000002,15422600.772506684,24497718.0
2026-01-28 10:45:00,1.5872484000000002,1.5892678000000002,1.5852290000000002,1.5882581,17058144.003169257,27068044.0
2026-01-28 10:50:00,1.5872484000000002,1.5892678000000002,1.5862387,1.5882581,27290601.16866396,43311800.0
2026-01-28 10:55:00,1.5882581,1.5882581,1.5852290000000002,1.5862387,26475032.187778547,42001108.0
2026-01-28 11:00:00,1.5842193,1.5862387,1.5821999,1.5832096000000002,16585400.614043774,26280794.0
2026-01-28 11:05:00,1.5832096000000002,1.5872484000000002,1.5811902000000002,1.5872484000000002,8873321.778746162,14048691.0
2026-01-28 11:10:00,1.5872484000000002,1.5892678000000002,1.5852290000000002,1.5882581,6670515.994849955,10584404.0
2026-01-28 11:15:00,1.5892678000000002,1.5912872000000002,1.5872484000000002,1.5872484000000002,3899871.2488858076,6198554.0
2026-01-28 11:20:00,1.5882581,1.5892678000000002,1.5862387,1.5882581,3309863.3257403187,5254723.0
2026-01-28 11:25:00,1.5882581,1.5892678000000002,1.5862387,1.5882581,7527716.153312865,11954265.0
2026-01-28 11:30:00,1.5882581,1.5912872000000002,1.5882581,1.5902775,3970387.243735763,6310822.0
2026-01-28 13:05:00,1.5902775,1.5912872000000002,1.5832096000000002,1.5872484000000002,32234548.875903733,51134976.0
2026-01-28 13:10:00,1.5872484000000002,1.5933066000000002,1.5872484000000002,1.5922969,24824197.28632267,39489680.0
2026-01-28 13:15:00,1.5922969,1.5963357,1.5882581,1.5882581,11367039.714766761,18102904.0
2026-01-28 13:20:00,1.5882581,1.5892678000000002,1.5852290000000002,1.5862387,9290977.518074675,14747376.0
2026-01-28 13:25:00,1.5862387,1.5872484000000002,1.5821999,1.5842193,9546132.5146083,15132310.0
2026-01-28 13:30:00,1.5842193,1.5862387,1.5832096000000002,1.5852290000000002,12626035.456076061,20004012.0
2026-01-28 13:35:00,1.5842193,1.5862387,1.5842193,1.5852290000000002,24181079.528572842,38341976.0
2026-01-28 13:40:00,1.5862387,1.5902775,1.5862387,1.5892678000000002,25672774.091314252,40771770.0
2026-01-28 13:45:00,1.5882581,1.5912872000000002,1.5872484000000002,1.5892678000000002,14504163.612954343,23061966.0
2026-01-28 13:50:00,1.5892678000000002,1.5912872000000002,1.5882581,1.5882581,8245723.482222442,13117890.0
2026-01-28 13:55:00,1.5882581,1.5912872000000002,1.5882581,1.5892678000000002,11411116.173120728,18134906.0
2026-01-28 14:00:00,1.5892678000000002,1.5902775,1.5872484000000002,1.5882581,10685300.58433198,16967918.0
2026-01-28 14:05:00,1.5872484000000002,1.5902775,1.5862387,1.5892678000000002,11468654.055660097,18216366.0
2026-01-28 14:10:00,1.5892678000000002,1.5912872000000002,1.5872484000000002,1.5902775,8696130.533821927,13823278.0
2026-01-28 14:15:00,1.5892678000000002,1.6013842,1.5892678000000002,1.6003745,20250383.282163016,32314452.0
2026-01-28 14:20:00,1.6013842,1.6023939,1.5983551,1.6013842,10895986.926809942,17449790.0
2026-01-28 14:25:00,1.6013842,1.6044133,1.6003745,1.6034036,20575273.843715955,32980800.0
2026-01-28 14:30:00,1.6023939,1.6044133,1.6013842,1.6044133,9621525.205506586,15421872.0
2026-01-28 14:35:00,1.6034036,1.6064327,1.6023939,1.6064327,13404842.032286817,21510890.0
2026-01-28 14:40:00,1.605423,1.6084521,1.6003745,1.6003745,16902026.344458748,27116222.0
2026-01-28 14:45:00,1.6003745,1.6013842,1.5973454000000002,1.5983551,10366715.85619491,16582002.0
2026-01-28 14:50:00,1.5983551,1.6003745,1.5973454000000002,1.6003745,10276517.77755769,16430458.0
2026-01-28 14:55:00,1.5993648,1.6003745,1.5973454000000002,1.5983551,16025523.42279885,25619158.0
2026-01-28 15:00:00,1.5993648,1.5993648,1.5973454000000002,1.5983551,9150427.849856393,14629635.0
2026-01-29 09:35:00,1.5912872000000002,1.5983551,1.5801805,1.5832096000000002,54686550.46053283,86848386.0
2026-01-29 09:40:00,1.5832096000000002,1.5912872000000002,1.5761417,1.5912872000000002,53931464.791522235,85337600.0
2026-01-29 09:45:00,1.5912872000000002,1.6044133,1.5892678000000002,1.6034036,56551977.81519263,90306310.0
2026-01-29 09:50:00,1.6044133,1.6064327,1.5963357,1.5993648,55346815.885906704,88629010.0
2026-01-29 09:55:00,1.6003745,1.6023939,1.5973454000000002,1.6003745,37500475.38872933,59974796.0
2026-01-29 10:00:00,1.6003745,1.6013842,1.5892678000000002,1.5922969,28556422.699811824,45505260.0
2026-01-29 10:05:00,1.5922969,1.5922969,1.5852290000000002,1.5852290000000002,23474398.336139448,37316910.0
2026-01-29 10:10:00,1.5862387,1.5902775,1.5821999,1.5902775,28484599.385956224,45190004.0
2026-01-29 10:15:00,1.5902775,1.5922969,1.5882581,1.5902775,19148329.206695057,30447904.0
2026-01-29 10:20:00,1.5902775,1.5922969,1.5872484000000002,1.5902775,12827118.94622165,20385268.0
2026-01-29 10:25:00,1.5902775,1.5912872000000002,1.5852290000000002,1.5882581,17651381.5984946,28044282.0
2026-01-29 10:30:00,1.5892678000000002,1.5912872000000002,1.5882581,1.5882581,11133598.098445082,17697954.0
2026-01-29 10:35:00,1.5882581,1.5892678000000002,1.5852290000000002,1.5882581,12054098.24700406,19127580.0
2026-01-29 10:40:00,1.5862387,1.5862387,1.5832096000000002,1.5852290000000002,9465950.282262057,14998557.0
2026-01-29 10:45:00,1.5862387,1.5882581,1.5852290000000002,1.5882581,7330890.363474299,11637424.0
2026-01-29 10:50:00,1.5882581,1.5892678000000002,1.5852290000000002,1.5862387,18184114.093295038,28876288.0
2026-01-29 10:55:00,1.5852290000000002,1.5862387,1.5821999,1.5842193,9671684.658809546,15323535.0
2026-01-29 11:00:00,1.5842193,1.5862387,1.5821999,1.5842193,6448758.046944637,10214815.0
2026-01-29 11:05:00,1.5842193,1.5862387,1.5811902000000002,1.5821999,7107199.168069723,11248706.0
2026-01-29 11:10:00,1.5821999,1.5852290000000002,1.5791708000000002,1.5801805,16496781.22214519,26083140.0
2026-01-29 11:15:00,1.5801805,1.5811902000000002,1.5781611,1.5791708000000002,10007283.35149054,15803140.0
2026-01-29 11:20:00,1.5791708000000002,1.5811902000000002,1.5771514000000002,1.5791708000000002,9967683.470337724,15737463.0
2026-01-29 11:25:00,1.5801805,1.5811902000000002,1.5761417,1.5771514000000002,12202961.275626423,19260044.0
2026-01-29 11:30:00,1.5771514000000002,1.5781611,1.5751320000000002,1.5771514000000002,13300089.135386748,20968176.0
2026-01-29 13:05:00,1.5801805,1.5801805,1.5710932000000002,1.5731126000000002,34264306.22957314,53980120.0
2026-01-29 13:10:00,1.5741223,1.5751320000000002,1.5731126000000002,1.5731126000000002,12339956.422699811,19416564.0
2026-01-29 13:15:00,1.5731126000000002,1.5751320000000002,1.5700835,1.5731126000000002,11433792.215509556,17972244.0
2026-01-29 13:20:00,1.5731126000000002,1.5751320000000002,1.5700835,1.5710932000000002,7437654.748935327,11697159.0
2026-01-29 13:25:00,1.5721029,1.5721029,1.5690738000000002,1.5690738000000002,14031593.542636426,22029792.0
2026-01-29 13:30:00,1.5690738000000002,1.5690738000000002,1.5630156000000002,1.5640253,25547192.23531742,40006936.0
2026-01-29 13:35:00,1.5640253,1.5650350000000002,1.5609962000000002,1.5630156000000002,19902941.4677627,31109198.0
2026-01-29 13:40:00,1.5630156000000002,1.5680641,1.5620059,1.5680641,17474010.102010496,27361880.0
2026-01-29 13:45:00,1.5670544000000002,1.5710932000000002,1.5660447,1.5660447,30378623.353471328,47638804.0
2026-01-29 13:50:00,1.5670544000000002,1.5670544000000002,1.5630156000000002,1.5630156000000002,17319797.959790036,27103500.0
2026-01-29 13:55:00,1.5630156000000002,1.5630156000000002,1.5589768000000002,1.5609962000000002,29079330.494206198,45393710.0
2026-01-29 14:00:00,1.5609962000000002,1.5630156000000002,1.5579671,1.5609962000000002,14095028.226205803,21987046.0
2026-01-29 14:05:00,1.5609962000000002,1.5640253,1.5589768000000002,1.5609962000000002,12031890.660592254,18783104.0
2026-01-29 14:10:00,1.5620059,1.5630156000000002,1.5589768000000002,1.5599865,13213378.231157769,20619404.0
2026-01-29 14:15:00,1.5599865,1.5599865,1.5549380000000002,1.5549380000000002,23944042.78498564,37295310.0
2026-01-29 14:20:00,1.5559477,1.5620059,1.5549380000000002,1.5609962000000002,17455481.826285034,27193490.0
2026-01-29 14:25:00,1.5609962000000002,1.5630156000000002,1.5589768000000002,1.5609962000000002,31788551.05476874,49604244.0
2026-01-29 14:30:00,1.5620059,1.5650350000000002,1.5579671,1.5589768000000002,22156882.24225017,34627016.0
2026-01-29 14:35:00,1.5589768000000002,1.5599865,1.5569574000000002,1.5589768000000002,13228072.694859859,20615156.0
2026-01-29 14:40:00,1.5589768000000002,1.5599865,1.5559477,1.5569574000000002,16744664.751906507,26077256.0
2026-01-29 14:45:00,1.5569574000000002,1.5579671,1.5539283,1.5549380000000002,28291571.753986333,44016064.0
2026-01-29 14:50:00,1.5549380000000002,1.5559477,1.5508992000000001,1.5529186000000001,29447330.890363473,45745704.0
2026-01-29 14:55:00,1.5529186000000001,1.5549380000000002,1.5529186000000001,1.5539283,23967332.871149845,37238800.0
2026-01-29 15:00:00,1.5539283,1.5569574000000002,1.5529186000000001,1.5549380000000002,21357882.539368127,33203306.0
2026-01-30 09:35:00,1.5488798000000001,1.5569574000000002,1.5438313,1.5508992000000001,61893025.651183516,95963125.0
2026-01-30 09:40:00,1.5508992000000001,1.5529186000000001,1.5397925,1.5448410000000001,66840318.90660592,103380660.0
2026-01-30 09:45:00,1.5438313,1.5478701,1.5377731,1.5468604000000001,44574653.85758146,68742490.0
2026-01-30 09:50:00,1.5468604000000001,1.5529186000000001,1.5438313,1.5488798000000001,53037020.89729623,82127810.0
2026-01-30 09:55:00,1.5478701,1.5508992000000001,1.5408022000000001,1.5408022000000001,36734039.81380608,56778180.0
2026-01-30 10:00:00,1.5397925,1.5438313,1.5387828000000001,1.5387828000000001,25200186.193918984,38833344.0
2026-01-30 10:05:00,1.5387828000000001,1.5387828000000001,1.5337342999999999,1.5337342999999999,38849325.54224027,59678350.0
2026-01-30 10:10:00,1.5337342999999999,1.5438313,1.5317148999999999,1.5418119,22935311.478657026,35239950.0
2026-01-30 10:15:00,1.5418119,1.5428216000000001,1.534744,1.534744,19309634.54491433,29686092.0
2026-01-30 10:20:00,1.5337342999999999,1.5337342999999999,1.524647,1.524647,33215662.077844903,50801624.0
2026-01-30 10:25:00,1.524647,1.5266664,1.5216178999999999,1.5236372999999999,32458690.700207982,49456696.0
2026-01-30 10:30:00,1.5226276,1.5256566999999999,1.5175790999999998,1.5175790999999998,34563900.16836684,52611070.0
2026-01-30 10:35:00,1.5175790999999998,1.5195984999999999,1.5074821000000003,1.5095015000000003,44489903.931860946,67385430.0
2026-01-30 10:40:00,1.5084918,1.524647,1.5084918,1.524647,38332934.5350104,58215416.0
2026-01-30 10:45:00,1.524647,1.5286858,1.524647,1.5276760999999999,28114235.911656927,42895852.0
2026-01-30 10:50:00,1.5266664,1.5276760999999999,1.5226276,1.5276760999999999,16178567.891452907,24686270.0
2026-01-30 10:55:00,1.5286858,1.5317148999999999,1.5276760999999999,1.5286858,14985099.534515202,22918588.0
2026-01-30 11:00:00,1.5286858,1.5327246,1.5276760999999999,1.5327246,16858625.3342577,25799912.0
2026-01-30 11:05:00,1.5317148999999999,1.5397925,1.5307052,1.5327246,15720046.548479745,24138044.0
2026-01-30 11:10:00,1.5337342999999999,1.5397925,1.5327246,1.5387828000000001,15383975.438248985,23638288.0
2026-01-30 11:15:00,1.5387828000000001,1.5438313,1.5367634000000001,1.5428216000000001,13488897.692383876,20777012.0
2026-01-30 11:20:00,1.5428216000000001,1.5438313,1.534744,1.534744,7259081.905516489,11184162.0
2026-01-30 11:25:00,1.5337342999999999,1.5418119,1.5327246,1.5408022000000001,8118865.999801921,12485193.0
2026-01-30 11:30:00,1.5408022000000001,1.5448410000000001,1.5408022000000001,1.5428216000000001,6739007.626027533,10393321.0
2026-01-30 13:05:00,1.5428216000000001,1.5508992000000001,1.5418119,1.5508992000000001,23277662.672080815,36021508.0
2026-01-30 13:10:00,1.5519089,1.5589768000000002,1.5498895,1.5579671,21241507.378429234,32989712.0
2026-01-30 13:15:00,1.5579671,1.5620059,1.5549380000000002,1.5609962000000002,21006829.751411308,32733272.0
2026-01-30 13:20:00,1.5609962000000002,1.5620059,1.5559477,1.5569574000000002,16801434.089333463,26191242.0
2026-01-30 13:25:00,1.5559477,1.5579671,1.5549380000000002,1.5569574000000002,15348123.20491235,23890970.0
2026-01-30 13:30:00,1.5559477,1.5630156000000002,1.5559477,1.5609962000000002,23923474.29929682,37322580.0
2026-01-30 13:35:00,1.5609962000000002,1.5620059,1.5549380000000002,1.5559477,13691690.601168664,21338392.0
2026-01-30 13:40:00,1.5559477,1.5660447,1.5549380000000002,1.5650350000000002,24560919.084876694,38359496.0
2026-01-30 13:45:00,1.5650350000000002,1.5660447,1.5630156000000002,1.5650350000000002,6851559.869268099,10719476.0
2026-01-30 13:50:00,1.5650350000000002,1.5650350000000002,1.5609962000000002,1.5640253,5118626.3246508865,7997145.0
2026-01-30 13:55:00,1.5620059,1.5640253,1.5599865,1.5609962000000002,4890040.606120629,7635522.0
2026-01-30 14:00:00,1.5620059,1.5630156000000002,1.5579671,1.5579671,5296676.2404674655,8267051.0
2026-01-30 14:05:00,1.5579671,1.5609962000000002,1.5549380000000002,1.5589768000000002,7229305.734376547,11262702.0
2026-01-30 14:10:00,1.5589768000000002,1.5609962000000002,1.5569574000000002,1.5589768000000002,3320772.506685154,5175341.0
2026-01-30 14:15:00,1.5589768000000002,1.5609962000000002,1.5579671,1.5599865,4221675.7452708725,6582528.0
2026-01-30 14:20:00,1.5609962000000002,1.5609962000000002,1.5579671,1.5589768000000002,3785579.8752104584,5903515.0
2026-01-30 14:25:00,1.5589768000000002,1.5599865,1.5569574000000002,1.5579671,5021849.064078439,7825411.0
2026-01-30 14:30:00,1.5579671,1.5579671,1.5539283,1.5549380000000002,6353953.649598891,9884317.0
2026-01-30 14:35:00,1.5549380000000002,1.5579671,1.5549380000000002,1.5569574000000002,5714172.526493018,8894032.0
2026-01-30 14:40:00,1.5569574000000002,1.5589768000000002,1.5569574000000002,1.5569574000000002,6955456.076062197,10840310.0
2026-01-30 14:45:00,1.5569574000000002,1.5589768000000002,1.5559477,1.5559477,6492176.8842230365,10106822.0
2026-01-30 14:50:00,1.5549380000000002,1.5569574000000002,1.5539283,1.5549380000000002,8295043.082103595,12902173.0
2026-01-30 14:55:00,1.5559477,1.5559477,1.5529186000000001,1.5549380000000002,5338555.016341487,8298970.0
2026-01-30 15:00:00,1.5549380000000002,1.5549380000000002,1.5519089,1.5529186000000001,5417696.345449143,8414042.0
2026-02-02 09:35:00,1.5387828000000001,1.5529186000000001,1.5357536999999999,1.5468604000000001,36249436.46627711,56064552.0
2026-02-02 09:40:00,1.5468604000000001,1.5478701,1.534744,1.5357536999999999,67836080.02376944,104518960.0
2026-02-02 09:45:00,1.5357536999999999,1.5367634000000001,1.5296954999999999,1.5317148999999999,63248969.00069327,97048580.0
2026-02-02 09:50:00,1.5327246,1.5327246,1.5256566999999999,1.5276760999999999,43100921.06566307,65942280.0
2026-02-02 09:55:00,1.5276760999999999,1.5317148999999999,1.5256566999999999,1.5307052,28767463.60305041,43957384.0
2026-02-02 10:00:00,1.5307052,1.5387828000000001,1.5307052,1.5377731,38011544.02297712,58357668.0
2026-02-02 10:05:00,1.5357536999999999,1.5387828000000001,1.5317148999999999,1.5357536999999999,17000655.640289195,26100606.0
2026-02-02 10:10:00,1.5367634000000001,1.5408022000000001,1.5357536999999999,1.5367634000000001,21576852.53045459,33183368.0
2026-02-02 10:15:00,1.5357536999999999,1.5357536999999999,1.5276760999999999,1.5276760999999999,18143507.972665146,27778500.0
2026-02-02 10:20:00,1.5286858,1.5286858,1.524647,1.5276760999999999,13692879.072991977,20908368.0
2026-02-02 10:25:00,1.5276760999999999,1.5296954999999999,1.5266664,1.5286858,6498266.811924334,9929727.0
2026-02-02 10:30:00,1.5286858,1.5296954999999999,1.5236372999999999,1.524647,13845003.46637615,21126028.0
2026-02-02 10:35:00,1.524647,1.5266664,1.5216178999999999,1.5226276,13113499.059126472,19985672.0
2026-02-02 10:40:00,1.5226276,1.5236372999999999,1.5206082,1.5226276,8095547.192235317,12324342.0
2026-02-02 10:45:00,1.5206082,1.5236372999999999,1.5195984999999999,1.5216178999999999,11072377.934039813,16851532.0
2026-02-02 10:50:00,1.5216178999999999,1.5266664,1.5206082,1.5256566999999999,10486342.477963751,15979342.0
2026-02-02 10:55:00,1.5256566999999999,1.5276760999999999,1.5226276,1.5226276,10575814.598395562,16131526.0
2026-02-02 11:00:00,1.5226276,1.5236372999999999,1.5175790999999998,1.5195984999999999,10030107.952857284,15246663.0
2026-02-02 11:05:00,1.5195984999999999,1.5206082,1.5175790999999998,1.5185888,9706614.836089928,14743857.0
2026-02-02 11:10:00,1.5185888,1.5195984999999999,1.5155596999999998,1.5195984999999999,16273843.715955233,24695490.0
2026-02-02 11:15:00,1.5195984999999999,1.5256566999999999,1.5195984999999999,1.524647,10628992.77012974,16178100.0
2026-02-02 11:20:00,1.5256566999999999,1.5307052,1.5256566999999999,1.5296954999999999,16451826.285035158,25138220.0
2026-02-02 11:25:00,1.5296954999999999,1.5296954999999999,1.5236372999999999,1.524647,10409760.324848965,15906610.0
2026-02-02 11:30:00,1.524647,1.524647,1.5195984999999999,1.5206082,3808953.1544022975,5799886.0
2026-02-02 13:05:00,1.5206082,1.5206082,1.5155596999999998,1.5185888,10925627.414083391,16584871.0
2026-02-02 13:10:00,1.5185888,1.5206082,1.5165694,1.5195984999999999,9415469.9415668,14302063.0
2026-02-02 13:15:00,1.5185888,1.5185888,1.5155596999999998,1.5165694,11471001.287511142,17401040.0
2026-02-02 13:20:00,1.5155596999999998,1.5165694,1.5135403000000003,1.5135403000000003,17935456.076062195,27171700.0
2026-02-02 13:25:00,1.5135403000000003,1.5175790999999998,1.5125306,1.5135403000000003,17061348.91551946,25851980.0
2026-02-02 13:30:00,1.5135403000000003,1.51455,1.5084918,1.5105112,21620877.48836288,32678492.0
2026-02-02 13:35:00,1.5095015000000003,1.5115209000000003,1.5074821000000003,1.5074821000000003,22199306.724769734,33515136.0
2026-02-02 13:40:00,1.5074821000000003,1.5095015000000003,1.5054627000000003,1.5064724,20821531.1478657,31392842.0
2026-02-02 13:45:00,1.5064724,1.5095015000000003,1.504453,1.5054627000000003,17130771.51629197,25810420.0
2026-02-02 13:50:00,1.504453,1.5054627000000003,1.5004142,1.5004142,26658314.350797266,40068468.0
2026-02-02 13:55:00,1.5014239000000003,1.5054627000000003,1.4983948,1.5024336,27610624.938100424,41476004.0
2026-02-02 14:00:00,1.5024336,1.5135403000000003,1.5024336,1.5125306,20212043.18114291,30487104.0
2026-02-02 14:05:00,1.5125306,1.5165694,1.5115209000000003,1.5135403000000003,13846238.486679211,20955352.0
2026-02-02 14:10:00,1.51455,1.5165694,1.5115209000000003,1.5125306,12511535.109438447,18948820.0
2026-02-02 14:15:00,1.5125306,1.5155596999999998,1.5084918,1.5105112,12031692.581955036,18193416.0
2026-02-02 14:20:00,1.5105112,1.5105112,1.5054627000000003,1.5064724,7607989.501832227,11470318.0
2026-02-02 14:25:00,1.5054627000000003,1.5074821000000003,1.504453,1.504453,7213403.981380608,10863691.0
2026-02-02 14:30:00,1.5054627000000003,1.5074821000000003,1.5014239000000003,1.5034433000000003,14862223.432702782,22354808.0
2026-02-02 14:35:00,1.5034433000000003,1.504453,1.5014239000000003,1.5024336,7408788.749133405,11135630.0
2026-02-02 14:40:00,1.5034433000000003,1.5034433000000003,1.4994045000000003,1.5004142,12751197.385361988,19139392.0
2026-02-02 14:45:00,1.5004142,1.5014239000000003,1.4963754,1.4973851000000002,15832903.83282163,23740716.0
2026-02-02 14:50:00,1.4973851000000002,1.4983948,1.4923366,1.4933463000000002,24302303.654550854,36340224.0
2026-02-02 14:55:00,1.494356,1.494356,1.4913269000000002,1.494356,24863500.049519658,37118372.0
2026-02-02 15:00:00,1.4933463000000002,1.4953657000000002,1.4933463000000002,1.4953657000000002,16274256.709913835,24323098.0
2026-02-03 09:35:00,1.5135403000000003,1.5206082,1.5084918,1.5135403000000003,55770951.76785184,84545533.0
2026-02-03 09:40:00,1.5125306,1.5175790999999998,1.5095015000000003,1.5175790999999998,28139150.24264633,42595444.0
2026-02-03 09:45:00,1.5175790999999998,1.5216178999999999,1.5135403000000003,1.5155596999999998,50001065.663068235,75915010.0
2026-02-03 09:50:00,1.5155596999999998,1.5175790999999998,1.5105112,1.5115209000000003,64602119.44141824,97819840.0
2026-02-03 09:55:00,1.5105112,1.5125306,1.5074821000000003,1.5115209000000003,27590737.84292364,41673984.0
2026-02-03 10:00:00,1.5115209000000003,1.5155596999999998,1.5095015000000003,1.5155596999999998,24048755.075765077,36377344.0
2026-02-03 10:05:00,1.51455,1.5155596999999998,1.5105112,1.5105112,18722935.525403585,28351588.0
2026-02-03 10:10:00,1.5095015000000003,1.5105112,1.5014239000000003,1.504453,24066637.615133207,36246068.0
2026-02-03 10:15:00,1.5034433000000003,1.5034433000000003,1.4923366,1.4933463000000002,26243339.60582351,39266690.0
2026-02-03 10:20:00,1.4933463000000002,1.4953657000000002,1.4913269000000002,1.4933463000000002,30590214.91532138,45677620.0
2026-02-03 10:25:00,1.494356,1.4994045000000003,1.4933463000000002,1.494356,21355784.88659998,31965372.0
2026-02-03 10:30:00,1.494356,1.4953657000000002,1.4862784,1.4882978,25335073.784292363,37729692.0
2026-02-03 10:35:00,1.4882978,1.4882978,1.4771911000000002,1.4792105000000002,28054004.15965138,41582180.0
2026-02-03 10:40:00,1.4792105000000002,1.4872881000000002,1.4792105000000002,1.4822396,25733419.827671584,38169120.0
2026-02-03 10:45:00,1.4822396,1.4822396,1.4761814,1.4761814,26243603.050411012,38777468.0
2026-02-03 10:50:00,1.4761814,1.4782008,1.4711329000000002,1.4782008,39810244.62711696,58714310.0
2026-02-03 10:55:00,1.4771911000000002,1.4872881000000002,1.474162,1.4872881000000002,23968204.417153608,35458660.0
2026-02-03 11:00:00,1.4862784,1.4872881000000002,1.4812299000000002,1.4832493000000002,54601079.52857284,81028800.0
2026-02-03 11:05:00,1.4822396,1.4862784,1.4812299000000002,1.4862784,14155590.769535504,21012552.0
2026-02-03 11:10:00,1.4862784,1.4882978,1.484259,1.484259,12826620.778449044,19061296.0
2026-02-03 11:15:00,1.484259,1.4852687000000002,1.4822396,1.4822396,6712062.989006636,9959105.0
2026-02-03 11:20:00,1.4812299000000002,1.4872881000000002,1.4812299000000002,1.4872881000000002,6878752.10458552,10203917.0
2026-02-03 11:25:00,1.4872881000000002,1.4923366,1.4852687000000002,1.4882978,13511504.407249678,20127772.0
2026-02-03 11:30:00,1.4882978,1.4903172,1.4862784,1.4903172,5458842.230365455,8121771.0
2026-02-03 13:05:00,1.4933463000000002,1.5004142,1.4903172,1.4953657000000002,34609705.853223726,51827224.0
2026-02-03 13:10:00,1.4963754,1.4983948,1.4953657000000002,1.4973851000000002,25237694.36466277,37779704.0
2026-02-03 13:15:00,1.4973851000000002,1.4973851000000002,1.4913269000000002,1.494356,9843319.79795979,14707282.0
2026-02-03 13:20:00,1.494356,1.4983948,1.494356,1.4963754,12517084.282460136,18731918.0
2026-02-03 13:25:00,1.4963754,1.4963754,1.4933463000000002,1.494356,11108051.896602951,16604956.0
2026-02-03 13:30:00,1.4953657000000002,1.4973851000000002,1.494356,1.4973851000000002,2581699.5147073385,3860561.0
2026-02-03 13:35:00,1.4963754,1.4983948,1.4963754,1.4983948,6295198.573833812,9428172.0
2026-02-03 13:40:00,1.4983948,1.5054627000000003,1.4983948,1.5054627000000003,26599484.99554323,39957016.0
2026-02-03 13:45:00,1.5054627000000003,1.5074821000000003,1.5014239000000003,1.5054627000000003,24225710.607111022,36454970.0
2026-02-03 13:50:00,1.5064724,1.5074821000000003,1.504453,1.5064724,14483113.796177082,21811794.0
2026-02-03 13:55:00,1.5074821000000003,1.5084918,1.504453,1.5074821000000003,9004060.612062989,13564413.0
2026-02-03 14:00:00,1.5084918,1.5095015000000003,1.5064724,1.5064724,7415668.020204021,11182733.0
2026-02-03 14:05:00,1.5074821000000003,1.5084918,1.504453,1.5074821000000003,8623803.109834604,12990166.0
2026-02-03 14:10:00,1.5074821000000003,1.5125306,1.5064724,1.5125306,16280211.944141824,24584510.0
2026-02-03 14:15:00,1.5115209000000003,1.51455,1.5115209000000003,1.5135403000000003,14345519.461226106,21717998.0
2026-02-03 14:20:00,1.51455,1.5155596999999998,1.5135403000000003,1.51455,8699118.550064376,13177466.0
2026-02-03 14:25:00,1.51455,1.5155596999999998,1.5115209000000003,1.5125306,7972475.9829652365,12070236.0
2026-02-03 14:30:00,1.5115209000000003,1.5125306,1.5115209000000003,1.5115209000000003,4637430.920075269,7012899.0
2026-02-03 14:35:00,1.5125306,1.51455,1.5115209000000003,1.5135403000000003,3631276.616816876,5492781.0
2026-02-03 14:40:00,1.51455,1.51455,1.5125306,1.5135403000000003,7456549.470139645,11289880.0
2026-02-03 14:45:00,1.5125306,1.5135403000000003,1.5105112,1.5115209000000003,9413912.053085074,14237852.0
2026-02-03 14:50:00,1.5115209000000003,1.5125306,1.5105112,1.5115209000000003,4763890.26443498,7200727.0
2026-02-03 14:55:00,1.5115209000000003,1.5135403000000003,1.5115209000000003,1.5135403000000003,6220780.429830642,9408135.0
2026-02-03 15:00:00,1.5125306,1.5135403000000003,1.5125306,1.5135403000000003,9227830.048529265,13960328.0
2026-02-04 09:35:00,1.4953657000000002,1.4963754,1.484259,1.4893075000000002,49601257.799346335,73826143.0
2026-02-04 09:40:00,1.4893075000000002,1.4933463000000002,1.484259,1.4893075000000002,45464494.404278494,67683890.0
2026-02-04 09:45:00,1.4882978,1.4903172,1.4832493000000002,1.484259,36422711.69654353,54169670.0
2026-02-04 09:50:00,1.484259,1.484259,1.4761814,1.4802202,23441566.8020204,34701812.0
2026-02-04 09:55:00,1.4802202,1.4913269000000002,1.4802202,1.4893075000000002,20835386.74853917,30992480.0
2026-02-04 10:00:00,1.4882978,1.4882978,1.484259,1.4872881000000002,25965534.317123897,38593980.0
2026-02-04 10:05:00,1.4872881000000002,1.4913269000000002,1.4862784,1.4903172,15033420.818064772,22380276.0
2026-02-04 10:10:00,1.4893075000000002,1.4923366,1.4862784,1.4882978,7640388.234128949,11383523.0
2026-02-04 10:15:00,1.4882978,1.4882978,1.4832493000000002,1.4872881000000002,20803704.070515994,30906814.0
2026-02-04 10:20:00,1.4872881000000002,1.4903172,1.4872881000000002,1.4903172,13496822.818659008,20088568.0
2026-02-04 10:25:00,1.4893075000000002,1.4913269000000002,1.4882978,1.4903172,9040232.742398731,13462399.0
2026-02-04 10:30:00,1.4903172,1.4913269000000002,1.4882978,1.4882978,10699811.825294642,15945460.0
2026-02-04 10:35:00,1.4882978,1.4893075000000002,1.484259,1.4862784,11678247.994453797,17356638.0
2026-02-04 10:40:00,1.4852687000000002,1.4872881000000002,1.484259,1.4862784,5810933.940774487,8635334.0
2026-02-04 10:45:00,1.4852687000000002,1.4893075000000002,1.4832493000000002,1.4862784,10609091.80944835,15766672.0
2026-02-04 10:50:00,1.4862784,1.4862784,1.4832493000000002,1.4832493000000002,8111716.351391502,12041929.0
2026-02-04 10:55:00,1.4832493000000002,1.484259,1.4812299000000002,1.484259,43865108.448053874,65083276.0
2026-02-04 11:00:00,1.484259,1.484259,1.4812299000000002,1.4812299000000002,13538080.618005348,20065016.0
2026-02-04 11:05:00,1.4812299000000002,1.4822396,1.4792105000000002,1.4792105000000002,17575903.73378231,26014898.0
2026-02-04 11:10:00,1.4792105000000002,1.4802202,1.4782008,1.4782008,28052482.91571754,41495064.0
2026-02-04 11:15:00,1.4782008,1.4822396,1.4782008,1.4792105000000002,8452510.64672675,12509808.0
2026-02-04 11:20:00,1.4782008,1.4792105000000002,1.4761814,1.4782008,15169357.234822223,22413368.0
2026-02-04 11:25:00,1.4782008,1.4822396,1.4771911000000002,1.4812299000000002,15500841.83420818,22934988.0
2026-02-04 11:30:00,1.4812299000000002,1.4812299000000002,1.4771911000000002,1.4782008,10119837.57551748,14963902.0
2026-02-04 13:05:00,1.4782008,1.4812299000000002,1.4761814,1.4782008,21796767.356640585,32221324.0
2026-02-04 13:10:00,1.4771911000000002,1.4792105000000002,1.4751717000000002,1.4771911000000002,23876628.70159453,35277680.0
2026-02-04 13:15:00,1.4761814,1.4782008,1.4751717000000002,1.4751717000000002,7675448.152916708,11335856.0
2026-02-04 13:20:00,1.4761814,1.4782008,1.4751717000000002,1.4782008,6839122.51163712,10095460.0
2026-02-04 13:25:00,1.4782008,1.4812299000000002,1.4771911000000002,1.4812299000000002,10630088.144993562,15722998.0
2026-02-04 13:30:00,1.4812299000000002,1.4832493000000002,1.4802202,1.4832493000000002,8132171.932257106,12053044.0
2026-02-04 13:35:00,1.4832493000000002,1.4852687000000002,1.4802202,1.4802202,19691096.365257006,29210216.0
2026-02-04 13:40:00,1.4802202,1.4812299000000002,1.4792105000000002,1.4802202,5678122.214519164,8405239.0
2026-02-04 13:45:00,1.4792105000000002,1.4822396,1.4782008,1.4812299000000002,5509001.683668416,8154697.0
2026-02-04 13:50:00,1.4822396,1.4852687000000002,1.4812299000000002,1.484259,15955282.75725463,23675324.0
2026-02-04 13:55:00,1.484259,1.484259,1.4812299000000002,1.4822396,14101020.104981678,20912968.0
2026-02-04 14:00:00,1.4812299000000002,1.4822396,1.4792105000000002,1.4802202,7032583.935822521,10416499.0
2026-02-04 14:05:00,1.4802202,1.4822396,1.4802202,1.4802202,5699316.628701595,8440703.0
2026-02-04 14:10:00,1.4812299000000002,1.4822396,1.4792105000000002,1.4822396,4627513.122709716,6852551.0
2026-02-04 14:15:00,1.4822396,1.4923366,1.4812299000000002,1.4903172,36608026.14638011,54445036.0
2026-02-04 14:20:00,1.4913269000000002,1.4923366,1.4872881000000002,1.4882978,24635832.42547291,36716890.0
2026-02-04 14:25:00,1.4893075000000002,1.4903172,1.4882978,1.4893075000000002,6636156.284044766,9884766.0
2026-02-04 14:30:00,1.4903172,1.4903172,1.4882978,1.4893075000000002,7675032.187778547,11427881.0
2026-02-04 14:35:00,1.4893075000000002,1.4933463000000002,1.4893075000000002,1.4933463000000002,16047084.282460136,23927688.0
2026-02-04 14:40:00,1.4933463000000002,1.4953657000000002,1.4933463000000002,1.494356,14145683.866494998,21140884.0
2026-02-04 14:45:00,1.4953657000000002,1.4953657000000002,1.4933463000000002,1.4953657000000002,11736159.255224323,17538420.0
2026-02-04 14:50:00,1.494356,1.4983948,1.494356,1.4973851000000002,23459280.974546894,35119670.0
2026-02-04 14:55:00,1.4973851000000002,1.4994045000000003,1.4963754,1.4973851000000002,23443993.265326332,35125856.0
2026-02-04 15:00:00,1.4973851000000002,1.4983948,1.4963754,1.4983948,20005019.312667128,29963144.0
2026-02-05 09:35:00,1.4670941000000002,1.4832493000000002,1.4660844,1.4832493000000002,55500069.32752302,81775445.0
2026-02-05 09:40:00,1.4822396,1.4822396,1.4751717000000002,1.4792105000000002,26703670.397147667,39519080.0
2026-02-05 09:45:00,1.4792105000000002,1.4792105000000002,1.4701232,1.4731523000000002,28493017.72803803,41990960.0
2026-02-05 09:50:00,1.4731523000000002,1.474162,1.4711329000000002,1.4711329000000002,19504545.904724173,28722000.0
2026-02-05 09:55:00,1.4721426,1.474162,1.4701232,1.4711329000000002,22291274.636030503,32815700.0
2026-02-05 10:00:00,1.4721426,1.4721426,1.4630553000000002,1.464065,48541249.87620085,71202380.0
2026-02-05 10:05:00,1.4630553000000002,1.4670941000000002,1.4620456,1.4650747000000002,21989917.797365554,32203372.0
2026-02-05 10:10:00,1.4650747000000002,1.4670941000000002,1.464065,1.4660844,18800138.655046053,27551100.0
2026-02-05 10:15:00,1.4670941000000002,1.4670941000000002,1.4620456,1.4620456,23852744.37951867,34925810.0
2026-02-05 10:20:00,1.4620456,1.4620456,1.4569971000000002,1.4610359000000002,33484530.058433197,48862572.0
2026-02-05 10:25:00,1.4600262,1.4620456,1.4580068,1.4610359000000002,15313213.825888878,22361222.0
2026-02-05 10:30:00,1.4610359000000002,1.4660844,1.4590165000000002,1.464065,23123093.98831336,33809236.0
2026-02-05 10:35:00,1.4650747000000002,1.4691135000000002,1.4650747000000002,1.4681038,22919080.915123302,33619428.0
2026-02-05 10:40:00,1.4691135000000002,1.4731523000000002,1.4681038,1.4721426,20368558.977914233,29958712.0
2026-02-05 10:45:00,1.4721426,1.4751717000000002,1.4711329000000002,1.4751717000000002,15810796.27612162,23300798.0
2026-02-05 10:50:00,1.4751717000000002,1.4771911000000002,1.4701232,1.4701232,11546697.038724374,17028820.0
2026-02-05 10:55:00,1.4701232,1.4711329000000002,1.4660844,1.4660844,7383678.320293156,10844167.0
2026-02-05 11:00:00,1.4660844,1.4711329000000002,1.464065,1.4691135000000002,3318114.291373675,4870688.0
2026-02-05 11:05:00,1.4691135000000002,1.4731523000000002,1.4691135000000002,1.4731523000000002,7157513.122709716,10530665.0
2026-02-05 11:10:00,1.4731523000000002,1.474162,1.4691135000000002,1.4711329000000002,5028325.2451223135,7403218.0
2026-02-05 11:15:00,1.4701232,1.4711329000000002,1.4660844,1.4660844,4445383.777359611,6529326.0
2026-02-05 11:20:00,1.4660844,1.4691135000000002,1.464065,1.4691135000000002,4729123.502030306,6933814.0
2026-02-05 11:25:00,1.4691135000000002,1.4731523000000002,1.4670941000000002,1.4721426,3814580.568485689,5606532.0
2026-02-05 11:30:00,1.4721426,1.4721426,1.4660844,1.4660844,4998019.21362781,7341082.0
2026-02-05 13:05:00,1.4670941000000002,1.4731523000000002,1.464065,1.4691135000000002,14056818.857086262,20643678.0
2026-02-05 13:10:00,1.4681038,1.4681038,1.4630553000000002,1.464065,16729543.42874121,24505984.0
2026-02-05 13:15:00,1.464065,1.464065,1.4600262,1.4620456,20230210.953748636,29581052.0
2026-02-05 13:20:00,1.4610359000000002,1.4630553000000002,1.4600262,1.4630553000000002,15739427.552738437,23008236.0
2026-02-05 13:25:00,1.4630553000000002,1.4660844,1.4630553000000002,1.4650747000000002,12599857.383381201,18453232.0
2026-02-05 13:30:00,1.4650747000000002,1.4670941000000002,1.4630553000000002,1.4660844,8159255.224324056,11958577.0
2026-02-05 13:35:00,1.4670941000000002,1.4670941000000002,1.4610359000000002,1.4630553000000002,21391569.77319996,31332088.0
2026-02-05 13:40:00,1.4630553000000002,1.4701232,1.4630553000000002,1.4681038,15076953.550559571,22111154.0
2026-02-05 13:45:00,1.4670941000000002,1.4721426,1.4670941000000002,1.4721426,14381030.999306723,21147050.0
2026-02-05 13:50:00,1.4711329000000002,1.474162,1.4711329000000002,1.4721426,7683695.15697732,11313393.0
2026-02-05 13:55:00,1.4711329000000002,1.4782008,1.4711329000000002,1.4761814,26088390.611072596,38510190.0
2026-02-05 14:00:00,1.4761814,1.4761814,1.4721426,1.4731523000000002,7276373.180152521,10729326.0
2026-02-05 14:05:00,1.4731523000000002,1.4792105000000002,1.4731523000000002,1.4792105000000002,18027006.041398436,26629256.0
2026-02-05 14:10:00,1.4792105000000002,1.4822396,1.4771911000000002,1.4822396,17862161.037932057,26440604.0
2026-02-05 14:15:00,1.4812299000000002,1.4822396,1.4761814,1.4771911000000002,10837062.493810043,16026153.0
2026-02-05 14:20:00,1.4771911000000002,1.4771911000000002,1.474162,1.4751717000000002,5845102.505694761,8624658.0
2026-02-05 14:25:00,1.4751717000000002,1.4751717000000002,1.4711329000000002,1.474162,3285233.2375953253,4839705.0
2026-02-05 14:30:00,1.474162,1.4751717000000002,1.4721426,1.474162,5062592.849361196,7459386.0
2026-02-05 14:35:00,1.4751717000000002,1.4812299000000002,1.474162,1.4792105000000002,12360701.198375754,18262924.0
2026-02-05 14:40:00,1.4792105000000002,1.4802202,1.4751717000000002,1.4771911000000002,7713479.251262751,11390064.0
2026-02-05 14:45:00,1.4771911000000002,1.4782008,1.474162,1.474162,8532957.314053679,12597359.0
2026-02-05 14:50:00,1.474162,1.4761814,1.4731523000000002,1.474162,10127738.932356145,14935258.0
2026-02-05 14:55:00,1.474162,1.4751717000000002,1.4731523000000002,1.474162,7568747.15261959,11157723.0
2026-02-05 15:00:00,1.4751717000000002,1.4751717000000002,1.474162,1.4751717000000002,8337792.413588194,12296295.0
2026-02-06 09:35:00,1.4569971000000002,1.464065,1.4469001000000001,1.4509389000000001,60449373.0811132,87951365.0
2026-02-06 09:40:00,1.4499292,1.4600262,1.4479098,1.4580068,33516361.295434285,48768532.0
2026-02-06 09:45:00,1.4580068,1.4620456,1.4549777000000002,1.4559874,20714271.565811627,30204898.0
2026-02-06 09:50:00,1.4549777000000002,1.4600262,1.4549777000000002,1.4549777000000002,24978805.585817568,36421070.0
2026-02-06 09:55:00,1.4549777000000002,1.4610359000000002,1.4549777000000002,1.4580068,25719647.42002575,37490708.0
2026-02-06 10:00:00,1.4580068,1.4590165000000002,1.4529583000000001,1.4549777000000002,23724868.772902843,34551508.0
2026-02-06 10:05:00,1.4549777000000002,1.4549777000000002,1.4499292,1.4549777000000002,20920697.23680301,30390928.0
2026-02-06 10:10:00,1.4549777000000002,1.4569971000000002,1.4509389000000001,1.4519486,13222766.168168763,19231746.0
2026-02-06 10:15:00,1.4519486,1.453968,1.4509389000000001,1.4509389000000001,17052688.917500246,24754128.0
2026-02-06 10:20:00,1.4519486,1.4620456,1.4509389000000001,1.4610359000000002,42768426.265227295,62366180.0
2026-02-06 10:25:00,1.4630553000000002,1.4670941000000002,1.4630553000000002,1.4660844,29127812.221451916,42647664.0
2026-02-06 10:30:00,1.4650747000000002,1.4670941000000002,1.4630553000000002,1.4660844,18463908.09151233,27062660.0
2026-02-06 10:35:00,1.4650747000000002,1.4711329000000002,1.464065,1.4711329000000002,13758245.02327424,20183580.0
2026-02-06 10:40:00,1.4721426,1.4731523000000002,1.4670941000000002,1.4681038,16015450.13370308,23550728.0
2026-02-06 10:45:00,1.4681038,1.4701232,1.464065,1.4701232,8645516.490046548,12682101.0
2026-02-06 10:50:00,1.4701232,1.474162,1.4701232,1.4731523000000002,20884916.311775774,30738630.0
2026-02-06 10:55:00,1.474162,1.474162,1.4721426,1.4721426,8641873.82390809,12729860.0
2026-02-06 11:00:00,1.4711329000000002,1.4771911000000002,1.4711329000000002,1.474162,14944483.50995345,22054524.0
2026-02-06 11:05:00,1.474162,1.4761814,1.4711329000000002,1.4761814,8774388.432207586,12932128.0
2026-02-06 11:10:00,1.4761814,1.4802202,1.4751717000000002,1.4771911000000002,13945795.780925026,20610512.0
2026-02-06 11:15:00,1.4782008,1.4792105000000002,1.474162,1.4751717000000002,8178468.852134297,12081133.0
2026-02-06 11:20:00,1.474162,1.4782008,1.474162,1.474162,10809655.343171239,15957763.0
2026-02-06 11:25:00,1.4751717000000002,1.4751717000000002,1.4691135000000002,1.4701232,12946399.920768544,19057368.0
2026-02-06 11:30:00,1.4701232,1.4751717000000002,1.4691135000000002,1.474162,15337099.138357928,22571092.0
2026-02-06 13:05:00,1.474162,1.4782008,1.4731523000000002,1.4782008,23978112.3105873,35387080.0
2026-02-06 13:10:00,1.4782008,1.4792105000000002,1.4751717000000002,1.4761814,4003137.5656135483,5914275.0
2026-02-06 13:15:00,1.4761814,1.4761814,1.4711329000000002,1.4721426,19717044.66673269,29068720.0
2026-02-06 13:20:00,1.4721426,1.4751717000000002,1.4721426,1.4731523000000002,10607111.02307616,15628657.0
2026-02-06 13:25:00,1.474162,1.4771911000000002,1.474162,1.4761814,8531174.606318709,12591269.0
2026-02-06 13:30:00,1.4761814,1.4771911000000002,1.474162,1.474162,8232148.162820639,12151446.0
2026-02-06 13:35:00,1.4751717000000002,1.4812299000000002,1.4731523000000002,1.4802202,17078740.219867285,25244684.0
2026-02-06 13:40:00,1.4812299000000002,1.4822396,1.4792105000000002,1.4802202,16426958.502525503,24322904.0
2026-02-06 13:45:00,1.4802202,1.4812299000000002,1.4782008,1.4782008,8491235.02030306,12562733.0
2026-02-06 13:50:00,1.4792105000000002,1.4792105000000002,1.4761814,1.4771911000000002,7312370.010894325,10804372.0
2026-02-06 13:55:00,1.4782008,1.4822396,1.4782008,1.4812299000000002,9975571.952064969,14767488.0
2026-02-06 14:00:00,1.4822396,1.4822396,1.4802202,1.4822396,6057938.00138655,8974801.0
2026-02-06 14:05:00,1.4822396,1.4832493000000002,1.4792105000000002,1.4792105000000002,9984450.82697831,14797822.0
2026-02-06 14:10:00,1.4792105000000002,1.4792105000000002,1.4771911000000002,1.4771911000000002,4315346.14241854,6379654.0
2026-02-06 14:15:00,1.4771911000000002,1.4782008,1.4731523000000002,1.474162,8458552.045161929,12481675.0
2026-02-06 14:20:00,1.474162,1.4782008,1.4731523000000002,1.4761814,7651642.071902545,11294256.0
2026-02-06 14:25:00,1.4751717000000002,1.4761814,1.4721426,1.4731523000000002,3772209.5671981773,5560736.0
2026-02-06 14:30:00,1.474162,1.474162,1.4701232,1.474162,5381202.337327919,7921628.0
2026-02-06 14:35:00,1.474162,1.4751717000000002,1.4701232,1.4711329000000002,12171195.404575616,17920860.0
2026-02-06 14:40:00,1.4691135000000002,1.4721426,1.4691135000000002,1.4701232,7809075.9631573735,11485195.0
2026-02-06 14:45:00,1.4701232,1.4711329000000002,1.4670941000000002,1.4681038,28740513.023670398,42197030.0
2026-02-06 14:50:00,1.4670941000000002,1.4701232,1.4670941000000002,1.4670941000000002,6961383.579280974,10220006.0
2026-02-06 14:55:00,1.4670941000000002,1.4670941000000002,1.464065,1.4660844,15992888.976923838,23433916.0
2026-02-06 15:00:00,1.4660844,1.4660844,1.464065,1.464065,8658433.197979597,12680864.0
2026-02-09 09:35:00,1.4923366,1.4953657000000002,1.4852687000000002,1.4933463000000002,67715025.25502624,100992026.0
2026-02-09 09:40:00,1.4933463000000002,1.494356,1.4862784,1.4872881000000002,60170199.069030404,89710760.0
2026-02-09 09:45:00,1.4872881000000002,1.4882978,1.4832493000000002,1.4872881000000002,25278399.52461127,37546530.0
2026-02-09 09:50:00,1.4862784,1.4882978,1.4832493000000002,1.4852687000000002,18804730.11785679,27932940.0
2026-02-09 09:55:00,1.4852687000000002,1.4913269000000002,1.484259,1.4852687000000002,26526096.8604536,39461760.0
2026-02-09 10:00:00,1.4852687000000002,1.4913269000000002,1.4852687000000002,1.4913269000000002,17754451.817371495,26431870.0
2026-02-09 10:05:00,1.4913269000000002,1.494356,1.4903172,1.4923366,15142546.30088145,22593600.0
2026-02-09 10:10:00,1.4923366,1.4973851000000002,1.4913269000000002,1.4963754,33694661.78072695,50355276.0
2026-02-09 10:15:00,1.4953657000000002,1.4973851000000002,1.494356,1.4953657000000002,16398633.25740319,24531012.0
2026-02-09 10:20:00,1.4953657000000002,1.4953657000000002,1.4913269000000002,1.4923366,9650019.807863722,14407073.0
2026-02-09 10:25:00,1.4923366,1.494356,1.4903172,1.4933463000000002,11862602.753293056,17697184.0
2026-02-09 10:30:00,1.4933463000000002,1.4953657000000002,1.4913269000000002,1.494356,14719817.767653758,21982444.0
2026-02-09 10:35:00,1.494356,1.4953657000000002,1.4923366,1.4933463000000002,17883826.87927107,26728832.0
2026-02-09 10:40:00,1.494356,1.4973851000000002,1.4923366,1.4973851000000002,23110523.91799544,34551700.0
2026-02-09 10:45:00,1.4963754,1.4973851000000002,1.4933463000000002,1.4973851000000002,8213627.810240665,12282776.0
2026-02-09 10:50:00,1.4973851000000002,1.4983948,1.4953657000000002,1.4973851000000002,11678914.52906804,17483132.0
2026-02-09 10:55:00,1.4983948,1.4983948,1.494356,1.4963754,14283159.354263643,21362286.0
2026-02-09 11:00:00,1.4963754,1.4973851000000002,1.494356,1.4953657000000002,7557660.691294444,11307533.0
2026-02-09 11:05:00,1.494356,1.4963754,1.4933463000000002,1.4953657000000002,8118378.726354362,12135947.0
2026-02-09 11:10:00,1.494356,1.4953657000000002,1.4923366,1.494356,13180049.519659305,19687298.0
2026-02-09 11:15:00,1.494356,1.4963754,1.4923366,1.4963754,9355726.453402,13981248.0
2026-02-09 11:20:00,1.4953657000000002,1.4973851000000002,1.494356,1.4963754,11754115.083688224,17582476.0
2026-02-09 11:25:00,1.4973851000000002,1.4973851000000002,1.4953657000000002,1.4963754,14183618.89670199,21229068.0
2026-02-09 11:30:00,1.4963754,1.4963754,1.4933463000000002,1.4933463000000002,6181241.953055363,9241987.0
2026-02-09 13:05:00,1.4933463000000002,1.4983948,1.4923366,1.4963754,29239286.91690601,43715100.0
2026-02-09 13:10:00,1.4963754,1.4963754,1.4923366,1.494356,11985420.421907498,17907564.0
2026-02-09 13:15:00,1.4933463000000002,1.4973851000000002,1.4933463000000002,1.4963754,12237894.424086362,18309766.0
2026-02-09 13:20:00,1.4963754,1.4983948,1.494356,1.4973851000000002,10566597.999405764,15803814.0
2026-02-09 13:25:00,1.4973851000000002,1.5014239000000003,1.4963754,1.4983948,26779724.670694266,40143390.0
2026-02-09 13:30:00,1.4994045000000003,1.5004142,1.4983948,1.4983948,8537090.224819252,12800906.0
2026-02-09 13:35:00,1.4994045000000003,1.4994045000000003,1.4973851000000002,1.4973851000000002,7766762.404674656,11637748.0
2026-02-09 13:40:00,1.4983948,1.5004142,1.4973851000000002,1.4983948,7645544.221055759,11460497.0
2026-02-09 13:45:00,1.5004142,1.5004142,1.4994045000000003,1.4994045000000003,29276983.262355153,43924480.0
2026-02-09 13:50:00,1.4994045000000003,1.4994045000000003,1.4963754,1.4963754,7773544.617213033,11641667.0
2026-02-09 13:55:00,1.4973851000000002,1.4983948,1.4963754,1.4983948,1925122.3135584826,2882493.0
2026-02-09 14:00:00,1.4983948,1.4994045000000003,1.4973851000000002,1.4994045000000003,2637522.0362483906,3952618.0
2026-02-09 14:05:00,1.4983948,1.5004142,1.4973851000000002,1.5004142,7051797.563632762,10570054.0
2026-02-09 14:10:00,1.5004142,1.5004142,1.4994045000000003,1.4994045000000003,2368822.422501733,3553131.0
2026-02-09 14:15:00,1.4994045000000003,1.5004142,1.4983948,1.4983948,2313288.1053778348,3468432.0
2026-02-09 14:20:00,1.4983948,1.4983948,1.4953657000000002,1.4953657000000002,12304536.9911855,18416874.0
2026-02-09 14:25:00,1.4953657000000002,1.4983948,1.4953657000000002,1.4983948,3606258.2945429333,5400135.0
2026-02-09 14:30:00,1.4973851000000002,1.4994045000000003,1.4973851000000002,1.4994045000000003,9096618.797662672,13628465.0
2026-02-09 14:35:00,1.4994045000000003,1.5004142,1.4973851000000002,1.4994045000000003,9405062.889967317,14099613.0
2026-02-09 14:40:00,1.4994045000000003,1.5004142,1.4983948,1.4994045000000003,4595325.344161632,6887737.0
2026-02-09 14:45:00,1.4983948,1.4994045000000003,1.4983948,1.4994045000000003,8186590.076260275,12274374.0
2026-02-09 14:50:00,1.5004142,1.5014239000000003,1.4994045000000003,1.5004142,9467203.129642468,14204567.0
2026-02-09 14:55:00,1.5004142,1.5004142,1.4994045000000003,1.5004142,10288395.563038526,15435055.0
2026-02-09 15:00:00,1.5004142,1.5004142,1.4994045000000003,1.5004142,11626846.588095473,17442766.0
2026-02-10 09:35:00,1.504453,1.5216178999999999,1.504453,1.5185888,60141360.80023769,91044716.0
2026-02-10 09:40:00,1.5195984999999999,1.5206082,1.51455,1.5195984999999999,43957660.69129444,66750052.0
2026-02-10 09:45:00,1.5185888,1.5216178999999999,1.5155596999999998,1.5155596999999998,47368129.14727146,71930344.0
2026-02-10 09:50:00,1.5155596999999998,1.5236372999999999,1.5155596999999998,1.5226276,52571611.369713776,79902040.0
2026-02-10 09:55:00,1.5226276,1.5296954999999999,1.5226276,1.5276760999999999,34807130.83093988,53120920.0
2026-02-10 10:00:00,1.5276760999999999,1.5276760999999999,1.5206082,1.5216178999999999,19263741.705457065,29362144.0
2026-02-10 10:05:00,1.5216178999999999,1.524647,1.5206082,1.5216178999999999,15425447.162523521,23480310.0
2026-02-10 10:10:00,1.5206082,1.5226276,1.5185888,1.5195984999999999,21879601.861939188,33270448.0
2026-02-10 10:15:00,1.5206082,1.5216178999999999,1.5175790999999998,1.5195984999999999,16711696.54352778,25404844.0
2026-02-10 10:20:00,1.5206082,1.5226276,1.5185888,1.5206082,14604273.546597999,22200704.0
2026-02-10 10:25:00,1.5206082,1.5216178999999999,1.5175790999999998,1.5185888,7581277.607210062,11517815.0
2026-02-10 10:30:00,1.5185888,1.5195984999999999,1.51455,1.5155596999999998,25547580.46944637,38767924.0
2026-02-10 10:35:00,1.51455,1.5195984999999999,1.5135403000000003,1.5165694,19953352.48093493,30275984.0
2026-02-10 10:40:00,1.5165694,1.5165694,1.5135403000000003,1.51455,10846885.21342973,16431894.0
2026-02-10 10:45:00,1.51455,1.5175790999999998,1.51455,1.5155596999999998,14115876.0027731,21391686.0
2026-02-10 10:50:00,1.51455,1.5165694,1.5125306,1.5125306,9550294.14677627,14464390.0
2026-02-10 10:55:00,1.5125306,1.51455,1.5115209000000003,1.5135403000000003,10358027.1367733,15670864.0
2026-02-10 11:00:00,1.5135403000000003,1.5175790999999998,1.5135403000000003,1.51455,11526291.96791126,17465546.0
2026-02-10 11:05:00,1.5155596999999998,1.5155596999999998,1.5105112,1.5125306,18493879.370109934,27967028.0
2026-02-10 11:10:00,1.5125306,1.5125306,1.5105112,1.5105112,8161236.010696246,12336475.0
2026-02-10 11:15:00,1.5105112,1.5125306,1.5105112,1.5115209000000003,3033079.132415569,4584782.0
2026-02-10 11:20:00,1.5125306,1.51455,1.5115209000000003,1.5115209000000003,3705565.019312667,5606007.0
2026-02-10 11:25:00,1.5125306,1.51455,1.5115209000000003,1.51455,6522648.311379617,9860907.0
2026-02-10 11:30:00,1.51455,1.51455,1.5125306,1.5135403000000003,4679706.843616916,7083719.0
2026-02-10 13:05:00,1.5125306,1.51455,1.5105112,1.5125306,11545241.160740813,17448840.0
2026-02-10 13:10:00,1.5135403000000003,1.5155596999999998,1.5105112,1.5115209000000003,10612162.028325245,16062405.0
2026-02-10 13:15:00,1.5115209000000003,1.51455,1.5115209000000003,1.51455,3337922.1550955726,5048084.0
2026-02-10 13:20:00,1.5135403000000003,1.5195984999999999,1.5135403000000003,1.5165694,23277508.170743786,35320580.0
2026-02-10 13:25:00,1.5165694,1.5165694,1.51455,1.51455,3232247.202139249,4898051.0
2026-02-10 13:30:00,1.51455,1.5165694,1.5135403000000003,1.5165694,5915864.118054868,8962232.0
2026-02-10 13:35:00,1.5155596999999998,1.5175790999999998,1.5135403000000003,1.5165694,8228910.567495295,12475595.0
2026-02-10 13:40:00,1.5175790999999998,1.5175790999999998,1.5155596999999998,1.5165694,16722820.639793998,25356164.0
2026-02-10 13:45:00,1.5155596999999998,1.5165694,1.5135403000000003,1.5135403000000003,6381895.612558185,9663836.0
2026-02-10 13:50:00,1.5125306,1.5155596999999998,1.5125306,1.5135403000000003,2986429.632564128,4520189.0
2026-02-10 13:55:00,1.5135403000000003,1.5155596999999998,1.5135403000000003,1.51455,2842734.475586808,4305165.0
2026-02-10 14:00:00,1.51455,1.5155596999999998,1.5135403000000003,1.51455,2112279.8851143904,3198854.0
2026-02-10 14:05:00,1.5155596999999998,1.5155596999999998,1.5125306,1.5135403000000003,5524059.621669803,8363803.0
2026-02-10 14:10:00,1.5125306,1.5135403000000003,1.5115209000000003,1.5125306,3238218.282658215,4897070.0
2026-02-10 14:15:00,1.5135403000000003,1.51455,1.5125306,1.5135403000000003,3014628.1073586214,4562736.0
2026-02-10 14:20:00,1.5135403000000003,1.5155596999999998,1.5135403000000003,1.51455,3653960.5823511933,5534309.0
2026-02-10 14:25:00,1.5155596999999998,1.5165694,1.5135403000000003,1.51455,8420818.064771714,12760542.0
2026-02-10 14:30:00,1.5135403000000003,1.5155596999999998,1.5135403000000003,1.5155596999999998,5242762.206596019,7940245.0
2026-02-10 14:35:00,1.5155596999999998,1.5155596999999998,1.5135403000000003,1.51455,9954326.037436862,15081464.0
2026-02-10 14:40:00,1.5155596999999998,1.5175790999999998,1.5155596999999998,1.5175790999999998,12495601.663860552,18949628.0
2026-02-10 14:45:00,1.5165694,1.5175790999999998,1.5155596999999998,1.5165694,4663994.25571952,7073308.0
2026-02-10 14:50:00,1.5155596999999998,1.5165694,1.51455,1.5155596999999998,6767059.522630484,10256516.0
2026-02-10 14:55:00,1.5165694,1.5165694,1.5155596999999998,1.5155596999999998,9145086.659403782,13863417.0
2026-02-10 15:00:00,1.5155596999999998,1.5165694,1.51455,1.51455,9611963.949688025,14562930.0
2026-02-11 09:35:00,1.5105112,1.5105112,1.5014239000000003,1.5024336,58810171.33802119,88463955.0
2026-02-11 09:40:00,1.5014239000000003,1.5064724,1.5014239000000003,1.5064724,29104882.638407446,43809776.0
2026-02-11 09:45:00,1.5054627000000003,1.5105112,1.504453,1.5064724,27877838.96206794,42007996.0
2026-02-11 09:50:00,1.5064724,1.5095015000000003,1.5054627000000003,1.5084918,12509458.254927205,18862088.0
2026-02-11 09:55:00,1.5084918,1.5095015000000003,1.5034433000000003,1.5054627000000003,15363969.495889867,23146772.0
2026-02-11 10:00:00,1.5054627000000003,1.5064724,1.5004142,1.5014239000000003,23546665.34614242,35367428.0
2026-02-11 10:05:00,1.5014239000000003,1.5024336,1.4973851000000002,1.4983948,23374071.506388035,35051830.0
2026-02-11 10:10:00,1.4973851000000002,1.5014239000000003,1.4953657000000002,1.5004142,25366148.360899277,37999680.0
2026-02-11 10:15:00,1.4983948,1.5004142,1.4973851000000002,1.5004142,21929285.926512826,32868794.0
2026-02-11 10:20:00,1.4994045000000003,1.5014239000000003,1.4983948,1.4983948,16123646.627711201,24184876.0
2026-02-11 10:25:00,1.4983948,1.5014239000000003,1.4973851000000002,1.4994045000000003,11677723.086065168,17506696.0
2026-02-11 10:30:00,1.5004142,1.5034433000000003,1.4994045000000003,1.5024336,8800276.31969892,13218034.0
2026-02-11 10:35:00,1.5024336,1.5034433000000003,1.5004142,1.5014239000000003,11561316.23254432,17361004.0
2026-02-11 10:40:00,1.5014239000000003,1.5024336,1.5004142,1.5024336,4437978.60750718,6663820.0
2026-02-11 10:45:00,1.5024336,1.5034433000000003,1.5014239000000003,1.5024336,3329899.9702882045,5002901.0
2026-02-11 10:50:00,1.5014239000000003,1.5024336,1.5004142,1.5014239000000003,5431910.468455977,8153647.0
2026-02-11 10:55:00,1.5014239000000003,1.504453,1.5014239000000003,1.504453,8981036.941665841,13503130.0
2026-02-11 11:00:00,1.504453,1.5054627000000003,1.5014239000000003,1.5024336,14292463.107853817,21494624.0
2026-02-11 11:05:00,1.5024336,1.5034433000000003,1.5014239000000003,1.5034433000000003,7392348.222244231,11105132.0
2026-02-11 11:10:00,1.5024336,1.5054627000000003,1.5024336,1.5034433000000003,5613681.291472714,8443128.0
2026-02-11 11:15:00,1.5034433000000003,1.5054627000000003,1.5024336,1.5024336,15704532.03921957,23615230.0
2026-02-11 11:20:00,1.5024336,1.5024336,1.5004142,1.5024336,7214717.24274537,10833188.0
2026-02-11 11:25:00,1.5014239000000003,1.5024336,1.4994045000000003,1.5024336,4879084.876696048,7321948.0
2026-02-11 11:30:00,1.5024336,1.5034433000000003,1.5004142,1.5014239000000003,4522386.847578488,6794196.0
2026-02-11 13:05:00,1.5014239000000003,1.5064724,1.5014239000000003,1.5054627000000003,21199061.107259583,31903572.0
2026-02-11 13:10:00,1.5054627000000003,1.5084918,1.504453,1.5064724,10176059.225512529,15333611.0
2026-02-11 13:15:00,1.5064724,1.5074821000000003,1.504453,1.5054627000000003,2844805.3877389324,4284635.0
2026-02-11 13:20:00,1.5054627000000003,1.5064724,1.5034433000000003,1.504453,8516787.164504308,12819228.0
2026-02-11 13:25:00,1.504453,1.504453,1.5014239000000003,1.5014239000000003,6698722.392789938,10065302.0
2026-02-11 13:30:00,1.5014239000000003,1.5034433000000003,1.5004142,1.5034433000000003,6661140.932950381,10003106.0
2026-02-11 13:35:00,1.5024336,1.5034433000000003,1.5024336,1.5034433000000003,381895.6125581856,573991.0
2026-02-11 13:40:00,1.5034433000000003,1.504453,1.5024336,1.5034433000000003,2607707.2397741904,3920584.0
2026-02-11 13:45:00,1.5034433000000003,1.504453,1.5014239000000003,1.5024336,8387045.657125879,12602427.0
2026-02-11 13:50:00,1.5024336,1.5054627000000003,1.5024336,1.5034433000000003,7784667.723086065,11709584.0
2026-02-11 13:55:00,1.5034433000000003,1.504453,1.5024336,1.5034433000000003,4217279.389917797,6340421.0
2026-02-11 14:00:00,1.5024336,1.504453,1.5024336,1.504453,9628094.483509952,14470273.0
2026-02-11 14:05:00,1.504453,1.504453,1.5024336,1.5034433000000003,2243317.8171734177,3373151.0
2026-02-11 14:10:00,1.5034433000000003,1.5034433000000003,1.5024336,1.5024336,1604458.750123799,2410891.0
2026-02-11 14:15:00,1.5024336,1.5034433000000003,1.5014239000000003,1.5024336,2702584.9262157073,4060559.0
2026-02-11 14:20:00,1.5034433000000003,1.5034433000000003,1.5004142,1.5024336,7744319.10468456,11633324.0
2026-02-11 14:25:00,1.5024336,1.5024336,1.5004142,1.5014239000000003,3068694.6617807266,4606546.0
2026-02-11 14:30:00,1.5014239000000003,1.5024336,1.5004142,1.5014239000000003,8389323.561453898,12600027.0
2026-02-11 14:35:00,1.5014239000000003,1.5014239000000003,1.4994045000000003,1.5014239000000003,4405367.931068634,6612322.0
2026-02-11 14:40:00,1.5014239000000003,1.5024336,1.4994045000000003,1.4994045000000003,7170149.5493711,10762609.0
2026-02-11 14:45:00,1.5004142,1.5004142,1.4973851000000002,1.4983948,10763334.653857581,16131930.0
2026-02-11 14:50:00,1.4983948,1.5004142,1.4973851000000002,1.5004142,7706185.005447162,11551333.0
2026-02-11 14:55:00,1.5004142,1.5004142,1.4983948,1.4983948,12431389.52164009,18633182.0
2026-02-11 15:00:00,1.4994045000000003,1.5014239000000003,1.4973851000000002,1.5004142,10582932.554224027,15869625.0
2026-02-12 09:35:00,1.5024336,1.5115209000000003,1.5024336,1.5105112,38273278.201445974,57766926.0
2026-02-12 09:40:00,1.5115209000000003,1.5115209000000003,1.504453,1.5054627000000003,12484875.705655145,18824650.0
2026-02-12 09:45:00,1.5054627000000003,1.5095015000000003,1.5054627000000003,1.5074821000000003,19612478.954144794,29563346.0
2026-02-12 09:50:00,1.5074821000000003,1.5125306,1.5074821000000003,1.5115209000000003,17588079.627612162,26562678.0
2026-02-12 09:55:00,1.5115209000000003,1.51455,1.5095015000000003,1.51455,20521998.61344954,31024436.0
2026-02-12 10:00:00,1.51455,1.51455,1.5095015000000003,1.5115209000000003,16779778.151926313,25363016.0
2026-02-12 10:05:00,1.5115209000000003,1.5125306,1.504453,1.5064724,9931266.712885015,14978231.0
2026-02-12 10:10:00,1.5064724,1.5064724,1.5024336,1.5054627000000003,11391502.426463306,17140972.0
2026-02-12 10:15:00,1.5054627000000003,1.5074821000000003,1.4983948,1.4994045000000003,20923462.414578587,31446170.0
2026-02-12 10:20:00,1.4994045000000003,1.5014239000000003,1.4983948,1.5004142,8956620.778449044,13430860.0
2026-02-12 10:25:00,1.5014239000000003,1.5034433000000003,1.4994045000000003,1.5004142,10522169.951470733,15794467.0
2026-02-12 10:30:00,1.5004142,1.5014239000000003,1.4983948,1.5004142,6396355.353075171,9595815.0
2026-02-12 10:35:00,1.5004142,1.5034433000000003,1.4994045000000003,1.5014239000000003,8909963.355452115,13375202.0
2026-02-12 10:40:00,1.5014239000000003,1.5014239000000003,1.4983948,1.4994045000000003,9567000.099039318,14347727.0
2026-02-12 10:45:00,1.5004142,1.5004142,1.4973851000000002,1.4983948,7003221.749034367,10495337.0
2026-02-12 10:50:00,1.4994045000000003,1.5014239000000003,1.4973851000000002,1.5014239000000003,9378402.495790828,14066979.0
2026-02-12 10:55:00,1.5024336,1.504453,1.5014239000000003,1.5034433000000003,15704262.65227295,23601176.0
2026-02-12 11:00:00,1.5054627000000003,1.5064724,1.5034433000000003,1.504453,18492918.68871942,27840312.0
2026-02-12 11:05:00,1.504453,1.5064724,1.5034433000000003,1.5064724,9203112.805783896,13857308.0
2026-02-12 11:10:00,1.5064724,1.5064724,1.504453,1.5064724,13397345.746261265,20171088.0
2026-02-12 11:15:00,1.5074821000000003,1.5084918,1.5064724,1.5074821000000003,11195107.45766069,16879396.0
2026-02-12 11:20:00,1.5074821000000003,1.5084918,1.5064724,1.5074821000000003,7540259.483014757,11366543.0
2026-02-12 11:25:00,1.5074821000000003,1.5074821000000003,1.5064724,1.5064724,5645114.390412994,8507814.0
2026-02-12 11:30:00,1.5064724,1.5074821000000003,1.5054627000000003,1.5054627000000003,3548063.7813211842,5345787.0
2026-02-12 13:05:00,1.5054627000000003,1.5155596999999998,1.5054627000000003,1.51455,44869129.44438942,67809304.0
2026-02-12 13:10:00,1.51455,1.5155596999999998,1.5105112,1.5115209000000003,10663788.253936812,16127970.0
2026-02-12 13:15:00,1.5115209000000003,1.5135403000000003,1.5105112,1.5105112,5881610.37932059,8892173.0
2026-02-12 13:20:00,1.5105112,1.5115209000000003,1.5095015000000003,1.5105112,6619292.859265128,9997649.0
2026-02-12 13:25:00,1.5105112,1.5125306,1.5095015000000003,1.5105112,5307497.276418738,8018540.0
2026-02-12 13:30:00,1.5105112,1.51455,1.5105112,1.5135403000000003,11380008.913538674,17213772.0
2026-02-12 13:35:00,1.5135403000000003,1.5155596999999998,1.5135403000000003,1.5135403000000003,12922685.946320688,19573678.0
2026-02-12 13:40:00,1.5135403000000003,1.5155596999999998,1.5125306,1.51455,13463946.716846587,20383612.0
2026-02-12 13:45:00,1.51455,1.5165694,1.51455,1.5165694,8919964.3458453,13523850.0
2026-02-12 13:50:00,1.5165694,1.5195984999999999,1.5165694,1.5185888,12772308.606516786,19385072.0
2026-02-12 13:55:00,1.5185888,1.5195984999999999,1.5165694,1.5175790999999998,5020184.213132613,7623182.0
2026-02-12 14:00:00,1.5175790999999998,1.5216178999999999,1.5175790999999998,1.5216178999999999,10107259.582054075,15357170.0
2026-02-12 14:05:00,1.5216178999999999,1.5236372999999999,1.5206082,1.5216178999999999,10790756.660394177,16429276.0
2026-02-12 14:10:00,1.5216178999999999,1.524647,1.5216178999999999,1.524647,40221646.03347529,61248130.0
2026-02-12 14:15:00,1.524647,1.5256566999999999,1.5216178999999999,1.5226276,10785720.511042884,16438679.0
2026-02-12 14:20:00,1.5226276,1.524647,1.5226276,1.5226276,6218116.272160048,9469823.0
2026-02-12 14:25:00,1.5216178999999999,1.5236372999999999,1.5206082,1.5216178999999999,5933653.560463504,9030922.0
2026-02-12 14:30:00,1.5206082,1.5216178999999999,1.5195984999999999,1.5216178999999999,6683605.031197385,10165358.0
2026-02-12 14:35:00,1.5216178999999999,1.5216178999999999,1.5195984999999999,1.5195984999999999,5553173.219768248,8444108.0
2026-02-12 14:40:00,1.5206082,1.5226276,1.5195984999999999,1.5216178999999999,7828835.297613152,11911906.0
2026-02-12 14:45:00,1.5216178999999999,1.5226276,1.5216178999999999,1.5216178999999999,4577768.644151728,6966350.0
2026-02-12 14:50:00,1.5226276,1.524647,1.5216178999999999,1.524647,15733284.14380509,23961968.0
2026-02-12 14:55:00,1.5236372999999999,1.5256566999999999,1.5236372999999999,1.5256566999999999,18663133.604040805,28458240.0
2026-02-12 15:00:00,1.5256566999999999,1.5256566999999999,1.5236372999999999,1.524647,9633936.812914727,14685007.0
2026-02-13 09:35:00,1.5125306,1.524647,1.5095015000000003,1.5236372999999999,43111732.19768248,65327611.0
2026-02-13 09:40:00,1.5236372999999999,1.5286858,1.5216178999999999,1.5256566999999999,32711752.0055462,49861356.0
2026-02-13 09:45:00,1.5266664,1.5317148999999999,1.5216178999999999,1.5296954999999999,21704351.7876597,33154432.0
2026-02-13 09:50:00,1.5296954999999999,1.5357536999999999,1.5296954999999999,1.5307052,31526823.80905219,48342828.0
2026-02-13 09:55:00,1.5307052,1.5337342999999999,1.5266664,1.5276760999999999,24452280.875507575,37408920.0
2026-02-13 10:00:00,1.5276760999999999,1.5296954999999999,1.5256566999999999,1.5286858,16381876.795087649,25010342.0
2026-02-13 10:05:00,1.5307052,1.5327246,1.5276760999999999,1.5276760999999999,15813273.249480043,24194448.0
2026-02-13 10:10:00,1.5276760999999999,1.5296954999999999,1.524647,1.5266664,23882864.217094187,36459200.0
2026-02-13 10:15:00,1.5256566999999999,1.5276760999999999,1.524647,1.5276760999999999,13738696.642567098,20964932.0
2026-02-13 10:20:00,1.5266664,1.5307052,1.5266664,1.5296954999999999,12088786.768347032,18477292.0
2026-02-13 10:25:00,1.5286858,1.5296954999999999,1.5266664,1.5286858,15443239.576111715,23596932.0
2026-02-13 10:30:00,1.5286858,1.5307052,1.5266664,1.5286858,7333762.503713974,11209823.0
2026-02-13 10:35:00,1.5286858,1.5296954999999999,1.5236372999999999,1.5256566999999999,10880459.542438347,16611936.0
2026-02-13 10:40:00,1.524647,1.5296954999999999,1.5236372999999999,1.5286858,8633946.716846587,13183532.0
2026-02-13 10:45:00,1.5286858,1.5307052,1.5266664,1.5286858,10572744.37951867,16157604.0
2026-02-13 10:50:00,1.5286858,1.5307052,1.5266664,1.5286858,12084511.240962662,18472628.0
2026-02-13 10:55:00,1.5286858,1.5317148999999999,1.5286858,1.5317148999999999,8921021.095374864,13646752.0
2026-02-13 11:00:00,1.5307052,1.5317148999999999,1.5266664,1.5296954999999999,9894493.413885312,15126427.0
2026-02-13 11:05:00,1.5296954999999999,1.5296954999999999,1.5256566999999999,1.5276760999999999,11155044.072496781,17040032.0
2026-02-13 11:10:00,1.5276760999999999,1.5296954999999999,1.524647,1.5256566999999999,9747728.038031098,14880125.0
2026-02-13 11:15:00,1.5266664,1.5276760999999999,1.524647,1.5256566999999999,11264999.504803406,17194822.0
2026-02-13 11:20:00,1.5256566999999999,1.5256566999999999,1.5216178999999999,1.5226276,16804298.30642765,25597208.0
2026-02-13 11:25:00,1.5226276,1.524647,1.5216178999999999,1.5216178999999999,7640586.312766168,11632175.0
2026-02-13 11:30:00,1.5226276,1.524647,1.5216178999999999,1.5236372999999999,6876282.063979399,10473891.0
2026-02-13 13:05:00,1.5236372999999999,1.5286858,1.5226276,1.5276760999999999,16202289.78904625,24715714.0
2026-02-13 13:10:00,1.5266664,1.5296954999999999,1.524647,1.5286858,7812518.569872239,11932462.0
2026-02-13 13:15:00,1.5286858,1.5317148999999999,1.5276760999999999,1.5296954999999999,11485731.405367931,17568834.0
2026-02-13 13:20:00,1.5286858,1.5286858,1.5266664,1.5266664,7521765.871050807,11487624.0
2026-02-13 13:25:00,1.5266664,1.5276760999999999,1.524647,1.524647,8971476.676240467,13689757.0
2026-02-13 13:30:00,1.5256566999999999,1.5256566999999999,1.5236372999999999,1.5236372999999999,11634742.992968207,17742192.0
2026-02-13 13:35:00,1.5236372999999999,1.5256566999999999,1.5226276,1.524647,19211914.43002872,29270868.0
2026-02-13 13:40:00,1.5236372999999999,1.5266664,1.5226276,1.5266664,13062394.770723976,19904902.0
2026-02-13 13:45:00,1.5256566999999999,1.5286858,1.524647,1.5276760999999999,5883524.8093493115,8980356.0
2026-02-13 13:50:00,1.5276760999999999,1.5286858,1.524647,1.5256566999999999,11683965.534317123,17836844.0
2026-02-13 13:55:00,1.5256566999999999,1.5256566999999999,1.5226276,1.5226276,5352024.363672378,8155709.0
2026-02-13 14:00:00,1.5236372999999999,1.524647,1.5226276,1.5226276,7982596.81093394,12161799.0
2026-02-13 14:05:00,1.5236372999999999,1.5256566999999999,1.5226276,1.524647,4318906.605922551,6580372.0
2026-02-13 14:10:00,1.5236372999999999,1.524647,1.5216178999999999,1.5216178999999999,6433422.798851144,9794705.0
2026-02-13 14:15:00,1.5216178999999999,1.5216178999999999,1.5185888,1.5195984999999999,14940539.764286421,22704716.0
2026-02-13 14:20:00,1.5185888,1.5206082,1.5175790999999998,1.5195984999999999,8040913.142517579,12215875.0
2026-02-13 14:25:00,1.5185888,1.5206082,1.5185888,1.5185888,7952676.0423888285,12080667.0
2026-02-13 14:30:00,1.5195984999999999,1.5206082,1.5185888,1.5206082,8138853.124690502,12367183.0
2026-02-13 14:35:00,1.5206082,1.5236372999999999,1.5195984999999999,1.5226276,13897163.513915023,21148072.0
2026-02-13 14:40:00,1.5236372999999999,1.5236372999999999,1.5165694,1.5175790999999998,18377835.000495195,27943682.0
2026-02-13 14:45:00,1.5175790999999998,1.5185888,1.51455,1.5155596999999998,17697632.96028523,26835120.0
2026-02-13 14:50:00,1.5155596999999998,1.5165694,1.5125306,1.5165694,17413893.23561454,26368568.0
2026-02-13 14:55:00,1.5155596999999998,1.5175790999999998,1.5155596999999998,1.5165694,11679799.940576408,17707940.0
2026-02-13 15:00:00,1.5165694,1.5165694,1.51455,1.51455,11679562.246211745,17697082.0
2026-02-24 09:35:00,1.5337342999999999,1.5387828000000001,1.5165694,1.5175790999999998,52176270.17926116,79837473.0
2026-02-24 09:40:00,1.5175790999999998,1.5185888,1.5074821000000003,1.5074821000000003,54523193.02763197,82480550.0
2026-02-24 09:45:00,1.5084918,1.5095015000000003,1.4994045000000003,1.5024336,66355055.95721501,99723160.0
2026-02-24 09:50:00,1.5034433000000003,1.5095015000000003,1.5034433000000003,1.5064724,37830868.57482421,57018924.0
2026-02-24 09:55:00,1.5054627000000003,1.5095015000000003,1.5034433000000003,1.5034433000000003,23739328.513419826,35748268.0
2026-02-24 10:00:00,1.5034433000000003,1.504453,1.4963754,1.5024336,25540655.640289195,38327864.0
2026-02-24 10:05:00,1.5024336,1.5064724,1.5004142,1.5054627000000003,19456664.35574923,29242252.0
2026-02-24 10:10:00,1.504453,1.5084918,1.504453,1.5084918,11592948.400515003,17467930.0
2026-02-24 10:15:00,1.5084918,1.5135403000000003,1.5074821000000003,1.5135403000000003,18052130.33574329,27268684.0
2026-02-24 10:20:00,1.5135403000000003,1.5135403000000003,1.5084918,1.5095015000000003,29198433.197979596,44090772.0
2026-02-24 10:25:00,1.5095015000000003,1.5095015000000003,1.5054627000000003,1.5074821000000003,14324918.292562146,21596918.0
2026-02-24 10:30:00,1.5074821000000003,1.5095015000000003,1.5064724,1.5084918,7766564.326037437,11712150.0
2026-02-24 10:35:00,1.5084918,1.5095015000000003,1.5064724,1.5084918,7167673.566405863,10811229.0
2026-02-24 10:40:00,1.5084918,1.5105112,1.5084918,1.5105112,5209765.276814896,7863418.0
2026-02-24 10:45:00,1.5105112,1.5105112,1.5074821000000003,1.5095015000000003,14320293.156383084,21614290.0
2026-02-24 10:50:00,1.5105112,1.5155596999999998,1.5095015000000003,1.51455,19503989.30375359,29491210.0
2026-02-24 10:55:00,1.51455,1.5175790999999998,1.51455,1.5165694,19665544.221055757,29817312.0
2026-02-24 11:00:00,1.5155596999999998,1.5175790999999998,1.51455,1.5175790999999998,6350896.305833416,9629711.0
2026-02-24 11:05:00,1.5175790999999998,1.5216178999999999,1.5165694,1.5195984999999999,20647954.838070713,31373480.0
2026-02-24 11:10:00,1.5206082,1.5216178999999999,1.5185888,1.5216178999999999,8906704.961869862,13538929.0
2026-02-24 11:15:00,1.5216178999999999,1.5226276,1.5206082,1.5226276,18541826.28503516,28205220.0
2026-02-24 11:20:00,1.5226276,1.524647,1.5216178999999999,1.5216178999999999,17382844.409230463,26480000.0
2026-02-24 11:25:00,1.5226276,1.5236372999999999,1.5216178999999999,1.5216178999999999,8088541.150836882,12314815.0
2026-02-24 11:30:00,1.5226276,1.5226276,1.5185888,1.5195984999999999,9283294.047736952,14115285.0
2026-02-24 13:05:00,1.5195984999999999,1.5226276,1.5185888,1.5185888,19034838.07071407,28935732.0
2026-02-24 13:10:00,1.5185888,1.5195984999999999,1.5155596999999998,1.5195984999999999,11746631.672774091,17822412.0
2026-02-24 13:15:00,1.5195984999999999,1.5206082,1.5165694,1.5185888,2637638.9026443497,4005766.0
2026-02-24 13:20:00,1.5185888,1.5185888,1.5155596999999998,1.5165694,2628453.996236506,3987054.0
2026-02-24 13:25:00,1.5155596999999998,1.5165694,1.5135403000000003,1.51455,6187877.587402198,9372417.0
2026-02-24 13:30:00,1.51455,1.5155596999999998,1.5125306,1.5125306,3936455.3827869664,5960271.0
2026-02-24 13:35:00,1.5135403000000003,1.51455,1.5125306,1.5125306,2586158.264831138,3914399.0
2026-02-24 13:40:00,1.5135403000000003,1.5135403000000003,1.5115209000000003,1.5125306,2548380.707140735,3854580.0
2026-02-24 13:45:00,1.5125306,1.5125306,1.5105112,1.5115209000000003,3915617.51015153,5918196.0
2026-02-24 13:50:00,1.5115209000000003,1.5115209000000003,1.5105112,1.5105112,1356640.5863127662,2049583.0
2026-02-24 13:55:00,1.5105112,1.51455,1.5095015000000003,1.51455,5716506.883232643,8646409.0
2026-02-24 14:00:00,1.51455,1.51455,1.5115209000000003,1.5125306,2662077.844904427,4028304.0
2026-02-24 14:05:00,1.5125306,1.5125306,1.5095015000000003,1.5105112,19907497.276418738,30064792.0
2026-02-24 14:10:00,1.5105112,1.5115209000000003,1.5095015000000003,1.5105112,1062898.8808556998,1605270.0
2026-02-24 14:15:00,1.5095015000000003,1.5115209000000003,1.5095015000000003,1.5105112,3220857.680499158,4865275.0
2026-02-24 14:20:00,1.5115209000000003,1.5115209000000003,1.5105112,1.5115209000000003,937902.347231851,1417320.0
2026-02-24 14:25:00,1.5115209000000003,1.5115209000000003,1.5105112,1.5115209000000003,5755911.6569278,8694884.0
2026-02-24 14:30:00,1.5115209000000003,1.5115209000000003,1.5095015000000003,1.5105112,2489417.648806576,3761133.0
2026-02-24 14:35:00,1.5105112,1.5105112,1.5084918,1.5095015000000003,10738225.215410518,16209265.0
2026-02-24 14:40:00,1.5095015000000003,1.5095015000000003,1.5074821000000003,1.5084918,3381468.7530949786,5101546.0
2026-02-24 14:45:00,1.5084918,1.5105112,1.5074821000000003,1.5084918,12874724.175497672,19424136.0
2026-02-24 14:50:00,1.5084918,1.5105112,1.5074821000000003,1.5084918,4511141.923343567,6804939.0
2026-02-24 14:55:00,1.5084918,1.5084918,1.5074821000000003,1.5084918,3898759.037337823,5879855.0
2026-02-24 15:00:00,1.5084918,1.5095015000000003,1.5074821000000003,1.5095015000000003,14093406.952560166,21260840.0
2026-02-25 09:35:00,1.5125306,1.5155596999999998,1.5024336,1.504453,51113368.32722591,77062343.0
2026-02-25 09:40:00,1.504453,1.5135403000000003,1.504453,1.5135403000000003,47929381.00425869,72429960.0
2026-02-25 09:45:00,1.5135403000000003,1.5135403000000003,1.5064724,1.5084918,28054705.358027134,42365676.0
2026-02-25 09:50:00,1.5084918,1.5095015000000003,1.504453,1.504453,34477171.43706051,51935010.0
2026-02-25 09:55:00,1.504453,1.5064724,1.5034433000000003,1.5054627000000003,25393768.44607309,38208140.0
2026-02-25 10:00:00,1.5054627000000003,1.5054627000000003,1.4994045000000003,1.4994045000000003,36711696.54352778,55163200.0
2026-02-25 10:05:00,1.4994045000000003,1.5034433000000003,1.4983948,1.4994045000000003,42318918.49064078,63494624.0
2026-02-25 10:10:00,1.4994045000000003,1.504453,1.4983948,1.5034433000000003,16457951.866891155,24713808.0
2026-02-25 10:15:00,1.5034433000000003,1.504453,1.5014239000000003,1.5024336,18003018.718431216,27058976.0
2026-02-25 10:20:00,1.5034433000000003,1.5074821000000003,1.5034433000000003,1.5054627000000003,25607122.907794394,38548380.0
2026-02-25 10:25:00,1.5054627000000003,1.5095015000000003,1.5054627000000003,1.5084918,22319518.668911558,33639604.0
2026-02-25 10:30:00,1.5074821000000003,1.5105112,1.5074821000000003,1.5084918,15603796.1770823,23549566.0
2026-02-25 10:35:00,1.5084918,1.5115209000000003,1.5074821000000003,1.5105112,13152504.704367634,19847110.0
2026-02-25 10:40:00,1.5105112,1.5135403000000003,1.5095015000000003,1.5135403000000003,32808893.73081113,49581156.0
2026-02-25 10:45:00,1.5125306,1.51455,1.5125306,1.5125306,19189390.908190552,29036336.0
2026-02-25 10:50:00,1.5125306,1.5165694,1.5115209000000003,1.5165694,23859530.55362979,36122130.0
2026-02-25 10:55:00,1.5155596999999998,1.5206082,1.5155596999999998,1.5206082,22757698.326235514,34557236.0
2026-02-25 11:00:00,1.5195984999999999,1.5206082,1.5165694,1.5195984999999999,20902537.387342773,31732686.0
2026-02-25 11:05:00,1.5195984999999999,1.5206082,1.5155596999999998,1.5165694,18311419.23343567,27795660.0
2026-02-25 11:10:00,1.5165694,1.5195984999999999,1.5155596999999998,1.5195984999999999,13108672.873130633,19898158.0
2026-02-25 11:15:00,1.5195984999999999,1.5216178999999999,1.5185888,1.5185888,8513607.011983758,12943515.0
2026-02-25 11:20:00,1.5185888,1.5195984999999999,1.5165694,1.5175790999999998,15218664.949985143,23093654.0
2026-02-25 11:25:00,1.5185888,1.5185888,1.5165694,1.5185888,10358278.696642566,15715054.0
2026-02-25 11:30:00,1.5195984999999999,1.5195984999999999,1.5175790999999998,1.5185888,22455733.3861543,34099484.0
2026-02-25 13:05:00,1.5185888,1.5266664,1.5185888,1.524647,48347608.200455576,73614130.0
2026-02-25 13:10:00,1.524647,1.5256566999999999,1.5216178999999999,1.5226276,16323203.921957016,24874036.0
2026-02-25 13:15:00,1.5226276,1.5236372999999999,1.5195984999999999,1.5206082,9691492.522531444,14751797.0
2026-02-25 13:20:00,1.5206082,1.524647,1.5206082,1.5236372999999999,6525799.742497771,9939964.0
2026-02-25 13:25:00,1.5236372999999999,1.5256566999999999,1.5216178999999999,1.524647,16816167.178369813,25627966.0
2026-02-25 13:30:00,1.524647,1.524647,1.5216178999999999,1.5236372999999999,23089424.58155888,35168336.0
2026-02-25 13:35:00,1.5236372999999999,1.5256566999999999,1.5216178999999999,1.5216178999999999,19572797.860750716,29827468.0
2026-02-25 13:40:00,1.5216178999999999,1.5236372999999999,1.5216178999999999,1.5226276,11359021.491532138,17294396.0
2026-02-25 13:45:00,1.5226276,1.524647,1.5226276,1.5226276,14954641.972863225,22783058.0
2026-02-25 13:50:00,1.5226276,1.5236372999999999,1.5226276,1.5226276,14082040.209963355,21445154.0
2026-02-25 13:55:00,1.5236372999999999,1.524647,1.5216178999999999,1.5226276,11918192.532435376,18155424.0
2026-02-25 14:00:00,1.5226276,1.5236372999999999,1.5216178999999999,1.5226276,11348760.027731009,17280060.0
2026-02-25 14:05:00,1.5226276,1.5226276,1.5195984999999999,1.5206082,12596391.997623056,19163786.0
2026-02-25 14:10:00,1.5206082,1.5226276,1.5195984999999999,1.5216178999999999,10795926.512825591,16417784.0
2026-02-25 14:15:00,1.5206082,1.5216178999999999,1.5185888,1.5195984999999999,12117622.065960186,18416824.0
2026-02-25 14:20:00,1.5175790999999998,1.5195984999999999,1.5175790999999998,1.5175790999999998,12717969.693968505,19316444.0
2026-02-25 14:25:00,1.5175790999999998,1.5195984999999999,1.5155596999999998,1.5165694,19495911.656927798,29578460.0
2026-02-25 14:30:00,1.5155596999999998,1.5165694,1.5135403000000003,1.5135403000000003,11838369.812815687,17929060.0
2026-02-25 14:35:00,1.51455,1.5165694,1.5135403000000003,1.5165694,16559346.340497177,25084584.0
2026-02-25 14:40:00,1.5165694,1.5165694,1.51455,1.5155596999999998,12971202.337327918,19657396.0
2026-02-25 14:45:00,1.5165694,1.5165694,1.51455,1.51455,11885143.111815391,18005508.0
2026-02-25 14:50:00,1.5155596999999998,1.5165694,1.51455,1.5165694,13007542.834505297,19711356.0
2026-02-25 14:55:00,1.5165694,1.5165694,1.51455,1.5165694,8783126.671288501,13312132.0
2026-02-25 15:00:00,1.5165694,1.5185888,1.5155596999999998,1.5175790999999998,15750834.901455877,23892152.0
2026-02-26 09:35:00,1.5185888,1.5236372999999999,1.5115209000000003,1.5115209000000003,33857151.62919679,51441439.0
2026-02-26 09:40:00,1.5115209000000003,1.5115209000000003,1.5054627000000003,1.5095015000000003,38617636.921857975,58249900.0
2026-02-26 09:45:00,1.5105112,1.5105112,1.5054627000000003,1.5054627000000003,19078550.064375557,28768320.0
2026-02-26 09:50:00,1.5064724,1.5074821000000003,1.5004142,1.504453,28358823.41289492,42660224.0
2026-02-26 09:55:00,1.504453,1.5084918,1.5034433000000003,1.5054627000000003,28564920.273348518,42993972.0
2026-02-26 10:00:00,1.504453,1.5115209000000003,1.504453,1.5084918,15352692.879072992,23164178.0
2026-02-26 10:05:00,1.5084918,1.5115209000000003,1.5074821000000003,1.5084918,16968810.5377835,25619844.0
2026-02-26 10:10:00,1.5074821000000003,1.5084918,1.5054627000000003,1.5054627000000003,12536633.653560463,18893036.0
2026-02-26 10:15:00,1.5054627000000003,1.5064724,1.5034433000000003,1.5054627000000003,9832951.371694563,14800300.0
2026-02-26 10:20:00,1.5064724,1.5095015000000003,1.504453,1.5095015000000003,20196430.62295731,30436368.0
2026-02-26 10:25:00,1.5084918,1.5115209000000003,1.5074821000000003,1.5074821000000003,12494107.160542736,18859138.0
2026-02-26 10:30:00,1.5084918,1.5084918,1.5034433000000003,1.504453,17934733.089036345,27011720.0
2026-02-26 10:35:00,1.5054627000000003,1.5084918,1.504453,1.5074821000000003,15350031.692581953,23123976.0
2026-02-26 10:40:00,1.5074821000000003,1.5135403000000003,1.5074821000000003,1.5115209000000003,17762384.866792116,26816506.0
2026-02-26 10:45:00,1.5125306,1.5135403000000003,1.5105112,1.5135403000000003,12738870.95176785,19260398.0
2026-02-26 10:50:00,1.5135403000000003,1.5165694,1.5135403000000003,1.5135403000000003,13861402.39675151,21001298.0
2026-02-26 10:55:00,1.5135403000000003,1.5185888,1.5135403000000003,1.5155596999999998,9937414.083391106,15067598.0
2026-02-26 11:00:00,1.5155596999999998,1.5165694,1.5135403000000003,1.51455,12368624.343864514,18738052.0
2026-02-26 11:05:00,1.5155596999999998,1.5185888,1.51455,1.5175790999999998,13135495.69178964,19938460.0
2026-02-26 11:10:00,1.5185888,1.5195984999999999,1.5165694,1.5185888,6368972.96226602,9671406.0
2026-02-26 11:15:00,1.5195984999999999,1.5195984999999999,1.5155596999999998,1.5165694,2776243.438645142,4212205.0
2026-02-26 11:20:00,1.5165694,1.5175790999999998,1.51455,1.5155596999999998,8621717.341784688,13074323.0
2026-02-26 11:25:00,1.5155596999999998,1.5175790999999998,1.5155596999999998,1.5175790999999998,4581162.721600475,6949179.0
2026-02-26 11:30:00,1.5175790999999998,1.5206082,1.5165694,1.5185888,5675396.652471031,8619476.0
2026-02-26 13:05:00,1.5185888,1.5266664,1.5185888,1.5256566999999999,41912716.64850946,63833816.0
2026-02-26 13:10:00,1.5266664,1.5327246,1.5236372999999999,1.5317148999999999,41828606.516787164,63938080.0
2026-02-26 13:15:00,1.5307052,1.5317148999999999,1.5286858,1.5296954999999999,22644615.2322472,34652604.0
2026-02-26 13:20:00,1.5296954999999999,1.534744,1.5286858,1.534744,26890937.90234723,41184510.0
2026-02-26 13:25:00,1.534744,1.5397925,1.534744,1.5377731,23484127.95879964,36100196.0
2026-02-26 13:30:00,1.5377731,1.5397925,1.534744,1.5387828000000001,13781123.105873032,21183532.0
2026-02-26 13:35:00,1.5377731,1.5397925,1.5317148999999999,1.5337342999999999,25677983.55947311,39449950.0
2026-02-26 13:40:00,1.5337342999999999,1.5387828000000001,1.5337342999999999,1.5337342999999999,7224341.883727839,11099787.0
2026-02-26 13:45:00,1.5337342999999999,1.5377731,1.5337342999999999,1.5377731,7998381.69753392,12281847.0
2026-02-26 13:50:00,1.5377731,1.5387828000000001,1.5367634000000001,1.5377731,11026364.266613845,16954120.0
2026-02-26 13:55:00,1.5377731,1.5377731,1.5337342999999999,1.534744,5431217.193225711,8338118.0
2026-02-26 14:00:00,1.534744,1.5367634000000001,1.5327246,1.5327246,6877928.097454689,10553524.0
2026-02-26 14:05:00,1.5327246,1.5327246,1.5286858,1.5296954999999999,4747194.216103793,7268828.0
2026-02-26 14:10:00,1.5296954999999999,1.5296954999999999,1.5266664,1.5266664,5592651.282559176,8549322.0
2026-02-26 14:15:00,1.5266664,1.5286858,1.5256566999999999,1.5266664,4999131.425175794,7631912.0
2026-02-26 14:20:00,1.5266664,1.5276760999999999,1.5256566999999999,1.5276760999999999,3094221.055759136,4724870.0
2026-02-26 14:25:00,1.5276760999999999,1.5286858,1.5266664,1.5276760999999999,5880194.117064474,8983254.0
2026-02-26 14:30:00,1.5266664,1.5276760999999999,1.524647,1.5276760999999999,4312587.897395265,6581987.0
2026-02-26 14:35:00,1.5276760999999999,1.5296954999999999,1.5276760999999999,1.5286858,5117269.485985937,7820796.0
2026-02-26 14:40:00,1.5296954999999999,1.5307052,1.5286858,1.5286858,2817497.276418738,4309620.0
2026-02-26 14:45:00,1.5286858,1.5307052,1.5286858,1.5296954999999999,9099048.232148163,13914654.0
2026-02-26 14:50:00,1.5296954999999999,1.5317148999999999,1.5286858,1.5307052,25299201.743092008,38731416.0
2026-02-26 14:55:00,1.5307052,1.5317148999999999,1.5296954999999999,1.5317148999999999,8000960.681390512,12249700.0
2026-02-26 15:00:00,1.5317148999999999,1.5317148999999999,1.5296954999999999,1.5307052,6993255.422402694,10708327.0
2026-02-27 09:35:00,1.5155596999999998,1.5175790999999998,1.5084918,1.5175790999999998,76353398.03902149,115470354.0
2026-02-27 09:40:00,1.5175790999999998,1.5226276,1.5155596999999998,1.5155596999999998,48052276.91393483,73007080.0
2026-02-27 09:45:00,1.5175790999999998,1.524647,1.5165694,1.5206082,25717936.020600177,39120356.0
2026-02-27 09:50:00,1.5206082,1.5206082,1.5135403000000003,1.5135403000000003,38110527.87956819,57777530.0
2026-02-27 09:55:00,1.5135403000000003,1.5175790999999998,1.5125306,1.5125306,27642666.138456967,41883476.0
2026-02-27 10:00:00,1.5135403000000003,1.5135403000000003,1.5105112,1.5135403000000003,28417941.962959293,42976030.0
2026-02-27 10:05:00,1.5135403000000003,1.5195984999999999,1.5125306,1.5185888,18713578.29058136,28385220.0
2026-02-27 10:10:00,1.5195984999999999,1.5216178999999999,1.5185888,1.5216178999999999,14469230.464494403,21993508.0
2026-02-27 10:15:00,1.5216178999999999,1.5226276,1.5175790999999998,1.5185888,13493711.003268298,20511066.0
2026-02-27 10:20:00,1.5185888,1.5195984999999999,1.5155596999999998,1.5155596999999998,12506982.271961968,18988550.0
2026-02-27 10:25:00,1.5165694,1.5175790999999998,1.51455,1.51455,14300089.135386748,21680650.0
2026-02-27 10:30:00,1.51455,1.5175790999999998,1.51455,1.51455,35854336.931761906,54346270.0
2026-02-27 10:35:00,1.5155596999999998,1.5165694,1.51455,1.5165694,4699107.655739328,7121680.0
2026-02-27 10:40:00,1.5165694,1.5185888,1.51455,1.5175790999999998,8811167.673566405,13361996.0
2026-02-27 10:45:00,1.5175790999999998,1.5216178999999999,1.5155596999999998,1.5216178999999999,16911993.66148361,25679324.0
2026-02-27 10:50:00,1.5216178999999999,1.5236372999999999,1.5195984999999999,1.5236372999999999,25673817.965732396,39080410.0
2026-02-27 10:55:00,1.5236372999999999,1.524647,1.5216178999999999,1.5226276,25584557.78944241,38961480.0
2026-02-27 11:00:00,1.5226276,1.524647,1.5216178999999999,1.524647,5159996.038427255,7860488.0
2026-02-27 11:05:00,1.524647,1.5317148999999999,1.5236372999999999,1.5317148999999999,18592427.45369912,28395888.0
2026-02-27 11:10:00,1.5307052,1.5367634000000001,1.5307052,1.5327246,28977735.961176585,44432680.0
2026-02-27 11:15:00,1.5317148999999999,1.5327246,1.5286858,1.5296954999999999,12924829.157175398,19786680.0
2026-02-27 11:20:00,1.5296954999999999,1.5307052,1.5266664,1.5266664,8026272.160047539,12272023.0
2026-02-27 11:25:00,1.5256566999999999,1.5276760999999999,1.524647,1.524647,5470931.959988115,8350612.0
2026-02-27 11:30:00,1.524647,1.524647,1.5206082,1.5216178999999999,13174059.621669803,20052976.0
2026-02-27 13:05:00,1.5206082,1.5327246,1.5206082,1.5276760999999999,50699168.06972368,77496560.0
2026-02-27 13:10:00,1.5266664,1.5286858,1.5236372999999999,1.5236372999999999,7840152.520550658,11967598.0
2026-02-27 13:15:00,1.524647,1.5266664,1.5226276,1.5266664,9342714.667723086,14241914.0
2026-02-27 13:20:00,1.5276760999999999,1.5307052,1.5276760999999999,1.5296954999999999,8459709.814796474,12935714.0
2026-02-27 13:25:00,1.5286858,1.5327246,1.5286858,1.5286858,13858868.970981479,21211584.0
2026-02-27 13:30:00,1.5296954999999999,1.5327246,1.5286858,1.5307052,12520607.111023076,19170998.0
2026-02-27 13:35:00,1.5317148999999999,1.5377731,1.5317148999999999,1.534744,24175909.676141426,37117340.0
2026-02-27 13:40:00,1.5337342999999999,1.5367634000000001,1.5337342999999999,1.5357536999999999,8922539.368129147,13694373.0
2026-02-27 13:45:00,1.5367634000000001,1.5377731,1.5357536999999999,1.5367634000000001,11878082.59879172,18250556.0
2026-02-27 13:50:00,1.5377731,1.5387828000000001,1.5327246,1.5337342999999999,13804133.90115876,21208644.0
2026-02-27 13:55:00,1.5337342999999999,1.5357536999999999,1.5327246,1.5357536999999999,5870555.610577399,9004396.0
2026-02-27 14:00:00,1.534744,1.5357536999999999,1.5327246,1.5337342999999999,4995493.711003268,7665930.0
2026-02-27 14:05:00,1.5337342999999999,1.534744,1.5317148999999999,1.5327246,3738506.487075369,5731184.0
2026-02-27 14:10:00,1.5327246,1.5367634000000001,1.5327246,1.5357536999999999,5546435.574923244,8512403.0
2026-02-27 14:15:00,1.5357536999999999,1.5367634000000001,1.534744,1.534744,3507873.625829454,5384987.0
2026-02-27 14:20:00,1.534744,1.534744,1.5317148999999999,1.5317148999999999,5886832.722590868,9029928.0
2026-02-27 14:25:00,1.5317148999999999,1.5327246,1.5317148999999999,1.5317148999999999,4097271.4667723086,6275965.0
2026-02-27 14:30:00,1.5317148999999999,1.5327246,1.5296954999999999,1.5307052,8140353.570367436,12460657.0
2026-02-27 14:35:00,1.5307052,1.5307052,1.5286858,1.5307052,10142715.658116272,15516641.0
2026-02-27 14:40:00,1.5307052,1.5307052,1.5286858,1.5307052,10747497.276418738,16442484.0
2026-02-27 14:45:00,1.5307052,1.5317148999999999,1.5286858,1.5307052,9881988.709517678,15124539.0
2026-02-27 14:50:00,1.5317148999999999,1.5327246,1.5317148999999999,1.5327246,14196433.594136871,21755178.0
2026-02-27 14:55:00,1.5327246,1.5337342999999999,1.5317148999999999,1.5327246,9245854.214123007,14175673.0
2026-02-27 15:00:00,1.5337342999999999,1.534744,1.5327246,1.5337342999999999,9328414.380509062,14310897.0
2026-03-02 09:35:00,1.5054627000000003,1.5266664,1.5034433000000003,1.5216178999999999,117512273.94275527,178259705.0
2026-03-02 09:40:00,1.5216178999999999,1.5216178999999999,1.5115209000000003,1.5155596999999998,45729424.581558876,69355050.0
2026-03-02 09:45:00,1.5165694,1.5307052,1.5165694,1.524647,79407457.66069129,121135510.0
2026-03-02 09:50:00,1.524647,1.5256566999999999,1.5195984999999999,1.5236372999999999,55597765.672972165,84672780.0
2026-03-02 09:55:00,1.524647,1.5256566999999999,1.5195984999999999,1.5216178999999999,31771377.636921857,48362790.0
2026-03-02 10:00:00,1.5216178999999999,1.5266664,1.5195984999999999,1.5256566999999999,28210791.32415569,43008810.0
2026-03-02 10:05:00,1.5256566999999999,1.5327246,1.524647,1.5256566999999999,33156775.279786073,50656892.0
2026-03-02 10:10:00,1.5256566999999999,1.5266664,1.5165694,1.5165694,18852696.840645734,28662280.0
2026-03-02 10:15:00,1.5165694,1.5165694,1.5105112,1.5105112,37837278.39952461,57246340.0
2026-03-02 10:20:00,1.5105112,1.5105112,1.5064724,1.5095015000000003,28381560.859661285,42816110.0
2026-03-02 10:25:00,1.5095015000000003,1.5115209000000003,1.5064724,1.5095015000000003,22866364.266613845,34499720.0
2026-03-02 10:30:00,1.5095015000000003,1.5155596999999998,1.5084918,1.5115209000000003,8849804.89254234,13380011.0
2026-03-02 10:35:00,1.5115209000000003,1.5135403000000003,1.5084918,1.5115209000000003,10108921.461820342,15273802.0
2026-03-02 10:40:00,1.5125306,1.5175790999999998,1.5125306,1.5155596999999998,14102703.773398038,21375852.0
2026-03-02 10:45:00,1.5155596999999998,1.5165694,1.5125306,1.51455,15415226.304843022,23341644.0
2026-03-02 10:50:00,1.5135403000000003,1.51455,1.5095015000000003,1.5135403000000003,15744100.227790432,23805608.0
2026-03-02 10:55:00,1.5135403000000003,1.5165694,1.5115209000000003,1.5125306,13752351.193423789,20820854.0
2026-03-02 11:00:00,1.5115209000000003,1.5135403000000003,1.5095015000000003,1.5105112,9245367.931068635,13969438.0
2026-03-02 11:05:00,1.5115209000000003,1.5135403000000003,1.5074821000000003,1.5125306,7171338.021194414,10827430.0
2026-03-02 11:10:00,1.5125306,1.5135403000000003,1.5084918,1.5105112,7840744.775675943,11846495.0
2026-03-02 11:15:00,1.5095015000000003,1.5115209000000003,1.5074821000000003,1.5074821000000003,7194414.182430425,10856380.0
2026-03-02 11:20:00,1.5074821000000003,1.5074821000000003,1.504453,1.504453,9311325.146082995,14020029.0
2026-03-02 11:25:00,1.5054627000000003,1.5105112,1.504453,1.5105112,21458817.470535804,32338332.0
2026-03-02 11:30:00,1.5095015000000003,1.5105112,1.5074821000000003,1.5084918,15239675.15103496,22998540.0
2026-03-02 13:05:00,1.5084918,1.5165694,1.5084918,1.5135403000000003,8830840.843814993,13360302.0
2026-03-02 13:10:00,1.5125306,1.51455,1.5115209000000003,1.51455,6622885.015351094,10019154.0
2026-03-02 13:15:00,1.5125306,1.5165694,1.5115209000000003,1.5165694,6807764.682578984,10313297.0
2026-03-02 13:20:00,1.5155596999999998,1.5236372999999999,1.5155596999999998,1.5236372999999999,17037436.862434387,25872660.0
2026-03-02 13:25:00,1.5226276,1.5256566999999999,1.5226276,1.5226276,8714856.888184609,13280097.0
2026-03-02 13:30:00,1.5226276,1.5236372999999999,1.5195984999999999,1.5195984999999999,6274634.049717737,9553394.0
2026-03-02 13:35:00,1.5195984999999999,1.5216178999999999,1.5185888,1.5195984999999999,6486468.257898386,9857393.0
2026-03-02 13:40:00,1.5195984999999999,1.5206082,1.5165694,1.5165694,4348915.519461226,6603015.0
2026-03-02 13:45:00,1.5165694,1.5185888,1.51455,1.5175790999999998,5566034.465682876,8441079.0
2026-03-02 13:50:00,1.5175790999999998,1.5175790999999998,1.5155596999999998,1.5175790999999998,7906190.947806279,11990431.0
2026-03-02 13:55:00,1.5185888,1.5185888,1.5165694,1.5165694,9289687.035753194,14094850.0
2026-03-02 14:00:00,1.5155596999999998,1.5165694,1.5115209000000003,1.5115209000000003,14402099.63355452,21798236.0
2026-03-02 14:05:00,1.5125306,1.5125306,1.5095015000000003,1.5105112,9448549.073982371,14278133.0
2026-03-02 14:10:00,1.5115209000000003,1.51455,1.5095015000000003,1.5125306,6537713.182133307,9881598.0
2026-03-02 14:15:00,1.5135403000000003,1.5155596999999998,1.5125306,1.5135403000000003,6163716.945627414,9330154.0
2026-03-02 14:20:00,1.5135403000000003,1.5155596999999998,1.5135403000000003,1.5135403000000003,2637674.556799049,3993629.0
2026-03-02 14:25:00,1.5135403000000003,1.5135403000000003,1.5115209000000003,1.5125306,3988860.057442805,6032443.0
2026-03-02 14:30:00,1.5115209000000003,1.51455,1.5105112,1.51455,3975737.3477270473,6013778.0
2026-03-02 14:35:00,1.51455,1.51455,1.5115209000000003,1.5125306,2599900.9606813905,3933638.0
2026-03-02 14:40:00,1.5125306,1.5135403000000003,1.5115209000000003,1.5115209000000003,10918985.837377438,16507974.0
2026-03-02 14:45:00,1.5115209000000003,1.5115209000000003,1.5095015000000003,1.5115209000000003,10004689.511736158,15115072.0
2026-03-02 14:50:00,1.5115209000000003,1.5115209000000003,1.5084918,1.5095015000000003,4506263.246508864,6801572.0
2026-03-02 14:55:00,1.5095015000000003,1.5105112,1.5084918,1.5105112,6540558.581756957,9872884.0
2026-03-02 15:00:00,1.5105112,1.5115209000000003,1.5095015000000003,1.5105112,4375349.113598098,6608583.0
2026-03-03 09:35:00,1.5105112,1.51455,1.5054627000000003,1.5064724,53679706.84361691,81064264.0
2026-03-03 09:40:00,1.5064724,1.5155596999999998,1.5054627000000003,1.5074821000000003,58998128.15687828,89122380.0
2026-03-03 09:45:00,1.5074821000000003,1.5095015000000003,1.4973851000000002,1.4973851000000002,50759805.882935524,76222710.0
2026-03-03 09:50:00,1.4973851000000002,1.4973851000000002,1.484259,1.4862784,50249826.68119243,74882160.0
2026-03-03 09:55:00,1.4862784,1.4872881000000002,1.4802202,1.4812299000000002,40165890.85867089,59601176.0
2026-03-03 10:00:00,1.4812299000000002,1.4832493000000002,1.474162,1.474162,64723086.06516787,95810264.0
2026-03-03 10:05:00,1.4751717000000002,1.4792105000000002,1.4711329000000002,1.4721426,70270823.01673764,103719784.0
2026-03-03 10:10:00,1.4711329000000002,1.4751717000000002,1.4660844,1.4701232,79743993.26532634,117203910.0
2026-03-03 10:15:00,1.4691135000000002,1.4691135000000002,1.464065,1.4660844,43117450.72793899,63217400.0
2026-03-03 10:20:00,1.4660844,1.4660844,1.4569971000000002,1.4590165000000002,38990052.49083886,56964380.0
2026-03-03 10:25:00,1.4580068,1.4691135000000002,1.4580068,1.4691135000000002,33620451.619292855,49164850.0
2026-03-03 10:30:00,1.4681038,1.4681038,1.4590165000000002,1.4620456,20010514.01406358,29293168.0
2026-03-03 10:35:00,1.4620456,1.4681038,1.4600262,1.4650747000000002,33565910.66653461,49164260.0
2026-03-03 10:40:00,1.464065,1.4691135000000002,1.4630553000000002,1.4670941000000002,9619663.266316727,14102185.0
2026-03-03 10:45:00,1.4670941000000002,1.4721426,1.4660844,1.4670941000000002,9686547.489353273,14228935.0
2026-03-03 10:50:00,1.4660844,1.4701232,1.4650747000000002,1.4670941000000002,7194018.025155987,10558776.0
2026-03-03 10:55:00,1.4670941000000002,1.4681038,1.4620456,1.4681038,20041816.381103296,29368752.0
2026-03-03 11:00:00,1.4681038,1.4691135000000002,1.4650747000000002,1.4681038,16111091.413291076,23641952.0
2026-03-03 11:05:00,1.4691135000000002,1.4761814,1.4670941000000002,1.4761814,16919924.730117857,24902022.0
2026-03-03 11:10:00,1.4761814,1.4761814,1.4711329000000002,1.4731523000000002,8129396.850549668,11982667.0
2026-03-03 11:15:00,1.4721426,1.474162,1.4670941000000002,1.4681038,9538773.893235615,14029985.0
2026-03-03 11:20:00,1.4670941000000002,1.4670941000000002,1.4620456,1.4630553000000002,13484797.464593442,19745188.0
2026-03-03 11:25:00,1.4630553000000002,1.464065,1.4610359000000002,1.4620456,18188570.862632465,26597842.0
2026-03-03 11:30:00,1.4620456,1.4650747000000002,1.4610359000000002,1.4620456,6513374.269585025,9527484.0
2026-03-03 13:05:00,1.4620456,1.4630553000000002,1.4569971000000002,1.4600262,41111518.27275428,60015416.0
2026-03-03 13:10:00,1.4600262,1.464065,1.4559874,1.4620456,24383975.438248985,35574910.0
2026-03-03 13:15:00,1.4610359000000002,1.4650747000000002,1.4610359000000002,1.464065,15063031.593542635,22038616.0
2026-03-03 13:20:00,1.4650747000000002,1.4660844,1.4559874,1.4569971000000002,20899475.09161137,30517160.0
2026-03-03 13:25:00,1.4580068,1.4580068,1.4529583000000001,1.4549777000000002,21336852.53045459,31051220.0
2026-03-03 13:30:00,1.4549777000000002,1.4549777000000002,1.4519486,1.4529583000000001,20868360.899277013,30327104.0
2026-03-03 13:35:00,1.4519486,1.453968,1.4499292,1.4509389000000001,11122016.44052689,16143632.0
2026-03-03 13:40:00,1.4509389000000001,1.4509389000000001,1.4469001000000001,1.4479098,12898157.868673863,18686036.0
2026-03-03 13:45:00,1.4479098,1.4509389000000001,1.4469001000000001,1.4499292,14287245.71654947,20691208.0
2026-03-03 13:50:00,1.4499292,1.4549777000000002,1.4489195000000001,1.4509389000000001,21639532.53441616,31429196.0
2026-03-03 13:55:00,1.4509389000000001,1.4519486,1.4448807000000001,1.4458904,25371920.372387838,36744560.0
2026-03-03 14:00:00,1.4458904,1.4458904,1.4428613000000001,1.4448807000000001,23741396.454392392,34289204.0
2026-03-03 14:05:00,1.4448807000000001,1.4448807000000001,1.4398322,1.4418516,30060204.020996336,43363110.0
2026-03-03 14:10:00,1.4418516,1.4428613000000001,1.4388225000000001,1.4398322,23420719.025453106,33749036.0
2026-03-03 14:15:00,1.4398322,1.4418516,1.4378128,1.4388225000000001,35518074.67564623,51117916.0
2026-03-03 14:20:00,1.4378128,1.4388225000000001,1.4337739999999999,1.4347837,26777724.076458354,38468144.0
2026-03-03 14:25:00,1.4347837,1.4398322,1.4337739999999999,1.4347837,60367689.41269684,86714090.0
2026-03-03 14:30:00,1.4337739999999999,1.443871,1.4327643,1.443871,55500303.060314946,79787380.0
2026-03-03 14:35:00,1.443871,1.4458904,1.4368031,1.4368031,26752001.584629096,38560410.0
2026-03-03 14:40:00,1.4368031,1.4368031,1.4307449,1.4317545999999999,18081410.319897,25919724.0
2026-03-03 14:45:00,1.4317545999999999,1.4368031,1.4317545999999999,1.4317545999999999,34432474.99257205,49353630.0
2026-03-03 14:50:00,1.4327643,1.4357933999999999,1.4307449,1.4307449,30938486.679211646,44330496.0
2026-03-03 14:55:00,1.4317545999999999,1.4317545999999999,1.4277158,1.4287255,41666534.61424185,59563130.0
2026-03-03 15:00:00,1.4287255,1.4347837,1.4287255,1.4337739999999999,25948273.744676635,37141780.0
2026-03-04 09:35:00,1.4166091,1.443871,1.4166091,1.4418516,76334152.71862929,109409834.0
2026-03-04 09:40:00,1.4428613000000001,1.4428613000000001,1.4297352,1.4337739999999999,38922032.28681786,55973530.0
2026-03-04 09:45:00,1.4327643,1.4408419000000001,1.4317545999999999,1.4398322,61478557.987521045,88223784.0
2026-03-04 09:50:00,1.4398322,1.4519486,1.4388225000000001,1.4489195000000001,40852455.18470833,59126310.0
2026-03-04 09:55:00,1.4479098,1.4479098,1.4398322,1.4428613000000001,32622957.314053677,47105340.0
2026-03-04 10:00:00,1.4428613000000001,1.4428613000000001,1.4378128,1.4378128,19957232.84143805,28751724.0
2026-03-04 10:05:00,1.4378128,1.4398322,1.4337739999999999,1.4398322,29005375.85421412,41667604.0
2026-03-04 10:10:00,1.4388225000000001,1.4458904,1.4388225000000001,1.4448807000000001,19717341.78468852,28451256.0
2026-03-04 10:15:00,1.4448807000000001,1.4499292,1.4448807000000001,1.4489195000000001,25413092.997920174,36783900.0
2026-03-04 10:20:00,1.4499292,1.4509389000000001,1.4458904,1.4458904,23689016.539566208,34333116.0
2026-03-04 10:25:00,1.4469001000000001,1.4469001000000001,1.4398322,1.4398322,13526393.978409428,19521460.0
2026-03-04 10:30:00,1.4408419000000001,1.443871,1.4378128,1.4388225000000001,13103694.166584134,18881752.0
2026-03-04 10:35:00,1.4378128,1.4398322,1.4337739999999999,1.4347837,13443891.254828166,19321828.0
2026-03-04 10:40:00,1.4337739999999999,1.4357933999999999,1.4307449,1.4307449,20304367.633950677,29096092.0
2026-03-04 10:45:00,1.4317545999999999,1.4327643,1.4277158,1.4317545999999999,17565054.966821827,25128026.0
2026-03-04 10:50:00,1.4317545999999999,1.4337739999999999,1.4317545999999999,1.4327643,10967440.824007131,15712359.0
2026-03-04 10:55:00,1.4337739999999999,1.4368031,1.4317545999999999,1.4317545999999999,18170236.703971475,26063480.0
2026-03-04 11:00:00,1.4317545999999999,1.4337739999999999,1.4307449,1.4317545999999999,22546597.999405764,32292224.0
2026-03-04 11:05:00,1.4307449,1.4327643,1.4246867,1.4246867,29946815.885906704,42828030.0
2026-03-04 11:10:00,1.4256964,1.4297352,1.4246867,1.4267061,28862886.00574428,41205496.0
2026-03-04 11:15:00,1.4277158,1.4297352,1.4256964,1.4277158,15710219.867287312,22433500.0
2026-03-04 11:20:00,1.4267061,1.4347837,1.4267061,1.4337739999999999,22681200.356541544,32461072.0
2026-03-04 11:25:00,1.4337739999999999,1.4347837,1.4267061,1.4287255,17432045.161929287,24943488.0
2026-03-04 11:30:00,1.4297352,1.4317545999999999,1.4226673,1.423677,19282063.979399823,27513734.0
2026-03-04 13:05:00,1.423677,1.4277158,1.4196382,1.4196382,24327760.721006237,34651216.0
2026-03-04 13:10:00,1.4206479,1.4267061,1.4196382,1.423677,20252649.301772803,28806640.0
2026-03-04 13:15:00,1.423677,1.4297352,1.4226673,1.4267061,4093257.403189066,5843723.0
2026-03-04 13:20:00,1.4267061,1.4337739999999999,1.4267061,1.4307449,10396790.135683866,14877328.0
2026-03-04 13:25:00,1.4307449,1.4317545999999999,1.4246867,1.4246867,7176350.40110924,10249658.0
2026-03-04 13:30:00,1.4246867,1.4277158,1.4246867,1.4256964,8333244.528077646,11883334.0
2026-03-04 13:35:00,1.4256964,1.4287255,1.423677,1.4277158,12893040.507081311,18374160.0
2026-03-04 13:40:00,1.4287255,1.4337739999999999,1.4267061,1.4337739999999999,6276472.21947113,8969273.0
2026-03-04 13:45:00,1.4337739999999999,1.4337739999999999,1.4277158,1.4277158,4547786.471229077,6511664.0
2026-03-04 13:50:00,1.4277158,1.4317545999999999,1.4267061,1.4277158,7283648.608497573,10407704.0
2026-03-04 13:55:00,1.4287255,1.4297352,1.4267061,1.4277158,2175695.7512132316,3107675.0
2026-03-04 14:00:00,1.4287255,1.4307449,1.4277158,1.4297352,9963096.959492918,14237151.0
2026-03-04 14:05:00,1.4287255,1.4287255,1.4246867,1.4256964,8850648.707536891,12628162.0
2026-03-04 14:10:00,1.4246867,1.4267061,1.4226673,1.4246867,20118546.102802813,28664920.0
2026-03-04 14:15:00,1.4246867,1.4246867,1.4226673,1.423677,17318312.370010894,24656256.0
2026-03-04 14:20:00,1.4246867,1.4277158,1.4246867,1.4267061,1738562.9394869762,2479067.0
2026-03-04 14:25:00,1.4256964,1.4277158,1.4246867,1.4256964,2327991.4826185997,3320906.0
2026-03-04 14:30:00,1.4256964,1.4267061,1.4246867,1.4256964,3829850.4506288995,5459113.0
2026-03-04 14:35:00,1.4256964,1.4287255,1.4246867,1.4287255,5792796.870357532,8258813.0
2026-03-04 14:40:00,1.4287255,1.4287255,1.4256964,1.4267061,4454761.810438744,6356536.0
2026-03-04 14:45:00,1.4277158,1.4277158,1.4256964,1.4267061,8474180.449638506,12091039.0
2026-03-04 14:50:00,1.4256964,1.4267061,1.4246867,1.4256964,9859456.274140833,14053039.0
2026-03-04 14:55:00,1.4256964,1.4267061,1.4256964,1.4267061,19370502.12934535,27627402.0
2026-03-04 15:00:00,1.4267061,1.4267061,1.4256964,1.4267061,13690006.932752302,19525248.0
2026-03-05 09:35:00,1.4600262,1.4620456,1.4489195000000001,1.4580068,85754283.45052986,124778473.0
2026-03-05 09:40:00,1.4590165000000002,1.4600262,1.4529583000000001,1.4559874,71644623.15539269,104391300.0
2026-03-05 09:45:00,1.4559874,1.4600262,1.4529583000000001,1.4549777000000002,75444880.65762107,109829760.0
2026-03-05 09:50:00,1.4559874,1.4600262,1.4549777000000002,1.4559874,42506130.533821926,61967380.0
2026-03-05 09:55:00,1.4549777000000002,1.4569971000000002,1.4529583000000001,1.4549777000000002,49981182.52946419,72727304.0
2026-03-05 10:00:00,1.4549777000000002,1.4549777000000002,1.4519486,1.4529583000000001,31739752.401703473,46135816.0
2026-03-05 10:05:00,1.4529583000000001,1.4610359000000002,1.4529583000000001,1.4580068,31467227.88947212,45882744.0
2026-03-05 10:10:00,1.4569971000000002,1.4600262,1.4569971000000002,1.4580068,17568782.80677429,25627350.0
2026-03-05 10:15:00,1.4580068,1.4600262,1.4559874,1.4590165000000002,24316529.66227592,35460150.0
2026-03-05 10:20:00,1.4590165000000002,1.4620456,1.4569971000000002,1.4600262,18226376.151332077,26613002.0
2026-03-05 10:25:00,1.4590165000000002,1.464065,1.4590165000000002,1.4620456,33409907.89343369,48861896.0
2026-03-05 10:30:00,1.4630553000000002,1.4660844,1.4620456,1.4650747000000002,36287863.721897595,53142610.0
2026-03-05 10:35:00,1.4650747000000002,1.4670941000000002,1.464065,1.4670941000000002,21099368.12914727,30925120.0
2026-03-05 10:40:00,1.4660844,1.4660844,1.4590165000000002,1.4610359000000002,41860849.75735367,61219450.0
2026-03-05 10:45:00,1.4600262,1.4620456,1.4590165000000002,1.4600262,21133261.36476181,30861344.0
2026-03-05 10:50:00,1.4600262,1.4620456,1.4580068,1.4620456,15445820.54075468,22548010.0
2026-03-05 10:55:00,1.4620456,1.464065,1.4610359000000002,1.4620456,7146776.2701792605,10451269.0
2026-03-05 11:00:00,1.4630553000000002,1.4650747000000002,1.4620456,1.4650747000000002,9145338.219273051,13387117.0
2026-03-05 11:05:00,1.4650747000000002,1.4660844,1.464065,1.464065,11508406.457363572,16867990.0
2026-03-05 11:10:00,1.464065,1.4650747000000002,1.4610359000000002,1.4610359000000002,3290448.648113301,4814535.0
2026-03-05 11:15:00,1.4610359000000002,1.4610359000000002,1.4580068,1.4600262,9733922.947410122,14212375.0
2026-03-05 11:20:00,1.4610359000000002,1.4630553000000002,1.4580068,1.4580068,6998217.292265029,10223952.0
2026-03-05 11:25:00,1.4590165000000002,1.4610359000000002,1.4580068,1.4600262,7542933.544617212,11006519.0
2026-03-05 11:30:00,1.4600262,1.4620456,1.4580068,1.4580068,8904129.939586015,12992803.0
2026-03-05 13:05:00,1.4580068,1.464065,1.4580068,1.4600262,18106265.227295235,26441436.0
2026-03-05 13:10:00,1.4590165000000002,1.4610359000000002,1.4580068,1.4600262,12792116.470238684,18672304.0
2026-03-05 13:15:00,1.4600262,1.4630553000000002,1.4600262,1.4620456,13667109.042289788,19971536.0
2026-03-05 13:20:00,1.4620456,1.4660844,1.4590165000000002,1.4630553000000002,15163965.534317123,22186592.0
2026-03-05 13:25:00,1.4630553000000002,1.4650747000000002,1.4620456,1.4630553000000002,11832526.493017728,17316620.0
2026-03-05 13:30:00,1.4630553000000002,1.464065,1.4600262,1.4610359000000002,5222730.514014063,7633586.0
2026-03-05 13:35:00,1.4610359000000002,1.464065,1.4610359000000002,1.4620456,11490454.590472417,16804392.0
2026-03-05 13:40:00,1.4620456,1.4620456,1.4590165000000002,1.4590165000000002,14515400.614043774,21181040.0
2026-03-05 13:45:00,1.4590165000000002,1.4600262,1.4559874,1.4590165000000002,15439635.535307517,22501944.0
2026-03-05 13:50:00,1.4600262,1.4600262,1.453968,1.4549777000000002,11094807.368525304,16163851.0
2026-03-05 13:55:00,1.453968,1.4549777000000002,1.4509389000000001,1.4519486,16259869.268099435,23614790.0
2026-03-05 14:00:00,1.4519486,1.4529583000000001,1.4509389000000001,1.4529583000000001,13405863.12766168,19461908.0
2026-03-05 14:05:00,1.4519486,1.4519486,1.4489195000000001,1.4489195000000001,15234227.988511438,22086308.0
2026-03-05 14:10:00,1.4499292,1.4499292,1.443871,1.4448807000000001,9488164.801426167,13731132.0
2026-03-05 14:15:00,1.443871,1.4448807000000001,1.4418516,1.443871,14599385.95622462,21073632.0
2026-03-05 14:20:00,1.443871,1.4448807000000001,1.4398322,1.4428613000000001,15599482.024363672,22495748.0
2026-03-05 14:25:00,1.4428613000000001,1.4469001000000001,1.4408419000000001,1.4469001000000001,12980192.136278102,18736368.0
2026-03-05 14:30:00,1.4469001000000001,1.4479098,1.4448807000000001,1.4469001000000001,9831633.15836387,14218880.0
2026-03-05 14:35:00,1.4458904,1.4479098,1.4428613000000001,1.4428613000000001,6453600.079231455,9322248.0
2026-03-05 14:40:00,1.4428613000000001,1.4448807000000001,1.4428613000000001,1.4428613000000001,7340200.059423591,10597001.0
2026-03-05 14:45:00,1.4428613000000001,1.4469001000000001,1.4428613000000001,1.4458904,7999856.392988016,11555393.0
2026-03-05 14:50:00,1.4458904,1.4469001000000001,1.4448807000000001,1.4458904,3530850.7477468555,5105513.0
2026-03-05 14:55:00,1.4458904,1.4489195000000001,1.4458904,1.4489195000000001,5842852.332375953,8454055.0
2026-03-05 15:00:00,1.4489195000000001,1.4509389000000001,1.4479098,1.4499292,10666649.499851441,15463286.0
2026-03-06 09:35:00,1.4398322,1.453968,1.4388225000000001,1.4509389000000001,57765791.819352284,83674757.0
2026-03-06 09:40:00,1.4519486,1.4600262,1.4499292,1.4580068,39630117.85678914,57682380.0
2026-03-06 09:45:00,1.4580068,1.4580068,1.4499292,1.453968,47553471.32811726,69086910.0
2026-03-06 09:50:00,1.4549777000000002,1.4559874,1.4499292,1.4549777000000002,44959429.533524804,65342136.0
2026-03-06 09:55:00,1.4549777000000002,1.4590165000000002,1.453968,1.4559874,10856095.870060414,15814953.0
2026-03-06 10:00:00,1.4559874,1.4569971000000002,1.4499292,1.4499292,7889175.0024759825,11472970.0
2026-03-06 10:05:00,1.4509389000000001,1.4580068,1.4499292,1.4559874,16684460.73091017,24260440.0
2026-03-06 10:10:00,1.4549777000000002,1.4590165000000002,1.4549777000000002,1.4580068,19039484.99554323,27739412.0
2026-03-06 10:15:00,1.4580068,1.4630553000000002,1.4569971000000002,1.4610359000000002,14815786.867386352,21645400.0
2026-03-06 10:20:00,1.4610359000000002,1.4620456,1.4549777000000002,1.4559874,8977121.917401208,13103381.0
2026-03-06 10:25:00,1.4559874,1.4600262,1.4559874,1.4580068,10706843.616915915,15613819.0
2026-03-06 10:30:00,1.4580068,1.4580068,1.453968,1.4559874,16136773.298999703,23507108.0
2026-03-06 10:35:00,1.4559874,1.4569971000000002,1.453968,1.4549777000000002,16654776.666336535,24244862.0
2026-03-06 10:40:00,1.4549777000000002,1.4559874,1.4529583000000001,1.4529583000000001,18615133.20788353,27079396.0
2026-03-06 10:45:00,1.4529583000000001,1.4569971000000002,1.4529583000000001,1.4569971000000002,9511318.213330692,13836578.0
2026-03-06 10:50:00,1.4559874,1.4580068,1.4559874,1.4569971000000002,5520055.462018421,8041429.0
2026-03-06 10:55:00,1.4569971000000002,1.4580068,1.4549777000000002,1.4549777000000002,4266244.429038328,6213230.0
2026-03-06 11:00:00,1.4559874,1.4559874,1.453968,1.4549777000000002,5276328.612459146,7677203.0
2026-03-06 11:05:00,1.453968,1.4580068,1.453968,1.4580068,26783504.011092402,39011656.0
2026-03-06 11:10:00,1.4569971000000002,1.4610359000000002,1.4569971000000002,1.4590165000000002,17885518.47083292,26103104.0
2026-03-06 11:15:00,1.4590165000000002,1.4610359000000002,1.4580068,1.4600262,6013587.204120035,8776863.0
2026-03-06 11:20:00,1.4600262,1.4610359000000002,1.4590165000000002,1.4590165000000002,2093295.0381301376,3056490.0
2026-03-06 11:25:00,1.4590165000000002,1.4610359000000002,1.4590165000000002,1.4600262,2058440.1307319005,3005379.0
2026-03-06 11:30:00,1.4600262,1.4610359000000002,1.4590165000000002,1.4600262,10668911.557888482,15574663.0
2026-03-06 13:05:00,1.4590165000000002,1.4630553000000002,1.4590165000000002,1.4610359000000002,13798733.287114983,20167810.0
2026-03-06 13:10:00,1.4610359000000002,1.4650747000000002,1.4600262,1.464065,25632439.33841735,37510800.0
2026-03-06 13:15:00,1.464065,1.4660844,1.4610359000000002,1.4620456,15796570.268396553,23119252.0
2026-03-06 13:20:00,1.4620456,1.4630553000000002,1.4590165000000002,1.4610359000000002,11509458.254927205,16815488.0
2026-03-06 13:25:00,1.4600262,1.4610359000000002,1.4569971000000002,1.4580068,9738932.35614539,14201730.0
2026-03-06 13:30:00,1.4580068,1.4590165000000002,1.4559874,1.4580068,6817866.693077152,9933775.0
2026-03-06 13:35:00,1.4580068,1.4610359000000002,1.4580068,1.4600262,12907200.15846291,18830522.0
2026-03-06 13:40:00,1.4600262,1.4620456,1.4590165000000002,1.4600262,6512936.515796771,9510666.0
2026-03-06 13:45:00,1.4600262,1.4600262,1.4559874,1.4590165000000002,3300089.1353867482,4812570.0
2026-03-06 13:50:00,1.4580068,1.4580068,1.4549777000000002,1.4580068,11523719.916806972,16795752.0
2026-03-06 13:55:00,1.4569971000000002,1.4580068,1.4559874,1.4569971000000002,14482915.717539862,21107050.0
2026-03-06 14:00:00,1.4569971000000002,1.4580068,1.4549777000000002,1.4559874,8405466.970387243,12242002.0
2026-03-06 14:05:00,1.4569971000000002,1.4569971000000002,1.4549777000000002,1.4569971000000002,16221400.415965138,23619092.0
2026-03-06 14:10:00,1.4559874,1.4569971000000002,1.4549777000000002,1.4559874,2176785.183717936,3168073.0
2026-03-06 14:15:00,1.4559874,1.4559874,1.453968,1.4549777000000002,2976725.76012677,4331294.0
2026-03-06 14:20:00,1.453968,1.4549777000000002,1.453968,1.4549777000000002,3107358.621372685,4518403.0
2026-03-06 14:25:00,1.4549777000000002,1.4549777000000002,1.4519486,1.4549777000000002,6169360.206001783,8968982.0
2026-03-06 14:30:00,1.4549777000000002,1.4569971000000002,1.453968,1.4549777000000002,2654719.223531742,3863417.0
2026-03-06 14:35:00,1.4549777000000002,1.4559874,1.4529583000000001,1.4529583000000001,3246835.693770427,4721180.0
2026-03-06 14:40:00,1.453968,1.4549777000000002,1.4529583000000001,1.453968,6374011.092403684,9267153.0
2026-03-06 14:45:00,1.4549777000000002,1.4549777000000002,1.4529583000000001,1.453968,6052886.996137466,8801132.0
2026-03-06 14:50:00,1.4549777000000002,1.4569971000000002,1.453968,1.4569971000000002,5991917.40120828,8720613.0
2026-03-06 14:55:00,1.4569971000000002,1.4580068,1.4559874,1.4580068,8380451.619292859,12211679.0
2026-03-06 15:00:00,1.4590165000000002,1.4590165000000002,1.4569971000000002,1.4580068,4263147.469545409,6214529.0
2026-03-09 09:35:00,1.4256964,1.4256964,1.4024733,1.4055024,76317034.76280083,107754897.0
2026-03-09 09:40:00,1.4044927,1.4095412,1.4004539,1.4024733,70049064.07843913,98329580.0
2026-03-09 09:45:00,1.4024733,1.41358,1.4004539,1.4055024,56648259.87917203,79675700.0
2026-03-09 09:50:00,1.403483,1.4085315,1.4024733,1.4055024,71198603.5456076,99980070.0
2026-03-09 09:55:00,1.4055024,1.4055024,1.3974248,1.3984345,56400812.12241259,79018830.0
2026-03-09 10:00:00,1.3974248,1.4014636,1.3964151,1.3974248,34769729.6226602,48649988.0
2026-03-09 10:05:00,1.3974248,1.4044927,1.393386,1.403483,40093829.85045063,56040264.0
2026-03-09 10:10:00,1.4044927,1.4085315,1.4024733,1.4044927,24759203.72387838,34803336.0
2026-03-09 10:15:00,1.4044927,1.4044927,1.3984345,1.4014636,17887788.45201545,25063482.0
2026-03-09 10:20:00,1.4014636,1.4065121,1.4014636,1.403483,13315208.477765672,18695880.0
2026-03-09 10:25:00,1.4014636,1.4044927,1.3984345,1.3994442,15758807.566603942,22079750.0
2026-03-09 10:30:00,1.3994442,1.4004539,1.3954054,1.3964151,16126968.406457363,22539178.0
2026-03-09 10:35:00,1.3954054,1.4014636,1.3954054,1.3994442,44742200.6536595,62551584.0
2026-03-09 10:40:00,1.4004539,1.4004539,1.3984345,1.4004539,16827572.54630088,23548886.0
2026-03-09 10:45:00,1.3984345,1.4044927,1.3984345,1.4044927,22331682.678023174,31312808.0
2026-03-09 10:50:00,1.403483,1.403483,1.4004539,1.4024733,18567523.026641577,26038532.0
2026-03-09 10:55:00,1.4014636,1.403483,1.4014636,1.403483,12160835.891849063,17053964.0
2026-03-09 11:00:00,1.403483,1.4065121,1.4024733,1.4065121,25159255.224324055,35343070.0
2026-03-09 11:05:00,1.4055024,1.4095412,1.4055024,1.4095412,16876517.77755769,23745492.0
2026-03-09 11:10:00,1.4095412,1.4125703,1.4075218,1.4115606,15945368.92146182,22480870.0
2026-03-09 11:15:00,1.4105509,1.4115606,1.4075218,1.4085315,12656333.564425075,17839228.0
2026-03-09 11:20:00,1.4085315,1.4105509,1.4075218,1.4105509,10385217.391304348,14639778.0
2026-03-09 11:25:00,1.4105509,1.4125703,1.4065121,1.4075218,21175822.52154105,29865142.0
2026-03-09 11:30:00,1.4075218,1.4125703,1.4075218,1.4095412,7864019.015549173,11090805.0
2026-03-09 13:05:00,1.4105509,1.4166091,1.4065121,1.4166091,41249083.88630286,58197904.0
2026-03-09 13:10:00,1.4166091,1.4176188,1.41358,1.4166091,15608101.416262256,22094158.0
2026-03-09 13:15:00,1.4155994,1.4155994,1.4125703,1.4145897,10907992.473011786,15427761.0
2026-03-09 13:20:00,1.4155994,1.4166091,1.41358,1.41358,12539467.16846588,17752424.0
2026-03-09 13:25:00,1.41358,1.4206479,1.4125703,1.4196382,14372486.877290284,20369808.0
2026-03-09 13:30:00,1.4196382,1.4226673,1.4196382,1.4206479,6628998.712488858,9419967.0
2026-03-09 13:35:00,1.4216576,1.4287255,1.4216576,1.4287255,19623056.353372287,27974120.0
2026-03-09 13:40:00,1.4287255,1.4287255,1.4216576,1.4216576,9066950.579380013,12922067.0
2026-03-09 13:45:00,1.4216576,1.4267061,1.4206479,1.4267061,14274536.9911855,20326406.0
2026-03-09 13:50:00,1.4267061,1.4277158,1.4226673,1.4267061,9431118.153907102,13436090.0
2026-03-09 13:55:00,1.4277158,1.4297352,1.4246867,1.4297352,11082400.713083094,15821650.0
2026-03-09 14:00:00,1.4287255,1.4317545999999999,1.4277158,1.4317545999999999,13906110.725958206,19873268.0
2026-03-09 14:05:00,1.4317545999999999,1.4368031,1.4317545999999999,1.4357933999999999,18574428.047935028,26638210.0
2026-03-09 14:10:00,1.4357933999999999,1.4388225000000001,1.4337739999999999,1.4357933999999999,20991221.154798456,30146752.0
2026-03-09 14:15:00,1.4357933999999999,1.4418516,1.4357933999999999,1.4388225000000001,25112508.665940378,36152950.0
2026-03-09 14:20:00,1.4388225000000001,1.4398322,1.4347837,1.4357933999999999,30940136.67425968,44463156.0
2026-03-09 14:25:00,1.4357933999999999,1.4357933999999999,1.4307449,1.4357933999999999,18257304.14974745,26192446.0
2026-03-09 14:30:00,1.4357933999999999,1.4368031,1.4327643,1.4357933999999999,7318411.409329504,10501376.0
2026-03-09 14:35:00,1.4368031,1.4398322,1.4368031,1.4388225000000001,6512413.588194513,9368809.0
2026-03-09 14:40:00,1.4388225000000001,1.4398322,1.4368031,1.4378128,12899871.248885807,18561136.0
2026-03-09 14:45:00,1.4378128,1.4378128,1.4347837,1.4357933999999999,16274933.148459937,23373362.0
2026-03-09 14:50:00,1.4368031,1.4378128,1.4347837,1.4368031,14301871.843121719,20537084.0
2026-03-09 14:55:00,1.4357933999999999,1.4368031,1.4337739999999999,1.4357933999999999,15236902.050113894,21864848.0
2026-03-09 15:00:00,1.4347837,1.4347837,1.4337739999999999,1.4347837,11637047.637912251,16695487.0
2026-03-10 09:35:00,1.4489195000000001,1.4670941000000002,1.4489195000000001,1.4650747000000002,77528037.04070516,113270293.0
2026-03-10 09:40:00,1.4650747000000002,1.4681038,1.4620456,1.4660844,58928224.22501733,86389360.0
2026-03-10 09:45:00,1.4660844,1.4691135000000002,1.4610359000000002,1.4620456,41337953.84767753,60551080.0
2026-03-10 09:50:00,1.4620456,1.4630553000000002,1.4580068,1.4610359000000002,21927701.297415074,32024010.0
2026-03-10 09:55:00,1.4610359000000002,1.464065,1.4590165000000002,1.4590165000000002,18745338.21927305,27382104.0
2026-03-10 10:00:00,1.4590165000000002,1.4620456,1.4569971000000002,1.4569971000000002,16862081.80647717,24611220.0
2026-03-10 10:05:00,1.4569971000000002,1.4590165000000002,1.4559874,1.4580068,24794093.29503813,36147030.0
2026-03-10 10:10:00,1.4590165000000002,1.4600262,1.4569971000000002,1.4590165000000002,21149846.489056155,30850008.0
2026-03-10 10:15:00,1.4580068,1.4630553000000002,1.4580068,1.4620456,46657399.227493316,68091260.0
2026-03-10 10:20:00,1.4630553000000002,1.4630553000000002,1.4600262,1.4610359000000002,8179261.166683173,11957176.0
2026-03-10 10:25:00,1.4610359000000002,1.4610359000000002,1.4580068,1.4600262,5144795.483807071,7506844.0
2026-03-10 10:30:00,1.4590165000000002,1.4600262,1.453968,1.4559874,10183123.700108944,14824505.0
2026-03-10 10:35:00,1.4549777000000002,1.4569971000000002,1.4549777000000002,1.4549777000000002,6762107.55670001,9844824.0
2026-03-10 10:40:00,1.4559874,1.4569971000000002,1.453968,1.4559874,10603644.64692483,15427791.0
2026-03-10 10:45:00,1.4569971000000002,1.4569971000000002,1.4529583000000001,1.4529583000000001,11652409.626621768,16963986.0
2026-03-10 10:50:00,1.4529583000000001,1.453968,1.4499292,1.4509389000000001,18201545.01337031,26434404.0
2026-03-10 10:55:00,1.4509389000000001,1.4529583000000001,1.4499292,1.4509389000000001,7701495.493711003,11175722.0
2026-03-10 11:00:00,1.4509389000000001,1.4519486,1.4489195000000001,1.4509389000000001,9366940.675448153,13587645.0
2026-03-10 11:05:00,1.4519486,1.4529583000000001,1.4499292,1.4509389000000001,3983262.3551549963,5781653.0
2026-03-10 11:10:00,1.4509389000000001,1.4509389000000001,1.4479098,1.4489195000000001,7289581.063682281,10569170.0
2026-03-10 11:15:00,1.4479098,1.4499292,1.4458904,1.4458904,5712191.740120828,8268452.0
2026-03-10 11:20:00,1.4458904,1.4509389000000001,1.4448807000000001,1.4509389000000001,12703403.981380608,18399860.0
2026-03-10 11:25:00,1.4509389000000001,1.4519486,1.4489195000000001,1.4509389000000001,15223729.820738833,22074518.0
2026-03-10 11:30:00,1.4509389000000001,1.4509389000000001,1.4489195000000001,1.4489195000000001,4087104.0903238584,5926137.0
2026-03-10 13:05:00,1.4499292,1.4529583000000001,1.4489195000000001,1.4519486,15357106.07111023,22286736.0
2026-03-10 13:10:00,1.4529583000000001,1.4559874,1.4529583000000001,1.4549777000000002,11357630.979498861,16517072.0
2026-03-10 13:15:00,1.4559874,1.4590165000000002,1.4549777000000002,1.4590165000000002,12616816.87629989,18378132.0
2026-03-10 13:20:00,1.4580068,1.4600262,1.4569971000000002,1.4580068,8873625.829454293,12941239.0
2026-03-10 13:25:00,1.4580068,1.4610359000000002,1.4580068,1.4610359000000002,10334326.037436862,15081843.0
2026-03-10 13:30:00,1.4610359000000002,1.4620456,1.4590165000000002,1.4610359000000002,6388820.441715361,9330305.0
2026-03-10 13:35:00,1.4600262,1.4610359000000002,1.4590165000000002,1.4610359000000002,28446001.782707732,41524268.0
2026-03-10 13:40:00,1.4600262,1.4620456,1.4600262,1.4610359000000002,13078617.411112212,19104908.0
2026-03-10 13:45:00,1.4610359000000002,1.4620456,1.4600262,1.4610359000000002,5941837.179360205,8681353.0
2026-03-10 13:50:00,1.4610359000000002,1.4620456,1.4590165000000002,1.4610359000000002,7061008.220263444,10312062.0
2026-03-10 13:55:00,1.4610359000000002,1.4630553000000002,1.4600262,1.4610359000000002,11715923.541646034,17128072.0
2026-03-10 14:00:00,1.4630553000000002,1.4650747000000002,1.4610359000000002,1.464065,15592719.619689016,22818232.0
2026-03-10 14:05:00,1.464065,1.4660844,1.464065,1.4650747000000002,18783654.55085669,27523588.0
2026-03-10 14:10:00,1.4650747000000002,1.4650747000000002,1.4620456,1.464065,38016103.7932059,55629600.0
2026-03-10 14:15:00,1.4630553000000002,1.4630553000000002,1.4600262,1.4610359000000002,12645538.278696641,18488290.0
2026-03-10 14:20:00,1.4610359000000002,1.4620456,1.4600262,1.4610359000000002,2234473.6060215905,3264515.0
2026-03-10 14:25:00,1.4610359000000002,1.4620456,1.4600262,1.4620456,6623107.853817966,9676778.0
2026-03-10 14:30:00,1.4610359000000002,1.4620456,1.4610359000000002,1.4620456,6479251.262751312,9472261.0
2026-03-10 14:35:00,1.4620456,1.4630553000000002,1.4610359000000002,1.4630553000000002,5042118.451025057,7372821.0
2026-03-10 14:40:00,1.464065,1.464065,1.4630553000000002,1.4630553000000002,7940752.698821432,11624935.0
2026-03-10 14:45:00,1.464065,1.4650747000000002,1.4630553000000002,1.4650747000000002,11213330.692284837,16414376.0
2026-03-10 14:50:00,1.464065,1.4660844,1.464065,1.464065,18924234.92126374,27723060.0
2026-03-10 14:55:00,1.4650747000000002,1.4650747000000002,1.464065,1.4650747000000002,8651541.051797563,12670715.0
2026-03-10 15:00:00,1.4650747000000002,1.4650747000000002,1.4630553000000002,1.4630553000000002,9640701.198375754,14114428.0
2026-03-11 09:35:00,1.4630553000000002,1.4681038,1.4630553000000002,1.4670941000000002,25588674.853917003,37491787.0
2026-03-11 09:40:00,1.4660844,1.4711329000000002,1.4620456,1.4701232,21067447.75675943,30903688.0
2026-03-11 09:45:00,1.4701232,1.4711329000000002,1.4650747000000002,1.4650747000000002,12659799.940576408,18583882.0
2026-03-11 09:50:00,1.464065,1.4660844,1.4630553000000002,1.4650747000000002,14636225.611567792,21438362.0
2026-03-11 09:55:00,1.464065,1.464065,1.4610359000000002,1.4610359000000002,16274968.802614637,23807852.0
2026-03-11 10:00:00,1.4610359000000002,1.4610359000000002,1.4580068,1.4600262,12186543.52778053,17787966.0
2026-03-11 10:05:00,1.4590165000000002,1.4620456,1.4559874,1.4580068,16203822.917698326,23628308.0
2026-03-11 10:10:00,1.4580068,1.4620456,1.4559874,1.4569971000000002,10900591.264732098,15900443.0
2026-03-11 10:15:00,1.4569971000000002,1.4610359000000002,1.4569971000000002,1.4610359000000002,4543342.57700307,6630464.0
2026-03-11 10:20:00,1.4610359000000002,1.4620456,1.4590165000000002,1.4590165000000002,8276319.698920471,12085283.0
2026-03-11 10:25:00,1.4590165000000002,1.4600262,1.4580068,1.4600262,3110230.76161236,4537546.0
2026-03-11 10:30:00,1.4600262,1.4630553000000002,1.4590165000000002,1.4600262,9690403.09002674,14166344.0
2026-03-11 10:35:00,1.4600262,1.4610359000000002,1.4580068,1.4600262,6708169.753392097,9791961.0
2026-03-11 10:40:00,1.4600262,1.4600262,1.4580068,1.4590165000000002,5217391.304347826,7612958.0
2026-03-11 10:45:00,1.4600262,1.4620456,1.4580068,1.4620456,6974943.052391799,10185025.0
2026-03-11 10:50:00,1.4610359000000002,1.4630553000000002,1.4600262,1.4610359000000002,4260374.368624344,6225935.0
2026-03-11 10:55:00,1.4610359000000002,1.464065,1.4600262,1.464065,7595028.226205803,11099804.0
2026-03-11 11:00:00,1.464065,1.464065,1.4610359000000002,1.464065,5393384.173516886,7892588.0
2026-03-11 11:05:00,1.464065,1.464065,1.4610359000000002,1.4630553000000002,11044466.673269287,16153192.0
2026-03-11 11:10:00,1.4630553000000002,1.4650747000000002,1.4610359000000002,1.4620456,6271968.901653957,9181886.0
2026-03-11 11:15:00,1.4620456,1.4630553000000002,1.4600262,1.4600262,5254239.873229672,7678574.0
2026-03-11 11:20:00,1.4600262,1.4610359000000002,1.4549777000000002,1.4559874,23461887.689412694,34192572.0
2026-03-11 11:25:00,1.4559874,1.4590165000000002,1.4549777000000002,1.4569971000000002,8287901.356838665,12067996.0
2026-03-11 11:30:00,1.4569971000000002,1.4569971000000002,1.4549777000000002,1.4569971000000002,5790240.665544221,8430634.0
2026-03-11 13:05:00,1.4569971000000002,1.4580068,1.453968,1.4549777000000002,10561972.8632267,15376972.0
2026-03-11 13:10:00,1.4559874,1.4559874,1.4519486,1.4529583000000001,9382268.000396157,13639684.0
2026-03-11 13:15:00,1.4529583000000001,1.453968,1.4519486,1.4529583000000001,8588491.631177576,12476098.0
2026-03-11 13:20:00,1.4529583000000001,1.4549777000000002,1.4519486,1.4549777000000002,6117262.553233634,8889334.0
2026-03-11 13:25:00,1.4549777000000002,1.4549777000000002,1.4519486,1.4519486,9422996.929781122,13695264.0
2026-03-11 13:30:00,1.4519486,1.4529583000000001,1.4489195000000001,1.4489195000000001,11596963.454491433,16825696.0
2026-03-11 13:35:00,1.4489195000000001,1.4509389000000001,1.4479098,1.4489195000000001,24451825.29464197,35439070.0
2026-03-11 13:40:00,1.4489195000000001,1.4499292,1.4469001000000001,1.4469001000000001,19242085.768049914,27872320.0
2026-03-11 13:45:00,1.4469001000000001,1.4499292,1.4469001000000001,1.4479098,16565712.587897394,23982156.0
2026-03-11 13:50:00,1.4489195000000001,1.4489195000000001,1.4458904,1.4469001000000001,21390214.91532138,30941376.0
2026-03-11 13:55:00,1.4469001000000001,1.4469001000000001,1.443871,1.4448807000000001,17844904.427057542,25787624.0
2026-03-11 14:00:00,1.443871,1.4469001000000001,1.443871,1.4458904,24903040.50708131,35986390.0
2026-03-11 14:05:00,1.4469001000000001,1.4499292,1.4458904,1.4489195000000001,18270179.26116668,26450034.0
2026-03-11 14:10:00,1.4479098,1.4479098,1.4458904,1.4479098,22446469.24829157,32471808.0
2026-03-11 14:15:00,1.4458904,1.4479098,1.4448807000000001,1.4458904,22559207.685451124,32625212.0
2026-03-11 14:20:00,1.4448807000000001,1.4469001000000001,1.443871,1.4458904,20788154.897494305,30040928.0
2026-03-11 14:25:00,1.443871,1.4469001000000001,1.443871,1.4458904,16594845.993859561,23976648.0
2026-03-11 14:30:00,1.4458904,1.4469001000000001,1.4448807000000001,1.4458904,16882269.98118253,24398194.0
2026-03-11 14:35:00,1.4458904,1.4469001000000001,1.443871,1.4458904,18012280.875507575,26029366.0
2026-03-11 14:40:00,1.4458904,1.4458904,1.443871,1.443871,17259530.55362979,24929594.0
2026-03-11 14:45:00,1.4448807000000001,1.4448807000000001,1.4428613000000001,1.4448807000000001,20410771.51629197,29468974.0
2026-03-11 14:50:00,1.443871,1.4448807000000001,1.4428613000000001,1.443871,14156112.706744578,20428906.0
2026-03-11 14:55:00,1.443871,1.4448807000000001,1.4428613000000001,1.4448807000000001,14651678.71645043,21148540.0
2026-03-11 15:00:00,1.443871,1.4458904,1.443871,1.4458904,5398047.935030207,7801083.0
2026-03-12 09:35:00,1.4418516,1.4479098,1.4388225000000001,1.4479098,36847925.12627513,53183088.0
2026-03-12 09:40:00,1.4489195000000001,1.4499292,1.443871,1.4469001000000001,17782866.19788056,25728392.0
2026-03-12 09:45:00,1.4458904,1.4479098,1.443871,1.4458904,12817753.788253937,18538696.0
2026-03-12 09:50:00,1.4458904,1.4529583000000001,1.443871,1.4529583000000001,17678003.367336832,25606616.0
2026-03-12 09:55:00,1.4519486,1.4559874,1.4479098,1.4489195000000001,25491112.211547982,37042784.0
2026-03-12 10:00:00,1.4489195000000001,1.4499292,1.4428613000000001,1.4469001000000001,24999405.764088344,36135676.0
2026-03-12 10:05:00,1.4469001000000001,1.4469001000000001,1.4418516,1.443871,16332276.91393483,23588044.0
2026-03-12 10:10:00,1.443871,1.4458904,1.4408419000000001,1.4408419000000001,12329728.63226701,17797200.0
2026-03-12 10:15:00,1.4408419000000001,1.4428613000000001,1.4398322,1.4418516,7489155.194612261,10795817.0
2026-03-12 10:20:00,1.4418516,1.443871,1.4398322,1.4408419000000001,6245617.51015153,9004521.0
2026-03-12 10:25:00,1.4398322,1.4408419000000001,1.4357933999999999,1.4388225000000001,17329701.891650986,24924624.0
2026-03-12 10:30:00,1.4388225000000001,1.4388225000000001,1.4357933999999999,1.4368031,19644052.6889175,28257320.0
2026-03-12 10:35:00,1.4368031,1.4378128,1.4357933999999999,1.4357933999999999,14703736.753491135,21128426.0
2026-03-12 10:40:00,1.4357933999999999,1.4357933999999999,1.4297352,1.4297352,23879667.22788947,34219004.0
2026-03-12 10:45:00,1.4297352,1.4307449,1.4287255,1.4307449,23043280.182232346,32950978.0
2026-03-12 10:50:00,1.4297352,1.4307449,1.4256964,1.4277158,13068317.321976824,18664530.0
2026-03-12 10:55:00,1.4277158,1.4287255,1.4267061,1.4267061,10161466.772308607,14503794.0
2026-03-12 11:00:00,1.4267061,1.4267061,1.4246867,1.4267061,14926234.525106467,21279628.0
2026-03-12 11:05:00,1.4256964,1.4267061,1.423677,1.4246867,14851422.204615232,21162886.0
2026-03-12 11:10:00,1.4246867,1.4256964,1.423677,1.4246867,8510370.407051599,12124945.0
2026-03-12 11:15:00,1.4246867,1.4267061,1.4226673,1.4226673,12555846.290977517,17884542.0
2026-03-12 11:20:00,1.4226673,1.4246867,1.4216576,1.423677,12624577.59730613,17963808.0
2026-03-12 11:25:00,1.4226673,1.423677,1.4216576,1.4216576,8599348.32128355,12233360.0
2026-03-12 11:30:00,1.4216576,1.4226673,1.4186285,1.4186285,15044182.430424878,21369640.0
2026-03-12 13:05:00,1.4206479,1.4216576,1.4176188,1.4216576,14063823.908091512,19965362.0
2026-03-12 13:10:00,1.4216576,1.4216576,1.4196382,1.4196382,10217720.11488561,14514018.0
2026-03-12 13:15:00,1.4196382,1.4196382,1.4155994,1.4166091,10442409.626621768,14796719.0
2026-03-12 13:20:00,1.4166091,1.4166091,1.4145897,1.4166091,9615906.70496187,13614552.0
2026-03-12 13:25:00,1.4166091,1.4166091,1.4145897,1.4155994,8906803.010795286,12609016.0
2026-03-12 13:30:00,1.4166091,1.4176188,1.4155994,1.4166091,8009705.85322373,11343599.0
2026-03-12 13:35:00,1.4166091,1.4206479,1.4155994,1.4176188,20720309.00267406,29392076.0
2026-03-12 13:40:00,1.4166091,1.4216576,1.4166091,1.4196382,12715069.822719619,18047112.0
2026-03-12 13:45:00,1.4196382,1.4246867,1.4196382,1.423677,16506388.03605031,23479036.0
2026-03-12 13:50:00,1.4226673,1.4226673,1.4216576,1.4226673,6966722.788947212,9906009.0
2026-03-12 13:55:00,1.4216576,1.4256964,1.4206479,1.4256964,20832623.551549964,29628032.0
2026-03-12 14:00:00,1.4256964,1.4267061,1.423677,1.4256964,8790631.870852727,12531270.0
2026-03-12 14:05:00,1.4256964,1.4287255,1.423677,1.4256964,24485882.935525402,34911944.0
2026-03-12 14:10:00,1.4246867,1.4277158,1.423677,1.4267061,14781816.381103298,21089856.0
2026-03-12 14:15:00,1.4256964,1.4267061,1.423677,1.423677,8072298.702584926,11501511.0
2026-03-12 14:20:00,1.4246867,1.4246867,1.4216576,1.4246867,15139044.270575417,21536280.0
2026-03-12 14:25:00,1.4246867,1.4256964,1.4226673,1.423677,21377438.84322076,30447114.0
2026-03-12 14:30:00,1.423677,1.4246867,1.4216576,1.4226673,3550559.5721501433,5052606.0
2026-03-12 14:35:00,1.4226673,1.4256964,1.4216576,1.4256964,9421709.4186392,13405421.0
2026-03-12 14:40:00,1.4256964,1.4256964,1.4226673,1.423677,8667777.557690402,12341910.0
2026-03-12 14:45:00,1.4226673,1.423677,1.4226673,1.4226673,2625037.1397444783,3735222.0
2026-03-12 14:50:00,1.423677,1.4246867,1.4226673,1.4246867,5787065.464989601,8237760.0
2026-03-12 14:55:00,1.4246867,1.4256964,1.423677,1.4246867,7413984.351787659,10562925.0
2026-03-12 15:00:00,1.4246867,1.4267061,1.423677,1.4256964,7788253.936812914,11101367.0
2026-03-13 09:35:00,1.4155994,1.4206479,1.4105509,1.4196382,45477656.729721695,64317272.0
2026-03-13 09:40:00,1.4196382,1.4206479,1.4145897,1.4145897,26244848.96503912,37186132.0
2026-03-13 09:45:00,1.4145897,1.4145897,1.4085315,1.4115606,27677708.230167374,39038984.0
2026-03-13 09:50:00,1.4095412,1.4176188,1.4075218,1.4166091,16252503.713974448,22940808.0
2026-03-13 09:55:00,1.4166091,1.4206479,1.4155994,1.4206479,11337030.801228087,16082068.0
2026-03-13 10:00:00,1.4196382,1.4216576,1.41358,1.4166091,12439833.613944735,17635340.0
2026-03-13 10:05:00,1.4166091,1.4196382,1.4155994,1.4196382,13796870.357531939,19546240.0
2026-03-13 10:10:00,1.4196382,1.423677,1.4196382,1.4226673,13819847.479449341,19647070.0
2026-03-13 10:15:00,1.4226673,1.4226673,1.4176188,1.4186285,17433495.097553726,24762394.0
2026-03-13 10:20:00,1.4176188,1.4216576,1.4176188,1.4206479,12114189.36317718,17199330.0
2026-03-13 10:25:00,1.4196382,1.4226673,1.4186285,1.4186285,5298300.485292661,7526872.0
2026-03-13 10:30:00,1.4196382,1.4246867,1.4186285,1.423677,17296836.68416361,24596784.0
2026-03-13 10:35:00,1.4246867,1.4307449,1.4246867,1.4307449,18847578.488659997,26913382.0
2026-03-13 10:40:00,1.4307449,1.4347837,1.4307449,1.4337739999999999,16886005.74428048,24186054.0
2026-03-13 10:45:00,1.4337739999999999,1.4347837,1.4307449,1.4317545999999999,15940183.222739426,22831740.0
2026-03-13 10:50:00,1.4317545999999999,1.4327643,1.4297352,1.4317545999999999,2876894.126968406,4115610.0
2026-03-13 10:55:00,1.4307449,1.4317545999999999,1.4267061,1.4277158,4173021.689610775,5958810.0
2026-03-13 11:00:00,1.4277158,1.4277158,1.4256964,1.4267061,9461523.224720214,13494621.0
2026-03-13 11:05:00,1.4267061,1.4277158,1.4246867,1.4256964,7165494.701396454,10217335.0
2026-03-13 11:10:00,1.4267061,1.4267061,1.4246867,1.4246867,5587627.0179261165,7966184.0
2026-03-13 11:15:00,1.4246867,1.4256964,1.4216576,1.4226673,6303753.590175299,8970927.0
2026-03-13 11:20:00,1.4226673,1.4226673,1.4206479,1.4216576,6852134.297316034,9741001.0
2026-03-13 11:25:00,1.4216576,1.4216576,1.4206479,1.4216576,3655640.28919481,5196388.0
2026-03-13 11:30:00,1.4216576,1.4226673,1.4206479,1.4226673,3592651.282559176,5110518.0
2026-03-13 13:05:00,1.4226673,1.4256964,1.4216576,1.4226673,8701240.962662177,12391094.0
2026-03-13 13:10:00,1.4226673,1.4246867,1.4206479,1.4226673,5177280.380310983,7366387.0
2026-03-13 13:15:00,1.423677,1.423677,1.4216576,1.423677,5902842.428444092,8398133.0
2026-03-13 13:20:00,1.4226673,1.423677,1.4216576,1.4226673,3750718.0350599186,5334446.0
2026-03-13 13:25:00,1.4216576,1.4246867,1.4216576,1.423677,3290246.6079033376,4682296.0
2026-03-13 13:30:00,1.423677,1.423677,1.4196382,1.4206479,5741606.417747846,8162350.0
2026-03-13 13:35:00,1.4196382,1.4256964,1.4196382,1.4256964,7604570.664553828,10818873.0
2026-03-13 13:40:00,1.4246867,1.4277158,1.4246867,1.4277158,6947704.268594632,9911023.0
2026-03-13 13:45:00,1.4277158,1.4277158,1.4246867,1.4256964,6065365.950282262,8651062.0
2026-03-13 13:50:00,1.4256964,1.4277158,1.4226673,1.4226673,5545904.724175498,7905542.0
2026-03-13 13:55:00,1.423677,1.423677,1.4206479,1.4216576,5532732.494800435,7870136.0
2026-03-13 14:00:00,1.4206479,1.4216576,1.4196382,1.4206479,6308012.280875508,8959372.0
2026-03-13 14:05:00,1.4216576,1.4216576,1.4186285,1.4196382,11786471.229077943,16733754.0
2026-03-13 14:10:00,1.4196382,1.4206479,1.4186285,1.4196382,5425468.951173616,7701681.0
2026-03-13 14:15:00,1.4206479,1.4216576,1.4186285,1.4196382,5355254.035852233,7605335.0
2026-03-13 14:20:00,1.4196382,1.4196382,1.4176188,1.4186285,7343023.670397148,10418435.0
2026-03-13 14:25:00,1.4176188,1.4196382,1.4166091,1.4166091,5325709.616717837,7550966.0
2026-03-13 14:30:00,1.4166091,1.4176188,1.4145897,1.4166091,10463107.853817966,14817479.0
2026-03-13 14:35:00,1.4166091,1.4166091,1.4125703,1.4125703,18386051.30236704,26004972.0
2026-03-13 14:40:00,1.4125703,1.41358,1.4115606,1.4125703,17513344.55778944,24733760.0
2026-03-13 14:45:00,1.4125703,1.41358,1.4095412,1.4095412,13350995.345152024,18850596.0
2026-03-13 14:50:00,1.4105509,1.4115606,1.4095412,1.4115606,15217429.929682083,21463436.0
2026-03-13 14:55:00,1.4105509,1.4145897,1.4105509,1.4145897,16384074.477567594,23157700.0
2026-03-13 15:00:00,1.4145897,1.4206479,1.41358,1.4196382,20330094.08735268,28788468.0
2026-03-16 09:35:00,1.4115606,1.4155994,1.393386,1.3984345,58280548.67782509,81596295.0
2026-03-16 09:40:00,1.3994442,1.4004539,1.3913666,1.393386,90307319.00564523,126046450.0
2026-03-16 09:45:00,1.393386,1.3943957,1.3903569,1.3923763,40707473.50698227,56673212.0
2026-03-16 09:50:00,1.3923763,1.4004539,1.3923763,1.3964151,40538575.8145984,56674960.0
2026-03-16 09:55:00,1.3964151,1.3974248,1.3923763,1.393386,23816743.587204117,33219436.0
2026-03-16 10:00:00,1.3943957,1.3974248,1.393386,1.3974248,14538476.775279785,20269160.0
2026-03-16 10:05:00,1.3984345,1.4004539,1.3964151,1.3984345,11963230.662573041,16726918.0
2026-03-16 10:10:00,1.3994442,1.3994442,1.3954054,1.3994442,14474941.071605427,20229728.0
2026-03-16 10:15:00,1.4004539,1.4014636,1.3984345,1.4014636,9511039.9128454,13317308.0
2026-03-16 10:20:00,1.4024733,1.4055024,1.4024733,1.403483,27778841.239972267,39001724.0
2026-03-16 10:25:00,1.4024733,1.403483,1.3974248,1.3974248,12622660.19609785,17680616.0
2026-03-16 10:30:00,1.3974248,1.3974248,1.3943957,1.3974248,8147766.663365356,11375524.0
2026-03-16 10:35:00,1.3974248,1.3974248,1.3954054,1.3964151,9626126.572249183,13444929.0
2026-03-16 10:40:00,1.3943957,1.3954054,1.3923763,1.393386,22699217.589382984,31636328.0
2026-03-16 10:45:00,1.393386,1.3943957,1.3913666,1.3923763,8395265.920570467,11692183.0
2026-03-16 10:50:00,1.393386,1.393386,1.3903569,1.3923763,16487634.941071605,22943132.0
2026-03-16 10:55:00,1.3913666,1.3943957,1.3903569,1.3943957,17012744.37951867,23677260.0
2026-03-16 11:00:00,1.3943957,1.3964151,1.3923763,1.393386,15513815.984946024,21622110.0
2026-03-16 11:05:00,1.393386,1.393386,1.3903569,1.3913666,16277409.131425176,22656928.0
2026-03-16 11:10:00,1.3913666,1.3923763,1.3903569,1.3913666,7571156.779241359,10533441.0
2026-03-16 11:15:00,1.3913666,1.393386,1.3913666,1.393386,4698821.432108547,6541186.0
2026-03-16 11:20:00,1.393386,1.3964151,1.3923763,1.3954054,5619094.780627909,7839074.0
2026-03-16 11:25:00,1.3954054,1.3994442,1.393386,1.3984345,7858670.892344261,10974452.0
2026-03-16 11:30:00,1.3984345,1.4014636,1.3984345,1.4004539,12295038.130137663,17216700.0
2026-03-16 13:05:00,1.4004539,1.4166091,1.4004539,1.4166091,53313360.40408042,75253970.0
2026-03-16 13:10:00,1.4176188,1.4176188,1.4115606,1.4125703,27545805.684856888,38957050.0
2026-03-16 13:15:00,1.41358,1.4186285,1.4115606,1.4176188,18967681.48955135,26865220.0
2026-03-16 13:20:00,1.4176188,1.4256964,1.4176188,1.4256964,60226304.843022674,85715900.0
2026-03-16 13:25:00,1.4256964,1.4287255,1.4216576,1.4277158,42086263.24650886,60017680.0
2026-03-16 13:30:00,1.4287255,1.4287255,1.423677,1.4246867,20994954.937110033,29961028.0
2026-03-16 13:35:00,1.423677,1.4267061,1.4196382,1.4206479,10610021.788650094,15098885.0
2026-03-16 13:40:00,1.4206479,1.4256964,1.4196382,1.4246867,14292559.175992869,20345032.0
2026-03-16 13:45:00,1.423677,1.4267061,1.423677,1.4256964,8375208.477765673,11935785.0
2026-03-16 13:50:00,1.4246867,1.4246867,1.4196382,1.4196382,5144300.287214024,7320601.0
2026-03-16 13:55:00,1.4196382,1.4226673,1.4196382,1.4226673,13965237.19916807,19847708.0
2026-03-16 14:00:00,1.4226673,1.4246867,1.4206479,1.4226673,12187877.587402198,17344750.0
2026-03-16 14:05:00,1.4226673,1.423677,1.4196382,1.4196382,11503713.974447856,16359983.0
2026-03-16 14:10:00,1.4196382,1.4216576,1.4186285,1.4206479,6599782.113499058,9370562.0
2026-03-16 14:15:00,1.4216576,1.4226673,1.4196382,1.4206479,14509557.294245815,20619552.0
2026-03-16 14:20:00,1.4206479,1.4246867,1.4206479,1.4246867,7174774.6855501635,10209454.0
2026-03-16 14:25:00,1.4246867,1.4256964,1.4226673,1.423677,8683866.494998515,12363647.0
2026-03-16 14:30:00,1.4226673,1.423677,1.4206479,1.4226673,11292661.186491037,16062049.0
2026-03-16 14:35:00,1.4216576,1.4226673,1.4206479,1.4226673,15792017.430920074,22455714.0
2026-03-16 14:40:00,1.4226673,1.4226673,1.4196382,1.4216576,6979498.861047836,9921141.0
2026-03-16 14:45:00,1.4216576,1.4226673,1.4196382,1.4226673,8051945.13221749,11444263.0
2026-03-16 14:50:00,1.4226673,1.4256964,1.4226673,1.4246867,12243736.753491135,17430202.0
2026-03-16 14:55:00,1.4246867,1.4256964,1.423677,1.4256964,18904431.019114587,26930152.0
2026-03-16 15:00:00,1.4246867,1.4267061,1.4246867,1.4267061,13749070.020798257,19607632.0
2026-03-17 09:35:00,1.4307449,1.4307449,1.4196382,1.4226673,57380766.56432603,81720577.0
2026-03-17 09:40:00,1.4226673,1.4267061,1.4155994,1.4166091,31288105.377834998,44471948.0
2026-03-17 09:45:00,1.4166091,1.4166091,1.4115606,1.4145897,31908877.884520154,45106296.0
2026-03-17 09:50:00,1.4145897,1.4176188,1.41358,1.4176188,35734392.39378033,50601630.0
2026-03-17 09:55:00,1.4176188,1.423677,1.4166091,1.4206479,21939982.17292265,31179068.0
2026-03-17 10:00:00,1.4196382,1.4226673,1.4196382,1.4226673,42633059.32455184,60601910.0
2026-03-17 10:05:00,1.4216576,1.4246867,1.4216576,1.423677,43117001.0894325,61355304.0
2026-03-17 10:10:00,1.423677,1.4256964,1.4226673,1.4246867,16954855.897791423,24152054.0
2026-03-17 10:15:00,1.4246867,1.4256964,1.4206479,1.423677,33745013.37030801,48020430.0
2026-03-17 10:20:00,1.4226673,1.423677,1.4206479,1.4216576,26467010.00297118,37641044.0
2026-03-17 10:25:00,1.4226673,1.423677,1.4206479,1.4226673,10269127.46360305,14607726.0
2026-03-17 10:30:00,1.423677,1.4256964,1.4216576,1.4246867,10954838.070714073,15591960.0
2026-03-17 10:35:00,1.4256964,1.4297352,1.4246867,1.4297352,15416924.829157175,22008016.0
2026-03-17 10:40:00,1.4307449,1.4307449,1.4256964,1.4267061,10853124.69050213,15501738.0
2026-03-17 10:45:00,1.4267061,1.4287255,1.4256964,1.4287255,23785282.75725463,33936270.0
2026-03-17 10:50:00,1.4287255,1.4327643,1.4287255,1.4327643,20617854.80835892,29491160.0
2026-03-17 10:55:00,1.4327643,1.4327643,1.4267061,1.4277158,13426905.021293454,19193490.0
2026-03-17 11:00:00,1.4277158,1.4287255,1.4246867,1.4246867,15655145.092601763,22330676.0
2026-03-17 11:05:00,1.423677,1.4256964,1.4216576,1.423677,7769040.309002674,11059836.0
2026-03-17 11:10:00,1.423677,1.423677,1.4196382,1.4206479,7618500.544716252,10823921.0
2026-03-17 11:15:00,1.4206479,1.423677,1.4206479,1.4216576,4758099.435475884,6764005.0
2026-03-17 11:20:00,1.4226673,1.423677,1.4216576,1.4226673,1722394.7707239774,2450106.0
2026-03-17 11:25:00,1.423677,1.423677,1.4206479,1.4206479,8040705.159948499,11432728.0
2026-03-17 11:30:00,1.4206479,1.4216576,1.4196382,1.4196382,4529220.560562544,6433593.0
2026-03-17 13:05:00,1.4206479,1.4226673,1.4176188,1.4186285,10559770.228780825,14990531.0
2026-03-17 13:10:00,1.4186285,1.4186285,1.4166091,1.4186285,5522630.484302267,7829011.0
2026-03-17 13:15:00,1.4176188,1.4186285,1.4145897,1.4155994,7000495.196593047,9914780.0
2026-03-17 13:20:00,1.4166091,1.4176188,1.4155994,1.4166091,7450727.938991779,10555328.0
2026-03-17 13:25:00,1.4166091,1.4166091,1.41358,1.4145897,7900474.3983361395,11178145.0
2026-03-17 13:30:00,1.4145897,1.4166091,1.4125703,1.4155994,18878676.834703375,26707158.0
2026-03-17 13:35:00,1.4155994,1.4155994,1.41358,1.41358,12415271.862929583,17557094.0
2026-03-17 13:40:00,1.41358,1.4145897,1.4125703,1.41358,15351387.540853718,21693460.0
2026-03-17 13:45:00,1.4125703,1.41358,1.4115606,1.41358,10063481.232049122,14210282.0
2026-03-17 13:50:00,1.41358,1.41358,1.4095412,1.4105509,14549272.06100822,20529036.0
2026-03-17 13:55:00,1.4115606,1.4125703,1.4095412,1.4125703,12955036.149351291,18271500.0
2026-03-17 14:00:00,1.4115606,1.4115606,1.4075218,1.4085315,8111716.351391502,11433214.0
2026-03-17 14:05:00,1.4085315,1.4085315,1.4044927,1.4055024,10229077.943943745,14390483.0
2026-03-17 14:10:00,1.4044927,1.4065121,1.4024733,1.4044927,25064329.999009605,35193496.0
2026-03-17 14:15:00,1.4055024,1.4055024,1.4024733,1.403483,24088838.26879271,33809510.0
2026-03-17 14:20:00,1.403483,1.4055024,1.4004539,1.4014636,21222541.348915517,29775344.0
2026-03-17 14:25:00,1.4004539,1.4024733,1.3994442,1.4004539,9402891.948103396,13165609.0
2026-03-17 14:30:00,1.3994442,1.4004539,1.3984345,1.3994442,14113499.059126472,19751112.0
2026-03-17 14:35:00,1.3994442,1.4004539,1.3964151,1.3994442,19318411.409329504,27018080.0
2026-03-17 14:40:00,1.3994442,1.4004539,1.3974248,1.3974248,11490611.07259582,16071559.0
2026-03-17 14:45:00,1.3974248,1.4004539,1.3964151,1.3974248,21318526.29493909,29803928.0
2026-03-17 14:50:00,1.3974248,1.3984345,1.3954054,1.3964151,13382888.976923838,18688768.0
2026-03-17 14:55:00,1.3964151,1.3974248,1.3954054,1.3964151,9072001.584629098,12669610.0
2026-03-17 15:00:00,1.3964151,1.3984345,1.3954054,1.3974248,11271087.451718332,15741239.0
2026-03-18 09:35:00,1.4004539,1.4095412,1.4004539,1.4044927,49665625.433297016,69812686.0
2026-03-18 09:40:00,1.403483,1.4055024,1.3984345,1.4055024,44133342.57700307,61872236.0
2026-03-18 09:45:00,1.4044927,1.4105509,1.4014636,1.4065121,41236260.27532931,58014224.0
2026-03-18 09:50:00,1.4075218,1.4075218,1.4014636,1.4024733,22655244.13192037,31804614.0
2026-03-18 09:55:00,1.4024733,1.403483,1.3974248,1.3984345,25991977.81519263,36427520.0
2026-03-18 10:00:00,1.3984345,1.3994442,1.3964151,1.3994442,8562147.172427453,11969238.0
2026-03-18 10:05:00,1.4004539,1.4024733,1.3964151,1.3974248,25063880.36050312,35099292.0
2026-03-18 10:10:00,1.3964151,1.403483,1.3954054,1.403483,17696567.297216993,24758300.0
2026-03-18 10:15:00,1.4044927,1.4044927,1.4014636,1.4044927,14366148.360899277,20159840.0
2026-03-18 10:20:00,1.4044927,1.4065121,1.403483,1.4044927,12713677.32989997,17859676.0
2026-03-18 10:25:00,1.4055024,1.4065121,1.4024733,1.403483,13948598.593641676,19594418.0
2026-03-18 10:30:00,1.4024733,1.403483,1.3994442,1.3994442,8532534.416163217,11956200.0
2026-03-18 10:35:00,1.4004539,1.4014636,1.3974248,1.3984345,15420025.750222838,21582740.0
2026-03-18 10:40:00,1.3974248,1.4004539,1.3974248,1.3984345,8458823.41289492,11832110.0
2026-03-18 10:45:00,1.3984345,1.3984345,1.3943957,1.3954054,12743785.282757254,17795966.0
2026-03-18 10:50:00,1.3954054,1.3964151,1.3923763,1.393386,22448747.15261959,31300616.0
2026-03-18 10:55:00,1.393386,1.3943957,1.3893472,1.3903569,25008418.342081804,34824120.0
2026-03-18 11:00:00,1.3893472,1.3923763,1.3893472,1.3923763,40090918.09448351,55746268.0
2026-03-18 11:05:00,1.3923763,1.3964151,1.3923763,1.3964151,25153489.15519461,35042744.0
2026-03-18 11:10:00,1.3954054,1.3974248,1.3943957,1.3954054,9300584.331979796,12988779.0
2026-03-18 11:15:00,1.3954054,1.3984345,1.3954054,1.3964151,6437456.670298108,8994583.0
2026-03-18 11:20:00,1.3964151,1.3994442,1.3964151,1.3994442,5867492.324452807,8207026.0
2026-03-18 11:25:00,1.3994442,1.4024733,1.3984345,1.4004539,9860103.000891354,13804125.0
2026-03-18 11:30:00,1.4014636,1.4014636,1.3984345,1.4004539,11240071.308309399,15738183.0
2026-03-18 13:05:00,1.4024733,1.4095412,1.4014636,1.4075218,42933833.81202337,60350176.0
2026-03-18 13:10:00,1.4085315,1.4085315,1.4014636,1.4014636,11441022.08576805,16065250.0
2026-03-18 13:15:00,1.4014636,1.4014636,1.3984345,1.3994442,14156780.231752004,19821700.0
2026-03-18 13:20:00,1.3994442,1.4044927,1.3994442,1.403483,11162523.52183817,15661190.0
2026-03-18 13:25:00,1.4044927,1.4044927,1.4024733,1.4024733,13815489.749430524,19384110.0
2026-03-18 13:30:00,1.403483,1.403483,1.3984345,1.3994442,13266712.88501535,18577864.0
2026-03-18 13:35:00,1.3994442,1.4014636,1.3974248,1.4004539,16434485.490739822,23008072.0
2026-03-18 13:40:00,1.4004539,1.4055024,1.4004539,1.403483,16819649.400812123,23599444.0
2026-03-18 13:45:00,1.403483,1.4065121,1.403483,1.4065121,39893532.7324948,56079544.0
2026-03-18 13:50:00,1.4065121,1.4085315,1.4065121,1.4085315,43692284.83708032,61493610.0
2026-03-18 13:55:00,1.4075218,1.4085315,1.4055024,1.4055024,38489452.31256809,54158600.0
2026-03-18 14:00:00,1.4055024,1.4085315,1.4044927,1.4065121,18037139.744478557,25372094.0
2026-03-18 14:05:00,1.4065121,1.4095412,1.4065121,1.4085315,16349608.794691492,23019376.0
2026-03-18 14:10:00,1.4085315,1.4105509,1.4085315,1.4095412,15773630.781420223,22238380.0
2026-03-18 14:15:00,1.4105509,1.4115606,1.4075218,1.4085315,16169852.431415271,22795552.0
2026-03-18 14:20:00,1.4085315,1.4115606,1.4085315,1.4115606,13886005.744280478,19586796.0
2026-03-18 14:25:00,1.4115606,1.4145897,1.4115606,1.4145897,14331176.58710508,20249528.0
2026-03-18 14:30:00,1.41358,1.4145897,1.4125703,1.4145897,6497177.379419629,9185086.0
2026-03-18 14:35:00,1.41358,1.4145897,1.4115606,1.4125703,16858175.695751213,23820792.0
2026-03-18 14:40:00,1.4125703,1.4155994,1.4125703,1.4125703,11770723.977419036,16639023.0
2026-03-18 14:45:00,1.41358,1.4155994,1.4125703,1.4155994,11718923.442606714,16576294.0
2026-03-18 14:50:00,1.4155994,1.4166091,1.4145897,1.4155994,25260671.48658017,35771540.0
2026-03-18 14:55:00,1.4155994,1.4155994,1.41358,1.4145897,15174743.983361393,21474530.0
2026-03-18 15:00:00,1.41358,1.4145897,1.41358,1.41358,15137466.574229969,21401906.0
2026-03-19 09:35:00,1.3903569,1.3964151,1.3873278000000002,1.3943957,69874572.6453402,97205100.0
2026-03-19 09:40:00,1.393386,1.393386,1.3873278000000002,1.3883375,49214519.16410815,68409960.0
2026-03-19 09:45:00,1.3883375,1.393386,1.3853084000000002,1.393386,33158954.14479548,46061730.0
2026-03-19 09:50:00,1.393386,1.393386,1.3883375,1.393386,24613845.696741607,34232016.0
2026-03-19 09:55:00,1.393386,1.3943957,1.3883375,1.3913666,19452942.458155885,27085608.0
2026-03-19 10:00:00,1.3913666,1.3923763,1.3883375,1.3913666,18454590.47241755,25658618.0
2026-03-19 10:05:00,1.3913666,1.393386,1.3873278000000002,1.3883375,22884623.15539269,31839704.0
2026-03-19 10:10:00,1.3883375,1.3883375,1.3842987,1.3873278000000002,22403882.34128949,31051386.0
2026-03-19 10:15:00,1.3863181,1.3863181,1.3822793,1.3832890000000002,30155757.15559077,41748628.0
2026-03-19 10:20:00,1.3832890000000002,1.3883375,1.3822793,1.3873278000000002,8564226.998118253,11860196.0
2026-03-19 10:25:00,1.3863181,1.3883375,1.3842987,1.3842987,9705060.909180945,13447778.0
2026-03-19 10:30:00,1.3842987,1.3893472,1.3832890000000002,1.3883375,14104387.4418144,19543532.0
2026-03-19 10:35:00,1.3893472,1.3903569,1.3873278000000002,1.3873278000000002,8034564.722194711,11160116.0
2026-03-19 10:40:00,1.3883375,1.3943957,1.3883375,1.3943957,11454164.603347529,15938376.0
2026-03-19 10:45:00,1.3954054,1.3974248,1.3923763,1.3923763,19582790.927998416,27322856.0
2026-03-19 10:50:00,1.3923763,1.3943957,1.3913666,1.3923763,6279290.878478756,8747863.0
2026-03-19 10:55:00,1.393386,1.3954054,1.3913666,1.3923763,9661780.726948598,13456237.0
2026-03-19 11:00:00,1.3923763,1.393386,1.3903569,1.3913666,3779340.3981380607,5261659.0
2026-03-19 11:05:00,1.3913666,1.3954054,1.3903569,1.393386,6635634.346835693,9247546.0
2026-03-19 11:10:00,1.3923763,1.3954054,1.3923763,1.3943957,5638872.932554224,7856816.0
2026-03-19 11:15:00,1.3943957,1.3954054,1.3893472,1.3903569,13286025.552144201,18507000.0
2026-03-19 11:20:00,1.3903569,1.393386,1.3883375,1.393386,8380701.198375755,11663705.0
2026-03-19 11:25:00,1.3923763,1.393386,1.3873278000000002,1.3883375,11807167.475487769,16404159.0
2026-03-19 11:30:00,1.3873278000000002,1.3903569,1.3853084000000002,1.3903569,12651084.480538774,17555148.0
2026-03-19 13:05:00,1.3903569,1.3903569,1.3842987,1.3853084000000002,33017484.40130732,45775150.0
2026-03-19 13:10:00,1.3853084000000002,1.3873278000000002,1.3832890000000002,1.3842987,18216004.753887292,25234992.0
2026-03-19 13:15:00,1.3842987,1.3842987,1.3822793,1.3832890000000002,27116470.23868476,37514864.0
2026-03-19 13:20:00,1.3832890000000002,1.3853084000000002,1.3822793,1.3853084000000002,21755273.843715955,30106200.0
2026-03-19 13:25:00,1.3853084000000002,1.3853084000000002,1.3832890000000002,1.3842987,17815984.946023572,24657756.0
2026-03-19 13:30:00,1.3842987,1.3842987,1.3802599,1.3822793,35425670.991383575,48964264.0
2026-03-19 13:35:00,1.3822793,1.3853084000000002,1.3812696000000002,1.3832890000000002,6122610.676438546,8470270.0
2026-03-19 13:40:00,1.3832890000000002,1.3842987,1.3802599,1.3812696000000002,7614737.050609091,10524158.0
2026-03-19 13:45:00,1.3812696000000002,1.3822793,1.3802599,1.3812696000000002,14494015.053976428,20026192.0
2026-03-19 13:50:00,1.3812696000000002,1.3822793,1.3802599,1.3812696000000002,12535780.925027234,17310860.0
2026-03-19 13:55:00,1.3812696000000002,1.3873278000000002,1.3792502000000002,1.3873278000000002,31903195.00841834,44142936.0
2026-03-19 14:00:00,1.3873278000000002,1.3883375,1.3832890000000002,1.3842987,15322062.989006635,21224368.0
2026-03-19 14:05:00,1.3832890000000002,1.3913666,1.3812696000000002,1.3903569,47425159.94849955,65729720.0
2026-03-19 14:10:00,1.3913666,1.3913666,1.3873278000000002,1.3893472,35364276.517777555,49106084.0
2026-03-19 14:15:00,1.3893472,1.3913666,1.3853084000000002,1.3853084000000002,23228780.825987916,32251960.0
2026-03-19 14:20:00,1.3873278000000002,1.3873278000000002,1.3832890000000002,1.3832890000000002,22571017.13380212,31273152.0
2026-03-19 14:25:00,1.3832890000000002,1.3832890000000002,1.3812696000000002,1.3822793,12685192.631474694,17533352.0
2026-03-19 14:30:00,1.3822793,1.3822793,1.3802599,1.3822793,15867774.586510845,21913156.0
2026-03-19 14:35:00,1.3822793,1.3822793,1.3782405,1.3802599,32893829.850450628,45400224.0
2026-03-19 14:40:00,1.3792502000000002,1.3802599,1.3772308000000002,1.3802599,37263607.01198376,51380236.0
2026-03-19 14:45:00,1.3792502000000002,1.3802599,1.3742017,1.3752114000000002,42502327.42398732,58533560.0
2026-03-19 14:50:00,1.3752114000000002,1.3782405,1.3742017,1.3752114000000002,33231851.04486481,45719456.0
2026-03-19 14:55:00,1.3752114000000002,1.3802599,1.3752114000000002,1.3802599,19607206.100822024,27005318.0
2026-03-19 15:00:00,1.3802599,1.3822793,1.3792502000000002,1.3812696000000002,23304254.729127463,32168192.0
2026-03-20 09:35:00,1.3863181,1.3893472,1.3752114000000002,1.3772308000000002,40956680.20204021,56646436.0
2026-03-20 09:40:00,1.3772308000000002,1.3863181,1.3742017,1.3842987,26452114.48945231,36519736.0
2026-03-20 09:45:00,1.3832890000000002,1.3873278000000002,1.3812696000000002,1.3812696000000002,20680796.27612162,28612888.0
2026-03-20 09:50:00,1.3822793,1.3873278000000002,1.3812696000000002,1.3853084000000002,26914826.18599584,37264584.0
2026-03-20 09:55:00,1.3853084000000002,1.3853084000000002,1.3772308000000002,1.3782405,31439615.727443796,43377224.0
2026-03-20 10:00:00,1.3782405,1.3842987,1.3762211,1.3832890000000002,36336931.76190948,50123804.0
2026-03-20 10:05:00,1.3832890000000002,1.3863181,1.3792502000000002,1.3792502000000002,25452411.60740814,35220164.0
2026-03-20 10:10:00,1.3792502000000002,1.3812696000000002,1.3772308000000002,1.3802599,14860680.400118846,20491320.0
2026-03-20 10:15:00,1.3812696000000002,1.3822793,1.3752114000000002,1.3762211,8751708.428246014,12067093.0
2026-03-20 10:20:00,1.3762211,1.3812696000000002,1.3731920000000002,1.3812696000000002,23597108.051896602,32471786.0
2026-03-20 10:25:00,1.3812696000000002,1.3812696000000002,1.3782405,1.3782405,15628602.55521442,21558484.0
2026-03-20 10:30:00,1.3792502000000002,1.3792502000000002,1.3742017,1.3782405,12052391.799544418,16591710.0
2026-03-20 10:35:00,1.3782405,1.3822793,1.3752114000000002,1.3812696000000002,18640625.92849361,25696714.0
2026-03-20 10:40:00,1.3812696000000002,1.3812696000000002,1.3752114000000002,1.3752114000000002,13627491.33405962,18783340.0
2026-03-20 10:45:00,1.3762211,1.3772308000000002,1.3742017,1.3742017,12034807.368525304,16549070.0
2026-03-20 10:50:00,1.3742017,1.3772308000000002,1.3721823,1.3772308000000002,18490145.587798357,25408248.0
2026-03-20 10:55:00,1.3772308000000002,1.3772308000000002,1.3742017,1.3752114000000002,8255521.442012479,11356373.0
2026-03-20 11:00:00,1.3731920000000002,1.3742017,1.3681435,1.3691532000000002,23811231.058730315,32636948.0
2026-03-20 11:05:00,1.3691532000000002,1.3701629,1.3661241,1.3681435,10604421.115182728,14508430.0
2026-03-20 11:10:00,1.3691532000000002,1.3742017,1.3681435,1.3731920000000002,8536793.106863424,11696780.0
2026-03-20 11:15:00,1.3731920000000002,1.3752114000000002,1.3701629,1.3752114000000002,4530058.43319798,6216823.0
2026-03-20 11:20:00,1.3752114000000002,1.3812696000000002,1.3742017,1.3802599,17743955.63038526,24467268.0
2026-03-20 11:25:00,1.3802599,1.3802599,1.3772308000000002,1.3802599,7833712.98405467,10804246.0
2026-03-20 11:30:00,1.3802599,1.3812696000000002,1.3762211,1.3802599,10368030.107952857,14293985.0
2026-03-20 13:05:00,1.3812696000000002,1.3853084000000002,1.3802599,1.3832890000000002,32118011.29048232,44398864.0
2026-03-20 13:10:00,1.3832890000000002,1.3873278000000002,1.3822793,1.3853084000000002,14905813.608002376,20641572.0
2026-03-20 13:15:00,1.3863181,1.3863181,1.3802599,1.3812696000000002,10707536.892146181,14795749.0
2026-03-20 13:20:00,1.3802599,1.3812696000000002,1.3782405,1.3792502000000002,18851991.680697236,26007490.0
2026-03-20 13:25:00,1.3792502000000002,1.3822793,1.3772308000000002,1.3812696000000002,12584360.701198375,17365544.0
2026-03-20 13:30:00,1.3812696000000002,1.3842987,1.3802599,1.3832890000000002,7180691.294443894,9926576.0
2026-03-20 13:35:00,1.3832890000000002,1.3842987,1.3822793,1.3842987,14925887.887491334,20652134.0
2026-03-20 13:40:00,1.3842987,1.3863181,1.3802599,1.3812696000000002,9990393.18609488,13830995.0
2026-03-20 13:45:00,1.3812696000000002,1.3812696000000002,1.3782405,1.3782405,6787065.464989601,9360510.0
2026-03-20 13:50:00,1.3792502000000002,1.3792502000000002,1.3762211,1.3792502000000002,6024462.711696544,8299404.0
2026-03-20 13:55:00,1.3782405,1.3802599,1.3762211,1.3772308000000002,7599081.905516489,10472354.0
2026-03-20 14:00:00,1.3772308000000002,1.3782405,1.3762211,1.3772308000000002,2151134.0001980783,2962377.0
2026-03-20 14:05:00,1.3772308000000002,1.3792502000000002,1.3762211,1.3782405,3579547.3903139546,4931011.0
2026-03-20 14:10:00,1.3782405,1.3792502000000002,1.3742017,1.3752114000000002,12468422.30365455,17167224.0
2026-03-20 14:15:00,1.3742017,1.3752114000000002,1.3721823,1.3721823,7062990.987422006,9702444.0
2026-03-20 14:20:00,1.3721823,1.3742017,1.3701629,1.3731920000000002,9504228.978904625,13038219.0
2026-03-20 14:25:00,1.3731920000000002,1.3731920000000002,1.3711726000000002,1.3721823,7094681.58859067,9734534.0
2026-03-20 14:30:00,1.3721823,1.3721823,1.3701629,1.3711726000000002,12112211.54798455,16601690.0
2026-03-20 14:35:00,1.3711726000000002,1.3721823,1.3681435,1.3691532000000002,13950480.340695256,19110378.0
2026-03-20 14:40:00,1.3691532000000002,1.3691532000000002,1.3661241,1.3671338000000002,13061998.613449538,17863146.0
2026-03-20 14:45:00,1.3661241,1.3671338000000002,1.3630950000000002,1.3630950000000002,17768228.186590075,24262110.0
2026-03-20 14:50:00,1.3630950000000002,1.3651144000000002,1.3610756000000002,1.3610756000000002,22533750.61899574,30717408.0
2026-03-20 14:55:00,1.3610756000000002,1.3630950000000002,1.3590562000000002,1.3600659,24748143.01277607,33686924.0
2026-03-20 15:00:00,1.3600659,1.3600659,1.3570368000000002,1.3580465,22933318.8075666,31162556.0
2026-03-23 09:35:00,1.332804,1.3418913000000001,1.3277555,1.3317943,70730252.55026245,94268034.0
2026-03-23 09:40:00,1.3317943,1.332804,1.3247264,1.332804,70311765.8710508,93463980.0
2026-03-23 09:45:00,1.332804,1.3358331,1.3297749,1.3297749,68423690.20501138,91135990.0
2026-03-23 09:50:00,1.3297749,1.3368428,1.3287652,1.3338137,98885352.08477765,131791800.0
2026-03-23 09:55:00,1.3348234,1.3358331,1.3307846,1.3338137,44385714.568683766,59167090.0
2026-03-23 10:00:00,1.3348234,1.3378525000000001,1.332804,1.3368428,36221550.955729425,48378244.0
2026-03-23 10:05:00,1.3358331,1.3418913000000001,1.3348234,1.3408816000000001,28450933.940774485,38083988.0
2026-03-23 10:10:00,1.3408816000000001,1.3459301000000001,1.3398719000000001,1.3429010000000001,23810090.125779934,31985704.0
2026-03-23 10:15:00,1.3418913000000001,1.3418913000000001,1.3358331,1.3358331,18506467.2675052,24773060.0
2026-03-23 10:20:00,1.3358331,1.3388622000000001,1.3338137,1.3388622000000001,15613220.75864118,20854080.0
2026-03-23 10:25:00,1.3388622000000001,1.3388622000000001,1.3358331,1.3358331,14849986.134495394,19857860.0
2026-03-23 10:30:00,1.3358331,1.3368428,1.3307846,1.332804,11837860.750718035,15794363.0
2026-03-23 10:35:00,1.3317943,1.332804,1.3297749,1.3297749,19294443.894226007,25677316.0
2026-03-23 10:40:00,1.3297749,1.332804,1.3287652,1.3307846,8079392.888976923,10752943.0
2026-03-23 10:45:00,1.3307846,1.332804,1.3277555,1.3307846,8588293.552540358,11422965.0
2026-03-23 10:50:00,1.3307846,1.332804,1.3287652,1.3297749,12114885.609587006,16118129.0
2026-03-23 10:55:00,1.3297749,1.3307846,1.3247264,1.3257361,22321519.26314747,29619004.0
2026-03-23 11:00:00,1.3257361,1.3307846,1.3257361,1.3307846,10367832.029315637,13773796.0
2026-03-23 11:05:00,1.3307846,1.332804,1.3287652,1.3307846,7581012.181836189,10085072.0
2026-03-23 11:10:00,1.3317943,1.3317943,1.3257361,1.3257361,11495097.55372883,15253440.0
2026-03-23 11:15:00,1.3257361,1.3267458,1.322707,1.3237167,11658543.131623253,15445292.0
2026-03-23 11:20:00,1.3237167,1.3267458,1.3216973,1.322707,21337525.997821134,28245984.0
2026-03-23 11:25:00,1.322707,1.3257361,1.3216973,1.322707,7663365.35604635,10142937.0
2026-03-23 11:30:00,1.322707,1.3237167,1.3196779,1.3206876,12907695.355055956,17066024.0
2026-03-23 13:05:00,1.3206876,1.3267458,1.3186682,1.3237167,17892047.14271566,23652646.0
2026-03-23 13:10:00,1.3237167,1.3237167,1.3146294,1.3156391,16477072.397741903,21747880.0
2026-03-23 13:15:00,1.3156391,1.3196779,1.31261,1.3156391,22234869.763296027,29244866.0
2026-03-23 13:20:00,1.3156391,1.3166488,1.3116003,1.31261,25222343.2702783,33127660.0
2026-03-23 13:25:00,1.3116003,1.31261,1.3085712,1.3116003,26494245.815588787,34724330.0
2026-03-23 13:30:00,1.3105906,1.31261,1.3075615,1.3085712,18785575.913637713,24617898.0
2026-03-23 13:35:00,1.3075615,1.3146294,1.3075615,1.3146294,22688026.14638011,29734544.0
2026-03-23 13:40:00,1.3146294,1.3186682,1.31261,1.3156391,41249717.73794196,54240132.0
2026-03-23 13:45:00,1.3156391,1.3156391,1.3055421,1.3065518,17966425.670991383,23529204.0
2026-03-23 13:50:00,1.3065518,1.3095809,1.3045324,1.3065518,20487293.255422402,26781640.0
2026-03-23 13:55:00,1.3065518,1.3105906,1.3045324,1.3055421,16868630.28622363,22046740.0
2026-03-23 14:00:00,1.3055421,1.3146294,1.3045324,1.3105906,27407186.292958304,35896956.0
2026-03-23 14:05:00,1.3105906,1.3116003,1.3045324,1.3055421,29288897.692383874,38298296.0
2026-03-23 14:10:00,1.3055421,1.3055421,1.3004936,1.3045324,31927907.29919778,41594804.0
2026-03-23 14:15:00,1.3045324,1.3045324,1.2974645,1.2984742,24108646.132514607,31352344.0
2026-03-23 14:20:00,1.2984742,1.3035227,1.2974645,1.3035227,33253738.734277505,43246070.0
2026-03-23 14:25:00,1.3035227,1.3075615,1.2954451,1.3065518,27742363.07814202,36078144.0
2026-03-23 14:30:00,1.3065518,1.3146294,1.3055421,1.3085712,27303632.762206595,35750140.0
2026-03-23 14:35:00,1.3075615,1.3075615,1.2994839,1.2994839,29444785.57987521,38403172.0
2026-03-23 14:40:00,1.3004936,1.3035227,1.2994839,1.3004936,37942260.07725067,49369316.0
2026-03-23 14:45:00,1.3004936,1.3055421,1.2964548,1.2974645,38692391.79954442,50323092.0
2026-03-23 14:50:00,1.2974645,1.2974645,1.292416,1.2944354,35110325.839358225,45476610.0
2026-03-23 14:55:00,1.2944354,1.2984742,1.2944354,1.2964548,35964890.561552934,46627130.0
2026-03-23 15:00:00,1.2954451,1.3045324,1.2954451,1.3035227,27807673.566405863,36175010.0
2026-03-24 09:35:00,1.3206876,1.322707,1.3065518,1.3105906,75728959.0967614,99488666.0
2026-03-24 09:40:00,1.3105906,1.3105906,1.3015033,1.3015033,53361879.7662672,69694710.0
2026-03-24 09:45:00,1.3015033,1.3055421,1.2974645,1.3015033,58033475.28969,75498296.0
2026-03-24 09:50:00,1.3004936,1.3065518,1.3004936,1.3055421,41869961.37466574,54622380.0
2026-03-24 09:55:00,1.3045324,1.3105906,1.3035227,1.3045324,24935604.635040108,32596992.0
2026-03-24 10:00:00,1.3035227,1.3055421,1.2954451,1.2964548,39851441.02208576,51878476.0
2026-03-24 10:05:00,1.2974645,1.2994839,1.2944354,1.2954451,42783896.2067941,55483284.0
2026-03-24 10:10:00,1.2954451,1.3015033,1.2954451,1.2984742,26178270.77349708,33991090.0
2026-03-24 10:15:00,1.2974645,1.2994839,1.292416,1.292416,21074774.68555016,27299532.0
2026-03-24 10:20:00,1.292416,1.292416,1.2873675,1.2903966,26514905.417450726,34210280.0
2026-03-24 10:25:00,1.2893869,1.2984742,1.2893869,1.2954451,49116121.62028325,63586716.0
2026-03-24 10:30:00,1.2954451,1.3004936,1.2934257,1.3004936,19795087.64979697,25674724.0
2026-03-24 10:35:00,1.3015033,1.302513,1.2994839,1.3015033,16803208.873922948,21868424.0
2026-03-24 10:40:00,1.3015033,1.3055421,1.3004936,1.3055421,11143904.129939586,14523232.0
2026-03-24 10:45:00,1.3045324,1.3116003,1.302513,1.3116003,19293540.65564029,25205148.0
2026-03-24 10:50:00,1.3116003,1.31261,1.3095809,1.3105906,16789838.565910667,22010562.0
2026-03-24 10:55:00,1.3105906,1.31261,1.3075615,1.3105906,9873823.908091512,12931465.0
2026-03-24 11:00:00,1.3105906,1.3116003,1.3075615,1.3095809,9744928.196494007,12760068.0
2026-03-24 11:05:00,1.3085712,1.3116003,1.3075615,1.3116003,11025750.222838467,14435469.0
2026-03-24 11:10:00,1.3105906,1.3136197,1.3055421,1.3055421,14108943.250470435,18496532.0
2026-03-24 11:15:00,1.3055421,1.3105906,1.3045324,1.3105906,16215014.360701198,21199022.0
2026-03-24 11:20:00,1.3105906,1.3176585,1.3105906,1.3136197,23456797.068436168,30815752.0
2026-03-24 11:25:00,1.3136197,1.3176585,1.3136197,1.3156391,19867008.022184808,26146740.0
2026-03-24 11:30:00,1.3156391,1.3166488,1.31261,1.3146294,6946815.885906705,9134755.0
2026-03-24 13:05:00,1.3156391,1.3186682,1.3095809,1.3116003,24845102.50569476,32625926.0
2026-03-24 13:10:00,1.3116003,1.3116003,1.3065518,1.3065518,8849494.899475092,11576544.0
2026-03-24 13:15:00,1.3075615,1.3095809,1.3065518,1.3075615,5971674.7548776865,7811100.0
2026-03-24 13:20:00,1.3065518,1.3075615,1.3045324,1.3055421,5970981.479647419,7797402.0
2026-03-24 13:25:00,1.3055421,1.3085712,1.3045324,1.3045324,8737842.923640685,11415820.0
2026-03-24 13:30:00,1.3045324,1.3045324,1.3015033,1.3015033,7473280.182232346,9736568.0
2026-03-24 13:35:00,1.3015033,1.3065518,1.3004936,1.3065518,12938793.701099336,16870616.0
2026-03-24 13:40:00,1.3065518,1.3116003,1.3055421,1.3105906,24866693.077151626,32562952.0
2026-03-24 13:45:00,1.3116003,1.31261,1.3085712,1.3085712,15241754.976725759,19985810.0
2026-03-24 13:50:00,1.3085712,1.3116003,1.3085712,1.3095809,16826185.99584035,22049378.0
2026-03-24 13:55:00,1.3105906,1.3116003,1.3095809,1.3095809,14389026.443498068,18857608.0
2026-03-24 14:00:00,1.3095809,1.31261,1.3075615,1.3105906,22699613.746657424,29735564.0
2026-03-24 14:05:00,1.3105906,1.31261,1.3095809,1.3116003,4749034.366643557,6226828.0
2026-03-24 14:10:00,1.3116003,1.3156391,1.3105906,1.3146294,10688422.30365455,14036721.0
2026-03-24 14:15:00,1.3156391,1.3176585,1.31261,1.3176585,13378132.118451025,17596194.0
2026-03-24 14:20:00,1.3176585,1.3216973,1.3156391,1.3216973,20247994.453798156,26716364.0
2026-03-24 14:25:00,1.3216973,1.3267458,1.3206876,1.3247264,37261836.18896702,49331316.0
2026-03-24 14:30:00,1.3247264,1.3257361,1.322707,1.3257361,17973849.65831435,23804854.0
2026-03-24 14:35:00,1.3267458,1.3307846,1.3267458,1.3287652,28095572.942458156,37332236.0
2026-03-24 14:40:00,1.3297749,1.3307846,1.3267458,1.3267458,12980786.372189758,17250148.0
2026-03-24 14:45:00,1.3267458,1.3297749,1.3257361,1.3287652,9572744.37951867,12714975.0
2026-03-24 14:50:00,1.3287652,1.3317943,1.3277555,1.3297749,14647149.648410419,19482282.0
2026-03-24 14:55:00,1.3297749,1.3307846,1.3287652,1.3297749,15622307.6161236,20770484.0
2026-03-24 15:00:00,1.3297749,1.3297749,1.3287652,1.3297749,9050708.131128058,12032088.0
2026-03-25 09:35:00,1.3338137,1.3519883,1.3338137,1.3509786000000001,96667455.67990492,130131907.0
2026-03-25 09:40:00,1.3509786000000001,1.3570368000000002,1.3509786000000001,1.3540077,54839496.88026146,74264380.0
2026-03-25 09:45:00,1.3540077,1.3600659,1.3540077,1.3560271,64278072.694859855,87245960.0
2026-03-25 09:50:00,1.3560271,1.3590562000000002,1.3550174000000001,1.3560271,41807071.407348715,56716664.0
2026-03-25 09:55:00,1.3560271,1.3630950000000002,1.3560271,1.3620853,38164936.11963949,51891908.0
2026-03-25 10:00:00,1.3620853,1.3671338000000002,1.3610756000000002,1.3620853,35152688.91750024,47950160.0
2026-03-25 10:05:00,1.3620853,1.3641047,1.3590562000000002,1.3590562000000002,27901855.99683074,38034784.0
2026-03-25 10:10:00,1.3590562000000002,1.3641047,1.3590562000000002,1.3641047,22133505.00148559,30143676.0
2026-03-25 10:15:00,1.3641047,1.3651144000000002,1.3600659,1.3641047,23834540.952758245,32481304.0
2026-03-25 10:20:00,1.3641047,1.3671338000000002,1.3641047,1.3651144000000002,23247132.811726253,31747168.0
2026-03-25 10:25:00,1.3661241,1.3671338000000002,1.3610756000000002,1.3641047,22626621.768842228,30869156.0
2026-03-25 10:30:00,1.3641047,1.3641047,1.3600659,1.3610756000000002,18446603.94176488,25115320.0
2026-03-25 10:35:00,1.3610756000000002,1.3641047,1.3590562000000002,1.3600659,14682380.905219372,19994544.0
2026-03-25 10:40:00,1.3600659,1.3600659,1.3540077,1.3550174000000001,17407483.41091413,23605214.0
2026-03-25 10:45:00,1.3550174000000001,1.3600659,1.3550174000000001,1.3590562000000002,9333366.346439537,12672235.0
2026-03-25 10:50:00,1.3580465,1.3610756000000002,1.3560271,1.3560271,7575616.519758344,10292753.0
2026-03-25 10:55:00,1.3570368000000002,1.3580465,1.3550174000000001,1.3560271,7639893.037535901,10362425.0
2026-03-25 11:00:00,1.3550174000000001,1.3570368000000002,1.3529980000000001,1.3540077,6074279.488957115,8230009.0
2026-03-25 11:05:00,1.3540077,1.3540077,1.3499689,1.3509786000000001,10568822.422501734,14285649.0
2026-03-25 11:10:00,1.3499689,1.3529980000000001,1.3489592000000001,1.3499689,11241754.976725759,15186211.0
2026-03-25 11:15:00,1.3489592000000001,1.3499689,1.3479495,1.3489592000000001,6301574.7251658905,8500571.0
2026-03-25 11:20:00,1.3479495,1.3499689,1.3469398000000001,1.3469398000000001,11245320.392195702,15163413.0
2026-03-25 11:25:00,1.3469398000000001,1.3469398000000001,1.3439107000000001,1.3459301000000001,11230068.33712984,15107657.0
2026-03-25 11:30:00,1.3459301000000001,1.3459301000000001,1.3439107000000001,1.3449204000000001,5577399.227493315,7502530.0
2026-03-25 13:05:00,1.3449204000000001,1.3509786000000001,1.3449204000000001,1.3499689,12338374.764781618,16639061.0
2026-03-25 13:10:00,1.3509786000000001,1.3529980000000001,1.3489592000000001,1.3509786000000001,6567746.855501634,8876150.0
2026-03-25 13:15:00,1.3509786000000001,1.3529980000000001,1.3489592000000001,1.3519883,4486778.250965633,6064751.0
2026-03-25 13:20:00,1.3519883,1.3550174000000001,1.3509786000000001,1.3529980000000001,11366445.478855105,15381168.0
2026-03-25 13:25:00,1.3529980000000001,1.3570368000000002,1.3529980000000001,1.3550174000000001,15174705.358027136,20566852.0
2026-03-25 13:30:00,1.3560271,1.3580465,1.3529980000000001,1.3580465,10611807.467564622,14389787.0
2026-03-25 13:35:00,1.3580465,1.3580465,1.3540077,1.3550174000000001,8306427.6517777555,11261747.0
2026-03-25 13:40:00,1.3560271,1.3580465,1.3550174000000001,1.3570368000000002,12977061.503416857,17609512.0
2026-03-25 13:45:00,1.3580465,1.3610756000000002,1.3560271,1.3580465,24896729.721699513,33829840.0
2026-03-25 13:50:00,1.3580465,1.3590562000000002,1.3550174000000001,1.3560271,7121521.243933842,9663130.0
2026-03-25 13:55:00,1.3570368000000002,1.3570368000000002,1.3509786000000001,1.3519883,9933812.023373278,13451148.0
2026-03-25 14:00:00,1.3519883,1.3570368000000002,1.3519883,1.3540077,13967118.94622165,18917832.0
2026-03-25 14:05:00,1.3560271,1.3560271,1.3540077,1.3550174000000001,7823610.973556502,10602522.0
2026-03-25 14:10:00,1.3560271,1.3560271,1.3529980000000001,1.3540077,9855846.290977517,13349058.0
2026-03-25 14:15:00,1.3550174000000001,1.3550174000000001,1.3519883,1.3519883,9244119.045260968,12508637.0
2026-03-25 14:20:00,1.3519883,1.3540077,1.3509786000000001,1.3529980000000001,9420942.854313161,12737824.0
2026-03-25 14:25:00,1.3540077,1.3540077,1.3529980000000001,1.3529980000000001,7324551.847083292,9916069.0
2026-03-25 14:30:00,1.3529980000000001,1.3540077,1.3509786000000001,1.3509786000000001,9408709.517678518,12727586.0
2026-03-25 14:35:00,1.3519883,1.3550174000000001,1.3519883,1.3540077,10573012.7760721,14309227.0
2026-03-25 14:40:00,1.3540077,1.3550174000000001,1.3529980000000001,1.3540077,11602335.347132811,15717187.0
2026-03-25 14:45:00,1.3550174000000001,1.3560271,1.3540077,1.3550174000000001,4758542.141230068,6447421.0
2026-03-25 14:50:00,1.3550174000000001,1.3560271,1.3540077,1.3560271,5752302.66415767,7793957.0
2026-03-25 14:55:00,1.3560271,1.3560271,1.3550174000000001,1.3560271,12613350.500148559,17102668.0
2026-03-25 15:00:00,1.3550174000000001,1.3570368000000002,1.3550174000000001,1.3560271,16361988.709517678,22187920.0
2026-03-26 09:35:00,1.3570368000000002,1.3580465,1.3489592000000001,1.3529980000000001,46084609.289888084,62323087.0
2026-03-26 09:40:00,1.3519883,1.3550174000000001,1.3499689,1.3540077,30745667.029810835,41560276.0
2026-03-26 09:45:00,1.3540077,1.3570368000000002,1.3489592000000001,1.3489592000000001,23161105.278795682,31327992.0
2026-03-26 09:50:00,1.3499689,1.3509786000000001,1.3449204000000001,1.3449204000000001,21987719.12449242,29648600.0
2026-03-26 09:55:00,1.3459301000000001,1.3469398000000001,1.3439107000000001,1.3459301000000001,13894226.007725066,18695152.0
2026-03-26 10:00:00,1.3459301000000001,1.3499689,1.3449204000000001,1.3499689,39378033.079132415,53091308.0
2026-03-26 10:05:00,1.3499689,1.3529980000000001,1.3479495,1.3499689,44612845.39962365,60256476.0
2026-03-26 10:10:00,1.3509786000000001,1.3540077,1.3509786000000001,1.3509786000000001,37963652.57007032,51343670.0
2026-03-26 10:15:00,1.3509786000000001,1.3560271,1.3499689,1.3529980000000001,30115776.96345449,40745300.0
2026-03-26 10:20:00,1.3529980000000001,1.3540077,1.3479495,1.3479495,10674655.838367831,14420953.0
2026-03-26 10:25:00,1.3479495,1.3509786000000001,1.3459301000000001,1.3459301000000001,20809151.233039517,28062594.0
2026-03-26 10:30:00,1.3459301000000001,1.3479495,1.3459301000000001,1.3459301000000001,8981479.647420024,12092513.0
2026-03-26 10:35:00,1.3459301000000001,1.3489592000000001,1.3449204000000001,1.3459301000000001,14576210.75567,19636760.0
2026-03-26 10:40:00,1.3449204000000001,1.3469398000000001,1.3439107000000001,1.3439107000000001,10852629.493909081,14596945.0
2026-03-26 10:45:00,1.3449204000000001,1.3479495,1.3439107000000001,1.3459301000000001,10506732.692879073,14140350.0
2026-03-26 10:50:00,1.3469398000000001,1.3479495,1.3449204000000001,1.3469398000000001,8973358.423294047,12079604.0
2026-03-26 10:55:00,1.3469398000000001,1.3469398000000001,1.3439107000000001,1.3459301000000001,7644250.767554719,10284750.0
2026-03-26 11:00:00,1.3449204000000001,1.3459301000000001,1.3418913000000001,1.3439107000000001,15899376.05229276,21362356.0
2026-03-26 11:05:00,1.3449204000000001,1.3479495,1.3449204000000001,1.3459301000000001,9440923.04644944,12711703.0
2026-03-26 11:10:00,1.3459301000000001,1.3459301000000001,1.3418913000000001,1.3418913000000001,10458552.045161929,14058700.0
2026-03-26 11:15:00,1.3429010000000001,1.3449204000000001,1.3429010000000001,1.3449204000000001,9686639.59591958,13018852.0
2026-03-26 11:20:00,1.3449204000000001,1.3459301000000001,1.3418913000000001,1.3429010000000001,13927206.100822026,18719442.0
2026-03-26 11:25:00,1.3429010000000001,1.3449204000000001,1.3408816000000001,1.3449204000000001,14521937.209072001,19492492.0
2026-03-26 11:30:00,1.3449204000000001,1.3449204000000001,1.3418913000000001,1.3418913000000001,3574527.0872536395,4799274.0
2026-03-26 13:05:00,1.3429010000000001,1.3429010000000001,1.3378525000000001,1.3388622000000001,29023129.642468058,38883230.0
2026-03-26 13:10:00,1.3398719000000001,1.3398719000000001,1.3348234,1.3358331,22114483.50995345,29572048.0
2026-03-26 13:15:00,1.3358331,1.3368428,1.3338137,1.3338137,15199867.287313063,20291652.0
2026-03-26 13:20:00,1.3348234,1.3358331,1.3338137,1.3348234,9652570.070317917,12885456.0
2026-03-26 13:25:00,1.3348234,1.3348234,1.3287652,1.3307846,26982505.694760818,35922410.0
2026-03-26 13:30:00,1.3307846,1.332804,1.3277555,1.3317943,20473110.824997522,27232018.0
2026-03-26 13:35:00,1.3317943,1.3317943,1.3287652,1.3297749,17801624.244825196,23678640.0
2026-03-26 13:40:00,1.3307846,1.332804,1.3297749,1.3307846,9844611.270674458,13103434.0
2026-03-26 13:45:00,1.3317943,1.3348234,1.3307846,1.3338137,11822907.794394374,15761630.0
2026-03-26 13:50:00,1.332804,1.3338137,1.3297749,1.3317943,7487867.683470338,9973110.0
2026-03-26 13:55:00,1.3317943,1.332804,1.3307846,1.3317943,5295038.130137664,7047612.0
2026-03-26 14:00:00,1.3317943,1.332804,1.3287652,1.3287652,7158760.027731009,9523487.0
2026-03-26 14:05:00,1.3297749,1.332804,1.3287652,1.332804,11089036.34742993,14751039.0
2026-03-26 14:10:00,1.332804,1.332804,1.3287652,1.3287652,11553332.67307121,15371980.0
2026-03-26 14:15:00,1.3287652,1.3307846,1.3277555,1.3287652,6079231.45488759,8079095.0
2026-03-26 14:20:00,1.3287652,1.3287652,1.3267458,1.3267458,8715757.155590769,11570271.0
2026-03-26 14:25:00,1.3267458,1.3277555,1.3257361,1.3277555,12517846.88521343,16610707.0
2026-03-26 14:30:00,1.3267458,1.3277555,1.3257361,1.3277555,4708131.128057838,6245943.0
2026-03-26 14:35:00,1.3277555,1.3297749,1.3257361,1.3297749,13235713.578290582,17571198.0
2026-03-26 14:40:00,1.3287652,1.3307846,1.3257361,1.3267458,12321976.824799445,16359093.0
2026-03-26 14:45:00,1.3257361,1.3277555,1.3257361,1.3257361,12763890.26443498,16935482.0
2026-03-26 14:50:00,1.3267458,1.3277555,1.3247264,1.3277555,11315836.387045657,15005329.0
2026-03-26 14:55:00,1.3277555,1.3287652,1.3267458,1.3277555,16088273.744676637,21362750.0
2026-03-26 15:00:00,1.3287652,1.3297749,1.3277555,1.3287652,9725363.969495889,12919385.0
2026-03-27 09:35:00,1.3085712,1.3196779,1.3065518,1.3156391,77443795.18668911,101657126.0
2026-03-27 09:40:00,1.3156391,1.3186682,1.31261,1.31261,35416777.26057245,46610852.0
2026-03-27 09:45:00,1.31261,1.3166488,1.3095809,1.3116003,43826130.533821926,57542896.0
2026-03-27 09:50:00,1.31261,1.3176585,1.31261,1.3176585,31594467.66366247,41582628.0
2026-03-27 09:55:00,1.3176585,1.3216973,1.3146294,1.3166488,19454170.545706645,25645026.0
2026-03-27 10:00:00,1.3156391,1.3216973,1.3156391,1.3216973,14477171.437060513,19090686.0
2026-03-27 10:05:00,1.3216973,1.3257361,1.3196779,1.3237167,27397636.921857975,36237790.0
2026-03-27 10:10:00,1.3237167,1.3257361,1.322707,1.3257361,18776072.100623947,24852508.0
2026-03-27 10:15:00,1.3247264,1.3307846,1.3237167,1.3307846,16842329.404773694,22355164.0
2026-03-27 10:20:00,1.3307846,1.332804,1.3277555,1.3277555,22625829.454293355,30130080.0
2026-03-27 10:25:00,1.3277555,1.3277555,1.3237167,1.3257361,11306447.459641477,14983908.0
2026-03-27 10:30:00,1.3247264,1.332804,1.3247264,1.332804,22237284.341883726,29583442.0
2026-03-27 10:35:00,1.332804,1.3368428,1.332804,1.3358331,13457660.691294443,17966196.0
2026-03-27 10:40:00,1.3358331,1.3378525000000001,1.3317943,1.332804,14731009.21065663,19660664.0
2026-03-27 10:45:00,1.332804,1.3338137,1.3297749,1.3317943,9076062.196692087,12088006.0
2026-03-27 10:50:00,1.3307846,1.3358331,1.3307846,1.3348234,9908754.085371893,13215138.0
2026-03-27 10:55:00,1.3338137,1.3358331,1.3307846,1.3317943,12828364.860849757,17093768.0
2026-03-27 11:00:00,1.3307846,1.3307846,1.3287652,1.3307846,9116668.317321977,12122029.0
2026-03-27 11:05:00,1.3307846,1.3348234,1.3307846,1.332804,20694319.104684558,27585528.0
2026-03-27 11:10:00,1.332804,1.3348234,1.3317943,1.3338137,8062097.652768149,10750867.0
2026-03-27 11:15:00,1.332804,1.3368428,1.332804,1.3338137,10249281.96494008,13685065.0
2026-03-27 11:20:00,1.3338137,1.3358331,1.332804,1.3348234,13848469.842527483,18480226.0
2026-03-27 11:25:00,1.3348234,1.3368428,1.3338137,1.3358331,7944835.099534515,10607672.0
2026-03-27 11:30:00,1.3358331,1.3368428,1.3348234,1.3348234,3716252.352183817,4965414.0
2026-03-27 13:05:00,1.3358331,1.3459301000000001,1.3358331,1.3439107000000001,35172031.29642468,47217800.0
2026-03-27 13:10:00,1.3439107000000001,1.3489592000000001,1.3439107000000001,1.3489592000000001,24097850.846786175,32467106.0
2026-03-27 13:15:00,1.3489592000000001,1.3499689,1.3449204000000001,1.3469398000000001,39687768.644151725,53483936.0
2026-03-27 13:20:00,1.3469398000000001,1.3489592000000001,1.3449204000000001,1.3479495,22164900.465484798,29849502.0
2026-03-27 13:25:00,1.3469398000000001,1.3489592000000001,1.3449204000000001,1.3449204000000001,6198078.637218975,8349566.0
2026-03-27 13:30:00,1.3439107000000001,1.3459301000000001,1.3429010000000001,1.3439107000000001,9493413.885312468,12757412.0
2026-03-27 13:35:00,1.3449204000000001,1.3489592000000001,1.3449204000000001,1.3449204000000001,13644221.055759136,18383786.0
2026-03-27 13:40:00,1.3449204000000001,1.3479495,1.3449204000000001,1.3469398000000001,11371100.32682975,15309145.0
2026-03-27 13:45:00,1.3469398000000001,1.3489592000000001,1.3459301000000001,1.3469398000000001,15594731.108249975,21014560.0
2026-03-27 13:50:00,1.3479495,1.3479495,1.3449204000000001,1.3449204000000001,2329832.62355155,3137671.0
2026-03-27 13:55:00,1.3449204000000001,1.3469398000000001,1.3418913000000001,1.3418913000000001,6275329.305734376,8435631.0
2026-03-27 14:00:00,1.3418913000000001,1.3439107000000001,1.3398719000000001,1.3398719000000001,6391700.505100525,8573983.0
2026-03-27 14:05:00,1.3408816000000001,1.3418913000000001,1.3398719000000001,1.3408816000000001,8863721.897593344,11884705.0
2026-03-27 14:10:00,1.3408816000000001,1.3418913000000001,1.3378525000000001,1.3388622000000001,3951837.179360206,5293369.0
2026-03-27 14:15:00,1.3388622000000001,1.3398719000000001,1.3378525000000001,1.3398719000000001,12980390.21491532,17375502.0
2026-03-27 14:20:00,1.3398719000000001,1.3418913000000001,1.3388622000000001,1.3398719000000001,14456076.06219669,19373766.0
2026-03-27 14:25:00,1.3398719000000001,1.3418913000000001,1.3388622000000001,1.3398719000000001,8191443.00287214,10978446.0
2026-03-27 14:30:00,1.3398719000000001,1.3408816000000001,1.3378525000000001,1.3378525000000001,6660493.215806675,8920097.0
2026-03-27 14:35:00,1.3388622000000001,1.3408816000000001,1.3378525000000001,1.3388622000000001,14767356.640586313,19775252.0
2026-03-27 14:40:00,1.3388622000000001,1.3418913000000001,1.3388622000000001,1.3398719000000001,7919282.955333267,10616282.0
2026-03-27 14:45:00,1.3408816000000001,1.3429010000000001,1.3398719000000001,1.3418913000000001,5753094.978706546,7718473.0
2026-03-27 14:50:00,1.3418913000000001,1.3429010000000001,1.3408816000000001,1.3429010000000001,4244851.936218679,5695560.0
2026-03-27 14:55:00,1.3429010000000001,1.3429010000000001,1.3398719000000001,1.3408816000000001,14752401.70347628,19790758.0
2026-03-27 15:00:00,1.3408816000000001,1.3418913000000001,1.3408816000000001,1.3418913000000001,5375910.666534614,7212168.0
2026-03-30 09:35:00,1.3156391,1.3277555,1.31261,1.3267458,60564821.234029904,79999395.0
2026-03-30 09:40:00,1.3267458,1.3297749,1.322707,1.3247264,24980885.411508366,33122918.0
2026-03-30 09:45:00,1.3257361,1.3257361,1.3176585,1.3186682,31558185.599683072,41692612.0
2026-03-30 09:50:00,1.3186682,1.3237167,1.3166488,1.3166488,29326037.43686243,38707664.0
2026-03-30 09:55:00,1.3166488,1.3186682,1.3136197,1.3136197,18863523.818956126,24816292.0
2026-03-30 10:00:00,1.31261,1.3156391,1.31261,1.3146294,15604536.000792313,20515640.0
2026-03-30 10:05:00,1.3136197,1.3146294,1.3105906,1.31261,56371223.135584824,74003090.0
2026-03-30 10:10:00,1.3136197,1.3156391,1.31261,1.3146294,12528473.804100227,16462186.0
2026-03-30 10:15:00,1.3146294,1.3166488,1.31261,1.31261,19306922.8483708,25358508.0
2026-03-30 10:20:00,1.31261,1.3166488,1.3116003,1.3136197,8937288.303456472,11742995.0
2026-03-30 10:25:00,1.3146294,1.3146294,1.3085712,1.31261,19683668.416361295,25813234.0
2026-03-30 10:30:00,1.31261,1.31261,1.3095809,1.3116003,12498662.96919877,16389008.0
2026-03-30 10:35:00,1.3116003,1.3136197,1.3105906,1.31261,20256313.756561354,26570044.0
2026-03-30 10:40:00,1.31261,1.3136197,1.3105906,1.3116003,8351292.463107853,10963269.0
2026-03-30 10:45:00,1.3116003,1.3176585,1.3116003,1.3176585,8702882.044171536,11443216.0
2026-03-30 10:50:00,1.3166488,1.3206876,1.3166488,1.3206876,11599187.877587402,15292144.0
2026-03-30 10:55:00,1.3206876,1.3216973,1.3186682,1.3216973,10560562.5433297,13942133.0
2026-03-30 11:00:00,1.3216973,1.322707,1.3186682,1.322707,7659998.019213627,10116811.0
2026-03-30 11:05:00,1.322707,1.3257361,1.3216973,1.3257361,12467663.662474,16504606.0
2026-03-30 11:10:00,1.3267458,1.3307846,1.3257361,1.3287652,12726270.179261167,16914672.0
2026-03-30 11:15:00,1.3287652,1.3317943,1.3267458,1.3277555,9128751.114192333,12137740.0
2026-03-30 11:20:00,1.3287652,1.3307846,1.3267458,1.3297749,8037139.744478557,10678524.0
2026-03-30 11:25:00,1.3297749,1.3317943,1.3297749,1.3317943,4588491.631177577,6108043.0
2026-03-30 11:30:00,1.3317943,1.3338137,1.3307846,1.3317943,7860984.450826978,10472110.0
2026-03-30 13:05:00,1.3317943,1.3338137,1.3287652,1.3317943,36563696.1473705,48660900.0
2026-03-30 13:10:00,1.332804,1.3338137,1.3267458,1.3287652,12763989.30375359,16972060.0
2026-03-30 13:15:00,1.3297749,1.332804,1.3297749,1.3297749,21324749.92572051,28378918.0
2026-03-30 13:20:00,1.3307846,1.3348234,1.3297749,1.3348234,12349746.45934436,16462509.0
2026-03-30 13:25:00,1.3338137,1.3348234,1.3297749,1.3307846,7856194.909379023,10463401.0
2026-03-30 13:30:00,1.3307846,1.3307846,1.3287652,1.3287652,8126968.406457364,10811373.0
2026-03-30 13:35:00,1.3287652,1.332804,1.3277555,1.3317943,9636014.657819154,12820457.0
2026-03-30 13:40:00,1.3317943,1.332804,1.3277555,1.3277555,14846489.056155292,19767272.0
2026-03-30 13:45:00,1.3287652,1.3287652,1.3257361,1.3257361,5763692.185797761,7651442.0
2026-03-30 13:50:00,1.3257361,1.3277555,1.3247264,1.3277555,5839358.22521541,7740950.0
2026-03-30 13:55:00,1.3267458,1.3307846,1.3267458,1.3297749,2318458.9482024363,3080545.0
2026-03-30 14:00:00,1.3287652,1.3307846,1.3277555,1.3307846,3027334.8519362183,4023492.0
2026-03-30 14:05:00,1.3307846,1.3317943,1.3277555,1.3307846,5689412.696840646,7568127.0
2026-03-30 14:10:00,1.3307846,1.3307846,1.3277555,1.3277555,4722194.711300386,6277394.0
2026-03-30 14:15:00,1.3287652,1.3297749,1.3277555,1.3277555,13461717.341784688,17887900.0
2026-03-30 14:20:00,1.3287652,1.3307846,1.3277555,1.3287652,7920955.729424581,10529532.0
2026-03-30 14:25:00,1.3287652,1.3297749,1.3277555,1.3287652,2373180.1525205504,3153609.0
2026-03-30 14:30:00,1.3277555,1.3287652,1.3267458,1.3287652,11861543.032583935,15753038.0
2026-03-30 14:35:00,1.3287652,1.3297749,1.3277555,1.3287652,8946221.649995048,11887197.0
2026-03-30 14:40:00,1.3277555,1.3297749,1.3277555,1.3277555,1304743.9833613944,1733570.0
2026-03-30 14:45:00,1.3287652,1.3297749,1.3277555,1.3287652,3797761.7113994253,5045979.0
2026-03-30 14:50:00,1.3297749,1.3307846,1.3287652,1.3307846,5840150.539764286,7764803.0
2026-03-30 14:55:00,1.3297749,1.3307846,1.3287652,1.3297749,18471724.27453699,24557560.0
2026-03-30 15:00:00,1.3307846,1.3317943,1.3297749,1.3307846,10804397.34574626,14382677.0
2026-03-31 09:35:00,1.322707,1.3287652,1.322707,1.3277555,59702145.19164108,79112122.0
2026-03-31 09:40:00,1.3267458,1.332804,1.3237167,1.3257361,31842527.483410913,42290424.0
2026-03-31 09:45:00,1.3247264,1.3297749,1.3237167,1.3257361,15599484.99554323,20700360.0
2026-03-31 09:50:00,1.3267458,1.3287652,1.3247264,1.3267458,37156608.89373081,49273676.0
2026-03-31 09:55:00,1.3267458,1.3307846,1.3267458,1.3287652,48834604.337922156,64862304.0
2026-03-31 10:00:00,1.3287652,1.3338137,1.3267458,1.3338137,17755372.883034565,23617850.0
2026-03-31 10:05:00,1.3338137,1.3348234,1.3297749,1.3297749,11388036.050311973,15178653.0
2026-03-31 10:10:00,1.3297749,1.3338137,1.3277555,1.3338137,13722887.986530652,18263296.0
2026-03-31 10:15:00,1.332804,1.3358331,1.332804,1.332804,14022382.886005744,18710476.0
2026-03-31 10:20:00,1.332804,1.3338137,1.3307846,1.3307846,14464791.522234326,19274102.0
2026-03-31 10:25:00,1.3317943,1.332804,1.3277555,1.3277555,7040110.924036843,9366918.0
2026-03-31 10:30:00,1.3287652,1.3297749,1.3267458,1.3267458,8027830.048529265,10664739.0
2026-03-31 10:35:00,1.3267458,1.3297749,1.322707,1.3237167,8734277.508170743,11578727.0
2026-03-31 10:40:00,1.3237167,1.3247264,1.3216973,1.322707,17872239.27899376,23648080.0
2026-03-31 10:45:00,1.322707,1.322707,1.3196779,1.322707,17602060.017827075,23252240.0
2026-03-31 10:50:00,1.322707,1.322707,1.3186682,1.3196779,14563731.801525205,19227844.0
2026-03-31 10:55:00,1.3196779,1.3206876,1.3176585,1.3206876,11913043.47826087,15719743.0
2026-03-31 11:00:00,1.3196779,1.3196779,1.3166488,1.3166488,11689412.696840646,15409804.0
2026-03-31 11:05:00,1.3166488,1.3176585,1.3146294,1.3156391,9532336.337525997,12548194.0
2026-03-31 11:10:00,1.3156391,1.3156391,1.3136197,1.3156391,11319272.06100822,14878667.0
2026-03-31 11:15:00,1.3156391,1.3156391,1.31261,1.3136197,8452937.506189957,11110182.0
2026-03-31 11:20:00,1.3136197,1.3146294,1.3095809,1.3105906,25294245.815588787,33183348.0
2026-03-31 11:25:00,1.3105906,1.3116003,1.3075615,1.3085712,14106566.306823809,18472594.0
2026-03-31 11:30:00,1.3085712,1.3085712,1.3055421,1.3085712,19468455.97702288,25461548.0
2026-03-31 13:05:00,1.3085712,1.3116003,1.3085712,1.3116003,24472813.707041696,32055302.0
2026-03-31 13:10:00,1.3116003,1.3116003,1.3085712,1.3105906,12509062.097652767,16388910.0
2026-03-31 13:15:00,1.3095809,1.3105906,1.3055421,1.3065518,16344953.946716845,21359986.0
2026-03-31 13:20:00,1.3055421,1.3095809,1.3055421,1.3085712,6603446.56828761,8633508.0
2026-03-31 13:25:00,1.3085712,1.3085712,1.3065518,1.3085712,5280677.4289392885,6906964.0
2026-03-31 13:30:00,1.3085712,1.3116003,1.3075615,1.3116003,4194711.300386253,5496426.0
2026-03-31 13:35:00,1.3105906,1.3156391,1.3095809,1.3136197,7884123.997226899,10350592.0
2026-03-31 13:40:00,1.3136197,1.3156391,1.31261,1.3136197,8761018.124195306,11511361.0
2026-03-31 13:45:00,1.3136197,1.3136197,1.3095809,1.3105906,8488164.801426167,11132544.0
2026-03-31 13:50:00,1.3105906,1.3156391,1.3105906,1.3156391,6512627.5131227095,8548038.0
2026-03-31 13:55:00,1.3156391,1.3156391,1.3105906,1.3116003,9686441.517282361,12722058.0
2026-03-31 14:00:00,1.31261,1.3136197,1.3095809,1.3105906,7142913.736753491,9370295.0
2026-03-31 14:05:00,1.3095809,1.3105906,1.3065518,1.3075615,18794620.18421313,24592788.0
2026-03-31 14:10:00,1.3075615,1.3075615,1.3055421,1.3055421,18197781.51926315,23771220.0
2026-03-31 14:15:00,1.3055421,1.3055421,1.3035227,1.3035227,11096662.37496286,14475800.0
2026-03-31 14:20:00,1.3035227,1.3045324,1.302513,1.3035227,9517480.439734574,12405351.0
2026-03-31 14:25:00,1.302513,1.3035227,1.3015033,1.302513,19400812.122412596,25266236.0
2026-03-31 14:30:00,1.302513,1.3035227,1.3004936,1.3015033,13213436.66435575,17203652.0
2026-03-31 14:35:00,1.3015033,1.302513,1.2994839,1.3004936,14526158.264831137,18898946.0
2026-03-31 14:40:00,1.3004936,1.3004936,1.2984742,1.2994839,13909131.425175793,18076252.0
2026-03-31 14:45:00,1.3004936,1.3004936,1.2974645,1.2994839,14935377.835000494,19398296.0
2026-03-31 14:50:00,1.2994839,1.3004936,1.2954451,1.2964548,18727929.087847874,24306290.0
2026-03-31 14:55:00,1.2954451,1.2974645,1.2954451,1.2964548,12991284.539962364,16847288.0
2026-03-31 15:00:00,1.2964548,1.2974645,1.2954451,1.2974645,15760947.806279093,20437946.0
2026-04-01 09:35:00,1.3247264,1.3317943,1.3247264,1.3267458,119287570.5655145,158418244.0
2026-04-01 09:40:00,1.3267458,1.3297749,1.3247264,1.3277555,72813677.32989997,96634824.0
2026-04-01 09:45:00,1.3277555,1.3307846,1.3257361,1.3297749,63558510.44864811,84471200.0
2026-04-01 09:50:00,1.3297749,1.3338137,1.3297749,1.3297749,63835000.49519659,85015450.0
2026-04-01 09:55:00,1.3297749,1.3307846,1.3267458,1.3277555,29620318.90660592,39353150.0
2026-04-01 10:00:00,1.3277555,1.3307846,1.3216973,1.3216973,20566901.05972071,27261876.0
2026-04-01 10:05:00,1.322707,1.3247264,1.3206876,1.3237167,32173219.76824799,42566304.0
2026-04-01 10:10:00,1.3247264,1.3277555,1.322707,1.3277555,19347429.929682083,25633906.0
2026-04-01 10:15:00,1.3287652,1.3338137,1.3277555,1.3317943,31704335.94136872,42222612.0
2026-04-01 10:20:00,1.3317943,1.3348234,1.3307846,1.332804,34186546.498960085,45577230.0
2026-04-01 10:25:00,1.3338137,1.3338137,1.3307846,1.3317943,23353174.210161433,31120028.0
2026-04-01 10:30:00,1.332804,1.332804,1.3297749,1.3297749,23771623.254432008,31661300.0
2026-04-01 10:35:00,1.3297749,1.3338137,1.3287652,1.332804,24108646.132514607,32101128.0
2026-04-01 10:40:00,1.3317943,1.3348234,1.3317943,1.3317943,25236109.735565018,33647708.0
2026-04-01 10:45:00,1.3307846,1.3338137,1.3307846,1.332804,13786867.38635238,18369660.0
2026-04-01 10:50:00,1.332804,1.3358331,1.3297749,1.3297749,26856789.14529068,35817372.0
2026-04-01 10:55:00,1.3307846,1.3348234,1.3297749,1.3348234,8919679.112607704,11890551.0
2026-04-01 11:00:00,1.3348234,1.3348234,1.3317943,1.3338137,9115281.766861444,12160062.0
2026-04-01 11:05:00,1.3338137,1.3358331,1.332804,1.3348234,14048543.131623253,18750516.0
2026-04-01 11:10:00,1.3338137,1.3358331,1.332804,1.3358331,19493611.963949688,26024120.0
2026-04-01 11:15:00,1.3358331,1.3368428,1.332804,1.3348234,6093889.274041794,8133985.0
2026-04-01 11:20:00,1.3348234,1.3368428,1.3338137,1.3358331,8014063.583242547,10703414.0
2026-04-01 11:25:00,1.3358331,1.3368428,1.3338137,1.3338137,10876398.930375358,14526174.0
2026-04-01 11:30:00,1.3338137,1.3348234,1.332804,1.3338137,2561156.779241359,3414775.0
2026-04-01 13:05:00,1.332804,1.3358331,1.332804,1.332804,15100169.35723482,20153504.0
2026-04-01 13:10:00,1.332804,1.3368428,1.332804,1.3358331,5864613.25146083,7831700.0
2026-04-01 13:15:00,1.3358331,1.3378525000000001,1.3348234,1.3368428,23097355.650193125,30873302.0
2026-04-01 13:20:00,1.3368428,1.3388622000000001,1.3358331,1.3368428,16963204.912350204,22688228.0
2026-04-01 13:25:00,1.3368428,1.3388622000000001,1.3368428,1.3378525000000001,14321679.706843616,19154208.0
2026-04-01 13:30:00,1.3378525000000001,1.3418913000000001,1.3368428,1.3418913000000001,27736753.49113598,37120850.0
2026-04-01 13:35:00,1.3408816000000001,1.3429010000000001,1.3398719000000001,1.3398719000000001,19518866.990195107,26182336.0
2026-04-01 13:40:00,1.3398719000000001,1.3408816000000001,1.3388622000000001,1.3398719000000001,9000574.428047935,12057157.0
2026-04-01 13:45:00,1.3398719000000001,1.3408816000000001,1.3378525000000001,1.3388622000000001,9796870.35753194,13120831.0
2026-04-01 13:50:00,1.3388622000000001,1.3398719000000001,1.3358331,1.3358331,6983559.473110825,9338895.0
2026-04-01 13:55:00,1.3368428,1.3368428,1.3348234,1.3348234,3154600.3763494105,4214190.0
2026-04-01 14:00:00,1.3348234,1.3358331,1.3307846,1.3317943,10101020.104981678,13456701.0
2026-04-01 14:05:00,1.3317943,1.3348234,1.3307846,1.3338137,16890264.434980687,22504408.0
2026-04-01 14:10:00,1.3338137,1.3358331,1.332804,1.332804,12605625.433297018,16813656.0
2026-04-01 14:15:00,1.332804,1.3338137,1.332804,1.3338137,2010795.285728434,2681387.0
2026-04-01 14:20:00,1.3338137,1.3348234,1.332804,1.3348234,4313360.40408042,5754655.0
2026-04-01 14:25:00,1.3338137,1.3358331,1.3338137,1.3348234,3255125.284738041,4345345.0
2026-04-01 14:30:00,1.3358331,1.3378525000000001,1.3348234,1.3358331,8737050.609091809,11674430.0
2026-04-01 14:35:00,1.3368428,1.3368428,1.3348234,1.3358331,10138556.006734673,13543481.0
2026-04-01 14:40:00,1.3358331,1.3368428,1.3348234,1.3368428,7729919.778151926,10329024.0
2026-04-01 14:45:00,1.3368428,1.3388622000000001,1.3358331,1.3388622000000001,40997623.05635337,54838264.0
2026-04-01 14:50:00,1.3378525000000001,1.3398719000000001,1.3378525000000001,1.3388622000000001,7645637.318015251,10238476.0
2026-04-01 14:55:00,1.3388622000000001,1.3388622000000001,1.3378525000000001,1.3388622000000001,13631841.14093295,18240668.0
2026-04-01 15:00:00,1.3388622000000001,1.3388622000000001,1.3368428,1.3388622000000001,11064078.439140338,14805207.0
2026-04-02 09:35:00,1.3307846,1.332804,1.3257361,1.3287652,67929087.84787561,90338494.0
2026-04-02 09:40:00,1.3287652,1.3338137,1.3267458,1.3277555,28017934.039813805,37235740.0
2026-04-02 09:45:00,1.3287652,1.3307846,1.3247264,1.3257361,29575220.362483904,39290270.0
2026-04-02 09:50:00,1.3247264,1.3257361,1.3196779,1.322707,36907822.12538378,48809550.0
2026-04-02 09:55:00,1.3237167,1.3247264,1.3216973,1.3237167,30382093.691195402,40198316.0
2026-04-02 10:00:00,1.3237167,1.3237167,1.3206876,1.3216973,26883034.564722195,35538800.0
2026-04-02 10:05:00,1.3206876,1.322707,1.3186682,1.3196779,13785777.953847677,18199592.0
2026-04-02 10:10:00,1.3196779,1.3196779,1.3156391,1.3186682,17274041.79459245,22756394.0
2026-04-02 10:15:00,1.3186682,1.3196779,1.3136197,1.3136197,19501733.188075665,25666048.0
2026-04-02 10:20:00,1.3136197,1.3136197,1.3105906,1.3116003,20878712.488858074,27401112.0
2026-04-02 10:25:00,1.3116003,1.31261,1.3105906,1.3116003,13101119.144300288,17189660.0
2026-04-02 10:30:00,1.3116003,1.3136197,1.3105906,1.3116003,15571853.025651183,20424944.0
2026-04-02 10:35:00,1.3116003,1.31261,1.3085712,1.3095809,18311478.65702684,23993148.0
2026-04-02 10:40:00,1.3085712,1.3105906,1.3065518,1.3095809,18522907.794394374,24234732.0
2026-04-02 10:45:00,1.3095809,1.3146294,1.3095809,1.3136197,18965534.317123897,24881444.0
2026-04-02 10:50:00,1.3136197,1.3146294,1.3116003,1.31261,8794790.53184114,11551206.0
2026-04-02 10:55:00,1.3116003,1.3156391,1.3116003,1.31261,12715460.03763494,16698530.0
2026-04-02 11:00:00,1.31261,1.3156391,1.31261,1.3136197,12379221.55095573,16270723.0
2026-04-02 11:05:00,1.3136197,1.3156391,1.3116003,1.3136197,23584034.86184015,30978384.0
2026-04-02 11:10:00,1.3136197,1.3136197,1.3095809,1.3105906,6182133.306922848,8106998.0
2026-04-02 11:15:00,1.3105906,1.3105906,1.3085712,1.3105906,11698326.2355155,15324564.0
2026-04-02 11:20:00,1.3095809,1.3105906,1.3085712,1.3095809,9025651.183519857,11816246.0
2026-04-02 11:25:00,1.3095809,1.3116003,1.3085712,1.3095809,40327919.18391601,52792160.0
2026-04-02 11:30:00,1.3095809,1.3095809,1.3075615,1.3095809,5738734.27750817,7509489.0
2026-04-02 13:05:00,1.3095809,1.3105906,1.3035227,1.3045324,28824799.445379816,37633796.0
2026-04-02 13:10:00,1.3045324,1.3055421,1.3035227,1.3045324,24962067.940972567,32551888.0
2026-04-02 13:15:00,1.3045324,1.3055421,1.302513,1.3035227,11267208.081608398,14686681.0
2026-04-02 13:20:00,1.3035227,1.3035227,1.3004936,1.3015033,24214915.32138259,31535562.0
2026-04-02 13:25:00,1.3015033,1.302513,1.2994839,1.302513,11049051.203327721,14376306.0
2026-04-02 13:30:00,1.302513,1.3045324,1.3015033,1.302513,8003862.53342577,10436527.0
2026-04-02 13:35:00,1.3035227,1.3045324,1.3004936,1.3015033,14039417.648806576,18284128.0
2026-04-02 13:40:00,1.3015033,1.3015033,1.2994839,1.3004936,8617609.190848766,11204569.0
2026-04-02 13:45:00,1.2994839,1.3015033,1.2984742,1.3015033,18376646.528671883,23895988.0
2026-04-02 13:50:00,1.3015033,1.3015033,1.2994839,1.3004936,8633851.639100723,11228390.0
2026-04-02 13:55:00,1.3004936,1.3004936,1.2974645,1.2994839,14443200.950777458,18760648.0
2026-04-02 14:00:00,1.2994839,1.2994839,1.2964548,1.2964548,16163315.836387046,20974226.0
2026-04-02 14:05:00,1.2974645,1.2974645,1.2934257,1.2964548,25979269.089828663,33654260.0
2026-04-02 14:10:00,1.2964548,1.2974645,1.2944354,1.2974645,7555313.459443399,9794633.0
2026-04-02 14:15:00,1.2974645,1.2984742,1.2944354,1.2974645,22395067.841933247,29027732.0
2026-04-02 14:20:00,1.2984742,1.3035227,1.2984742,1.3015033,20422268.000396155,26560482.0
2026-04-02 14:25:00,1.3015033,1.3035227,1.2994839,1.3035227,21317421.016143408,27755388.0
2026-04-02 14:30:00,1.302513,1.3055421,1.3015033,1.3015033,16042586.907002078,20910358.0
2026-04-02 14:35:00,1.3015033,1.3035227,1.2994839,1.3015033,21177775.57690403,27560136.0
2026-04-02 14:40:00,1.3015033,1.302513,1.2984742,1.3015033,28807705.258987818,37459904.0
2026-04-02 14:45:00,1.3015033,1.3015033,1.2994839,1.3004936,15704466.673269287,20413736.0
2026-04-02 14:50:00,1.3004936,1.3004936,1.2974645,1.2994839,14701495.493711002,19090740.0
2026-04-02 14:55:00,1.2994839,1.302513,1.2994839,1.302513,25247103.09993067,32837040.0
2026-04-02 15:00:00,1.3015033,1.3045324,1.3004936,1.302513,15571060.711102307,20274700.0
2026-04-03 09:35:00,1.3045324,1.3105906,1.3045324,1.3085712,41266979.30078241,53999809.0
2026-04-03 09:40:00,1.3085712,1.3105906,1.3055421,1.3055421,22560364.46469248,29500616.0
2026-04-03 09:45:00,1.3065518,1.3095809,1.3035227,1.3045324,23902248.192532435,31235316.0
2026-04-03 09:50:00,1.3045324,1.3055421,1.3015033,1.302513,19839457.26453402,25868084.0
2026-04-03 09:55:00,1.302513,1.3045324,1.3004936,1.3015033,13720709.121521244,17876316.0
2026-04-03 10:00:00,1.3004936,1.3015033,1.2984742,1.3004936,20653065.266910963,26859252.0
2026-04-03 10:05:00,1.3004936,1.3035227,1.2974645,1.2974645,16349113.598098444,21264878.0
2026-04-03 10:10:00,1.2984742,1.2994839,1.2954451,1.2974645,18239722.689907894,23665584.0
2026-04-03 10:15:00,1.2984742,1.2994839,1.2954451,1.2954451,9915915.618500544,12866260.0
2026-04-03 10:20:00,1.2964548,1.2964548,1.2944354,1.2964548,5629592.948400515,7291310.0
2026-04-03 10:25:00,1.2964548,1.3015033,1.2964548,1.3004936,21442408.63622858,27844704.0
2026-04-03 10:30:00,1.3004936,1.3045324,1.3004936,1.3045324,10680301.079528572,13909036.0
2026-04-03 10:35:00,1.3045324,1.3075615,1.3035227,1.3075615,20120431.811429136,26278404.0
2026-04-03 10:40:00,1.3085712,1.3085712,1.3045324,1.3045324,35472724.571654946,46338944.0
2026-04-03 10:45:00,1.3045324,1.3095809,1.3045324,1.3045324,14147172.427453699,18488700.0
2026-04-03 10:50:00,1.3045324,1.3065518,1.3045324,1.3055421,5565811.627216005,7266413.0
2026-04-03 10:55:00,1.3065518,1.3085712,1.3045324,1.3075615,8602555.214420125,11244921.0
2026-04-03 11:00:00,1.3075615,1.3075615,1.3045324,1.3055421,6250173.318807567,8163679.0
2026-04-03 11:05:00,1.3055421,1.3055421,1.302513,1.3035227,7083193.027631969,9236900.0
2026-04-03 11:10:00,1.3035227,1.3045324,1.3015033,1.3035227,7843418.8372784,10221375.0
2026-04-03 11:15:00,1.302513,1.3035227,1.3004936,1.3004936,6041893.631771813,7871508.0
2026-04-03 11:20:00,1.3015033,1.302513,1.2984742,1.302513,15490838.863028621,20128196.0
2026-04-03 11:25:00,1.3015033,1.3015033,1.2984742,1.2994839,3860552.639397841,5021704.0
2026-04-03 11:30:00,1.2994839,1.2994839,1.2974645,1.2994839,3384272.556204813,4393948.0
2026-04-03 13:05:00,1.2994839,1.2994839,1.2964548,1.2964548,7060413.984351788,9165134.0
2026-04-03 13:10:00,1.2964548,1.2984742,1.2954451,1.2974645,7270179.2611666825,9428406.0
2026-04-03 13:15:00,1.2974645,1.2974645,1.2954451,1.2964548,4505199.564226998,5841652.0
2026-04-03 13:20:00,1.2964548,1.2964548,1.2944354,1.2944354,10603248.489650391,13738718.0
2026-04-03 13:25:00,1.2954451,1.2964548,1.2934257,1.2954451,13954045.756165197,18068328.0
2026-04-03 13:30:00,1.2964548,1.2974645,1.2954451,1.2964548,7692780.033673368,9973567.0
2026-04-03 13:35:00,1.2964548,1.2984742,1.2964548,1.2974645,14564623.15539269,18896666.0
2026-04-03 13:40:00,1.2984742,1.302513,1.2974645,1.302513,7780522.927602258,10113542.0
2026-04-03 13:45:00,1.3015033,1.3065518,1.3015033,1.3045324,22407942.95335248,29213192.0
2026-04-03 13:50:00,1.3045324,1.3055421,1.3015033,1.3055421,11093988.313360404,14460029.0
2026-04-03 13:55:00,1.3045324,1.3045324,1.302513,1.3035227,9633653.560463503,12562616.0
2026-04-03 14:00:00,1.3035227,1.3055421,1.3035227,1.3055421,5175695.751213231,6751823.0
2026-04-03 14:05:00,1.3055421,1.3095809,1.3035227,1.3035227,17215477.86471229,22501442.0
2026-04-03 14:10:00,1.3035227,1.3045324,1.3004936,1.3004936,6781824.3042487865,8828515.0
2026-04-03 14:15:00,1.3004936,1.302513,1.3004936,1.302513,4641835.198573833,6041942.0
2026-04-03 14:20:00,1.3015033,1.302513,1.3004936,1.3015033,6220935.921560859,8094804.0
2026-04-03 14:25:00,1.302513,1.302513,1.2994839,1.2994839,6353456.472219471,8263489.0
2026-04-03 14:30:00,1.2994839,1.2994839,1.2984742,1.2994839,3119540.4575616517,4052897.0
2026-04-03 14:35:00,1.2994839,1.3004936,1.2964548,1.2974645,5841438.050906209,7583931.0
2026-04-03 14:40:00,1.2974645,1.2974645,1.2954451,1.2974645,4263147.469545409,5526636.0
2026-04-03 14:45:00,1.2964548,1.2984742,1.2954451,1.2974645,13854610.280281272,17966100.0
2026-04-03 14:50:00,1.2974645,1.2984742,1.2964548,1.2974645,11837872.635436269,15357287.0
2026-04-03 14:55:00,1.2974645,1.2984742,1.2964548,1.2974645,24549173.02168961,31852736.0
2026-04-03 15:00:00,1.2964548,1.2974645,1.2954451,1.2974645,14434334.950975537,18716156.0
2026-04-07 09:35:00,1.3004936,1.3146294,1.3004936,1.3136197,63014479.5483807,82439623.0
2026-04-07 09:40:00,1.3136197,1.3136197,1.3045324,1.3055421,35522729.52362087,46543996.0
2026-04-07 09:45:00,1.3055421,1.3146294,1.3055421,1.3146294,35819778.15192632,46987240.0
2026-04-07 09:50:00,1.3146294,1.3176585,1.3136197,1.3156391,50972169.95147073,67067476.0
2026-04-07 09:55:00,1.3156391,1.3196779,1.3156391,1.3176585,48260608.10141626,63585160.0
2026-04-07 10:00:00,1.3176585,1.322707,1.3166488,1.3216973,38938991.779736556,51405516.0
2026-04-07 10:05:00,1.3206876,1.3216973,1.3176585,1.3196779,18089135.386748537,23874934.0
2026-04-07 10:10:00,1.3196779,1.3206876,1.3166488,1.3196779,11950727.93899178,15764003.0
2026-04-07 10:15:00,1.3196779,1.3196779,1.3156391,1.3166488,22144894.52312568,29185012.0
2026-04-07 10:20:00,1.3166488,1.3206876,1.3166488,1.3206876,14372633.455481825,18947748.0
2026-04-07 10:25:00,1.3216973,1.3216973,1.3166488,1.3166488,12002773.100921065,15836497.0
2026-04-07 10:30:00,1.3166488,1.3176585,1.3146294,1.3166488,9331682.678023174,12278510.0
2026-04-07 10:35:00,1.3166488,1.3176585,1.3116003,1.3146294,14131029.018520351,18571988.0
2026-04-07 10:40:00,1.3136197,1.3186682,1.31261,1.3186682,10937506.189957412,14385150.0
2026-04-07 10:45:00,1.3186682,1.3186682,1.3136197,1.3146294,10215806.675250074,13439923.0
2026-04-07 10:50:00,1.3146294,1.3156391,1.3136197,1.3156391,8359017.529959394,10995082.0
2026-04-07 10:55:00,1.3156391,1.3176585,1.3136197,1.3136197,7714073.487174408,10149369.0
2026-04-07 11:00:00,1.31261,1.3176585,1.31261,1.3166488,7262927.602258096,9557536.0
2026-04-07 11:05:00,1.3176585,1.3247264,1.3176585,1.3237167,51229375.06189957,67739224.0
2026-04-07 11:10:00,1.3237167,1.3257361,1.3206876,1.3257361,28362947.410121817,37562160.0
2026-04-07 11:15:00,1.3257361,1.3257361,1.3206876,1.3216973,15359582.054075466,20307644.0
2026-04-07 11:20:00,1.3216973,1.3237167,1.3196779,1.3196779,12777129.840546697,16892752.0
2026-04-07 11:25:00,1.3196779,1.3216973,1.3176585,1.3186682,13504704.36763395,17824536.0
2026-04-07 11:30:00,1.3186682,1.3196779,1.3156391,1.3156391,14585619.490937902,19205308.0
2026-04-07 13:05:00,1.3146294,1.3196779,1.3146294,1.3176585,14457389.323561454,19042616.0
2026-04-07 13:10:00,1.3186682,1.3186682,1.3156391,1.3166488,10520055.46201842,13863194.0
2026-04-07 13:15:00,1.3156391,1.3166488,1.3116003,1.3116003,7123105.873031593,9353913.0
2026-04-07 13:20:00,1.3116003,1.31261,1.3085712,1.3105906,8580469.446370209,11245442.0
2026-04-07 13:25:00,1.3105906,1.31261,1.3095809,1.3105906,8033475.2896900065,10533742.0
2026-04-07 13:30:00,1.3116003,1.31261,1.3095809,1.31261,9047142.715658115,11859547.0
2026-04-07 13:35:00,1.31261,1.3156391,1.3116003,1.3146294,7535802.71367733,9903380.0
2026-04-07 13:40:00,1.3146294,1.3156391,1.3136197,1.3156391,7513172.229375062,9879155.0
2026-04-07 13:45:00,1.3156391,1.3156391,1.3136197,1.3136197,9318114.291373676,12248484.0
2026-04-07 13:50:00,1.3136197,1.3156391,1.31261,1.3136197,7253243.53768446,9536320.0
2026-04-07 13:55:00,1.3136197,1.3176585,1.3136197,1.3156391,9911557.888481727,13047596.0
2026-04-07 14:00:00,1.3156391,1.3176585,1.3156391,1.3176585,6779931.662870159,8926013.0
2026-04-07 14:05:00,1.3176585,1.3176585,1.3146294,1.3156391,2634049.717737942,3466836.0
2026-04-07 14:10:00,1.3156391,1.3156391,1.3136197,1.3156391,4205506.586114687,5529532.0
2026-04-07 14:15:00,1.3156391,1.3156391,1.3136197,1.3136197,3152025.354065564,4144774.0
2026-04-07 14:20:00,1.3146294,1.3156391,1.3136197,1.3146294,2680400.118847182,3523617.0
2026-04-07 14:25:00,1.3136197,1.3156391,1.3136197,1.3156391,3397147.6676240466,4466049.0
2026-04-07 14:30:00,1.3156391,1.3166488,1.3146294,1.3156391,3120233.7327919183,4104986.0
2026-04-07 14:35:00,1.3146294,1.3156391,1.31261,1.31261,5917173.417846885,7777737.0
2026-04-07 14:40:00,1.3136197,1.3136197,1.31261,1.3136197,4616351.391502426,6059913.0
2026-04-07 14:45:00,1.31261,1.3136197,1.3116003,1.31261,3305536.2979102703,4338611.0
2026-04-07 14:50:00,1.31261,1.3136197,1.31261,1.31261,2496186.9862335348,3277764.0
2026-04-07 14:55:00,1.3136197,1.3136197,1.31261,1.3136197,16980568.485688817,22303540.0
2026-04-07 15:00:00,1.31261,1.3146294,1.31261,1.3146294,6720015.846290978,8827596.0
2026-04-08 09:35:00,1.3529980000000001,1.3651144000000002,1.3529980000000001,1.3620853,148195563.0385263,201528454.0
2026-04-08 09:40:00,1.3620853,1.3671338000000002,1.3600659,1.3641047,96380330.79132415,131405950.0
2026-04-08 09:45:00,1.3651144000000002,1.3701629,1.3630950000000002,1.3630950000000002,67556204.81331088,92340440.0
2026-04-08 09:50:00,1.3630950000000002,1.3661241,1.3630950000000002,1.3661241,38834097.25661087,53015776.0
2026-04-08 09:55:00,1.3661241,1.3681435,1.3651144000000002,1.3661241,39047004.06061206,53376716.0
2026-04-08 10:00:00,1.3651144000000002,1.3661241,1.3620853,1.3641047,27532280.875507575,37552504.0
2026-04-08 10:05:00,1.3641047,1.3661241,1.3620853,1.3661241,42336733.68327226,57762270.0
2026-04-08 10:10:00,1.3661241,1.3681435,1.3651144000000002,1.3671338000000002,26550329.80093097,36279440.0
2026-04-08 10:15:00,1.3671338000000002,1.3691532000000002,1.3661241,1.3681435,21492621.57076359,29399126.0
2026-04-08 10:20:00,1.3681435,1.3691532000000002,1.3641047,1.3651144000000002,19724868.772902843,26960780.0
2026-04-08 10:25:00,1.3641047,1.3661241,1.3620853,1.3661241,17537387.34277508,23916140.0
2026-04-08 10:30:00,1.3661241,1.3671338000000002,1.3651144000000002,1.3661241,16843862.53342577,23010656.0
2026-04-08 10:35:00,1.3671338000000002,1.3721823,1.3661241,1.3721823,27943052.391799543,38272170.0
2026-04-08 10:40:00,1.3711726000000002,1.3731920000000002,1.3701629,1.3711726000000002,24621966.920867585,33784890.0
2026-04-08 10:45:00,1.3711726000000002,1.3731920000000002,1.3701629,1.3721823,19210359.512726553,26352610.0
2026-04-08 10:50:00,1.3721823,1.3752114000000002,1.3721823,1.3742017,16665512.528473804,22894864.0
2026-04-08 10:55:00,1.3742017,1.3752114000000002,1.3701629,1.3721823,12049915.816579182,16534873.0
2026-04-08 11:00:00,1.3721823,1.3742017,1.3721823,1.3742017,9113598.098445082,12514488.0
2026-04-08 11:05:00,1.3742017,1.3762211,1.3731920000000002,1.3752114000000002,12414380.509062096,17068630.0
2026-04-08 11:10:00,1.3752114000000002,1.3762211,1.3731920000000002,1.3752114000000002,17309794.988610476,23792318.0
2026-04-08 11:15:00,1.3762211,1.3782405,1.3752114000000002,1.3772308000000002,13460679.40972566,18533196.0
2026-04-08 11:20:00,1.3782405,1.3792502000000002,1.3772308000000002,1.3782405,16790828.95909676,23142288.0
2026-04-08 11:25:00,1.3782405,1.3792502000000002,1.3772308000000002,1.3782405,12346586.11468753,17015208.0
2026-04-08 11:30:00,1.3782405,1.3812696000000002,1.3782405,1.3782405,24443498.068733286,33716424.0
2026-04-08 13:05:00,1.3782405,1.3812696000000002,1.3782405,1.3812696000000002,19253510.943844706,26570028.0
2026-04-08 13:10:00,1.3812696000000002,1.3822793,1.3792502000000002,1.3792502000000002,19314952.95632366,26669276.0
2026-04-08 13:15:00,1.3792502000000002,1.3822793,1.3792502000000002,1.3822793,9966532.633455481,13760472.0
2026-04-08 13:20:00,1.3812696000000002,1.3853084000000002,1.3812696000000002,1.3842987,15041596.513815984,20810552.0
2026-04-08 13:25:00,1.3853084000000002,1.3893472,1.3853084000000002,1.3883375,19405676.933742695,26927672.0
2026-04-08 13:30:00,1.3883375,1.3903569,1.3863181,1.3863181,22120974.546895117,30714680.0
2026-04-08 13:35:00,1.3863181,1.3903569,1.3853084000000002,1.3903569,48889796.96939685,67846140.0
2026-04-08 13:40:00,1.3913666,1.3943957,1.3903569,1.393386,56562483.90611073,78728330.0
2026-04-08 13:45:00,1.393386,1.393386,1.3913666,1.3923763,33276216.698029116,46324840.0
2026-04-08 13:50:00,1.3913666,1.3923763,1.3883375,1.3893472,35771678.71645043,49718280.0
2026-04-08 13:55:00,1.3903569,1.3923763,1.3883375,1.3883375,45581539.07101119,63371320.0
2026-04-08 14:00:00,1.3893472,1.3903569,1.3873278000000002,1.3883375,38033146.479152225,52829030.0
2026-04-08 14:05:00,1.3883375,1.3913666,1.3883375,1.3893472,43657621.075567,60664616.0
2026-04-08 14:10:00,1.3903569,1.3903569,1.3873278000000002,1.3873278000000002,28600899.277012974,39705710.0
2026-04-08 14:15:00,1.3883375,1.3883375,1.3863181,1.3883375,31787350.698227193,44094850.0
2026-04-08 14:20:00,1.3883375,1.3893472,1.3842987,1.3853084000000002,38626918.886798054,53546890.0
2026-04-08 14:25:00,1.3842987,1.3883375,1.3842987,1.3873278000000002,37892641.378627315,52528624.0
2026-04-08 14:30:00,1.3883375,1.3893472,1.3873278000000002,1.3893472,33231355.84827176,46128692.0
2026-04-08 14:35:00,1.3893472,1.3913666,1.3883375,1.3903569,33595943.34950975,46680680.0
2026-04-08 14:40:00,1.3893472,1.3923763,1.3893472,1.3913666,36680994.35475884,51014616.0
2026-04-08 14:45:00,1.3913666,1.3923763,1.3903569,1.3923763,40718332.17787462,56657212.0
2026-04-08 14:50:00,1.3923763,1.393386,1.3913666,1.3923763,40210290.18520352,55968316.0
2026-04-08 14:55:00,1.3923763,1.3943957,1.3923763,1.3943957,33494538.971971873,46660980.0
2026-04-08 15:00:00,1.393386,1.3964151,1.393386,1.3964151,29347041.695553135,40927976.0
2026-04-09 09:35:00,1.3792502000000002,1.3802599,1.3742017,1.3792502000000002,92736992.17589383,127707323.0
2026-04-09 09:40:00,1.3792502000000002,1.3822793,1.3742017,1.3802599,73875804.6944637,101842270.0
2026-04-09 09:45:00,1.3792502000000002,1.3853084000000002,1.3792502000000002,1.3842987,29756165.19758344,41142520.0
2026-04-09 09:50:00,1.3842987,1.3903569,1.3812696000000002,1.3893472,34038724.373576306,47183788.0
2026-04-09 09:55:00,1.3893472,1.3974248,1.3883375,1.3974248,27653758.54214123,38511276.0
2026-04-09 10:00:00,1.3974248,1.3994442,1.3943957,1.3964151,41244181.44003169,57615824.0
2026-04-09 10:05:00,1.3954054,1.4014636,1.3954054,1.3994442,33720312.9642468,47173336.0
2026-04-09 10:10:00,1.3994442,1.4055024,1.3994442,1.4004539,33520580.37040705,46982104.0
2026-04-09 10:15:00,1.4004539,1.4004539,1.3954054,1.3964151,21401208.279687036,29904596.0
2026-04-09 10:20:00,1.3964151,1.4014636,1.3954054,1.4004539,18213627.810240664,25450708.0
2026-04-09 10:25:00,1.3994442,1.3994442,1.3974248,1.3984345,13723581.261760918,19196002.0
2026-04-09 10:30:00,1.3984345,1.3994442,1.3943957,1.3964151,23488560.958700605,32803376.0
2026-04-09 10:35:00,1.3964151,1.3964151,1.393386,1.3954054,17363177.181340992,24222096.0
2026-04-09 10:40:00,1.3964151,1.3974248,1.3943957,1.3964151,14726948.598593641,20559460.0
2026-04-09 10:45:00,1.3974248,1.4004539,1.3964151,1.3994442,10778845.201545013,15068840.0
2026-04-09 10:50:00,1.3994442,1.4024733,1.3994442,1.4014636,21308111.320194118,29852620.0
2026-04-09 10:55:00,1.4024733,1.4044927,1.4014636,1.4024733,22922452.21352877,32157010.0
2026-04-09 11:00:00,1.4024733,1.403483,1.4004539,1.4014636,7503912.053085075,10520773.0
2026-04-09 11:05:00,1.4004539,1.4024733,1.3984345,1.3994442,15989897.989501832,22394424.0
2026-04-09 11:10:00,1.3994442,1.4004539,1.3954054,1.3954054,6283351.490541745,8781556.0
2026-04-09 11:15:00,1.3964151,1.3964151,1.3923763,1.393386,10983856.591066653,15312477.0
2026-04-09 11:20:00,1.393386,1.3964151,1.3923763,1.3964151,9936539.566207783,13858373.0
2026-04-09 11:25:00,1.3964151,1.3974248,1.393386,1.3943957,12126077.052589878,16927752.0
2026-04-09 11:30:00,1.393386,1.3943957,1.3913666,1.3913666,9664355.749232445,13463439.0
2026-04-09 13:05:00,1.3913666,1.3923763,1.3863181,1.3873278000000002,27334103.19896999,37970732.0
2026-04-09 13:10:00,1.3863181,1.3883375,1.3863181,1.3863181,22684955.927503217,31456164.0
2026-04-09 13:15:00,1.3863181,1.3873278000000002,1.3842987,1.3842987,11283945.726453401,15639700.0
2026-04-09 13:20:00,1.3842987,1.3863181,1.3832890000000002,1.3842987,15605526.39397841,21614164.0
2026-04-09 13:25:00,1.3853084000000002,1.3873278000000002,1.3832890000000002,1.3863181,43763735.76309795,60568092.0
2026-04-09 13:30:00,1.3863181,1.3873278000000002,1.3842987,1.3853084000000002,8764187.382390808,12146996.0
2026-04-09 13:35:00,1.3853084000000002,1.3903569,1.3842987,1.3903569,19250668.515400615,26712492.0
2026-04-09 13:40:00,1.3903569,1.3913666,1.3873278000000002,1.3903569,12728274.735069823,17686864.0
2026-04-09 13:45:00,1.3903569,1.393386,1.3893472,1.393386,7616123.601069625,10597873.0
2026-04-09 13:50:00,1.393386,1.393386,1.3893472,1.3913666,17855798.752104584,24850838.0
2026-04-09 13:55:00,1.3913666,1.3913666,1.3883375,1.3903569,7590175.2995939385,10550948.0
2026-04-09 14:00:00,1.3903569,1.3923763,1.3893472,1.3903569,8322084.777656729,11571919.0
2026-04-09 14:05:00,1.3903569,1.3903569,1.3883375,1.3903569,10118249.97524017,14058951.0
2026-04-09 14:10:00,1.3903569,1.3903569,1.3883375,1.3893472,4875012.379914826,6775878.0
2026-04-09 14:15:00,1.3883375,1.3893472,1.3873278000000002,1.3883375,4667563.632762207,6479192.0
2026-04-09 14:20:00,1.3883375,1.3883375,1.3863181,1.3863181,8935921.560859662,12394847.0
2026-04-09 14:25:00,1.3863181,1.3883375,1.3853084000000002,1.3863181,6542141.230068337,9072640.0
2026-04-09 14:30:00,1.3873278000000002,1.3883375,1.3853084000000002,1.3873278000000002,8341091.413291076,11569987.0
2026-04-09 14:35:00,1.3863181,1.3873278000000002,1.3842987,1.3853084000000002,10089135.38674854,13971629.0
2026-04-09 14:40:00,1.3853084000000002,1.3853084000000002,1.3842987,1.3853084000000002,3055858.175695751,4231988.0
2026-04-09 14:45:00,1.3853084000000002,1.3853084000000002,1.3832890000000002,1.3842987,20906774.28939289,28942910.0
2026-04-09 14:50:00,1.3842987,1.3863181,1.3832890000000002,1.3863181,8522698.821432108,11804181.0
2026-04-09 14:55:00,1.3853084000000002,1.3863181,1.3853084000000002,1.3853084000000002,13890304.05070813,19246464.0
2026-04-09 15:00:00,1.3853084000000002,1.3863181,1.3842987,1.3863181,7199069.030405071,9972190.0
2026-04-10 09:35:00,1.4014636,1.4155994,1.4014636,1.4115606,97523026.6415767,137602430.0
2026-04-10 09:40:00,1.4115606,1.4125703,1.4085315,1.4115606,58045360.00792314,81884570.0
2026-04-10 09:45:00,1.4115606,1.4176188,1.4115606,1.4166091,36276616.8168763,51336216.0
2026-04-10 09:50:00,1.4166091,1.4186285,1.41358,1.41358,28818726.35436268,40821652.0
2026-04-10 09:55:00,1.41358,1.4176188,1.41358,1.4176188,26082697.831038922,36915400.0
2026-04-10 10:00:00,1.4166091,1.423677,1.4166091,1.4226673,31638237.10012875,44902172.0
2026-04-10 10:05:00,1.4226673,1.423677,1.4186285,1.4196382,26488065.762107555,37647476.0
2026-04-10 10:10:00,1.4186285,1.4256964,1.4186285,1.423677,24547184.312171932,34934316.0
2026-04-10 10:15:00,1.423677,1.4256964,1.4186285,1.4196382,17181737.14964841,24432154.0
2026-04-10 10:20:00,1.4206479,1.4216576,1.4166091,1.4176188,19293156.383084085,27355864.0
2026-04-10 10:25:00,1.4176188,1.4216576,1.4145897,1.4206479,19369004.654847972,27450016.0
2026-04-10 10:30:00,1.4216576,1.4216576,1.4166091,1.4166091,15226205.80370407,21617982.0
2026-04-10 10:35:00,1.4166091,1.4196382,1.41358,1.4176188,15084516.192928592,21366376.0
2026-04-10 10:40:00,1.4176188,1.4206479,1.4155994,1.4155994,15797498.266811924,22408564.0
2026-04-10 10:45:00,1.4166091,1.4186285,1.4155994,1.4155994,11904000.198078636,16866608.0
2026-04-10 10:50:00,1.4155994,1.4166091,1.4125703,1.4145897,17235317.42101614,24382552.0
2026-04-10 10:55:00,1.4155994,1.4176188,1.4145897,1.4166091,17447879.56818857,24709768.0
2026-04-10 11:00:00,1.4166091,1.4186285,1.4155994,1.4155994,9898385.659106664,14029211.0
2026-04-10 11:05:00,1.4166091,1.4176188,1.4105509,1.4115606,17188768.941269685,24312312.0
2026-04-10 11:10:00,1.4115606,1.4145897,1.4095412,1.4105509,13838664.949985143,19540432.0
2026-04-10 11:15:00,1.4095412,1.4125703,1.4095412,1.4095412,10778449.044270575,15208832.0
2026-04-10 11:20:00,1.4095412,1.4105509,1.4085315,1.4095412,9931167.673566405,14001296.0
2026-04-10 11:25:00,1.4095412,1.41358,1.4095412,1.4125703,15783301.97088244,22270708.0
2026-04-10 11:30:00,1.4125703,1.41358,1.4085315,1.4085315,8469956.422699811,11953200.0
2026-04-10 13:05:00,1.4095412,1.4145897,1.4085315,1.4125703,17417391.304347824,24595968.0
2026-04-10 13:10:00,1.41358,1.4145897,1.4105509,1.4125703,9729028.424284441,13744025.0
2026-04-10 13:15:00,1.4125703,1.4125703,1.4055024,1.4065121,8466178.07269486,11925084.0
2026-04-10 13:20:00,1.4055024,1.4065121,1.4044927,1.4065121,17149050.212934535,24107248.0
2026-04-10 13:25:00,1.4075218,1.4075218,1.4044927,1.4065121,13551847.083292067,19054800.0
2026-04-10 13:30:00,1.4065121,1.4085315,1.4055024,1.4065121,6848865.999801921,9632978.0
2026-04-10 13:35:00,1.4065121,1.4095412,1.4044927,1.4095412,5576705.952263048,7843647.0
2026-04-10 13:40:00,1.4095412,1.4125703,1.4075218,1.4125703,10317201.148856096,14546544.0
2026-04-10 13:45:00,1.4125703,1.41358,1.4095412,1.4125703,11675745.270872535,16478481.0
2026-04-10 13:50:00,1.4125703,1.4155994,1.4125703,1.41358,11313753.590175299,15998728.0
2026-04-10 13:55:00,1.4145897,1.4166091,1.41358,1.4155994,10545139.150242645,14927004.0
2026-04-10 14:00:00,1.4155994,1.4166091,1.4145897,1.4145897,7731207.289293849,10944251.0
2026-04-10 14:05:00,1.4155994,1.4155994,1.4115606,1.4115606,9556863.424779637,13505106.0
2026-04-10 14:10:00,1.4115606,1.41358,1.4105509,1.4115606,6857680.499158165,9684298.0
2026-04-10 14:15:00,1.4125703,1.41358,1.4115606,1.4125703,4455085.669010597,6294876.0
2026-04-10 14:20:00,1.41358,1.41358,1.4095412,1.4095412,7646033.475289689,10793113.0
2026-04-10 14:25:00,1.4105509,1.4115606,1.4085315,1.4105509,5565422.40269387,7848867.0
2026-04-10 14:30:00,1.4105509,1.4125703,1.4105509,1.4115606,26950046.548479747,38020730.0
2026-04-10 14:35:00,1.4115606,1.4125703,1.4095412,1.4105509,44819055.16490047,63206976.0
2026-04-10 14:40:00,1.4105509,1.4125703,1.4095412,1.4105509,50219906.903040506,70836904.0
2026-04-10 14:45:00,1.4095412,1.4095412,1.4065121,1.4065121,49847439.83361394,70182100.0
2026-04-10 14:50:00,1.4075218,1.4085315,1.4055024,1.4055024,47741309.299792014,67148480.0
2026-04-10 14:55:00,1.4065121,1.4065121,1.4055024,1.4055024,11644304.248786768,16370434.0
2026-04-10 15:00:00,1.4065121,1.4075218,1.4055024,1.4065121,11945924.53203922,16797532.0
2026-04-13 09:35:00,1.3974248,1.41358,1.3954054,1.4105509,79485391.7005051,111914925.0
2026-04-13 09:40:00,1.4105509,1.4145897,1.4065121,1.4075218,35509252.253144495,50098060.0
2026-04-13 09:45:00,1.4095412,1.4155994,1.4095412,1.4125703,35525233.23759533,50165324.0
2026-04-13 09:50:00,1.41358,1.4186285,1.4105509,1.4176188,30199465.187679507,42691890.0
2026-04-13 09:55:00,1.4186285,1.4246867,1.4166091,1.423677,48571060.71110231,68985870.0
2026-04-13 10:00:00,1.423677,1.4307449,1.4226673,1.4297352,38826641.57670595,55400388.0
2026-04-13 10:05:00,1.4297352,1.4327643,1.4277158,1.4277158,30996038.42725562,44343516.0
2026-04-13 10:10:00,1.4277158,1.4357933999999999,1.4277158,1.4337739999999999,40957607.21006239,58686196.0
2026-04-13 10:15:00,1.4347837,1.4388225000000001,1.4307449,1.4378128,25435475.88392592,36496504.0
2026-04-13 10:20:00,1.4378128,1.4388225000000001,1.4337739999999999,1.4337739999999999,22580469.446370207,32437058.0
2026-04-13 10:25:00,1.4337739999999999,1.4337739999999999,1.4277158,1.4317545999999999,17913538.674853917,25640698.0
2026-04-13 10:30:00,1.4317545999999999,1.4327643,1.4267061,1.4287255,18362681.984747943,26247796.0
2026-04-13 10:35:00,1.4287255,1.4307449,1.4267061,1.4277158,13294939.090819055,18997034.0
2026-04-13 10:40:00,1.4277158,1.4317545999999999,1.4277158,1.4287255,8030309.002674061,11484020.0
2026-04-13 10:45:00,1.4287255,1.4307449,1.4267061,1.4267061,4699145.2906804,6711446.0
2026-04-13 10:50:00,1.4267061,1.4267061,1.4226673,1.4246867,6502921.65989898,9267524.0
2026-04-13 10:55:00,1.4246867,1.4267061,1.423677,1.4246867,8764781.618302466,12488519.0
2026-04-13 11:00:00,1.4246867,1.4287255,1.4246867,1.4256964,7904625.136179063,11281210.0
2026-04-13 11:05:00,1.4256964,1.4297352,1.4256964,1.4256964,6861228.087550757,9792205.0
2026-04-13 11:10:00,1.4267061,1.4267061,1.4206479,1.4206479,9505001.485589778,13529990.0
2026-04-13 11:15:00,1.4216576,1.4216576,1.4186285,1.4186285,12205407.546796078,17321412.0
2026-04-13 11:20:00,1.4176188,1.4206479,1.4176188,1.4206479,9994507.279389918,14181403.0
2026-04-13 11:25:00,1.4196382,1.4206479,1.4176188,1.4186285,5101515.301574725,7239701.0
2026-04-13 11:30:00,1.4186285,1.4206479,1.4176188,1.4196382,3805684.8568881843,5399849.0
2026-04-13 13:05:00,1.4186285,1.4246867,1.4186285,1.4196382,18575244.13192037,26415616.0
2026-04-13 13:10:00,1.4196382,1.4196382,1.4155994,1.4186285,12086469.24829157,17139398.0
2026-04-13 13:15:00,1.4186285,1.4196382,1.4155994,1.4155994,7168762.998910567,10158572.0
2026-04-13 13:20:00,1.4166091,1.4206479,1.4145897,1.4196382,11098247.004060611,15727336.0
2026-04-13 13:25:00,1.4186285,1.4216576,1.4166091,1.4206479,7727542.834505298,10963438.0
2026-04-13 13:30:00,1.4216576,1.4226673,1.4196382,1.4216576,10055858.17569575,14290203.0
2026-04-13 13:35:00,1.4216576,1.4226673,1.4206479,1.4216576,8605328.31534119,12235613.0
2026-04-13 13:40:00,1.4216576,1.4256964,1.4216576,1.423677,14846806.97236803,21137514.0
2026-04-13 13:45:00,1.4246867,1.4246867,1.4216576,1.423677,7125779.934634049,10140278.0
2026-04-13 13:50:00,1.423677,1.423677,1.4206479,1.4216576,8066657.42299693,11471286.0
2026-04-13 13:55:00,1.4216576,1.423677,1.4216576,1.4216576,4083589.1849064077,5809339.0
2026-04-13 14:00:00,1.4216576,1.4216576,1.4186285,1.4196382,7529217.589382985,10693127.0
2026-04-13 14:05:00,1.4206479,1.423677,1.4206479,1.4226673,11399464.197286323,16215478.0
2026-04-13 14:10:00,1.423677,1.423677,1.4206479,1.4216576,10364365.653164307,14736259.0
2026-04-13 14:15:00,1.4216576,1.4216576,1.4186285,1.4186285,12789244.32999901,18162868.0
2026-04-13 14:20:00,1.4196382,1.4196382,1.4176188,1.4186285,11332276.913934832,16073973.0
2026-04-13 14:25:00,1.4196382,1.4196382,1.4176188,1.4186285,17345845.30058433,24608020.0
2026-04-13 14:30:00,1.4186285,1.4196382,1.4176188,1.4176188,7574402.297712191,10741135.0
2026-04-13 14:35:00,1.4186285,1.4186285,1.4145897,1.4145897,9892998.910567494,14016205.0
2026-04-13 14:40:00,1.4145897,1.4166091,1.4145897,1.4145897,14963652.570070317,21182176.0
2026-04-13 14:45:00,1.4155994,1.4176188,1.4145897,1.4166091,7464935.12924631,10567871.0
2026-04-13 14:50:00,1.4166091,1.4166091,1.4145897,1.4155994,11435247.103099931,16186964.0
2026-04-13 14:55:00,1.4166091,1.4176188,1.4155994,1.4166091,10856591.06665346,15376047.0
2026-04-13 15:00:00,1.4176188,1.4186285,1.4166091,1.4176188,11121262.75131227,15759968.0
2026-04-14 09:35:00,1.4398322,1.4428613000000001,1.4347837,1.4357933999999999,83118876.89412697,119581492.0
2026-04-14 09:40:00,1.4357933999999999,1.4398322,1.4327643,1.4398322,38684793.5030207,55582324.0
2026-04-14 09:45:00,1.4398322,1.4408419000000001,1.4357933999999999,1.4388225000000001,46921630.18718431,67516870.0
2026-04-14 09:50:00,1.4398322,1.4408419000000001,1.4368031,1.4378128,26484896.50391205,38090710.0
2026-04-14 09:55:00,1.4378128,1.4458904,1.4378128,1.4428613000000001,51329777.161533125,74040860.0
2026-04-14 10:00:00,1.4418516,1.4448807000000001,1.4418516,1.4448807000000001,20757848.8659998,29963064.0
2026-04-14 10:05:00,1.4448807000000001,1.4448807000000001,1.4388225000000001,1.4398322,15957477.468555016,23005564.0
2026-04-14 10:10:00,1.4398322,1.4458904,1.4398322,1.4448807000000001,23857319.996038426,34442980.0
2026-04-14 10:15:00,1.4458904,1.4489195000000001,1.4448807000000001,1.4479098,30157183.321778744,43634932.0
2026-04-14 10:20:00,1.4479098,1.4479098,1.4448807000000001,1.4469001000000001,11502573.041497475,16639764.0
2026-04-14 10:25:00,1.4469001000000001,1.4499292,1.4469001000000001,1.4489195000000001,23867160.542735465,34581640.0
2026-04-14 10:30:00,1.4479098,1.4509389000000001,1.4479098,1.4489195000000001,11478166.782212539,16632036.0
2026-04-14 10:35:00,1.4489195000000001,1.4509389000000001,1.4458904,1.4499292,11566433.594136871,16761899.0
2026-04-14 10:40:00,1.4499292,1.4519486,1.4448807000000001,1.4448807000000001,9589382.985045062,13888418.0
2026-04-14 10:45:00,1.4448807000000001,1.4489195000000001,1.4448807000000001,1.4479098,23521778.746162225,34058430.0
2026-04-14 10:50:00,1.4479098,1.4519486,1.4479098,1.4499292,22839679.112607703,33133204.0
2026-04-14 10:55:00,1.4509389000000001,1.4529583000000001,1.4489195000000001,1.4509389000000001,15963112.805783896,23162044.0
2026-04-14 11:00:00,1.4509389000000001,1.4519486,1.4479098,1.4499292,11435574.923244528,16579103.0
2026-04-14 11:05:00,1.4489195000000001,1.4499292,1.4458904,1.4469001000000001,6310859.66128553,9136203.0
2026-04-14 11:10:00,1.4469001000000001,1.4499292,1.4458904,1.4499292,6483161.335050015,9385019.0
2026-04-14 11:15:00,1.4499292,1.4499292,1.4469001000000001,1.4489195000000001,5439140.338714469,7879904.0
2026-04-14 11:20:00,1.4489195000000001,1.4519486,1.4479098,1.4519486,5300823.016737645,7682293.0
2026-04-14 11:25:00,1.4509389000000001,1.4519486,1.4489195000000001,1.4499292,9215107.457660692,13365069.0
2026-04-14 11:30:00,1.4499292,1.4529583000000001,1.4499292,1.4519486,14279587.996434584,20734120.0
2026-04-14 13:05:00,1.4519486,1.4529583000000001,1.443871,1.443871,13716054.273546597,19875952.0
2026-04-14 13:10:00,1.443871,1.4458904,1.4418516,1.4428613000000001,12571654.947013965,18152332.0
2026-04-14 13:15:00,1.4428613000000001,1.4458904,1.4418516,1.4428613000000001,20291967.91126077,29292704.0
2026-04-14 13:20:00,1.4428613000000001,1.4428613000000001,1.4388225000000001,1.4388225000000001,15787857.779538477,22743524.0
2026-04-14 13:25:00,1.4388225000000001,1.4408419000000001,1.4347837,1.4347837,17340497.17737942,24933820.0
2026-04-14 13:30:00,1.4347837,1.4368031,1.4337739999999999,1.4347837,19053976.42864217,27348546.0
2026-04-14 13:35:00,1.4357933999999999,1.4368031,1.4307449,1.4317545999999999,24856095.870060414,35629740.0
2026-04-14 13:40:00,1.4317545999999999,1.4347837,1.4307449,1.4337739999999999,23272754.28345053,33334848.0
2026-04-14 13:45:00,1.4337739999999999,1.4368031,1.4327643,1.4357933999999999,13007427.948895711,18660704.0
2026-04-14 13:50:00,1.4347837,1.4368031,1.4327643,1.4337739999999999,13349305.734376548,19147188.0
2026-04-14 13:55:00,1.4327643,1.4337739999999999,1.4297352,1.4317545999999999,12669871.248885807,18133876.0
2026-04-14 14:00:00,1.4317545999999999,1.4337739999999999,1.4307449,1.4337739999999999,16119144.300287213,23082064.0
2026-04-14 14:05:00,1.4337739999999999,1.4357933999999999,1.4327643,1.4347837,15229672.179855403,21836836.0
2026-04-14 14:10:00,1.4347837,1.4347837,1.4327643,1.4337739999999999,11504454.788551055,16489463.0
2026-04-14 14:15:00,1.4327643,1.4337739999999999,1.4317545999999999,1.4317545999999999,9725219.37209072,13929176.0
2026-04-14 14:20:00,1.4317545999999999,1.4357933999999999,1.4317545999999999,1.4347837,11677924.135881945,16740009.0
2026-04-14 14:25:00,1.4337739999999999,1.4378128,1.4337739999999999,1.4368031,17731849.06407844,25466936.0
2026-04-14 14:30:00,1.4368031,1.4378128,1.4347837,1.4368031,14173479.25126275,20348886.0
2026-04-14 14:35:00,1.4368031,1.4388225000000001,1.4368031,1.4388225000000001,15209928.691690601,21867576.0
2026-04-14 14:40:00,1.4388225000000001,1.4428613000000001,1.4378128,1.4428613000000001,19912457.1654947,28663240.0
2026-04-14 14:45:00,1.4428613000000001,1.4458904,1.4408419000000001,1.4458904,23605197.583440624,34070652.0
2026-04-14 14:50:00,1.4458904,1.4489195000000001,1.4448807000000001,1.4489195000000001,32541507.378429234,47108776.0
2026-04-14 14:55:00,1.4479098,1.4479098,1.4469001000000001,1.4479098,16668222.24423096,24124466.0
2026-04-14 15:00:00,1.4469001000000001,1.4489195000000001,1.4469001000000001,1.4489195000000001,14056935.723482221,20362380.0
2026-04-15 09:35:00,1.4610359000000002,1.464065,1.4549777000000002,1.4569971000000002,93994166.5841339,137264526.0
2026-04-15 09:40:00,1.4569971000000002,1.4620456,1.4569971000000002,1.4620456,49902842.42844409,72816744.0
2026-04-15 09:45:00,1.4620456,1.4650747000000002,1.4590165000000002,1.4620456,43319837.575517476,63366690.0
2026-04-15 09:50:00,1.4620456,1.4681038,1.4610359000000002,1.4650747000000002,39915192.631474696,58480504.0
2026-04-15 09:55:00,1.4650747000000002,1.4650747000000002,1.4590165000000002,1.4610359000000002,26895612.5581856,39329172.0
2026-04-15 10:00:00,1.4610359000000002,1.4691135000000002,1.4610359000000002,1.4681038,32249163.11775775,47245524.0
2026-04-15 10:05:00,1.4691135000000002,1.4721426,1.4681038,1.4701232,46257961.77082302,68002830.0
2026-04-15 10:10:00,1.4701232,1.4701232,1.4650747000000002,1.4681038,23318015.252055064,34215624.0
2026-04-15 10:15:00,1.4670941000000002,1.4670941000000002,1.4610359000000002,1.4630553000000002,24861208.279687036,36384092.0
2026-04-15 10:20:00,1.4620456,1.4691135000000002,1.4620456,1.4691135000000002,14711447.954838071,21561332.0
2026-04-15 10:25:00,1.4681038,1.4711329000000002,1.4670941000000002,1.4670941000000002,26671466.772308607,39188736.0
2026-04-15 10:30:00,1.4670941000000002,1.4691135000000002,1.4660844,1.4660844,7045161.929285926,10336619.0
2026-04-15 10:35:00,1.4660844,1.4681038,1.4630553000000002,1.4660844,13241511.34000198,19406836.0
2026-04-15 10:40:00,1.4660844,1.4711329000000002,1.4660844,1.4701232,26909121.521243934,39547024.0
2026-04-15 10:45:00,1.4701232,1.4721426,1.4681038,1.4711329000000002,21193560.46350401,31182492.0
2026-04-15 10:50:00,1.4721426,1.4761814,1.4701232,1.4751717000000002,54265239.17995444,79950190.0
2026-04-15 10:55:00,1.474162,1.4782008,1.4711329000000002,1.4711329000000002,35680245.61751015,52615372.0
2026-04-15 11:00:00,1.4711329000000002,1.4771911000000002,1.4711329000000002,1.4711329000000002,25130169.35723482,37010424.0
2026-04-15 11:05:00,1.4711329000000002,1.4721426,1.4670941000000002,1.4670941000000002,20482040.209963355,30100704.0
2026-04-15 11:10:00,1.4681038,1.4681038,1.4630553000000002,1.4630553000000002,25218607.507180348,36944800.0
2026-04-15 11:15:00,1.464065,1.4670941000000002,1.464065,1.4670941000000002,28358225.215410516,41574256.0
2026-04-15 11:20:00,1.4670941000000002,1.4701232,1.4660844,1.4670941000000002,5935593.740715063,8718923.0
2026-04-15 11:25:00,1.4681038,1.4681038,1.464065,1.4650747000000002,7449776.1711399425,10918716.0
2026-04-15 11:30:00,1.4660844,1.4701232,1.4650747000000002,1.4691135000000002,2787983.559473111,4093497.0
2026-04-15 13:05:00,1.4691135000000002,1.4761814,1.4660844,1.4731523000000002,15452682.97514113,22738228.0
2026-04-15 13:10:00,1.4731523000000002,1.4751717000000002,1.4701232,1.4701232,9693286.124591462,14283985.0
2026-04-15 13:15:00,1.4701232,1.4711329000000002,1.4670941000000002,1.4670941000000002,12237397.246706942,17978848.0
2026-04-15 13:20:00,1.4670941000000002,1.4681038,1.464065,1.464065,17830650.688323263,26140630.0
2026-04-15 13:25:00,1.4650747000000002,1.4660844,1.4610359000000002,1.4610359000000002,12365554.124987619,18092140.0
2026-04-15 13:30:00,1.4610359000000002,1.4630553000000002,1.4600262,1.4610359000000002,8864088.3430722,12950747.0
2026-04-15 13:35:00,1.4600262,1.4630553000000002,1.4600262,1.4610359000000002,5720756.660394176,8361795.0
2026-04-15 13:40:00,1.4600262,1.4600262,1.4580068,1.4590165000000002,19772348.22224423,28854064.0
2026-04-15 13:45:00,1.4600262,1.4620456,1.4590165000000002,1.4600262,7041002.277904328,10284323.0
2026-04-15 13:50:00,1.4590165000000002,1.4600262,1.4559874,1.4559874,10334059.621669803,15064687.0
2026-04-15 13:55:00,1.4559874,1.4600262,1.4559874,1.4600262,13918346.043379221,20288584.0
2026-04-15 14:00:00,1.4600262,1.4620456,1.4600262,1.4620456,11139447.360602159,16274650.0
2026-04-15 14:05:00,1.4620456,1.464065,1.4580068,1.4580068,3194909.3790234723,4665316.0
2026-04-15 14:10:00,1.4580068,1.4580068,1.4559874,1.4559874,6940530.850747746,10106931.0
2026-04-15 14:15:00,1.4559874,1.4559874,1.453968,1.453968,8092403.684262652,11772575.0
2026-04-15 14:20:00,1.4549777000000002,1.4549777000000002,1.4519486,1.4549777000000002,13216301.871843122,19210020.0
2026-04-15 14:25:00,1.4549777000000002,1.4569971000000002,1.4519486,1.4519486,12627434.881648013,18362934.0
2026-04-15 14:30:00,1.4529583000000001,1.453968,1.4519486,1.4529583000000001,29386031.494503316,42684016.0
2026-04-15 14:35:00,1.4519486,1.453968,1.4469001000000001,1.4469001000000001,46071561.85005447,66856360.0
2026-04-15 14:40:00,1.4469001000000001,1.4469001000000001,1.4448807000000001,1.4448807000000001,42645890.85867089,61661056.0
2026-04-15 14:45:00,1.4458904,1.4469001000000001,1.443871,1.443871,39111209.27008022,56510884.0
2026-04-15 14:50:00,1.443871,1.4448807000000001,1.4428613000000001,1.4448807000000001,29720994.354758836,42904224.0
2026-04-15 14:55:00,1.4448807000000001,1.4499292,1.4448807000000001,1.4499292,16794049.717737943,24315548.0
2026-04-15 15:00:00,1.4499292,1.4519486,1.4489195000000001,1.4509389000000001,9054747.944934139,13133475.0
2026-04-16 09:35:00,1.4509389000000001,1.4529583000000001,1.4458904,1.4479098,61205174.804397345,88710430.0
2026-04-16 09:40:00,1.4489195000000001,1.453968,1.4469001000000001,1.4529583000000001,17189264.13786273,24925406.0
2026-04-16 09:45:00,1.453968,1.4580068,1.4509389000000001,1.4559874,34852728.53322769,50723084.0
2026-04-16 09:50:00,1.4559874,1.4569971000000002,1.4499292,1.4549777000000002,23620382.291769832,34335116.0
2026-04-16 09:55:00,1.4549777000000002,1.4559874,1.4509389000000001,1.453968,14144399.326532632,20569250.0
2026-04-16 10:00:00,1.453968,1.4569971000000002,1.4529583000000001,1.4559874,20148856.09587006,29317472.0
2026-04-16 10:05:00,1.4569971000000002,1.4620456,1.4569971000000002,1.4610359000000002,31544022.977121916,46022988.0
2026-04-16 10:10:00,1.4610359000000002,1.464065,1.4580068,1.4620456,30827869.664256707,45043696.0
2026-04-16 10:15:00,1.4620456,1.4630553000000002,1.4600262,1.4610359000000002,13424389.422600772,19615904.0
2026-04-16 10:20:00,1.4610359000000002,1.4620456,1.4590165000000002,1.4600262,10929285.926512824,15965656.0
2026-04-16 10:25:00,1.4590165000000002,1.4620456,1.4569971000000002,1.4580068,20053314.845993858,29266002.0
2026-04-16 10:30:00,1.4580068,1.4600262,1.4569971000000002,1.4569971000000002,6568591.660889373,9580934.0
2026-04-16 10:35:00,1.4569971000000002,1.4610359000000002,1.4569971000000002,1.4600262,5686693.077151629,8301455.0
2026-04-16 10:40:00,1.4590165000000002,1.464065,1.4590165000000002,1.4630553000000002,9670557.59136377,14140457.0
2026-04-16 10:45:00,1.4630553000000002,1.464065,1.4590165000000002,1.4590165000000002,16368576.80499158,23950304.0
2026-04-16 10:50:00,1.4590165000000002,1.4610359000000002,1.4580068,1.4590165000000002,5322273.942755274,7768077.0
2026-04-16 10:55:00,1.4590165000000002,1.4630553000000002,1.4590165000000002,1.4620456,7243869.466178073,10582517.0
2026-04-16 11:00:00,1.4610359000000002,1.4630553000000002,1.4610359000000002,1.4620456,7390611.07259582,10807989.0
2026-04-16 11:05:00,1.4620456,1.4630553000000002,1.4600262,1.4630553000000002,10611161.731207289,15519166.0
2026-04-16 11:10:00,1.464065,1.4670941000000002,1.4630553000000002,1.464065,14456472.219471129,21178400.0
2026-04-16 11:15:00,1.464065,1.4650747000000002,1.4600262,1.4620456,6828136.080023769,9986672.0
2026-04-16 11:20:00,1.4620456,1.464065,1.4610359000000002,1.4630553000000002,5491631.177577498,8031036.0
2026-04-16 11:25:00,1.464065,1.464065,1.4620456,1.4630553000000002,7011991.680697236,10256594.0
2026-04-16 11:30:00,1.4620456,1.4630553000000002,1.4610359000000002,1.4610359000000002,5007130.830939883,7318610.0
2026-04-16 13:05:00,1.4620456,1.464065,1.453968,1.453968,33279162.12736456,48559308.0
2026-04-16 13:10:00,1.4549777000000002,1.4559874,1.4489195000000001,1.4509389000000001,38380509.062097654,55758000.0
2026-04-16 13:15:00,1.4509389000000001,1.4529583000000001,1.4489195000000001,1.4489195000000001,22793324.749925718,33072656.0
2026-04-16 13:20:00,1.4499292,1.4559874,1.4479098,1.4559874,18618298.50450629,27003848.0
2026-04-16 13:25:00,1.4559874,1.4559874,1.453968,1.4549777000000002,8446833.712984053,12289875.0
2026-04-16 13:30:00,1.4559874,1.4580068,1.4529583000000001,1.4559874,16861012.181836188,24539622.0
2026-04-16 13:35:00,1.4569971000000002,1.4580068,1.4549777000000002,1.4549777000000002,6103991.284539962,8891641.0
2026-04-16 13:40:00,1.4559874,1.4559874,1.4509389000000001,1.4519486,6768373.774388432,9842420.0
2026-04-16 13:45:00,1.4519486,1.4529583000000001,1.4499292,1.4509389000000001,12482915.717539864,18120164.0
2026-04-16 13:50:00,1.4509389000000001,1.4559874,1.4509389000000001,1.4549777000000002,10528572.843418837,15313462.0
2026-04-16 13:55:00,1.4549777000000002,1.4600262,1.4549777000000002,1.4590165000000002,24040804.199267108,35018864.0
2026-04-16 14:00:00,1.4600262,1.4610359000000002,1.4590165000000002,1.4600262,6304287.412102604,9205486.0
2026-04-16 14:05:00,1.4600262,1.4600262,1.4569971000000002,1.4569971000000002,8252154.105179756,12041213.0
2026-04-16 14:10:00,1.4580068,1.4610359000000002,1.4559874,1.4610359000000002,36142844.40923046,52714748.0
2026-04-16 14:15:00,1.4610359000000002,1.4620456,1.4590165000000002,1.4620456,14507822.125383778,21198460.0
2026-04-16 14:20:00,1.4620456,1.464065,1.4610359000000002,1.464065,33039168.06972368,48324230.0
2026-04-16 14:25:00,1.464065,1.4650747000000002,1.4620456,1.464065,12950829.949489947,18957874.0
2026-04-16 14:30:00,1.4650747000000002,1.4650747000000002,1.4620456,1.4620456,9665034.16856492,14145484.0
2026-04-16 14:35:00,1.4630553000000002,1.4660844,1.4630553000000002,1.4660844,10244223.036545508,15003037.0
2026-04-16 14:40:00,1.4650747000000002,1.4670941000000002,1.4650747000000002,1.4660844,14840758.641180549,21754832.0
2026-04-16 14:45:00,1.4670941000000002,1.4681038,1.4650747000000002,1.4681038,8925029.21659899,13093167.0
2026-04-16 14:50:00,1.4670941000000002,1.4691135000000002,1.4670941000000002,1.4681038,13523659.50282262,19854040.0
2026-04-16 14:55:00,1.4691135000000002,1.4691135000000002,1.4670941000000002,1.4691135000000002,25572617.609190848,37550100.0
2026-04-16 15:00:00,1.4681038,1.4691135000000002,1.4670941000000002,1.4691135000000002,19508782.80677429,28644536.0
2026-04-17 09:35:00,1.4620456,1.4650747000000002,1.4569971000000002,1.4600262,55752425.47291274,81465326.0
2026-04-17 09:40:00,1.4600262,1.4660844,1.4600262,1.464065,32144399.326532632,47013224.0
2026-04-17 09:45:00,1.4630553000000002,1.4731523000000002,1.4630553000000002,1.4721426,28197884.5201545,41387810.0
2026-04-17 09:50:00,1.4721426,1.4751717000000002,1.4691135000000002,1.4721426,24803401.010201048,36507804.0
2026-04-17 09:55:00,1.4721426,1.474162,1.4701232,1.4731523000000002,11391396.454392394,16775687.0
2026-04-17 10:00:00,1.474162,1.4761814,1.4691135000000002,1.4691135000000002,24020491.235020302,35367290.0
2026-04-17 10:05:00,1.4691135000000002,1.4721426,1.4681038,1.4711329000000002,17666154.303258393,25961738.0
2026-04-17 10:10:00,1.4701232,1.4711329000000002,1.464065,1.464065,17911336.04040804,26273724.0
2026-04-17 10:15:00,1.464065,1.464065,1.4600262,1.4630553000000002,23885413.489155192,34904890.0
2026-04-17 10:20:00,1.4630553000000002,1.4670941000000002,1.4620456,1.4670941000000002,21411785.67891453,31355992.0
2026-04-17 10:25:00,1.4670941000000002,1.4721426,1.4670941000000002,1.4711329000000002,15860322.868178666,23318400.0
2026-04-17 10:30:00,1.4711329000000002,1.4761814,1.4711329000000002,1.4731523000000002,31555551.15380806,46516370.0
2026-04-17 10:35:00,1.474162,1.4792105000000002,1.4731523000000002,1.4771911000000002,28814677.627017926,42537440.0
2026-04-17 10:40:00,1.4771911000000002,1.4782008,1.4751717000000002,1.4751717000000002,15925324.353768446,23521292.0
2026-04-17 10:45:00,1.4751717000000002,1.4761814,1.4731523000000002,1.4731523000000002,8047310.092106566,11869177.0
2026-04-17 10:50:00,1.474162,1.4771911000000002,1.4731523000000002,1.4731523000000002,7334788.551054768,10813510.0
2026-04-17 10:55:00,1.4731523000000002,1.4731523000000002,1.4670941000000002,1.4681038,11973151.431118153,17600280.0
2026-04-17 11:00:00,1.4681038,1.474162,1.4681038,1.4731523000000002,3383084.0843814993,4977167.0
2026-04-17 11:05:00,1.4731523000000002,1.474162,1.4711329000000002,1.4711329000000002,8025578.884817272,11820904.0
2026-04-17 11:10:00,1.4711329000000002,1.474162,1.4711329000000002,1.474162,3312891.9481033967,4878373.0
2026-04-17 11:15:00,1.4721426,1.4731523000000002,1.4701232,1.4711329000000002,2474398.336139447,3641242.0
2026-04-17 11:20:00,1.4721426,1.4731523000000002,1.4701232,1.4701232,6882440.328810537,10124212.0
2026-04-17 11:25:00,1.4701232,1.4721426,1.4691135000000002,1.4701232,4015527.3843715955,5904346.0
2026-04-17 11:30:00,1.4701232,1.4701232,1.4660844,1.4670941000000002,10216004.753887292,14990609.0
2026-04-17 13:05:00,1.4670941000000002,1.4681038,1.4620456,1.4630553000000002,24898605.526393976,36467780.0
2026-04-17 13:10:00,1.4630553000000002,1.4630553000000002,1.4600262,1.4610359000000002,18342378.924433,26806664.0
2026-04-17 13:15:00,1.4610359000000002,1.4650747000000002,1.4610359000000002,1.464065,9021340.001980785,13197586.0
2026-04-17 13:20:00,1.464065,1.464065,1.4620456,1.464065,9238034.069525601,13517007.0
2026-04-17 13:25:00,1.4630553000000002,1.4650747000000002,1.4630553000000002,1.464065,10514824.205209468,15389413.0
2026-04-17 13:30:00,1.4650747000000002,1.4670941000000002,1.464065,1.4650747000000002,10132019.411706448,14852445.0
2026-04-17 13:35:00,1.4650747000000002,1.4670941000000002,1.464065,1.4650747000000002,4823016.737644845,7067002.0
2026-04-17 13:40:00,1.4650747000000002,1.4670941000000002,1.4630553000000002,1.4650747000000002,13149998.019213628,19263928.0
2026-04-17 13:45:00,1.4660844,1.4660844,1.464065,1.464065,3765871.05080717,5516369.0
2026-04-17 13:50:00,1.4660844,1.4701232,1.4650747000000002,1.4701232,18184609.289888084,26685192.0
2026-04-17 13:55:00,1.4701232,1.4721426,1.4681038,1.4721426,18491532.13825889,27182844.0
2026-04-17 14:00:00,1.4721426,1.4731523000000002,1.4691135000000002,1.4691135000000002,4016970.3872437356,5908107.0
2026-04-17 14:05:00,1.4701232,1.4721426,1.4701232,1.4711329000000002,12649777.161533128,18611064.0
2026-04-17 14:10:00,1.4711329000000002,1.4721426,1.4691135000000002,1.4691135000000002,8340497.177379419,12268055.0
2026-04-17 14:15:00,1.4691135000000002,1.4711329000000002,1.4681038,1.4681038,8911557.888481727,13100159.0
2026-04-17 14:20:00,1.4681038,1.4691135000000002,1.4650747000000002,1.4660844,3032088.7392294738,4449330.0
2026-04-17 14:25:00,1.4660844,1.4670941000000002,1.464065,1.4660844,3843185.104486481,5633891.0
2026-04-17 14:30:00,1.4670941000000002,1.4670941000000002,1.4660844,1.4670941000000002,6817497.276418738,9999802.0
2026-04-17 14:35:00,1.4670941000000002,1.4691135000000002,1.4660844,1.4681038,5675396.652471031,8330918.0
2026-04-17 14:40:00,1.4691135000000002,1.4691135000000002,1.4670941000000002,1.4681038,17299799.940576408,25384746.0
2026-04-17 14:45:00,1.4670941000000002,1.4681038,1.464065,1.4650747000000002,26457965.73239576,38800124.0
2026-04-17 14:50:00,1.4650747000000002,1.4670941000000002,1.4650747000000002,1.4660844,6317192.235317421,9259639.0
2026-04-17 14:55:00,1.4670941000000002,1.4670941000000002,1.4650747000000002,1.4660844,15372265.029216599,22538480.0
2026-04-17 15:00:00,1.4660844,1.4681038,1.4650747000000002,1.4681038,8200002.971179558,12030042.0
2026-04-20 09:35:00,1.4681038,1.4802202,1.4600262,1.4792105000000002,86673977.41903536,127782441.0
2026-04-20 09:40:00,1.4792105000000002,1.4822396,1.4761814,1.4761814,47630448.648113295,70492270.0
2026-04-20 09:45:00,1.4761814,1.4822396,1.4751717000000002,1.4761814,23440477.3695157,34643860.0
2026-04-20 09:50:00,1.4761814,1.4852687000000002,1.4761814,1.4852687000000002,48596291.96791126,71989220.0
2026-04-20 09:55:00,1.4852687000000002,1.4872881000000002,1.4832493000000002,1.4852687000000002,38294691.49252253,56863510.0
2026-04-20 10:00:00,1.4852687000000002,1.4923366,1.4852687000000002,1.4923366,45545142.1214222,67787500.0
2026-04-20 10:05:00,1.4913269000000002,1.494356,1.4882978,1.4903172,31281857.97761711,46663308.0
2026-04-20 10:10:00,1.4903172,1.4933463000000002,1.4893075000000002,1.4913269000000002,30269749.430523917,45158000.0
2026-04-20 10:15:00,1.4913269000000002,1.4923366,1.484259,1.4862784,18090488.263840742,26939036.0
2026-04-20 10:20:00,1.4862784,1.4862784,1.4822396,1.4852687000000002,19297565.613548577,28641984.0
2026-04-20 10:25:00,1.4852687000000002,1.4862784,1.4832493000000002,1.4862784,31886082.994948994,47340084.0
2026-04-20 10:30:00,1.4862784,1.4933463000000002,1.4862784,1.4903172,26423440.62592849,39387828.0
2026-04-20 10:35:00,1.4903172,1.4923366,1.4893075000000002,1.4923366,18418540.160443697,27451354.0
2026-04-20 10:40:00,1.4923366,1.4923366,1.4893075000000002,1.4903172,10221947.113003863,15238283.0
2026-04-20 10:45:00,1.4903172,1.4913269000000002,1.4893075000000002,1.4893075000000002,6352352.183816975,9465895.0
2026-04-20 10:50:00,1.4893075000000002,1.4923366,1.4882978,1.4923366,17078609.487966724,25447006.0
2026-04-20 10:55:00,1.4923366,1.4933463000000002,1.4903172,1.4923366,7971884.718233138,11892736.0
2026-04-20 11:00:00,1.4923366,1.4953657000000002,1.4913269000000002,1.494356,22318607.507180348,33340344.0
2026-04-20 11:05:00,1.4953657000000002,1.4963754,1.4913269000000002,1.4933463000000002,18520396.157274436,27688750.0
2026-04-20 11:10:00,1.4933463000000002,1.4933463000000002,1.4882978,1.4893075000000002,10782905.813608002,16071268.0
2026-04-20 11:15:00,1.4882978,1.4893075000000002,1.4862784,1.4862784,13577597.306130534,20201924.0
2026-04-20 11:20:00,1.4862784,1.4882978,1.4832493000000002,1.4862784,17718272.75428345,26324154.0
2026-04-20 11:25:00,1.4862784,1.4893075000000002,1.4862784,1.4893075000000002,3428472.8137070416,5101092.0
2026-04-20 11:30:00,1.4903172,1.4923366,1.4893075000000002,1.4903172,3343171.2389818756,4983981.0
2026-04-20 13:05:00,1.4903172,1.4923366,1.4893075000000002,1.4913269000000002,20655034.16856492,30798320.0
2026-04-20 13:10:00,1.4913269000000002,1.4913269000000002,1.4882978,1.4903172,9967509.161136972,14839458.0
2026-04-20 13:15:00,1.4913269000000002,1.4953657000000002,1.4903172,1.494356,10352249.182925621,15461528.0
2026-04-20 13:20:00,1.494356,1.4963754,1.4923366,1.4923366,6856194.909379023,10249822.0
2026-04-20 13:25:00,1.4933463000000002,1.4933463000000002,1.4893075000000002,1.4913269000000002,3169013.5683866492,4726285.0
2026-04-20 13:30:00,1.4923366,1.4933463000000002,1.4903172,1.4913269000000002,5182430.424878676,7729312.0
2026-04-20 13:35:00,1.4913269000000002,1.4923366,1.4893075000000002,1.4893075000000002,5114390.412993958,7623815.0
2026-04-20 13:40:00,1.4893075000000002,1.4903172,1.4862784,1.4872881000000002,4866296.919877191,7243719.0
2026-04-20 13:45:00,1.4872881000000002,1.4872881000000002,1.484259,1.4852687000000002,7942756.264236902,11806380.0
2026-04-20 13:50:00,1.4862784,1.4893075000000002,1.4852687000000002,1.4872881000000002,11760966.623749629,17501032.0
2026-04-20 13:55:00,1.4882978,1.4923366,1.4862784,1.4903172,6691098.346043379,9959085.0
2026-04-20 14:00:00,1.4903172,1.4913269000000002,1.4872881000000002,1.4882978,10242151.134000197,15250472.0
2026-04-20 14:05:00,1.4882978,1.4913269000000002,1.4872881000000002,1.4913269000000002,8502693.869466178,12661636.0
2026-04-20 14:10:00,1.4903172,1.4913269000000002,1.4882978,1.4893075000000002,3075765.078736258,4582173.0
2026-04-20 14:15:00,1.4903172,1.4913269000000002,1.4893075000000002,1.4893075000000002,6286796.078042983,9371234.0
2026-04-20 14:20:00,1.4903172,1.4923366,1.4903172,1.4913269000000002,26237609.190848764,39127124.0
2026-04-20 14:25:00,1.4923366,1.4923366,1.4903172,1.4913269000000002,13125124.294344854,19573736.0
2026-04-20 14:30:00,1.4913269000000002,1.4913269000000002,1.4893075000000002,1.4913269000000002,3363573.33861543,5014037.0
2026-04-20 14:35:00,1.4913269000000002,1.4923366,1.4893075000000002,1.4913269000000002,14979795.979003664,22336070.0
2026-04-20 14:40:00,1.4903172,1.4933463000000002,1.4903172,1.4923366,14135238.189561255,21083900.0
2026-04-20 14:45:00,1.4933463000000002,1.494356,1.4923366,1.4933463000000002,9014981.677726056,13463292.0
2026-04-20 14:50:00,1.4933463000000002,1.494356,1.4923366,1.4933463000000002,6730663.563434684,10052633.0
2026-04-20 14:55:00,1.494356,1.4963754,1.4933463000000002,1.4963754,23188745.171833217,34667336.0
2026-04-20 15:00:00,1.4963754,1.4963754,1.4953657000000002,1.4963754,11960848.766960483,17892656.0
2026-04-21 09:35:00,1.4913269000000002,1.4913269000000002,1.4802202,1.4812299000000002,39056749.52956323,57939969.0
2026-04-21 09:40:00,1.4812299000000002,1.4812299000000002,1.4610359000000002,1.4620456,62329771.21917401,91641990.0
2026-04-21 09:45:00,1.4610359000000002,1.4721426,1.4600262,1.4711329000000002,52639651.381598495,77099050.0
2026-04-21 09:50:00,1.4721426,1.4731523000000002,1.4660844,1.4681038,27415073.784292363,40316740.0
2026-04-21 09:55:00,1.4691135000000002,1.4691135000000002,1.4630553000000002,1.4670941000000002,29034473.60602159,42553500.0
2026-04-21 10:00:00,1.4660844,1.4711329000000002,1.464065,1.4711329000000002,29741388.531246904,43618696.0
2026-04-21 10:05:00,1.4711329000000002,1.4711329000000002,1.4670941000000002,1.4681038,32988976.923838764,48481450.0
2026-04-21 10:10:00,1.4670941000000002,1.4691135000000002,1.4660844,1.4681038,17433199.960384272,25581000.0
2026-04-21 10:15:00,1.4681038,1.4681038,1.4650747000000002,1.4660844,18560166.386055265,27214578.0
2026-04-21 10:20:00,1.4670941000000002,1.4670941000000002,1.464065,1.4660844,7063156.383084084,10350871.0
2026-04-21 10:25:00,1.4660844,1.4660844,1.4620456,1.4620456,23438546.102802813,34303144.0
2026-04-21 10:30:00,1.4620456,1.4670941000000002,1.4610359000000002,1.464065,12393265.326334555,18135436.0
2026-04-21 10:35:00,1.464065,1.4670941000000002,1.4620456,1.4620456,25801327.126869366,37786784.0
2026-04-21 10:40:00,1.4620456,1.4660844,1.4620456,1.4660844,16632591.85896801,24341758.0
2026-04-21 10:45:00,1.4660844,1.4691135000000002,1.4660844,1.4670941000000002,12913934.832128355,18947696.0
2026-04-21 10:50:00,1.4681038,1.4701232,1.4650747000000002,1.4691135000000002,8628475.7848866,12655185.0
2026-04-21 10:55:00,1.4691135000000002,1.4701232,1.4660844,1.4681038,11822323.462414578,17355232.0
2026-04-21 11:00:00,1.4681038,1.4701232,1.4660844,1.4691135000000002,9174754.877686441,13466628.0
2026-04-21 11:05:00,1.4691135000000002,1.4701232,1.4670941000000002,1.4681038,3655937.4071506388,5372647.0
2026-04-21 11:10:00,1.4670941000000002,1.4670941000000002,1.4630553000000002,1.4630553000000002,7628998.712488858,11173154.0
2026-04-21 11:15:00,1.4630553000000002,1.464065,1.4620456,1.464065,11766960.483311875,17215306.0
2026-04-21 11:20:00,1.464065,1.4650747000000002,1.4630553000000002,1.4630553000000002,8099732.593839754,11853923.0
2026-04-21 11:25:00,1.4630553000000002,1.4630553000000002,1.4620456,1.4630553000000002,14593874.418144003,21336820.0
2026-04-21 11:30:00,1.4630553000000002,1.4630553000000002,1.4610359000000002,1.4620456,11221947.113003861,16401059.0
2026-04-21 13:05:00,1.4610359000000002,1.4660844,1.4610359000000002,1.4630553000000002,30439645.439239375,44506690.0
2026-04-21 13:10:00,1.4630553000000002,1.4670941000000002,1.4620456,1.4660844,19521045.855204515,28609340.0
2026-04-21 13:15:00,1.4660844,1.4691135000000002,1.4650747000000002,1.4691135000000002,10897692.383876398,15993940.0
2026-04-21 13:20:00,1.4691135000000002,1.4711329000000002,1.4670941000000002,1.4670941000000002,17223341.586609885,25308916.0
2026-04-21 13:25:00,1.4670941000000002,1.4681038,1.4660844,1.4660844,8075395.662077844,11845791.0
2026-04-21 13:30:00,1.4660844,1.4701232,1.4660844,1.4701232,19461992.67109042,28572584.0
2026-04-21 13:35:00,1.4691135000000002,1.4731523000000002,1.4691135000000002,1.4721426,13818460.928988809,20332834.0
2026-04-21 13:40:00,1.4721426,1.4761814,1.4711329000000002,1.4761814,20107259.582054075,29659304.0
2026-04-21 13:45:00,1.4771911000000002,1.4782008,1.4761814,1.4771911000000002,7201571.753986333,10641073.0
2026-04-21 13:50:00,1.4771911000000002,1.4782008,1.4751717000000002,1.4751717000000002,8590163.414875705,12684134.0
2026-04-21 13:55:00,1.4761814,1.4761814,1.4731523000000002,1.474162,8285233.237595325,12216239.0
2026-04-21 14:00:00,1.4751717000000002,1.4761814,1.4711329000000002,1.4721426,9072496.781222144,13373115.0
2026-04-21 14:05:00,1.4711329000000002,1.4721426,1.4691135000000002,1.4691135000000002,2624740.02178865,3859349.0
2026-04-21 14:10:00,1.4701232,1.4711329000000002,1.4681038,1.4681038,7078835.297613152,10402197.0
2026-04-21 14:15:00,1.4681038,1.4701232,1.4670941000000002,1.4670941000000002,2384569.6741606416,3501274.0
2026-04-21 14:20:00,1.4681038,1.4691135000000002,1.4670941000000002,1.4691135000000002,7499318.609487967,11009979.0
2026-04-21 14:25:00,1.4691135000000002,1.4721426,1.4681038,1.4721426,9038545.112409627,13286919.0
2026-04-21 14:30:00,1.4711329000000002,1.4721426,1.4701232,1.4721426,5187976.6267208075,7630390.0
2026-04-21 14:35:00,1.4711329000000002,1.4731523000000002,1.4711329000000002,1.4731523000000002,12101382.588887788,17814690.0
2026-04-21 14:40:00,1.4731523000000002,1.4731523000000002,1.4711329000000002,1.4711329000000002,5686839.655343171,8373398.0
2026-04-21 14:45:00,1.4711329000000002,1.4721426,1.4701232,1.4701232,5484534.020005942,8068692.0
2026-04-21 14:50:00,1.4711329000000002,1.4711329000000002,1.4701232,1.4711329000000002,6546201.842131326,9626474.0
2026-04-21 14:55:00,1.4711329000000002,1.4721426,1.4701232,1.4721426,13775612.5581856,20269676.0
2026-04-21 15:00:00,1.4721426,1.4731523000000002,1.4711329000000002,1.4721426,15225755.174804397,22419392.0
2026-04-22 09:35:00,1.4670941000000002,1.4761814,1.464065,1.4751717000000002,38611468.75309498,56785998.0
2026-04-22 09:40:00,1.4751717000000002,1.4771911000000002,1.4701232,1.4761814,34211849.064078435,50422620.0
2026-04-22 09:45:00,1.4751717000000002,1.4812299000000002,1.4751717000000002,1.4771911000000002,38350484.302268,56686220.0
2026-04-22 09:50:00,1.4782008,1.4812299000000002,1.4771911000000002,1.4782008,45911072.59582054,67906360.0
2026-04-22 09:55:00,1.4782008,1.4802202,1.4761814,1.4792105000000002,26995265.920570467,39909452.0
2026-04-22 10:00:00,1.4782008,1.4792105000000002,1.4721426,1.4721426,18738476.775279786,27665870.0
2026-04-22 10:05:00,1.4731523000000002,1.4731523000000002,1.4681038,1.4731523000000002,37519675.15103496,55147324.0
2026-04-22 10:10:00,1.4731523000000002,1.4802202,1.4711329000000002,1.4802202,40709085.867089234,60036120.0
2026-04-22 10:15:00,1.4802202,1.4822396,1.4782008,1.4792105000000002,38601535.10943845,57155788.0
2026-04-22 10:20:00,1.4802202,1.4802202,1.4771911000000002,1.4782008,19664230.959690996,29090528.0
2026-04-22 10:25:00,1.4782008,1.4812299000000002,1.4782008,1.4802202,12415528.374764781,18381998.0
2026-04-22 10:30:00,1.4802202,1.4812299000000002,1.4792105000000002,1.4802202,14635801.723284144,21673316.0
2026-04-22 10:35:00,1.4812299000000002,1.4812299000000002,1.4782008,1.4782008,10431300.386253342,15444500.0
2026-04-22 10:40:00,1.4782008,1.4822396,1.4771911000000002,1.4792105000000002,13595829.454293353,20120436.0
2026-04-22 10:45:00,1.4792105000000002,1.4812299000000002,1.4792105000000002,1.4802202,10021354.857878577,14839086.0
2026-04-22 10:50:00,1.4802202,1.4822396,1.4782008,1.4802202,11110866.594037833,16450677.0
2026-04-22 10:55:00,1.4802202,1.4812299000000002,1.4782008,1.4792105000000002,4260770.525898782,6306670.0
2026-04-22 11:00:00,1.4782008,1.4782008,1.4751717000000002,1.4751717000000002,2327432.900861642,3436366.0
2026-04-22 11:05:00,1.4761814,1.4771911000000002,1.4731523000000002,1.4761814,11515549.173021689,16990502.0
2026-04-22 11:10:00,1.4761814,1.4771911000000002,1.4751717000000002,1.4751717000000002,5702485.886897098,8417489.0
2026-04-22 11:15:00,1.4751717000000002,1.4761814,1.4721426,1.474162,14741408.339110626,21730716.0
2026-04-22 11:20:00,1.4751717000000002,1.4771911000000002,1.474162,1.474162,2913439.635535307,4300520.0
2026-04-22 11:25:00,1.4731523000000002,1.4751717000000002,1.4721426,1.474162,2079002.6740616024,3063316.0
2026-04-22 11:30:00,1.474162,1.4802202,1.4731523000000002,1.4792105000000002,9632186.788154896,14236913.0
2026-04-22 13:05:00,1.4792105000000002,1.484259,1.4782008,1.4792105000000002,35496987.2239279,52591230.0
2026-04-22 13:10:00,1.4792105000000002,1.4812299000000002,1.4782008,1.4802202,11099768.247994453,16421771.0
2026-04-22 13:15:00,1.4802202,1.484259,1.4802202,1.4832493000000002,30222838.466871347,44808664.0
2026-04-22 13:20:00,1.4832493000000002,1.484259,1.4812299000000002,1.4822396,9647420.025750222,14306603.0
2026-04-22 13:25:00,1.4832493000000002,1.4862784,1.4812299000000002,1.484259,19523995.246112704,28966364.0
2026-04-22 13:30:00,1.4852687000000002,1.4852687000000002,1.4822396,1.484259,9955905.714568684,14770503.0
2026-04-22 13:35:00,1.4852687000000002,1.4872881000000002,1.484259,1.4862784,22378250.965633355,33250698.0
2026-04-22 13:40:00,1.4862784,1.4862784,1.4832493000000002,1.4852687000000002,8388630.286223631,12459382.0
2026-04-22 13:45:00,1.484259,1.4872881000000002,1.484259,1.484259,15013852.629493909,22310472.0
2026-04-22 13:50:00,1.484259,1.4862784,1.4832493000000002,1.4832493000000002,14924948.994750915,22150564.0
2026-04-22 13:55:00,1.4832493000000002,1.4862784,1.4832493000000002,1.484259,20700596.21669803,30736270.0
2026-04-22 14:00:00,1.484259,1.4872881000000002,1.4832493000000002,1.4862784,21207083.29206695,31492504.0
2026-04-22 14:05:00,1.4872881000000002,1.4913269000000002,1.4862784,1.4903172,29984967.81222145,44630828.0
2026-04-22 14:10:00,1.4903172,1.4903172,1.4872881000000002,1.4872881000000002,7305833.415866098,10885894.0
2026-04-22 14:15:00,1.4872881000000002,1.4882978,1.4852687000000002,1.4852687000000002,5128453.996236506,7622823.0
2026-04-22 14:20:00,1.4862784,1.4893075000000002,1.4852687000000002,1.4882978,7096720.80816084,10559117.0
2026-04-22 14:25:00,1.4872881000000002,1.4913269000000002,1.4872881000000002,1.4913269000000002,37070955.72942458,55231320.0
2026-04-22 14:30:00,1.4913269000000002,1.4933463000000002,1.4903172,1.4923366,40760701.198375754,60824056.0
2026-04-22 14:35:00,1.4923366,1.4933463000000002,1.4903172,1.4923366,30760645.73635733,45893268.0
2026-04-22 14:40:00,1.4933463000000002,1.4933463000000002,1.4903172,1.4913269000000002,10540904.228978904,15721460.0
2026-04-22 14:45:00,1.4923366,1.4933463000000002,1.4903172,1.4933463000000002,22582969.198771913,33697030.0
2026-04-22 14:50:00,1.4933463000000002,1.4953657000000002,1.4923366,1.4953657000000002,18718502.525502622,27963538.0
2026-04-22 14:55:00,1.4953657000000002,1.4963754,1.494356,1.4953657000000002,21969317.61909478,32857604.0
2026-04-22 15:00:00,1.4953657000000002,1.4973851000000002,1.4953657000000002,1.4963754,18092581.95503615,27073784.0
2026-04-23 09:35:00,1.5105112,1.5125306,1.5034433000000003,1.5054627000000003,44643074.180449635,67386877.0
2026-04-23 09:40:00,1.504453,1.5095015000000003,1.5034433000000003,1.5064724,30129412.696840644,45387144.0
2026-04-23 09:45:00,1.5054627000000003,1.5105112,1.5024336,1.5034433000000003,83346112.70674458,125432056.0
2026-04-23 09:50:00,1.5034433000000003,1.5054627000000003,1.5014239000000003,1.5024336,68454051.69852431,102935360.0
2026-04-23 09:55:00,1.5024336,1.5054627000000003,1.4893075000000002,1.4923366,50765221.35287709,75972620.0
2026-04-23 10:00:00,1.4923366,1.4953657000000002,1.4893075000000002,1.4913269000000002,34417102.10953748,51360310.0
2026-04-23 10:05:00,1.4913269000000002,1.4963754,1.4903172,1.4963754,37186752.50074279,55539800.0
2026-04-23 10:10:00,1.4963754,1.504453,1.494356,1.5034433000000003,28810882.44032881,43206972.0
2026-04-23 10:15:00,1.5024336,1.5024336,1.4913269000000002,1.4953657000000002,27217492.324452806,40703824.0
2026-04-23 10:20:00,1.4953657000000002,1.4994045000000003,1.4923366,1.4973851000000002,20445548.1826285,30583182.0
2026-04-23 10:25:00,1.4963754,1.504453,1.4953657000000002,1.5014239000000003,17677678.518371794,26538536.0
2026-04-23 10:30:00,1.5024336,1.5024336,1.4933463000000002,1.4953657000000002,15229573.140536793,22824840.0
2026-04-23 10:35:00,1.494356,1.4973851000000002,1.4923366,1.4933463000000002,20053382.192730512,29968212.0
2026-04-23 10:40:00,1.4933463000000002,1.494356,1.4882978,1.4893075000000002,17583143.507972665,26226670.0
2026-04-23 10:45:00,1.4893075000000002,1.4893075000000002,1.4812299000000002,1.4822396,18608576.80499158,27624138.0
2026-04-23 10:50:00,1.4812299000000002,1.4822396,1.4782008,1.4812299000000002,16475091.611369712,24384408.0
2026-04-23 10:55:00,1.4812299000000002,1.4822396,1.4771911000000002,1.4792105000000002,15856694.067544814,23458226.0
2026-04-23 11:00:00,1.4782008,1.4832493000000002,1.4782008,1.4822396,11985210.458552044,17758060.0
2026-04-23 11:05:00,1.4822396,1.4832493000000002,1.4792105000000002,1.4792105000000002,14752500.742794888,21851988.0
2026-04-23 11:10:00,1.4792105000000002,1.4792105000000002,1.474162,1.4751717000000002,13922254.134891551,20544184.0
2026-04-23 11:15:00,1.4751717000000002,1.4751717000000002,1.4721426,1.474162,11110032.682975141,16371982.0
2026-04-23 11:20:00,1.4731523000000002,1.474162,1.4701232,1.4701232,10576012.677032782,15566957.0
2026-04-23 11:25:00,1.4711329000000002,1.4711329000000002,1.4650747000000002,1.4670941000000002,17854313.16232544,26208332.0
2026-04-23 11:30:00,1.4670941000000002,1.4681038,1.464065,1.4650747000000002,12256016.638605526,17971054.0
2026-04-23 13:05:00,1.464065,1.4701232,1.4630553000000002,1.4691135000000002,25230878.478756066,36988020.0
2026-04-23 13:10:00,1.4701232,1.4701232,1.464065,1.4670941000000002,12032782.01445974,17642652.0
2026-04-23 13:15:00,1.4681038,1.4731523000000002,1.4660844,1.4731523000000002,6634742.992968208,9758913.0
2026-04-23 13:20:00,1.4731523000000002,1.4771911000000002,1.4731523000000002,1.4761814,7997715.162919679,11795941.0
2026-04-23 13:25:00,1.4761814,1.4782008,1.4701232,1.4701232,11278498.56392988,16632636.0
2026-04-23 13:30:00,1.4701232,1.4701232,1.4660844,1.4701232,8776972.368030109,12888235.0
2026-04-23 13:35:00,1.4701232,1.4771911000000002,1.4681038,1.4761814,4280152.520550658,6299106.0
2026-04-23 13:40:00,1.4761814,1.4771911000000002,1.4711329000000002,1.4711329000000002,11190194.117064474,16507093.0
2026-04-23 13:45:00,1.4721426,1.4761814,1.4711329000000002,1.4761814,9146079.03337625,13476829.0
2026-04-23 13:50:00,1.4771911000000002,1.4812299000000002,1.4761814,1.4812299000000002,19906605.922551252,29437568.0
2026-04-23 13:55:00,1.4802202,1.4802202,1.474162,1.4771911000000002,23763692.185797762,35123572.0
2026-04-23 14:00:00,1.4771911000000002,1.4832493000000002,1.4771911000000002,1.4832493000000002,35778350.00495196,52976630.0
2026-04-23 14:05:00,1.4832493000000002,1.484259,1.4812299000000002,1.4822396,25656729.721699513,38070812.0
2026-04-23 14:10:00,1.4822396,1.4822396,1.4761814,1.4771911000000002,8571351.886699019,12677307.0
2026-04-23 14:15:00,1.4761814,1.4782008,1.474162,1.4751717000000002,7104486.481133009,10487107.0
2026-04-23 14:20:00,1.474162,1.4761814,1.4731523000000002,1.4751717000000002,9786128.553035555,14431799.0
2026-04-23 14:25:00,1.474162,1.4761814,1.4721426,1.474162,7452114.489452313,10983442.0
2026-04-23 14:30:00,1.474162,1.4771911000000002,1.4711329000000002,1.4721426,6922353.174210161,10201238.0
2026-04-23 14:35:00,1.4721426,1.4751717000000002,1.4711329000000002,1.4751717000000002,6065263.939784094,8933365.0
2026-04-23 14:40:00,1.474162,1.4792105000000002,1.474162,1.4792105000000002,4158363.870456571,6140828.0
2026-04-23 14:45:00,1.4782008,1.4812299000000002,1.4771911000000002,1.4802202,7768881.846092898,11490243.0
2026-04-23 14:50:00,1.4802202,1.4812299000000002,1.4761814,1.4771911000000002,16141397.44478558,23891348.0
2026-04-23 14:55:00,1.4771911000000002,1.4782008,1.4761814,1.4761814,8818361.889670199,13026421.0
2026-04-23 15:00:00,1.4771911000000002,1.4782008,1.4761814,1.4771911000000002,7867467.564623155,11621106.0
2026-04-24 09:35:00,1.4812299000000002,1.5024336,1.4812299000000002,1.4852687000000002,63600988.41239972,94966078.0
2026-04-24 09:40:00,1.4852687000000002,1.4872881000000002,1.4771911000000002,1.4802202,47088788.7491334,69864830.0
2026-04-24 09:45:00,1.4802202,1.484259,1.4751717000000002,1.4771911000000002,33552354.164603345,49675480.0
2026-04-24 09:50:00,1.4771911000000002,1.4802202,1.474162,1.4792105000000002,22271763.890264433,32913764.0
2026-04-24 09:55:00,1.4792105000000002,1.4822396,1.4761814,1.4771911000000002,23834101.218183618,35265540.0
2026-04-24 10:00:00,1.4771911000000002,1.4771911000000002,1.4691135000000002,1.4751717000000002,31972268.990789343,47091310.0
2026-04-24 10:05:00,1.4751717000000002,1.4751717000000002,1.4650747000000002,1.4650747000000002,35634382.489848465,52332596.0
2026-04-24 10:10:00,1.4650747000000002,1.4681038,1.4610359000000002,1.4670941000000002,38412399.722689904,56251956.0
2026-04-24 10:15:00,1.4670941000000002,1.474162,1.4650747000000002,1.474162,17940180.25155987,26359158.0
2026-04-24 10:20:00,1.4731523000000002,1.4751717000000002,1.4660844,1.4670941000000002,25900564.524116073,38106430.0
2026-04-24 10:25:00,1.4670941000000002,1.4701232,1.4660844,1.4670941000000002,10023341.586609883,14712841.0
2026-04-24 10:30:00,1.4670941000000002,1.4691135000000002,1.464065,1.4650747000000002,7547025.8492621565,11068235.0
2026-04-24 10:35:00,1.4650747000000002,1.474162,1.4650747000000002,1.4711329000000002,7671997.623056353,11282127.0
2026-04-24 10:40:00,1.4711329000000002,1.4761814,1.4701232,1.4761814,11588986.827770624,17078896.0
2026-04-24 10:45:00,1.4771911000000002,1.4862784,1.4761814,1.4852687000000002,37897098.14796474,56141390.0
2026-04-24 10:50:00,1.4852687000000002,1.4903172,1.484259,1.4862784,27475626.423690204,40869040.0
2026-04-24 10:55:00,1.4862784,1.4923366,1.4852687000000002,1.4923366,20497411.112211548,30519792.0
2026-04-24 11:00:00,1.4923366,1.5024336,1.4923366,1.5024336,48069911.855006434,71983720.0
2026-04-24 11:05:00,1.5024336,1.504453,1.4933463000000002,1.4933463000000002,31032948.400515005,46477536.0
2026-04-24 11:10:00,1.4933463000000002,1.4973851000000002,1.4893075000000002,1.4893075000000002,19816083.98534218,29574434.0
2026-04-24 11:15:00,1.4893075000000002,1.4913269000000002,1.484259,1.4862784,11186689.115578884,16647874.0
2026-04-24 11:20:00,1.4852687000000002,1.4913269000000002,1.4852687000000002,1.4913269000000002,9471975.834406259,14084208.0
2026-04-24 11:25:00,1.4913269000000002,1.5024336,1.4913269000000002,1.4994045000000003,23325025.255026244,34969492.0
2026-04-24 11:30:00,1.4994045000000003,1.5034433000000003,1.4983948,1.5014239000000003,35538334.158660986,53357704.0
2026-04-24 13:05:00,1.5034433000000003,1.5185888,1.5014239000000003,1.5135403000000003,88387976.6267208,133625840.0
2026-04-24 13:10:00,1.5135403000000003,1.5165694,1.5095015000000003,1.5095015000000003,42740936.911954045,64734304.0
2026-04-24 13:15:00,1.5105112,1.5105112,1.5024336,1.5054627000000003,21260275.329305734,32004292.0
2026-04-24 13:20:00,1.5054627000000003,1.5054627000000003,1.5014239000000003,1.5014239000000003,13194262.652272953,19837060.0
2026-04-24 13:25:00,1.5024336,1.504453,1.4983948,1.504453,13381747.053580271,20096856.0
2026-04-24 13:30:00,1.5034433000000003,1.5105112,1.5034433000000003,1.5095015000000003,26298421.313261364,39641876.0
2026-04-24 13:35:00,1.5095015000000003,1.5105112,1.5054627000000003,1.5064724,13416262.256115677,20225714.0
2026-04-24 13:40:00,1.5054627000000003,1.5084918,1.5034433000000003,1.5084918,14936623.749628602,22488976.0
2026-04-24 13:45:00,1.5084918,1.5095015000000003,1.5024336,1.5024336,42288452.015450135,63630256.0
2026-04-24 13:50:00,1.5034433000000003,1.5034433000000003,1.4973851000000002,1.4973851000000002,18802757.25463009,28207972.0
2026-04-24 13:55:00,1.4983948,1.5004142,1.4963754,1.4973851000000002,19397389.323561452,29060382.0
2026-04-24 14:00:00,1.4973851000000002,1.4983948,1.4953657000000002,1.4963754,10474200.257502228,15675467.0
2026-04-24 14:05:00,1.4953657000000002,1.5014239000000003,1.4953657000000002,1.5014239000000003,29972673.07120927,44912370.0
2026-04-24 14:10:00,1.5014239000000003,1.504453,1.5004142,1.5024336,26700703.179162126,40100664.0
2026-04-24 14:15:00,1.5034433000000003,1.5054627000000003,1.5024336,1.504453,31648525.3045459,47599692.0
2026-04-24 14:20:00,1.504453,1.5074821000000003,1.5024336,1.5064724,35384862.83054373,53257364.0
2026-04-24 14:25:00,1.5054627000000003,1.5095015000000003,1.5054627000000003,1.5095015000000003,31957591.363771416,48169560.0
2026-04-24 14:30:00,1.5095015000000003,1.5095015000000003,1.504453,1.5064724,36291219.17401208,54668496.0
2026-04-24 14:35:00,1.504453,1.5074821000000003,1.5024336,1.5064724,32089707.8340101,48290440.0
2026-04-24 14:40:00,1.5064724,1.5084918,1.504453,1.504453,29873621.867881548,44978532.0
2026-04-24 14:45:00,1.5054627000000003,1.5054627000000003,1.5004142,1.5014239000000003,35052851.34198277,52636852.0
2026-04-24 14:50:00,1.5014239000000003,1.5014239000000003,1.4973851000000002,1.5004142,34794390.41299396,52160660.0
2026-04-24 14:55:00,1.5004142,1.5014239000000003,1.4994045000000003,1.4994045000000003,29371789.640487272,44058560.0
2026-04-24 15:00:00,1.4994045000000003,1.5004142,1.4983948,1.4994045000000003,16455450.13370308,24670324.0
2026-04-27 09:35:00,1.5195984999999999,1.5327246,1.5195984999999999,1.5317148999999999,84183812.02337328,128373424.0
2026-04-27 09:40:00,1.5317148999999999,1.534744,1.5185888,1.5185888,77251991.68069723,117695250.0
2026-04-27 09:45:00,1.5185888,1.5195984999999999,1.5115209000000003,1.5165694,61641105.27879568,93465260.0
2026-04-27 09:50:00,1.5165694,1.5286858,1.5155596999999998,1.5276760999999999,43058472.81370704,65653656.0
2026-04-27 09:55:00,1.5266664,1.5377731,1.5266664,1.534744,56296183.02466079,86292184.0
2026-04-27 10:00:00,1.5357536999999999,1.5387828000000001,1.5327246,1.5377731,31714414.182430424,48710670.0
2026-04-27 10:05:00,1.5387828000000001,1.5458507,1.5377731,1.5448410000000001,75019249.28196494,115778800.0
2026-04-27 10:10:00,1.5448410000000001,1.5448410000000001,1.5397925,1.5397925,36762578.98385659,56701390.0
2026-04-27 10:15:00,1.5408022000000001,1.5438313,1.534744,1.5438313,27888568.881846093,42930390.0
2026-04-27 10:20:00,1.5438313,1.5478701,1.5438313,1.5478701,42457783.50004952,65627176.0
2026-04-27 10:25:00,1.5488798000000001,1.5539283,1.5458507,1.5508992000000001,35009182.92562147,54265304.0
2026-04-27 10:30:00,1.5519089,1.5559477,1.5508992000000001,1.5549380000000002,27255339.209666237,42345276.0
2026-04-27 10:35:00,1.5549380000000002,1.5559477,1.5468604000000001,1.5478701,17099330.494206198,26544244.0
2026-04-27 10:40:00,1.5488798000000001,1.5529186000000001,1.5488798000000001,1.5508992000000001,11093371.298405467,17197052.0
2026-04-27 10:45:00,1.5508992000000001,1.5539283,1.5478701,1.5488798000000001,18330450.62889967,28443096.0
2026-04-27 10:50:00,1.5488798000000001,1.5508992000000001,1.5478701,1.5488798000000001,8160339.70486283,12647755.0
2026-04-27 10:55:00,1.5478701,1.5508992000000001,1.5468604000000001,1.5498895,13333861.543032583,20647674.0
2026-04-27 11:00:00,1.5488798000000001,1.5498895,1.5448410000000001,1.5458507,14527929.087847875,22473240.0
2026-04-27 11:05:00,1.5458507,1.5458507,1.5418119,1.5418119,14042298.702584926,21675700.0
2026-04-27 11:10:00,1.5428216000000001,1.5478701,1.5408022000000001,1.5478701,18109553.33267307,27951802.0
2026-04-27 11:15:00,1.5478701,1.5478701,1.5448410000000001,1.5458507,13401010.201049816,20730260.0
2026-04-27 11:20:00,1.5468604000000001,1.5508992000000001,1.5468604000000001,1.5508992000000001,12876563.33564425,19947412.0
2026-04-27 11:25:00,1.5508992000000001,1.5519089,1.5468604000000001,1.5488798000000001,11664112.112508666,18065992.0
2026-04-27 11:30:00,1.5478701,1.5508992000000001,1.5448410000000001,1.5498895,7403981.380608101,11458090.0
2026-04-27 13:05:00,1.5508992000000001,1.5549380000000002,1.5498895,1.5508992000000001,30651211.250866592,47590600.0
2026-04-27 13:10:00,1.5488798000000001,1.5529186000000001,1.5478701,1.5508992000000001,9332562.147172427,14466947.0
2026-04-27 13:15:00,1.5508992000000001,1.5529186000000001,1.5488798000000001,1.5498895,9764610.280281272,15144754.0
2026-04-27 13:20:00,1.5498895,1.5559477,1.5498895,1.5539283,19668721.40239675,30574052.0
2026-04-27 13:25:00,1.5539283,1.5569574000000002,1.5529186000000001,1.5539283,11702065.960186193,18203640.0
2026-04-27 13:30:00,1.5539283,1.5599865,1.5529186000000001,1.5599865,18821378.627315044,29316158.0
2026-04-27 13:35:00,1.5599865,1.5630156000000002,1.5579671,1.5589768000000002,30263834.80241656,47217344.0
2026-04-27 13:40:00,1.5579671,1.5589768000000002,1.5529186000000001,1.5539283,14388036.050311973,22380032.0
2026-04-27 13:45:00,1.5549380000000002,1.5549380000000002,1.5498895,1.5508992000000001,6695623.452510647,10392158.0
2026-04-27 13:50:00,1.5508992000000001,1.5549380000000002,1.5508992000000001,1.5539283,4684103.198969991,7274881.0
2026-04-27 13:55:00,1.5539283,1.5549380000000002,1.5508992000000001,1.5519089,4762800.831930276,7396223.0
2026-04-27 14:00:00,1.5519089,1.5529186000000001,1.5498895,1.5519089,6732959.294840051,10443013.0
2026-04-27 14:05:00,1.5519089,1.5529186000000001,1.5498895,1.5519089,5383104.882638407,8352693.0
2026-04-27 14:10:00,1.5519089,1.5539283,1.5508992000000001,1.5519089,4078402.495790829,6331446.0
2026-04-27 14:15:00,1.5519089,1.5529186000000001,1.5508992000000001,1.5519089,3042739.427552738,4722428.0
2026-04-27 14:20:00,1.5519089,1.5539283,1.5508992000000001,1.5508992000000001,7438566.901059721,11544336.0
2026-04-27 14:25:00,1.5508992000000001,1.5559477,1.5508992000000001,1.5559477,15889729.622660195,24677940.0
2026-04-27 14:30:00,1.5549380000000002,1.5579671,1.5539283,1.5559477,7606026.542537387,11833676.0
2026-04-27 14:35:00,1.5549380000000002,1.5559477,1.5529186000000001,1.5529186000000001,14433668.416361295,22431284.0
2026-04-27 14:40:00,1.5529186000000001,1.5539283,1.5519089,1.5519089,14090000.990393186,21878808.0
2026-04-27 14:45:00,1.5519089,1.5539283,1.5508992000000001,1.5539283,16002764.18738239,24844524.0
2026-04-27 14:50:00,1.5539283,1.5569574000000002,1.5539283,1.5569574000000002,16707750.817074377,25985984.0
2026-04-27 14:55:00,1.5569574000000002,1.5569574000000002,1.5559477,1.5569574000000002,21233920.96662375,33063740.0
2026-04-27 15:00:00,1.5559477,1.5589768000000002,1.5559477,1.5589768000000002,13662357.135782905,21278388.0
2026-04-28 09:35:00,1.5478701,1.5589768000000002,1.5418119,1.5589768000000002,56045688.81846093,86785819.0
2026-04-28 09:40:00,1.5579671,1.5599865,1.5498895,1.5549380000000002,62275444.19134396,96843870.0
2026-04-28 09:45:00,1.5529186000000001,1.5620059,1.5529186000000001,1.5579671,71469406.75448152,111282296.0
2026-04-28 09:50:00,1.5579671,1.5660447,1.5579671,1.5640253,55052970.18916509,86070080.0
2026-04-28 09:55:00,1.5650350000000002,1.5721029,1.5609962000000002,1.5710932000000002,55720075.26988214,87294210.0
2026-04-28 10:00:00,1.5710932000000002,1.5741223,1.5630156000000002,1.5660447,52362697.83103892,82141950.0
2026-04-28 10:05:00,1.5660447,1.5660447,1.5569574000000002,1.5599865,27661453.897197187,43177624.0
2026-04-28 10:10:00,1.5599865,1.5599865,1.5508992000000001,1.5508992000000001,18752710.70615034,29158152.0
2026-04-28 10:15:00,1.5508992000000001,1.5569574000000002,1.5508992000000001,1.5569574000000002,14422798.851143904,22418360.0
2026-04-28 10:20:00,1.5569574000000002,1.5630156000000002,1.5559477,1.5579671,12704564.72219471,19816316.0
2026-04-28 10:25:00,1.5579671,1.5609962000000002,1.5539283,1.5539283,13704062.59284936,21331244.0
2026-04-28 10:30:00,1.5539283,1.5569574000000002,1.5529186000000001,1.5539283,6640425.8690700205,10323734.0
2026-04-28 10:35:00,1.5549380000000002,1.5549380000000002,1.5508992000000001,1.5508992000000001,12245249.083886303,19005724.0
2026-04-28 10:40:00,1.5508992000000001,1.5519089,1.5458507,1.5478701,15332021.39249282,23757896.0
2026-04-28 10:45:00,1.5488798000000001,1.5539283,1.5478701,1.5519089,17583143.507972665,27278714.0
2026-04-28 10:50:00,1.5508992000000001,1.5529186000000001,1.5478701,1.5478701,8667347.727047637,13435023.0
2026-04-28 10:55:00,1.5478701,1.5498895,1.5468604000000001,1.5478701,4955630.385262949,7672615.0
2026-04-28 11:00:00,1.5478701,1.5488798000000001,1.5458507,1.5488798000000001,5103283.153411904,7894643.0
2026-04-28 11:05:00,1.5478701,1.5488798000000001,1.5458507,1.5468604000000001,6392858.27473507,9890670.0
2026-04-28 11:10:00,1.5458507,1.5498895,1.5458507,1.5468604000000001,9783400.019807864,15146632.0
2026-04-28 11:15:00,1.5478701,1.5508992000000001,1.5468604000000001,1.5498895,9847910.27037734,15251343.0
2026-04-28 11:20:00,1.5508992000000001,1.5529186000000001,1.5468604000000001,1.5529186000000001,9554517.183321778,14808818.0
2026-04-28 11:25:00,1.5539283,1.5539283,1.5519089,1.5539283,3178171.7341784686,4935609.0
2026-04-28 11:30:00,1.5539283,1.5539283,1.5508992000000001,1.5529186000000001,4305140.140635832,6683195.0
2026-04-28 13:05:00,1.5529186000000001,1.5549380000000002,1.5508992000000001,1.5519089,14032654.253738733,21797836.0
2026-04-28 13:10:00,1.5508992000000001,1.5519089,1.5448410000000001,1.5458507,20484965.83143508,31712900.0
2026-04-28 13:15:00,1.5468604000000001,1.5478701,1.5438313,1.5438313,9647320.986431614,14905630.0
2026-04-28 13:20:00,1.5438313,1.5458507,1.5428216000000001,1.5458507,11977056.551450925,18499182.0
2026-04-28 13:25:00,1.5448410000000001,1.5468604000000001,1.5438313,1.5458507,5605659.106665346,8664668.0
2026-04-28 13:30:00,1.5458507,1.5468604000000001,1.5448410000000001,1.5458507,7673233.633752599,11862162.0
2026-04-28 13:35:00,1.5458507,1.5468604000000001,1.5428216000000001,1.5428216000000001,20307447.75675943,31357672.0
2026-04-28 13:40:00,1.5438313,1.5438313,1.5367634000000001,1.5387828000000001,21997868.673863523,33891276.0
2026-04-28 13:45:00,1.5397925,1.5428216000000001,1.5377731,1.5387828000000001,13232738.437159551,20372642.0
2026-04-28 13:50:00,1.5387828000000001,1.5397925,1.5367634000000001,1.5367634000000001,7038994.750916113,10826881.0
2026-04-28 13:55:00,1.5367634000000001,1.5377731,1.5337342999999999,1.5377731,8453131.623254431,12978277.0
2026-04-28 14:00:00,1.5367634000000001,1.5387828000000001,1.534744,1.5367634000000001,14106616.8168763,21670392.0
2026-04-28 14:05:00,1.5377731,1.5377731,1.5357536999999999,1.5367634000000001,11893136.575220361,18278030.0
2026-04-28 14:10:00,1.5377731,1.5387828000000001,1.5357536999999999,1.5377731,4319993.067247697,6642729.0
2026-04-28 14:15:00,1.5387828000000001,1.5418119,1.5367634000000001,1.5408022000000001,6310590.274338912,9712638.0
2026-04-28 14:20:00,1.5397925,1.5408022000000001,1.5337342999999999,1.534744,6359809.84450827,9769298.0
2026-04-28 14:25:00,1.5337342999999999,1.534744,1.5317148999999999,1.5317148999999999,7438420.322868179,11403061.0
2026-04-28 14:30:00,1.5317148999999999,1.5327246,1.5286858,1.5286858,8000599.187877587,12245313.0
2026-04-28 14:35:00,1.5286858,1.5307052,1.5256566999999999,1.5256566999999999,11331880.756660394,17320030.0
2026-04-28 14:40:00,1.5256566999999999,1.5317148999999999,1.5256566999999999,1.5307052,14214941.071605427,21722840.0
2026-04-28 14:45:00,1.5296954999999999,1.5327246,1.5286858,1.5317148999999999,12168720.412003566,18632528.0
2026-04-28 14:50:00,1.5317148999999999,1.534744,1.5317148999999999,1.5337342999999999,8767878.577795384,13441219.0
2026-04-28 14:55:00,1.5337342999999999,1.5357536999999999,1.5337342999999999,1.5337342999999999,6777130.830939882,10397926.0
2026-04-28 15:00:00,1.5337342999999999,1.5357536999999999,1.5327246,1.534744,8354905.417450728,12819147.0
2026-04-29 09:35:00,1.5226276,1.5276760999999999,1.5195984999999999,1.524647,34302168.96107755,52287502.0
2026-04-29 09:40:00,1.524647,1.5256566999999999,1.5175790999999998,1.5206082,28989997.02882044,44108176.0
2026-04-29 09:45:00,1.5206082,1.5337342999999999,1.5206082,1.5317148999999999,36885803.704070516,56372412.0
2026-04-29 09:50:00,1.5317148999999999,1.5317148999999999,1.5216178999999999,1.5236372999999999,35978310.38922452,54851380.0
2026-04-29 09:55:00,1.5236372999999999,1.5266664,1.5185888,1.5185888,31748931.3657522,48355220.0
2026-04-29 10:00:00,1.5185888,1.5185888,1.5105112,1.5115209000000003,44129899.9702882,66862572.0
2026-04-29 10:05:00,1.5105112,1.5105112,1.4994045000000003,1.4994045000000003,34291769.83262355,51617196.0
2026-04-29 10:10:00,1.4994045000000003,1.5064724,1.4983948,1.504453,69190650.68832326,103959176.0
2026-04-29 10:15:00,1.504453,1.51455,1.5034433000000003,1.51455,30213911.062691886,45567164.0
2026-04-29 10:20:00,1.5135403000000003,1.5185888,1.5125306,1.5135403000000003,21947376.448450033,33257144.0
2026-04-29 10:25:00,1.5155596999999998,1.5216178999999999,1.51455,1.5206082,12968618.401505398,19692146.0
2026-04-29 10:30:00,1.5206082,1.5226276,1.5175790999999998,1.5226276,18694372.58591661,28421456.0
2026-04-29 10:35:00,1.5226276,1.5236372999999999,1.5216178999999999,1.5226276,13695652.173913043,20854656.0
2026-04-29 10:40:00,1.5226276,1.524647,1.5206082,1.5216178999999999,15888030.107952857,24185476.0
2026-04-29 10:45:00,1.5216178999999999,1.5256566999999999,1.5216178999999999,1.5236372999999999,17588095.47390314,26801814.0
2026-04-29 10:50:00,1.5226276,1.5307052,1.5226276,1.5307052,8297811.23105873,12678061.0
2026-04-29 10:55:00,1.5307052,1.5317148999999999,1.5256566999999999,1.5266664,6947311.082499752,10622893.0
2026-04-29 11:00:00,1.5256566999999999,1.5286858,1.5236372999999999,1.5286858,8853300.980489254,13516009.0
2026-04-29 11:05:00,1.5286858,1.5296954999999999,1.5266664,1.5296954999999999,6533403.981380608,9984225.0
2026-04-29 11:10:00,1.5286858,1.5307052,1.5256566999999999,1.5286858,7529761.315242151,11507060.0
2026-04-29 11:15:00,1.5296954999999999,1.5327246,1.5286858,1.5317148999999999,10625261.95899772,16269330.0
2026-04-29 11:20:00,1.5317148999999999,1.534744,1.5307052,1.5307052,8333778.3500049515,12772709.0
2026-04-29 11:25:00,1.5307052,1.5327246,1.5286858,1.5286858,9098996.731702486,13919828.0
2026-04-29 11:30:00,1.5286858,1.5307052,1.5266664,1.5307052,4801278.597603248,7339540.0
2026-04-29 13:05:00,1.5307052,1.5327246,1.5276760999999999,1.5317148999999999,12346154.303258393,18893300.0
2026-04-29 13:10:00,1.5317148999999999,1.5327246,1.5296954999999999,1.5296954999999999,12601029.018520351,19291166.0
2026-04-29 13:15:00,1.5307052,1.534744,1.5307052,1.5327246,23054263.64266614,35347176.0
2026-04-29 13:20:00,1.5317148999999999,1.5337342999999999,1.5286858,1.5307052,27324856.888184607,41827870.0
2026-04-29 13:25:00,1.5307052,1.5337342999999999,1.5276760999999999,1.5327246,10313326.730712092,15780706.0
2026-04-29 13:30:00,1.5327246,1.5367634000000001,1.5327246,1.534744,27135188.66990195,41645204.0
2026-04-29 13:35:00,1.534744,1.5367634000000001,1.5337342999999999,1.534744,5314184.41121125,8157725.0
2026-04-29 13:40:00,1.5337342999999999,1.5357536999999999,1.5327246,1.534744,3867287.313063286,5933740.0
2026-04-29 13:45:00,1.5357536999999999,1.5387828000000001,1.534744,1.5387828000000001,16678617.411112212,25636530.0
2026-04-29 13:50:00,1.5387828000000001,1.5408022000000001,1.5377731,1.5397925,15392662.176884223,23701474.0
2026-04-29 13:55:00,1.5397925,1.5418119,1.5387828000000001,1.5397925,9592643.359413687,14767427.0
2026-04-29 14:00:00,1.5387828000000001,1.5397925,1.5367634000000001,1.5387828000000001,9296829.75141131,14296717.0
2026-04-29 14:05:00,1.5387828000000001,1.5397925,1.5377731,1.5387828000000001,9245081.707437852,14222912.0
2026-04-29 14:10:00,1.5387828000000001,1.5408022000000001,1.5377731,1.5387828000000001,3480142.6166187976,5356608.0
2026-04-29 14:15:00,1.5387828000000001,1.5397925,1.5377731,1.5377731,6622957.314053679,10191224.0
2026-04-29 14:20:00,1.5387828000000001,1.5408022000000001,1.5367634000000001,1.5397925,24872896.900069326,38238430.0
2026-04-29 14:25:00,1.5408022000000001,1.5418119,1.5387828000000001,1.5408022000000001,9069879.172031296,13973571.0
2026-04-29 14:30:00,1.5408022000000001,1.5428216000000001,1.5377731,1.5387828000000001,33977415.07378429,52314890.0
2026-04-29 14:35:00,1.5387828000000001,1.5408022000000001,1.5377731,1.5377731,24610157.47251659,37872300.0
2026-04-29 14:40:00,1.5377731,1.5397925,1.5367634000000001,1.5377731,14643854.610280281,22522020.0
2026-04-29 14:45:00,1.5377731,1.5397925,1.5377731,1.5397925,16107363.573338615,24784090.0
2026-04-29 14:50:00,1.5387828000000001,1.5397925,1.5377731,1.5397925,9375104.486481132,14428824.0
2026-04-29 14:55:00,1.5397925,1.5397925,1.5377731,1.5397925,8523148.459938595,13120243.0
2026-04-29 15:00:00,1.5397925,1.5408022000000001,1.5387828000000001,1.5408022000000001,8499180.944835098,13086521.0
2026-04-30 09:35:00,1.5549380000000002,1.5751320000000002,1.5549380000000002,1.5741223,101599774.19035357,159190203.0
2026-04-30 09:40:00,1.5731126000000002,1.5771514000000002,1.5710932000000002,1.5761417,67710022.77904327,106563860.0
2026-04-30 09:45:00,1.5761417,1.5872484000000002,1.5721029,1.5872484000000002,99068261.8599584,156523200.0
2026-04-30 09:50:00,1.5872484000000002,1.5882581,1.5690738000000002,1.5710932000000002,52026823.80905219,82008180.0
2026-04-30 09:55:00,1.5721029,1.5761417,1.5660447,1.5731126000000002,39669798.95018322,62301308.0
2026-04-30 10:00:00,1.5721029,1.5852290000000002,1.5690738000000002,1.5842193,33540889.37308111,52989780.0
2026-04-30 10:05:00,1.5842193,1.5842193,1.5751320000000002,1.5761417,30695406.556402892,48541440.0
2026-04-30 10:10:00,1.5761417,1.5832096000000002,1.5710932000000002,1.5821999,27720497.17737942,43720296.0
2026-04-30 10:15:00,1.5821999,1.5852290000000002,1.5771514000000002,1.5821999,39406223.63078142,62368390.0
2026-04-30 10:20:00,1.5832096000000002,1.5852290000000002,1.5791708000000002,1.5791708000000002,22082832.52451223,34961856.0
2026-04-30 10:25:00,1.5801805,1.5862387,1.5791708000000002,1.5852290000000002,36709173.02168961,58130380.0
2026-04-30 10:30:00,1.5862387,1.5872484000000002,1.5811902000000002,1.5872484000000002,28690252.55026245,45489148.0
2026-04-30 10:35:00,1.5872484000000002,1.5892678000000002,1.5842193,1.5892678000000002,40684389.42260077,64574520.0
2026-04-30 10:40:00,1.5882581,1.5993648,1.5882581,1.5983551,60367194.21610379,96209940.0
2026-04-30 10:45:00,1.5983551,1.5983551,1.5922969,1.5922969,30035515.49965336,47928840.0
2026-04-30 10:50:00,1.5912872000000002,1.5943163,1.5882581,1.5933066000000002,12049567.198177677,19172732.0
2026-04-30 10:55:00,1.5943163,1.5993648,1.5933066000000002,1.5983551,27639813.806081012,44145476.0
2026-04-30 11:00:00,1.5973454000000002,1.6034036,1.5973454000000002,1.6034036,51467925.12627513,82362410.0
2026-04-30 11:05:00,1.6034036,1.605423,1.5973454000000002,1.6044133,45136472.21947113,72328730.0
2026-04-30 11:10:00,1.6044133,1.6135006,1.6044133,1.6114812,53658144.00316925,86242024.0
2026-04-30 11:15:00,1.6135006,1.6185491,1.6114812,1.6135006,55371714.370605126,89432610.0
2026-04-30 11:20:00,1.6145103,1.6205685,1.6145103,1.6205685,43029592.94840051,69620980.0
2026-04-30 11:25:00,1.6205685,1.6215782,1.6084521,1.6124909,28890212.934535008,46635884.0
2026-04-30 11:30:00,1.6114812,1.6145103,1.6094618,1.6124909,30300726.948598593,48849184.0
2026-04-30 13:05:00,1.6114812,1.6114812,1.5993648,1.5993648,24818274.735069823,39880536.0
2026-04-30 13:10:00,1.5993648,1.6034036,1.5983551,1.6034036,25765478.855105475,41239340.0
2026-04-30 13:15:00,1.6023939,1.605423,1.5993648,1.6003745,13155663.06823809,21089440.0
2026-04-30 13:20:00,1.6003745,1.6044133,1.5993648,1.6034036,17039734.574626125,27300240.0
2026-04-30 13:25:00,1.6034036,1.6064327,1.6034036,1.6044133,32663478.260869563,52447400.0
2026-04-30 13:30:00,1.605423,1.6084521,1.6044133,1.6064327,26154439.932653263,42027190.0
2026-04-30 13:35:00,1.6044133,1.6084521,1.6044133,1.6074424,26244934.138853125,42164020.0
2026-04-30 13:40:00,1.6074424,1.6124909,1.6064327,1.6114812,27802610.676438544,44764730.0
2026-04-30 13:45:00,1.6114812,1.61552,1.6104715,1.6145103,21004686.5405566,33911804.0
2026-04-30 13:50:00,1.61552,1.6165297,1.6145103,1.6145103,18694132.910765573,30203854.0
2026-04-30 13:55:00,1.6145103,1.6175394,1.6135006,1.6175394,13891071.605427355,22435112.0
2026-04-30 14:00:00,1.6165297,1.6185491,1.61552,1.6175394,21777922.155095574,35217400.0
2026-04-30 14:05:00,1.6175394,1.6225879,1.6175394,1.6225879,48983868.47578488,79363550.0
2026-04-30 14:10:00,1.6225879,1.6235976,1.6215782,1.6225879,19450510.052490838,31569252.0
2026-04-30 14:15:00,1.6225879,1.625617,1.6225879,1.625617,27190181.241953053,44155468.0
2026-04-30 14:20:00,1.625617,1.6266267,1.6235976,1.6246073,23418508.46786174,38060950.0
2026-04-30 14:25:00,1.6235976,1.6266267,1.6225879,1.6235976,19296816.87629989,31347452.0
2026-04-30 14:30:00,1.6235976,1.6266267,1.6235976,1.6246073,19917460.63187085,32374256.0
2026-04-30 14:35:00,1.6266267,1.6296558,1.625617,1.6286461,14171840.150539763,23069138.0
2026-04-30 14:40:00,1.6286461,1.6306655,1.6246073,1.6246073,17847194.216103792,29052104.0
2026-04-30 14:45:00,1.6246073,1.6266267,1.6235976,1.6235976,10302556.20481331,16740235.0
2026-04-30 14:50:00,1.6235976,1.625617,1.6235976,1.6246073,16369706.843616916,26595572.0
2026-04-30 14:55:00,1.6246073,1.625617,1.6195588,1.6205685,60593776.36921858,98428984.0
2026-04-30 15:00:00,1.6205685,1.6215782,1.6185491,1.6185491,22539839.55630385,36521284.0
2026-05-06 09:35:00,1.6811505000000002,1.7013445,1.676102,1.6993251,163735408.53718925,276042504.0
2026-05-06 09:40:00,1.7003348,1.7185094,1.6983154,1.7185094,94004258.6907002,160570430.0
2026-05-06 09:45:00,1.7185094,1.7326452,1.7185094,1.7296161,78892482.91571754,136373090.0
2026-05-06 09:50:00,1.7306258,1.7447616000000001,1.7296161,1.7427422000000001,84741517.28236109,147254610.0
2026-05-06 09:55:00,1.7437519000000001,1.7538489000000002,1.7417325000000001,1.7528392000000002,59459455.28374764,103947336.0
2026-05-06 10:00:00,1.7528392000000002,1.7629362000000002,1.7528392000000002,1.7609168000000002,56099225.51252847,98608800.0
2026-05-06 10:05:00,1.7619265000000002,1.7730332,1.7548586000000002,1.7548586000000002,82915668.02020402,146493250.0
2026-05-06 10:10:00,1.7548586000000002,1.7548586000000002,1.7447616000000001,1.7508198000000001,48988242.05209468,85660260.0
2026-05-06 10:15:00,1.7508198000000001,1.7538489000000002,1.7457713000000001,1.7528392000000002,46176597.00901257,80785730.0
2026-05-06 10:20:00,1.7528392000000002,1.7588974000000002,1.7528392000000002,1.7588974000000002,26566203.822917696,46635476.0
2026-05-06 10:25:00,1.7588974000000002,1.7588974000000002,1.7508198000000001,1.7518295000000002,24519080.915123302,43016264.0
2026-05-06 10:30:00,1.7508198000000001,1.7619265000000002,1.7498101000000001,1.7609168000000002,37522618.599584036,65856736.0
2026-05-06 10:35:00,1.7609168000000002,1.7649556000000002,1.7578877000000002,1.7599071000000002,24922341.28949193,43918496.0
2026-05-06 10:40:00,1.7599071000000002,1.7619265000000002,1.7508198000000001,1.7508198000000001,15965829.454293353,28057702.0
2026-05-06 10:45:00,1.7518295000000002,1.7558683000000002,1.7488004000000001,1.7488004000000001,27123367.33683272,47489876.0
2026-05-06 10:50:00,1.7488004000000001,1.7528392000000002,1.7437519000000001,1.7437519000000001,19465548.1826285,34050136.0
2026-05-06 10:55:00,1.7437519000000001,1.7437519000000001,1.7387034000000001,1.7407228000000001,21566358.32425473,37538324.0
2026-05-06 11:00:00,1.7407228000000001,1.7498101000000001,1.7407228000000001,1.7488004000000001,11894809.349311676,20772772.0
2026-05-06 11:05:00,1.7498101000000001,1.7538489000000002,1.7498101000000001,1.7528392000000002,22570060.41398435,39530556.0
2026-05-06 11:10:00,1.7538489000000002,1.7538489000000002,1.7498101000000001,1.7538489000000002,24008541.15083688,42075390.0
2026-05-06 11:15:00,1.7538489000000002,1.7578877000000002,1.7538489000000002,1.7568780000000002,22271813.40992374,39094970.0
2026-05-06 11:20:00,1.7568780000000002,1.7588974000000002,1.7538489000000002,1.7548586000000002,13783735.76309795,24218584.0
2026-05-06 11:25:00,1.7558683000000002,1.7568780000000002,1.7538489000000002,1.7538489000000002,11615565.019312667,20392988.0
2026-05-06 11:30:00,1.7538489000000002,1.7548586000000002,1.7518295000000002,1.7528392000000002,7615345.152025354,13351825.0
2026-05-06 13:05:00,1.7528392000000002,1.7568780000000002,1.7518295000000002,1.7538489000000002,18024631.07853818,31626968.0
2026-05-06 13:10:00,1.7538489000000002,1.7548586000000002,1.7498101000000001,1.7508198000000001,7505079.72665148,13146550.0
2026-05-06 13:15:00,1.7508198000000001,1.7508198000000001,1.7477907000000001,1.7477907000000001,4804808.358918491,8404902.0
2026-05-06 13:20:00,1.7477907000000001,1.7488004000000001,1.7427422000000001,1.7427422000000001,9164298.306427652,15993958.0
2026-05-06 13:25:00,1.7427422000000001,1.7467810000000001,1.7417325000000001,1.7427422000000001,7514550.856690106,13106830.0
2026-05-06 13:30:00,1.7427422000000001,1.7437519000000001,1.7407228000000001,1.7407228000000001,10812075.864118055,18832832.0
2026-05-06 13:35:00,1.7407228000000001,1.7417325000000001,1.7366840000000001,1.7407228000000001,13831237.001089431,24048456.0
2026-05-06 13:40:00,1.7397131000000001,1.7427422000000001,1.7387034000000001,1.7407228000000001,11800073.28909577,20539922.0
2026-05-06 13:45:00,1.7407228000000001,1.7417325000000001,1.7346646000000001,1.7346646000000001,8344912.35020303,14507572.0
2026-05-06 13:50:00,1.7346646000000001,1.7366840000000001,1.7326452,1.7326452,11702472.021392493,20303702.0
2026-05-06 13:55:00,1.7326452,1.7356743000000001,1.7296161,1.7296161,18523272.25908686,32100770.0
2026-05-06 14:00:00,1.7296161,1.7306258,1.726587,1.726587,20782166.980291177,35929850.0
2026-05-06 14:05:00,1.726587,1.7275967,1.7124512,1.7124512,34514778.647122905,59388904.0
2026-05-06 14:10:00,1.7114415,1.7144706,1.7033639,1.7033639,47891746.063187085,81829670.0
2026-05-06 14:15:00,1.7033639,1.7094221,1.7003348,1.706393,31943095.96909973,54463576.0
2026-05-06 14:20:00,1.706393,1.7154803,1.7053833,1.7144706,28692280.875507575,49093984.0
2026-05-06 14:25:00,1.7144706,1.7144706,1.706393,1.7084124,26109212.637417052,44645324.0
2026-05-06 14:30:00,1.7074027,1.7154803,1.706393,1.7124512,28868305.43725859,49390624.0
2026-05-06 14:35:00,1.7114415,1.7124512,1.706393,1.7114415,25208323.26433594,43074630.0
2026-05-06 14:40:00,1.7114415,1.7154803,1.7114415,1.7134609,24372455.184708327,41748010.0
2026-05-06 14:45:00,1.7134609,1.7134609,1.7084124,1.7094221,21022769.13934832,35949744.0
2026-05-06 14:50:00,1.7084124,1.7094221,1.706393,1.7084124,17125674.952956323,29250212.0
2026-05-06 14:55:00,1.7084124,1.7084124,1.7074027,1.7084124,16246481.133009804,27747344.0
2026-05-06 15:00:00,1.7074027,1.7094221,1.7074027,1.7074027,16902275.923541646,28870706.0
2026-05-07 09:35:00,1.71649,1.71649,1.6973057,1.7033639,72795711.59750421,124301390.0
2026-05-07 09:40:00,1.7033639,1.7174997,1.7023542,1.71649,52948860.0574428,90590340.0
2026-05-07 09:45:00,1.7154803,1.71649,1.7074027,1.7114415,41760031.69258195,71530040.0
2026-05-07 09:50:00,1.7114415,1.71649,1.7013445,1.7033639,25758447.063484203,43999610.0
2026-05-07 09:55:00,1.7033639,1.7124512,1.7033639,1.7114415,29455846.290977515,50326420.0
2026-05-07 10:00:00,1.7124512,1.7134609,1.7043736,1.7124512,15916096.8604536,27193632.0
2026-05-07 10:05:00,1.7134609,1.7144706,1.7094221,1.7124512,22824074.477567594,39067852.0
2026-05-07 10:10:00,1.7124512,1.7185094,1.7114415,1.71649,17062965.23719917,29277324.0
2026-05-07 10:15:00,1.71649,1.7174997,1.7033639,1.7033639,21635551.15380806,37010772.0
2026-05-07 10:20:00,1.7033639,1.706393,1.7003348,1.7053833,19402947.410121817,33032702.0
2026-05-07 10:25:00,1.7043736,1.7043736,1.6993251,1.7023542,11106461.325146083,18896106.0
2026-05-07 10:30:00,1.7033639,1.7104318,1.7023542,1.7104318,14691638.110329801,25070084.0
2026-05-07 10:35:00,1.7104318,1.7114415,1.7074027,1.7094221,15921592.55224324,27224640.0
2026-05-07 10:40:00,1.7084124,1.7134609,1.706393,1.7114415,9978936.317718133,17063414.0
2026-05-07 10:45:00,1.7114415,1.7114415,1.706393,1.7084124,7806980.291175596,13340308.0
2026-05-07 10:50:00,1.7074027,1.7154803,1.7074027,1.7144706,9067611.171635138,15531800.0
2026-05-07 10:55:00,1.7144706,1.71649,1.7124512,1.7134609,6101211.250866594,10460102.0
2026-05-07 11:00:00,1.7134609,1.7174997,1.7134609,1.7134609,9923937.803307913,17028260.0
2026-05-07 11:05:00,1.7134609,1.7154803,1.7084124,1.7144706,7528025.1559869265,12893417.0
2026-05-07 11:10:00,1.7144706,1.7154803,1.7104318,1.7134609,5619490.937902347,9626360.0
2026-05-07 11:15:00,1.7134609,1.7134609,1.7084124,1.7114415,3101852.0352579975,5305850.0
2026-05-07 11:20:00,1.7104318,1.7144706,1.7104318,1.7124512,9304913.340596216,15935441.0
2026-05-07 11:25:00,1.7134609,1.7134609,1.7094221,1.7124512,7965332.276913934,13631270.0
2026-05-07 11:30:00,1.7124512,1.71649,1.7114415,1.71649,9613696.147370506,16483487.0
2026-05-07 13:05:00,1.71649,1.7225482,1.7154803,1.7195191,24017288.30345647,41274876.0
2026-05-07 13:10:00,1.7185094,1.7225482,1.71649,1.7225482,13678482.717638902,23518904.0
2026-05-07 13:15:00,1.7225482,1.726587,1.7225482,1.7255773,10891404.377537882,18785194.0
2026-05-07 13:20:00,1.726587,1.7336549,1.7245676,1.7336549,18492641.378627315,31986432.0
2026-05-07 13:25:00,1.7336549,1.7346646000000001,1.726587,1.7306258,11725915.618500544,20301976.0
2026-05-07 13:30:00,1.7306258,1.7316355,1.7255773,1.7275967,10902996.929781122,18834268.0
2026-05-07 13:35:00,1.7275967,1.7306258,1.726587,1.7306258,11564599.385956224,19995068.0
2026-05-07 13:40:00,1.7306258,1.7306258,1.7245676,1.7245676,11714656.828761017,20228142.0
2026-05-07 13:45:00,1.7255773,1.726587,1.7235579,1.7245676,7955061.899574131,13721558.0
2026-05-07 13:50:00,1.7235579,1.7286064,1.7235579,1.7275967,8748455.977022877,15094886.0
2026-05-07 13:55:00,1.7275967,1.7286064,1.7235579,1.7235579,17611270.67445776,30383660.0
2026-05-07 14:00:00,1.7245676,1.726587,1.7215385,1.7215385,8496801.030008914,14651176.0
2026-05-07 14:05:00,1.7215385,1.726587,1.7215385,1.7255773,6118055.858175696,10545082.0
2026-05-07 14:10:00,1.7245676,1.7286064,1.7245676,1.726587,8663704.070515994,14959004.0
2026-05-07 14:15:00,1.7275967,1.7286064,1.7235579,1.726587,7228554.025948301,12478562.0
2026-05-07 14:20:00,1.726587,1.7306258,1.726587,1.7306258,7790535.802713677,13464800.0
2026-05-07 14:25:00,1.7306258,1.7326452,1.7286064,1.7306258,8836673.269287907,15295892.0
2026-05-07 14:30:00,1.7306258,1.7326452,1.7296161,1.7316355,4614172.526493018,7987395.0
2026-05-07 14:35:00,1.7326452,1.7356743000000001,1.7316355,1.7336549,9329235.416460335,16172680.0
2026-05-07 14:40:00,1.7346646000000001,1.7346646000000001,1.7275967,1.7286064,6627897.39526592,11476233.0
2026-05-07 14:45:00,1.7286064,1.7306258,1.726587,1.7296161,10814794.493413884,18693824.0
2026-05-07 14:50:00,1.7296161,1.7296161,1.7275967,1.7286064,5015064.870753689,8671749.0
2026-05-07 14:55:00,1.7296161,1.7316355,1.7286064,1.7316355,12116471.229077943,20970392.0
2026-05-07 15:00:00,1.7316355,1.7316355,1.7296161,1.7316355,21990424.878676835,38050588.0
2026-05-08 09:35:00,1.7053833,1.7074027,1.6912475,1.6932669,71731474.69545409,121749530.0
2026-05-08 09:40:00,1.6932669,1.7074027,1.6932669,1.7043736,55672051.1042884,94681656.0
2026-05-08 09:45:00,1.7033639,1.706393,1.7003348,1.706393,24834150.73784292,42286070.0
2026-05-08 09:50:00,1.706393,1.7074027,1.6983154,1.6993251,32206782.212538376,54852050.0
2026-05-08 09:55:00,1.6993251,1.7013445,1.6922572,1.6942766,37194760.82004555,63098868.0
2026-05-08 10:00:00,1.6932669,1.7043736,1.6922572,1.7033639,36284536.00079231,61646840.0
2026-05-08 10:05:00,1.7033639,1.7053833,1.696296,1.7043736,24527328.9095771,41719788.0
2026-05-08 10:10:00,1.7043736,1.7053833,1.6973057,1.7003348,24107006.041398436,40985588.0
2026-05-08 10:15:00,1.6993251,1.7003348,1.6942766,1.6942766,27957318.015252054,47439748.0
2026-05-08 10:20:00,1.6932669,1.6952863,1.6912475,1.6952863,16671591.561850054,28221152.0
2026-05-08 10:25:00,1.6952863,1.7003348,1.6932669,1.6952863,15204765.772011489,25792586.0
2026-05-08 10:30:00,1.6932669,1.6942766,1.6892281,1.6892281,24452076.85451124,41375640.0
2026-05-08 10:35:00,1.6892281,1.6942766,1.686199,1.6912475,34070294.14677627,57585044.0
2026-05-08 10:40:00,1.6922572,1.6952863,1.6882184,1.6952863,15163727.839952461,25654836.0
2026-05-08 10:45:00,1.6952863,1.696296,1.6932669,1.6952863,8813278.201445974,14934369.0
2026-05-08 10:50:00,1.6942766,1.6942766,1.6912475,1.6932669,8727040.705159947,14768295.0
2026-05-08 10:55:00,1.6932669,1.6932669,1.6872087,1.6882184,11800780.429830642,19936000.0
2026-05-08 11:00:00,1.6872087,1.6882184,1.6841796,1.6851893,18374269.585025255,30976730.0
2026-05-08 11:05:00,1.686199,1.686199,1.6771117000000002,1.6781214,19296517.77755769,32413054.0
2026-05-08 11:10:00,1.6781214,1.6831699,1.6771117000000002,1.6821602,16047494.30523918,26955544.0
2026-05-08 11:15:00,1.6821602,1.686199,1.6821602,1.686199,8764214.123006834,14761083.0
2026-05-08 11:20:00,1.6872087,1.6872087,1.6791311000000002,1.6811505000000002,7033406.952560166,11830282.0
2026-05-08 11:25:00,1.6811505000000002,1.6821602,1.6791311000000002,1.6811505000000002,7836832.722590868,13170855.0
2026-05-08 11:30:00,1.6811505000000002,1.6821602,1.6781214,1.6811505000000002,8621765.871050807,14486220.0
2026-05-08 13:05:00,1.6821602,1.6932669,1.6811505000000002,1.6922572,20466506.883232642,34496316.0
2026-05-08 13:10:00,1.6932669,1.6983154,1.6902378,1.6902378,23119659.304743983,39162824.0
2026-05-08 13:15:00,1.6912475,1.696296,1.6882184,1.6932669,6869612.756264237,11631941.0
2026-05-08 13:20:00,1.6922572,1.696296,1.6912475,1.696296,11225215.410517976,19013972.0
2026-05-08 13:25:00,1.696296,1.6983154,1.6942766,1.6973057,13945656.135485787,23651660.0
2026-05-08 13:30:00,1.6973057,1.6993251,1.696296,1.6993251,10341526.195899772,17554688.0
2026-05-08 13:35:00,1.6983154,1.6993251,1.6922572,1.6922572,9181879.766267208,15571527.0
2026-05-08 13:40:00,1.6932669,1.6952863,1.6912475,1.6942766,17847198.177676536,30210528.0
2026-05-08 13:45:00,1.6942766,1.6942766,1.6912475,1.6932669,15520528.869961374,26267996.0
2026-05-08 13:50:00,1.6922572,1.6942766,1.6912475,1.6932669,16094087.352679012,27244768.0
2026-05-08 13:55:00,1.6932669,1.6952863,1.6912475,1.6942766,13432001.584629098,22741578.0
2026-05-08 14:00:00,1.6932669,1.6942766,1.6892281,1.6912475,15837939.982172921,26788504.0
2026-05-08 14:05:00,1.6912475,1.6932669,1.6902378,1.6922572,9222834.505298603,15595088.0
2026-05-08 14:10:00,1.6922572,1.6942766,1.6892281,1.6892281,7420349.608794691,12550726.0
2026-05-08 14:15:00,1.6892281,1.6922572,1.6892281,1.6922572,6658484.698425274,11256099.0
2026-05-08 14:20:00,1.6912475,1.6942766,1.6902378,1.6932669,5994125.9780132715,10142775.0
2026-05-08 14:25:00,1.6932669,1.6932669,1.6892281,1.6902378,7786321.679706844,13161290.0
2026-05-08 14:30:00,1.6912475,1.6922572,1.6882184,1.6922572,14361691.59156185,24280112.0
2026-05-08 14:35:00,1.6922572,1.6932669,1.6902378,1.6922572,6956760.423888284,11768035.0
2026-05-08 14:40:00,1.6922572,1.6922572,1.6882184,1.6882184,9727272.457165495,16442654.0
2026-05-08 14:45:00,1.6882184,1.6902378,1.6882184,1.6892281,9037374.467663663,15262646.0
2026-05-08 14:50:00,1.6882184,1.6902378,1.6882184,1.6902378,15439411.70644746,26083732.0
2026-05-08 14:55:00,1.6902378,1.6922572,1.6892281,1.6922572,15757536.892146181,26643052.0
2026-05-08 15:00:00,1.6922572,1.6932669,1.6912475,1.6932669,11553739.724670693,19552448.0
2026-05-11 09:35:00,1.7397131000000001,1.7528392000000002,1.7366840000000001,1.7508198000000001,102757941.96295929,179143884.0
2026-05-11 09:40:00,1.7518295000000002,1.7528392000000002,1.7477907000000001,1.7488004000000001,58693806.081014164,102727550.0
2026-05-11 09:45:00,1.7488004000000001,1.7488004000000001,1.7235579,1.7235579,61842319.50084183,107198160.0
2026-05-11 09:50:00,1.7255773,1.7397131000000001,1.7215385,1.7387034000000001,42857809.250272356,74072744.0
2026-05-11 09:55:00,1.7387034000000001,1.7387034000000001,1.7286064,1.7356743000000001,35650414.974744976,61751510.0
2026-05-11 10:00:00,1.7356743000000001,1.7447616000000001,1.7326452,1.7437519000000001,32802687.92710706,57014976.0
2026-05-11 10:05:00,1.7437519000000001,1.7457713000000001,1.7407228000000001,1.7447616000000001,22803949.688026145,39744372.0
2026-05-11 10:10:00,1.7447616000000001,1.7488004000000001,1.7407228000000001,1.7477907000000001,19885653.164306227,34689150.0
2026-05-11 10:15:00,1.7477907000000001,1.7518295000000002,1.7467810000000001,1.7518295000000002,16383864.51421214,28667670.0
2026-05-11 10:20:00,1.7528392000000002,1.7548586000000002,1.7508198000000001,1.7518295000000002,29571904.526096858,51851790.0
2026-05-11 10:25:00,1.7508198000000001,1.7538489000000002,1.7498101000000001,1.7508198000000001,21490531.841140933,37648216.0
2026-05-11 10:30:00,1.7508198000000001,1.7568780000000002,1.7477907000000001,1.7558683000000002,12434471.625235219,21793272.0
2026-05-11 10:35:00,1.7568780000000002,1.7599071000000002,1.7528392000000002,1.7578877000000002,17245367.931068633,30289756.0
2026-05-11 10:40:00,1.7578877000000002,1.7588974000000002,1.7528392000000002,1.7548586000000002,20626027.53293057,36216000.0
2026-05-11 10:45:00,1.7558683000000002,1.7649556000000002,1.7558683000000002,1.7629362000000002,28378694.661780726,49960650.0
2026-05-11 10:50:00,1.7639459000000002,1.7700041,1.7629362000000002,1.766975,22299534.515202533,39392424.0
2026-05-11 10:55:00,1.766975,1.7700041,1.7649556000000002,1.7700041,16511133.009804891,29185276.0
2026-05-11 11:00:00,1.7700041,1.777072,1.7689944,1.7750526,23633847.67752798,41908468.0
2026-05-11 11:05:00,1.7760623,1.7760623,1.7679847,1.7679847,24507095.176785182,43416390.0
2026-05-11 11:10:00,1.7679847,1.777072,1.7679847,1.777072,13909591.958007328,24675714.0
2026-05-11 11:15:00,1.777072,1.777072,1.7730332,1.7740429,9182777.06249381,16296207.0
2026-05-11 11:20:00,1.7730332,1.7760623,1.7720235,1.7730332,10986360.3050411,19481460.0
2026-05-11 11:25:00,1.7730332,1.7760623,1.7710138,1.7760623,11148148.955135189,19770826.0
2026-05-11 11:30:00,1.7750526,1.7811108,1.7750526,1.7801011,27343399.029414676,48615064.0
2026-05-11 13:05:00,1.7801011,1.7821205,1.7659653000000002,1.7659653000000002,31340671.48658017,55636880.0
2026-05-11 13:10:00,1.7649556000000002,1.766975,1.7609168000000002,1.7619265000000002,30957932.059027433,54625856.0
2026-05-11 13:15:00,1.7609168000000002,1.7609168000000002,1.7538489000000002,1.7609168000000002,24748701.59453303,43475444.0
2026-05-11 13:20:00,1.7599071000000002,1.7639459000000002,1.7558683000000002,1.7629362000000002,22936658.413390115,40355412.0
2026-05-11 13:25:00,1.7639459000000002,1.7639459000000002,1.7588974000000002,1.7588974000000002,14160431.811429137,24950664.0
2026-05-11 13:30:00,1.7599071000000002,1.7599071000000002,1.7538489000000002,1.7588974000000002,15043621.867881548,26423712.0
2026-05-11 13:35:00,1.7588974000000002,1.7629362000000002,1.7568780000000002,1.7619265000000002,12890561.552936515,22689276.0
2026-05-11 13:40:00,1.7619265000000002,1.7659653000000002,1.7609168000000002,1.7639459000000002,21807536.89214618,38448444.0
2026-05-11 13:45:00,1.7639459000000002,1.7679847,1.7629362000000002,1.7639459000000002,19414687.530949786,34269012.0
2026-05-11 13:50:00,1.7639459000000002,1.7689944,1.7629362000000002,1.7659653000000002,16446380.112904822,29044908.0
2026-05-11 13:55:00,1.7649556000000002,1.7710138,1.7649556000000002,1.7700041,19723700.10894325,34886200.0
2026-05-11 14:00:00,1.7689944,1.7720235,1.766975,1.7710138,15530767.554719223,27487258.0
2026-05-11 14:05:00,1.7710138,1.7740429,1.7689944,1.7730332,15944867.782509655,28247480.0
2026-05-11 14:10:00,1.7740429,1.7740429,1.7710138,1.7730332,13614034.86184015,24131860.0
2026-05-11 14:15:00,1.7730332,1.7730332,1.7700041,1.7720235,17162543.32970189,30406442.0
2026-05-11 14:20:00,1.7710138,1.7750526,1.766975,1.766975,68439869.26809943,121431256.0
2026-05-11 14:25:00,1.7679847,1.7689944,1.7629362000000002,1.7639459000000002,12404124.987620085,21893440.0
2026-05-11 14:30:00,1.7639459000000002,1.7679847,1.7639459000000002,1.766975,16446610.874517182,29047186.0
2026-05-11 14:35:00,1.7679847,1.7710138,1.7619265000000002,1.7619265000000002,23392904.823214814,41326800.0
2026-05-11 14:40:00,1.7619265000000002,1.766975,1.7619265000000002,1.7659653000000002,23066185.99584035,40704028.0
2026-05-11 14:45:00,1.7659653000000002,1.7679847,1.7659653000000002,1.7659653000000002,22291961.968901653,39385890.0
2026-05-11 14:50:00,1.766975,1.7700041,1.7659653000000002,1.7689944,21768675.84431019,38483884.0
2026-05-11 14:55:00,1.7700041,1.7710138,1.7679847,1.7689944,16902618.599584036,29911640.0
2026-05-11 15:00:00,1.7700041,1.7720235,1.7689944,1.7710138,18907657.720114883,33468284.0
2026-05-12 09:35:00,1.7689944,1.7689944,1.7548586000000002,1.7558683000000002,74535099.5345152,131335454.0
2026-05-12 09:40:00,1.7558683000000002,1.7558683000000002,1.7397131000000001,1.7477907000000001,48973130.63286124,85551544.0
2026-05-12 09:45:00,1.7467810000000001,1.7498101000000001,1.7407228000000001,1.7498101000000001,47585484.797464594,83062670.0
2026-05-12 09:50:00,1.7508198000000001,1.7568780000000002,1.7508198000000001,1.7558683000000002,23393356.442507673,41023160.0
2026-05-12 09:55:00,1.7548586000000002,1.7568780000000002,1.7518295000000002,1.7568780000000002,29377811.231058728,51519210.0
2026-05-12 10:00:00,1.7558683000000002,1.7578877000000002,1.7518295000000002,1.7578877000000002,38405280.776468255,67353670.0
2026-05-12 10:05:00,1.7558683000000002,1.7629362000000002,1.7558683000000002,1.7619265000000002,28803151.431118153,50651150.0
2026-05-12 10:10:00,1.7619265000000002,1.7679847,1.7548586000000002,1.7548586000000002,21654119.04526097,38177812.0
2026-05-12 10:15:00,1.7558683000000002,1.7588974000000002,1.7518295000000002,1.7588974000000002,17150444.686540555,30095632.0
2026-05-12 10:20:00,1.7578877000000002,1.7689944,1.7578877000000002,1.7679847,11469554.323066257,20224056.0
2026-05-12 10:25:00,1.7679847,1.7720235,1.7639459000000002,1.7720235,21389291.868871942,37808450.0
2026-05-12 10:30:00,1.7710138,1.7730332,1.7689944,1.7720235,21608388.630286224,38276068.0
2026-05-12 10:35:00,1.7730332,1.777072,1.7730332,1.7750526,39648374.76478162,70325910.0
2026-05-12 10:40:00,1.7750526,1.787169,1.7750526,1.787169,19808333.1682678,35302092.0
2026-05-12 10:45:00,1.7861593,1.797266,1.7821205,1.7962563,36849583.044468656,65888844.0
2026-05-12 10:50:00,1.7962563,1.8023145,1.7942369,1.797266,20343943.74566703,36578020.0
2026-05-12 10:55:00,1.797266,1.8013048,1.7922175,1.7932272,20316050.31197385,36518530.0
2026-05-12 11:00:00,1.7952466,1.797266,1.7881787,1.7922175,13278619.391898584,23814544.0
2026-05-12 11:05:00,1.7912078,1.7932272,1.7861593,1.787169,9675162.919679113,17312076.0
2026-05-12 11:10:00,1.7881787,1.7901981,1.7851496,1.7881787,18423151.431118153,32926996.0
2026-05-12 11:15:00,1.7891884,1.7922175,1.7811108,1.7851496,15223627.810240665,27194952.0
2026-05-12 11:20:00,1.7851496,1.787169,1.7730332,1.7750526,14588245.02327424,25990038.0
2026-05-12 11:25:00,1.7740429,1.7750526,1.766975,1.766975,17192968.208378725,30445818.0
2026-05-12 11:30:00,1.7659653000000002,1.7679847,1.7629362000000002,1.766975,12608809.547390314,22261240.0
2026-05-12 13:05:00,1.7659653000000002,1.7659653000000002,1.7578877000000002,1.7599071000000002,31363478.260869563,55231650.0
2026-05-12 13:10:00,1.7619265000000002,1.7649556000000002,1.7548586000000002,1.7588974000000002,16845997.82113499,29645008.0
2026-05-12 13:15:00,1.7568780000000002,1.7659653000000002,1.7568780000000002,1.7649556000000002,15247935.030206991,26874004.0
2026-05-12 13:20:00,1.7659653000000002,1.7689944,1.7619265000000002,1.7679847,10767600.277310092,19003712.0
2026-05-12 13:25:00,1.7689944,1.7760623,1.7679847,1.7760623,8432243.240566505,14950983.0
2026-05-12 13:30:00,1.7760623,1.7801011,1.7740429,1.7780817,8601367.732989997,15282083.0
2026-05-12 13:35:00,1.7790914,1.7790914,1.7740429,1.7750526,6936177.0823016735,12326027.0
2026-05-12 13:40:00,1.7760623,1.7790914,1.7730332,1.7740429,8312319.500841834,14767535.0
2026-05-12 13:45:00,1.7740429,1.7760623,1.7689944,1.7689944,8877112.013469348,15727851.0
2026-05-12 13:50:00,1.7689944,1.7720235,1.766975,1.7720235,7860393.186094879,13902581.0
2026-05-12 13:55:00,1.7720235,1.7740429,1.7679847,1.7679847,7895810.636822819,13977691.0
2026-05-12 14:00:00,1.7689944,1.777072,1.7679847,1.777072,11270941.863919975,19967996.0
2026-05-12 14:05:00,1.7760623,1.7801011,1.7750526,1.7780817,13886592.057046646,24687702.0
2026-05-12 14:10:00,1.7790914,1.7811108,1.7720235,1.7720235,10572120.43181143,18796076.0
2026-05-12 14:15:00,1.7730332,1.7740429,1.7689944,1.7710138,8461623.25443201,14991373.0
2026-05-12 14:20:00,1.7710138,1.7750526,1.7700041,1.7750526,7115629.394869763,12602415.0
2026-05-12 14:25:00,1.7750526,1.7760623,1.7720235,1.7720235,3913978.409428543,6943237.0
2026-05-12 14:30:00,1.7720235,1.7760623,1.7720235,1.7730332,4944841.041893631,8767481.0
2026-05-12 14:35:00,1.7740429,1.7790914,1.7730332,1.7780817,9332474.002178865,16574201.0
2026-05-12 14:40:00,1.7780817,1.7811108,1.777072,1.7780817,9450827.968703575,16810350.0
2026-05-12 14:45:00,1.7780817,1.7811108,1.777072,1.7811108,12211473.705060909,21728460.0
2026-05-12 14:50:00,1.7801011,1.7811108,1.777072,1.7780817,8957247.697335841,15935800.0
2026-05-12 14:55:00,1.7780817,1.7790914,1.7760623,1.7780817,16598608.497573536,29504236.0
2026-05-12 15:00:00,1.7780817,1.7780817,1.777072,1.7780817,10229084.876696048,18182602.0
2026-05-13 09:35:00,1.7427422000000001,1.7518295000000002,1.7387034000000001,1.7417325000000001,73299683.07418045,127914004.0
2026-05-13 09:40:00,1.7417325000000001,1.7649556000000002,1.7417325000000001,1.7649556000000002,39423666.43557492,69168410.0
2026-05-13 09:45:00,1.7649556000000002,1.7659653000000002,1.7528392000000002,1.7528392000000002,26602792.908784788,46832836.0
2026-05-13 09:50:00,1.7508198000000001,1.7548586000000002,1.7447616000000001,1.7508198000000001,35373283.1534119,61836680.0
2026-05-13 09:55:00,1.7508198000000001,1.7538489000000002,1.7457713000000001,1.7477907000000001,39870880.45954244,69739230.0
2026-05-13 10:00:00,1.7467810000000001,1.7477907000000001,1.7346646000000001,1.7346646000000001,38360701.198375754,66714476.0
2026-05-13 10:05:00,1.7346646000000001,1.7407228000000001,1.7296161,1.7407228000000001,38661037.93205903,67079720.0
2026-05-13 10:10:00,1.7417325000000001,1.7467810000000001,1.7387034000000001,1.7447616000000001,15637517.08428246,27258956.0
2026-05-13 10:15:00,1.7457713000000001,1.7498101000000001,1.7427422000000001,1.7477907000000001,12846781.22214519,22430340.0
2026-05-13 10:20:00,1.7477907000000001,1.7548586000000002,1.7467810000000001,1.7518295000000002,8454301.27760721,14803402.0
2026-05-13 10:25:00,1.7528392000000002,1.7548586000000002,1.7508198000000001,1.7548586000000002,26612657.22491829,46644308.0
2026-05-13 10:30:00,1.7538489000000002,1.7558683000000002,1.7508198000000001,1.7558683000000002,8813508.963058334,15452093.0
2026-05-13 10:35:00,1.7548586000000002,1.7629362000000002,1.7548586000000002,1.7619265000000002,10887821.134990592,19162022.0
2026-05-13 10:40:00,1.7629362000000002,1.7659653000000002,1.7588974000000002,1.7659653000000002,13395476.874319104,23599960.0
2026-05-13 10:45:00,1.7649556000000002,1.7649556000000002,1.7588974000000002,1.7599071000000002,8876116.668317322,15643687.0
2026-05-13 10:50:00,1.7599071000000002,1.7639459000000002,1.7588974000000002,1.7599071000000002,8969843.517876597,15801470.0
2026-05-13 10:55:00,1.7599071000000002,1.7629362000000002,1.7548586000000002,1.7619265000000002,8193027.6319698915,14407864.0
2026-05-13 11:00:00,1.7619265000000002,1.7649556000000002,1.7619265000000002,1.7629362000000002,3307147.6676240466,5830189.0
2026-05-13 11:05:00,1.7629362000000002,1.7710138,1.7619265000000002,1.7689944,8467626.02753293,14951752.0
2026-05-13 11:10:00,1.7689944,1.7700041,1.7649556000000002,1.7659653000000002,5999597.900366445,10597975.0
2026-05-13 11:15:00,1.7659653000000002,1.7720235,1.7649556000000002,1.7720235,6175437.25859166,10919474.0
2026-05-13 11:20:00,1.7720235,1.7831302,1.7720235,1.7831302,11421666.831732197,20308856.0
2026-05-13 11:25:00,1.7831302,1.7881787,1.7821205,1.7851496,17917902.34723185,31973100.0
2026-05-13 11:30:00,1.7861593,1.7891884,1.7831302,1.7831302,15433574.329008617,27554044.0
2026-05-13 13:05:00,1.7831302,1.8002951,1.7831302,1.7992854,37344541.94315143,67027010.0
2026-05-13 13:10:00,1.7992854,1.8053436,1.797266,1.8043339,23072833.514905415,41552508.0
2026-05-13 13:15:00,1.8043339,1.8053436,1.7982757,1.8023145,16025390.710111914,28872554.0
2026-05-13 13:20:00,1.8033242,1.8033242,1.797266,1.8023145,19201236.010696247,34547070.0
2026-05-13 13:25:00,1.8033242,1.807363,1.7992854,1.8002951,20745233.237595323,37428388.0
2026-05-13 13:30:00,1.8002951,1.8083727,1.7992854,1.8083727,18251001.28751114,32951054.0
2026-05-13 13:35:00,1.8083727,1.8093824,1.8043339,1.8063533,12546870.35753194,22667832.0
2026-05-13 13:40:00,1.8053436,1.8103921,1.8043339,1.8093824,29845811.627216004,53923190.0
2026-05-13 13:45:00,1.8083727,1.8124115,1.8083727,1.8124115,6699988.115281766,12132038.0
2026-05-13 13:50:00,1.8124115,1.8124115,1.8053436,1.8063533,19188978.904625136,34727090.0
2026-05-13 13:55:00,1.8083727,1.8124115,1.8053436,1.8093824,15243500.049519658,27583056.0
2026-05-13 14:00:00,1.8093824,1.8134212,1.8093824,1.8134212,14523032.583935821,26315130.0
2026-05-13 14:05:00,1.8134212,1.81746,1.8114018,1.8154406,11517520.055462018,20907558.0
2026-05-13 14:10:00,1.8154406,1.8164503,1.8093824,1.8164503,21471237.00108943,38932210.0
2026-05-13 14:15:00,1.8154406,1.81746,1.8144309,1.8154406,10325977.022878082,18750804.0
2026-05-13 14:20:00,1.8154406,1.8184697,1.8144309,1.81746,23698219.2730514,43057692.0
2026-05-13 14:25:00,1.81746,1.8194794,1.8154406,1.8184697,9112654.253738733,16562896.0
2026-05-13 14:30:00,1.8184697,1.8204891,1.81746,1.8194794,6215623.452510647,11306691.0
2026-05-13 14:35:00,1.8194794,1.8255376,1.8184697,1.8245279,15636522.72952362,28487600.0
2026-05-13 14:40:00,1.8245279,1.827557,1.8235182,1.8255376,8693125.680895315,15869910.0
2026-05-13 14:45:00,1.8255376,1.8265473,1.8225085,1.8265473,8279584.034861839,15107833.0
2026-05-13 14:50:00,1.8255376,1.8265473,1.8214988,1.8235182,9695854.214123007,17671898.0
2026-05-13 14:55:00,1.8225085,1.8235182,1.8194794,1.8225085,19850638.80360503,36164340.0
2026-05-13 15:00:00,1.8235182,1.8265473,1.8225085,1.8255376,16591865.900762603,30271158.0
2026-05-14 09:35:00,1.8457316000000001,1.8578480000000002,1.8356346000000001,1.8366443000000001,71616136.47618105,132348869.0
2026-05-14 09:40:00,1.8366443000000001,1.8386637000000001,1.8235182,1.8265473,51587584.43101911,94492740.0
2026-05-14 09:45:00,1.8245279,1.8305861,1.8134212,1.8245279,38183274.23987323,69591400.0
2026-05-14 09:50:00,1.8225085,1.8295764,1.8204891,1.8285667,24314560.760621965,44373760.0
2026-05-14 09:55:00,1.8285667,1.8285667,1.8083727,1.8093824,30820901.257799346,56088610.0
2026-05-14 10:00:00,1.8083727,1.8124115,1.8023145,1.8114018,42752187.778548084,77245816.0
2026-05-14 10:05:00,1.8114018,1.8194794,1.8053436,1.8194794,26511870.85272853,48051628.0
2026-05-14 10:10:00,1.8194794,1.8194794,1.8103921,1.8144309,18374332.970189165,33340380.0
2026-05-14 10:15:00,1.8134212,1.8134212,1.8002951,1.8093824,27075887.887491334,48906110.0
2026-05-14 10:20:00,1.8093824,1.8164503,1.8053436,1.8053436,32321497.474497374,58575730.0
2026-05-14 10:25:00,1.8063533,1.8144309,1.8043339,1.8103921,17695632.36604932,32012118.0
2026-05-14 10:30:00,1.8114018,1.8154406,1.8103921,1.8103921,15300188.174705358,27735756.0
2026-05-14 10:35:00,1.8093824,1.8164503,1.807363,1.8144309,17265920.570466474,31270400.0
2026-05-14 10:40:00,1.8134212,1.8144309,1.8023145,1.8033242,15823508.963058334,28603636.0
2026-05-14 10:45:00,1.8033242,1.8033242,1.7932272,1.7982757,22887594.334950976,41137052.0
2026-05-14 10:50:00,1.7992854,1.8114018,1.797266,1.8114018,15873356.442507675,28634340.0
2026-05-14 10:55:00,1.8114018,1.8144309,1.8033242,1.8043339,9313657.522036249,16843468.0
2026-05-14 11:00:00,1.8043339,1.8103921,1.8043339,1.807363,12843228.68178667,23217228.0
2026-05-14 11:05:00,1.8063533,1.807363,1.7962563,1.7962563,7121917.40120828,12820803.0
2026-05-14 11:10:00,1.7962563,1.797266,1.7901981,1.7922175,13960186.193918984,25040532.0
2026-05-14 11:15:00,1.7922175,1.7922175,1.7821205,1.7831302,19209119.54045756,34306570.0
2026-05-14 11:20:00,1.7831302,1.7901981,1.7780817,1.7851496,26352425.472912744,47009510.0
2026-05-14 11:25:00,1.7851496,1.7912078,1.7821205,1.7881787,26877983.55947311,48010584.0
2026-05-14 11:30:00,1.7891884,1.7992854,1.7891884,1.797266,7156482.12340299,12849222.0
2026-05-14 13:05:00,1.7962563,1.8043339,1.7922175,1.8002951,18304850.94582549,32905484.0
2026-05-14 13:10:00,1.8002951,1.8114018,1.7982757,1.8114018,15988973.952659205,28860284.0
2026-05-14 13:15:00,1.8103921,1.8134212,1.8053436,1.8114018,17444783.599088836,31572606.0
2026-05-14 13:20:00,1.8124115,1.8134212,1.8053436,1.8103921,26454293.35446172,47865196.0
2026-05-14 13:25:00,1.8093824,1.8214988,1.8083727,1.8204891,17907315.044072498,32520650.0
2026-05-14 13:30:00,1.8204891,1.8204891,1.8114018,1.8134212,6994351.787659701,12698135.0
2026-05-14 13:35:00,1.8144309,1.8144309,1.7952466,1.7962563,71822917.69832623,129494800.0
2026-05-14 13:40:00,1.7952466,1.8033242,1.7952466,1.7982757,7956011.686639596,14312516.0
2026-05-14 13:45:00,1.7992854,1.8013048,1.7952466,1.8002951,9474497.375458056,17032012.0
2026-05-14 13:50:00,1.8013048,1.8083727,1.8002951,1.8053436,8374404.278498564,15108516.0
2026-05-14 13:55:00,1.8063533,1.8103921,1.8063533,1.8103921,8600376.349410716,15552383.0
2026-05-14 14:00:00,1.8103921,1.8103921,1.8043339,1.807363,9242472.021392493,16707544.0
2026-05-14 14:05:00,1.807363,1.8093824,1.8063533,1.8093824,6401444.983658512,11573059.0
2026-05-14 14:10:00,1.8093824,1.8164503,1.8083727,1.8164503,11567492.324452808,20972988.0
2026-05-14 14:15:00,1.8164503,1.81746,1.8134212,1.81746,20420469.446370207,37082330.0
2026-05-14 14:20:00,1.81746,1.8204891,1.81746,1.81746,17183222.73942755,31252634.0
2026-05-14 14:25:00,1.81746,1.8235182,1.8124115,1.8124115,15429239.37803308,28038928.0
2026-05-14 14:30:00,1.8124115,1.8134212,1.8093824,1.8103921,28271169.654352777,51189330.0
2026-05-14 14:35:00,1.8103921,1.8124115,1.8043339,1.8053436,10570070.317916213,19112676.0
2026-05-14 14:40:00,1.8033242,1.8053436,1.8002951,1.8033242,8296419.728632267,14958966.0
2026-05-14 14:45:00,1.8033242,1.8053436,1.7952466,1.7962563,9257852.827572545,16654819.0
2026-05-14 14:50:00,1.7962563,1.797266,1.7881787,1.7891884,14996766.366247399,26890028.0
2026-05-14 14:55:00,1.7891884,1.7922175,1.7821205,1.7831302,30590309.993067246,54664004.0
2026-05-14 15:00:00,1.7821205,1.7831302,1.777072,1.7790914,20985956.224621173,37348456.0
2026-05-15 09:35:00,1.7710138,1.7992854,1.7710138,1.7861593,56019159.156185,100163705.0
2026-05-15 09:40:00,1.7861593,1.7861593,1.7629362000000002,1.7750526,62530430.82103595,110915890.0
2026-05-15 09:45:00,1.7750526,1.777072,1.7619265000000002,1.7639459000000002,46562513.61790631,82329690.0
2026-05-15 09:50:00,1.7629362000000002,1.7639459000000002,1.7437519000000001,1.7457713000000001,62983064.27651778,110390610.0
2026-05-15 09:55:00,1.7467810000000001,1.7518295000000002,1.7346646000000001,1.7477907000000001,84957234.82222442,148011700.0
2026-05-15 10:00:00,1.7488004000000001,1.7498101000000001,1.7296161,1.7316355,32490418.936317716,56425916.0
2026-05-15 10:05:00,1.7306258,1.7366840000000001,1.7215385,1.7346646000000001,38135034.168564916,65885148.0
2026-05-15 10:10:00,1.7346646000000001,1.7417325000000001,1.7306258,1.7407228000000001,32593134.59443399,56569772.0
2026-05-15 10:15:00,1.7417325000000001,1.7467810000000001,1.7356743000000001,1.7467810000000001,20543412.894919284,35752370.0
2026-05-15 10:20:00,1.7477907000000001,1.7518295000000002,1.7417325000000001,1.7457713000000001,13682281.865900762,23922264.0
2026-05-15 10:25:00,1.7437519000000001,1.7528392000000002,1.7437519000000001,1.7508198000000001,20108150.93592156,35184820.0
2026-05-15 10:30:00,1.7508198000000001,1.7558683000000002,1.7488004000000001,1.7488004000000001,13732869.169060117,24063256.0
2026-05-15 10:35:00,1.7488004000000001,1.7689944,1.7488004000000001,1.766975,19089975.24017035,33607956.0
2026-05-15 10:40:00,1.7679847,1.7689944,1.7508198000000001,1.7518295000000002,35333762.50371397,62106492.0
2026-05-15 10:45:00,1.7518295000000002,1.7720235,1.7518295000000002,1.7710138,20770311.973853618,36670610.0
2026-05-15 10:50:00,1.7710138,1.7851496,1.7710138,1.7831302,27991993.66148361,49827410.0
2026-05-15 10:55:00,1.7821205,1.8002951,1.7801011,1.7982757,23178740.219867285,41535840.0
2026-05-15 11:00:00,1.7992854,1.8033242,1.7962563,1.7962563,32207285.332276914,57949484.0
2026-05-15 11:05:00,1.797266,1.8124115,1.7952466,1.8114018,22840023.769436464,41247510.0
2026-05-15 11:10:00,1.8103921,1.8164503,1.8103921,1.8144309,25843446.568287607,46854584.0
2026-05-15 11:15:00,1.8154406,1.8255376,1.8103921,1.8204891,17227275.42834505,31323160.0
2026-05-15 11:20:00,1.8214988,1.8255376,1.807363,1.8103921,37706348.420322865,68387410.0
2026-05-15 11:25:00,1.8114018,1.8114018,1.7912078,1.8043339,22108547.093195997,39743910.0
2026-05-15 11:30:00,1.8063533,1.807363,1.7942369,1.7992854,18462858.27473507,33220120.0
2026-05-15 13:05:00,1.7992854,1.7992854,1.7720235,1.7750526,56345746.26126572,100390424.0
2026-05-15 13:10:00,1.7760623,1.7760623,1.7679847,1.7679847,22448255.917599287,39762868.0
2026-05-15 13:15:00,1.7679847,1.7750526,1.7679847,1.7730332,12398999.702882044,21973868.0
2026-05-15 13:20:00,1.7720235,1.7750526,1.7700041,1.7720235,7446172.130335743,13200818.0
2026-05-15 13:25:00,1.7730332,1.7750526,1.7710138,1.7740429,8635931.464791521,15309554.0
2026-05-15 13:30:00,1.7730332,1.777072,1.7679847,1.7760623,21042262.05803704,37302504.0
2026-05-15 13:35:00,1.7750526,1.7760623,1.7629362000000002,1.7659653000000002,27520400.11884718,48629788.0
2026-05-15 13:40:00,1.7659653000000002,1.7679847,1.7619265000000002,1.7659653000000002,16376797.068436168,28903284.0
2026-05-15 13:45:00,1.7649556000000002,1.7649556000000002,1.7518295000000002,1.7538489000000002,28443846.68713479,49932076.0
2026-05-15 13:50:00,1.7538489000000002,1.7568780000000002,1.7518295000000002,1.7538489000000002,20668020.204020996,36253664.0
2026-05-15 13:55:00,1.7538489000000002,1.7578877000000002,1.7498101000000001,1.7568780000000002,18915406.556402892,33145340.0
2026-05-15 14:00:00,1.7568780000000002,1.7609168000000002,1.7457713000000001,1.7467810000000001,26132720.6100822,45793640.0
2026-05-15 14:05:00,1.7467810000000001,1.7477907000000001,1.7417325000000001,1.7427422000000001,29574594.433990292,51606440.0
2026-05-15 14:10:00,1.7417325000000001,1.7477907000000001,1.7407228000000001,1.7477907000000001,23348182.628503516,40720110.0
2026-05-15 14:15:00,1.7477907000000001,1.7538489000000002,1.7427422000000001,1.7447616000000001,28839603.84272556,50369420.0
2026-05-15 14:20:00,1.7447616000000001,1.7528392000000002,1.7427422000000001,1.7467810000000001,49561113.20194117,86610824.0
2026-05-15 14:25:00,1.7467810000000001,1.7467810000000001,1.7376937000000001,1.7407228000000001,35051411.31029018,61078708.0
2026-05-15 14:30:00,1.7387034000000001,1.7427422000000001,1.7376937000000001,1.7376937000000001,22987176.389026444,39985504.0
2026-05-15 14:35:00,1.7387034000000001,1.7417325000000001,1.7296161,1.7326452,38077872.63543627,66058896.0
2026-05-15 14:40:00,1.7326452,1.7427422000000001,1.7326452,1.7417325000000001,23543048.4302268,40925956.0
2026-05-15 14:45:00,1.7427422000000001,1.7508198000000001,1.7387034000000001,1.7508198000000001,29534222.04615232,51566388.0
2026-05-15 14:50:00,1.7508198000000001,1.7599071000000002,1.7508198000000001,1.7518295000000002,21132762.206596017,37089416.0
2026-05-15 14:55:00,1.7528392000000002,1.7558683000000002,1.7498101000000001,1.7498101000000001,22186235.51549965,38873296.0
2026-05-15 15:00:00,1.7488004000000001,1.7518295000000002,1.7488004000000001,1.7498101000000001,14169797.959790036,24796452.0
2026-05-18 09:35:00,1.726587,1.7639459000000002,1.726587,1.7457713000000001,66092961.27562642,115701575.0
2026-05-18 09:40:00,1.7457713000000001,1.7730332,1.7366840000000001,1.7730332,77336387.04565713,135469740.0
2026-05-18 09:45:00,1.7720235,1.7801011,1.766975,1.7720235,73117510.15153016,129748310.0
2026-05-18 09:50:00,1.7700041,1.7912078,1.7659653000000002,1.7912078,43451536.09983163,77188080.0
2026-05-18 09:55:00,1.7912078,1.7932272,1.787169,1.7912078,42677611.171635136,76395704.0
2026-05-18 10:00:00,1.7932272,1.7992854,1.7922175,1.7982757,43269802.911755964,77689130.0
2026-05-18 10:05:00,1.797266,1.8033242,1.7932272,1.797266,40461586.60988412,72747064.0
2026-05-18 10:10:00,1.7982757,1.8002951,1.7861593,1.7912078,36219090.81905516,64967252.0
2026-05-18 10:15:00,1.7912078,1.7932272,1.7821205,1.7932272,29255030.206992175,52283424.0
2026-05-18 10:20:00,1.7922175,1.7942369,1.7831302,1.7881787,25095531.345944338,44869132.0
2026-05-18 10:25:00,1.7891884,1.7901981,1.7831302,1.7891884,17128065.762107555,30610604.0
2026-05-18 10:30:00,1.7901981,1.7912078,1.7780817,1.7780817,15493116.76735664,27649478.0
2026-05-18 10:35:00,1.7780817,1.7841399,1.7780817,1.7790914,22160198.078637216,39458092.0
2026-05-18 10:40:00,1.7790914,1.7881787,1.7780817,1.7861593,15439175.002475983,27568744.0
2026-05-18 10:45:00,1.787169,1.7891884,1.7821205,1.7821205,11866152.322472021,21189224.0
2026-05-18 10:50:00,1.7831302,1.7881787,1.7821205,1.7831302,10756397.939982172,19205552.0
2026-05-18 10:55:00,1.7831302,1.787169,1.7730332,1.7730332,14656669.307715163,26102180.0
2026-05-18 11:00:00,1.7740429,1.777072,1.7689944,1.7710138,21335402.594830148,37822050.0
2026-05-18 11:05:00,1.7710138,1.7750526,1.7679847,1.7750526,19729305.734376546,34965340.0
2026-05-18 11:10:00,1.7750526,1.7780817,1.7730332,1.777072,23263321.77874616,41312024.0
2026-05-18 11:15:00,1.777072,1.777072,1.7639459000000002,1.7639459000000002,32858472.81370704,58097556.0
2026-05-18 11:20:00,1.7639459000000002,1.7679847,1.7619265000000002,1.7659653000000002,10522036.248390611,18575798.0
2026-05-18 11:25:00,1.7659653000000002,1.7659653000000002,1.7588974000000002,1.7588974000000002,7448152.916707933,13119049.0
2026-05-18 11:30:00,1.7588974000000002,1.766975,1.7578877000000002,1.766975,6059643.458453005,10682892.0
2026-05-18 13:05:00,1.7659653000000002,1.7730332,1.7619265000000002,1.7720235,33627584.43101911,59502056.0
2026-05-18 13:10:00,1.7730332,1.7750526,1.7689944,1.7720235,9267109.042289788,16431878.0
2026-05-18 13:15:00,1.7720235,1.7720235,1.7659653000000002,1.7659653000000002,8928691.690601168,15801576.0
2026-05-18 13:20:00,1.7659653000000002,1.7659653000000002,1.7609168000000002,1.7639459000000002,8946716.846588096,15784929.0
2026-05-18 13:25:00,1.7629362000000002,1.7649556000000002,1.7599071000000002,1.7649556000000002,6395869.070020798,11272773.0
2026-05-18 13:30:00,1.7649556000000002,1.7659653000000002,1.7619265000000002,1.7649556000000002,15138113.300980488,26712572.0
2026-05-18 13:35:00,1.7659653000000002,1.7710138,1.7639459000000002,1.766975,11766808.953154402,20801292.0
2026-05-18 13:40:00,1.766975,1.7750526,1.766975,1.7720235,16944617.21303357,30018200.0
2026-05-18 13:45:00,1.7710138,1.7720235,1.766975,1.7679847,4617906.308804595,8171434.0
2026-05-18 13:50:00,1.7659653000000002,1.766975,1.7629362000000002,1.7639459000000002,4462711.696543528,7878422.0
2026-05-18 13:55:00,1.7639459000000002,1.7639459000000002,1.7599071000000002,1.7599071000000002,5005887.887491334,8819185.0
2026-05-18 14:00:00,1.7599071000000002,1.7599071000000002,1.7528392000000002,1.7548586000000002,13921758.938298505,24442798.0
2026-05-18 14:05:00,1.7538489000000002,1.7538489000000002,1.7498101000000001,1.7508198000000001,21121727.24571655,36999580.0
2026-05-18 14:10:00,1.7498101000000001,1.7568780000000002,1.7457713000000001,1.7548586000000002,26504549.866296917,46405920.0
2026-05-18 14:15:00,1.7548586000000002,1.7588974000000002,1.7528392000000002,1.7568780000000002,14242726.55244132,25014208.0
2026-05-18 14:20:00,1.7558683000000002,1.7599071000000002,1.7548586000000002,1.7599071000000002,17458001.38655046,30663492.0
2026-05-18 14:25:00,1.7599071000000002,1.7619265000000002,1.7558683000000002,1.7599071000000002,7651287.511141923,13462008.0
2026-05-18 14:30:00,1.7599071000000002,1.7599071000000002,1.7538489000000002,1.7568780000000002,9076968.406457363,15946840.0
2026-05-18 14:35:00,1.7558683000000002,1.7568780000000002,1.7528392000000002,1.7548586000000002,7530652.669109636,13214455.0
2026-05-18 14:40:00,1.7548586000000002,1.7568780000000002,1.7538489000000002,1.7548586000000002,11830975.537288303,20764964.0
2026-05-18 14:45:00,1.7558683000000002,1.7558683000000002,1.7508198000000001,1.7538489000000002,22413588.19451322,39281932.0
2026-05-18 14:50:00,1.7538489000000002,1.7619265000000002,1.7538489000000002,1.7619265000000002,21070141.62622561,37005220.0
2026-05-18 14:55:00,1.7619265000000002,1.7649556000000002,1.7619265000000002,1.7639459000000002,9264013.073190056,16335814.0
2026-05-18 15:00:00,1.7639459000000002,1.7649556000000002,1.7619265000000002,1.7639459000000002,10704281.469743488,18878164.0
2026-05-19 09:35:00,1.7488004000000001,1.7538489000000002,1.7316355,1.7407228000000001,56423880.360503115,98071163.0
2026-05-19 09:40:00,1.7407228000000001,1.766975,1.7407228000000001,1.7659653000000002,48883684.26265227,85871500.0
2026-05-19 09:45:00,1.7649556000000002,1.7649556000000002,1.7558683000000002,1.7578877000000002,38619629.5929484,68022344.0
2026-05-19 09:50:00,1.7578877000000002,1.7609168000000002,1.7467810000000001,1.7488004000000001,46216965.435277805,81023736.0
2026-05-19 09:55:00,1.7488004000000001,1.7518295000000002,1.7417325000000001,1.7417325000000001,45634430.0287214,79737180.0
2026-05-19 10:00:00,1.7407228000000001,1.7488004000000001,1.7366840000000001,1.7387034000000001,39196644.54788551,68245540.0
2026-05-19 10:05:00,1.7387034000000001,1.7417325000000001,1.7296161,1.7306258,50549565.217391305,87727780.0
2026-05-19 10:10:00,1.7296161,1.7376937000000001,1.726587,1.726587,34273491.135980986,59322850.0
2026-05-19 10:15:00,1.7275967,1.7316355,1.7225482,1.7225482,28156525.700703178,48629710.0
2026-05-19 10:20:00,1.7225482,1.7387034000000001,1.7225482,1.7356743000000001,21799128.453996237,37680980.0
2026-05-19 10:25:00,1.7346646000000001,1.7467810000000001,1.7346646000000001,1.7457713000000001,25974212.14222046,45246476.0
2026-05-19 10:30:00,1.7447616000000001,1.7548586000000002,1.7387034000000001,1.7387034000000001,41200875.5075765,71961600.0
2026-05-19 10:35:00,1.7376937000000001,1.7558683000000002,1.7366840000000001,1.7528392000000002,31422113.499059126,55007544.0
2026-05-19 10:40:00,1.7538489000000002,1.7629362000000002,1.7508198000000001,1.7599071000000002,32978112.3105873,57967100.0
2026-05-19 10:45:00,1.7588974000000002,1.7679847,1.7558683000000002,1.766975,34429751.411310285,60699436.0
2026-05-19 10:50:00,1.7659653000000002,1.7659653000000002,1.7558683000000002,1.7609168000000002,32975442.21055759,58085656.0
2026-05-19 10:55:00,1.7609168000000002,1.7649556000000002,1.7548586000000002,1.7578877000000002,25155192.631474696,44289308.0
2026-05-19 11:00:00,1.7588974000000002,1.7609168000000002,1.7467810000000001,1.7548586000000002,21386419.728632268,37505316.0
2026-05-19 11:05:00,1.7548586000000002,1.7599071000000002,1.7528392000000002,1.7588974000000002,16227988.51143904,28504328.0
2026-05-19 11:10:00,1.7588974000000002,1.7629362000000002,1.7568780000000002,1.7599071000000002,12561784.688521342,22098048.0
2026-05-19 11:15:00,1.7599071000000002,1.7700041,1.7588974000000002,1.7679847,23228792.71070615,41027372.0
2026-05-19 11:20:00,1.766975,1.7700041,1.7649556000000002,1.7689944,15995543.230662573,28266988.0
2026-05-19 11:25:00,1.7679847,1.7740429,1.7649556000000002,1.7730332,27407744.87471526,48522810.0
2026-05-19 11:30:00,1.7730332,1.7831302,1.7730332,1.7801011,23355105.476874318,41549610.0
2026-05-19 13:05:00,1.7790914,1.7801011,1.7619265000000002,1.7639459000000002,24412169.951470733,43229496.0
2026-05-19 13:10:00,1.7639459000000002,1.7700041,1.7629362000000002,1.7679847,19946487.075368922,35251830.0
2026-05-19 13:15:00,1.7659653000000002,1.777072,1.7649556000000002,1.7760623,14384248.786768347,25477606.0
2026-05-19 13:20:00,1.7760623,1.7821205,1.7730332,1.7780817,12811913.439635536,22770860.0
2026-05-19 13:25:00,1.7790914,1.7831302,1.7760623,1.7811108,24107322.967217986,42921604.0
2026-05-19 13:30:00,1.7811108,1.7861593,1.7790914,1.7841399,11391239.972268991,20316708.0
2026-05-19 13:35:00,1.7841399,1.787169,1.7821205,1.7851496,19285264.93017728,34418664.0
2026-05-19 13:40:00,1.7851496,1.7922175,1.7831302,1.7901981,20978865.009408735,37492524.0
2026-05-19 13:45:00,1.7901981,1.7901981,1.7841399,1.7851496,16336330.593245517,29183556.0
2026-05-19 13:50:00,1.7851496,1.7891884,1.7811108,1.7891884,16460404.080419926,29390616.0
2026-05-19 13:55:00,1.7891884,1.7942369,1.787169,1.7932272,16400812.122412598,29374316.0
2026-05-19 14:00:00,1.7932272,1.7952466,1.7891884,1.7932272,12015846.290977517,21539816.0
2026-05-19 14:05:00,1.7922175,1.797266,1.7891884,1.797266,20961033.970486283,37619920.0
2026-05-19 14:10:00,1.797266,1.7982757,1.7912078,1.7912078,7391372.684955928,13267936.0
2026-05-19 14:15:00,1.7912078,1.8013048,1.7912078,1.7992854,18203692.185797762,32742496.0
2026-05-19 14:20:00,1.7992854,1.8114018,1.7992854,1.8103921,27469856.392988015,49585250.0
2026-05-19 14:25:00,1.8103921,1.81746,1.8083727,1.8164503,23802190.74972764,43183280.0
2026-05-19 14:30:00,1.8164503,1.8204891,1.8154406,1.8164503,35626475.19065069,64767420.0
2026-05-19 14:35:00,1.8154406,1.8225085,1.8154406,1.8214988,27513110.824997522,50066680.0
2026-05-19 14:40:00,1.8214988,1.8255376,1.8164503,1.8245279,18943111.81539071,34518144.0
2026-05-19 14:45:00,1.8255376,1.8265473,1.8225085,1.8265473,18916850.54966822,34519930.0
2026-05-19 14:50:00,1.8265473,1.8315958,1.8255376,1.8315958,21102117.46063187,38579260.0
2026-05-19 14:55:00,1.8315958,1.8326055,1.8295764,1.8305861,27685811.627216004,50695876.0
2026-05-19 15:00:00,1.8295764,1.8326055,1.8295764,1.8326055,16080826.97831039,29447698.0
2026-05-20 09:35:00,1.8225085,1.8507801000000002,1.81746,1.8437122000000001,77736436.56531642,142851645.0
2026-05-20 09:40:00,1.8427025000000001,1.8578480000000002,1.8427025000000001,1.8538092000000002,82644399.32653263,152856830.0
2026-05-20 09:45:00,1.8558286000000002,1.8558286000000002,1.8437122000000001,1.8538092000000002,68277716.15331286,126393970.0
2026-05-20 09:50:00,1.8527995,1.8628965,1.8477510000000001,1.8598674000000002,35605205.50658611,66073544.0
2026-05-20 09:55:00,1.8588577,1.8709741,1.8548189,1.8689547,44052463.107853815,82158216.0
2026-05-20 10:00:00,1.8699644000000002,1.8790517,1.8689547,1.8699644000000002,43454535.010399126,81385050.0
2026-05-20 10:05:00,1.8679450000000002,1.8679450000000002,1.8568383,1.8618868000000002,25112770.129741505,46760616.0
2026-05-20 10:10:00,1.8608771,1.8639062000000002,1.8538092000000002,1.8578480000000002,35535533.32673071,66032490.0
2026-05-20 10:15:00,1.8578480000000002,1.8588577,1.8477510000000001,1.8558286000000002,41360711.10230762,76616450.0
2026-05-20 10:20:00,1.8558286000000002,1.8689547,1.8548189,1.8669353,34353045.45904724,63969176.0
2026-05-20 10:25:00,1.8669353,1.8719838000000002,1.8618868000000002,1.8709741,30370040.606120627,56732436.0
2026-05-20 10:30:00,1.8729935,1.8760226000000002,1.8669353,1.8709741,41024605.32831534,76827250.0
2026-05-20 10:35:00,1.8709741,1.8719838000000002,1.8608771,1.8709741,17896046.350401107,33404584.0
2026-05-20 10:40:00,1.8709741,1.8770323,1.8709741,1.8770323,17479698.920471426,32751752.0
2026-05-20 10:45:00,1.8770323,1.8800614000000002,1.8639062000000002,1.8659256000000002,19514067.54481529,36547332.0
2026-05-20 10:50:00,1.8659256000000002,1.8669353,1.8578480000000002,1.8649159,15366049.321580667,28606726.0
2026-05-20 10:55:00,1.8659256000000002,1.8709741,1.8608771,1.8659256000000002,42988689.709814794,80221000.0
2026-05-20 11:00:00,1.8659256000000002,1.8729935,1.8649159,1.8679450000000002,12111649.004654847,22635726.0
2026-05-20 11:05:00,1.8699644000000002,1.8719838000000002,1.8588577,1.8598674000000002,22595765.078736257,42157470.0
2026-05-20 11:10:00,1.8608771,1.8669353,1.8588577,1.8618868000000002,19473308.903634742,36290630.0
2026-05-20 11:15:00,1.8618868000000002,1.8628965,1.8558286000000002,1.8598674000000002,14595820.54075468,27138300.0
2026-05-20 11:20:00,1.8598674000000002,1.8669353,1.8598674000000002,1.8669353,11855117.361592552,22092256.0
2026-05-20 11:25:00,1.8659256000000002,1.8740032000000002,1.8659256000000002,1.8729935,11940689.313657522,22336624.0
2026-05-20 11:30:00,1.8709741,1.8740032000000002,1.8659256000000002,1.8679450000000002,14663163.315836387,27438632.0
2026-05-20 13:05:00,1.8669353,1.8790517,1.8669353,1.8780420000000002,38009398.83133604,71236950.0
2026-05-20 13:10:00,1.8780420000000002,1.8861196000000002,1.8770323,1.8810711,25232284.83708032,47475676.0
2026-05-20 13:15:00,1.8810711,1.8851099,1.8780420000000002,1.8841002000000002,16616210.75567,31278052.0
2026-05-20 13:20:00,1.8841002000000002,1.8911681,1.8830905,1.8861196000000002,20516228.58274735,38726200.0
2026-05-20 13:25:00,1.8871293,1.8891487,1.8800614000000002,1.8820808000000002,19804028.91948103,37300940.0
2026-05-20 13:30:00,1.8820808000000002,1.8820808000000002,1.8709741,1.8719838000000002,16527187.28335149,31040956.0
2026-05-20 13:35:00,1.8729935,1.8790517,1.8689547,1.8770323,16530523.917995444,30995944.0
2026-05-20 13:40:00,1.8780420000000002,1.8841002000000002,1.8770323,1.8830905,9852028.325245121,18516504.0
2026-05-20 13:45:00,1.8841002000000002,1.8881390000000002,1.8790517,1.8790517,17158898.682777062,32315894.0
2026-05-20 13:50:00,1.8810711,1.8810711,1.8760226000000002,1.8800614000000002,8527595.325344162,16023985.0
2026-05-20 13:55:00,1.8810711,1.8841002000000002,1.8790517,1.8841002000000002,5562633.455481826,10468580.0
2026-05-20 14:00:00,1.8851099,1.8881390000000002,1.8820808000000002,1.8841002000000002,13158987.81816381,24798680.0
2026-05-20 14:05:00,1.8841002000000002,1.8921778000000002,1.8820808000000002,1.8911681,28773528.770922054,54301350.0
2026-05-20 14:10:00,1.8911681,1.8911681,1.8780420000000002,1.8800614000000002,17984755.868079625,33892668.0
2026-05-20 14:15:00,1.8790517,1.8800614000000002,1.8750129,1.8780420000000002,19319764.28642171,36270156.0
2026-05-20 14:20:00,1.8770323,1.8800614000000002,1.8740032000000002,1.8800614000000002,13197426.958502525,24754510.0
2026-05-20 14:25:00,1.8800614000000002,1.8810711,1.8760226000000002,1.8780420000000002,6981083.490145587,13115590.0
2026-05-20 14:30:00,1.8790517,1.8790517,1.8740032000000002,1.8770323,10416782.212538376,19538404.0
2026-05-20 14:35:00,1.8770323,1.8830905,1.8770323,1.8830905,9816690.10597207,18452670.0
2026-05-20 14:40:00,1.8830905,1.8851099,1.8800614000000002,1.8810711,15172465.088640189,28568528.0
2026-05-20 14:45:00,1.8830905,1.8871293,1.8820808000000002,1.8830905,11736051.302367039,22116562.0
2026-05-20 14:50:00,1.8830905,1.8861196000000002,1.8810711,1.8841002000000002,10437453.699118549,19662468.0
2026-05-20 14:55:00,1.8841002000000002,1.8901584000000002,1.8841002000000002,1.8901584000000002,11750365.455085669,22176524.0
2026-05-20 15:00:00,1.8891487,1.8901584000000002,1.8871293,1.8881390000000002,17336634.643953647,32745150.0
2026-05-21 09:35:00,1.9214591,1.9426628,1.9204494,1.9234785,83329008.61642072,160852178.0
2026-05-21 09:40:00,1.9224688,1.9224688,1.9002554,1.9093427,79086540.55660097,150863760.0
2026-05-21 09:45:00,1.9073233,1.9143912,1.9012651,1.9042942,54570335.74329008,104051310.0
2026-05-21 09:50:00,1.9042942,1.9204494,1.9042942,1.9204494,51119203.723878376,97772660.0
2026-05-21 09:55:00,1.9204494,1.9244882,1.9133815,1.9164106,48798890.759631574,93666060.0
2026-05-21 10:00:00,1.9164106,1.9355949000000001,1.9164106,1.9345852000000001,46214649.896008715,89033730.0
2026-05-21 10:05:00,1.9335755000000001,1.9376143000000001,1.9234785,1.9234785,64991724.27453699,125631020.0
2026-05-21 10:10:00,1.9234785,1.9376143000000001,1.9224688,1.9265076,33235321.382588886,64235350.0
2026-05-21 10:15:00,1.9265076,1.9406434,1.9265076,1.9295367,43405760.126770325,84017700.0
2026-05-21 10:20:00,1.9295367,1.9406434,1.9265076,1.9396337000000001,29989262.15707636,58031504.0
2026-05-21 10:25:00,1.9406434,1.9436725000000001,1.9345852000000001,1.9426628,24353669.40675448,47278504.0
2026-05-21 10:30:00,1.9446822,1.948721,1.9426628,1.9477113000000001,28938968.01030009,56303310.0
2026-05-21 10:35:00,1.9477113000000001,1.9517501000000002,1.9436725000000001,1.9467016,29624494.4042785,57716660.0
2026-05-21 10:40:00,1.9467016,1.9497307000000001,1.9295367,1.9305464,49325829.454293355,95710680.0
2026-05-21 10:45:00,1.9305464,1.9355949000000001,1.9224688,1.9244882,22308521.342973158,43035610.0
2026-05-21 10:50:00,1.9224688,1.9265076,1.91843,1.9204494,32049283.94572645,61612456.0
2026-05-21 10:55:00,1.9214591,1.9295367,1.9123718,1.9143912,19576398.93037536,37619750.0
2026-05-21 11:00:00,1.9133815,1.9174203,1.9123718,1.9154009,15403783.301970882,29498770.0
2026-05-21 11:05:00,1.9123718,1.9204494,1.9113621,1.91843,18213562.44429038,34895588.0
2026-05-21 11:10:00,1.9174203,1.91843,1.9063136,1.908333,25186027.53293057,48100000.0
2026-05-21 11:15:00,1.908333,1.908333,1.8952069,1.8962166,33142989.006635632,63019004.0
2026-05-21 11:20:00,1.8972263,1.9022748,1.8901584000000002,1.8952069,48901008.220263444,92764910.0
2026-05-21 11:25:00,1.8962166,1.9032845,1.8952069,1.9002554,11333069.228483707,21527096.0
2026-05-21 11:30:00,1.8992457,1.8992457,1.8861196000000002,1.8861196000000002,16151034.96087947,30542940.0
2026-05-21 13:05:00,1.8871293,1.9002554,1.8841002000000002,1.8972263,21179209.666237496,40081668.0
2026-05-21 13:10:00,1.8972263,1.898236,1.8851099,1.8851099,22008121.224125978,41654964.0
2026-05-21 13:15:00,1.8851099,1.8911681,1.8820808000000002,1.8881390000000002,12492890.95771021,23561420.0
2026-05-21 13:20:00,1.8881390000000002,1.9002554,1.8881390000000002,1.9002554,14078037.04070516,26678624.0
2026-05-21 13:25:00,1.9002554,1.9012651,1.8941972,1.9012651,13706020.60017827,26019098.0
2026-05-21 13:30:00,1.9012651,1.9012651,1.8952069,1.8962166,10836188.967019906,20572948.0
2026-05-21 13:35:00,1.8952069,1.8952069,1.8841002000000002,1.8841002000000002,14537090.224819252,27452284.0
2026-05-21 13:40:00,1.8841002000000002,1.8931875,1.8841002000000002,1.8901584000000002,9350241.655937407,17657084.0
2026-05-21 13:45:00,1.8901584000000002,1.8972263,1.8861196000000002,1.8972263,6207679.508764979,11743980.0
2026-05-21 13:50:00,1.8952069,1.8962166,1.8861196000000002,1.8861196000000002,10309623.650589284,19493720.0
2026-05-21 13:55:00,1.8861196000000002,1.8901584000000002,1.8861196000000002,1.8881390000000002,11748823.41289492,22181636.0
2026-05-21 14:00:00,1.8891487,1.8891487,1.8800614000000002,1.8800614000000002,13966254.332970189,26305170.0
2026-05-21 14:05:00,1.8790517,1.8841002000000002,1.8740032000000002,1.8750129,24362394.770723976,45766868.0
2026-05-21 14:10:00,1.8760226000000002,1.8790517,1.8669353,1.8669353,18476668.317321975,34615520.0
2026-05-21 14:15:00,1.8669353,1.8679450000000002,1.8578480000000002,1.8649159,31391775.77498267,58505896.0
2026-05-21 14:20:00,1.8628965,1.8699644000000002,1.8588577,1.8598674000000002,25111589.58106368,46829480.0
2026-05-21 14:25:00,1.8598674000000002,1.8598674000000002,1.8487607000000001,1.8497704000000001,23497022.8780826,43580228.0
2026-05-21 14:30:00,1.8487607000000001,1.8548189,1.8447219000000001,1.8457316000000001,29203185.10448648,54004844.0
2026-05-21 14:35:00,1.8457316000000001,1.8507801000000002,1.8326055,1.8326055,36118454.98662969,66406828.0
2026-05-21 14:40:00,1.8336152000000001,1.8568383,1.8295764,1.8477510000000001,69433396.05823512,127739050.0
2026-05-21 14:45:00,1.8487607000000001,1.8548189,1.8305861,1.8356346000000001,38520798.25690799,70948400.0
2026-05-21 14:50:00,1.8346249000000001,1.8406831000000001,1.8235182,1.8245279,33791300.38625334,61934696.0
2026-05-21 14:55:00,1.8245279,1.8245279,1.8134212,1.8184697,35084876.69604833,63779880.0
2026-05-21 15:00:00,1.8184697,1.8235182,1.81746,1.8214988,29744755.868079625,54163880.0
2026-05-22 09:35:00,1.8305861,1.8507801000000002,1.8305861,1.8467413000000001,72823064.27651778,133894410.0
2026-05-22 09:40:00,1.8467413000000001,1.8477510000000001,1.8194794,1.8194794,54154378.52827572,99346210.0
2026-05-22 09:45:00,1.8194794,1.8356346000000001,1.8144309,1.8235182,53540130.731900565,97653800.0
2026-05-22 09:50:00,1.8225085,1.8336152000000001,1.8124115,1.8336152000000001,68130147.56858473,124092310.0
2026-05-22 09:55:00,1.8336152000000001,1.8366443000000001,1.827557,1.8336152000000001,34774115.08368822,63729064.0
2026-05-22 10:00:00,1.8326055,1.8376540000000001,1.8305861,1.8356346000000001,26164831.13796177,47977984.0
2026-05-22 10:05:00,1.8336152000000001,1.8386637000000001,1.8225085,1.8386637000000001,28175695.75121323,51567344.0
2026-05-22 10:10:00,1.8386637000000001,1.8457316000000001,1.8346249000000001,1.8346249000000001,22712780.03367337,41840476.0
2026-05-22 10:15:00,1.8326055,1.8326055,1.8214988,1.8315958,31841911.458849162,58211876.0
2026-05-22 10:20:00,1.8295764,1.8295764,1.807363,1.8083727,28560964.642963257,51873316.0
2026-05-22 10:25:00,1.807363,1.8114018,1.8053436,1.8063533,41715489.74943052,75400760.0
2026-05-22 10:30:00,1.807363,1.8134212,1.8043339,1.8053436,29932845.39962365,54109410.0
2026-05-22 10:35:00,1.8053436,1.8164503,1.8013048,1.8164503,39693483.21283549,71775896.0
2026-05-22 10:40:00,1.8164503,1.8225085,1.8124115,1.8154406,19832037.238783795,36033920.0
2026-05-22 10:45:00,1.8154406,1.8235182,1.8124115,1.8194794,24680942.85431316,44870852.0
2026-05-22 10:50:00,1.8184697,1.8214988,1.8154406,1.81746,8094419.134396355,14724117.0
2026-05-22 10:55:00,1.8164503,1.8194794,1.8103921,1.81746,10232742.398732297,18564668.0
2026-05-22 11:00:00,1.81746,1.8235182,1.8124115,1.8235182,6250724.9678122215,11365840.0
2026-05-22 11:05:00,1.8225085,1.8225085,1.8103921,1.8134212,21676367.237793405,39364450.0
2026-05-22 11:10:00,1.8144309,1.8154406,1.807363,1.8103921,15145092.6017629,27433576.0
2026-05-22 11:15:00,1.8093824,1.8114018,1.8053436,1.8114018,9984597.405169852,18060100.0
2026-05-22 11:20:00,1.8114018,1.8114018,1.8033242,1.8083727,9904168.564920273,17883800.0
2026-05-22 11:25:00,1.8083727,1.8114018,1.8043339,1.8103921,5710962.662176884,10325795.0
2026-05-22 11:30:00,1.8103921,1.8184697,1.8093824,1.81746,13595468.951173615,24667812.0
2026-05-22 13:05:00,1.81746,1.8305861,1.81746,1.8285667,22187380.410022777,40534480.0
2026-05-22 13:10:00,1.8285667,1.8346249000000001,1.8265473,1.8346249000000001,12958649.103694165,23726356.0
2026-05-22 13:15:00,1.8356346000000001,1.8376540000000001,1.8315958,1.8346249000000001,19162761.216202833,35160256.0
2026-05-22 13:20:00,1.8346249000000001,1.8346249000000001,1.8265473,1.8265473,11992510.64672675,21949736.0
2026-05-22 13:25:00,1.8265473,1.827557,1.8214988,1.8214988,14492621.570763592,26444976.0
2026-05-22 13:30:00,1.8225085,1.8326055,1.8225085,1.8326055,8327335.842329404,15198143.0
2026-05-22 13:35:00,1.8326055,1.8396734000000001,1.8326055,1.8346249000000001,17940944.835099533,32956476.0
2026-05-22 13:40:00,1.8346249000000001,1.8386637000000001,1.8336152000000001,1.8366443000000001,12415577.894424086,22806982.0
2026-05-22 13:45:00,1.8366443000000001,1.8396734000000001,1.8366443000000001,1.8386637000000001,20424343.864514213,37548536.0
2026-05-22 13:50:00,1.8386637000000001,1.8396734000000001,1.8346249000000001,1.8386637000000001,25957215.0143607,47663776.0
2026-05-22 13:55:00,1.8386637000000001,1.8406831000000001,1.8356346000000001,1.8356346000000001,11663365.35604635,21444362.0
2026-05-22 14:00:00,1.8356346000000001,1.8376540000000001,1.8315958,1.8376540000000001,8483398.039021492,15560908.0
2026-05-22 14:05:00,1.8386637000000001,1.8447219000000001,1.8386637000000001,1.8437122000000001,15868979.895018322,29215204.0
2026-05-22 14:10:00,1.8447219000000001,1.8497704000000001,1.8447219000000001,1.8477510000000001,17079005.64524116,31558368.0
2026-05-22 14:15:00,1.8477510000000001,1.8487607000000001,1.8416928000000001,1.8427025000000001,29194018.025155984,53921536.0
2026-05-22 14:20:00,1.8427025000000001,1.8437122000000001,1.8346249000000001,1.8406831000000001,9499451.322174903,17472088.0
2026-05-22 14:25:00,1.8406831000000001,1.8467413000000001,1.8386637000000001,1.8457316000000001,11152658.215311479,20555414.0
2026-05-22 14:30:00,1.8457316000000001,1.8497704000000001,1.8447219000000001,1.8497704000000001,13128658.01723284,24254068.0
2026-05-22 14:35:00,1.8497704000000001,1.8527995,1.8457316000000001,1.8527995,19369178.96404873,35834000.0
2026-05-22 14:40:00,1.8527995,1.8538092000000002,1.8457316000000001,1.8457316000000001,16457572.54630088,30466294.0
2026-05-22 14:45:00,1.8457316000000001,1.8467413000000001,1.8447219000000001,1.8447219000000001,8659442.40863623,15984367.0
2026-05-22 14:50:00,1.8447219000000001,1.8507801000000002,1.8437122000000001,1.8497704000000001,25171365.752203625,46454736.0
2026-05-22 14:55:00,1.8487607000000001,1.8497704000000001,1.8477510000000001,1.8497704000000001,12392660.19609785,22910036.0
2026-05-22 15:00:00,1.8487607000000001,1.8497704000000001,1.8467413000000001,1.8477510000000001,18029549.371100325,33323214.0
2026-05-25 09:35:00,1.8477510000000001,1.8538092000000002,1.8285667,1.8406831000000001,59797857.779538475,109931512.0
2026-05-25 09:40:00,1.8406831000000001,1.8770323,1.8406831000000001,1.8760226000000002,52897993.46340497,98252830.0
2026-05-25 09:45:00,1.8740032000000002,1.8931875,1.8709741,1.8861196000000002,63625066.85154006,119923450.0
2026-05-25 09:50:00,1.8861196000000002,1.8901584000000002,1.8639062000000002,1.8639062000000002,64769115.57888482,121703420.0
2026-05-25 09:55:00,1.8639062000000002,1.8790517,1.8588577,1.8588577,37017161.53312865,69088630.0
2026-05-25 10:00:00,1.8578480000000002,1.8639062000000002,1.8507801000000002,1.8608771,44482985.045062885,82585320.0
2026-05-25 10:05:00,1.8608771,1.8760226000000002,1.8598674000000002,1.8699644000000002,50219837.575517476,93785040.0
2026-05-25 10:10:00,1.8709741,1.8800614000000002,1.8639062000000002,1.8780420000000002,44665678.91452906,83681300.0
2026-05-25 10:15:00,1.8790517,1.8891487,1.8780420000000002,1.8871293,50441091.413291074,95101530.0
2026-05-25 10:20:00,1.8871293,1.8881390000000002,1.8790517,1.8841002000000002,36036347.42992968,67905576.0
2026-05-25 10:25:00,1.8851099,1.8901584000000002,1.8841002000000002,1.8871293,28275634.34683569,53381696.0
2026-05-25 10:30:00,1.8881390000000002,1.8921778000000002,1.8841002000000002,1.8861196000000002,31201049.81677726,58939988.0
2026-05-25 10:35:00,1.8851099,1.8881390000000002,1.8719838000000002,1.8729935,18277737.941962957,34334956.0
2026-05-25 10:40:00,1.8729935,1.8861196000000002,1.8729935,1.8861196000000002,20488897.692383874,38505830.0
2026-05-25 10:45:00,1.8871293,1.8921778000000002,1.8810711,1.8891487,23264831.13796177,43901100.0
2026-05-25 10:50:00,1.8881390000000002,1.9002554,1.8871293,1.8992457,35572377.93403981,67317320.0
2026-05-25 10:55:00,1.8992457,1.9012651,1.8962166,1.898236,19130587.303159352,36338170.0
2026-05-25 11:00:00,1.898236,1.9063136,1.8962166,1.9042942,20508242.05209468,38995504.0
2026-05-25 11:05:00,1.9042942,1.9063136,1.8901584000000002,1.8941972,25248903.63474299,47928180.0
2026-05-25 11:10:00,1.8941972,1.9053039,1.8931875,1.9032845,11816890.165395662,22439240.0
2026-05-25 11:15:00,1.9032845,1.908333,1.9002554,1.9073233,40620925.02723581,77420400.0
2026-05-25 11:20:00,1.908333,1.9103524,1.9022748,1.9103524,48582163.01871843,92619784.0
2026-05-25 11:25:00,1.9093427,1.9093427,1.9042942,1.9063136,35956224.6211746,68539720.0
2026-05-25 11:30:00,1.9063136,1.9133815,1.9002554,1.9113621,20477009.012577992,39022948.0
2026-05-25 13:05:00,1.9133815,1.948721,1.9123718,1.9436725000000001,77561146.8753095,150231180.0
2026-05-25 13:10:00,1.9436725000000001,1.9436725000000001,1.9265076,1.9335755000000001,51900616.02456175,100352640.0
2026-05-25 13:15:00,1.9335755000000001,1.9406434,1.9325658000000001,1.9396337000000001,39661020.104981676,76834750.0
2026-05-25 13:20:00,1.9396337000000001,1.9467016,1.938624,1.9456919000000001,19645476.874319103,38184784.0
2026-05-25 13:25:00,1.9446822,1.948721,1.9366046,1.9366046,30727021.88768941,59745212.0
2026-05-25 13:30:00,1.9366046,1.9376143000000001,1.9275173,1.928527,17508931.3657522,33833230.0
2026-05-25 13:35:00,1.9275173,1.928527,1.9164106,1.9244882,27676339.506784193,53207930.0
2026-05-25 13:40:00,1.9224688,1.928527,1.9194397,1.9194397,18839544.419134397,36237664.0
2026-05-25 13:45:00,1.9194397,1.9214591,1.9103524,1.9154009,23656337.52599782,45293016.0
2026-05-25 13:50:00,1.9154009,1.9315561,1.9154009,1.9305464,16689218.57977617,32087176.0
2026-05-25 13:55:00,1.9315561,1.9345852000000001,1.9265076,1.9335755000000001,21741057.739922747,41967936.0
2026-05-25 14:00:00,1.9335755000000001,1.9376143000000001,1.9325658000000001,1.9366046,8499592.948400514,16449198.0
2026-05-25 14:05:00,1.9355949000000001,1.9426628,1.9355949000000001,1.9426628,15950019.807863722,30940112.0
2026-05-25 14:10:00,1.9426628,1.9426628,1.9355949000000001,1.9376143000000001,12263345.548182627,23759236.0
2026-05-25 14:15:00,1.9376143000000001,1.9436725000000001,1.9366046,1.9426628,7250300.089135386,14073482.0
2026-05-25 14:20:00,1.9426628,1.9456919000000001,1.9406434,1.9436725000000001,17353895.21640091,33712290.0
2026-05-25 14:25:00,1.9436725000000001,1.9456919000000001,1.9406434,1.9436725000000001,7802553.233633752,15157620.0
2026-05-25 14:30:00,1.9436725000000001,1.9456919000000001,1.9426628,1.9436725000000001,7009355.254035852,13627772.0
2026-05-25 14:35:00,1.9436725000000001,1.9497307000000001,1.9436725000000001,1.948721,24209032.385857183,47132668.0
2026-05-25 14:40:00,1.948721,1.9517501000000002,1.9467016,1.9497307000000001,10793247.499257205,21040448.0
2026-05-25 14:45:00,1.9497307000000001,1.9557889000000002,1.9497307000000001,1.9527598,18248176.6861444,35639510.0
2026-05-25 14:50:00,1.9527598,1.958818,1.9517501000000002,1.9547792,18661000.297117956,36509264.0
2026-05-25 14:55:00,1.9547792,1.9567986,1.9527598,1.9537695000000002,21773815.984946024,42549300.0
2026-05-25 15:00:00,1.9547792,1.9557889000000002,1.9537695000000002,1.9547792,16243573.33861543,31751014.0
2026-05-26 09:35:00,1.948721,1.948721,1.9265076,1.9315561,69471926.31474695,134459246.0
2026-05-26 09:40:00,1.9315561,1.9366046,1.9133815,1.9154009,92475681.88570862,178042340.0
2026-05-26 09:45:00,1.9143912,1.9204494,1.8992457,1.9002554,82323482.2224423,157278420.0
2026-05-26 09:50:00,1.8992457,1.908333,1.8921778000000002,1.9063136,102164742.00257502,194009390.0
2026-05-26 09:55:00,1.9063136,1.9103524,1.9012651,1.9093427,33907564.62315539,64620930.0
2026-05-26 10:00:00,1.9093427,1.9164106,1.9093427,1.9154009,29245419.43151431,55946496.0
2026-05-26 10:05:00,1.9154009,1.9194397,1.9012651,1.9012651,49953011.785678916,95358870.0
2026-05-26 10:10:00,1.9012651,1.9174203,1.898236,1.9164106,28065167.87164504,53452344.0
2026-05-26 10:15:00,1.9164106,1.9194397,1.9063136,1.908333,20656943.64662771,39491864.0
2026-05-26 10:20:00,1.9093427,1.9254979,1.9093427,1.9204494,12839509.755372882,24650118.0
2026-05-26 10:25:00,1.9214591,1.9214591,1.9103524,1.9174203,19457660.691294443,37257980.0
2026-05-26 10:30:00,1.91843,1.9214591,1.9164106,1.9164106,13932489.848469842,26735746.0
2026-05-26 10:35:00,1.9174203,1.9244882,1.9133815,1.9204494,37873602.060017824,72611460.0
2026-05-26 10:40:00,1.9204494,1.9204494,1.9063136,1.9063136,23586756.462315537,45096496.0
2026-05-26 10:45:00,1.9063136,1.9123718,1.9022748,1.9123718,36250064.375557095,69100820.0
2026-05-26 10:50:00,1.9103524,1.9103524,1.9012651,1.9022748,17992175.89382985,34261784.0
2026-05-26 10:55:00,1.9012651,1.9123718,1.9002554,1.9113621,12721590.571456868,24245466.0
2026-05-26 11:00:00,1.9113621,1.91843,1.9113621,1.9133815,24553253.44161632,46995330.0
2026-05-26 11:05:00,1.9123718,1.9123718,1.8941972,1.8941972,33928790.72991978,64501410.0
2026-05-26 11:10:00,1.8941972,1.9042942,1.8941972,1.9042942,29191462.810735863,55485436.0
2026-05-26 11:15:00,1.9042942,1.9042942,1.8931875,1.8941972,19116767.356640585,36252824.0
2026-05-26 11:20:00,1.8941972,1.9103524,1.8941972,1.9093427,41842527.48341091,79678380.0
2026-05-26 11:25:00,1.9093427,1.9154009,1.9053039,1.9073233,18228848.17272457,34788896.0
2026-05-26 11:30:00,1.9073233,1.9073233,1.898236,1.9002554,12846218.67881549,24415738.0
2026-05-26 13:05:00,1.9012651,1.9053039,1.8952069,1.9022748,29832124.393384174,56696908.0
2026-05-26 13:10:00,1.9022748,1.9073233,1.8962166,1.9073233,30264633.05932455,57547708.0
2026-05-26 13:15:00,1.9073233,1.9123718,1.9042942,1.9113621,29034069.525601663,55426936.0
2026-05-26 13:20:00,1.9113621,1.9133815,1.9063136,1.908333,16415073.784292363,31341232.0
2026-05-26 13:25:00,1.9093427,1.9123718,1.8972263,1.8972263,21972734.475586805,41831916.0
2026-05-26 13:30:00,1.898236,1.9012651,1.898236,1.9002554,23035551.15380806,43754190.0
2026-05-26 13:35:00,1.9012651,1.9103524,1.9002554,1.9063136,18569333.465385757,35387680.0
2026-05-26 13:40:00,1.9063136,1.9133815,1.9042942,1.9093427,15240170.347628009,29096556.0
2026-05-26 13:45:00,1.9093427,1.9093427,1.8992457,1.9002554,14141673.7644845,26920356.0
2026-05-26 13:50:00,1.9022748,1.9022748,1.8941972,1.8962166,20298207.388333168,38515080.0
2026-05-26 13:55:00,1.8962166,1.8962166,1.8901584000000002,1.8931875,31244734.079429533,59145480.0
2026-05-26 14:00:00,1.8931875,1.8962166,1.8901584000000002,1.8931875,16776864.415172823,31744602.0
2026-05-26 14:05:00,1.8911681,1.8952069,1.8810711,1.8820808000000002,23313063.28612459,44022600.0
2026-05-26 14:10:00,1.8830905,1.8941972,1.8830905,1.8941972,27348103.397048626,51623780.0
2026-05-26 14:15:00,1.8931875,1.9022748,1.8931875,1.9002554,15317222.93750619,29061728.0
2026-05-26 14:20:00,1.9012651,1.9042942,1.8962166,1.9012651,16706059.225512527,31744322.0
2026-05-26 14:25:00,1.8992457,1.9032845,1.8962166,1.9032845,15654021.986728732,29720412.0
2026-05-26 14:30:00,1.9002554,1.91843,1.9002554,1.9174203,22572946.419728633,43121196.0
2026-05-26 14:35:00,1.9174203,1.9265076,1.9174203,1.9204494,25785777.953847677,49541240.0
2026-05-26 14:40:00,1.9224688,1.9305464,1.9224688,1.928527,21418480.73685253,41278530.0
2026-05-26 14:45:00,1.928527,1.9345852000000001,1.9275173,1.9295367,26214626.126572248,50618628.0
2026-05-26 14:50:00,1.9295367,1.9366046,1.9265076,1.9366046,19104054.66970387,36868444.0
2026-05-26 14:55:00,1.9376143000000001,1.9416531000000001,1.9335755000000001,1.9345852000000001,15083467.366544517,29240680.0
2026-05-26 15:00:00,1.9345852000000001,1.9345852000000001,1.9265076,1.9315561,14903574.329008617,28776504.0
2026-05-27 09:35:00,1.9315561,1.9517501000000002,1.9315561,1.9517501000000002,45852094.68158859,88956004.0
2026-05-27 09:40:00,1.9517501000000002,1.9517501000000002,1.9366046,1.9456919000000001,28445150.044567693,55267964.0
2026-05-27 09:45:00,1.9467016,1.9497307000000001,1.9305464,1.948721,28829945.528374765,55942084.0
2026-05-27 09:50:00,1.9477113000000001,1.9537695000000002,1.9376143000000001,1.9517501000000002,27579181.935228284,53713256.0
2026-05-27 09:55:00,1.9517501000000002,1.9527598,1.9396337000000001,1.9436725000000001,44860873.526790135,87408344.0
2026-05-27 10:00:00,1.9436725000000001,1.9497307000000001,1.9396337000000001,1.9456919000000001,22751322.174903437,44262940.0
2026-05-27 10:05:00,1.9456919000000001,1.9537695000000002,1.9446822,1.9507404,35567313.063286126,69324400.0
2026-05-27 10:10:00,1.9507404,1.9517501000000002,1.9396337000000001,1.9497307000000001,28039920.76854511,54598750.0
2026-05-27 10:15:00,1.9497307000000001,1.9557889000000002,1.9446822,1.9477113000000001,32259895.018322274,62936468.0
2026-05-27 10:20:00,1.9477113000000001,1.9557889000000002,1.9467016,1.948721,22712510.64672675,44320396.0
2026-05-27 10:25:00,1.9467016,1.958818,1.9467016,1.958818,22358300.485292662,43673630.0
2026-05-27 10:30:00,1.958818,1.958818,1.9527598,1.9557889000000002,13319243.339605823,26052076.0
2026-05-27 10:35:00,1.9567986,1.9608374,1.9497307000000001,1.9557889000000002,32922190.74972764,64386260.0
2026-05-27 10:40:00,1.9547792,1.9567986,1.9366046,1.9406434,25757155.590769533,50125910.0
2026-05-27 10:45:00,1.9416531000000001,1.9446822,1.9345852000000001,1.9345852000000001,20716054.2735466,40172200.0
2026-05-27 10:50:00,1.9345852000000001,1.9366046,1.9244882,1.9254979,20446746.558383677,39449104.0
2026-05-27 10:55:00,1.9244882,1.9305464,1.91843,1.9224688,24174309.200752698,46490400.0
2026-05-27 11:00:00,1.9224688,1.9295367,1.9224688,1.9295367,9039536.495988907,17416074.0
2026-05-27 11:05:00,1.928527,1.9376143000000001,1.9254979,1.9315561,12066178.072694859,23304428.0
2026-05-27 11:10:00,1.9315561,1.938624,1.928527,1.9376143000000001,9903238.58571853,19137140.0
2026-05-27 11:15:00,1.9376143000000001,1.938624,1.928527,1.9315561,10341170.644745965,19977220.0
2026-05-27 11:20:00,1.9315561,1.9315561,1.9194397,1.9194397,29356466.27711201,56489450.0
2026-05-27 11:25:00,1.91843,1.9204494,1.908333,1.9093427,28249480.0435773,54060024.0
2026-05-27 11:30:00,1.9093427,1.9113621,1.9053039,1.9113621,42650553.62979103,81376410.0
2026-05-27 13:05:00,1.9133815,1.9174203,1.9042942,1.9174203,27418377.735961176,52393416.0
2026-05-27 13:10:00,1.9174203,1.91843,1.9113621,1.9154009,35682529.464197285,68316720.0
2026-05-27 13:15:00,1.9154009,1.9154009,1.9032845,1.9063136,23687729.02842428,45247616.0
2026-05-27 13:20:00,1.9073233,1.9073233,1.898236,1.9042942,38345597.70228781,72936470.0
2026-05-27 13:25:00,1.9042942,1.908333,1.9032845,1.9063136,10913736.753491135,20799142.0
2026-05-27 13:30:00,1.9073233,1.9154009,1.9053039,1.9113621,14085317.421016144,26914624.0
2026-05-27 13:35:00,1.9113621,1.9113621,1.8941972,1.8952069,21937110.032682974,41706170.0
2026-05-27 13:40:00,1.8952069,1.9002554,1.8861196000000002,1.8881390000000002,33626637.6151332,63707870.0
2026-05-27 13:45:00,1.8881390000000002,1.8891487,1.8729935,1.8760226000000002,41715614.53897197,78411030.0
2026-05-27 13:50:00,1.8729935,1.8851099,1.8729935,1.8790517,40650082.20263445,76383230.0
2026-05-27 13:55:00,1.8810711,1.8830905,1.8679450000000002,1.8729935,39905611.567792416,74754810.0
2026-05-27 14:00:00,1.8719838000000002,1.8841002000000002,1.8719838000000002,1.8740032000000002,22351193.423789244,41981476.0
2026-05-27 14:05:00,1.8740032000000002,1.8770323,1.8659256000000002,1.8669353,26263286.124591462,49131280.0
2026-05-27 14:10:00,1.8669353,1.8871293,1.8669353,1.8871293,33708200.45558087,63277610.0
2026-05-27 14:15:00,1.8881390000000002,1.8901584000000002,1.8790517,1.8790517,31034459.740516983,58485004.0
2026-05-27 14:20:00,1.8780420000000002,1.8941972,1.8780420000000002,1.8911681,29954291.373675346,56550160.0
2026-05-27 14:25:00,1.8921778000000002,1.8992457,1.8881390000000002,1.8972263,40189359.2156086,76093976.0
2026-05-27 14:30:00,1.8952069,1.9012651,1.8941972,1.8972263,30063301.970882438,57039904.0
2026-05-27 14:35:00,1.8972263,1.898236,1.8841002000000002,1.8881390000000002,20871835.19857383,39461160.0
2026-05-27 14:40:00,1.8881390000000002,1.8962166,1.8881390000000002,1.8911681,23924135.88194513,45267604.0
2026-05-27 14:45:00,1.8901584000000002,1.8921778000000002,1.8770323,1.8770323,23316860.45360008,43953500.0
2026-05-27 14:50:00,1.8770323,1.8770323,1.8679450000000002,1.8740032000000002,39470718.035059914,73844960.0
2026-05-27 14:55:00,1.8740032000000002,1.8780420000000002,1.8709741,1.8729935,22789767.25760127,42712360.0
2026-05-27 15:00:00,1.8729935,1.8760226000000002,1.8729935,1.8750129,23406552.4413192,43871148.0
2026-05-28 09:35:00,1.8527995,1.8669353,1.8507801000000002,1.8628965,68300752.69882143,127139139.0
2026-05-28 09:40:00,1.8639062000000002,1.8800614000000002,1.8517898000000002,1.8770323,72152966.22759235,134326140.0
2026-05-28 09:45:00,1.8780420000000002,1.8881390000000002,1.8729935,1.8800614000000002,70208576.80499157,131918744.0
2026-05-28 09:50:00,1.8790517,1.8841002000000002,1.8699644000000002,1.8770323,63435911.656927794,119024170.0
2026-05-28 09:55:00,1.8760226000000002,1.8851099,1.8740032000000002,1.8800614000000002,41830111.91443003,78632740.0
2026-05-28 10:00:00,1.8810711,1.8810711,1.8608771,1.8628965,33995543.23066257,63545930.0
2026-05-28 10:05:00,1.8639062000000002,1.8871293,1.8639062000000002,1.8841002000000002,34849826.681192435,65438830.0
2026-05-28 10:10:00,1.8830905,1.8962166,1.8790517,1.8952069,44557726.057244726,84080320.0
2026-05-28 10:15:00,1.8941972,1.9002554,1.8851099,1.8992457,42935192.631474696,81336700.0
2026-05-28 10:20:00,1.8992457,1.8992457,1.8891487,1.8901584000000002,33006635.634346835,62538690.0
2026-05-28 10:25:00,1.8901584000000002,1.8941972,1.8709741,1.8719838000000002,20038223.234624144,37699824.0
2026-05-28 10:30:00,1.8719838000000002,1.8861196000000002,1.8709741,1.8830905,17032433.396058235,32024370.0
2026-05-28 10:35:00,1.8841002000000002,1.8941972,1.8830905,1.8941972,13797611.171635138,26063910.0
2026-05-28 10:40:00,1.8941972,1.8972263,1.8891487,1.8962166,18134935.12924631,34351130.0
2026-05-28 10:45:00,1.8972263,1.9002554,1.8841002000000002,1.8871293,25904316.133505,49054740.0
2026-05-28 10:50:00,1.8861196000000002,1.8891487,1.8820808000000002,1.8841002000000002,9750726.948598593,18391876.0
2026-05-28 10:55:00,1.8841002000000002,1.8841002000000002,1.8760226000000002,1.8760226000000002,6125581.85599683,11508192.0
2026-05-28 11:00:00,1.8770323,1.8820808000000002,1.8729935,1.8729935,11597010.00297118,21774160.0
2026-05-28 11:05:00,1.8740032000000002,1.8790517,1.8709741,1.8770323,25267830.048529264,47389230.0
2026-05-28 11:10:00,1.8770323,1.8810711,1.8709741,1.8800614000000002,23449931.662870158,44000000.0
2026-05-28 11:15:00,1.8810711,1.8871293,1.8780420000000002,1.8871293,19387540.853718925,36483760.0
2026-05-28 11:20:00,1.8881390000000002,1.8931875,1.8851099,1.8891487,21710183.22273943,41035716.0
2026-05-28 11:25:00,1.8881390000000002,1.8921778000000002,1.8841002000000002,1.8881390000000002,10622587.897395266,20069452.0
2026-05-28 11:30:00,1.8881390000000002,1.8962166,1.8871293,1.8952069,13552567.099138357,25628916.0
2026-05-28 13:05:00,1.8952069,1.8962166,1.8649159,1.8740032000000002,52715753.19401802,98813450.0
2026-05-28 13:10:00,1.8719838000000002,1.8770323,1.8679450000000002,1.8719838000000002,27991680.697236802,52397820.0
2026-05-28 13:15:00,1.8709741,1.8790517,1.8649159,1.8760226000000002,25542672.080816083,47774324.0
2026-05-28 13:20:00,1.8750129,1.8790517,1.8719838000000002,1.8770323,11040134.69347331,20699248.0
2026-05-28 13:25:00,1.8780420000000002,1.8911681,1.8770323,1.8891487,16985540.259483013,31991220.0
2026-05-28 13:30:00,1.8911681,1.9002554,1.8881390000000002,1.8952069,36856626.720808156,69860480.0
2026-05-28 13:35:00,1.8972263,1.9012651,1.8941972,1.9012651,25799037.337823115,48977796.0
2026-05-28 13:40:00,1.9002554,1.9042942,1.8972263,1.9022748,17088297.514113102,32500160.0
2026-05-28 13:45:00,1.9022748,1.9042942,1.8972263,1.9012651,12670861.642071903,24071032.0
2026-05-28 13:50:00,1.9022748,1.9053039,1.9002554,1.9042942,16415397.642864216,31246958.0
2026-05-28 13:55:00,1.9042942,1.9103524,1.898236,1.9073233,21111197.385361988,40237856.0
2026-05-28 14:00:00,1.9063136,1.9073233,1.9012651,1.9073233,14409747.449737545,27446708.0
2026-05-28 14:05:00,1.9073233,1.9123718,1.9053039,1.9063136,18258433.197979596,34850652.0
2026-05-28 14:10:00,1.9053039,1.9093427,1.9022748,1.908333,19784094.285431314,37712400.0
2026-05-28 14:15:00,1.908333,1.908333,1.898236,1.898236,17659601.861939188,33615496.0
2026-05-28 14:20:00,1.898236,1.908333,1.898236,1.9063136,12840529.86035456,24435148.0
2026-05-28 14:25:00,1.9063136,1.908333,1.9022748,1.9053039,6077682.479944537,11580217.0
2026-05-28 14:30:00,1.9053039,1.9063136,1.9002554,1.9002554,28320221.848073684,53882230.0
2026-05-28 14:35:00,1.8992457,1.908333,1.8992457,1.9063136,16089959.393879369,30641004.0
2026-05-28 14:40:00,1.9063136,1.908333,1.9022748,1.9042942,13537090.224819252,25784496.0
2026-05-28 14:45:00,1.9032845,1.9063136,1.8992457,1.8992457,18379764.28642171,34977024.0
2026-05-28 14:50:00,1.9002554,1.9022748,1.898236,1.9012651,9561712.389818758,18174188.0
2026-05-28 14:55:00,1.9002554,1.9022748,1.9002554,1.9022748,12315846.290977517,23411352.0
2026-05-28 15:00:00,1.9012651,1.9032845,1.9002554,1.9022748,17019015.54917302,32359860.0
2026-05-29 09:35:00,1.9022748,1.9133815,1.8911681,1.8962166,72104843.02268,137179702.0
2026-05-29 09:40:00,1.8952069,1.9022748,1.8891487,1.8901584000000002,66167313.06328612,125415500.0
2026-05-29 09:45:00,1.8891487,1.8891487,1.8780420000000002,1.8790517,58238585.71853025,109716856.0
2026-05-29 09:50:00,1.8790517,1.8871293,1.8649159,1.8659256000000002,50462701.792611666,94603310.0
2026-05-29 09:55:00,1.8669353,1.8740032000000002,1.8588577,1.8608771,62927499.25720511,117504260.0
2026-05-29 10:00:00,1.8608771,1.8709741,1.8558286000000002,1.8639062000000002,54664949.9851441,101868420.0
2026-05-29 10:05:00,1.8639062000000002,1.8679450000000002,1.8477510000000001,1.8487607000000001,47582648.31137962,88494950.0
2026-05-29 10:10:00,1.8477510000000001,1.8497704000000001,1.8336152000000001,1.8376540000000001,40379772.2095672,74430290.0
2026-05-29 10:15:00,1.8366443000000001,1.8406831000000001,1.8285667,1.8376540000000001,41009079.924730115,75255944.0
2026-05-29 10:20:00,1.8356346000000001,1.8427025000000001,1.8305861,1.8406831000000001,46942089.729622655,86158550.0
2026-05-29 10:25:00,1.8406831000000001,1.8507801000000002,1.8336152000000001,1.8507801000000002,25806180.053481232,47534932.0
2026-05-29 10:30:00,1.8487607000000001,1.8507801000000002,1.8366443000000001,1.8376540000000001,23402297.71219174,43114904.0
2026-05-29 10:35:00,1.8376540000000001,1.8497704000000001,1.8326055,1.8497704000000001,24406829.751411308,44882136.0
2026-05-29 10:40:00,1.8497704000000001,1.8578480000000002,1.8487607000000001,1.8548189,26767388.33316827,49584956.0
2026-05-29 10:45:00,1.8548189,1.8639062000000002,1.8538092000000002,1.8628965,14770847.776567297,27441756.0
2026-05-29 10:50:00,1.8628965,1.8628965,1.8477510000000001,1.8568383,11441992.671090422,21190640.0
2026-05-29 10:55:00,1.8558286000000002,1.8628965,1.8507801000000002,1.8517898000000002,21512132.31652966,39950770.0
2026-05-29 11:00:00,1.8517898000000002,1.8558286000000002,1.8437122000000001,1.8447219000000001,15398732.296721797,28455196.0
2026-05-29 11:05:00,1.8457316000000001,1.8457316000000001,1.8376540000000001,1.8386637000000001,10745909.676141428,19786884.0
2026-05-29 11:10:00,1.8376540000000001,1.8376540000000001,1.8315958,1.8326055,19747449.737545803,36218716.0
2026-05-29 11:15:00,1.8326055,1.8376540000000001,1.8315958,1.8346249000000001,20804888.580766562,38172620.0
2026-05-29 11:20:00,1.8346249000000001,1.8457316000000001,1.8305861,1.8447219000000001,13952818.659007626,25618586.0
2026-05-29 11:25:00,1.8427025000000001,1.8447219000000001,1.8315958,1.8326055,14264646.924829157,26237140.0
2026-05-29 11:30:00,1.8315958,1.8356346000000001,1.8305861,1.8346249000000001,17900463.50401109,32816250.0
2026-05-29 13:05:00,1.8376540000000001,1.8427025000000001,1.827557,1.8285667,39021887.6894127,71595560.0
2026-05-29 13:10:00,1.8285667,1.8416928000000001,1.8285667,1.8386637000000001,26077361.59255224,47851896.0
2026-05-29 13:15:00,1.8406831000000001,1.8467413000000001,1.8366443000000001,1.8447219000000001,20485395.662077844,37719280.0
2026-05-29 13:20:00,1.8437122000000001,1.8517898000000002,1.8437122000000001,1.8457316000000001,11098057.838962067,20495078.0
2026-05-29 13:25:00,1.8457316000000001,1.8507801000000002,1.8447219000000001,1.8447219000000001,16139870.25849262,29818260.0
2026-05-29 13:30:00,1.8437122000000001,1.8457316000000001,1.8346249000000001,1.8356346000000001,9178663.959591957,16878622.0
2026-05-29 13:35:00,1.8356346000000001,1.8356346000000001,1.8295764,1.8315958,8945311.478657026,16385407.0
2026-05-29 13:40:00,1.8305861,1.8305861,1.8245279,1.8245279,29690977.518074673,54263216.0
2026-05-29 13:45:00,1.8255376,1.8255376,1.8225085,1.8245279,12329701.891650984,22492058.0
2026-05-29 13:50:00,1.8245279,1.827557,1.8235182,1.8255376,13683130.632861245,24978820.0
2026-05-29 13:55:00,1.8255376,1.8255376,1.8093824,1.8093824,29989729.622660194,54458456.0
2026-05-29 14:00:00,1.8103921,1.8124115,1.8033242,1.8053436,56174055.660097055,101502190.0
2026-05-29 14:05:00,1.8053436,1.807363,1.7982757,1.8002951,58976814.89551352,106231760.0
2026-05-29 14:10:00,1.8013048,1.8033242,1.7932272,1.7982757,125022299.69297811,224902610.0
2026-05-29 14:15:00,1.7992854,1.807363,1.797266,1.797266,66193506.98227196,119292024.0
2026-05-29 14:20:00,1.797266,1.797266,1.7881787,1.7922175,37010854.7093196,66337692.0
2026-05-29 14:25:00,1.7942369,1.7982757,1.7912078,1.7982757,96667818.16381103,173586110.0
2026-05-29 14:30:00,1.7982757,1.8013048,1.7922175,1.7962563,55301745.07279389,99333310.0
2026-05-29 14:35:00,1.7992854,1.8053436,1.797266,1.8053436,28978795.681885708,52156788.0
2026-05-29 14:40:00,1.8043339,1.807363,1.7932272,1.7982757,39998811.52817669,71912136.0
2026-05-29 14:45:00,1.7992854,1.7992854,1.787169,1.7881787,29881735.168862037,53562644.0
2026-05-29 14:50:00,1.7881787,1.7922175,1.7811108,1.7831302,47890224.81925324,85619680.0
2026-05-29 14:55:00,1.7831302,1.797266,1.7831302,1.797266,30509846.489056155,54610156.0
2026-05-29 15:00:00,1.797266,1.8134212,1.7962563,1.8083727,17686180.053481232,31909036.0
2026-06-01 09:35:00,1.8043339,1.807363,1.7649556000000002,1.766975,63488152.91670793,113517596.0
2026-06-01 09:40:00,1.7659653000000002,1.7730332,1.7599071000000002,1.7700041,151678350.00495195,268140560.0
2026-06-01 09:45:00,1.7689944,1.7790914,1.7639459000000002,1.7790914,60052906.80400118,106297330.0
2026-06-01 09:50:00,1.7790914,1.7811108,1.7599071000000002,1.7790914,61391700.505100526,108806970.0
2026-06-01 09:55:00,1.7780817,1.787169,1.7760623,1.787169,27468840.249579083,48976932.0
2026-06-01 10:00:00,1.787169,1.7881787,1.777072,1.7811108,29023440.62592849,51744080.0
2026-06-01 10:05:00,1.7821205,1.8023145,1.7821205,1.8013048,41279187.8775874,74167544.0
2026-06-01 10:10:00,1.8023145,1.8033242,1.7901981,1.7901981,34527023.86847578,62130376.0
2026-06-01 10:15:00,1.7901981,1.7962563,1.7831302,1.7901981,30285637.31801525,54286110.0
2026-06-01 10:20:00,1.7912078,1.7992854,1.7901981,1.7982757,29738011.29048232,53362120.0
2026-06-01 10:25:00,1.7982757,1.7992854,1.7881787,1.7891884,29500449.638506487,52914676.0
2026-06-01 10:30:00,1.7891884,1.7891884,1.7801011,1.7801011,17038926.413786273,30412220.0
2026-06-01 10:35:00,1.7790914,1.7811108,1.7700041,1.7760623,29608776.864415172,52556280.0
2026-06-01 10:40:00,1.777072,1.7811108,1.7689944,1.7689944,24080610.082202632,42732536.0
2026-06-01 10:45:00,1.7689944,1.7689944,1.7518295000000002,1.7518295000000002,43956767.356640585,77331550.0
2026-06-01 10:50:00,1.7528392000000002,1.7588974000000002,1.7508198000000001,1.7578877000000002,29939685.054966822,52543204.0
2026-06-01 10:55:00,1.7578877000000002,1.7578877000000002,1.7427422000000001,1.7447616000000001,26892469.050212935,47048580.0
2026-06-01 11:00:00,1.7457713000000001,1.7477907000000001,1.7427422000000001,1.7467810000000001,27838169.753392097,48574390.0
2026-06-01 11:05:00,1.7457713000000001,1.7488004000000001,1.7376937000000001,1.7387034000000001,49125546.20184213,85630030.0
2026-06-01 11:10:00,1.7376937000000001,1.7387034000000001,1.7326452,1.7366840000000001,39855335.24809349,69210790.0
2026-06-01 11:15:00,1.7366840000000001,1.7387034000000001,1.7275967,1.7286064,25400713.083093986,44029790.0
2026-06-01 11:20:00,1.7286064,1.7356743000000001,1.7255773,1.7346646000000001,51261255.81855997,88698250.0
2026-06-01 11:25:00,1.7346646000000001,1.7457713000000001,1.7326452,1.7457713000000001,55833217.78746162,97090210.0
2026-06-01 11:30:00,1.7457713000000001,1.7498101000000001,1.7447616000000001,1.7488004000000001,11351083.490145586,19828240.0
2026-06-01 13:05:00,1.7498101000000001,1.7609168000000002,1.7488004000000001,1.7599071000000002,20512516.589085866,36026190.0
2026-06-01 13:10:00,1.7599071000000002,1.7609168000000002,1.7548586000000002,1.7599071000000002,15345829.454293353,26976328.0
2026-06-01 13:15:00,1.7609168000000002,1.766975,1.7609168000000002,1.7629362000000002,15512614.63801129,27365612.0
2026-06-01 13:20:00,1.7629362000000002,1.7639459000000002,1.7518295000000002,1.7538489000000002,31563371.298405465,55491988.0
2026-06-01 13:25:00,1.7538489000000002,1.7538489000000002,1.7477907000000001,1.7488004000000001,13021992.671090422,22792986.0
2026-06-01 13:30:00,1.7488004000000001,1.7498101000000001,1.7407228000000001,1.7417325000000001,13588617.411112212,23710540.0
2026-06-01 13:35:00,1.7437519000000001,1.7498101000000001,1.7417325000000001,1.7457713000000001,10809646.429632563,18872870.0
2026-06-01 13:40:00,1.7467810000000001,1.7488004000000001,1.7427422000000001,1.7477907000000001,12365257.00703179,21595840.0
2026-06-01 13:45:00,1.7477907000000001,1.7477907000000001,1.7387034000000001,1.7417325000000001,10309200.75269882,17968644.0
2026-06-01 13:50:00,1.7417325000000001,1.7457713000000001,1.7397131000000001,1.7427422000000001,7472642.369020501,13023288.0
2026-06-01 13:55:00,1.7437519000000001,1.7457713000000001,1.7376937000000001,1.7387034000000001,15991559.869268099,27827572.0
2026-06-01 14:00:00,1.7407228000000001,1.7447616000000001,1.7397131000000001,1.7437519000000001,7053825.8888778845,12288927.0
2026-06-01 14:05:00,1.7437519000000001,1.7437519000000001,1.7346646000000001,1.7346646000000001,14241574.72516589,24770232.0
2026-06-01 14:10:00,1.7346646000000001,1.7397131000000001,1.7346646000000001,1.7356743000000001,21909626.62176884,38064010.0
2026-06-01 14:15:00,1.7356743000000001,1.7366840000000001,1.7306258,1.7306258,16983262.355154995,29430436.0
2026-06-01 14:20:00,1.7306258,1.7306258,1.7245676,1.7245676,24096698.02911756,41612344.0
2026-06-01 14:25:00,1.7245676,1.7286064,1.7225482,1.7225482,50803117.757749826,87661010.0
2026-06-01 14:30:00,1.7225482,1.7316355,1.7205288,1.7275967,24415917.599286918,42133940.0
2026-06-01 14:35:00,1.7286064,1.7326452,1.7225482,1.7245676,27676747.548776865,47785144.0
2026-06-01 14:40:00,1.726587,1.726587,1.7185094,1.7205288,34977731.99960384,60247760.0
2026-06-01 14:45:00,1.7195191,1.7205288,1.7154803,1.71649,38693770.42685946,66456348.0
2026-06-01 14:50:00,1.7185094,1.7275967,1.7185094,1.7235579,19608604.536000792,33798230.0
2026-06-01 14:55:00,1.7235579,1.7245676,1.7154803,1.71649,28149963.355452113,48387904.0
2026-06-01 15:00:00,1.71649,1.7195191,1.7154803,1.7185094,22229905.91264732,38174820.0
2026-06-02 09:35:00,1.7215385,1.7417325000000001,1.7215385,1.7275967,127725447.16252352,220745383.0
2026-06-02 09:40:00,1.7275967,1.7376937000000001,1.7255773,1.7306258,99413687.23383182,172213120.0
2026-06-02 09:45:00,1.7306258,1.7316355,1.7084124,1.7094221,70473819.94651876,121107850.0
2026-06-02 09:50:00,1.7094221,1.71649,1.7043736,1.7084124,83979191.83916014,143616290.0
2026-06-02 09:55:00,1.7084124,1.7104318,1.6922572,1.7033639,67101614.34089333,114066890.0
2026-06-02 10:00:00,1.7023542,1.7023542,1.6932669,1.6983154,54480487.27344756,92466300.0
2026-06-02 10:05:00,1.6973057,1.7094221,1.6942766,1.6942766,31365328.31534119,53404450.0
2026-06-02 10:10:00,1.6942766,1.71649,1.6922572,1.7144706,43395765.07873625,74022210.0
2026-06-02 10:15:00,1.7154803,1.7195191,1.7124512,1.7174997,34280637.81321184,58823760.0
2026-06-02 10:20:00,1.7174997,1.7205288,1.7104318,1.7185094,34694265.62345251,59501856.0
2026-06-02 10:25:00,1.7185094,1.7205288,1.7134609,1.7185094,22570622.95731405,38746356.0
2026-06-02 10:30:00,1.7185094,1.7286064,1.7185094,1.7286064,24318130.137664653,41902492.0
2026-06-02 10:35:00,1.7296161,1.7326452,1.7275967,1.7316355,24432999.90096068,42275370.0
2026-06-02 10:40:00,1.7296161,1.7366840000000001,1.7296161,1.7336549,27728370.803208873,48092280.0
2026-06-02 10:45:00,1.7346646000000001,1.7376937000000001,1.7326452,1.7356743000000001,23582018.42131326,40927144.0
2026-06-02 10:50:00,1.7346646000000001,1.7376937000000001,1.7316355,1.7366840000000001,20259122.511637118,35161850.0
2026-06-02 10:55:00,1.7366840000000001,1.7457713000000001,1.7336549,1.7437519000000001,41966401.90155491,73048580.0
2026-06-02 11:00:00,1.7437519000000001,1.7518295000000002,1.7437519000000001,1.7518295000000002,28075586.80796276,49078290.0
2026-06-02 11:05:00,1.7518295000000002,1.7528392000000002,1.7427422000000001,1.7427422000000001,30457938.00138655,53230344.0
2026-06-02 11:10:00,1.7447616000000001,1.7508198000000001,1.7417325000000001,1.7417325000000001,29265623.452510644,51089716.0
2026-06-02 11:15:00,1.7427422000000001,1.7427422000000001,1.7296161,1.7306258,25395471.922353175,44067140.0
2026-06-02 11:20:00,1.7296161,1.7427422000000001,1.7296161,1.7417325000000001,31702315.53926909,54998852.0
2026-06-02 11:25:00,1.7417325000000001,1.7447616000000001,1.7366840000000001,1.7437519000000001,15091375.656135485,26282488.0
2026-06-02 11:30:00,1.7447616000000001,1.7457713000000001,1.7376937000000001,1.7397131000000001,9649550.361493513,16801160.0
2026-06-02 13:05:00,1.7397131000000001,1.7488004000000001,1.7397131000000001,1.7447616000000001,21299720.70912152,37157200.0
2026-06-02 13:10:00,1.7447616000000001,1.7477907000000001,1.7427422000000001,1.7477907000000001,16299098.742200652,28458244.0
2026-06-02 13:15:00,1.7477907000000001,1.7538489000000002,1.7447616000000001,1.7538489000000002,21320839.853421807,37302016.0
2026-06-02 13:20:00,1.7538489000000002,1.7558683000000002,1.7508198000000001,1.7528392000000002,25105049.02446271,44032604.0
2026-06-02 13:25:00,1.7518295000000002,1.7568780000000002,1.7508198000000001,1.7558683000000002,14818784.78756066,25998114.0
2026-06-02 13:30:00,1.7558683000000002,1.7578877000000002,1.7538489000000002,1.7568780000000002,13012875.111419233,22851196.0
2026-06-02 13:35:00,1.7568780000000002,1.7649556000000002,1.7558683000000002,1.7619265000000002,19842838.466871347,34952330.0
2026-06-02 13:40:00,1.7619265000000002,1.7629362000000002,1.7538489000000002,1.7548586000000002,11565910.666534614,20340188.0
2026-06-02 13:45:00,1.7548586000000002,1.7599071000000002,1.7518295000000002,1.7548586000000002,19625328.31534119,34444830.0
2026-06-02 13:50:00,1.7538489000000002,1.7558683000000002,1.7498101000000001,1.7538489000000002,16840243.63672378,29509420.0
2026-06-02 13:55:00,1.7548586000000002,1.7609168000000002,1.7538489000000002,1.7609168000000002,10829507.77458651,19033036.0
2026-06-02 14:00:00,1.7599071000000002,1.7609168000000002,1.7558683000000002,1.7568780000000002,4789558.284639002,8418577.0
2026-06-02 14:05:00,1.7568780000000002,1.7599071000000002,1.7518295000000002,1.7548586000000002,17872865.20748737,31373066.0
2026-06-02 14:10:00,1.7558683000000002,1.7558683000000002,1.7447616000000001,1.7447616000000001,26144399.326532632,45709516.0
2026-06-02 14:15:00,1.7447616000000001,1.7467810000000001,1.7397131000000001,1.7417325000000001,10127539.86332574,17645652.0
2026-06-02 14:20:00,1.7407228000000001,1.7447616000000001,1.7376937000000001,1.7447616000000001,9601564.821234029,16714376.0
2026-06-02 14:25:00,1.7437519000000001,1.7457713000000001,1.7417325000000001,1.7437519000000001,7540553.629791027,13151685.0
2026-06-02 14:30:00,1.7437519000000001,1.7467810000000001,1.7417325000000001,1.7457713000000001,6753076.1612360105,11781460.0
2026-06-02 14:35:00,1.7457713000000001,1.7467810000000001,1.7417325000000001,1.7437519000000001,15081434.089333465,26316992.0
2026-06-02 14:40:00,1.7437519000000001,1.7457713000000001,1.7437519000000001,1.7447616000000001,5991505.397642864,10452602.0
2026-06-02 14:45:00,1.7457713000000001,1.7467810000000001,1.7437519000000001,1.7447616000000001,7660635.832425472,13366995.0
2026-06-02 14:50:00,1.7437519000000001,1.7457713000000001,1.7417325000000001,1.7437519000000001,6807362.582945429,11871884.0
2026-06-02 14:55:00,1.7437519000000001,1.7437519000000001,1.7427422000000001,1.7427422000000001,14556177.082301673,25374644.0
2026-06-02 15:00:00,1.7437519000000001,1.7447616000000001,1.7427422000000001,1.7437519000000001,10415062.889967317,18159026.0
2026-06-03 09:35:00,1.7447616000000001,1.7649556000000002,1.7447616000000001,1.7619265000000002,60700607.111023076,106651198.0
2026-06-03 09:40:00,1.7609168000000002,1.777072,1.7609168000000002,1.7720235,77283123.70010895,136683040.0
2026-06-03 09:45:00,1.7700041,1.7730332,1.7588974000000002,1.7730332,55727863.721897595,98400590.0
2026-06-03 09:50:00,1.7730332,1.7851496,1.7710138,1.7841399,39531143.90412994,70310936.0
2026-06-03 09:55:00,1.7841399,1.7922175,1.7831302,1.7861593,53362527.48341091,95448060.0
2026-06-03 10:00:00,1.7851496,1.7952466,1.7851496,1.7952466,48220259.483014755,86280500.0
2026-06-03 10:05:00,1.7942369,1.7952466,1.7851496,1.7851496,43254927.20610082,77531700.0
2026-06-03 10:10:00,1.7861593,1.7942369,1.7831302,1.7912078,30740976.52768149,55015796.0
2026-06-03 10:15:00,1.7922175,1.7922175,1.7760623,1.7760623,33307418.044963848,59354920.0
2026-06-03 10:20:00,1.7760623,1.787169,1.7740429,1.7831302,22874616.222640388,40706570.0
2026-06-03 10:25:00,1.7831302,1.7992854,1.7831302,1.7982757,30701800.53481232,55095830.0
2026-06-03 10:30:00,1.7982757,1.8002951,1.7912078,1.7932272,51177375.458056845,91900440.0
2026-06-03 10:35:00,1.7922175,1.7962563,1.7922175,1.7962563,23574198.276715856,42306636.0
2026-06-03 10:40:00,1.7962563,1.8033242,1.7942369,1.8023145,57182153.114786565,102877000.0
2026-06-03 10:45:00,1.8023145,1.807363,1.7992854,1.8053436,22589507.77458651,40765900.0
2026-06-03 10:50:00,1.8053436,1.8063533,1.8002951,1.8063533,18956192.928592652,34194780.0
2026-06-03 10:55:00,1.8063533,1.8114018,1.8063533,1.8103921,25725146.08299495,46530732.0
2026-06-03 11:00:00,1.8093824,1.8114018,1.8063533,1.8114018,15553134.59443399,28151492.0
2026-06-03 11:05:00,1.8114018,1.8194794,1.8103921,1.81746,29363573.33861543,53318356.0
2026-06-03 11:10:00,1.81746,1.8214988,1.8164503,1.8214988,14629489.94750916,26613060.0
2026-06-03 11:15:00,1.8214988,1.827557,1.8214988,1.8225085,18276157.274437953,33334596.0
2026-06-03 11:20:00,1.8235182,1.827557,1.8194794,1.8225085,22960087.154600374,41894924.0
2026-06-03 11:25:00,1.8235182,1.8255376,1.8164503,1.8214988,30014657.819154203,54657524.0
2026-06-03 11:30:00,1.8214988,1.8305861,1.8194794,1.827557,17409923.73972467,31780270.0
2026-06-03 13:05:00,1.8265473,1.8315958,1.81746,1.8184697,48461820.34267604,88361810.0
2026-06-03 13:10:00,1.8184697,1.8214988,1.8103921,1.8214988,20253156.383084085,36789170.0
2026-06-03 13:15:00,1.8235182,1.8285667,1.8194794,1.8194794,23340429.830642764,42575490.0
2026-06-03 13:20:00,1.8194794,1.827557,1.8154406,1.8235182,16472577.993463404,29997328.0
2026-06-03 13:25:00,1.8235182,1.827557,1.8154406,1.8154406,17910670.496186987,32671668.0
2026-06-03 13:30:00,1.8154406,1.8154406,1.8053436,1.807363,24723391.10626919,44755090.0
2026-06-03 13:35:00,1.8063533,1.8093824,1.8002951,1.8002951,18365356.0463504,33151244.0
2026-06-03 13:40:00,1.8013048,1.8053436,1.7982757,1.8053436,16593443.597108051,29892204.0
2026-06-03 13:45:00,1.8053436,1.8114018,1.8053436,1.8083727,8237694.364662771,14894336.0
2026-06-03 13:50:00,1.8083727,1.8093824,1.8033242,1.8083727,13365455.08566901,24144420.0
2026-06-03 13:55:00,1.8083727,1.8083727,1.8002951,1.8013048,9220857.680499157,16641628.0
2026-06-03 14:00:00,1.8013048,1.8013048,1.7952466,1.7992854,16777397.24670694,30164376.0
2026-06-03 14:05:00,1.7992854,1.8043339,1.7982757,1.8002951,26405566.009705853,47580224.0
2026-06-03 14:10:00,1.7992854,1.7992854,1.787169,1.7881787,11936812.914727146,21395584.0
2026-06-03 14:15:00,1.787169,1.7922175,1.787169,1.7891884,8102913.736753491,14494073.0
2026-06-03 14:20:00,1.7881787,1.7881787,1.7790914,1.7811108,12185203.525799742,21724676.0
2026-06-03 14:25:00,1.7801011,1.7801011,1.7720235,1.7720235,25159124.49242349,44676330.0
2026-06-03 14:30:00,1.7730332,1.7740429,1.7679847,1.7710138,17841802.515598692,31598176.0
2026-06-03 14:35:00,1.7700041,1.7720235,1.7558683000000002,1.7588974000000002,40371967.91126077,71229410.0
2026-06-03 14:40:00,1.7588974000000002,1.766975,1.7568780000000002,1.7659653000000002,38513316.82678023,67827020.0
2026-06-03 14:45:00,1.766975,1.7750526,1.7659653000000002,1.7710138,35101673.7644845,62156050.0
2026-06-03 14:50:00,1.7710138,1.7811108,1.7700041,1.7801011,21641481.6282064,38424890.0
2026-06-03 14:55:00,1.7790914,1.7831302,1.7790914,1.7801011,23390115.876002774,41668290.0
2026-06-03 15:00:00,1.7811108,1.7841399,1.7801011,1.7841399,10777724.076458354,19208700.0
2026-06-04 09:35:00,1.7538489000000002,1.7639459000000002,1.7498101000000001,1.7619265000000002,52431771.813409925,92128340.0
2026-06-04 09:40:00,1.7629362000000002,1.7831302,1.7619265000000002,1.7750526,65156248.39061107,115531490.0
2026-06-04 09:45:00,1.7760623,1.7851496,1.7750526,1.7811108,47618302.466079034,84727780.0
2026-06-04 09:50:00,1.7811108,1.7952466,1.7811108,1.787169,36716216.698029116,65655370.0
2026-06-04 09:55:00,1.7881787,1.7992854,1.7821205,1.7952466,25878175.695751213,46290664.0
2026-06-04 10:00:00,1.7962563,1.8093824,1.7922175,1.8083727,35316917.89640487,63529276.0
2026-06-04 10:05:00,1.8083727,1.8083727,1.7952466,1.7952466,29727887.49133406,53572510.0
2026-06-04 10:10:00,1.7952466,1.8154406,1.7952466,1.8124115,29800336.73368327,53857630.0
2026-06-04 10:15:00,1.8124115,1.8124115,1.8013048,1.8093824,16790876.497969694,30337440.0
2026-06-04 10:20:00,1.8083727,1.8093824,1.7982757,1.8002951,25212439.33841735,45474440.0
2026-06-04 10:25:00,1.8002951,1.8013048,1.7901981,1.7901981,19495988.907596316,34995880.0
2026-06-04 10:30:00,1.7901981,1.8043339,1.7891884,1.8043339,26941245.914628107,48399844.0
2026-06-04 10:35:00,1.8033242,1.8043339,1.7952466,1.7962563,18967356.640586313,34152064.0
2026-06-04 10:40:00,1.7962563,1.7992854,1.7932272,1.7952466,10458521.34297316,18788184.0
2026-06-04 10:45:00,1.7952466,1.8013048,1.7952466,1.797266,8110932.950381301,14587415.0
2026-06-04 10:50:00,1.797266,1.8063533,1.7962563,1.8043339,25536656.432603743,45983084.0
2026-06-04 10:55:00,1.8043339,1.8053436,1.7922175,1.8023145,16888778.845201544,30397016.0
2026-06-04 11:00:00,1.8033242,1.807363,1.8002951,1.8053436,19138655.046053283,34506532.0
2026-06-04 11:05:00,1.8063533,1.8063533,1.8002951,1.8043339,21023175.20055462,37904812.0
2026-06-04 11:10:00,1.8053436,1.8063533,1.797266,1.7982757,11879111.617312072,21420116.0
2026-06-04 11:15:00,1.7992854,1.7992854,1.7922175,1.7962563,7590720.015846291,13624592.0
2026-06-04 11:20:00,1.7962563,1.8002951,1.7952466,1.7982757,8142339.308705556,14629214.0
2026-06-04 11:25:00,1.7982757,1.7992854,1.7932272,1.7942369,9392789.937605228,16866652.0
2026-06-04 11:30:00,1.7942369,1.7942369,1.7891884,1.7932272,5068086.560364464,9081166.0
2026-06-04 13:05:00,1.7932272,1.8023145,1.7932272,1.7942369,20343904.129939586,36561332.0
2026-06-04 13:10:00,1.7952466,1.8013048,1.7942369,1.7962563,12894656.828761017,23182740.0
2026-06-04 13:15:00,1.797266,1.8043339,1.7952466,1.8023145,12744768.743191047,22941244.0
2026-06-04 13:20:00,1.8033242,1.8033242,1.7982757,1.8033242,6125887.887491334,11035869.0
2026-06-04 13:25:00,1.8023145,1.8043339,1.8002951,1.8002951,5293849.658314351,9539053.0
2026-06-04 13:30:00,1.8002951,1.8023145,1.7992854,1.8002951,4591858.9680103,8267523.0
2026-06-04 13:35:00,1.7992854,1.8013048,1.7942369,1.7942369,5999504.803406952,10794378.0
2026-06-04 13:40:00,1.7952466,1.797266,1.7932272,1.7942369,9226296.91987719,16562404.0
2026-06-04 13:45:00,1.7942369,1.8023145,1.7932272,1.8023145,6296721.798554026,11315006.0
2026-06-04 13:50:00,1.8013048,1.8033242,1.7942369,1.7942369,5706878.2806774285,10264554.0
2026-06-04 13:55:00,1.7962563,1.797266,1.7932272,1.797266,4828364.860849757,8666987.0
2026-06-04 14:00:00,1.797266,1.8023145,1.7962563,1.8013048,6815582.846390016,12275757.0
2026-06-04 14:05:00,1.8002951,1.8063533,1.8002951,1.8033242,16118993.760522926,29070632.0
2026-06-04 14:10:00,1.8043339,1.8043339,1.7992854,1.8023145,6252728.533227691,11265449.0
2026-06-04 14:15:00,1.8023145,1.8033242,1.797266,1.7992854,6020894.325047043,10840631.0
2026-06-04 14:20:00,1.7992854,1.8013048,1.797266,1.797266,4635582.846390016,8337931.0
2026-06-04 14:25:00,1.7962563,1.797266,1.7841399,1.7851496,14616717.836981282,26139828.0
2026-06-04 14:30:00,1.7851496,1.7912078,1.7841399,1.7912078,14141734.178468851,25289760.0
2026-06-04 14:35:00,1.7932272,1.7952466,1.7891884,1.7932272,7105251.064672675,12729447.0
2026-06-04 14:40:00,1.7942369,1.7942369,1.787169,1.7901981,7537684.46073091,13489712.0
2026-06-04 14:45:00,1.7891884,1.7912078,1.787169,1.7912078,5316866.395959196,9512402.0
2026-06-04 14:50:00,1.7912078,1.7932272,1.7891884,1.7922175,8186388.036050311,14658819.0
2026-06-04 14:55:00,1.7922175,1.7942369,1.7912078,1.7922175,13221089.432504704,23707524.0
2026-06-04 15:00:00,1.7912078,1.7942369,1.7901981,1.7932272,10488417.35168862,18793330.0
2026-06-05 09:35:00,1.7599071000000002,1.7639459000000002,1.7387034000000001,1.7457713000000001,44773794.196295924,78241173.0
2026-06-05 09:40:00,1.7467810000000001,1.7518295000000002,1.7417325000000001,1.7457713000000001,46800550.65861147,81733850.0
2026-06-05 09:45:00,1.7447616000000001,1.7538489000000002,1.7417325000000001,1.7528392000000002,31530256.5118352,55130024.0
2026-06-05 09:50:00,1.7518295000000002,1.7578877000000002,1.7427422000000001,1.7578877000000002,20349953.451520253,35632264.0
2026-06-05 09:55:00,1.7578877000000002,1.7689944,1.7568780000000002,1.7689944,51161037.93205903,90114040.0
2026-06-05 10:00:00,1.7689944,1.7710138,1.7629362000000002,1.7700041,22972098.643161334,40605370.0
2026-06-05 10:05:00,1.7689944,1.777072,1.766975,1.7750526,18251567.79241359,32368164.0
2026-06-05 10:10:00,1.7750526,1.7790914,1.7740429,1.777072,17247202.13924928,30635626.0
2026-06-05 10:15:00,1.777072,1.7821205,1.7710138,1.7811108,25603086.06516787,45465708.0
2026-06-05 10:20:00,1.7801011,1.7811108,1.7760623,1.7780817,13027334.851936217,23181552.0
2026-06-05 10:25:00,1.7790914,1.7861593,1.7780817,1.7841399,13555876.993166286,24181840.0
2026-06-05 10:30:00,1.7851496,1.7891884,1.7831302,1.787169,11955980.984450826,21360782.0
2026-06-05 10:35:00,1.7861593,1.787169,1.777072,1.7801011,19957215.0143607,35528660.0
2026-06-05 10:40:00,1.7790914,1.7790914,1.7710138,1.7720235,10715856.194909379,19022612.0
2026-06-05 10:45:00,1.7720235,1.7720235,1.7639459000000002,1.766975,13413741.705457065,23698774.0
2026-06-05 10:50:00,1.7700041,1.7790914,1.766975,1.7760623,10968829.355254035,19485422.0
2026-06-05 10:55:00,1.7760623,1.7780817,1.766975,1.766975,8503515.895810636,15086559.0
2026-06-05 11:00:00,1.7659653000000002,1.7689944,1.7629362000000002,1.7689944,18399354.263642665,32499196.0
2026-06-05 11:05:00,1.7689944,1.7720235,1.7639459000000002,1.7659653000000002,14334455.77894424,25336212.0
2026-06-05 11:10:00,1.766975,1.7740429,1.7639459000000002,1.7730332,7834109.141329107,13850112.0
2026-06-05 11:15:00,1.7730332,1.7730332,1.766975,1.7700041,4152421.5113400016,7347769.0
2026-06-05 11:20:00,1.7700041,1.7760623,1.7689944,1.7689944,6795582.846390016,12041945.0
2026-06-05 11:25:00,1.7689944,1.7689944,1.7568780000000002,1.7568780000000002,26868079.627612162,47355864.0
2026-06-05 11:30:00,1.7568780000000002,1.7659653000000002,1.7558683000000002,1.7659653000000002,12643953.64959889,22227160.0
2026-06-05 13:05:00,1.7659653000000002,1.766975,1.7588974000000002,1.7649556000000002,12247202.139249282,21572720.0
2026-06-05 13:10:00,1.7649556000000002,1.7679847,1.7568780000000002,1.7578877000000002,3792017.430920075,6681150.0
2026-06-05 13:15:00,1.7568780000000002,1.7599071000000002,1.7548586000000002,1.7548586000000002,30799940.576408833,54134680.0
2026-06-05 13:20:00,1.7558683000000002,1.7609168000000002,1.7548586000000002,1.7599071000000002,11098544.12201644,19507520.0
2026-06-05 13:25:00,1.7599071000000002,1.7599071000000002,1.7488004000000001,1.7488004000000001,13547687.431910468,23768984.0
2026-06-05 13:30:00,1.7498101000000001,1.7498101000000001,1.7417325000000001,1.7427422000000001,38821729.22650292,67778990.0
2026-06-05 13:35:00,1.7427422000000001,1.7457713000000001,1.7376937000000001,1.7437519000000001,28268388.630286224,49215160.0
2026-06-05 13:40:00,1.7447616000000001,1.7467810000000001,1.7407228000000001,1.7447616000000001,15365455.08566901,26789772.0
2026-06-05 13:45:00,1.7447616000000001,1.7488004000000001,1.7417325000000001,1.7467810000000001,10396748.539170051,18144140.0
2026-06-05 13:50:00,1.7457713000000001,1.7518295000000002,1.7457713000000001,1.7498101000000001,7399029.414677626,12930438.0
2026-06-05 13:55:00,1.7488004000000001,1.7498101000000001,1.7437519000000001,1.7467810000000001,8413192.037238784,14690965.0
2026-06-05 14:00:00,1.7467810000000001,1.7488004000000001,1.7397131000000001,1.7397131000000001,14744874.715261959,25709000.0
2026-06-05 14:05:00,1.7397131000000001,1.7397131000000001,1.7326452,1.7336549,26058017.232841436,45256676.0
2026-06-05 14:10:00,1.7336549,1.7376937000000001,1.7336549,1.7356743000000001,15724865.801723283,27295010.0
2026-06-05 14:15:00,1.7366840000000001,1.7366840000000001,1.7296161,1.7336549,20456769.337426957,35444230.0
2026-06-05 14:20:00,1.7326452,1.7346646000000001,1.7316355,1.7326452,10785132.217490343,18685800.0
2026-06-05 14:25:00,1.7336549,1.7336549,1.7215385,1.7235579,19412278.894721203,33518068.0
2026-06-05 14:30:00,1.7235579,1.7245676,1.7205288,1.7225482,19311082.499752402,33265604.0
2026-06-05 14:35:00,1.7225482,1.7255773,1.7174997,1.7185094,29404841.04189363,50576904.0
2026-06-05 14:40:00,1.7185094,1.7275967,1.7154803,1.71649,45637149.64841042,78505600.0
2026-06-05 14:45:00,1.71649,1.7185094,1.7124512,1.71649,26437201.148856096,45352540.0
2026-06-05 14:50:00,1.7174997,1.7235579,1.7174997,1.7225482,30538571.85302565,52535960.0
2026-06-05 14:55:00,1.7225482,1.7255773,1.7215385,1.7215385,27032286.81786669,46605116.0
2026-06-05 15:00:00,1.7215385,1.7245676,1.7205288,1.7235579,15418438.149945527,26562072.0
2026-06-08 09:35:00,1.6609565000000002,1.6740826,1.655908,1.6609565000000002,163192205.60562542,271536468.0
2026-06-08 09:40:00,1.6579274,1.676102,1.6528789000000002,1.6720632,59017529.959393874,97993544.0
2026-06-08 09:45:00,1.6720632,1.6811505000000002,1.6680244,1.6791311000000002,38810165.39566208,64956610.0
2026-06-08 09:50:00,1.6781214,1.6811505000000002,1.6700438,1.6720632,37942586.90700208,63549708.0
2026-06-08 09:55:00,1.6710535000000002,1.6851893,1.6690341000000002,1.6841796,23024007.13083094,38674224.0
2026-06-08 10:00:00,1.6831699,1.6841796,1.6781214,1.6831699,28631692.581955034,48134230.0
2026-06-08 10:05:00,1.6821602,1.6851893,1.6710535000000002,1.6710535000000002,24115677.924135882,40466744.0
2026-06-08 10:10:00,1.6710535000000002,1.6821602,1.6700438,1.6771117000000002,21259423.59116569,35610148.0
2026-06-08 10:15:00,1.6771117000000002,1.6821602,1.6730729000000002,1.6821602,14855924.53203922,24907904.0
2026-06-08 10:20:00,1.6821602,1.6841796,1.6720632,1.6720632,19280875.507576507,32375460.0
2026-06-08 10:25:00,1.6710535000000002,1.6710535000000002,1.6579274,1.6609565000000002,35062681.984747946,58312880.0
2026-06-08 10:30:00,1.6609565000000002,1.6750923000000002,1.6609565000000002,1.6740826,11235128.2559176,18744080.0
2026-06-08 10:35:00,1.6740826,1.6791311000000002,1.6710535000000002,1.6771117000000002,10731652.966227591,17975748.0
2026-06-08 10:40:00,1.6750923000000002,1.686199,1.6750923000000002,1.6851893,18225952.26304843,30675364.0
2026-06-08 10:45:00,1.6851893,1.6851893,1.6811505000000002,1.6831699,11915021.2934535,20049050.0
2026-06-08 10:50:00,1.6811505000000002,1.6831699,1.6690341000000002,1.6700438,6838486.679211646,11472012.0
2026-06-08 10:55:00,1.6720632,1.6771117000000002,1.6690341000000002,1.676102,12375016.34148757,20696656.0
2026-06-08 11:00:00,1.6771117000000002,1.6781214,1.6720632,1.6720632,9577498.266811924,16040634.0
2026-06-08 11:05:00,1.6730729000000002,1.6750923000000002,1.6680244,1.6740826,11000344.656828761,18395064.0
2026-06-08 11:10:00,1.6740826,1.6740826,1.6649953000000002,1.6690341000000002,10976408.83430722,18317046.0
2026-06-08 11:15:00,1.6690341000000002,1.6700438,1.6619662,1.6619662,6430606.12062989,10705431.0
2026-06-08 11:20:00,1.6619662,1.666005,1.6599468,1.666005,8878249.97524017,14759652.0
2026-06-08 11:25:00,1.6670147000000002,1.6710535000000002,1.6629759000000002,1.6639856,8340700.207982569,13901131.0
2026-06-08 11:30:00,1.6649953000000002,1.666005,1.6579274,1.6589371000000002,9562596.81093394,15883504.0
2026-06-08 13:05:00,1.6589371000000002,1.6589371000000002,1.6518692,1.6569177000000002,22701495.493711002,37578496.0
2026-06-08 13:10:00,1.6569177000000002,1.6609565000000002,1.6538886,1.6579274,8652508.665940378,14337178.0
2026-06-08 13:15:00,1.6589371000000002,1.6629759000000002,1.6569177000000002,1.6599468,9855506.586114688,16363633.0
2026-06-08 13:20:00,1.6579274,1.6599468,1.6518692,1.6528789000000002,17359540.457561653,28729696.0
2026-06-08 13:25:00,1.6528789000000002,1.6538886,1.6478304,1.6478304,24053689.214618202,39708400.0
2026-06-08 13:30:00,1.6478304,1.6508595000000001,1.6437916,1.6448013000000001,24823214.816282064,40889890.0
2026-06-08 13:35:00,1.6437916,1.6478304,1.6407625000000001,1.6427819000000001,24254578.587699316,39869932.0
2026-06-08 13:40:00,1.6417722,1.6427819000000001,1.6357140000000001,1.6377334000000001,40095370.90224819,65693510.0
2026-06-08 13:45:00,1.6367237000000001,1.6377334000000001,1.6306655,1.6316752,30849163.11775775,50425000.0
2026-06-08 13:50:00,1.6326849,1.6427819000000001,1.6286461,1.6427819000000001,28072896.900069326,45895430.0
2026-06-08 13:55:00,1.6427819000000001,1.645811,1.6387431000000001,1.6387431000000001,28315784.88659998,46486060.0
2026-06-08 14:00:00,1.6377334000000001,1.6498498,1.6377334000000001,1.6468207000000001,25480661.58264831,41892370.0
2026-06-08 14:05:00,1.6468207000000001,1.6518692,1.6417722,1.6508595000000001,13557754.778647123,22329374.0
2026-06-08 14:10:00,1.6508595000000001,1.6528789000000002,1.6448013000000001,1.6478304,14110230.76161236,23266268.0
2026-06-08 14:15:00,1.6478304,1.6478304,1.6407625000000001,1.6417722,7503119.738536199,12329924.0
2026-06-08 14:20:00,1.6417722,1.6518692,1.6417722,1.6498498,12832172.922650293,21152196.0
2026-06-08 14:25:00,1.6498498,1.6589371000000002,1.6498498,1.6589371000000002,14397606.219669208,23807402.0
2026-06-08 14:30:00,1.6589371000000002,1.6649953000000002,1.6589371000000002,1.6649953000000002,15754041.794592453,26192984.0
2026-06-08 14:35:00,1.6639856,1.6649953000000002,1.6528789000000002,1.6528789000000002,11534119.045260968,19133092.0
2026-06-08 14:40:00,1.6528789000000002,1.6548983000000002,1.6437916,1.645811,8684955.927503219,14323185.0
2026-06-08 14:45:00,1.6478304,1.6508595000000001,1.6448013000000001,1.6508595000000001,22238662.96919877,36658944.0
2026-06-08 14:50:00,1.6508595000000001,1.6538886,1.645811,1.6468207000000001,25442210.557591364,41915120.0
2026-06-08 14:55:00,1.645811,1.6468207000000001,1.6437916,1.645811,14996335.545211447,24677284.0
2026-06-08 15:00:00,1.645811,1.6508595000000001,1.645811,1.6498498,9886904.030900268,16285575.0
2026-06-09 09:35:00,1.6811505000000002,1.6841796,1.6629759000000002,1.6639856,74836228.58274734,125187438.0
2026-06-09 09:40:00,1.6649953000000002,1.6781214,1.6649953000000002,1.6750923000000002,47196206.79409725,78949210.0
2026-06-09 09:45:00,1.6750923000000002,1.6811505000000002,1.6710535000000002,1.6811505000000002,34371991.68069723,57593950.0
2026-06-09 09:50:00,1.6811505000000002,1.6841796,1.6771117000000002,1.6811505000000002,37425243.14152718,62908852.0
2026-06-09 09:55:00,1.6811505000000002,1.6811505000000002,1.666005,1.666005,47653956.62077845,79780664.0
2026-06-09 10:00:00,1.666005,1.6771117000000002,1.666005,1.6771117000000002,25550854.7093196,42704932.0
2026-06-09 10:05:00,1.6771117000000002,1.6811505000000002,1.6700438,1.6700438,27682329.404773694,46417004.0
2026-06-09 10:10:00,1.6700438,1.6771117000000002,1.6690341000000002,1.6740826,11731108.24997524,19613900.0
2026-06-09 10:15:00,1.6740826,1.6771117000000002,1.6700438,1.6710535000000002,16450727.93899178,27538494.0
2026-06-09 10:20:00,1.6710535000000002,1.6710535000000002,1.6599468,1.6609565000000002,20597405.169852432,34303884.0
2026-06-09 10:25:00,1.6619662,1.666005,1.6579274,1.6609565000000002,34005813.60800237,56509656.0
2026-06-09 10:30:00,1.6609565000000002,1.6700438,1.6609565000000002,1.6680244,17143904.129939586,28541020.0
2026-06-09 10:35:00,1.6690341000000002,1.6750923000000002,1.6680244,1.6740826,11379815.786867386,19020710.0
2026-06-09 10:40:00,1.6740826,1.6740826,1.6639856,1.666005,16587597.306130534,27652848.0
2026-06-09 10:45:00,1.666005,1.6720632,1.6649953000000002,1.6720632,11054843.022680003,18438468.0
2026-06-09 10:50:00,1.6730729000000002,1.676102,1.6710535000000002,1.6710535000000002,14923043.47826087,24978564.0
2026-06-09 10:55:00,1.6710535000000002,1.6771117000000002,1.6710535000000002,1.6740826,15102742.398732295,25282724.0
2026-06-09 11:00:00,1.6730729000000002,1.676102,1.6710535000000002,1.6740826,8449341.388531247,14144588.0
2026-06-09 11:05:00,1.6740826,1.6791311000000002,1.6710535000000002,1.676102,19457173.417846885,32595266.0
2026-06-09 11:10:00,1.6771117000000002,1.6831699,1.6750923000000002,1.6821602,12267500.247598296,20593232.0
2026-06-09 11:15:00,1.6821602,1.6892281,1.6821602,1.686199,25548123.20491235,43072670.0
2026-06-09 11:20:00,1.6851893,1.6872087,1.6821602,1.6831699,11776815.885906704,19854384.0
2026-06-09 11:25:00,1.6831699,1.6851893,1.6791311000000002,1.6831699,18758809.547390312,31567016.0
2026-06-09 11:30:00,1.6841796,1.6952863,1.6841796,1.6952863,28677131.82133307,48434110.0
2026-06-09 13:05:00,1.6973057,1.7084124,1.696296,1.6983154,33515166.881251857,57046280.0
2026-06-09 13:10:00,1.6973057,1.7003348,1.6952863,1.6973057,16201148.85609587,27510072.0
2026-06-09 13:15:00,1.696296,1.7043736,1.6932669,1.7023542,16267244.726156283,27638064.0
2026-06-09 13:20:00,1.7033639,1.706393,1.7003348,1.7043736,23883925.918589678,40695470.0
2026-06-09 13:25:00,1.7043736,1.7104318,1.7023542,1.7053833,30408683.76745568,51883170.0
2026-06-09 13:30:00,1.706393,1.7074027,1.7013445,1.7033639,19626720.808160838,33446872.0
2026-06-09 13:35:00,1.7043736,1.7084124,1.7043736,1.706393,23375757.15559077,39893268.0
2026-06-09 13:40:00,1.706393,1.7074027,1.6983154,1.7033639,24819055.164900463,42285390.0
2026-06-09 13:45:00,1.7033639,1.7084124,1.7023542,1.7084124,27511387.540853716,46925844.0
2026-06-09 13:50:00,1.7084124,1.7124512,1.706393,1.7104318,31632280.875507575,54058456.0
2026-06-09 13:55:00,1.7104318,1.7114415,1.7074027,1.7094221,20631544.02297712,35261428.0
2026-06-09 14:00:00,1.7094221,1.7094221,1.7033639,1.7053833,7712789.937605229,13169359.0
2026-06-09 14:05:00,1.7053833,1.7114415,1.7043736,1.7094221,13154709.31959988,22477070.0
2026-06-09 14:10:00,1.7104318,1.7144706,1.7104318,1.7134609,14705457.066455383,25180276.0
2026-06-09 14:15:00,1.7134609,1.7144706,1.7094221,1.7104318,12342378.924432999,21139668.0
2026-06-09 14:20:00,1.7104318,1.7124512,1.7074027,1.7104318,7815706.645538278,13365603.0
2026-06-09 14:25:00,1.7104318,1.7104318,1.7084124,1.7084124,3905714.568683767,6676634.0
2026-06-09 14:30:00,1.7084124,1.7114415,1.7084124,1.7104318,8288402.495790829,14174777.0
2026-06-09 14:35:00,1.7114415,1.7154803,1.7114415,1.7124512,15022025.354065564,25734304.0
2026-06-09 14:40:00,1.7134609,1.7134609,1.7114415,1.7134609,8613293.057343764,14752042.0
2026-06-09 14:45:00,1.7124512,1.7144706,1.7124512,1.7144706,10694499.356244428,18328072.0
2026-06-09 14:50:00,1.7144706,1.7215385,1.7144706,1.7174997,46913455.48182628,80627304.0
2026-06-09 14:55:00,1.7185094,1.7195191,1.71649,1.7174997,47080221.84807368,80889576.0
2026-06-09 15:00:00,1.71649,1.7185094,1.7154803,1.7174997,20946665.34614242,35956336.0
2026-06-10 09:35:00,1.706393,1.7376937000000001,1.706393,1.7366840000000001,103478478.75606616,178218888.0
2026-06-10 09:40:00,1.7366840000000001,1.7518295000000002,1.7366840000000001,1.7488004000000001,89152312.56808953,155578260.0
2026-06-10 09:45:00,1.7477907000000001,1.7599071000000002,1.7457713000000001,1.7588974000000002,72506903.04050708,127069060.0
2026-06-10 09:50:00,1.7588974000000002,1.7760623,1.7578877000000002,1.7750526,67332217.49034366,118897820.0
2026-06-10 09:55:00,1.7740429,1.7750526,1.7649556000000002,1.7659653000000002,38755640.28919481,68631576.0
2026-06-10 10:00:00,1.766975,1.766975,1.7467810000000001,1.7488004000000001,69849262.15707636,122587560.0
2026-06-10 10:05:00,1.7488004000000001,1.7558683000000002,1.7376937000000001,1.7397131000000001,43346934.73308904,75717530.0
2026-06-10 10:10:00,1.7387034000000001,1.7427422000000001,1.7275967,1.7296161,21955531.345944338,38140092.0
2026-06-10 10:15:00,1.7296161,1.7326452,1.7245676,1.7245676,27931662.87015945,48274588.0
2026-06-10 10:20:00,1.7245676,1.7356743000000001,1.7245676,1.7316355,14383250.470436763,24892516.0
2026-06-10 10:25:00,1.7286064,1.7366840000000001,1.7245676,1.7255773,14819157.175398633,25660228.0
2026-06-10 10:30:00,1.7235579,1.7286064,1.7174997,1.7174997,17488907.596315738,30088276.0
2026-06-10 10:35:00,1.7185094,1.7235579,1.7174997,1.7215385,17206574.229969297,29607708.0
2026-06-10 10:40:00,1.7215385,1.7225482,1.7134609,1.7134609,8557492.324452808,14696223.0
2026-06-10 10:45:00,1.7134609,1.7286064,1.7134609,1.7245676,9423095.969099732,16236376.0
2026-06-10 10:50:00,1.7255773,1.7275967,1.7174997,1.7245676,9456136.476181043,16289336.0
2026-06-10 10:55:00,1.7245676,1.7275967,1.7154803,1.7154803,14841735.168862037,25548204.0
2026-06-10 11:00:00,1.7144706,1.7154803,1.7104318,1.7134609,11283683.272259086,19330810.0
2026-06-10 11:05:00,1.7124512,1.7235579,1.7114415,1.7185094,12543437.654748935,21523636.0
2026-06-10 11:10:00,1.7195191,1.7205288,1.7154803,1.71649,10584697.434881648,18177850.0
2026-06-10 11:15:00,1.7154803,1.7215385,1.7114415,1.7215385,5804919.282955333,9953463.0
2026-06-10 11:20:00,1.7215385,1.7275967,1.71649,1.7185094,10571555.907695355,18215364.0
2026-06-10 11:25:00,1.7185094,1.7185094,1.7084124,1.7134609,9119243.339605823,15622510.0
2026-06-10 11:30:00,1.7144706,1.7205288,1.7144706,1.7195191,4183775.3788253935,7186655.0
2026-06-10 13:05:00,1.7195191,1.7195191,1.6993251,1.7033639,43830543.725859165,74696240.0
2026-06-10 13:10:00,1.706393,1.7104318,1.7003348,1.7013445,11766960.483311875,20064604.0
2026-06-10 13:15:00,1.7013445,1.7043736,1.696296,1.7003348,15414380.509062096,26200700.0
2026-06-10 13:20:00,1.7013445,1.7033639,1.6973057,1.7013445,4738178.666930771,8055969.0
2026-06-10 13:25:00,1.7013445,1.7023542,1.6942766,1.6983154,17795844.310191143,30208872.0
2026-06-10 13:30:00,1.6973057,1.7013445,1.6952863,1.6993251,7610874.5171833215,12921169.0
2026-06-10 13:35:00,1.6993251,1.7003348,1.6902378,1.6912475,9435277.805288699,15984735.0
2026-06-10 13:40:00,1.6892281,1.6952863,1.6882184,1.6922572,7842910.765573933,13263531.0
2026-06-10 13:45:00,1.6942766,1.6993251,1.6922572,1.6932669,15448450.034663761,26193044.0
2026-06-10 13:50:00,1.6942766,1.696296,1.6851893,1.686199,13390809.15123304,22642866.0
2026-06-10 13:55:00,1.686199,1.6942766,1.6831699,1.6922572,8664621.174606318,14620750.0
2026-06-10 14:00:00,1.6932669,1.7084124,1.6932669,1.7084124,10361958.007328909,17647784.0
2026-06-10 14:05:00,1.7084124,1.7124512,1.7033639,1.7043736,12883232.643359413,22012692.0
2026-06-10 14:10:00,1.7033639,1.7074027,1.6983154,1.7013445,4673269.287907299,7958673.0
2026-06-10 14:15:00,1.7013445,1.706393,1.6973057,1.6973057,3263642.6661384567,5555835.0
2026-06-10 14:20:00,1.6973057,1.7053833,1.696296,1.7053833,3167772.6057244726,5385397.0
2026-06-10 14:25:00,1.706393,1.7114415,1.7023542,1.7053833,8440824.007130831,14420753.0
2026-06-10 14:30:00,1.706393,1.706393,1.7023542,1.7053833,4899018.52035258,8346470.0
2026-06-10 14:35:00,1.7053833,1.7104318,1.7033639,1.7033639,8624793.503020698,14711105.0
2026-06-10 14:40:00,1.7053833,1.7074027,1.7003348,1.7013445,5858373.774388432,9974714.0
2026-06-10 14:45:00,1.7003348,1.7033639,1.6983154,1.7023542,3969793.007824106,6753207.0
2026-06-10 14:50:00,1.7023542,1.7074027,1.7013445,1.7074027,4029346.340497177,6864980.0
2026-06-10 14:55:00,1.7074027,1.7104318,1.706393,1.7074027,7771806.477171437,13275101.0
2026-06-10 15:00:00,1.7074027,1.7084124,1.7053833,1.7074027,6518096.464296325,11123384.0
2026-06-11 09:35:00,1.686199,1.71649,1.686199,1.6942766,59448770.92205606,101349521.0
2026-06-11 09:40:00,1.6942766,1.7053833,1.6942766,1.7053833,42456373.18015252,72155270.0
2026-06-11 09:45:00,1.7084124,1.7225482,1.7053833,1.7205288,66608269.78310389,114097930.0
2026-06-11 09:50:00,1.7205288,1.7255773,1.7154803,1.7195191,36479518.668911554,62801850.0
2026-06-11 09:55:00,1.7205288,1.7296161,1.71649,1.7195191,30208144.99356244,52060412.0
2026-06-11 10:00:00,1.7215385,1.7306258,1.7114415,1.71649,29790791.32415569,51338148.0
2026-06-11 10:05:00,1.7144706,1.7144706,1.7013445,1.7023542,23154382.48984847,39543430.0
2026-06-11 10:10:00,1.7013445,1.7053833,1.696296,1.7013445,12342378.924432999,20991132.0
2026-06-11 10:15:00,1.7013445,1.706393,1.6983154,1.7023542,13871942.161037931,23629616.0
2026-06-11 10:20:00,1.7023542,1.7023542,1.6922572,1.6942766,14648446.073091017,24839612.0
2026-06-11 10:25:00,1.6952863,1.6983154,1.6892281,1.6973057,9571555.907695355,16211890.0
2026-06-11 10:30:00,1.696296,1.7023542,1.6942766,1.6952863,11754283.45052986,19968966.0
2026-06-11 10:35:00,1.6952863,1.7043736,1.6942766,1.696296,16589581.06368228,28151926.0
2026-06-11 10:40:00,1.6973057,1.7023542,1.6942766,1.696296,10949192.829553332,18590652.0
2026-06-11 10:45:00,1.6973057,1.7023542,1.6973057,1.6983154,10611666.831732197,18038624.0
2026-06-11 10:50:00,1.6983154,1.7114415,1.6952863,1.7114415,10754549.866296919,18316288.0
2026-06-11 10:55:00,1.7114415,1.7144706,1.7013445,1.7013445,7959814.7964742,13628317.0
2026-06-11 11:00:00,1.7013445,1.7124512,1.7013445,1.7104318,7771417.252649302,13272153.0
2026-06-11 11:05:00,1.7104318,1.7104318,1.7003348,1.7033639,6620877.4883628795,11288909.0
2026-06-11 11:10:00,1.7033639,1.7043736,1.6932669,1.6942766,8676735.664058631,14719825.0
2026-06-11 11:15:00,1.6942766,1.6942766,1.6882184,1.6932669,7719025.4531048825,13049685.0
2026-06-11 11:20:00,1.6922572,1.6952863,1.686199,1.6882184,12769931.66287016,21584696.0
2026-06-11 11:25:00,1.6882184,1.6912475,1.6831699,1.6872087,16822719.619689018,28382084.0
2026-06-11 11:30:00,1.6882184,1.6922572,1.6851893,1.686199,6287634.941071605,10621071.0
2026-06-11 13:05:00,1.686199,1.7084124,1.686199,1.7013445,20243779.340398137,34415370.0
2026-06-11 13:10:00,1.7023542,1.7043736,1.6932669,1.7013445,14783130.632861245,25098994.0
2026-06-11 13:15:00,1.7013445,1.7114415,1.6983154,1.7084124,23619122.511637118,40296908.0
2026-06-11 13:20:00,1.7084124,1.7134609,1.7053833,1.7134609,5929207.685451124,10132356.0
2026-06-11 13:25:00,1.7134609,1.7144706,1.7033639,1.7033639,18378330.19708824,31434488.0
2026-06-11 13:30:00,1.7003348,1.706393,1.7003348,1.7023542,5052490.838863028,8602314.0
2026-06-11 13:35:00,1.7023542,1.7104318,1.6993251,1.7043736,5494404.278498564,9368748.0
2026-06-11 13:40:00,1.706393,1.7094221,1.7023542,1.7043736,9154440.92304645,15637975.0
2026-06-11 13:45:00,1.7023542,1.7074027,1.6993251,1.6993251,4839219.570169357,8236601.0
2026-06-11 13:50:00,1.6983154,1.7104318,1.6973057,1.7104318,4113895.216400911,7017881.0
2026-06-11 13:55:00,1.7104318,1.7144706,1.7084124,1.7124512,7783202.931563831,13320594.0
2026-06-11 14:00:00,1.7124512,1.7134609,1.706393,1.7074027,7263741.705457066,12412202.0
2026-06-11 14:05:00,1.7084124,1.7104318,1.7033639,1.706393,5379518.668911558,9182662.0
2026-06-11 14:10:00,1.706393,1.706393,1.696296,1.6973057,4556600.970585322,7746216.0
2026-06-11 14:15:00,1.6973057,1.6973057,1.6922572,1.696296,10191046.845597701,17276654.0
2026-06-11 14:20:00,1.6942766,1.696296,1.6912475,1.6922572,8631474.695454095,14617998.0
2026-06-11 14:25:00,1.6922572,1.6983154,1.6912475,1.6973057,5210260.473407943,8832812.0
2026-06-11 14:30:00,1.6983154,1.7003348,1.6942766,1.6942766,12163910.072298702,20617154.0
2026-06-11 14:35:00,1.6942766,1.7023542,1.6942766,1.6983154,8678824.403288106,14730757.0
2026-06-11 14:40:00,1.6993251,1.7023542,1.696296,1.7003348,3605553.134594434,6125310.0
2026-06-11 14:45:00,1.7003348,1.706393,1.7003348,1.7053833,6865639.298801624,11702796.0
2026-06-11 14:50:00,1.706393,1.7114415,1.7053833,1.7114415,10326671.288501535,17650202.0
2026-06-11 14:55:00,1.7104318,1.7154803,1.7104318,1.7154803,15531831.23700109,26611272.0
2026-06-11 15:00:00,1.7154803,1.7174997,1.7144706,1.7174997,13558387.639893036,23273284.0
2026-06-12 09:35:00,1.777072,1.7851496,1.7700041,1.7720235,80514283.45052986,143118572.0
2026-06-12 09:40:00,1.7720235,1.7811108,1.7659653000000002,1.7740429,49193909.081905514,87140616.0
2026-06-12 09:45:00,1.7730332,1.7750526,1.7588974000000002,1.7639459000000002,48596719.81776765,85865384.0
2026-06-12 09:50:00,1.7649556000000002,1.7811108,1.7649556000000002,1.7790914,41690458.55204516,73951920.0
2026-06-12 09:55:00,1.777072,1.7821205,1.7740429,1.7750526,33071872.833514903,58797730.0
2026-06-12 10:00:00,1.7750526,1.7760623,1.7679847,1.7730332,12315024.26463306,21818152.0
2026-06-12 10:05:00,1.7710138,1.7710138,1.7629362000000002,1.7679847,16148408.438149944,28522928.0
2026-06-12 10:10:00,1.7679847,1.777072,1.766975,1.7720235,10989382.985045062,19469092.0
2026-06-12 10:15:00,1.7720235,1.7760623,1.7689944,1.7689944,9101119.144300288,16124328.0
2026-06-12 10:20:00,1.7689944,1.7689944,1.7548586000000002,1.7599071000000002,13832920.669505794,24353340.0
2026-06-12 10:25:00,1.7609168000000002,1.7619265000000002,1.7508198000000001,1.7588974000000002,10875903.733782312,19100190.0
2026-06-12 10:30:00,1.7588974000000002,1.7588974000000002,1.7437519000000001,1.7447616000000001,10661879.766267208,18658274.0
2026-06-12 10:35:00,1.7427422000000001,1.7538489000000002,1.7427422000000001,1.7518295000000002,10531588.590670496,18416788.0
2026-06-12 10:40:00,1.7518295000000002,1.7568780000000002,1.7467810000000001,1.7528392000000002,7323165.296622759,12825344.0
2026-06-12 10:45:00,1.7528392000000002,1.7538489000000002,1.7437519000000001,1.7528392000000002,17217985.54025948,30101008.0
2026-06-12 10:50:00,1.7528392000000002,1.7588974000000002,1.7518295000000002,1.7568780000000002,8601861.939189859,15105291.0
2026-06-12 10:55:00,1.7568780000000002,1.7568780000000002,1.7498101000000001,1.7518295000000002,4661978.805585817,8172362.0
2026-06-12 11:00:00,1.7518295000000002,1.7528392000000002,1.7447616000000001,1.7477907000000001,9620877.48836288,16815892.0
2026-06-12 11:05:00,1.7467810000000001,1.7548586000000002,1.7457713000000001,1.7508198000000001,6102205.605625433,10693040.0
2026-06-12 11:10:00,1.7488004000000001,1.7488004000000001,1.7376937000000001,1.7376937000000001,9657464.593443597,16828684.0
2026-06-12 11:15:00,1.7387034000000001,1.7407228000000001,1.7346646000000001,1.7397131000000001,15076498.960087154,26195776.0
2026-06-12 11:20:00,1.7397131000000001,1.7477907000000001,1.7376937000000001,1.7427422000000001,13399287.907299196,23370360.0
2026-06-12 11:25:00,1.7407228000000001,1.7447616000000001,1.7387034000000001,1.7397131000000001,6452068.931365752,11234792.0
2026-06-12 11:30:00,1.7397131000000001,1.7427422000000001,1.7356743000000001,1.7356743000000001,3164999.504803407,5503623.0
2026-06-12 13:05:00,1.7366840000000001,1.7387034000000001,1.7316355,1.7326452,12719619.68901654,22066384.0
2026-06-12 13:10:00,1.7316355,1.7356743000000001,1.7275967,1.7275967,9938333.168267801,17209992.0
2026-06-12 13:15:00,1.7275967,1.7366840000000001,1.7275967,1.7326452,10432440.328810537,18059220.0
2026-06-12 13:20:00,1.7336549,1.7346646000000001,1.7286064,1.7306258,9609289.88808557,16636324.0
2026-06-12 13:25:00,1.7316355,1.7417325000000001,1.7306258,1.7397131000000001,10736564.326037437,18658156.0
2026-06-12 13:30:00,1.7397131000000001,1.7447616000000001,1.7387034000000001,1.7407228000000001,7427988.511439041,12938203.0
2026-06-12 13:35:00,1.7397131000000001,1.7437519000000001,1.7316355,1.7336549,8741111.221154798,15205395.0
2026-06-12 13:40:00,1.7336549,1.7387034000000001,1.7316355,1.7316355,6754580.568485688,11713912.0
2026-06-12 13:45:00,1.7316355,1.7397131000000001,1.7306258,1.7376937000000001,7508566.901059721,13035915.0
2026-06-12 13:50:00,1.7376937000000001,1.7407228000000001,1.7346646000000001,1.7387034000000001,8815687.828067742,15315598.0
2026-06-12 13:55:00,1.7387034000000001,1.7397131000000001,1.7336549,1.7336549,2312766.1681687627,4017540.0
2026-06-12 14:00:00,1.7336549,1.7336549,1.7286064,1.7326452,4912001.584629098,8501563.0
2026-06-12 14:05:00,1.7316355,1.7356743000000001,1.7296161,1.7326452,6597641.873823908,11431399.0
2026-06-12 14:10:00,1.7326452,1.7356743000000001,1.7286064,1.7296161,5866156.284044766,10159994.0
2026-06-12 14:15:00,1.7286064,1.7326452,1.7275967,1.7326452,6121176.5871050805,10587963.0
2026-06-12 14:20:00,1.7326452,1.7326452,1.726587,1.7296161,9277938.991779735,16034958.0
2026-06-12 14:25:00,1.7296161,1.7356743000000001,1.7296161,1.7306258,5949903.931860949,10306475.0
2026-06-12 14:30:00,1.7306258,1.7306258,1.726587,1.7275967,3171536.099831633,5482124.0
2026-06-12 14:35:00,1.7275967,1.7286064,1.7195191,1.7215385,7630339.70486283,13154600.0
2026-06-12 14:40:00,1.7215385,1.7225482,1.7185094,1.7215385,7599157.175398633,13077437.0
2026-06-12 14:45:00,1.7215385,1.7215385,1.7124512,1.7154803,13946375.160938893,23947020.0
2026-06-12 14:50:00,1.7144706,1.71649,1.7104318,1.71649,9434287.412102604,16158650.0
2026-06-12 14:55:00,1.71649,1.7185094,1.7144706,1.7144706,11242237.298207387,19303992.0
2026-06-12 15:00:00,1.7154803,1.7185094,1.7144706,1.7174997,10951347.925126275,18801164.0
2026-06-15 09:35:00,1.7397131000000001,1.7467810000000001,1.7195191,1.7205288,79830593.24551846,138675792.0
2026-06-15 09:40:00,1.7215385,1.7336549,1.7094221,1.7336549,41421515.30157472,71182500.0
2026-06-15 09:45:00,1.7336549,1.7457713000000001,1.7326452,1.7447616000000001,43430325.839358225,75533620.0
2026-06-15 09:50:00,1.7447616000000001,1.7599071000000002,1.7447616000000001,1.7588974000000002,35023650.58928394,61433616.0
2026-06-15 09:55:00,1.7599071000000002,1.7629362000000002,1.7568780000000002,1.7588974000000002,28211052.78795682,49645684.0
2026-06-15 10:00:00,1.7588974000000002,1.7629362000000002,1.7528392000000002,1.7609168000000002,24323014.75685847,42762956.0
2026-06-15 10:05:00,1.7629362000000002,1.777072,1.7588974000000002,1.777072,37483937.80330791,66340104.0
2026-06-15 10:10:00,1.777072,1.7780817,1.7700041,1.7710138,17635749.23244528,31259004.0
2026-06-15 10:15:00,1.7700041,1.7790914,1.7700041,1.7780817,24374784.589482024,43299170.0
2026-06-15 10:20:00,1.7780817,1.7780817,1.7710138,1.7750526,38210498.167772606,67826900.0
2026-06-15 10:25:00,1.7760623,1.7811108,1.7750526,1.7750526,32765272.853322767,58238612.0
2026-06-15 10:30:00,1.7750526,1.7851496,1.7750526,1.7841399,21633158.363870457,38538400.0
2026-06-15 10:35:00,1.7831302,1.7841399,1.7760623,1.7821205,15162820.639793998,26989156.0
2026-06-15 10:40:00,1.7811108,1.7841399,1.7801011,1.7831302,14016487.07536892,24985160.0
2026-06-15 10:45:00,1.7831302,1.7831302,1.7679847,1.7679847,14584469.644448845,25893776.0
2026-06-15 10:50:00,1.7689944,1.7760623,1.766975,1.7679847,18889541.447954837,33477100.0
2026-06-15 10:55:00,1.766975,1.7720235,1.766975,1.7700041,11060819.0551649,19564176.0
2026-06-15 11:00:00,1.7689944,1.7760623,1.7689944,1.7750526,8523092.007526988,15122374.0
2026-06-15 11:05:00,1.7740429,1.7740429,1.7679847,1.7689944,6759532.534416163,11974812.0
2026-06-15 11:10:00,1.7700041,1.7750526,1.7659653000000002,1.7750526,5965534.317123898,10562355.0
2026-06-15 11:15:00,1.7750526,1.7750526,1.7710138,1.7740429,6264930.17728038,11108288.0
2026-06-15 11:20:00,1.7750526,1.777072,1.7730332,1.7740429,4421282.559175992,7850287.0
2026-06-15 11:25:00,1.7730332,1.7750526,1.7720235,1.7750526,3429275.0321877785,6081475.0
2026-06-15 11:30:00,1.7750526,1.7790914,1.7750526,1.7760623,4933979.399821729,8768100.0
2026-06-15 13:05:00,1.777072,1.7851496,1.777072,1.7851496,20300180.25155987,36165650.0
2026-06-15 13:10:00,1.7841399,1.787169,1.7831302,1.7851496,12216499.95048034,21812712.0
2026-06-15 13:15:00,1.7851496,1.7861593,1.7760623,1.777072,8921065.663068239,15898767.0
2026-06-15 13:20:00,1.7780817,1.7851496,1.777072,1.7801011,7275230.266415766,12959881.0
2026-06-15 13:25:00,1.7801011,1.7811108,1.777072,1.7780817,3502327.423987323,6230190.0
2026-06-15 13:30:00,1.7780817,1.7790914,1.7730332,1.7790914,6206992.175893829,11023270.0
2026-06-15 13:35:00,1.7790914,1.7851496,1.7790914,1.7841399,4400570.466475191,7839805.0
2026-06-15 13:40:00,1.7841399,1.7851496,1.7801011,1.7801011,4373972.467069427,7793967.0
2026-06-15 13:45:00,1.7801011,1.7841399,1.7790914,1.7831302,4668614.439932653,8319315.0
2026-06-15 13:50:00,1.7831302,1.7861593,1.7821205,1.7851496,5735774.982668119,10235594.0
2026-06-15 13:55:00,1.7841399,1.7861593,1.7831302,1.7841399,5863127.661681687,10463614.0
2026-06-15 14:00:00,1.7851496,1.7851496,1.7821205,1.7831302,2720145.5877983556,4852039.0
2026-06-15 14:05:00,1.7841399,1.7851496,1.7790914,1.7811108,4736426.6613845695,8443003.0
2026-06-15 14:10:00,1.7801011,1.7831302,1.7780817,1.7831302,4476280.083193027,7971478.0
2026-06-15 14:15:00,1.7831302,1.7861593,1.7831302,1.7841399,4325740.318906606,7720871.0
2026-06-15 14:20:00,1.7841399,1.7861593,1.7831302,1.7841399,17644646.924829155,31482102.0
2026-06-15 14:25:00,1.7851496,1.787169,1.7841399,1.7861593,10454518.173714964,18673460.0
2026-06-15 14:30:00,1.7861593,1.7901981,1.7861593,1.7901981,13721838.169753391,24531628.0
2026-06-15 14:35:00,1.7891884,1.7942369,1.7881787,1.7942369,10044793.503020698,17991460.0
2026-06-15 14:40:00,1.7942369,1.7952466,1.7922175,1.7952466,6091943.151431118,10928182.0
2026-06-15 14:45:00,1.7942369,1.7982757,1.7942369,1.7982757,15166862.43438645,27255332.0
2026-06-15 14:50:00,1.797266,1.8033242,1.797266,1.8013048,16312232.346241457,29362960.0
2026-06-15 14:55:00,1.8013048,1.8023145,1.8002951,1.8023145,29079762.305635337,52396492.0
2026-06-15 15:00:00,1.8013048,1.807363,1.8013048,1.8053436,14628646.132514607,26388816.0
2026-06-16 09:35:00,1.8114018,1.8124115,1.7952466,1.7962563,56067109.042289786,101122260.0
2026-06-16 09:40:00,1.7952466,1.7992854,1.7881787,1.7992854,44061176.58710508,79005656.0
2026-06-16 09:45:00,1.8002951,1.8043339,1.7952466,1.7992854,23015153.01574725,41430984.0
2026-06-16 09:50:00,1.7982757,1.8043339,1.7962563,1.8023145,20996137.46657423,37771776.0
2026-06-16 09:55:00,1.8043339,1.8063533,1.8002951,1.8043339,23979498.861047834,43235536.0
2026-06-16 10:00:00,1.8043339,1.8063533,1.7932272,1.7932272,27641990.69030405,49749824.0
2026-06-16 10:05:00,1.7922175,1.7922175,1.7841399,1.7851496,28733683.272259086,51378230.0
2026-06-16 10:10:00,1.7851496,1.797266,1.7821205,1.797266,27458758.046944637,49135810.0
2026-06-16 10:15:00,1.7982757,1.8033242,1.797266,1.7982757,18427453.69911855,33179208.0
2026-06-16 10:20:00,1.797266,1.7982757,1.7901981,1.7962563,18367633.95067842,32954776.0
2026-06-16 10:25:00,1.7962563,1.8013048,1.7952466,1.7982757,10419233.435673961,18736564.0
2026-06-16 10:30:00,1.7982757,1.8023145,1.797266,1.797266,5397864.712290779,9717253.0
2026-06-16 10:35:00,1.797266,1.8023145,1.7952466,1.8023145,5269188.867980588,9474410.0
2026-06-16 10:40:00,1.8023145,1.807363,1.8013048,1.8043339,7640781.420223828,13795030.0
2026-06-16 10:45:00,1.8043339,1.8083727,1.8033242,1.807363,15544815.291670792,28075138.0
2026-06-16 10:50:00,1.8063533,1.8093824,1.8033242,1.8033242,12452312.568089532,22504494.0
2026-06-16 10:55:00,1.8033242,1.8033242,1.7992854,1.8013048,8114869.763296029,14613002.0
2026-06-16 11:00:00,1.8002951,1.8033242,1.797266,1.7992854,5783995.246112706,10411396.0
2026-06-16 11:05:00,1.7982757,1.8023145,1.7982757,1.7982757,2541150.836882242,4572103.0
2026-06-16 11:10:00,1.7982757,1.8002951,1.7942369,1.7982757,6002971.179558285,10785877.0
2026-06-16 11:15:00,1.7982757,1.8053436,1.7982757,1.8053436,3562642.369020501,6415630.0
2026-06-16 11:20:00,1.8053436,1.8053436,1.8002951,1.8053436,5799692.97811231,10457978.0
2026-06-16 11:25:00,1.8053436,1.8053436,1.8023145,1.8053436,5415013.370308012,9769229.0
2026-06-16 11:30:00,1.8053436,1.8114018,1.8053436,1.8103921,8864022.977121918,16027448.0
2026-06-16 13:05:00,1.8103921,1.8164503,1.807363,1.8154406,18640851.73814004,33785504.0
2026-06-16 13:10:00,1.8154406,1.8204891,1.8154406,1.8194794,29376701.990690302,53373104.0
2026-06-16 13:15:00,1.8194794,1.8194794,1.8093824,1.8124115,17056420.71902545,30929784.0
2026-06-16 13:20:00,1.8134212,1.8134212,1.8002951,1.8053436,13135188.66990195,23703112.0
2026-06-16 13:25:00,1.8063533,1.8063533,1.8002951,1.8033242,8328216.301871843,15021330.0
2026-06-16 13:30:00,1.8023145,1.8033242,1.7982757,1.8013048,9972566.10874517,17962804.0
2026-06-16 13:35:00,1.8002951,1.8023145,1.7962563,1.8013048,11437654.748935327,20576208.0
2026-06-16 13:40:00,1.8013048,1.8023145,1.7922175,1.7942369,18679310.686342478,33545948.0
2026-06-16 13:45:00,1.7942369,1.7952466,1.7891884,1.7942369,8557294.245815588,15340111.0
2026-06-16 13:50:00,1.7952466,1.8013048,1.7952466,1.8002951,8529915.816579182,15349104.0
2026-06-16 13:55:00,1.8013048,1.8033242,1.8002951,1.8033242,7029018.52035258,12663471.0
2026-06-16 14:00:00,1.8033242,1.8063533,1.8023145,1.8063533,9227196.196890164,16650948.0
2026-06-16 14:05:00,1.8063533,1.807363,1.8033242,1.8063533,4107781.5192631474,7416362.0
2026-06-16 14:10:00,1.8063533,1.81746,1.8063533,1.8154406,13197987.521045854,23934774.0
2026-06-16 14:15:00,1.8164503,1.8184697,1.8134212,1.81746,12732686.936713874,23126076.0
2026-06-16 14:20:00,1.8164503,1.8214988,1.8144309,1.8214988,8651276.616816876,15723672.0
2026-06-16 14:25:00,1.8204891,1.8214988,1.8164503,1.8164503,4558818.460928989,8294228.0
2026-06-16 14:30:00,1.81746,1.81746,1.8144309,1.8164503,7275092.601762899,13210366.0
2026-06-16 14:35:00,1.8164503,1.8194794,1.8114018,1.8114018,10934332.970189165,19854320.0
2026-06-16 14:40:00,1.8124115,1.8144309,1.8093824,1.8124115,4253765.474893533,7708274.0
2026-06-16 14:45:00,1.8114018,1.8124115,1.807363,1.8083727,7168831.336040407,12969271.0
2026-06-16 14:50:00,1.807363,1.8124115,1.807363,1.8114018,7294847.974645934,13207079.0
2026-06-16 14:55:00,1.8114018,1.8134212,1.8093824,1.8134212,8678776.864415172,15727386.0
2026-06-16 15:00:00,1.8134212,1.8154406,1.8124115,1.8144309,9448549.073982371,17138084.0
2026-06-17 09:35:00,1.7881787,1.7912078,1.7780817,1.7881787,69714093.29503813,124296616.0
2026-06-17 09:40:00,1.7881787,1.797266,1.7851496,1.797266,51347873.62582945,91972776.0
2026-06-17 09:45:00,1.797266,1.8002951,1.7891884,1.7962563,50121273.64563732,89932080.0
2026-06-17 09:50:00,1.7962563,1.8013048,1.7912078,1.7952466,29672128.354956917,53268044.0
2026-06-17 09:55:00,1.7962563,1.8043339,1.7952466,1.8002951,25575487.76864415,46033724.0
2026-06-17 10:00:00,1.8002951,1.8023145,1.7932272,1.7942369,19390908.19055165,34850230.0
2026-06-17 10:05:00,1.7942369,1.8083727,1.7932272,1.8053436,17148955.13518867,30929762.0
2026-06-17 10:10:00,1.8053436,1.8124115,1.8053436,1.8114018,13373279.19183916,24187700.0
2026-06-17 10:15:00,1.8114018,1.8184697,1.8103921,1.81746,12604430.028721401,22869456.0
2026-06-17 10:20:00,1.8184697,1.8225085,1.81746,1.8214988,19854673.665445182,36137516.0
2026-06-17 10:25:00,1.8225085,1.8235182,1.8134212,1.8134212,19533784.29236407,35564588.0
2026-06-17 10:30:00,1.8134212,1.8235182,1.8134212,1.8225085,11562776.072100623,21040044.0
2026-06-17 10:35:00,1.8225085,1.8346249000000001,1.8214988,1.8336152000000001,12326037.436862433,22538984.0
2026-06-17 10:40:00,1.8336152000000001,1.8376540000000001,1.8225085,1.827557,17734542.933544617,32471780.0
2026-06-17 10:45:00,1.8285667,1.8326055,1.8194794,1.8255376,9297306.130533822,16987020.0
2026-06-17 10:50:00,1.8235182,1.827557,1.8214988,1.827557,9107694.36466277,16616684.0
2026-06-17 10:55:00,1.8285667,1.8315958,1.8255376,1.8265473,6012181.836188966,10997440.0
2026-06-17 11:00:00,1.827557,1.8326055,1.8255376,1.8315958,11089729.622660195,20304140.0
2026-06-17 11:05:00,1.8326055,1.8427025000000001,1.8305861,1.8416928000000001,19791050.807170447,36372412.0
2026-06-17 11:10:00,1.8416928000000001,1.8457316000000001,1.8356346000000001,1.8376540000000001,17133314.845993858,31560062.0
2026-06-17 11:15:00,1.8376540000000001,1.8447219000000001,1.8356346000000001,1.8437122000000001,10821776.765375854,19927348.0
2026-06-17 11:20:00,1.8437122000000001,1.8447219000000001,1.8255376,1.8265473,19445181.73714965,35659000.0
2026-06-17 11:25:00,1.8265473,1.8356346000000001,1.8204891,1.8305861,13971377.636921857,25534250.0
2026-06-17 11:30:00,1.8295764,1.8356346000000001,1.8285667,1.8285667,7403783.301970882,13563189.0
2026-06-17 13:05:00,1.8305861,1.8416928000000001,1.8295764,1.8356346000000001,9802972.16995147,17992770.0
2026-06-17 13:10:00,1.8366443000000001,1.8437122000000001,1.8356346000000001,1.8427025000000001,11605526.39397841,21357232.0
2026-06-17 13:15:00,1.8427025000000001,1.8527995,1.8406831000000001,1.8507801000000002,29543151.431118153,54550800.0
2026-06-17 13:20:00,1.8507801000000002,1.8538092000000002,1.8467413000000001,1.8507801000000002,12987067.445775973,24033472.0
2026-06-17 13:25:00,1.8497704000000001,1.8578480000000002,1.8497704000000001,1.8558286000000002,10276061.2062989,19047520.0
2026-06-17 13:30:00,1.8568383,1.8689547,1.8568383,1.8679450000000002,17959790.03664455,33467148.0
2026-06-17 13:35:00,1.8679450000000002,1.8760226000000002,1.8669353,1.8760226000000002,21837349.70783401,40873790.0
2026-06-17 13:40:00,1.8770323,1.8911681,1.8750129,1.8901584000000002,21926082.994948994,41270976.0
2026-06-17 13:45:00,1.8911681,1.8921778000000002,1.8760226000000002,1.8830905,26461196.3949688,49824668.0
2026-06-17 13:50:00,1.8800614000000002,1.8800614000000002,1.8719838000000002,1.8790517,13843804.10022779,25979432.0
2026-06-17 13:55:00,1.8790517,1.8841002000000002,1.8729935,1.8729935,7202184.807368525,13527315.0
2026-06-17 14:00:00,1.8729935,1.8820808000000002,1.8709741,1.8820808000000002,9497605.229276022,17829748.0
2026-06-17 14:05:00,1.8820808000000002,1.8841002000000002,1.8790517,1.8830905,10368440.1307319,19523600.0
2026-06-17 14:10:00,1.8830905,1.8830905,1.8760226000000002,1.8830905,13844188.372783994,26030788.0
2026-06-17 14:15:00,1.8810711,1.8810711,1.8719838000000002,1.8760226000000002,21713562.44429038,40755164.0
2026-06-17 14:20:00,1.8750129,1.8800614000000002,1.8729935,1.8729935,13774494.404278498,25855752.0
2026-06-17 14:25:00,1.8729935,1.8760226000000002,1.8719838000000002,1.8740032000000002,5032862.236307814,9431690.0
2026-06-17 14:30:00,1.8729935,1.8760226000000002,1.8729935,1.8740032000000002,8297954.838070714,15555537.0
2026-06-17 14:35:00,1.8750129,1.8830905,1.8750129,1.8800614000000002,18158288.600574426,34143570.0
2026-06-17 14:40:00,1.8800614000000002,1.8871293,1.8800614000000002,1.8861196000000002,12960780.429830642,24422920.0
2026-06-17 14:45:00,1.8861196000000002,1.8921778000000002,1.8851099,1.8921778000000002,20357310.092106566,38446308.0
2026-06-17 14:50:00,1.8921778000000002,1.8992457,1.8921778000000002,1.8962166,26806825.789838564,50823930.0
2026-06-17 14:55:00,1.8962166,1.8962166,1.8941972,1.8962166,18733524.80934931,35507828.0
2026-06-17 15:00:00,1.8962166,1.8962166,1.8952069,1.8962166,15324879.667227888,29056070.0
2026-06-18 09:35:00,1.8941972,1.9174203,1.8891487,1.9002554,80813865.50460532,153831798.0
2026-06-18 09:40:00,1.9012651,1.9113621,1.8992457,1.9032845,34794140.83391106,66278556.0
2026-06-18 09:45:00,1.9022748,1.9103524,1.8992457,1.9103524,15362660.19609785,29245476.0
2026-06-18 09:50:00,1.9103524,1.9113621,1.9022748,1.9113621,20482844.409230463,39074010.0
2026-06-18 09:55:00,1.9113621,1.9275173,1.9113621,1.9265076,25618583.737743884,49173400.0
2026-06-18 10:00:00,1.928527,1.9436725000000001,1.9275173,1.9416531000000001,25716379.122511636,49751420.0
2026-06-18 10:05:00,1.9416531000000001,1.948721,1.9396337000000001,1.9436725000000001,44371397.44478558,86312790.0
2026-06-18 10:10:00,1.9436725000000001,1.9436725000000001,1.9265076,1.928527,36592469.050212935,70827576.0
2026-06-18 10:15:00,1.928527,1.9335755000000001,1.9234785,1.9325658000000001,30216979.30078241,58227344.0
2026-06-18 10:20:00,1.9305464,1.9335755000000001,1.9234785,1.9244882,22668018.223234624,43702880.0
2026-06-18 10:25:00,1.9254979,1.938624,1.9244882,1.9376143000000001,16675182.727542834,32161152.0
2026-06-18 10:30:00,1.938624,1.9507404,1.938624,1.948721,49448895.7115975,96286504.0
2026-06-18 10:35:00,1.948721,1.9598277000000002,1.9477113000000001,1.9598277000000002,45372371.9916807,88611740.0
2026-06-18 10:40:00,1.9578083000000002,1.9628568,1.948721,1.9527598,42430714.07348717,83011530.0
2026-06-18 10:45:00,1.9527598,1.9598277000000002,1.9517501000000002,1.9598277000000002,27056591.06665346,52904068.0
2026-06-18 10:50:00,1.9598277000000002,1.968915,1.958818,1.9648762,29489717.73794196,57906184.0
2026-06-18 10:55:00,1.9658859000000002,1.9699247000000002,1.9638665000000002,1.968915,30203997.226899076,59436156.0
2026-06-18 11:00:00,1.9679053000000002,1.968915,1.9578083000000002,1.958818,24631284.539962362,48385190.0
2026-06-18 11:05:00,1.9578083000000002,1.9648762,1.9527598,1.9608374,19904096.266217686,38983230.0
2026-06-18 11:10:00,1.9598277000000002,1.9658859000000002,1.9598277000000002,1.9658859000000002,9411411.310290186,18479470.0
2026-06-18 11:15:00,1.9658859000000002,1.9658859000000002,1.9477113000000001,1.9537695000000002,22018865.009408735,43059104.0
2026-06-18 11:20:00,1.9527598,1.9618471000000002,1.9527598,1.958818,17314311.18153907,33872124.0
2026-06-18 11:25:00,1.9598277000000002,1.9658859000000002,1.9578083000000002,1.9658859000000002,14603418.8372784,28646310.0
2026-06-18 11:30:00,1.9648762,1.9658859000000002,1.958818,1.9618471000000002,14462018.421313262,28389796.0
2026-06-18 13:05:00,1.9628568,1.9709344,1.9628568,1.9699247000000002,30796034.465682875,60596588.0
2026-06-18 13:10:00,1.9699247000000002,1.9810314,1.9658859000000002,1.9810314,34977537.88253937,69057336.0
2026-06-18 13:15:00,1.9810314,1.9820411000000002,1.9749732,1.9769926,25130696.246409822,49740336.0
2026-06-18 13:20:00,1.9769926,1.9820411000000002,1.9759829000000002,1.9820411000000002,16386889.175002476,32442772.0
2026-06-18 13:25:00,1.9830508,1.989109,1.979012,1.989109,14979507.77458651,29724624.0
2026-06-18 13:30:00,1.989109,1.9951672,1.9870896,1.989109,18014996.533623848,35872590.0
2026-06-18 13:35:00,1.989109,1.9951672,1.9850702,1.9850702,13090346.637615133,26051386.0
2026-06-18 13:40:00,1.9850702,1.9870896,1.9780023000000002,1.979012,13490499.158165792,26738270.0
2026-06-18 13:45:00,1.979012,1.9870896,1.9780023000000002,1.9830508,19370347.628008317,38401136.0
2026-06-18 13:50:00,1.9820411000000002,1.9830508,1.979012,1.979012,8297637.912251163,16439375.0
2026-06-18 13:55:00,1.9800217000000002,1.9830508,1.9729538,1.979012,22565500.64375557,44624184.0
2026-06-18 14:00:00,1.979012,1.9850702,1.9769926,1.9830508,12604607.309101712,24968796.0
2026-06-18 14:05:00,1.9830508,1.989109,1.9830508,1.9860799000000002,14106852.530454589,28012076.0
2026-06-18 14:10:00,1.9850702,1.9880993000000002,1.9769926,1.9820411000000002,23607344.755868077,46790744.0
2026-06-18 14:15:00,1.9820411000000002,1.9860799000000002,1.9800217000000002,1.9810314,13245419.43151431,26264016.0
2026-06-18 14:20:00,1.9820411000000002,1.9850702,1.9820411000000002,1.9840605000000002,6769017.529959394,13429210.0
2026-06-18 14:25:00,1.9840605000000002,1.9850702,1.9800217000000002,1.9810314,9639352.282856293,19108012.0
2026-06-18 14:30:00,1.9810314,1.9810314,1.9780023000000002,1.979012,7217749.826681192,14290091.0
2026-06-18 14:35:00,1.979012,1.9870896,1.9780023000000002,1.9840605000000002,15121932.257106071,30006840.0
2026-06-18 14:40:00,1.9830508,1.9830508,1.9578083000000002,1.958818,29097553.728830345,57308148.0
2026-06-18 14:45:00,1.9598277000000002,1.9729538,1.9598277000000002,1.9729538,13991226.106764385,27497832.0
2026-06-18 14:50:00,1.9729538,1.9729538,1.9668956,1.9719441000000002,14665667.029810835,28903228.0
2026-06-18 14:55:00,1.9719441000000002,1.9759829000000002,1.9709344,1.9739635000000002,18407798.355947312,36337508.0
2026-06-18 15:00:00,1.9729538,1.9749732,1.9709344,1.9719441000000002,14485848.27176389,28580388.0
2026-06-22 09:35:00,1.9759829000000002,1.9911284,1.9749732,1.9800217000000002,62555356.0463504,124080550.0
2026-06-22 09:40:00,1.9800217000000002,2.0052642,1.979012,1.9951672,53608065.76210755,106840020.0
2026-06-22 09:45:00,1.9941575000000002,2.0032448,1.9901187000000002,1.9941575000000002,65285144.10220858,130340610.0
2026-06-22 09:50:00,1.9921381000000002,2.0082933,1.9921381000000002,2.0072836,57871912.449242346,115662100.0
2026-06-22 09:55:00,2.0072836,2.0234388,2.0042545,2.0183903,36511137.961770825,73462070.0
2026-06-22 10:00:00,2.0194,2.0214193999999996,2.0052642,2.0052642,36244294.344854906,73006776.0
2026-06-22 10:05:00,2.0042545,2.0133418,2.0012254,2.0012254,31617973.65554125,63454370.0
2026-06-22 10:10:00,2.0022351,2.0072836,1.9860799000000002,1.9911284,33044496.38506487,65897680.0
2026-06-22 10:15:00,1.9911284,2.0002157,1.989109,1.9971866,25434433.990294147,50721730.0
2026-06-22 10:20:00,1.9951672,1.9971866,1.9840605000000002,1.9941575000000002,35789640.48727345,71216430.0
2026-06-22 10:25:00,1.9941575000000002,1.9981963000000003,1.9840605000000002,1.9840605000000002,19520421.907497276,38905828.0
2026-06-22 10:30:00,1.9840605000000002,1.9840605000000002,1.9608374,1.9628568,36623143.507972665,72190640.0
2026-06-22 10:35:00,1.9638665000000002,1.968915,1.9557889000000002,1.9598277000000002,36853491.135980986,72298700.0
2026-06-22 10:40:00,1.9598277000000002,1.9780023000000002,1.958818,1.9769926,16274942.061998613,32022400.0
2026-06-22 10:45:00,1.9759829000000002,1.9759829000000002,1.9648762,1.9648762,14600475.388729325,28771058.0
2026-06-22 10:50:00,1.9648762,1.9648762,1.9446822,1.9446822,15969801.92136278,31198796.0
2026-06-22 10:55:00,1.9446822,1.9507404,1.9355949000000001,1.9376143000000001,25154533.029612754,48914524.0
2026-06-22 11:00:00,1.9366046,1.9497307000000001,1.9366046,1.9467016,13801955.03614935,26812812.0
2026-06-22 11:05:00,1.9467016,1.9527598,1.9456919000000001,1.9497307000000001,16213099.930672476,31606504.0
2026-06-22 11:10:00,1.9497307000000001,1.9578083000000002,1.9366046,1.9376143000000001,18518029.11755967,36065440.0
2026-06-22 11:15:00,1.9376143000000001,1.9456919000000001,1.9376143000000001,1.9446822,5962490.838863028,11578940.0
2026-06-22 11:20:00,1.9456919000000001,1.9547792,1.9446822,1.948721,5872845.39962365,11459940.0
2026-06-22 11:25:00,1.948721,1.9527598,1.9416531000000001,1.9527598,6789844.508269783,13212366.0
2026-06-22 11:30:00,1.9537695000000002,1.9699247000000002,1.9537695000000002,1.9699247000000002,13050609.091809448,25635868.0
2026-06-22 13:05:00,1.9709344,1.9749732,1.9668956,1.9699247000000002,12838856.095870059,25302066.0
2026-06-22 13:10:00,1.968915,1.9810314,1.968915,1.979012,9598996.731702486,18981208.0
2026-06-22 13:15:00,1.979012,1.9830508,1.9719441000000002,1.9820411000000002,7158798.653065267,14151783.0
2026-06-22 13:20:00,1.9810314,1.9840605000000002,1.9749732,1.9759829000000002,10223234.624145785,20229996.0
2026-06-22 13:25:00,1.9759829000000002,1.9769926,1.968915,1.968915,15381107.259582054,30358692.0
2026-06-22 13:30:00,1.968915,1.9739635000000002,1.9567986,1.9618471000000002,7890660.592255125,15507543.0
2026-06-22 13:35:00,1.9618471000000002,1.968915,1.9608374,1.968915,3636891.155788848,7141734.0
2026-06-22 13:40:00,1.9699247000000002,1.9780023000000002,1.968915,1.9769926,11756066.15826483,23211904.0
2026-06-22 13:45:00,1.9759829000000002,1.9780023000000002,1.9719441000000002,1.9729538,6715204.516192928,13264063.0
2026-06-22 13:50:00,1.9719441000000002,1.9860799000000002,1.9719441000000002,1.9850702,5846688.125185698,11575299.0
2026-06-22 13:55:00,1.9850702,1.989109,1.9820411000000002,1.9830508,10473110.824997524,20805964.0
2026-06-22 14:00:00,1.9830508,1.9850702,1.9800217000000002,1.9850702,5490739.823710012,10886079.0
2026-06-22 14:05:00,1.9840605000000002,1.999206,1.9840605000000002,1.9981963000000003,8650616.02456175,17236260.0
2026-06-22 14:10:00,1.9971866,2.0042545,1.9961769000000003,2.0032448,6047535.901752995,12097330.0
2026-06-22 14:15:00,2.0022351,2.0042545,1.9961769000000003,2.0012254,15474497.375458056,30950190.0
2026-06-22 14:20:00,1.999206,2.0012254,1.9961769000000003,1.9971866,6501006.239477072,12993463.0
2026-06-22 14:25:00,1.9961769000000003,2.0002157,1.9921381000000002,2.0002157,5282183.816975339,10545593.0
2026-06-22 14:30:00,1.999206,2.0002157,1.9951672,2.0002157,16935713.57829058,33818750.0
2026-06-22 14:35:00,2.0022351,2.0032448,1.999206,2.0012254,11665561.057739923,23348306.0
2026-06-22 14:40:00,2.0022351,2.0052642,1.999206,2.0052642,15834246.805981975,31714290.0
2026-06-22 14:45:00,2.0062739,2.0113224,2.0052642,2.0072836,10587670.595226305,21266440.0
2026-06-22 14:50:00,2.0072836,2.009303,2.0042545,2.0082933,11290684.36169159,22649792.0
2026-06-22 14:55:00,2.009303,2.0113224,2.0082933,2.009303,16117258.591660889,32398040.0
2026-06-22 15:00:00,2.0103127,2.0103127,2.0082933,2.009303,13936518.767950876,27999604.0
2026-06-23 09:35:00,1.9901187000000002,2.0052642,1.979012,2.0032448,44772704.763791226,89060549.0
2026-06-23 09:40:00,2.0042545,2.0062739,1.9901187000000002,1.9961769000000003,36238272.75428345,72394280.0
2026-06-23 09:45:00,1.9961769000000003,2.0123321,1.9850702,1.9850702,32889163.11775775,65717240.0
2026-06-23 09:50:00,1.9840605000000002,1.9860799000000002,1.9557889000000002,1.9578083000000002,54403872.43735763,107130290.0
2026-06-23 09:55:00,1.9567986,1.9860799000000002,1.9537695000000002,1.9860799000000002,72605193.62186788,143415420.0
2026-06-23 10:00:00,1.9860799000000002,1.9860799000000002,1.9719441000000002,1.9729538,47238399.52461127,93412130.0
2026-06-23 10:05:00,1.9729538,1.9951672,1.9719441000000002,1.9911284,22596660.394176487,44909132.0
2026-06-23 10:10:00,1.9911284,1.9911284,1.9749732,1.9870896,19161331.08844211,38042004.0
2026-06-23 10:15:00,1.989109,1.9961769000000003,1.9840605000000002,1.9951672,19455877.98355947,38753130.0
2026-06-23 10:20:00,1.9941575000000002,2.0143515,1.9921381000000002,2.0143515,21432639.397840943,42955148.0
2026-06-23 10:25:00,2.0133418,2.0284873,2.0123321,2.0284873,50326364.26661384,101659130.0
2026-06-23 10:30:00,2.0284873,2.0426231,2.0274776,2.0335357999999997,31332478.954144794,63760064.0
2026-06-23 10:35:00,2.0335357999999997,2.0416133999999997,2.0305067,2.0345455,38606778.25096563,78660056.0
2026-06-23 10:40:00,2.0335357999999997,2.0375745999999997,2.0274776,2.0345455,22029909.874220066,44785964.0
2026-06-23 10:45:00,2.0345455,2.0355552,2.0194,2.0325261,14942533.42577003,30298126.0
2026-06-23 10:50:00,2.0305067,2.0315164,2.0214193999999996,2.0224291,22590175.299593937,45819090.0
2026-06-23 10:55:00,2.0224291,2.0254581999999997,2.0123321,2.0244485,34588461.91938199,69845410.0
2026-06-23 11:00:00,2.0234388,2.0305067,2.0143515,2.0194,15007427.948895711,30353628.0
2026-06-23 11:05:00,2.0194,2.0224291,2.0082933,2.0153612,15740913.14251758,31720400.0
2026-06-23 11:10:00,2.0153612,2.0183903,2.0032448,2.0032448,12385461.028028127,24949904.0
2026-06-23 11:15:00,2.0042545,2.0072836,1.999206,1.999206,10496286.025552144,21030696.0
2026-06-23 11:20:00,1.9981963000000003,2.0042545,1.9901187000000002,1.9911284,16677825.096563336,33291476.0
2026-06-23 11:25:00,1.9921381000000002,1.999206,1.9911284,1.9911284,11208477.765672972,22360976.0
2026-06-23 11:30:00,1.9911284,2.0012254,1.989109,1.999206,10720015.846290978,21396592.0
2026-06-23 13:05:00,1.9971866,1.999206,1.9800217000000002,1.9901187000000002,25950480.340695255,51525816.0
2026-06-23 13:10:00,1.9880993000000002,1.9921381000000002,1.979012,1.9830508,15584827.176389026,30931784.0
2026-06-23 13:15:00,1.9820411000000002,1.9860799000000002,1.9780023000000002,1.9840605000000002,26210157.47251659,51913424.0
2026-06-23 13:20:00,1.9840605000000002,1.9880993000000002,1.979012,1.9800217000000002,6509062.097652768,12913541.0
2026-06-23 13:25:00,1.9800217000000002,1.9971866,1.979012,1.9921381000000002,10127274.437951867,20152912.0
2026-06-23 13:30:00,1.9901187000000002,1.9901187000000002,1.9800217000000002,1.9800217000000002,8369524.6112706745,16609700.0
2026-06-23 13:35:00,1.9810314,1.9941575000000002,1.9800217000000002,1.9911284,5972665.148063781,11865037.0
2026-06-23 13:40:00,1.9901187000000002,1.9901187000000002,1.979012,1.9840605000000002,15013991.284539962,29752876.0
2026-06-23 13:45:00,1.9840605000000002,1.9901187000000002,1.9830508,1.9901187000000002,11202634.445875011,22251664.0
2026-06-23 13:50:00,1.9901187000000002,1.9961769000000003,1.9880993000000002,1.9921381000000002,7478938.298504506,14904358.0
2026-06-23 13:55:00,1.9931478,1.9971866,1.9830508,1.9830508,12767525.007427948,25402740.0
2026-06-23 14:00:00,1.9830508,1.9850702,1.9769926,1.9769926,9123076.16123601,18068016.0
2026-06-23 14:05:00,1.9780023000000002,1.9810314,1.9749732,1.9749732,7713871.446964445,15258249.0
2026-06-23 14:10:00,1.9749732,1.9749732,1.9648762,1.9668956,13261997.623056352,26118528.0
2026-06-23 14:15:00,1.9679053000000002,1.9749732,1.9658859000000002,1.9739635000000002,7386055.263939784,14546380.0
2026-06-23 14:20:00,1.9749732,1.9749732,1.9608374,1.9608374,63426364.26661384,124973030.0
2026-06-23 14:25:00,1.9598277000000002,1.9668956,1.9557889000000002,1.9557889000000002,14865155.986926809,29140560.0
2026-06-23 14:30:00,1.9567986,1.9578083000000002,1.948721,1.9497307000000001,22897296.22660196,44703324.0
2026-06-23 14:35:00,1.9507404,1.9679053000000002,1.9507404,1.9618471000000002,22669676.141428147,44475256.0
2026-06-23 14:40:00,1.9618471000000002,1.968915,1.958818,1.9648762,15146022.580964642,29741580.0
2026-06-23 14:45:00,1.9638665000000002,1.9648762,1.9567986,1.9618471000000002,12902254.134891551,25291736.0
2026-06-23 14:50:00,1.9608374,1.9668956,1.958818,1.9618471000000002,7382137.268495592,14488705.0
2026-06-23 14:55:00,1.9618471000000002,1.9769926,1.9618471000000002,1.9769926,19255870.060413983,37966460.0
2026-06-23 15:00:00,1.9769926,1.9780023000000002,1.9739635000000002,1.9749732,12711450.926017629,25119158.0
2026-06-24 09:35:00,1.9527598,1.9840605000000002,1.9497307000000001,1.9820411000000002,62575196.59304744,123379629.0
2026-06-24 09:40:00,1.9820411000000002,1.989109,1.9719441000000002,1.979012,52431494.50331782,103878600.0
2026-06-24 09:45:00,1.9800217000000002,1.9820411000000002,1.9446822,1.9527598,56181964.94008121,109866380.0
2026-06-24 09:50:00,1.9537695000000002,1.9739635000000002,1.9537695000000002,1.9699247000000002,38424387.4418144,75422730.0
2026-06-24 09:55:00,1.9719441000000002,1.9931478,1.9719441000000002,1.989109,49961220.164405264,99162770.0
2026-06-24 10:00:00,1.9921381000000002,2.0133418,1.9911284,2.0103127,61085712.58789739,122413850.0
2026-06-24 10:05:00,2.0103127,2.0163709,2.0012254,2.0012254,54297514.1131029,109024680.0
2026-06-24 10:10:00,2.0012254,2.009303,1.999206,2.0002157,34671189.4622165,69493620.0
2026-06-24 10:15:00,2.0022351,2.0173806,1.9961769000000003,2.0133418,29295473.903139547,58836150.0
2026-06-24 10:20:00,2.0143515,2.0244485,2.0103127,2.0244485,26874925.22531445,54224450.0
2026-06-24 10:25:00,2.0244485,2.0294969999999997,2.0194,2.0264679,36003614.93512925,72921176.0
2026-06-24 10:30:00,2.0264679,2.0355552,2.0264679,2.0335357999999997,24612609.68604536,50007190.0
2026-06-24 10:35:00,2.0335357999999997,2.0365649,2.0244485,2.0254581999999997,21743595.127265524,44134190.0
2026-06-24 10:40:00,2.0274776,2.0294969999999997,2.0194,2.0244485,14538425.274834108,29439512.0
2026-06-24 10:45:00,2.0244485,2.0294969999999997,2.0123321,2.0123321,24338355.94731108,49240896.0
2026-06-24 10:50:00,2.0113224,2.0123321,1.999206,1.999206,34453833.81202337,69215090.0
2026-06-24 10:55:00,1.999206,2.0032448,1.9901187000000002,1.9901187000000002,21483589.18490641,42922436.0
2026-06-24 11:00:00,1.989109,1.9941575000000002,1.9830508,1.9901187000000002,24984417.153609984,49607640.0
2026-06-24 11:05:00,1.9911284,1.9971866,1.9820411000000002,1.9830508,16562131.326136475,32959132.0
2026-06-24 11:10:00,1.9830508,2.0002157,1.9830508,2.0002157,11025440.22977122,21971236.0
2026-06-24 11:15:00,2.0012254,2.0032448,1.9961769000000003,1.999206,10102901.852035258,20203740.0
2026-06-24 11:20:00,2.0002157,2.0002157,1.9911284,1.9971866,5915011.38952164,11804545.0
2026-06-24 11:25:00,1.9951672,2.0082933,1.9951672,2.0062739,10569721.699514708,21166888.0
2026-06-24 11:30:00,2.0042545,2.0234388,2.0042545,2.0214193999999996,41450450.62889967,83547410.0
2026-06-24 13:05:00,2.0224291,2.0355552,2.0224291,2.0325261,34754164.603347525,70533970.0
2026-06-24 13:10:00,2.0325261,2.039594,2.0294969999999997,2.0355552,16609925.720511042,33809660.0
2026-06-24 13:15:00,2.0345455,2.0365649,2.0274776,2.0305067,15057991.482618598,30584816.0
2026-06-24 13:20:00,2.0305067,2.0426231,2.0294969999999997,2.0406037,19700869.56521739,40156064.0
2026-06-24 13:25:00,2.0416133999999997,2.0466619,2.039594,2.0456521999999997,15475634.346835693,31613150.0
2026-06-24 13:30:00,2.0466619,2.0577685999999997,2.0466619,2.0557492,16586673.269287907,34037788.0
2026-06-24 13:35:00,2.0537297999999997,2.059788,2.0476716,2.0567589,23545433.297018915,48414016.0
2026-06-24 13:40:00,2.0557492,2.0587783,2.0496909999999997,2.0496909999999997,11264016.044369614,23146934.0
2026-06-24 13:45:00,2.0486813,2.0517104,2.0446425,2.0496909999999997,13663563.434683569,27989584.0
2026-06-24 13:50:00,2.0486813,2.0496909999999997,2.0355552,2.0355552,12106170.14954937,24754898.0
2026-06-24 13:55:00,2.0355552,2.0436328,2.0315164,2.039594,11201477.666633653,22821246.0
2026-06-24 14:00:00,2.039594,2.039594,2.0325261,2.0345455,21458546.102802813,43697676.0
2026-06-24 14:05:00,2.0335357999999997,2.0436328,2.0305067,2.039594,15593440.625928493,31759756.0
2026-06-24 14:10:00,2.039594,2.0446425,2.0355552,2.0355552,7781813.40992374,15876205.0
2026-06-24 14:15:00,2.0355552,2.0507007,2.0355552,2.0466619,6617770.624938101,13534730.0
2026-06-24 14:20:00,2.0456521999999997,2.0557492,2.0446425,2.0517104,20395376.84460731,41865490.0
2026-06-24 14:25:00,2.0527201,2.0557492,2.0496909999999997,2.0507007,31502650.292165987,64666984.0
2026-06-24 14:30:00,2.0517104,2.059788,2.0507007,2.0557492,11902661.186491037,24473614.0
2026-06-24 14:35:00,2.0557492,2.059788,2.0496909999999997,2.0507007,28587626.027532928,58785920.0
2026-06-24 14:40:00,2.0496909999999997,2.0537297999999997,2.0476716,2.0496909999999997,19169583.044468652,39301160.0
2026-06-24 14:45:00,2.0496909999999997,2.0496909999999997,2.0446425,2.0486813,9319576.11171635,19077204.0
2026-06-24 14:50:00,2.0486813,2.0527201,2.0466619,2.0486813,20809218.57977617,42648676.0
2026-06-24 14:55:00,2.0486813,2.0537297999999997,2.0486813,2.0537297999999997,13618776.864415172,27935748.0
2026-06-24 15:00:00,2.0527201,2.0567589,2.0527201,2.0557492,12945279.78607507,26594416.0
2026-06-25 09:35:00,2.0698849999999998,2.0809917,2.0638268,2.0759432,62569095.77102109,129696200.0
2026-06-25 09:40:00,2.0759432,2.0910887000000002,2.0739237999999998,2.0870499000000002,33480033.673368327,69780080.0
2026-06-25 09:45:00,2.0870499000000002,2.1122924000000003,2.0830111000000002,2.110273,37070100.02971179,77647740.0
2026-06-25 09:50:00,2.110273,2.1213797,2.110273,2.1203700000000003,46311034.96087947,97940696.0
2026-06-25 09:55:00,2.1193603000000003,2.1274379000000003,2.1042148000000003,2.1052245,69072189.75933446,146277200.0
2026-06-25 10:00:00,2.1072439000000003,2.1143118,2.0991663000000003,2.1052245,63676165.19758344,134153220.0
2026-06-25 10:05:00,2.1062342,2.1173409,2.0991663000000003,2.1092633,26680598.1974844,56292824.0
2026-06-25 10:10:00,2.1092633,2.1122924000000003,2.0890693000000002,2.0961372000000003,32329305.734376546,67913520.0
2026-06-25 10:15:00,2.0971469000000003,2.1032051000000003,2.0931081000000002,2.1001760000000003,19833350.500148557,41637544.0
2026-06-25 10:20:00,2.1001760000000003,2.1153215000000003,2.1001760000000003,2.1153215000000003,19141614.340893336,40376380.0
2026-06-25 10:25:00,2.1153215000000003,2.1153215000000003,2.0910887000000002,2.0910887000000002,35902872.14023967,75422504.0
2026-06-25 10:30:00,2.0910887000000002,2.0991663000000003,2.0779625999999998,2.0981566,17223573.33861543,35912760.0
2026-06-25 10:35:00,2.0991663000000003,2.1042148000000003,2.0951275000000003,2.0961372000000003,12932257.106071109,27139002.0
2026-06-25 10:40:00,2.0961372000000003,2.0961372000000003,2.0779625999999998,2.079982,9306475.190650688,19407076.0
2026-06-25 10:45:00,2.079982,2.0809917,2.0648365,2.0739237999999998,30998165.791819353,64180870.0
2026-06-25 10:50:00,2.0719044,2.0870499000000002,2.0688753,2.079982,23003605.031197384,47792924.0
2026-06-25 10:55:00,2.0789723,2.0890693000000002,2.0739237999999998,2.0870499000000002,10696234.525106467,22235288.0
2026-06-25 11:00:00,2.0870499000000002,2.0991663000000003,2.0850305000000002,2.0941178,11086000.792314548,23207588.0
2026-06-25 11:05:00,2.0941178,2.1032051000000003,2.0910887000000002,2.1001760000000003,9977472.516589085,20937808.0
2026-06-25 11:10:00,2.1021954,2.1223894,2.1021954,2.1163312000000003,19241057.739922747,40715536.0
2026-06-25 11:15:00,2.1143118,2.1223894,2.1082536000000003,2.1223894,13383081.11320194,28317174.0
2026-06-25 11:20:00,2.1233991000000003,2.1355155000000003,2.1223894,2.1324864000000003,19623301.970882438,41763590.0
2026-06-25 11:25:00,2.1345058,2.1405640000000004,2.130467,2.1385446,17781836.18896702,38005810.0
2026-06-25 11:30:00,2.1405640000000004,2.1415737,2.1324864000000003,2.1385446,24543452.510646727,52481610.0
2026-06-25 13:05:00,2.1395543000000004,2.1405640000000004,2.1213797,2.1213797,14051495.493711002,29960760.0
2026-06-25 13:10:00,2.1223894,2.1314767000000003,2.1203700000000003,2.1264282,11171714.37060513,23743956.0
2026-06-25 13:15:00,2.1264282,2.1264282,2.1163312000000003,2.1193603000000003,10801589.581063682,22922780.0
2026-06-25 13:20:00,2.1193603000000003,2.1274379000000003,2.1163312000000003,2.1274379000000003,8002376.9436466275,16983476.0
2026-06-25 13:25:00,2.1254185,2.1284476000000003,2.1193603000000003,2.1223894,4302011.488560959,9141386.0
2026-06-25 13:30:00,2.1223894,2.1294573,2.1203700000000003,2.1274379000000003,3227537.882539368,6859234.0
2026-06-25 13:35:00,2.130467,2.1365252000000003,2.1274379000000003,2.130467,4726119.63949688,10079776.0
2026-06-25 13:40:00,2.130467,2.1365252000000003,2.1284476000000003,2.1314767000000003,4995919.580073289,10656463.0
2026-06-25 13:45:00,2.1324864000000003,2.1345058,2.1284476000000003,2.1294573,4926881.251856987,10502285.0
2026-06-25 13:50:00,2.1274379000000003,2.1334961,2.1244088000000003,2.130467,6899896.999108646,14689180.0
2026-06-25 13:55:00,2.130467,2.1334961,2.1264282,2.1284476000000003,7583272.259086858,16151146.0
2026-06-25 14:00:00,2.1274379000000003,2.1274379000000003,2.1133021,2.1143118,11359088.838268792,24056628.0
2026-06-25 14:05:00,2.1153215000000003,2.1264282,2.1153215000000003,2.1203700000000003,8664306.22957314,18376128.0
2026-06-25 14:10:00,2.1213797,2.130467,2.1203700000000003,2.1294573,6332581.955036149,13466388.0
2026-06-25 14:15:00,2.1294573,2.1345058,2.1294573,2.1324864000000003,7497255.620481331,15981401.0
2026-06-25 14:20:00,2.1324864000000003,2.1365252000000003,2.1284476000000003,2.1294573,9617701.297415074,20507452.0
2026-06-25 14:25:00,2.130467,2.1345058,2.1264282,2.1274379000000003,5285845.300584332,11264068.0
2026-06-25 14:30:00,2.1274379000000003,2.1345058,2.1274379000000003,2.1334961,5972525.5026245415,12731687.0
2026-06-25 14:35:00,2.1334961,2.1355155000000003,2.1264282,2.1264282,8726057.244726157,18594770.0
2026-06-25 14:40:00,2.1284476000000003,2.1314767000000003,2.1254185,2.1254185,9044602.357135782,19246832.0
2026-06-25 14:45:00,2.1254185,2.1294573,2.1213797,2.1294573,10159332.474992571,21600644.0
2026-06-25 14:50:00,2.1294573,2.1334961,2.1284476000000003,2.1324864000000003,11551973.853619887,24623936.0
2026-06-25 14:55:00,2.1324864000000003,2.1345058,2.130467,2.1345058,12104718.233138556,25812462.0
2026-06-25 15:00:00,2.1355155000000003,2.1365252000000003,2.1334961,2.1355155000000003,10001589.581063682,21349552.0
2026-06-26 09:35:00,2.0981566,2.1163312000000003,2.0910887000000002,2.1092633,48254594.43399029,101494002.0
2026-06-26 09:40:00,2.1082536000000003,2.1365252000000003,2.1082536000000003,2.1274379000000003,31183583.24254729,66143656.0
2026-06-26 09:45:00,2.1284476000000003,2.1425834,2.1233991000000003,2.1345058,44997117.955828466,96020830.0
2026-06-26 09:50:00,2.1355155000000003,2.1405640000000004,2.1082536000000003,2.110273,52488307.41804496,111232710.0
2026-06-26 09:55:00,2.110273,2.1133021,2.0850305000000002,2.0981566,64166128.55303555,134637940.0
2026-06-26 10:00:00,2.0981566,2.1193603000000003,2.0961372000000003,2.1163312000000003,42714707.338813506,89973700.0
2026-06-26 10:05:00,2.1153215000000003,2.1223894,2.1021954,2.1032051000000003,23805090.620976526,50325180.0
2026-06-26 10:10:00,2.1052245,2.1173409,2.1032051000000003,2.1143118,23572576.012677033,49742000.0
2026-06-26 10:15:00,2.1133021,2.1153215000000003,2.1052245,2.1082536000000003,19229711.795582846,40576576.0
2026-06-26 10:20:00,2.1082536000000003,2.1143118,2.1011857000000003,2.1062342,24464670.694265623,51572024.0
2026-06-26 10:25:00,2.1062342,2.1092633,2.1001760000000003,2.1001760000000003,13169258.195503615,27731146.0
2026-06-26 10:30:00,2.1001760000000003,2.1001760000000003,2.079982,2.079982,25918589.680103,54249180.0
2026-06-26 10:35:00,2.0809917,2.0910887000000002,2.0759432,2.0910887000000002,34790729.91977815,72458640.0
2026-06-26 10:40:00,2.0910887000000002,2.0910887000000002,2.0820014,2.0860402,18112310.587303158,37782916.0
2026-06-26 10:45:00,2.0860402,2.0860402,2.0759432,2.0840208000000002,21305437.25859166,44326460.0
2026-06-26 10:50:00,2.0809917,2.0840208000000002,2.0668559,2.0668559,34644646.924829155,71894890.0
2026-06-26 10:55:00,2.0668559,2.0678656,2.0537297999999997,2.0537297999999997,40946158.26483113,84365840.0
2026-06-26 11:00:00,2.0547395,2.0607977,2.0375745999999997,2.0577685999999997,41499003.66445479,84901190.0
2026-06-26 11:05:00,2.0577685999999997,2.0688753,2.0567589,2.0628171,26412825.591759928,54453816.0
2026-06-26 11:10:00,2.0628171,2.0668559,2.0557492,2.0577685999999997,9737545.805684857,20058760.0
2026-06-26 11:15:00,2.0607977,2.0638268,2.0486813,2.0547395,20002773.100921065,41119856.0
2026-06-26 11:20:00,2.0557492,2.0739237999999998,2.0507007,2.0739237999999998,17075848.27176389,35219772.0
2026-06-26 11:25:00,2.0739237999999998,2.0749335,2.0547395,2.0547395,14421351.886699019,29773140.0
2026-06-26 11:30:00,2.0537297999999997,2.0769529,2.0527201,2.0759432,8724757.848865999,18030864.0
2026-06-26 13:05:00,2.0769529,2.0769529,2.0638268,2.0759432,17200158.462909773,35617376.0
2026-06-26 13:10:00,2.0729141,2.0820014,2.0698849999999998,2.0809917,9599393.87937011,19925132.0
2026-06-26 13:15:00,2.0809917,2.0951275000000003,2.0809917,2.090079,24281992.67109042,50725710.0
2026-06-26 13:20:00,2.0910887000000002,2.1042148000000003,2.0910887000000002,2.1032051000000003,25569743.4881648,53714484.0
2026-06-26 13:25:00,2.1032051000000003,2.1183506,2.1032051000000003,2.1082536000000003,23561390.512033276,49787350.0
2026-06-26 13:30:00,2.1062342,2.1133021,2.0951275000000003,2.1011857000000003,14258234.128949191,30001136.0
2026-06-26 13:35:00,2.0991663000000003,2.1183506,2.0991663000000003,2.1153215000000003,12565747.251658907,26518462.0
2026-06-26 13:40:00,2.1143118,2.1163312000000003,2.1072439000000003,2.1092633,16712785.976032484,35325424.0
2026-06-26 13:45:00,2.1082536000000003,2.1183506,2.1062342,2.1183506,11286228.58274735,23830906.0
2026-06-26 13:50:00,2.1163312000000003,2.1223894,2.1082536000000003,2.1213797,16397221.947113004,34700870.0
2026-06-26 13:55:00,2.1223894,2.1274379000000003,2.1193603000000003,2.1264282,11356312.766168168,24118768.0
2026-06-26 14:00:00,2.1274379000000003,2.1294573,2.1173409,2.1173409,16425697.731999604,34918136.0
2026-06-26 14:05:00,2.1163312000000003,2.1213797,2.1112827000000003,2.1153215000000003,14257304.14974745,30182952.0
2026-06-26 14:10:00,2.1173409,2.1173409,2.1042148000000003,2.110273,11816177.082301673,24936180.0
2026-06-26 14:15:00,2.110273,2.110273,2.0971469000000003,2.1021954,9836387.045657126,20691536.0
2026-06-26 14:20:00,2.1001760000000003,2.1072439000000003,2.0971469000000003,2.1011857000000003,4642673.07120927,9755109.0
2026-06-26 14:25:00,2.1011857000000003,2.1112827000000003,2.1001760000000003,2.1062342,5099633.554521144,10739643.0
2026-06-26 14:30:00,2.1062342,2.110273,2.0981566,2.1021954,9919183.916014658,20870568.0
2026-06-26 14:35:00,2.1021954,2.1021954,2.0941178,2.0951275000000003,10256313.756561354,21512936.0
2026-06-26 14:40:00,2.0951275000000003,2.1133021,2.0951275000000003,2.1122924000000003,9501832.227394275,20009558.0
2026-06-26 14:45:00,2.1122924000000003,2.1143118,2.1052245,2.1112827000000003,18476973.358423293,39013604.0
2026-06-26 14:50:00,2.110273,2.1122924000000003,2.1082536000000003,2.1092633,14028018.223234624,29603568.0
2026-06-26 14:55:00,2.1092633,2.1122924000000003,2.0961372000000003,2.0991663000000003,14273817.965732396,30025516.0
2026-06-26 15:00:00,2.0991663000000003,2.1001760000000003,2.0971469000000003,2.0981566,11066983.262355154,23226626.0
2026-06-29 09:35:00,2.0991663000000003,2.1395543000000004,2.0981566,2.1385446,43456349.41071605,92194129.0
2026-06-29 09:40:00,2.1375349,2.1557095,2.1365252000000003,2.1435931000000004,56549509.75537288,121445976.0
2026-06-29 09:45:00,2.1446028000000004,2.1718647,2.1446028000000004,2.1688356000000004,31846853.520847775,68797610.0
2026-06-29 09:50:00,2.1688356000000004,2.1809520000000004,2.1678259,2.1738841,45371070.61503416,98639976.0
2026-06-29 09:55:00,2.1738841,2.1829714,2.1718647,2.1748938,46404314.152718626,101039090.0
2026-06-29 10:00:00,2.1748938,2.1789326,2.1607580000000004,2.1789326,51583311.8748143,111892530.0
2026-06-29 10:05:00,2.1789326,2.1809520000000004,2.150661,2.1516707,41805039.12053085,90640290.0
2026-06-29 10:10:00,2.150661,2.1607580000000004,2.1284476000000003,2.1284476000000003,26887578.488659997,57698704.0
2026-06-29 10:15:00,2.1284476000000003,2.1324864000000003,2.1122924000000003,2.1122924000000003,41496250.37139744,87994264.0
2026-06-29 10:20:00,2.1133021,2.1314767000000003,2.1072439000000003,2.1072439000000003,34484440.92304645,73085350.0
2026-06-29 10:25:00,2.1082536000000003,2.1294573,2.1032051000000003,2.1274379000000003,15287509.16113697,32327780.0
2026-06-29 10:30:00,2.130467,2.1334961,2.1213797,2.1244088000000003,13498830.345647221,28721560.0
2026-06-29 10:35:00,2.1244088000000003,2.1244088000000003,2.0860402,2.0860402,15992572.051104289,33646810.0
2026-06-29 10:40:00,2.0860402,2.1021954,2.0789723,2.1011857000000003,18568549.07398237,38732310.0
2026-06-29 10:45:00,2.1021954,2.1133021,2.0991663000000003,2.1133021,12845993.859562246,27029726.0
2026-06-29 10:50:00,2.1153215000000003,2.1264282,2.1143118,2.1264282,8059794.988610478,17097772.0
2026-06-29 10:55:00,2.1264282,2.1345058,2.1183506,2.1264282,11308408.438149946,24028150.0
2026-06-29 11:00:00,2.1274379000000003,2.1395543000000004,2.1274379000000003,2.1355155000000003,9319203.72387838,19884660.0
2026-06-29 11:05:00,2.1355155000000003,2.1486416000000004,2.1345058,2.1405640000000004,9647023.868475784,20690032.0
2026-06-29 11:10:00,2.1425834,2.1456125,2.1345058,2.1405640000000004,9253144.498365851,19815276.0
2026-06-29 11:15:00,2.1405640000000004,2.1435931000000004,2.1223894,2.1425834,3559374.071506388,7583729.0
2026-06-29 11:20:00,2.1395543000000004,2.1496513,2.1395543000000004,2.1486416000000004,8978606.516787164,19272176.0
2026-06-29 11:25:00,2.1496513,2.1496513,2.1274379000000003,2.130467,3471922.35317421,7427780.0
2026-06-29 11:30:00,2.1284476000000003,2.130467,2.1213797,2.130467,4228681.786669307,8988358.0
2026-06-29 13:05:00,2.130467,2.130467,2.1143118,2.1143118,3938793.701099336,8362005.0
2026-06-29 13:10:00,2.1143118,2.1193603000000003,2.1052245,2.1143118,3229966.3266316727,6820873.0
2026-06-29 13:15:00,2.1133021,2.1173409,2.1092633,2.1153215000000003,4080474.3983361395,8619908.0
2026-06-29 13:20:00,2.1153215000000003,2.1274379000000003,2.1143118,2.1193603000000003,5027442.804793503,10671230.0
2026-06-29 13:25:00,2.1193603000000003,2.1365252000000003,2.1193603000000003,2.1365252000000003,5088757.056551451,10819509.0
2026-06-29 13:30:00,2.1365252000000003,2.1476319,2.1365252000000003,2.1476319,4581924.3339605825,9823923.0
2026-06-29 13:35:00,2.1476319,2.1577289,2.1466222,2.1567192000000004,10957122.907794394,23557870.0
2026-06-29 13:40:00,2.1567192000000004,2.1647968000000004,2.1546998,2.1607580000000004,7584226.9981182525,16378712.0
2026-06-29 13:45:00,2.1607580000000004,2.1728744000000004,2.1597483,2.1728744000000004,9353033.574329007,20267924.0
2026-06-29 13:50:00,2.1728744000000004,2.1738841,2.1637871,2.1637871,8290910.171338021,17978640.0
2026-06-29 13:55:00,2.1637871,2.1738841,2.1627774,2.1738841,9736844.607309101,21102072.0
2026-06-29 14:00:00,2.1728744000000004,2.1769132000000004,2.1698453,2.170855,9657422.996929782,20987124.0
2026-06-29 14:05:00,2.170855,2.1789326,2.1688356000000004,2.1688356000000004,11205031.197385361,24376748.0
2026-06-29 14:10:00,2.1678259,2.1698453,2.1557095,2.1637871,5568250.965633356,12032590.0
2026-06-29 14:15:00,2.1627774,2.1658065,2.1557095,2.1587386,5033277.2110527875,10874887.0
2026-06-29 14:20:00,2.1597483,2.1728744000000004,2.1597483,2.1688356000000004,3688719.421610379,8002026.0
2026-06-29 14:25:00,2.1688356000000004,2.1718647,2.1617677,2.1617677,3119636.5257007033,6765904.0
2026-06-29 14:30:00,2.1617677,2.1647968000000004,2.1587386,2.1647968000000004,4322680.003961572,9342540.0
2026-06-29 14:35:00,2.1637871,2.1738841,2.1637871,2.1678259,5368586.708923442,11645356.0
2026-06-29 14:40:00,2.1688356000000004,2.1799423,2.1678259,2.1799423,11369874.220065365,24738436.0
2026-06-29 14:45:00,2.1799423,2.1799423,2.170855,2.1759035,10725220.362483906,23362856.0
2026-06-29 14:50:00,2.1748938,2.1880199,2.1748938,2.1880199,20243092.007526986,44196556.0
2026-06-29 14:55:00,2.1870102,2.201146,2.1870102,2.2001363,19726358.32425473,43289852.0
2026-06-29 15:00:00,2.2001363,2.201146,2.1971072,2.201146,14395656.135485787,31666208.0
2026-06-30 09:35:00,2.211243,2.2193206,2.201146,2.2152818,52230817.07437853,115461761.0
2026-06-30 09:40:00,2.2152818,2.2334564,2.2082139,2.2122527,65971393.483212836,146641020.0
2026-06-30 09:45:00,2.2122527,2.2183109,2.1819617,2.2173012,48649182.92562147,107064696.0
2026-06-30 09:50:00,2.2173012,2.2435534,2.2162915,2.2405243,35408747.152619585,79106850.0
2026-06-30 09:55:00,2.241534,2.2546601,2.2354758,2.2486019,34138896.70199069,76636060.0
2026-06-30 10:00:00,2.2486019,2.2486019,2.231437,2.2475922,31898793.701099336,71489620.0
2026-06-30 10:05:00,2.2496116,2.2597086,2.241534,2.2556698,22363537.68446073,50349010.0
2026-06-30 10:10:00,2.2556698,2.261728,2.2536504,2.2607183,17869771.219174013,40356920.0
2026-06-30 10:15:00,2.2597086,2.2647571,2.2455728,2.2556698,20250268.39655343,45651188.0
2026-06-30 10:20:00,2.2566795,2.2576892,2.2385049,2.2385049,16496137.46657423,37070580.0
2026-06-30 10:25:00,2.2385049,2.2455728,2.2344661,2.2364855,9656996.137466574,21618514.0
2026-06-30 10:30:00,2.2364855,2.2486019,2.231437,2.2445631,22170050.51005249,49624080.0
2026-06-30 10:35:00,2.2445631,2.2496116,2.2395146,2.2496116,13888382.687927106,31177408.0
2026-06-30 10:40:00,2.2496116,2.251631,2.2405243,2.2506213,12307021.887689412,27635856.0
2026-06-30 10:45:00,2.2506213,2.2576892,2.2475922,2.2506213,15724464.692482915,35406864.0
2026-06-30 10:50:00,2.2486019,2.2566795,2.241534,2.2546601,8114329.999009606,18250430.0
2026-06-30 10:55:00,2.2566795,2.261728,2.2546601,2.2586989,7530813.112805784,17017430.0
2026-06-30 11:00:00,2.2597086,2.2667765,2.2597086,2.2607183,14574717.24274537,32969812.0
2026-06-30 11:05:00,2.2597086,2.2647571,2.2576892,2.2647571,8872641.378627315,20062408.0
2026-06-30 11:10:00,2.2627377,2.2738443999999998,2.2627377,2.271825,14413101.911458848,32711044.0
2026-06-30 11:15:00,2.271825,2.2778831999999998,2.2677862,2.2758638,10849066.059225513,24658316.0
2026-06-30 11:20:00,2.2758638,2.2758638,2.2677862,2.2748541,5362753.293057344,12180502.0
2026-06-30 11:25:00,2.2748541,2.2809123,2.271825,2.2799026000000002,5833924.928196494,13287052.0
2026-06-30 11:30:00,2.2799026000000002,2.281922,2.2758638,2.281922,7096895.117361592,16179625.0
2026-06-30 13:05:00,2.281922,2.2879802000000002,2.2698056,2.2698056,18252516.589085866,41620704.0
2026-06-30 13:10:00,2.2698056,2.2839414000000002,2.2637474,2.2738443999999998,8920741.804496385,20292112.0
2026-06-30 13:15:00,2.271825,2.2778831999999998,2.2597086,2.2667765,12749944.53798158,28912810.0
2026-06-30 13:20:00,2.2667765,2.2748541,2.2667765,2.2728346999999998,13632137.268495591,30976550.0
2026-06-30 13:25:00,2.2728346999999998,2.281922,2.271825,2.281922,8769122.51163712,19955382.0
2026-06-30 13:30:00,2.2809123,2.2859608,2.2788929,2.2849511,4789742.497771615,10929690.0
2026-06-30 13:35:00,2.2849511,2.2920190000000003,2.281922,2.2879802000000002,8794912.35020303,20121980.0
2026-06-30 13:40:00,2.2859608,2.2869705000000002,2.2799026000000002,2.281922,6195775.9730613055,14143364.0
2026-06-30 13:45:00,2.2809123,2.2869705000000002,2.2708153,2.2728346999999998,11891923.343567396,27099338.0
2026-06-30 13:50:00,2.2728346999999998,2.2839414000000002,2.271825,2.281922,9699640.487273447,22121090.0
2026-06-30 13:55:00,2.281922,2.2859608,2.2768734999999998,2.2768734999999998,3718301.475685847,8488421.0
2026-06-30 14:00:00,2.2788929,2.2859608,2.2788929,2.2839414000000002,5054514.212142221,11530011.0
2026-06-30 14:05:00,2.2839414000000002,2.2960578000000003,2.2839414000000002,2.2940384,14746575.220362483,33809692.0
2026-06-30 14:10:00,2.2920190000000003,2.2940384,2.2899996,2.2930287,24095176.785183717,55237484.0
2026-06-30 14:15:00,2.2920190000000003,2.2930287,2.2859608,2.2889899,8908811.528176686,20398256.0
2026-06-30 14:20:00,2.2889899,2.2889899,2.2809123,2.2829317000000002,7350427.8498563925,16786926.0
2026-06-30 14:25:00,2.281922,2.2849511,2.2748541,2.2768734999999998,6206877.2902842425,14155682.0
2026-06-30 14:30:00,2.2748541,2.2809123,2.271825,2.2778831999999998,15612783.004852926,35520160.0
2026-06-30 14:35:00,2.2768734999999998,2.2879802000000002,2.2768734999999998,2.2879802000000002,5973306.922848371,13641916.0
2026-06-30 14:40:00,2.2869705000000002,2.2920190000000003,2.281922,2.2859608,8970227.790432801,20523992.0
2026-06-30 14:45:00,2.2859608,2.2910093000000002,2.2849511,2.2889899,7605346.14241854,17409100.0
2026-06-30 14:50:00,2.2899996,2.2960578000000003,2.2889899,2.2960578000000003,13355678.914529068,30608816.0
2026-06-30 14:55:00,2.2960578000000003,2.3031257000000003,2.2950481000000003,2.302116,18327313.063286126,42119332.0
2026-06-30 15:00:00,2.302116,2.3031257000000003,2.2930287,2.2950481000000003,17068020.204020996,39201956.0
2026-07-01 09:35:00,2.3061548,2.3162518000000003,2.2950481000000003,2.3101936,81246818.85708626,187269219.0
2026-07-01 09:40:00,2.3091839,2.3122130000000003,2.2869705000000002,2.2910093000000002,61700239.675151035,141823440.0
2026-07-01 09:45:00,2.2920190000000003,2.3192809000000003,2.2778831999999998,2.3182712,27170280.281271663,62463724.0
2026-07-01 09:50:00,2.3192809000000003,2.3273585000000003,2.3091839,2.3162518000000003,23025750.222838465,53375212.0
2026-07-01 09:55:00,2.3162518000000003,2.3283682000000003,2.3132227,2.3253391,35393578.29058136,82158500.0
2026-07-01 10:00:00,2.3263488,2.3263488,2.3122130000000003,2.3142324,20404716.25235218,47325810.0
2026-07-01 10:05:00,2.3142324,2.3404846000000004,2.3101936,2.3344264,20069557.294245813,46730640.0
2026-07-01 10:10:00,2.3334167,2.3344264,2.3122130000000003,2.3202906000000003,19821234.029909875,46091750.0
2026-07-01 10:15:00,2.3202906000000003,2.3364458000000004,2.3061548,2.3061548,16591264.732098643,38428108.0
2026-07-01 10:20:00,2.3051451,2.3334167,2.302116,2.3324070000000003,25944276.51777756,60047490.0
2026-07-01 10:25:00,2.3334167,2.3435137000000004,2.3283682000000003,2.3404846000000004,9835656.135485787,22983212.0
2026-07-01 10:30:00,2.3394749000000004,2.3414943,2.3122130000000003,2.3263488,7755433.297018916,18022306.0
2026-07-01 10:35:00,2.3273585000000003,2.3273585000000003,2.3031257000000003,2.3041354000000003,11972889.967317024,27679556.0
2026-07-01 10:40:00,2.3041354000000003,2.3061548,2.2859608,2.2960578000000003,25573750.61899574,58741896.0
2026-07-01 10:45:00,2.2940384,2.2950481000000003,2.271825,2.2910093000000002,29768251.956026543,67912296.0
2026-07-01 10:50:00,2.2899996,2.3071645000000003,2.2869705000000002,2.3071645000000003,13522567.099138357,31021478.0
2026-07-01 10:55:00,2.3081742000000003,2.3132227,2.302116,2.3061548,7791203.327721105,17969508.0
2026-07-01 11:00:00,2.3071645000000003,2.3152421000000003,2.3041354000000003,2.3051451,14826863.424779637,34249460.0
2026-07-01 11:05:00,2.3041354000000003,2.3172615,2.302116,2.302116,8539839.556303853,19733318.0
2026-07-01 11:10:00,2.3000966000000003,2.3122130000000003,2.2980772,2.3071645000000003,14268361.889670199,32867204.0
2026-07-01 11:15:00,2.3061548,2.3071645000000003,2.2920190000000003,2.2960578000000003,8623556.501931267,19803466.0
2026-07-01 11:20:00,2.2970675,2.3041354000000003,2.2889899,2.2889899,6766499.95048034,15533340.0
2026-07-01 11:25:00,2.2899996,2.2899996,2.2758638,2.2849511,12419984.153709022,28339886.0
2026-07-01 11:30:00,2.2879802000000002,2.2940384,2.2859608,2.2879802000000002,8209901.951074576,18785892.0
2026-07-01 13:05:00,2.2879802000000002,2.2879802000000002,2.2637474,2.2637474,17281184.51025057,39312876.0
2026-07-01 13:10:00,2.2637474,2.271825,2.2526407,2.2536504,15758641.180548677,35665908.0
2026-07-01 13:15:00,2.2536504,2.2586989,2.241534,2.241534,28957163.513915025,65222636.0
2026-07-01 13:20:00,2.241534,2.2778831999999998,2.2385049,2.2758638,22289175.00247598,50254510.0
2026-07-01 13:25:00,2.2758638,2.281922,2.2698056,2.271825,10751312.270971576,24456344.0
2026-07-01 13:30:00,2.2708153,2.2708153,2.2465825,2.2475922,12782509.656333564,28837644.0
2026-07-01 13:35:00,2.2475922,2.2576892,2.2465825,2.251631,12773794.196295928,28762388.0
2026-07-01 13:40:00,2.251631,2.2546601,2.2445631,2.2455728,8724274.536991185,19615200.0
2026-07-01 13:45:00,2.2455728,2.2455728,2.231437,2.2324467,13391090.42289789,29977296.0
2026-07-01 13:50:00,2.231437,2.2445631,2.2304273,2.231437,11494337.922155095,25707804.0
2026-07-01 13:55:00,2.2304273,2.2304273,2.22134,2.2223497,13405485.787857778,29826836.0
2026-07-01 14:00:00,2.2223497,2.2475922,2.22134,2.2475922,20073514.90541745,44765580.0
2026-07-01 14:05:00,2.2455728,2.2546601,2.2435534,2.251631,19372061.008220263,43571750.0
2026-07-01 14:10:00,2.2526407,2.2536504,2.2445631,2.2445631,9133057.343765475,20564094.0
2026-07-01 14:15:00,2.2435534,2.2465825,2.2385049,2.2385049,12921752.995939387,28978080.0
2026-07-01 14:20:00,2.2374952,2.2385049,2.2253788,2.2253788,15646033.47528969,34910790.0
2026-07-01 14:25:00,2.2253788,2.2385049,2.2243691,2.2243691,22736396.949588984,50750572.0
2026-07-01 14:30:00,2.2253788,2.2273982,2.22134,2.2233594,30497284.341883726,67801260.0
2026-07-01 14:35:00,2.2223497,2.2273982,2.22134,2.22134,23115182.727542832,51413376.0
2026-07-01 14:40:00,2.2203303,2.22134,2.2092236,2.2132624,19213231.652966227,42548776.0
2026-07-01 14:45:00,2.2142721,2.2395146,2.2142721,2.2374952,14459765.276814895,32223740.0
2026-07-01 14:50:00,2.2364855,2.2395146,2.2294176,2.2294176,10998316.331583638,24574680.0
2026-07-01 14:55:00,2.2304273,2.2486019,2.2294176,2.2486019,18738492.621570762,41944550.0
2026-07-01 15:00:00,2.2486019,2.2486019,2.2385049,2.2395146,21196499.95048034,47553896.0
2026-07-02 09:35:00,2.1698453,2.1698453,2.1011857000000003,2.1244088000000003,100999564.22699812,214889218.0
2026-07-02 09:40:00,2.1244088000000003,2.1546998,2.1244088000000003,2.1456125,64172100.6239477,137481390.0
2026-07-02 09:45:00,2.1446028000000004,2.1476319,2.1213797,2.1223894,54415806.67525007,116109150.0
2026-07-02 09:50:00,2.1223894,2.1587386,2.1143118,2.1466222,45630484.302268,97488730.0
2026-07-02 09:55:00,2.1496513,2.1769132000000004,2.1486416000000004,2.1759035,38310444.68654055,82967240.0
2026-07-02 10:00:00,2.1759035,2.1819617,2.1597483,2.1637871,50108398.53421808,108793670.0
2026-07-02 10:05:00,2.1637871,2.1930684,2.1637871,2.1849908000000005,18893774.38843221,41222196.0
2026-07-02 10:10:00,2.1839811,2.191049,2.170855,2.1839811,15132770.129741507,32999692.0
2026-07-02 10:15:00,2.1839811,2.1870102,2.170855,2.1779229,15671563.830840843,34129920.0
2026-07-02 10:20:00,2.1769132000000004,2.1779229,2.1496513,2.1587386,19334752.89690007,41863290.0
2026-07-02 10:25:00,2.1557095,2.1668162,2.1496513,2.1617677,13938169.753392097,30092112.0
2026-07-02 10:30:00,2.1617677,2.1637871,2.150661,2.1557095,15708367.832029315,33889384.0
2026-07-02 10:35:00,2.1557095,2.1759035,2.1557095,2.1728744000000004,10197201.148856096,22109200.0
2026-07-02 10:40:00,2.1728744000000004,2.1819617,2.1698453,2.1789326,8564352.778052887,18645660.0
2026-07-02 10:45:00,2.1789326,2.1809520000000004,2.1678259,2.1688356000000004,7779885.114390412,16916344.0
2026-07-02 10:50:00,2.1688356000000004,2.1738841,2.1658065,2.1668162,6687557.69040309,14510128.0
2026-07-02 10:55:00,2.1668162,2.1688356000000004,2.150661,2.1536901,8967743.884322075,19358276.0
2026-07-02 11:00:00,2.1526804000000004,2.1567192000000004,2.1496513,2.1536901,5598245.02327424,12051376.0
2026-07-02 11:05:00,2.1496513,2.1546998,2.1466222,2.1516707,12014063.583242547,25836706.0
2026-07-02 11:10:00,2.150661,2.1597483,2.1456125,2.1597483,7666173.1207289295,16468772.0
2026-07-02 11:15:00,2.1597483,2.1607580000000004,2.1546998,2.1607580000000004,4212439.338417351,9089773.0
2026-07-02 11:20:00,2.1597483,2.1688356000000004,2.1577289,2.1577289,3685748.2420520945,7980492.0
2026-07-02 11:25:00,2.1587386,2.1607580000000004,2.1466222,2.1496513,8116950.579380014,17466238.0
2026-07-02 11:30:00,2.1476319,2.1496513,2.1385446,2.1435931000000004,10403396.058235118,22293656.0
2026-07-02 13:05:00,2.1435931000000004,2.1435931000000004,2.1294573,2.1415737,12905813.608002376,27575600.0
2026-07-02 13:10:00,2.1446028000000004,2.1456125,2.1324864000000003,2.1334961,6459496.880261463,13818836.0
2026-07-02 13:15:00,2.1324864000000003,2.1365252000000003,2.130467,2.1355155000000003,5780366.445478855,12327758.0
2026-07-02 13:20:00,2.1355155000000003,2.1355155000000003,2.1213797,2.1213797,9070813.112805784,19302696.0
2026-07-02 13:25:00,2.1213797,2.1274379000000003,2.1143118,2.1203700000000003,21068273.744676635,44646104.0
2026-07-02 13:30:00,2.1203700000000003,2.1254185,2.1122924000000003,2.1143118,15849890.066356342,33553584.0
2026-07-02 13:35:00,2.1143118,2.1153215000000003,2.1042148000000003,2.1042148000000003,26308741.210260473,55473876.0
2026-07-02 13:40:00,2.1062342,2.110273,2.1001760000000003,2.1062342,22630082.202634446,47629304.0
2026-07-02 13:45:00,2.1062342,2.1143118,2.0991663000000003,2.1001760000000003,23921590.57145687,50357210.0
2026-07-02 13:50:00,2.1021954,2.1042148000000003,2.0890693000000002,2.0981566,26605106.467267506,55784100.0
2026-07-02 13:55:00,2.0981566,2.1082536000000003,2.0981566,2.1052245,31378342.081806477,66014616.0
2026-07-02 14:00:00,2.1042148000000003,2.1153215000000003,2.1032051000000003,2.1042148000000003,47990175.29959394,101284500.0
2026-07-02 14:05:00,2.1042148000000003,2.1122924000000003,2.0951275000000003,2.0981566,35119049.22254135,73866510.0
2026-07-02 14:10:00,2.0971469000000003,2.1143118,2.0920984000000002,2.1143118,18049781.123105872,37915212.0
2026-07-02 14:15:00,2.1133021,2.1163312000000003,2.0991663000000003,2.1001760000000003,23806110.725958206,50183804.0
2026-07-02 14:20:00,2.1001760000000003,2.1011857000000003,2.0920984000000002,2.0931081000000002,22728632.267010003,47678268.0
2026-07-02 14:25:00,2.0931081000000002,2.0961372000000003,2.090079,2.090079,34698524.31415272,72615690.0
2026-07-02 14:30:00,2.090079,2.0951275000000003,2.0870499000000002,2.0890693000000002,50276062.19669209,105144980.0
2026-07-02 14:35:00,2.090079,2.1021954,2.0870499000000002,2.0870499000000002,85982790.92799841,180062770.0
2026-07-02 14:40:00,2.0860402,2.0941178,2.079982,2.079982,64544284.44092304,134737040.0
2026-07-02 14:45:00,2.0809917,2.0809917,2.0638268,2.0658461999999997,96528483.70803209,199989400.0
2026-07-02 14:50:00,2.0678656,2.0729141,2.0618073999999997,2.0638268,87569287.90729919,181077580.0
2026-07-02 14:55:00,2.0638268,2.0688753,2.0577685999999997,2.0688753,50008026.14638011,103077530.0
2026-07-02 15:00:00,2.0678656,2.0729141,2.0628171,2.0678656,44761121.12508666,92626370.0
2026-07-03 09:35:00,2.0446425,2.0678656,2.0305067,2.039594,85267544.81529167,174676768.0
2026-07-03 09:40:00,2.0406037,2.0648365,2.0406037,2.0648365,51684603.347528964,106014980.0
2026-07-03 09:45:00,2.0638268,2.0769529,2.0496909999999997,2.0658461999999997,31649610.775477864,65362212.0
2026-07-03 09:50:00,2.0668559,2.0719044,2.0406037,2.0416133999999997,39709089.82866198,81664536.0
2026-07-03 09:55:00,2.0406037,2.0496909999999997,2.0274776,2.0496909999999997,45356890.16539566,92383064.0
2026-07-03 10:00:00,2.0496909999999997,2.0577685999999997,2.039594,2.0577685999999997,17754976.725760125,36367170.0
2026-07-03 10:05:00,2.0567589,2.0668559,2.0517104,2.0547395,13698524.314152718,28180072.0
2026-07-03 10:10:00,2.0537297999999997,2.0698849999999998,2.0537297999999997,2.0658461999999997,14501095.37486382,29907438.0
2026-07-03 10:15:00,2.0658461999999997,2.0668559,2.0406037,2.0406037,15730927.99841537,32334064.0
2026-07-03 10:20:00,2.0406037,2.059788,2.0406037,2.0466619,14868335.149054173,30486044.0
2026-07-03 10:25:00,2.0466619,2.0507007,2.0365649,2.0456521999999997,32243042.487867683,65930640.0
2026-07-03 10:30:00,2.0456521999999997,2.0577685999999997,2.0456521999999997,2.0567589,15266940.675448153,31345546.0
2026-07-03 10:35:00,2.0557492,2.0618073999999997,2.0527201,2.0618073999999997,10107829.05813608,20796660.0
2026-07-03 10:40:00,2.0628171,2.0688753,2.0607977,2.0688753,14541195.404575616,30015848.0
2026-07-03 10:45:00,2.0678656,2.0789723,2.0638268,2.0789723,24771888.679805882,51317800.0
2026-07-03 10:50:00,2.0789723,2.0880596000000002,2.0789723,2.0840208000000002,23602874.121026047,49183200.0
2026-07-03 10:55:00,2.0830111000000002,2.0931081000000002,2.0759432,2.0880596000000002,23577842.923640683,49153710.0
2026-07-03 11:00:00,2.0880596000000002,2.0991663000000003,2.0880596000000002,2.0991663000000003,14534812.320491234,30451612.0
2026-07-03 11:05:00,2.0981566,2.1092633,2.0951275000000003,2.1042148000000003,21780235.71357829,45796470.0
2026-07-03 11:10:00,2.1032051000000003,2.110273,2.0991663000000003,2.1021954,17963751.609388925,37796916.0
2026-07-03 11:15:00,2.1021954,2.1032051000000003,2.0820014,2.0941178,16191778.746162226,33869264.0
2026-07-03 11:20:00,2.0920984000000002,2.1011857000000003,2.0870499000000002,2.0880596000000002,8184411.211250866,17150190.0
2026-07-03 11:25:00,2.0870499000000002,2.0880596000000002,2.0779625999999998,2.0779625999999998,11877107.061503416,24756142.0
2026-07-03 11:30:00,2.079982,2.090079,2.0779625999999998,2.0890693000000002,10121240.962662177,21069120.0
2026-07-03 13:05:00,2.090079,2.1223894,2.090079,2.1183506,42419887.095176786,89772530.0
2026-07-03 13:10:00,2.1183506,2.1193603000000003,2.1042148000000003,2.1052245,16780980.489254232,35472572.0
2026-07-03 13:15:00,2.1062342,2.1092633,2.0951275000000003,2.0971469000000003,8987818.163811032,18908000.0
2026-07-03 13:20:00,2.0951275000000003,2.1032051000000003,2.0880596000000002,2.0910887000000002,21367136.773298997,44790224.0
2026-07-03 13:25:00,2.090079,2.090079,2.079982,2.0820014,14167062.493810043,29524404.0
2026-07-03 13:30:00,2.0830111000000002,2.0880596000000002,2.0809917,2.0840208000000002,10775005.447162524,22463352.0
2026-07-03 13:35:00,2.0830111000000002,2.0981566,2.0830111000000002,2.0981566,8903574.329008617,18623732.0
2026-07-03 13:40:00,2.0971469000000003,2.0981566,2.0931081000000002,2.0931081000000002,9868574.824205209,20683468.0
2026-07-03 13:45:00,2.0941178,2.1021954,2.0941178,2.0951275000000003,11943547.588392591,25079092.0
2026-07-03 13:50:00,2.0971469000000003,2.0991663000000003,2.0850305000000002,2.0850305000000002,4809250.272358126,10056913.0
2026-07-03 13:55:00,2.0850305000000002,2.0941178,2.0840208000000002,2.0910887000000002,3736060.2159057143,7804608.0
2026-07-03 14:00:00,2.090079,2.0961372000000003,2.0880596000000002,2.0910887000000002,3063291.076557393,6408770.0
2026-07-03 14:05:00,2.0910887000000002,2.0961372000000003,2.090079,2.0931081000000002,3343240.566504902,6997649.0
2026-07-03 14:10:00,2.0931081000000002,2.1001760000000003,2.0880596000000002,2.0910887000000002,7676671.288501535,16069839.0
2026-07-03 14:15:00,2.0890693000000002,2.0910887000000002,2.079982,2.0809917,8511303.3574329,17738348.0
2026-07-03 14:20:00,2.079982,2.0850305000000002,2.0789723,2.0840208000000002,8329215.608596613,17333404.0
2026-07-03 14:25:00,2.0830111000000002,2.0840208000000002,2.0708947,2.0719044,11091938.199465187,23017036.0
2026-07-03 14:30:00,2.0719044,2.0729141,2.0658461999999997,2.0668559,18367633.95067842,37991176.0
2026-07-03 14:35:00,2.0668559,2.0749335,2.0618073999999997,2.0618073999999997,11559968.307418045,23896582.0
2026-07-03 14:40:00,2.0618073999999997,2.0729141,2.059788,2.0729141,5660893.334653857,11703057.0
2026-07-03 14:45:00,2.0719044,2.0729141,2.0668559,2.0698849999999998,15938896.70199069,32992224.0
2026-07-03 14:50:00,2.0698849999999998,2.0739237999999998,2.0638268,2.0648365,21390706.150341686,44267216.0
2026-07-03 14:55:00,2.0638268,2.0648365,2.0587783,2.059788,12954005.150044568,26696216.0
2026-07-03 15:00:00,2.059788,2.0607977,2.0557492,2.0567589,16895408.537189264,34771160.0
2026-07-06 09:35:00,2.0850305000000002,2.0920984000000002,2.0688753,2.0688753,49663397.0486283,103400340.0
2026-07-06 09:40:00,2.0688753,2.0708947,2.0486813,2.0658461999999997,23548014.26166188,48539268.0
2026-07-06 09:45:00,2.0668559,2.0759432,2.0527201,2.0749335,25688109.339407742,52964380.0
2026-07-06 09:50:00,2.0749335,2.0860402,2.0749335,2.0840208000000002,25973576.30979499,54069292.0
2026-07-06 09:55:00,2.0840208000000002,2.0951275000000003,2.0729141,2.0941178,34855670.00099039,72595384.0
2026-07-06 10:00:00,2.0910887000000002,2.0941178,2.0668559,2.0668559,24475487.76864415,50790292.0
2026-07-06 10:05:00,2.0648365,2.0698849999999998,2.0537297999999997,2.059788,23087509.16113697,47613016.0
2026-07-06 10:10:00,2.059788,2.0729141,2.0577685999999997,2.0708947,11864613.25146083,24482128.0
2026-07-06 10:15:00,2.0698849999999998,2.0698849999999998,2.0476716,2.0486813,17195755.174804397,35357496.0
2026-07-06 10:20:00,2.0466619,2.0517104,2.0375745999999997,2.0385843,25178964.048727345,51485424.0
2026-07-06 10:25:00,2.0385843,2.0406037,2.0264679,2.0274776,19470484.302268,39624388.0
2026-07-06 10:30:00,2.0274776,2.0315164,2.0113224,2.0133418,29704537.981578685,60071356.0
2026-07-06 10:35:00,2.0143515,2.0183903,1.999206,2.0002157,25661493.51292463,51566588.0
2026-07-06 10:40:00,2.0002157,2.0163709,1.9941575000000002,2.0123321,26635931.46479152,53395656.0
2026-07-06 10:45:00,2.0123321,2.0123321,1.9951672,1.9951672,25127792.413588192,50311250.0
2026-07-06 10:50:00,1.9961769000000003,2.0012254,1.989109,1.9901187000000002,16763296.028523322,33442754.0
2026-07-06 10:55:00,1.9901187000000002,2.0072836,1.989109,2.0022351,17694697.434881646,35346110.0
2026-07-06 11:00:00,2.0022351,2.0194,1.9941575000000002,2.0183903,17897181.340992372,35898250.0
2026-07-06 11:05:00,2.0173806,2.0335357999999997,2.0143515,2.0315164,23893726.849559274,48380036.0
2026-07-06 11:10:00,2.0325261,2.0527201,2.0325261,2.0507007,122550361.49351291,250467650.0
2026-07-06 11:15:00,2.0517104,2.0668559,2.0466619,2.0668559,70026285.03515896,143960540.0
2026-07-06 11:20:00,2.0658461999999997,2.0678656,2.0527201,2.0678656,20418104.387441814,42113092.0
2026-07-06 11:25:00,2.0698849999999998,2.0840208000000002,2.0698849999999998,2.0830111000000002,12485490.73982371,25941016.0
2026-07-06 11:30:00,2.0840208000000002,2.0931081000000002,2.0820014,2.0910887000000002,18767554.71922353,39179244.0
2026-07-06 13:05:00,2.0920984000000002,2.0951275000000003,2.0769529,2.0931081000000002,26103694.166584134,54473172.0
2026-07-06 13:10:00,2.0931081000000002,2.0981566,2.0759432,2.0759432,15704367.633950679,32858624.0
2026-07-06 13:15:00,2.0749335,2.0850305000000002,2.0688753,2.0719044,13609707.834010102,28306764.0
2026-07-06 13:20:00,2.0719044,2.079982,2.0607977,2.0607977,6245023.274239873,12936052.0
2026-07-06 13:25:00,2.0607977,2.0688753,2.0577685999999997,2.0607977,4632068.931365752,9553814.0
2026-07-06 13:30:00,2.0607977,2.0789723,2.0607977,2.0729141,4562599.782113499,9459403.0
2026-07-06 13:35:00,2.0708947,2.0708947,2.0618073999999997,2.0638268,4958205.407546796,10242993.0
2026-07-06 13:40:00,2.0638268,2.079982,2.0628171,2.0779625999999998,4401672.7740913145,9116665.0
2026-07-06 13:45:00,2.079982,2.0951275000000003,2.079982,2.0951275000000003,8997189.264137862,18785090.0
2026-07-06 13:50:00,2.0951275000000003,2.0961372000000003,2.0830111000000002,2.0870499000000002,9179756.36327622,19200956.0
2026-07-06 13:55:00,2.0880596000000002,2.0991663000000003,2.0880596000000002,2.0971469000000003,9887043.676339507,20721996.0
2026-07-06 14:00:00,2.0971469000000003,2.1021954,2.0931081000000002,2.0941178,12571549.965336237,26376452.0
2026-07-06 14:05:00,2.0941178,2.0941178,2.0809917,2.0840208000000002,8910090.125779934,18601464.0
2026-07-06 14:10:00,2.0850305000000002,2.090079,2.0830111000000002,2.0830111000000002,6179752.401703476,12896186.0
2026-07-06 14:15:00,2.0830111000000002,2.0870499000000002,2.0749335,2.0759432,7774685.550163414,16180897.0
2026-07-06 14:20:00,2.0749335,2.0789723,2.0729141,2.0769529,5745072.793899178,11927578.0
2026-07-06 14:25:00,2.0759432,2.0779625999999998,2.0688753,2.0708947,5035456.076062197,10442314.0
2026-07-06 14:30:00,2.0708947,2.0759432,2.0658461999999997,2.0759432,7920894.325047043,16397264.0
2026-07-06 14:35:00,2.0749335,2.0850305000000002,2.0729141,2.0809917,17237175.398633257,35823684.0
2026-07-06 14:40:00,2.079982,2.0860402,2.0729141,2.0739237999999998,8567693.374269584,17816194.0
2026-07-06 14:45:00,2.0739237999999998,2.0739237999999998,2.0698849999999998,2.0719044,6489452.312568089,13446752.0
2026-07-06 14:50:00,2.0729141,2.079982,2.0729141,2.0759432,7184321.085470932,14922653.0
2026-07-06 14:55:00,2.0759432,2.0779625999999998,2.0739237999999998,2.0749335,23533425.7700307,48847444.0
2026-07-06 15:00:00,2.0749335,2.0759432,2.0739237999999998,2.0739237999999998,10643010.795285728,22077222.0
2026-07-07 09:35:00,2.0436328,2.0607977,2.0305067,2.0456521999999997,35121521.24393384,71787581.0
2026-07-07 09:40:00,2.0446425,2.0739237999999998,2.0355552,2.0739237999999998,25039459.24532039,51567924.0
2026-07-07 09:45:00,2.0739237999999998,2.0961372000000003,2.0729141,2.0920984000000002,32284575.616519757,67305460.0
2026-07-07 09:50:00,2.0961372000000003,2.1062342,2.0910887000000002,2.0941178,40604565.71258789,85157610.0
2026-07-07 09:55:00,2.0941178,2.1042148000000003,2.0850305000000002,2.1042148000000003,40019916.80697237,83948210.0
2026-07-07 10:00:00,2.1052245,2.1082536000000003,2.0910887000000002,2.1021954,29087004.06061206,61069184.0
2026-07-07 10:05:00,2.1011857000000003,2.1112827000000003,2.0941178,2.1032051000000003,38315440.22977122,80576936.0
2026-07-07 10:10:00,2.1052245,2.1133021,2.0981566,2.1001760000000003,45061770.82301673,94862720.0
2026-07-07 10:15:00,2.1011857000000003,2.1052245,2.0880596000000002,2.1001760000000003,37208279.687035754,77952780.0
2026-07-07 10:20:00,2.0971469000000003,2.1021954,2.090079,2.0941178,15627581.459839556,32752498.0
2026-07-07 10:25:00,2.0931081000000002,2.1011857000000003,2.090079,2.090079,10125680.89531544,21207052.0
2026-07-07 10:30:00,2.0880596000000002,2.1001760000000003,2.0850305000000002,2.0981566,10623362.38486679,22226700.0
2026-07-07 10:35:00,2.0951275000000003,2.1042148000000003,2.0890693000000002,2.1042148000000003,10913691.195404574,22883572.0
2026-07-07 10:40:00,2.1032051000000003,2.1153215000000003,2.1032051000000003,2.1153215000000003,23517460.63187085,49651030.0
2026-07-07 10:45:00,2.1143118,2.1153215000000003,2.1062342,2.1112827000000003,17476280.083193026,36901770.0
2026-07-07 10:50:00,2.110273,2.1112827000000003,2.0981566,2.1042148000000003,6004114.093295038,12634670.0
2026-07-07 10:55:00,2.1042148000000003,2.1092633,2.0971469000000003,2.1042148000000003,4663959.591958007,9804726.0
2026-07-07 11:00:00,2.1032051000000003,2.1082536000000003,2.0981566,2.0981566,5331446.964444884,11210314.0
2026-07-07 11:05:00,2.0991663000000003,2.1052245,2.0961372000000003,2.0991663000000003,6201743.092007527,13021319.0
2026-07-07 11:10:00,2.0991663000000003,2.1042148000000003,2.0920984000000002,2.0971469000000003,8182133.306922848,17152184.0
2026-07-07 11:15:00,2.1001760000000003,2.1011857000000003,2.0850305000000002,2.090079,8759730.613053381,18325160.0
2026-07-07 11:20:00,2.090079,2.0910887000000002,2.079982,2.0870499000000002,9709814.7964742,20237512.0
2026-07-07 11:25:00,2.0850305000000002,2.0880596000000002,2.079982,2.079982,6479251.262751312,13508569.0
2026-07-07 11:30:00,2.0789723,2.0910887000000002,2.0759432,2.0890693000000002,11722987.025849262,24438992.0
2026-07-07 13:05:00,2.0880596000000002,2.0880596000000002,2.0628171,2.0668559,23346142.41854016,48400504.0
2026-07-07 13:10:00,2.0698849999999998,2.0698849999999998,2.0557492,2.0567589,11077289.293849658,22841304.0
2026-07-07 13:15:00,2.0587783,2.0678656,2.0547395,2.0577685999999997,27576567.297216993,56802132.0
2026-07-07 13:20:00,2.0577685999999997,2.0678656,2.0537297999999997,2.0618073999999997,71212736.45637317,146764740.0
2026-07-07 13:25:00,2.0638268,2.0658461999999997,2.0557492,2.0658461999999997,24691983.75755175,50918604.0
2026-07-07 13:30:00,2.0658461999999997,2.0830111000000002,2.0648365,2.0820014,12499212.637417054,25922532.0
2026-07-07 13:35:00,2.0820014,2.0961372000000003,2.0809917,2.090079,10621123.105873032,22194836.0
2026-07-07 13:40:00,2.090079,2.0941178,2.0820014,2.090079,9868574.824205209,20604700.0
2026-07-07 13:45:00,2.0880596000000002,2.0991663000000003,2.0870499000000002,2.0991663000000003,6377244.726156284,13348400.0
2026-07-07 13:50:00,2.0991663000000003,2.1032051000000003,2.0880596000000002,2.0910887000000002,9790105.972070912,20545108.0
2026-07-07 13:55:00,2.090079,2.0981566,2.090079,2.0951275000000003,5757254.630088145,12058264.0
2026-07-07 14:00:00,2.0961372000000003,2.1021954,2.090079,2.0910887000000002,8751233.039516687,18360732.0
2026-07-07 14:05:00,2.0890693000000002,2.0961372000000003,2.0840208000000002,2.0840208000000002,10673467.366544519,22303526.0
2026-07-07 14:10:00,2.0840208000000002,2.0840208000000002,2.0769529,2.0769529,6679763.296028523,13899174.0
2026-07-07 14:15:00,2.0789723,2.0820014,2.0719044,2.0779625999999998,10327160.542735465,21454992.0
2026-07-07 14:20:00,2.0769529,2.0840208000000002,2.0739237999999998,2.0820014,8261921.362781024,17192548.0
2026-07-07 14:25:00,2.0820014,2.0830111000000002,2.0739237999999998,2.0749335,7202931.56383084,14963634.0
2026-07-07 14:30:00,2.0749335,2.0820014,2.0729141,2.0820014,18424383.480241656,38271150.0
2026-07-07 14:35:00,2.0820014,2.0840208000000002,2.0749335,2.0789723,7958351.985738338,16555767.0
2026-07-07 14:40:00,2.0789723,2.090079,2.0789723,2.090079,7670565.51450926,15978186.0
2026-07-07 14:45:00,2.090079,2.0910887000000002,2.0830111000000002,2.0830111000000002,4956758.443101911,10343849.0
2026-07-07 14:50:00,2.0850305000000002,2.0850305000000002,2.0779625999999998,2.0840208000000002,4808160.839853422,10005467.0
2026-07-07 14:55:00,2.0850305000000002,2.0870499000000002,2.0789723,2.079982,12859364.167574527,26767958.0
2026-07-07 15:00:00,2.0809917,2.0820014,2.079982,2.0820014,10637563.632762207,22143208.0
2026-07-08 09:35:00,2.0920984000000002,2.1203700000000003,2.0920984000000002,2.1011857000000003,59049369.11954045,124450024.0
2026-07-08 09:40:00,2.1021954,2.1122924000000003,2.0870499000000002,2.1052245,39177260.57244726,82274490.0
2026-07-08 09:45:00,2.1052245,2.1072439000000003,2.0890693000000002,2.0941178,18205150.044567693,38209944.0
2026-07-08 09:50:00,2.0941178,2.1082536000000003,2.0880596000000002,2.0910887000000002,31393760.5229276,65794628.0
2026-07-08 09:55:00,2.090079,2.0910887000000002,2.0648365,2.0890693000000002,44922586.90700208,93313470.0
2026-07-08 10:00:00,2.0870499000000002,2.0870499000000002,2.0517104,2.0648365,52998973.952659205,109425620.0
2026-07-08 10:05:00,2.0618073999999997,2.0618073999999997,2.0416133999999997,2.0436328,29816377.141725264,61130068.0
2026-07-08 10:10:00,2.0446425,2.0830111000000002,2.0436328,2.0830111000000002,20950945.82549272,43270652.0
2026-07-08 10:15:00,2.0820014,2.0840208000000002,2.0678656,2.0749335,11137664.652867189,23086800.0
2026-07-08 10:20:00,2.0759432,2.0860402,2.0719044,2.0860402,14919167.079330493,31007528.0
2026-07-08 10:25:00,2.0860402,2.0880596000000002,2.0759432,2.0759432,5264174.50727939,10969849.0
2026-07-08 10:30:00,2.0759432,2.0890693000000002,2.0698849999999998,2.0890693000000002,5134594.433990294,10668151.0
2026-07-08 10:35:00,2.0910887000000002,2.0981566,2.0830111000000002,2.0880596000000002,7458258.888778845,15600760.0
2026-07-08 10:40:00,2.090079,2.0981566,2.090079,2.0981566,6664850.945825492,13967075.0
2026-07-08 10:45:00,2.0961372000000003,2.1011857000000003,2.090079,2.1001760000000003,9384782.608695652,19676264.0
2026-07-08 10:50:00,2.0991663000000003,2.1021954,2.0860402,2.0870499000000002,12473705.06090918,26139876.0
2026-07-08 10:55:00,2.090079,2.0991663000000003,2.0860402,2.0951275000000003,4833730.811132019,10124221.0
2026-07-08 11:00:00,2.0951275000000003,2.1001760000000003,2.0870499000000002,2.0910887000000002,6414578.587699316,13440855.0
2026-07-08 11:05:00,2.0910887000000002,2.1021954,2.0910887000000002,2.0981566,6010055.462018421,12608267.0
2026-07-08 11:10:00,2.0991663000000003,2.1082536000000003,2.090079,2.1062342,14195107.45766069,29838600.0
2026-07-08 11:15:00,2.1062342,2.1223894,2.1062342,2.1213797,34503848.66792116,73026424.0
2026-07-08 11:20:00,2.1213797,2.1435931000000004,2.1193603000000003,2.1415737,22336733.683272257,47593124.0
2026-07-08 11:25:00,2.1415737,2.1546998,2.1365252000000003,2.1516707,24866102.802812714,53313944.0
2026-07-08 11:30:00,2.1536901,2.1617677,2.1415737,2.1425834,27536495.988907594,59196104.0
2026-07-08 13:05:00,2.1425834,2.1425834,2.110273,2.1334961,29994451.817371495,63806864.0
2026-07-08 13:10:00,2.1314767000000003,2.1435931000000004,2.1274379000000003,2.1314767000000003,12318664.949985143,26323648.0
2026-07-08 13:15:00,2.130467,2.1345058,2.1233991000000003,2.1284476000000003,7232049.12350203,15404788.0
2026-07-08 13:20:00,2.1284476000000003,2.1385446,2.1244088000000003,2.1334961,12024502.327423986,25625248.0
2026-07-08 13:25:00,2.1334961,2.1395543000000004,2.1284476000000003,2.1334961,10240368.426265227,21861992.0
2026-07-08 13:30:00,2.1334961,2.1345058,2.1213797,2.1254185,6649301.772803803,14140904.0
2026-07-08 13:35:00,2.1244088000000003,2.1244088000000003,2.1122924000000003,2.1233991000000003,7886782.212538377,16702032.0
2026-07-08 13:40:00,2.1244088000000003,2.1254185,2.1153215000000003,2.1183506,8420322.868178668,17831928.0
2026-07-08 13:45:00,2.1183506,2.1203700000000003,2.1122924000000003,2.1163312000000003,5874021.986728731,12435268.0
2026-07-08 13:50:00,2.1163312000000003,2.1183506,2.110273,2.1122924000000003,4912548.281667822,10382157.0
2026-07-08 13:55:00,2.1112827000000003,2.1284476000000003,2.1112827000000003,2.1264282,4629346.340497177,9826923.0
2026-07-08 14:00:00,2.1264282,2.1345058,2.1264282,2.1274379000000003,6132376.9436466275,13067673.0
2026-07-08 14:05:00,2.1294573,2.1314767000000003,2.1233991000000003,2.1284476000000003,8163460.433792215,17363968.0
2026-07-08 14:10:00,2.1274379000000003,2.130467,2.1233991000000003,2.1254185,5275336.238486679,11220454.0
2026-07-08 14:15:00,2.1254185,2.1254185,2.1183506,2.1223894,11904129.939586015,25246304.0
2026-07-08 14:20:00,2.1223894,2.1314767000000003,2.1213797,2.1314767000000003,13023308.903634742,27692624.0
2026-07-08 14:25:00,2.1294573,2.130467,2.1223894,2.1264282,18457438.84322076,39241150.0
2026-07-08 14:30:00,2.1254185,2.1254185,2.1193603000000003,2.1233991000000003,6093099.930672477,12927008.0
2026-07-08 14:35:00,2.1233991000000003,2.1264282,2.1143118,2.1153215000000003,8089630.583341586,17147064.0
2026-07-08 14:40:00,2.1153215000000003,2.1223894,2.1153215000000003,2.1153215000000003,12619887.095176784,26724680.0
2026-07-08 14:45:00,2.1153215000000003,2.1153215000000003,2.1062342,2.1062342,24131124.096266218,50904410.0
2026-07-08 14:50:00,2.1082536000000003,2.1092633,2.0931081000000002,2.0961372000000003,20478795.681885708,43005748.0
2026-07-08 14:55:00,2.0961372000000003,2.1011857000000003,2.0961372000000003,2.0971469000000003,16931235.02030306,35530816.0
2026-07-08 15:00:00,2.0971469000000003,2.0981566,2.0961372000000003,2.0981566,6830014.855897791,14325249.0
2026-07-09 09:35:00,2.1223894,2.1446028000000004,2.1143118,2.1213797,61069010.59720709,129927922.0
2026-07-09 09:40:00,2.1203700000000003,2.1405640000000004,2.1052245,2.1375349,36737712.19174012,78213520.0
2026-07-09 09:45:00,2.1375349,2.1425834,2.1143118,2.1405640000000004,64168842.230365455,136702770.0
2026-07-09 09:50:00,2.1405640000000004,2.1415737,2.1213797,2.1213797,36858769.931662865,78690680.0
2026-07-09 09:55:00,2.1223894,2.1456125,2.1203700000000003,2.1395543000000004,25432950.381301377,54290796.0
2026-07-09 10:00:00,2.1395543000000004,2.1395543000000004,2.1133021,2.1143118,19102406.655442208,40564340.0
2026-07-09 10:05:00,2.1112827000000003,2.1324864000000003,2.1042148000000003,2.1264282,27103549.56917896,57362244.0
2026-07-09 10:10:00,2.1254185,2.1405640000000004,2.1143118,2.1405640000000004,24708543.131623253,52660100.0
2026-07-09 10:15:00,2.1375349,2.150661,2.1365252000000003,2.1496513,24182549.27206101,51822456.0
2026-07-09 10:20:00,2.1486416000000004,2.1587386,2.1425834,2.1567192000000004,33639278.99376052,72287120.0
2026-07-09 10:25:00,2.1567192000000004,2.1647968000000004,2.1526804000000004,2.1607580000000004,51008814.49935624,110138150.0
2026-07-09 10:30:00,2.1597483,2.1658065,2.1577289,2.1607580000000004,40436961.47370506,87384104.0
2026-07-09 10:35:00,2.1617677,2.1698453,2.1597483,2.1637871,36422367.03971477,78841180.0
2026-07-09 10:40:00,2.1647968000000004,2.1647968000000004,2.1516707,2.1587386,25464993.56244429,54912160.0
2026-07-09 10:45:00,2.1587386,2.1728744000000004,2.1557095,2.1678259,41597357.6309795,90139160.0
2026-07-09 10:50:00,2.1658065,2.1668162,2.1496513,2.1496513,29466182.034267604,63558892.0
2026-07-09 10:55:00,2.1486416000000004,2.1577289,2.1435931000000004,2.1577289,27995939.38793701,60139704.0
2026-07-09 11:00:00,2.1577289,2.1587386,2.1456125,2.150661,25231058.730315935,54264044.0
2026-07-09 11:05:00,2.150661,2.1536901,2.1435931000000004,2.150661,18266316.727740914,39226292.0
2026-07-09 11:10:00,2.1486416000000004,2.1577289,2.1415737,2.1577289,22995543.230662573,49373264.0
2026-07-09 11:15:00,2.1577289,2.1597483,2.1405640000000004,2.1446028000000004,27067124.888580766,58092616.0
2026-07-09 11:20:00,2.1456125,2.1476319,2.1385446,2.1385446,19361166.68317322,41468240.0
2026-07-09 11:25:00,2.1375349,2.1597483,2.1375349,2.1587386,17696904.030900266,37988860.0
2026-07-09 11:30:00,2.1607580000000004,2.1658065,2.1587386,2.1607580000000004,18798165.791819353,40634696.0
2026-07-09 13:05:00,2.1617677,2.1688356000000004,2.1587386,2.1668162,32461646.033475287,70243430.0
2026-07-09 13:10:00,2.1668162,2.1829714,2.1637871,2.1819617,31702046.15232247,68918296.0
2026-07-09 13:15:00,2.1829714,2.1991266,2.1819617,2.1971072,39792958.30444686,87205820.0
2026-07-09 13:20:00,2.1960975,2.1971072,2.1799423,2.1880199,39731540.06140438,86957520.0
2026-07-09 13:25:00,2.1870102,2.191049,2.1809520000000004,2.1880199,28458453.00584332,62206340.0
2026-07-09 13:30:00,2.1880199,2.1991266,2.1829714,2.191049,35711845.10250569,78282470.0
2026-07-09 13:35:00,2.1920587,2.1950878,2.1789326,2.1930684,28071237.00108943,61410770.0
2026-07-09 13:40:00,2.1930684,2.2041751,2.1920587,2.2031654,37304965.83143508,82001420.0
2026-07-09 13:45:00,2.2031654,2.2082139,2.2031654,2.2061945,27219498.861047834,60046804.0
2026-07-09 13:50:00,2.2051848,2.2203303,2.2051848,2.2193206,36081275.62642369,79859810.0
2026-07-09 13:55:00,2.2193206,2.2324467,2.2193206,2.2253788,42513023.67039715,94646110.0
2026-07-09 14:00:00,2.2243691,2.2385049,2.2223497,2.2374952,37169242.34921264,82932030.0
2026-07-09 14:05:00,2.2385049,2.2395146,2.2284079,2.2354758,35694493.41388531,79730760.0
2026-07-09 14:10:00,2.2364855,2.2435534,2.2344661,2.2435534,40120285.233237594,89820640.0
2026-07-09 14:15:00,2.2445631,2.2566795,2.2445631,2.2566795,40388699.61374666,90932590.0
2026-07-09 14:20:00,2.2556698,2.2607183,2.241534,2.241534,42110927.998415366,94903660.0
2026-07-09 14:25:00,2.2405243,2.2475922,2.2405243,2.2465825,32083529.76131524,72023340.0
2026-07-09 14:30:00,2.2455728,2.2526407,2.2455728,2.2526407,43363573.338615425,97530160.0
2026-07-09 14:35:00,2.2526407,2.2586989,2.251631,2.2576892,40121303.3574329,90490430.0
2026-07-09 14:40:00,2.2586989,2.2637474,2.2576892,2.2607183,35897529.95939388,81162530.0
2026-07-09 14:45:00,2.2607183,2.2758638,2.2597086,2.2758638,50841097.355650194,115216424.0
2026-07-09 14:50:00,2.2758638,2.2859608,2.2748541,2.281922,59520000.0,135732400.0
2026-07-09 14:55:00,2.281922,2.281922,2.2738443999999998,2.2758638,39438645.14212142,89796990.0
2026-07-09 15:00:00,2.2758638,2.2809123,2.2748541,2.2809123,27669571.15975042,63051040.0
2026-07-10 09:35:00,2.3041354000000003,2.3122130000000003,2.2859608,2.3041354000000003,121290185.2035258,279257714.0
2026-07-10 09:40:00,2.3031257000000003,2.3263488,2.2899996,2.3253391,74295018.32227394,171362540.0
2026-07-10 09:45:00,2.3243294000000003,2.3354361000000003,2.3152421000000003,2.3324070000000003,74670971.57571556,173668940.0
2026-07-10 09:50:00,2.3324070000000003,2.3324070000000003,2.3031257000000003,2.3182712,40784886.59998019,94536050.0
2026-07-10 09:55:00,2.3192809000000003,2.3364458000000004,2.3162518000000003,2.3313973000000003,24741150.83688224,57649584.0
2026-07-10 10:00:00,2.3313973000000003,2.3313973000000003,2.3011063,2.3011063,49879568.18857086,115476070.0
2026-07-10 10:05:00,2.3041354000000003,2.3112033000000003,2.2748541,2.2748541,59661618.30246608,136920800.0
2026-07-10 10:10:00,2.2758638,2.2980772,2.2758638,2.2839414000000002,45016119.63949688,102786970.0
2026-07-10 10:15:00,2.2849511,2.2920190000000003,2.2687959,2.2889899,32208457.957809247,73346520.0
2026-07-10 10:20:00,2.2899996,2.3081742000000003,2.2899996,2.3011063,39044666.732692875,89833420.0
2026-07-10 10:25:00,2.2990869000000003,2.3071645000000003,2.2859608,2.3061548,19839061.107259583,45525024.0
2026-07-10 10:30:00,2.3061548,2.3172615,2.3011063,2.3112033000000003,25124983.65851243,58066376.0
2026-07-10 10:35:00,2.3112033000000003,2.3152421000000003,2.2889899,2.2970675,18686045.360007923,43031428.0
2026-07-10 10:40:00,2.2970675,2.2980772,2.2829317000000002,2.2950481000000003,23293334.65385758,53320550.0
2026-07-10 10:45:00,2.2940384,2.2940384,2.2849511,2.2869705000000002,11310300.089135386,25889016.0
2026-07-10 10:50:00,2.2879802000000002,2.2879802000000002,2.2748541,2.2829317000000002,17647519.06506883,40253690.0
2026-07-10 10:55:00,2.2829317000000002,2.2899996,2.2758638,2.2778831999999998,10799742.497771615,24643068.0
2026-07-10 11:00:00,2.2788929,2.2980772,2.2748541,2.2930287,12002036.248390611,27468884.0
2026-07-10 11:05:00,2.2930287,2.2930287,2.2758638,2.2799026000000002,10191606.417747846,23252920.0
2026-07-10 11:10:00,2.281922,2.2879802000000002,2.2768734999999998,2.281922,18656341.487570565,42550710.0
2026-07-10 11:15:00,2.281922,2.2879802000000002,2.2748541,2.2758638,7122511.637119937,16252503.0
2026-07-10 11:20:00,2.2758638,2.2859608,2.2758638,2.2829317000000002,5858571.853025651,13365566.0
2026-07-10 11:25:00,2.281922,2.2879802000000002,2.2778831999999998,2.2778831999999998,7498762.008517381,17114894.0
2026-07-10 11:30:00,2.2768734999999998,2.2788929,2.2698056,2.2738443999999998,11399933.643656531,25912278.0
2026-07-10 13:05:00,2.2738443999999998,2.2758638,2.2637474,2.2637474,21137415.07378429,47980296.0
2026-07-10 13:10:00,2.2647571,2.2839414000000002,2.2597086,2.2829317000000002,22818163.81103298,51772670.0
2026-07-10 13:15:00,2.2839414000000002,2.2899996,2.2788929,2.2799026000000002,14261265.722491829,32589852.0
2026-07-10 13:20:00,2.2768734999999998,2.2859608,2.271825,2.2758638,12190081.212241258,27772520.0
2026-07-10 13:25:00,2.2758638,2.2809123,2.2728346999999998,2.2758638,5825294.641972863,13263838.0
2026-07-10 13:30:00,2.2758638,2.2778831999999998,2.2677862,2.2738443999999998,8710378.330197088,19788538.0
2026-07-10 13:35:00,2.2738443999999998,2.2738443999999998,2.2576892,2.2597086,11730414.974744974,26594384.0
2026-07-10 13:40:00,2.2576892,2.2597086,2.2475922,2.2486019,17450042.586907003,39330950.0
2026-07-10 13:45:00,2.2475922,2.2586989,2.2435534,2.2435534,24784981.677726056,55755044.0
2026-07-10 13:50:00,2.2435534,2.2455728,2.2334564,2.241534,28758431.217193224,64379376.0
2026-07-10 13:55:00,2.2405243,2.2496116,2.2385049,2.2445631,27647622.065960184,62092664.0
2026-07-10 14:00:00,2.2445631,2.2445631,2.231437,2.2324467,14130731.900564523,31612408.0
2026-07-10 14:05:00,2.2324467,2.2334564,2.22134,2.2334564,24859764.28642171,55347496.0
2026-07-10 14:10:00,2.2324467,2.2324467,2.2082139,2.2092236,40171948.10339705,89038500.0
2026-07-10 14:15:00,2.2082139,2.22134,2.2041751,2.2102333,15236307.814202238,33711104.0
2026-07-10 14:20:00,2.2092236,2.2425437,2.2092236,2.241534,17689353.27324948,39413920.0
2026-07-10 14:25:00,2.241534,2.241534,2.22134,2.2253788,15510108.94325047,34607090.0
2026-07-10 14:30:00,2.2243691,2.2243691,2.211243,2.2122527,11935030.206992175,26474364.0
2026-07-10 14:35:00,2.211243,2.2132624,2.2021557,2.2082139,20791423.195008416,45897324.0
2026-07-10 14:40:00,2.2072042,2.2102333,2.1971072,2.1981169,19501733.188075665,42957990.0
2026-07-10 14:45:00,2.1971072,2.1971072,2.1829714,2.1849908000000005,43793106.86342478,95854500.0
2026-07-10 14:50:00,2.1839811,2.1900393,2.1759035,2.1759035,54773298.99970288,119677940.0
2026-07-10 14:55:00,2.1759035,2.1799423,2.1668162,2.1678259,41112991.97781519,89389090.0
2026-07-10 15:00:00,2.1688356000000004,2.1688356000000004,2.1526804000000004,2.1617677,36471997.62305635,78791176.0
2026-07-13 09:35:00,2.1052245,2.1546998,2.1021954,2.1345058,58167095.17678518,123782835.0
2026-07-13 09:40:00,2.1334961,2.1617677,2.1294573,2.150661,55174986.62969199,118298584.0
2026-07-13 09:45:00,2.1486416000000004,2.1698453,2.1375349,2.1698453,41474111.12211548,89363230.0
2026-07-13 09:50:00,2.1688356000000004,2.1779229,2.1415737,2.1486416000000004,45700822.026344456,98913720.0
2026-07-13 09:55:00,2.1476319,2.1577289,2.1365252000000003,2.1435931000000004,40571456.86837675,87189080.0
2026-07-13 10:00:00,2.1435931000000004,2.1435931000000004,2.1213797,2.1244088000000003,24977022.8780826,53179556.0
2026-07-13 10:05:00,2.1233991000000003,2.1365252000000003,2.1112827000000003,2.1334961,61720867.584431015,130872230.0
2026-07-13 10:10:00,2.1314767000000003,2.1395543000000004,2.1163312000000003,2.130467,37630979.498861045,80068210.0
2026-07-13 10:15:00,2.1274379000000003,2.1456125,2.1223894,2.1456125,26765490.73982371,57189664.0
2026-07-13 10:20:00,2.1446028000000004,2.150661,2.1324864000000003,2.1324864000000003,41988709.517678514,89922560.0
2026-07-13 10:25:00,2.1314767000000003,2.1496513,2.130467,2.1466222,22482024.363672376,48091000.0
2026-07-13 10:30:00,2.1466222,2.1637871,2.1405640000000004,2.1617677,21834334.950975537,46987896.0
2026-07-13 10:35:00,2.1617677,2.1658065,2.1496513,2.1526804000000004,36139249.281964935,78090776.0
2026-07-13 10:40:00,2.1536901,2.1607580000000004,2.1365252000000003,2.1365252000000003,29078241.061701495,62417784.0
2026-07-13 10:45:00,2.1375349,2.1435931000000004,2.130467,2.1314767000000003,21345251.064672675,45632280.0
2026-07-13 10:50:00,2.1314767000000003,2.1405640000000004,2.1244088000000003,2.1254185,17333960.582351193,36945104.0
2026-07-13 10:55:00,2.1244088000000003,2.130467,2.1203700000000003,2.1294573,22572843.41883728,47958570.0
2026-07-13 11:00:00,2.130467,2.1334961,2.1213797,2.1264282,18452411.60740814,39234468.0
2026-07-13 11:05:00,2.1233991000000003,2.1264282,2.110273,2.1133021,26850846.78617411,56940344.0
2026-07-13 11:10:00,2.1133021,2.1143118,2.1021954,2.1032051000000003,22367291.27463603,47131090.0
2026-07-13 11:15:00,2.1042148000000003,2.1062342,2.0951275000000003,2.0981566,25873360.404080417,54331560.0
2026-07-13 11:20:00,2.0981566,2.1173409,2.0981566,2.1062342,32794196.295929484,69151176.0
2026-07-13 11:25:00,2.1062342,2.1082536000000003,2.0931081000000002,2.0991663000000003,24062196.692086756,50559090.0
2026-07-13 11:30:00,2.1001760000000003,2.1032051000000003,2.0880596000000002,2.0880596000000002,15760656.63068238,33010924.0
2026-07-13 13:05:00,2.0870499000000002,2.0890693000000002,2.0698849999999998,2.0880596000000002,38661770.82301673,80376710.0
2026-07-13 13:10:00,2.0880596000000002,2.0941178,2.0779625999999998,2.0820014,24090620.97652768,50232356.0
2026-07-13 13:15:00,2.0830111000000002,2.0890693000000002,2.0729141,2.0749335,19074663.76151332,39687680.0
2026-07-13 13:20:00,2.0739237999999998,2.0759432,2.0577685999999997,2.0618073999999997,34493116.76735664,71243400.0
2026-07-13 13:25:00,2.0628171,2.0638268,2.0446425,2.0496909999999997,26751177.577498265,54919948.0
2026-07-13 13:30:00,2.0486813,2.059788,2.0436328,2.0527201,25698326.235515498,52728660.0
2026-07-13 13:35:00,2.0527201,2.0951275000000003,2.0527201,2.0951275000000003,30111886.69901951,62510372.0
2026-07-13 13:40:00,2.0961372000000003,2.0991663000000003,2.0779625999999998,2.0941178,38638803.60503119,80675640.0
2026-07-13 13:45:00,2.0951275000000003,2.1011857000000003,2.0850305000000002,2.090079,30327091.21521244,63499084.0
2026-07-13 13:50:00,2.0910887000000002,2.0910887000000002,2.0698849999999998,2.0719044,21212930.573437653,44107300.0
2026-07-13 13:55:00,2.0729141,2.0941178,2.0729141,2.0850305000000002,25960978.50846786,54115656.0
2026-07-13 14:00:00,2.0850305000000002,2.0860402,2.0719044,2.0759432,18370941.863919977,38176576.0
2026-07-13 14:05:00,2.0749335,2.0789723,2.0688753,2.0749335,15959752.401703475,33092112.0
2026-07-13 14:10:00,2.0749335,2.0749335,2.0547395,2.0567589,18139158.165791817,37425780.0
2026-07-13 14:15:00,2.0567589,2.0618073999999997,2.0517104,2.0537297999999997,17996731.702485885,37026012.0
2026-07-13 14:20:00,2.0537297999999997,2.0648365,2.0517104,2.0567589,21682733.48519362,44625570.0
2026-07-13 14:25:00,2.0547395,2.0567589,2.0446425,2.0446425,22349480.0435773,45823590.0
2026-07-13 14:30:00,2.0456521999999997,2.0537297999999997,2.0436328,2.0527201,21942830.54372586,44946780.0
2026-07-13 14:35:00,2.0527201,2.0527201,2.0375745999999997,2.0456521999999997,66394033.87144696,135594020.0
2026-07-13 14:40:00,2.0456521999999997,2.0607977,2.0446425,2.0517104,42630573.43765475,87384300.0
2026-07-13 14:45:00,2.0507007,2.0507007,2.0406037,2.0476716,30823430.72199663,62991868.0
2026-07-13 14:50:00,2.0476716,2.0719044,2.0476716,2.0668559,52162533.42577003,107645176.0
2026-07-13 14:55:00,2.0668559,2.0668559,2.0537297999999997,2.0537297999999997,33067338.81350896,68063576.0
2026-07-13 15:00:00,2.0537297999999997,2.0577685999999997,2.0527201,2.0557492,13691567.792413587,28143130.0
2026-07-14 09:35:00,2.0476716,2.0749335,2.0406037,2.0416133999999997,53299405.76408834,109714554.0
2026-07-14 09:40:00,2.0416133999999997,2.0688753,2.0365649,2.0365649,57174903.43666435,117334030.0
2026-07-14 09:45:00,2.0355552,2.0547395,2.0254581999999997,2.0446425,77080112.90482321,157218820.0
2026-07-14 09:50:00,2.0446425,2.0456521999999997,2.0204097,2.0345455,38429810.83490145,77947710.0
2026-07-14 09:55:00,2.0345455,2.0688753,2.0335357999999997,2.0658461999999997,23162060.017827075,47543812.0
2026-07-14 10:00:00,2.0668559,2.0678656,2.0426231,2.0446425,33772209.56719818,69277110.0
2026-07-14 10:05:00,2.0406037,2.0486813,2.0325261,2.0416133999999997,23701000.297117956,48336316.0
2026-07-14 10:10:00,2.0436328,2.0456521999999997,2.0244485,2.0244485,20810636.82281866,42343636.0
2026-07-14 10:15:00,2.0244485,2.0436328,2.0234388,2.0436328,27577010.993364364,56058708.0
2026-07-14 10:20:00,2.0426231,2.0658461999999997,2.0375745999999997,2.0658461999999997,16015710.607111022,32871556.0
2026-07-14 10:25:00,2.0658461999999997,2.0688753,2.0486813,2.0507007,31346637.615133207,64568212.0
2026-07-14 10:30:00,2.0507007,2.0517104,2.0325261,2.0406037,34300683.3712984,69991304.0
2026-07-14 10:35:00,2.0385843,2.0507007,2.0284873,2.0284873,21152124.393384174,43117972.0
2026-07-14 10:40:00,2.0284873,2.0315164,2.0224291,2.0284873,32601267.7032782,66064068.0
2026-07-14 10:45:00,2.0274776,2.0335357999999997,2.0214193999999996,2.0214193999999996,14288047.935030207,28951972.0
2026-07-14 10:50:00,2.0224291,2.0254581999999997,2.0032448,2.0052642,40117698.32623551,80869070.0
2026-07-14 10:55:00,2.0052642,2.0082933,1.9981963000000003,1.9981963000000003,36017922.15509557,72117560.0
2026-07-14 11:00:00,1.9981963000000003,2.0002157,1.9810314,1.9850702,37354319.10468456,74338830.0
2026-07-14 11:05:00,1.9840605000000002,1.9951672,1.9840605000000002,1.9850702,29114093.29503813,57933176.0
2026-07-14 11:10:00,1.9860799000000002,1.9870896,1.9648762,1.9699247000000002,49834010.102010496,98364050.0
2026-07-14 11:15:00,1.9709344,1.9719441000000002,1.958818,1.9658859000000002,31686893.13657522,62274580.0
2026-07-14 11:20:00,1.9658859000000002,1.9810314,1.9648762,1.9719441000000002,29019792.01743092,57239400.0
2026-07-14 11:25:00,1.968915,1.968915,1.9557889000000002,1.9598277000000002,37468683.767455675,73482950.0
2026-07-14 11:30:00,1.9598277000000002,1.9860799000000002,1.958818,1.9850702,23399277.01297415,46317824.0
2026-07-14 13:05:00,1.9931478,2.0537297999999997,1.9911284,2.0527201,45521511.34000198,92496950.0
2026-07-14 13:10:00,2.0527201,2.0678656,2.0446425,2.0678656,42668036.050311975,87767340.0
2026-07-14 13:15:00,2.0678656,2.0719044,2.0517104,2.0577685999999997,46910171.33802119,96808860.0
2026-07-14 13:20:00,2.059788,2.0648365,2.0416133999999997,2.0436328,40648509.458254926,83341600.0
2026-07-14 13:25:00,2.0456521999999997,2.0658461999999997,2.0446425,2.0648365,10914419.134396356,22490346.0
2026-07-14 13:30:00,2.0658461999999997,2.0779625999999998,2.0618073999999997,2.0759432,28311419.23343567,58615410.0
2026-07-14 13:35:00,2.0769529,2.0920984000000002,2.0739237999999998,2.0749335,43209953.45152025,90051270.0
2026-07-14 13:40:00,2.0759432,2.0809917,2.0658461999999997,2.0678656,20392435.376844607,42262744.0
2026-07-14 13:45:00,2.0678656,2.0678656,2.0476716,2.0587783,28613542.63642666,58842124.0
2026-07-14 13:50:00,2.0567589,2.0607977,2.0416133999999997,2.0456521999999997,17806576.21075567,36478584.0
2026-07-14 13:55:00,2.0446425,2.0456521999999997,2.0294969999999997,2.0345455,14150242.646330593,28824452.0
2026-07-14 14:00:00,2.0335357999999997,2.0456521999999997,2.0335357999999997,2.0385843,12001287.511141922,24489442.0
2026-07-14 14:05:00,2.039594,2.0436328,2.0325261,2.0416133999999997,6668713.479251263,13584587.0
2026-07-14 14:10:00,2.0416133999999997,2.0486813,2.0385843,2.0385843,7218317.321976825,14749328.0
2026-07-14 14:15:00,2.0385843,2.0537297999999997,2.0385843,2.0537297999999997,6888136.080023769,14100468.0
2026-07-14 14:20:00,2.0496909999999997,2.0527201,2.0436328,2.0446425,17866201.842131324,36598444.0
2026-07-14 14:25:00,2.0446425,2.0446425,2.0345455,2.0416133999999997,14554559.77022878,29675536.0
2026-07-14 14:30:00,2.0416133999999997,2.0476716,2.039594,2.0476716,9696939.685054967,19824096.0
2026-07-14 14:35:00,2.0466619,2.0688753,2.0466619,2.0668559,13905117.361592552,28655804.0
2026-07-14 14:40:00,2.0658461999999997,2.0759432,2.0628171,2.0749335,20694443.894226007,42830456.0
2026-07-14 14:45:00,2.0749335,2.0769529,2.0668559,2.0729141,27368461.919381995,56723690.0
2026-07-14 14:50:00,2.0749335,2.0830111000000002,2.0719044,2.0830111000000002,18438197.484401308,38313736.0
2026-07-14 14:55:00,2.0820014,2.0850305000000002,2.0779625999999998,2.0809917,17011290.482321482,35418496.0
2026-07-14 15:00:00,2.0809917,2.0850305000000002,2.0779625999999998,2.0850305000000002,13947844.904427057,29044136.0
2026-07-15 09:35:00,2.0941178,2.0971469000000003,2.0678656,2.0698849999999998,96865920.57046647,202062670.0
2026-07-15 09:40:00,2.0688753,2.0688753,2.0294969999999997,2.0315164,100511052.78795682,205636110.0
2026-07-15 09:45:00,2.0284873,2.039594,2.0052642,2.0365649,114971753.98633257,232331620.0
2026-07-15 09:50:00,2.0345455,2.059788,2.0325261,2.0496909999999997,54619324.55184708,111908670.0
2026-07-15 09:55:00,2.0507007,2.0527201,2.0224291,2.0284873,59910567.49529563,122038510.0
2026-07-15 10:00:00,2.0274776,2.0375745999999997,2.0204097,2.0325261,51887118.94622165,105349016.0
2026-07-15 10:05:00,2.0305067,2.0486813,2.0284873,2.0385843,41668515.400614046,84994856.0
2026-07-15 10:10:00,2.0345455,2.0365649,2.0183903,2.0183903,40687035.75319402,82411624.0
2026-07-15 10:15:00,2.0173806,2.0264679,2.009303,2.0234388,37821016.14340893,76249390.0
2026-07-15 10:20:00,2.0244485,2.0375745999999997,2.0224291,2.0234388,15109141.329107655,30673688.0
2026-07-15 10:25:00,2.0254581999999997,2.0446425,2.0214193999999996,2.0446425,27034713.281172626,54911450.0
2026-07-15 10:30:00,2.0456521999999997,2.0466619,2.0325261,2.0446425,19566009.705853224,39977330.0
2026-07-15 10:35:00,2.0456521999999997,2.0517104,2.0224291,2.0264679,51038823.41289492,103947944.0
2026-07-15 10:40:00,2.0274776,2.0274776,2.0123321,2.0123321,39815881.94513222,80356520.0
2026-07-15 10:45:00,2.0143515,2.0194,2.009303,2.0113224,51173219.76824799,103019580.0
2026-07-15 10:50:00,2.0123321,2.0214193999999996,2.0052642,2.0052642,29007626.027532928,58332910.0
2026-07-15 10:55:00,2.0062739,2.0082933,2.0002157,2.0022351,33253540.65564029,66632384.0
2026-07-15 11:00:00,2.0022351,2.0072836,2.0022351,2.0022351,19067049.618698623,38223410.0
2026-07-15 11:05:00,2.0012254,2.0032448,1.9941575000000002,1.9961769000000003,27252649.301772803,54463584.0
2026-07-15 11:10:00,1.9951672,2.0032448,1.9901187000000002,2.0012254,18133604.0408042,36180304.0
2026-07-15 11:15:00,2.0012254,2.009303,1.9961769000000003,2.0082933,17865948.301475685,35745852.0
2026-07-15 11:20:00,2.009303,2.009303,1.9911284,1.9921381000000002,16402844.409230463,32739364.0
2026-07-15 11:25:00,1.9911284,1.9911284,1.9800217000000002,1.9860799000000002,34118787.75874022,67759850.0
2026-07-15 11:30:00,1.9870896,2.0002157,1.9870896,2.0002157,11534020.00594236,22967622.0
2026-07-15 13:05:00,2.0012254,2.0012254,1.9810314,1.9820411000000002,19895228.285629395,39633300.0
2026-07-15 13:10:00,1.9810314,1.9830508,1.9729538,1.9759829000000002,36452906.80400119,72127420.0
2026-07-15 13:15:00,1.9769926,1.9800217000000002,1.968915,1.9749732,21912152.124393385,43256076.0
2026-07-15 13:20:00,1.9739635000000002,1.9961769000000003,1.9739635000000002,1.9951672,27478007.328909576,54540990.0
2026-07-15 13:25:00,1.9951672,2.0042545,1.9860799000000002,2.0032448,14961463.801129047,29834324.0
2026-07-15 13:30:00,2.0032448,2.0224291,2.0032448,2.0194,15823990.294146776,31875488.0
2026-07-15 13:35:00,2.0214193999999996,2.0254581999999997,2.009303,2.0113224,14143796.1770823,28535742.0
2026-07-15 13:40:00,2.009303,2.0143515,2.0052642,2.0082933,10401109.240368426,20897812.0
2026-07-15 13:45:00,2.0113224,2.0254581999999997,2.009303,2.0194,8372585.916608893,16908412.0
2026-07-15 13:50:00,2.0173806,2.0173806,2.0002157,2.0022351,7895711.597504209,15858672.0
2026-07-15 13:55:00,2.0022351,2.0103127,2.0002157,2.0072836,7702814.697434882,15440716.0
2026-07-15 14:00:00,2.0082933,2.0082933,1.9941575000000002,1.9981963000000003,7405798.752104585,14819709.0
2026-07-15 14:05:00,1.9971866,1.9971866,1.9901187000000002,1.9951672,14692284.83708032,29285052.0
2026-07-15 14:10:00,1.9951672,1.9961769000000003,1.9921381000000002,1.9921381000000002,9273843.715955233,18492088.0
2026-07-15 14:15:00,1.9921381000000002,1.9981963000000003,1.989109,1.9961769000000003,5113972.467069427,10193533.0
2026-07-15 14:20:00,1.9941575000000002,1.999206,1.989109,1.9901187000000002,10360503.119738536,20654198.0
2026-07-15 14:25:00,1.9901187000000002,1.9901187000000002,1.9840605000000002,1.9860799000000002,13893701.099336436,27604564.0
2026-07-15 14:30:00,1.9860799000000002,1.9951672,1.9860799000000002,1.9901187000000002,14239576.11171635,28347936.0
2026-07-15 14:35:00,1.989109,1.9911284,1.9780023000000002,1.979012,21415866.09884124,42439010.0
2026-07-15 14:40:00,1.9800217000000002,1.9840605000000002,1.9780023000000002,1.979012,16090918.09448351,31862416.0
2026-07-15 14:45:00,1.9800217000000002,1.9941575000000002,1.979012,1.9941575000000002,13954020.996335546,27696288.0
2026-07-15 14:50:00,1.9941575000000002,1.9971866,1.9820411000000002,1.9860799000000002,18835166.881251857,37441550.0
2026-07-15 14:55:00,1.9880993000000002,1.9931478,1.9850702,1.9880993000000002,24612098.643161334,48959150.0
2026-07-15 15:00:00,1.9880993000000002,1.989109,1.9850702,1.9850702,18164967.812221453,36072716.0
2026-07-16 09:35:00,1.928527,1.9406434,1.9002554,1.9032845,99903519.85738337,192424240.0
2026-07-16 09:40:00,1.9022748,1.9578083000000002,1.9022748,1.9537695000000002,47951684.65880954,92582110.0
2026-07-16 09:45:00,1.9537695000000002,1.9648762,1.948721,1.9638665000000002,47770323.85857185,93501940.0
2026-07-16 09:50:00,1.9628568,1.979012,1.9628568,1.9739635000000002,32680198.078637216,64417376.0
2026-07-16 09:55:00,1.9729538,1.9749732,1.9567986,1.9658859000000002,60235527.38437159,118251630.0
2026-07-16 10:00:00,1.9658859000000002,2.0012254,1.9658859000000002,1.9961769000000003,35300970.58532237,70247890.0
2026-07-16 10:05:00,1.9941575000000002,1.9941575000000002,1.9749732,1.9749732,28936563.33564425,57440550.0
2026-07-16 10:10:00,1.9749732,1.9951672,1.9699247000000002,1.9951672,27932562.147172425,55370120.0
2026-07-16 10:15:00,1.9961769000000003,2.0012254,1.989109,1.9921381000000002,37808755.07576508,75433600.0
2026-07-16 10:20:00,1.9951672,2.009303,1.9951672,2.0012254,33844005.15004457,67768410.0
2026-07-16 10:25:00,2.0002157,2.0082933,1.9901187000000002,1.9941575000000002,27191597.50420917,54396704.0
2026-07-16 10:30:00,1.9951672,2.0012254,1.9840605000000002,1.9880993000000002,18779704.862830542,37386260.0
2026-07-16 10:35:00,1.9870896,1.9870896,1.9709344,1.9749732,17488103.397048626,34590956.0
2026-07-16 10:40:00,1.9749732,1.9749732,1.9618471000000002,1.9628568,12016443.498068733,23644848.0
2026-07-16 10:45:00,1.9618471000000002,1.9860799000000002,1.958818,1.9860799000000002,15795077.745865108,31111740.0
2026-07-16 10:50:00,1.9870896,1.9941575000000002,1.9780023000000002,1.9941575000000002,16382906.804001188,32530956.0
2026-07-16 10:55:00,1.9941575000000002,1.9971866,1.9850702,1.9901187000000002,11132337.327919183,22175706.0
2026-07-16 11:00:00,1.989109,1.9961769000000003,1.9810314,1.9921381000000002,20775945.330296125,41290770.0
2026-07-16 11:05:00,1.9901187000000002,1.9931478,1.979012,1.979012,18398801.624244824,36542060.0
2026-07-16 11:10:00,1.979012,1.9830508,1.9729538,1.9739635000000002,12786238.486679211,25280348.0
2026-07-16 11:15:00,1.9749732,1.9749732,1.9668956,1.9679053000000002,8227511.141923343,16211568.0
2026-07-16 11:20:00,1.9679053000000002,1.9709344,1.9608374,1.9618471000000002,15917029.810834901,31263128.0
2026-07-16 11:25:00,1.9618471000000002,1.9638665000000002,1.9557889000000002,1.9567986,14073717.9360206,27582084.0
2026-07-16 11:30:00,1.9578083000000002,1.9679053000000002,1.9578083000000002,1.9668956,9662864.217094187,18963332.0
2026-07-16 13:05:00,1.9679053000000002,1.968915,1.9497307000000001,1.9618471000000002,18207091.21521244,35649144.0
2026-07-16 13:10:00,1.9618471000000002,1.9679053000000002,1.9497307000000001,1.9507404,8192334.356739625,16041620.0
2026-07-16 13:15:00,1.9507404,1.9527598,1.9446822,1.9507404,16474532.03921957,32096156.0
2026-07-16 13:20:00,1.9507404,1.958818,1.9406434,1.9578083000000002,12119243.339605823,23586628.0
2026-07-16 13:25:00,1.9578083000000002,1.9618471000000002,1.9436725000000001,1.9436725000000001,11425916.60889373,22286538.0
2026-07-16 13:30:00,1.9426628,1.9426628,1.9355949000000001,1.9376143000000001,25338233.138556007,49110000.0
2026-07-16 13:35:00,1.9355949000000001,1.9355949000000001,1.9295367,1.9335755000000001,15356343.468356937,29673040.0
2026-07-16 13:40:00,1.9325658000000001,1.9325658000000001,1.9224688,1.9254979,41483236.60493216,79863420.0
2026-07-16 13:45:00,1.9275173,1.9325658000000001,1.9234785,1.9265076,13301789.640487272,25634052.0
2026-07-16 13:50:00,1.9244882,1.9275173,1.9164106,1.9174203,33094384.47063484,63537660.0
2026-07-16 13:55:00,1.9174203,1.9315561,1.9174203,1.91843,14750024.759829652,28403892.0
2026-07-16 14:00:00,1.9194397,1.9224688,1.9164106,1.9214591,15676302.862236308,30079466.0
2026-07-16 14:05:00,1.9224688,1.9254979,1.9154009,1.9204494,15889175.002475983,30502050.0
2026-07-16 14:10:00,1.9214591,1.9366046,1.9214591,1.9214591,13428146.974348815,25899092.0
2026-07-16 14:15:00,1.9214591,1.9244882,1.9133815,1.9133815,15392342.279885113,29511450.0
2026-07-16 14:20:00,1.9143912,1.9143912,1.9093427,1.9103524,17455446.172130335,33366580.0
2026-07-16 14:25:00,1.9093427,1.9174203,1.9073233,1.9113621,20421546.99415668,39004704.0
2026-07-16 14:30:00,1.9113621,1.9143912,1.9063136,1.9073233,28035961.176587105,53525800.0
2026-07-16 14:35:00,1.9063136,1.9093427,1.9002554,1.9012651,40448747.152619585,77030830.0
2026-07-16 14:40:00,1.9012651,1.9042942,1.8941972,1.8992457,72895216.40091115,138380200.0
2026-07-16 14:45:00,1.9002554,1.908333,1.8941972,1.8952069,70670743.78528276,134383890.0
2026-07-16 14:50:00,1.8962166,1.8972263,1.8881390000000002,1.8901584000000002,42304007.130830936,80023940.0
2026-07-16 14:55:00,1.8901584000000002,1.9022748,1.8871293,1.9002554,110528404.47657719,209325180.0
2026-07-16 15:00:00,1.9012651,1.9063136,1.9002554,1.9063136,21910864.61325146,41716920.0
2026-07-17 09:35:00,1.8800614000000002,1.8972263,1.8285667,1.8315958,117406619.78805585,218017074.0
2026-07-17 09:40:00,1.8315958,1.8558286000000002,1.8315958,1.8527995,116622135.28770922,214806820.0
2026-07-17 09:45:00,1.8507801000000002,1.8709741,1.8507801000000002,1.8608771,108951084.48053877,202974240.0
2026-07-17 09:50:00,1.8598674000000002,1.8699644000000002,1.8447219000000001,1.8689547,59655798.75210458,110768136.0
2026-07-17 09:55:00,1.8659256000000002,1.9063136,1.8598674000000002,1.8952069,83118371.79360205,156614660.0
2026-07-17 10:00:00,1.8921778000000002,1.9022748,1.8921778000000002,1.8941972,48232148.16282064,91458264.0
2026-07-17 10:05:00,1.8931875,1.8941972,1.8750129,1.8891487,30747643.85461028,57925160.0
2026-07-17 10:10:00,1.8901584000000002,1.8901584000000002,1.8669353,1.8669353,25391506.38803605,47633024.0
2026-07-17 10:15:00,1.8689547,1.8719838000000002,1.8598674000000002,1.8689547,20916323.660493214,39047356.0
2026-07-17 10:20:00,1.8659256000000002,1.8760226000000002,1.8588577,1.8659256000000002,17360899.277012974,32427510.0
2026-07-17 10:25:00,1.8639062000000002,1.8639062000000002,1.8447219000000001,1.8538092000000002,16216813.905120332,30041108.0
2026-07-17 10:30:00,1.8538092000000002,1.8538092000000002,1.8416928000000001,1.8457316000000001,22781915.420421906,42031624.0
2026-07-17 10:35:00,1.8447219000000001,1.8477510000000001,1.8386637000000001,1.8386637000000001,32023076.16123601,58977560.0
2026-07-17 10:40:00,1.8386637000000001,1.8427025000000001,1.8285667,1.8427025000000001,38383955.630385265,70433230.0
2026-07-17 10:45:00,1.8427025000000001,1.8477510000000001,1.827557,1.8285667,31954360.701198373,58638780.0
2026-07-17 10:50:00,1.8285667,1.8366443000000001,1.8194794,1.8225085,36455881.94513222,66581320.0
2026-07-17 10:55:00,1.8245279,1.8305861,1.8204891,1.8235182,43592964.24680598,79574344.0
2026-07-17 11:00:00,1.8245279,1.8467413000000001,1.8245279,1.8396734000000001,22515317.42101614,41362664.0
2026-07-17 11:05:00,1.8406831000000001,1.8649159,1.8396734000000001,1.8618868000000002,23487425.96810934,43559296.0
2026-07-17 11:10:00,1.8628965,1.8628965,1.8416928000000001,1.8427025000000001,17680003.961572744,32766962.0
2026-07-17 11:15:00,1.8427025000000001,1.8427025000000001,1.8326055,1.8406831000000001,15250497.177379418,28012452.0
2026-07-17 11:20:00,1.8416928000000001,1.8447219000000001,1.8235182,1.8245279,16413011.785678914,30059776.0
2026-07-17 11:25:00,1.8245279,1.827557,1.8194794,1.8214988,21936911.954045754,39980170.0
2026-07-17 11:30:00,1.8214988,1.8255376,1.8204891,1.8245279,14567198.177676536,26549440.0
2026-07-17 13:05:00,1.8225085,1.8265473,1.8083727,1.8093824,66561869.86233535,120912880.0
2026-07-17 13:10:00,1.8103921,1.8124115,1.8023145,1.807363,37632219.471130036,67993830.0
2026-07-17 13:15:00,1.8083727,1.8134212,1.7932272,1.7952466,42495493.71100327,76622550.0
2026-07-17 13:20:00,1.7952466,1.797266,1.7831302,1.7841399,34601525.205506586,61990356.0
2026-07-17 13:25:00,1.7841399,1.7922175,1.7780817,1.7851496,50599132.41556898,90353380.0
2026-07-17 13:30:00,1.7841399,1.8093824,1.7841399,1.8033242,95376472.21947113,171246510.0
2026-07-17 13:35:00,1.8033242,1.8083727,1.787169,1.787169,39934277.50817074,71759520.0
2026-07-17 13:40:00,1.787169,1.787169,1.7720235,1.7720235,63700449.63850649,113215416.0
2026-07-17 13:45:00,1.7720235,1.7760623,1.7578877000000002,1.7609168000000002,82676177.08230168,146213740.0
2026-07-17 13:50:00,1.7609168000000002,1.777072,1.7538489000000002,1.7750526,76751084.48053877,135221630.0
2026-07-17 13:55:00,1.7750526,1.7821205,1.7629362000000002,1.7740429,37192433.39605823,65898410.0
2026-07-17 14:00:00,1.7720235,1.8002951,1.766975,1.797266,34196434.584530056,61083300.0
2026-07-17 14:05:00,1.7962563,1.8225085,1.7962563,1.8154406,56260473.40794295,102092216.0
2026-07-17 14:10:00,1.8144309,1.827557,1.8063533,1.827557,37611690.60116866,68351140.0
2026-07-17 14:15:00,1.827557,1.8517898000000002,1.8225085,1.8507801000000002,95516668.31732197,175366670.0
2026-07-17 14:20:00,1.8517898000000002,1.8527995,1.8225085,1.8225085,67993611.96394968,124842050.0
2026-07-17 14:25:00,1.8225085,1.8315958,1.81746,1.8225085,35934336.931761906,65630830.0
2026-07-17 14:30:00,1.8214988,1.8265473,1.8124115,1.8124115,26068931.3657522,47433644.0
2026-07-17 14:35:00,1.8134212,1.81746,1.8103921,1.8154406,23044963.850648705,41795860.0
2026-07-17 14:40:00,1.8154406,1.8154406,1.7952466,1.7952466,21386649.49985144,38594716.0
2026-07-17 14:45:00,1.7952466,1.7962563,1.7841399,1.7861593,18525629.394869763,33133836.0
2026-07-17 14:50:00,1.7851496,1.7851496,1.7760623,1.7780817,27902812.716648508,49671280.0
2026-07-17 14:55:00,1.7780817,1.7780817,1.7639459000000002,1.766975,43915123.303951666,77703920.0
2026-07-17 15:00:00,1.766975,1.7720235,1.766975,1.7700041,42654808.35891849,75483420.0
2026-07-20 09:35:00,1.81746,1.8265473,1.7952466,1.8214988,144187979.59790036,261341172.0
2026-07-20 09:40:00,1.8214988,1.8315958,1.8164503,1.8265473,82532415.56898089,150553520.0
2026-07-20 09:45:00,1.8265473,1.8356346000000001,1.8043339,1.8164503,84584629.09775181,154015470.0
2026-07-20 09:50:00,1.8144309,1.8144309,1.787169,1.787169,65525669.01059721,118102590.0
2026-07-20 09:55:00,1.7891884,1.7942369,1.7689944,1.7710138,58805284.738041,104777060.0
2026-07-20 10:00:00,1.7730332,1.8023145,1.7730332,1.7982757,41596117.65871051,74521720.0
2026-07-20 10:05:00,1.797266,1.8124115,1.787169,1.8124115,26615675.94334951,47970464.0
2026-07-20 10:10:00,1.8114018,1.8114018,1.7790914,1.7831302,48764286.42170942,87644390.0
2026-07-20 10:15:00,1.7841399,1.7841399,1.7659653000000002,1.7679847,51169440.42784985,90701656.0
2026-07-20 10:20:00,1.7679847,1.7710138,1.7558683000000002,1.766975,34062790.927998416,60053490.0
2026-07-20 10:25:00,1.7679847,1.7679847,1.7498101000000001,1.7548586000000002,39794919.28295533,69956664.0
2026-07-20 10:30:00,1.7558683000000002,1.7629362000000002,1.7467810000000001,1.7477907000000001,34391708.428246014,60362430.0
2026-07-20 10:35:00,1.7467810000000001,1.7477907000000001,1.7326452,1.7336549,36935192.631474696,64284016.0
2026-07-20 10:40:00,1.7326452,1.7558683000000002,1.7275967,1.7498101000000001,28636095.870060414,49799624.0
2026-07-20 10:45:00,1.7498101000000001,1.7659653000000002,1.7477907000000001,1.7659653000000002,22002137.268495593,38620420.0
2026-07-20 10:50:00,1.7659653000000002,1.7811108,1.7649556000000002,1.7811108,21703028.622363076,38482960.0
2026-07-20 10:55:00,1.7811108,1.7811108,1.7649556000000002,1.7649556000000002,23730414.97474497,42107556.0
2026-07-20 11:00:00,1.7649556000000002,1.7901981,1.7649556000000002,1.7881787,16473827.869664256,29382084.0
2026-07-20 11:05:00,1.7881787,1.807363,1.7881787,1.807363,26939651.381598495,48496460.0
2026-07-20 11:10:00,1.807363,1.8083727,1.7912078,1.7982757,14505991.878775874,26067492.0
2026-07-20 11:15:00,1.797266,1.7992854,1.7861593,1.787169,22866990.195107456,41049620.0
2026-07-20 11:20:00,1.7881787,1.7901981,1.7740429,1.7760623,13433495.097553728,23963226.0
2026-07-20 11:25:00,1.7750526,1.7750526,1.7679847,1.7740429,6212142.220461523,11002207.0
2026-07-20 11:30:00,1.7710138,1.777072,1.766975,1.7710138,13313459.443399029,23575412.0
2026-07-20 13:05:00,1.777072,1.777072,1.7578877000000002,1.7619265000000002,25840871.546003763,45658116.0
2026-07-20 13:10:00,1.7619265000000002,1.7639459000000002,1.7508198000000001,1.7599071000000002,24696345.44914331,43368610.0
2026-07-20 13:15:00,1.7599071000000002,1.7659653000000002,1.7488004000000001,1.7488004000000001,20489159.156185005,36004870.0
2026-07-20 13:20:00,1.7498101000000001,1.7599071000000002,1.7417325000000001,1.7548586000000002,16622065.960186193,29065352.0
2026-07-20 13:25:00,1.7528392000000002,1.7528392000000002,1.7447616000000001,1.7467810000000001,9766069.129444389,17073088.0
2026-07-20 13:30:00,1.7457713000000001,1.7498101000000001,1.7376937000000001,1.7376937000000001,16044468.654055659,27995280.0
2026-07-20 13:35:00,1.7387034000000001,1.7447616000000001,1.7286064,1.7316355,22594945.03317817,39196012.0
2026-07-20 13:40:00,1.7306258,1.7387034000000001,1.7245676,1.7255773,39261352.877092205,67882000.0
2026-07-20 13:45:00,1.7255773,1.7376937000000001,1.7174997,1.7205288,34409537.48638209,59485796.0
2026-07-20 13:50:00,1.7185094,1.7346646000000001,1.7084124,1.7275967,55607883.529761314,95678620.0
2026-07-20 13:55:00,1.7286064,1.7346646000000001,1.7154803,1.7154803,32001192.433396056,55182610.0
2026-07-20 14:00:00,1.71649,1.7185094,1.7114415,1.7174997,30379869.268099435,52105390.0
2026-07-20 14:05:00,1.7185094,1.7518295000000002,1.7134609,1.7498101000000001,33790502.12934535,58426056.0
2026-07-20 14:10:00,1.7508198000000001,1.7518295000000002,1.7286064,1.7296161,27472120.43181143,47834390.0
2026-07-20 14:15:00,1.7275967,1.7376937000000001,1.7275967,1.7336549,19219498.861047834,33315836.0
2026-07-20 14:20:00,1.7326452,1.7326452,1.7225482,1.7255773,34491334.05962167,59620464.0
2026-07-20 14:25:00,1.7255773,1.7296161,1.7124512,1.7134609,31823309.894027926,54734870.0
2026-07-20 14:30:00,1.7124512,1.7356743000000001,1.7124512,1.7174997,27228065.762107555,46966136.0
2026-07-20 14:35:00,1.7195191,1.7195191,1.7003348,1.7084124,53304403.288105376,91138000.0
2026-07-20 14:40:00,1.7114415,1.7255773,1.7094221,1.7174997,33535014.360701196,57494080.0
2026-07-20 14:45:00,1.71649,1.7528392000000002,1.71649,1.7477907000000001,37166441.51728236,64568250.0
2026-07-20 14:50:00,1.7498101000000001,1.7760623,1.7498101000000001,1.7760623,47233411.90452609,83285704.0
2026-07-20 14:55:00,1.7750526,1.787169,1.7730332,1.7811108,41251559.8692681,73482930.0
2026-07-20 15:00:00,1.7821205,1.7821205,1.7730332,1.777072,46653873.42775082,82864380.0
2026-07-21 09:35:00,1.797266,1.8013048,1.7740429,1.797266,109872041.20035654,196899000.0
2026-07-21 09:40:00,1.797266,1.8023145,1.7831302,1.7952466,94670044.56769337,169792460.0
2026-07-21 09:45:00,1.7932272,1.797266,1.7780817,1.7790914,70492225.41348915,126087980.0
2026-07-21 09:50:00,1.7780817,1.7821205,1.7639459000000002,1.7649556000000002,60368624.343864515,107150940.0
2026-07-21 09:55:00,1.7639459000000002,1.7639459000000002,1.7498101000000001,1.7558683000000002,69317757.74982668,121767800.0
2026-07-21 10:00:00,1.7548586000000002,1.7609168000000002,1.7397131000000001,1.7508198000000001,52631544.02297712,92129460.0
2026-07-21 10:05:00,1.7518295000000002,1.7518295000000002,1.7296161,1.7316355,65168493.61196395,113330800.0
2026-07-21 10:10:00,1.7316355,1.7447616000000001,1.7205288,1.7215385,69048529.26611865,119490090.0
2026-07-21 10:15:00,1.7205288,1.7498101000000001,1.7174997,1.7498101000000001,60841596.513815984,105320360.0
2026-07-21 10:20:00,1.7518295000000002,1.7588974000000002,1.7366840000000001,1.7387034000000001,30372217.490343664,53118468.0
2026-07-21 10:25:00,1.7387034000000001,1.7831302,1.7356743000000001,1.7831302,42480974.54689512,75102010.0
2026-07-21 10:30:00,1.7831302,1.7922175,1.777072,1.7891884,62793764.48450034,112111600.0
2026-07-21 10:35:00,1.7891884,1.8093824,1.787169,1.7992854,71069713.77636921,127977940.0
2026-07-21 10:40:00,1.7992854,1.827557,1.7992854,1.8235182,73391660.88937308,133324400.0
2026-07-21 10:45:00,1.8235182,1.8235182,1.7962563,1.8043339,62086758.443101905,112434700.0
2026-07-21 10:50:00,1.8063533,1.8457316000000001,1.8033242,1.8437122000000001,84618262.85035159,155039230.0
2026-07-21 10:55:00,1.8427025000000001,1.8507801000000002,1.8376540000000001,1.8457316000000001,101089075.96315737,186496740.0
2026-07-21 11:00:00,1.8457316000000001,1.8608771,1.8457316000000001,1.8527995,82852827.5725463,153739710.0
2026-07-21 11:05:00,1.8507801000000002,1.8800614000000002,1.8497704000000001,1.8790517,74428038.03109834,138813600.0
2026-07-21 11:10:00,1.8780420000000002,1.8962166,1.8760226000000002,1.8871293,74230098.04892541,140064590.0
2026-07-21 11:15:00,1.8861196000000002,1.8861196000000002,1.8608771,1.8608771,55395166.88125186,103655100.0
2026-07-21 11:20:00,1.8639062000000002,1.8820808000000002,1.8628965,1.8639062000000002,39168648.11330098,73350380.0
2026-07-21 11:25:00,1.8649159,1.8760226000000002,1.8608771,1.8760226000000002,28598643.161335047,53417750.0
2026-07-21 11:30:00,1.8760226000000002,1.8962166,1.8760226000000002,1.8941972,46566158.26483113,87881360.0
2026-07-21 13:05:00,1.8972263,1.9143912,1.8972263,1.9042942,105821451.9164108,201566400.0
2026-07-21 13:10:00,1.9042942,1.908333,1.8931875,1.9022748,57842428.4440923,109909710.0
2026-07-21 13:15:00,1.9042942,1.908333,1.9002554,1.9002554,38788650.09408735,73906260.0
2026-07-21 13:20:00,1.9002554,1.9002554,1.8820808000000002,1.8861196000000002,21238114.291373674,40097628.0
2026-07-21 13:25:00,1.8861196000000002,1.8881390000000002,1.8760226000000002,1.8851099,20764137.862731505,39059584.0
2026-07-21 13:30:00,1.8841002000000002,1.8952069,1.8800614000000002,1.8941972,17210212.934535008,32518604.0
2026-07-21 13:35:00,1.8941972,1.9012651,1.8861196000000002,1.8861196000000002,29920669.5057938,56678544.0
2026-07-21 13:40:00,1.8851099,1.8962166,1.8851099,1.8962166,12147370.506090917,22957412.0
2026-07-21 13:45:00,1.8962166,1.9063136,1.8962166,1.9053039,18538058.829355255,35259510.0
2026-07-21 13:50:00,1.9053039,1.9063136,1.898236,1.9063136,20493505.00148559,39020240.0
2026-07-21 13:55:00,1.9063136,1.9194397,1.9063136,1.91843,43828602.55521442,83846530.0
2026-07-21 14:00:00,1.91843,1.9234785,1.9093427,1.9093427,29370236.703971475,56282116.0
2026-07-21 14:05:00,1.9103524,1.9224688,1.9103524,1.9204494,51253223.729820736,98284500.0
2026-07-21 14:10:00,1.9214591,1.928527,1.9174203,1.9275173,52671734.17846885,101317060.0
2026-07-21 14:15:00,1.928527,1.9345852000000001,1.9244882,1.9345852000000001,42821455.877983555,82643304.0
2026-07-21 14:20:00,1.9345852000000001,1.9436725000000001,1.9345852000000001,1.9416531000000001,41154707.338813506,79802780.0
2026-07-21 14:25:00,1.9406434,1.9426628,1.9376143000000001,1.9396337000000001,35534713.281172626,68951840.0
2026-07-21 14:30:00,1.9406434,1.9416531000000001,1.9265076,1.9355949000000001,35720679.40972566,69063840.0
2026-07-21 14:35:00,1.9345852000000001,1.9477113000000001,1.9345852000000001,1.9467016,47570179.261166684,92332616.0
2026-07-21 14:40:00,1.9467016,1.9648762,1.9467016,1.9638665000000002,68212043.18114291,133339030.0
2026-07-21 14:45:00,1.9648762,1.9709344,1.9628568,1.968915,37512385.857185304,73746710.0
2026-07-21 14:50:00,1.9699247000000002,1.9719441000000002,1.9567986,1.9628568,43376171.13994256,85143896.0
2026-07-21 14:55:00,1.9638665000000002,1.9699247000000002,1.9628568,1.9699247000000002,45771268.69367138,90011290.0
2026-07-21 15:00:00,1.9699247000000002,1.9719441000000002,1.968915,1.9709344,46749222.54134891,92112010.0
2026-07-22 09:35:00,1.9204494,1.9668956,1.91843,1.958818,144312962.2660196,280367750.0
2026-07-22 09:40:00,1.9608374,1.979012,1.9497307000000001,1.9517501000000002,89100534.81232049,175119310.0
2026-07-22 09:45:00,1.9527598,1.9608374,1.938624,1.9557889000000002,65692162.028325245,127955170.0
2026-07-22 09:50:00,1.9567986,1.9759829000000002,1.9527598,1.9608374,52213726.84955927,102592400.0
2026-07-22 09:55:00,1.9608374,1.9699247000000002,1.9396337000000001,1.9396337000000001,51807368.52530454,101246540.0
2026-07-22 10:00:00,1.9406434,1.958818,1.9325658000000001,1.958818,47533259.38397544,92302984.0
2026-07-22 10:05:00,1.9578083000000002,1.9638665000000002,1.9467016,1.9547792,46758407.44775676,91516824.0
2026-07-22 10:10:00,1.9567986,1.9598277000000002,1.948721,1.958818,25967614.142814696,50730670.0
2026-07-22 10:15:00,1.9567986,1.9658859000000002,1.9567986,1.9628568,33344977.716153312,65413030.0
2026-07-22 10:20:00,1.9638665000000002,1.9880993000000002,1.9628568,1.9880993000000002,59269878.18163811,117176830.0
2026-07-22 10:25:00,1.989109,1.9941575000000002,1.9780023000000002,1.9850702,40059423.59116569,79579560.0
2026-07-22 10:30:00,1.9850702,1.9870896,1.9780023000000002,1.9870896,21072778.052886996,41801040.0
2026-07-22 10:35:00,1.9860799000000002,1.9860799000000002,1.9628568,1.9628568,22134336.93176191,43692916.0
2026-07-22 10:40:00,1.9618471000000002,1.9658859000000002,1.9537695000000002,1.9578083000000002,21870159.45330296,42845052.0
2026-07-22 10:45:00,1.9567986,1.9598277000000002,1.9436725000000001,1.9507404,25380112.904823214,49505150.0
2026-07-22 10:50:00,1.9507404,1.9578083000000002,1.9467016,1.9567986,19640259.483014755,38355760.0
2026-07-22 10:55:00,1.9567986,1.9749732,1.9557889000000002,1.9739635000000002,12895018.322273942,25353592.0
2026-07-22 11:00:00,1.9739635000000002,1.9739635000000002,1.9628568,1.9658859000000002,16066158.264831137,31629836.0
2026-07-22 11:05:00,1.9668956,1.9679053000000002,1.9547792,1.9567986,15448320.293156382,30306192.0
2026-07-22 11:10:00,1.9557889000000002,1.9608374,1.948721,1.9598277000000002,14017827.077349707,27379696.0
2026-07-22 11:15:00,1.9608374,1.968915,1.958818,1.9668956,11737616.12360107,23069284.0
2026-07-22 11:20:00,1.9668956,1.9769926,1.9658859000000002,1.9759829000000002,26210458.55204516,51704390.0
2026-07-22 11:25:00,1.9749732,1.9850702,1.9749732,1.9820411000000002,15789304.74398336,31267628.0
2026-07-22 11:30:00,1.9820411000000002,1.9951672,1.9820411000000002,1.9931478,34284068.53520848,68239260.0
2026-07-22 13:05:00,1.9931478,1.9931478,1.9608374,1.9608374,23762606.7148658,46923790.0
2026-07-22 13:10:00,1.9598277000000002,1.9668956,1.9547792,1.9557889000000002,25200158.462909773,49388540.0
2026-07-22 13:15:00,1.9547792,1.958818,1.9507404,1.958818,22997722.09567198,44931836.0
2026-07-22 13:20:00,1.9557889000000002,1.9557889000000002,1.9446822,1.9527598,25602060.017827075,49924476.0
2026-07-22 13:25:00,1.9497307000000001,1.9507404,1.9376143000000001,1.9376143000000001,24854412.20164405,48277690.0
2026-07-22 13:30:00,1.938624,1.9416531000000001,1.9275173,1.9275173,34920471.42715658,67518630.0
2026-07-22 13:35:00,1.928527,1.9315561,1.9164106,1.9315561,51105797.7617114,98245800.0
2026-07-22 13:40:00,1.9315561,1.9396337000000001,1.9224688,1.9265076,54175259.97821135,104640140.0
2026-07-22 13:45:00,1.9265076,1.9325658000000001,1.9194397,1.9275173,53195503.61493513,102325180.0
2026-07-22 13:50:00,1.9275173,1.9366046,1.9265076,1.928527,30239021.491532136,58327850.0
2026-07-22 13:55:00,1.9305464,1.9305464,1.9194397,1.9194397,23513023.670397148,45285096.0
2026-07-22 14:00:00,1.9194397,1.9194397,1.9103524,1.9154009,27763125.680895314,53149850.0
2026-07-22 14:05:00,1.9174203,1.9234785,1.908333,1.9093427,21837674.556799047,41827700.0
2026-07-22 14:10:00,1.908333,1.9093427,1.8992457,1.9012651,30721640.09111617,58500544.0
2026-07-22 14:15:00,1.9002554,1.9042942,1.8941972,1.9032845,33201644.052688915,63061524.0
2026-07-22 14:20:00,1.9042942,1.9204494,1.9012651,1.9133815,38204516.19292859,73113680.0
2026-07-22 14:25:00,1.9154009,1.9366046,1.9154009,1.9335755000000001,26071025.056947608,50254470.0
2026-07-22 14:30:00,1.9335755000000001,1.9335755000000001,1.9143912,1.9143912,13847776.567297217,26650214.0
2026-07-22 14:35:00,1.9143912,1.9335755000000001,1.9143912,1.9265076,14777794.394374566,28447092.0
2026-07-22 14:40:00,1.9275173,1.9275173,1.9164106,1.9214591,25503260.374368623,48972280.0
2026-07-22 14:45:00,1.9214591,1.9275173,1.9164106,1.9164106,16852409.626621768,32409008.0
2026-07-22 14:50:00,1.9164106,1.9194397,1.9113621,1.9143912,19397246.706942655,37131188.0
2026-07-22 14:55:00,1.9143912,1.9204494,1.9143912,1.91843,28739922.74933148,55135012.0
2026-07-22 15:00:00,1.91843,1.91843,1.9123718,1.9123718,26916717.83698128,51509560.0
2026-07-23 09:35:00,1.9224688,1.9345852000000001,1.9002554,1.91843,70262687.92710707,134571410.0
2026-07-23 09:40:00,1.91843,1.9265076,1.8992457,1.9002554,57462018.421313256,109934240.0
2026-07-23 09:45:00,1.8992457,1.9113621,1.8851099,1.9063136,61108675.84431019,115977330.0
2026-07-23 09:50:00,1.9063136,1.9103524,1.8901584000000002,1.8931875,30310884.421115182,57469030.0
2026-07-23 09:55:00,1.8921778000000002,1.9154009,1.8851099,1.908333,33222046.15232247,63138080.0
2026-07-23 10:00:00,1.9063136,1.9113621,1.8861196000000002,1.8861196000000002,53513190.05645241,101610430.0
2026-07-23 10:05:00,1.8841002000000002,1.8841002000000002,1.8709741,1.8740032000000002,62978254.9272061,118238530.0
2026-07-23 10:10:00,1.8729935,1.8841002000000002,1.8608771,1.8719838000000002,44604234.92126374,83453340.0
2026-07-23 10:15:00,1.8719838000000002,1.8820808000000002,1.8608771,1.8628965,27530454.590472415,51460068.0
2026-07-23 10:20:00,1.8618868000000002,1.8719838000000002,1.8548189,1.8639062000000002,61005645.241160735,113590090.0
2026-07-23 10:25:00,1.8649159,1.8750129,1.8548189,1.8548189,30533821.92730514,56882668.0
2026-07-23 10:30:00,1.8538092000000002,1.8558286000000002,1.8406831000000001,1.8497704000000001,46036022.58096464,85067310.0
2026-07-23 10:35:00,1.8507801000000002,1.8618868000000002,1.8477510000000001,1.8507801000000002,28617906.308804594,53094800.0
2026-07-23 10:40:00,1.8497704000000001,1.8669353,1.8487607000000001,1.8578480000000002,16998613.449539468,31608456.0
2026-07-23 10:45:00,1.8588577,1.8659256000000002,1.8487607000000001,1.8487607000000001,12620976.527681489,23452056.0
2026-07-23 10:50:00,1.8487607000000001,1.8558286000000002,1.8457316000000001,1.8487607000000001,18986728.73130633,35112180.0
2026-07-23 10:55:00,1.8467413000000001,1.8568383,1.8457316000000001,1.8487607000000001,19057343.765474893,35309040.0
2026-07-23 11:00:00,1.8477510000000001,1.8487607000000001,1.8427025000000001,1.8477510000000001,17942874.121026047,33108482.0
2026-07-23 11:05:00,1.8467413000000001,1.8497704000000001,1.8366443000000001,1.8366443000000001,26602931.56383084,48974016.0
2026-07-23 11:10:00,1.8356346000000001,1.8366443000000001,1.827557,1.8326055,34622660.19609785,63434010.0
2026-07-23 11:15:00,1.8326055,1.8548189,1.8295764,1.8548189,22844726.156284045,41964930.0
2026-07-23 11:20:00,1.8548189,1.8548189,1.8437122000000001,1.8457316000000001,19905813.608002376,36815096.0
2026-07-23 11:25:00,1.8447219000000001,1.8507801000000002,1.8386637000000001,1.8396734000000001,15340893.334653856,28315300.0
2026-07-23 11:30:00,1.8396734000000001,1.8437122000000001,1.8356346000000001,1.8427025000000001,11479152.223432703,21113834.0
2026-07-23 13:05:00,1.8467413000000001,1.8568383,1.8427025000000001,1.8427025000000001,25986871.347925127,48088890.0
2026-07-23 13:10:00,1.8427025000000001,1.8709741,1.8416928000000001,1.8709741,18671783.698128156,34655960.0
2026-07-23 13:15:00,1.8689547,1.8699644000000002,1.8568383,1.8568383,29529798.95018322,55066570.0
2026-07-23 13:20:00,1.8558286000000002,1.8568383,1.8447219000000001,1.8457316000000001,13028325.245122313,24108228.0
2026-07-23 13:25:00,1.8457316000000001,1.8598674000000002,1.8457316000000001,1.8558286000000002,10986530.65266911,20379832.0
2026-07-23 13:30:00,1.8558286000000002,1.8729935,1.8558286000000002,1.8659256000000002,14277614.142814698,26654410.0
2026-07-23 13:35:00,1.8618868000000002,1.8770323,1.8588577,1.8770323,21188867.98058829,39634972.0
2026-07-23 13:40:00,1.8770323,1.8810711,1.8719838000000002,1.8729935,19030890.3634743,35721532.0
2026-07-23 13:45:00,1.8709741,1.8719838000000002,1.8588577,1.8608771,13836737.644845003,25806258.0
2026-07-23 13:50:00,1.8628965,1.8639062000000002,1.8538092000000002,1.8538092000000002,12387045.65712588,23030922.0
2026-07-23 13:55:00,1.8558286000000002,1.8598674000000002,1.8527995,1.8538092000000002,8568980.885411508,15900261.0
2026-07-23 14:00:00,1.8527995,1.8548189,1.8497704000000001,1.8507801000000002,22259978.211349905,41241180.0
2026-07-23 14:05:00,1.8497704000000001,1.8517898000000002,1.8467413000000001,1.8497704000000001,16095969.099732593,29750382.0
2026-07-23 14:10:00,1.8497704000000001,1.8548189,1.8467413000000001,1.8507801000000002,8750222.838466872,16194589.0
2026-07-23 14:15:00,1.8517898000000002,1.8527995,1.8457316000000001,1.8487607000000001,13211250.866594037,24430400.0
2026-07-23 14:20:00,1.8477510000000001,1.8507801000000002,1.8457316000000001,1.8487607000000001,10630187.184312172,19644592.0
2026-07-23 14:25:00,1.8487607000000001,1.8487607000000001,1.8437122000000001,1.8447219000000001,13568089.531544022,25042842.0
2026-07-23 14:30:00,1.8447219000000001,1.8497704000000001,1.8406831000000001,1.8497704000000001,22650787.362582944,41741572.0
2026-07-23 14:35:00,1.8507801000000002,1.8578480000000002,1.8487607000000001,1.8497704000000001,24588788.749133404,45613370.0
2026-07-23 14:40:00,1.8507801000000002,1.8568383,1.8507801000000002,1.8558286000000002,14235455.08566901,26389894.0
2026-07-23 14:45:00,1.8558286000000002,1.8578480000000002,1.8527995,1.8548189,26128045.954243835,48453020.0
2026-07-23 14:50:00,1.8538092000000002,1.8538092000000002,1.8467413000000001,1.8477510000000001,27942260.077250667,51650870.0
2026-07-23 14:55:00,1.8477510000000001,1.8538092000000002,1.8477510000000001,1.8507801000000002,23248489.650391206,43031800.0
2026-07-23 15:00:00,1.8497704000000001,1.8517898000000002,1.8497704000000001,1.8517898000000002,14961500.445676934,27696020.0
2026-07-24 09:35:00,1.8083727,1.8396734000000001,1.8033242,1.8386637000000001,82164474.59641477,149382592.0
2026-07-24 09:40:00,1.8396734000000001,1.8487607000000001,1.8255376,1.8305861,49512076.85451124,90991330.0
2026-07-24 09:45:00,1.8326055,1.8608771,1.8295764,1.8598674000000002,45520316.925819546,84080140.0
2026-07-24 09:50:00,1.8608771,1.8628965,1.8437122000000001,1.8497704000000001,36498365.851242945,67567060.0
2026-07-24 09:55:00,1.8507801000000002,1.8628965,1.8507801000000002,1.8628965,38654435.97108052,71846830.0
2026-07-24 10:00:00,1.8628965,1.8649159,1.8507801000000002,1.8558286000000002,27565704.664751906,51215850.0
2026-07-24 10:05:00,1.8558286000000002,1.8558286000000002,1.8406831000000001,1.8427025000000001,20895170.8428246,38607490.0
2026-07-24 10:10:00,1.8416928000000001,1.8628965,1.8386637000000001,1.8568383,20037482.420520946,37140176.0
2026-07-24 10:15:00,1.8578480000000002,1.8608771,1.8507801000000002,1.8517898000000002,11736231.55392691,21784100.0
2026-07-24 10:20:00,1.8507801000000002,1.8558286000000002,1.8437122000000001,1.8507801000000002,10239477.07239774,18933492.0
2026-07-24 10:25:00,1.8507801000000002,1.8588577,1.8467413000000001,1.8578480000000002,16087847.875606615,29775112.0
2026-07-24 10:30:00,1.8588577,1.8639062000000002,1.8578480000000002,1.8598674000000002,24211674.754877687,45077230.0
2026-07-24 10:35:00,1.8598674000000002,1.8598674000000002,1.8487607000000001,1.8538092000000002,15309002.674061602,28395452.0
2026-07-24 10:40:00,1.8538092000000002,1.8568383,1.8416928000000001,1.8416928000000001,18032385.8571853,33330580.0
2026-07-24 10:45:00,1.8416928000000001,1.8477510000000001,1.8416928000000001,1.8467413000000001,20410062.394770723,37638428.0
2026-07-24 10:50:00,1.8467413000000001,1.8588577,1.8457316000000001,1.8558286000000002,24055224.324056648,44622380.0
2026-07-24 10:55:00,1.8548189,1.8639062000000002,1.8527995,1.8639062000000002,33035654.154699415,61435576.0
2026-07-24 11:00:00,1.8639062000000002,1.8669353,1.8517898000000002,1.8527995,19400515.00445677,36083156.0
2026-07-24 11:05:00,1.8538092000000002,1.8538092000000002,1.8467413000000001,1.8507801000000002,9432504.704367634,17443652.0
2026-07-24 11:10:00,1.8497704000000001,1.8558286000000002,1.8427025000000001,1.8437122000000001,13509260.176289987,24967812.0
2026-07-24 11:15:00,1.8437122000000001,1.8507801000000002,1.8437122000000001,1.8477510000000001,9207937.010993363,17002912.0
2026-07-24 11:20:00,1.8477510000000001,1.8477510000000001,1.8396734000000001,1.8416928000000001,10196737.644845003,18785320.0
2026-07-24 11:25:00,1.8416928000000001,1.8447219000000001,1.8366443000000001,1.8396734000000001,8545310.48826384,15723238.0
2026-07-24 11:30:00,1.8396734000000001,1.8527995,1.8356346000000001,1.8517898000000002,9013568.386649499,16622607.0
2026-07-24 13:05:00,1.8527995,1.8659256000000002,1.8527995,1.8598674000000002,31364500.346637614,58366984.0
2026-07-24 13:10:00,1.8598674000000002,1.8810711,1.8578480000000002,1.8740032000000002,42100057.44280479,78746260.0
2026-07-24 13:15:00,1.8740032000000002,1.8901584000000002,1.8729935,1.8740032000000002,39189957.41309299,73846240.0
2026-07-24 13:20:00,1.8740032000000002,1.8770323,1.8639062000000002,1.8770323,19190947.806279093,35927664.0
2026-07-24 13:25:00,1.8770323,1.8770323,1.8669353,1.8669353,13395860.156482123,25073536.0
2026-07-24 13:30:00,1.8679450000000002,1.8830905,1.8669353,1.8750129,15861344.953946717,29782120.0
2026-07-24 13:35:00,1.8750129,1.8760226000000002,1.8639062000000002,1.8659256000000002,11668812.518569872,21807512.0
2026-07-24 13:40:00,1.8649159,1.8669353,1.8568383,1.8578480000000002,10533524.809349312,19600752.0
2026-07-24 13:45:00,1.8558286000000002,1.8618868000000002,1.8548189,1.8548189,7648905.615529365,14214737.0
2026-07-24 13:50:00,1.8548189,1.8649159,1.8548189,1.8598674000000002,11334059.621669803,21097462.0
2026-07-24 13:55:00,1.8598674000000002,1.8598674000000002,1.8538092000000002,1.8558286000000002,12819847.479449341,23797570.0
2026-07-24 14:00:00,1.8558286000000002,1.8578480000000002,1.8527995,1.8538092000000002,9178468.852134297,17031844.0
2026-07-24 14:05:00,1.8538092000000002,1.8558286000000002,1.8507801000000002,1.8507801000000002,13051005.249083886,24180700.0
2026-07-24 14:10:00,1.8507801000000002,1.8527995,1.8437122000000001,1.8517898000000002,11914529.068040011,22008440.0
2026-07-24 14:15:00,1.8517898000000002,1.8578480000000002,1.8477510000000001,1.8568383,8508665.94037833,15769787.0
2026-07-24 14:20:00,1.8578480000000002,1.8618868000000002,1.8538092000000002,1.8598674000000002,15748836.288006337,29272226.0
2026-07-24 14:25:00,1.8588577,1.8659256000000002,1.8578480000000002,1.8588577,15876894.126968406,29573812.0
2026-07-24 14:30:00,1.8598674000000002,1.8628965,1.8558286000000002,1.8618868000000002,12945933.445577893,24080032.0
2026-07-24 14:35:00,1.8618868000000002,1.8669353,1.8497704000000001,1.8548189,17048034.0695256,31655844.0
2026-07-24 14:40:00,1.8548189,1.8558286000000002,1.8487607000000001,1.8507801000000002,24840744.77567594,45987404.0
2026-07-24 14:45:00,1.8497704000000001,1.8517898000000002,1.8477510000000001,1.8477510000000001,27848180.647717144,51505960.0
2026-07-24 14:50:00,1.8477510000000001,1.8477510000000001,1.8416928000000001,1.8457316000000001,26821037.932059027,49467384.0
2026-07-24 14:55:00,1.8447219000000001,1.8487607000000001,1.8437122000000001,1.8447219000000001,25895666.039417647,47791960.0
2026-07-24 15:00:00,1.8447219000000001,1.8457316000000001,1.8437122000000001,1.8437122000000001,27247919.183916014,50247964.0
2026-07-27 09:35:00,1.827557,1.8386637000000001,1.8184697,1.8194794,36617260.57244726,67022671.0
2026-07-27 09:40:00,1.8184697,1.8184697,1.7801011,1.8002951,85563533.72288798,153558600.0
2026-07-27 09:45:00,1.8013048,1.8225085,1.7942369,1.8023145,42745468.95117361,77241790.0
2026-07-27 09:50:00,1.7982757,1.8326055,1.797266,1.8194794,35992770.129741505,65487860.0
2026-07-27 09:55:00,1.8154406,1.8548189,1.8124115,1.8517898000000002,32388733.28711498,59527416.0
2026-07-27 10:00:00,1.8538092000000002,1.8760226000000002,1.8538092000000002,1.8618868000000002,59653164.30622957,111264580.0
2026-07-27 10:05:00,1.8618868000000002,1.8659256000000002,1.8487607000000001,1.8527995,31578060.810141627,58680476.0
2026-07-27 10:10:00,1.8517898000000002,1.8628965,1.8477510000000001,1.8608771,20257840.94285431,37528172.0
2026-07-27 10:15:00,1.8608771,1.8608771,1.8457316000000001,1.8457316000000001,21920867.58443102,40631110.0
2026-07-27 10:20:00,1.8457316000000001,1.8507801000000002,1.8346249000000001,1.8416928000000001,17288204.417153608,31841856.0
2026-07-27 10:25:00,1.8396734000000001,1.8517898000000002,1.8366443000000001,1.8386637000000001,12035158.958106367,22164742.0
2026-07-27 10:30:00,1.8386637000000001,1.8548189,1.8386637000000001,1.8538092000000002,10684728.137070417,19739044.0
2026-07-27 10:35:00,1.8527995,1.8527995,1.8315958,1.8336152000000001,16670694.265623452,30696712.0
2026-07-27 10:40:00,1.8336152000000001,1.8366443000000001,1.827557,1.8305861,25814004.15965138,47277070.0
2026-07-27 10:45:00,1.8305861,1.8416928000000001,1.8305861,1.8366443000000001,21836882.24225017,40082390.0
2026-07-27 10:50:00,1.8356346000000001,1.8437122000000001,1.8315958,1.8336152000000001,8334851.936218678,15319546.0
2026-07-27 10:55:00,1.8326055,1.8336152000000001,1.8235182,1.8285667,13518668.911557889,24721238.0
2026-07-27 11:00:00,1.8285667,1.8346249000000001,1.827557,1.827557,5991974.844013073,10969032.0
2026-07-27 11:05:00,1.827557,1.8366443000000001,1.8245279,1.8356346000000001,7396751.510349608,13528321.0
2026-07-27 11:10:00,1.8376540000000001,1.8406831000000001,1.8326055,1.8366443000000001,10502030.306031493,19284292.0
2026-07-27 11:15:00,1.8366443000000001,1.8487607000000001,1.8356346000000001,1.8427025000000001,9683009.804892542,17845144.0
2026-07-27 11:20:00,1.8437122000000001,1.8437122000000001,1.8336152000000001,1.8366443000000001,5210557.591363771,9578544.0
2026-07-27 11:25:00,1.8376540000000001,1.8416928000000001,1.8346249000000001,1.8416928000000001,4082895.909676141,7502991.0
2026-07-27 11:30:00,1.8386637000000001,1.8416928000000001,1.8346249000000001,1.8356346000000001,3815042.0917104087,7011404.0
2026-07-27 13:05:00,1.8366443000000001,1.8477510000000001,1.8285667,1.8305861,13487376.448450034,24798084.0
2026-07-27 13:10:00,1.8326055,1.8346249000000001,1.8235182,1.827557,9741705.457066456,17814776.0
2026-07-27 13:15:00,1.8265473,1.827557,1.8184697,1.8235182,10091169.654352777,18392928.0
2026-07-27 13:20:00,1.8235182,1.8285667,1.8194794,1.8245279,8254432.009507774,15048977.0
2026-07-27 13:25:00,1.8245279,1.8255376,1.81746,1.8194794,10853718.926413786,19754668.0
2026-07-27 13:30:00,1.8194794,1.8204891,1.8134212,1.8184697,14515301.574725166,26371048.0
2026-07-27 13:35:00,1.8184697,1.8184697,1.8063533,1.8154406,18827572.54630088,34093640.0
2026-07-27 13:40:00,1.8134212,1.8184697,1.8114018,1.8144309,11200356.541546993,20326444.0
2026-07-27 13:45:00,1.8144309,1.8214988,1.8134212,1.81746,12096464.29632564,21993672.0
2026-07-27 13:50:00,1.8184697,1.8305861,1.8134212,1.8295764,19437357.630979497,35399930.0
2026-07-27 13:55:00,1.8305861,1.8315958,1.8194794,1.8214988,8633527.78052887,15770659.0
2026-07-27 14:00:00,1.8214988,1.8255376,1.8194794,1.8235182,8750618.99574131,15948883.0
2026-07-27 14:05:00,1.8235182,1.8255376,1.8194794,1.8235182,5290509.062097653,9645315.0
2026-07-27 14:10:00,1.8235182,1.8305861,1.8235182,1.8285667,6213726.8495592745,11356928.0
2026-07-27 14:15:00,1.8285667,1.8326055,1.8225085,1.8285667,8995147.073388135,16438955.0
2026-07-27 14:20:00,1.827557,1.8376540000000001,1.8235182,1.8376540000000001,8440178.270773496,15457118.0
2026-07-27 14:25:00,1.8376540000000001,1.8437122000000001,1.8366443000000001,1.8376540000000001,11200452.609686045,20603200.0
2026-07-27 14:30:00,1.8386637000000001,1.8437122000000001,1.8336152000000001,1.8437122000000001,8654910.369416658,15908060.0
2026-07-27 14:35:00,1.8427025000000001,1.8578480000000002,1.8427025000000001,1.8558286000000002,31659898.979895018,58594756.0
2026-07-27 14:40:00,1.8578480000000002,1.8649159,1.8527995,1.8628965,25842222.442309596,48026784.0
2026-07-27 14:45:00,1.8628965,1.8669353,1.8568383,1.8618868000000002,25765732.395761117,47992300.0
2026-07-27 14:50:00,1.8608771,1.8669353,1.8588577,1.8649159,21717638.902644347,40424150.0
2026-07-27 14:55:00,1.8649159,1.8669353,1.8628965,1.8659256000000002,30680202.040209964,57246656.0
2026-07-27 15:00:00,1.8669353,1.8669353,1.8639062000000002,1.8659256000000002,18214519.16410815,33982164.0
2026-07-28 09:35:00,1.81746,1.8416928000000001,1.8103921,1.8416928000000001,66483672.37793404,121251740.0
2026-07-28 09:40:00,1.8427025000000001,1.8568383,1.8396734000000001,1.8427025000000001,47865567.990492225,88430250.0
2026-07-28 09:45:00,1.8427025000000001,1.8477510000000001,1.8346249000000001,1.8406831000000001,70353550.55957215,129549760.0
2026-07-28 09:50:00,1.8406831000000001,1.8447219000000001,1.8245279,1.8285667,49545211.44894523,90762984.0
2026-07-28 09:55:00,1.8295764,1.8326055,1.8184697,1.8305861,32763196.989204712,59862696.0
2026-07-28 10:00:00,1.8305861,1.8356346000000001,1.8164503,1.8204891,29479286.91690601,53721010.0
2026-07-28 10:05:00,1.8194794,1.8427025000000001,1.81746,1.8326055,23355848.27176389,42777880.0
2026-07-28 10:10:00,1.8336152000000001,1.8396734000000001,1.827557,1.8295764,25833613.94473606,47335520.0
2026-07-28 10:15:00,1.8295764,1.8295764,1.8194794,1.8245279,12129840.546697037,22129120.0
2026-07-28 10:20:00,1.8235182,1.827557,1.8194794,1.8235182,17544419.134396356,31983142.0
2026-07-28 10:25:00,1.8225085,1.8295764,1.8184697,1.8184697,18760225.809646428,34176660.0
2026-07-28 10:30:00,1.81746,1.8184697,1.8093824,1.8114018,30831732.197682478,55906464.0
2026-07-28 10:35:00,1.8114018,1.8154406,1.8053436,1.8083727,36217391.30434783,65521440.0
2026-07-28 10:40:00,1.807363,1.807363,1.7982757,1.8002951,30802515.598692678,55534336.0
2026-07-28 10:45:00,1.8002951,1.8033242,1.7952466,1.7962563,30375778.94424086,54636984.0
2026-07-28 10:50:00,1.7962563,1.7992854,1.7881787,1.7932272,27626819.847479448,49533370.0
2026-07-28 10:55:00,1.7932272,1.8053436,1.7901981,1.797266,22571060.711102307,40578490.0
2026-07-28 11:00:00,1.797266,1.8013048,1.787169,1.7881787,21803902.149153214,39096360.0
2026-07-28 11:05:00,1.7891884,1.7901981,1.7821205,1.7861593,21661879.766267207,38694864.0
2026-07-28 11:10:00,1.7861593,1.787169,1.7811108,1.7841399,16956715.85619491,30242376.0
2026-07-28 11:15:00,1.7821205,1.7962563,1.7801011,1.7942369,16264534.020005941,29071056.0
2026-07-28 11:20:00,1.7922175,1.8033242,1.787169,1.7932272,15417891.452906804,27662614.0
2026-07-28 11:25:00,1.7901981,1.8002951,1.787169,1.7952466,14346736.654451817,25710808.0
2026-07-28 11:30:00,1.7962563,1.8063533,1.7891884,1.7922175,13155689.808854114,23644028.0
2026-07-28 13:05:00,1.7932272,1.7932272,1.7811108,1.7811108,22961770.823016737,40990124.0
2026-07-28 13:10:00,1.7811108,1.7851496,1.7750526,1.7851496,28581972.8632267,50836212.0
2026-07-28 13:15:00,1.7851496,1.7932272,1.7801011,1.7891884,12736654.451817371,22753608.0
2026-07-28 13:20:00,1.7881787,1.7912078,1.777072,1.7790914,12716266.217688423,22669372.0
2026-07-28 13:25:00,1.7780817,1.7801011,1.7720235,1.7740429,18149153.21382589,32235374.0
2026-07-28 13:30:00,1.7730332,1.7750526,1.7689944,1.7700041,17320887.39229474,30680528.0
2026-07-28 13:35:00,1.7700041,1.7700041,1.7568780000000002,1.7568780000000002,27858076.656432603,49163520.0
2026-07-28 13:40:00,1.7588974000000002,1.7720235,1.7588974000000002,1.7720235,22813972.467069425,40265296.0
2026-07-28 13:45:00,1.7730332,1.787169,1.7720235,1.777072,16215212.439338416,28834696.0
2026-07-28 13:50:00,1.7790914,1.7801011,1.7629362000000002,1.7639459000000002,11340893.334653856,20074564.0
2026-07-28 13:55:00,1.7649556000000002,1.7679847,1.7619265000000002,1.7629362000000002,15638407.447756758,27595544.0
2026-07-28 14:00:00,1.7629362000000002,1.7649556000000002,1.7609168000000002,1.7649556000000002,11579380.013865504,20414834.0
2026-07-28 14:05:00,1.7649556000000002,1.766975,1.7609168000000002,1.7619265000000002,13805585.817569574,24347404.0
2026-07-28 14:10:00,1.7619265000000002,1.7619265000000002,1.7568780000000002,1.7568780000000002,29887095.176785182,52546628.0
2026-07-28 14:15:00,1.7568780000000002,1.7578877000000002,1.7518295000000002,1.7528392000000002,21823710.01287511,38301664.0
2026-07-28 14:20:00,1.7528392000000002,1.7538489000000002,1.7447616000000001,1.7538489000000002,33414380.509062096,58472960.0
2026-07-28 14:25:00,1.7528392000000002,1.7588974000000002,1.7508198000000001,1.7518295000000002,23414677.627017926,41094412.0
2026-07-28 14:30:00,1.7518295000000002,1.7548586000000002,1.7488004000000001,1.7538489000000002,14288501.535109438,25022600.0
2026-07-28 14:35:00,1.7538489000000002,1.7548586000000002,1.7427422000000001,1.7437519000000001,33772233.33663464,58983156.0
2026-07-28 14:40:00,1.7437519000000001,1.7437519000000001,1.7346646000000001,1.7407228000000001,40987208.0816084,71273330.0
2026-07-28 14:45:00,1.7407228000000001,1.7467810000000001,1.7316355,1.7326452,53564692.482915714,93055580.0
2026-07-28 14:50:00,1.7326452,1.7407228000000001,1.7326452,1.7407228000000001,41740184.21313261,72444250.0
2026-07-28 14:55:00,1.7417325000000001,1.7548586000000002,1.7417325000000001,1.7457713000000001,38840289.19481034,67953020.0
2026-07-28 15:00:00,1.7467810000000001,1.7498101000000001,1.7467810000000001,1.7498101000000001,25681885.708626322,44910040.0
2026-07-29 09:35:00,1.7498101000000001,1.7639459000000002,1.7387034000000001,1.7568780000000002,62180736.85253045,108858191.0
2026-07-29 09:40:00,1.7558683000000002,1.7689944,1.7528392000000002,1.7548586000000002,47614210.161434084,83783910.0
2026-07-29 09:45:00,1.7548586000000002,1.7568780000000002,1.7134609,1.71649,52037535.90175299,90001530.0
2026-07-29 09:50:00,1.7174997,1.7185094,1.6973057,1.6973057,80915067.84193325,138196850.0
2026-07-29 09:55:00,1.696296,1.7134609,1.6932669,1.6973057,62156070.119837575,105717400.0
2026-07-29 10:00:00,1.696296,1.7033639,1.6821602,1.6882184,61770304.05070813,104473176.0
2026-07-29 10:05:00,1.6882184,1.6892281,1.6670147000000002,1.6690341000000002,65106566.306823805,109372300.0
2026-07-29 10:10:00,1.6700438,1.6750923000000002,1.6609565000000002,1.6710535000000002,74242755.2738437,123777896.0
2026-07-29 10:15:00,1.6710535000000002,1.6932669,1.6710535000000002,1.6831699,58253738.73427751,98031800.0
2026-07-29 10:20:00,1.6821602,1.686199,1.676102,1.676102,22788083.589184906,38302236.0
2026-07-29 10:25:00,1.6740826,1.6831699,1.6649953000000002,1.6831699,31515372.883034565,52675410.0
2026-07-29 10:30:00,1.6841796,1.7134609,1.6831699,1.7053833,41639100.722987026,70784660.0
2026-07-29 10:35:00,1.7074027,1.7124512,1.6932669,1.6942766,37484203.22868179,63935250.0
2026-07-29 10:40:00,1.6952863,1.6983154,1.686199,1.6872087,23900465.484797463,40442676.0
2026-07-29 10:45:00,1.6882184,1.7013445,1.6882184,1.6902378,14457264.534020005,24503346.0
2026-07-29 10:50:00,1.6902378,1.6902378,1.6750923000000002,1.6750923000000002,20435079.72665148,34359760.0
2026-07-29 10:55:00,1.6750923000000002,1.676102,1.6690341000000002,1.6690341000000002,33057046.647519063,55313440.0
2026-07-29 11:00:00,1.6690341000000002,1.6740826,1.6690341000000002,1.6710535000000002,30986926.809943546,51786376.0
2026-07-29 11:05:00,1.6710535000000002,1.6851893,1.6710535000000002,1.6801408,29478728.335149053,49467376.0
2026-07-29 11:10:00,1.6801408,1.6902378,1.6700438,1.6902378,25247463.60305041,42388376.0
2026-07-29 11:15:00,1.6902378,1.7033639,1.6851893,1.6851893,23498151.926314745,39833132.0
2026-07-29 11:20:00,1.686199,1.6902378,1.6781214,1.6781214,13349156.185005447,22477088.0
2026-07-29 11:25:00,1.6781214,1.6811505000000002,1.6740826,1.6771117000000002,19608529.26611865,32885700.0
2026-07-29 11:30:00,1.6771117000000002,1.6801408,1.6740826,1.6771117000000002,19913736.753491133,33377176.0
2026-07-29 13:05:00,1.6801408,1.696296,1.6649953000000002,1.6942766,45170070.317916214,75715820.0
2026-07-29 13:10:00,1.6922572,1.7144706,1.6872087,1.7144706,26818900.663563434,45613816.0
2026-07-29 13:15:00,1.7154803,1.7437519000000001,1.7124512,1.7427422000000001,47706199.86134495,82461370.0
2026-07-29 13:20:00,1.7427422000000001,1.7427422000000001,1.7144706,1.71649,38329305.73437654,66292430.0
2026-07-29 13:25:00,1.7154803,1.7306258,1.7084124,1.7195191,33408208.378726352,57466092.0
2026-07-29 13:30:00,1.7185094,1.7366840000000001,1.7185094,1.7336549,23915420.421907496,41375760.0
2026-07-29 13:35:00,1.7346646000000001,1.7407228000000001,1.7185094,1.7407228000000001,24161731.207289293,41816988.0
2026-07-29 13:40:00,1.7407228000000001,1.7457713000000001,1.7316355,1.7457713000000001,27760352.57997425,48278190.0
2026-07-29 13:45:00,1.7457713000000001,1.7518295000000002,1.7427422000000001,1.7427422000000001,38522281.86590076,67342904.0
2026-07-29 13:50:00,1.7427422000000001,1.7477907000000001,1.7275967,1.7275967,18658516.39100723,32408892.0
2026-07-29 13:55:00,1.7286064,1.7306258,1.7215385,1.7215385,18298009.309695948,31605872.0
2026-07-29 14:00:00,1.7205288,1.7316355,1.7205288,1.7286064,11614439.932653263,20046672.0
2026-07-29 14:05:00,1.7286064,1.7356743000000001,1.7205288,1.7205288,16266316.727740912,28116014.0
2026-07-29 14:10:00,1.7195191,1.7205288,1.7144706,1.7154803,18447756.759433493,31672616.0
2026-07-29 14:15:00,1.71649,1.7235579,1.7134609,1.7205288,16602688.917500246,28507544.0
2026-07-29 14:20:00,1.7215385,1.7316355,1.7185094,1.7306258,16312667.128850153,28155214.0
2026-07-29 14:25:00,1.7296161,1.7306258,1.7195191,1.7245676,12959294.8400515,22365228.0
2026-07-29 14:30:00,1.7245676,1.7326452,1.7225482,1.7286064,12233039.516688125,21152952.0
2026-07-29 14:35:00,1.7286064,1.7366840000000001,1.7275967,1.7306258,9022085.768049916,15621571.0
2026-07-29 14:40:00,1.7296161,1.7306258,1.7225482,1.7225482,6887491.334059621,11892233.0
2026-07-29 14:45:00,1.7235579,1.7296161,1.7235579,1.7296161,14719122.51163712,25426752.0
2026-07-29 14:50:00,1.7296161,1.7437519000000001,1.7286064,1.7437519000000001,19765312.469050214,34316560.0
2026-07-29 14:55:00,1.7437519000000001,1.7447616000000001,1.7376937000000001,1.7397131000000001,20987134.792512625,36518064.0
2026-07-29 15:00:00,1.7397131000000001,1.7407228000000001,1.7387034000000001,1.7397131000000001,15271869.862335347,26567052.0
2026-07-30 09:35:00,1.706393,1.7286064,1.7033639,1.7205288,96086867.38635238,165067132.0
2026-07-30 09:40:00,1.7205288,1.726587,1.7053833,1.7134609,46727552.73843716,80165060.0
2026-07-30 09:45:00,1.7134609,1.7134609,1.6942766,1.6983154,49999306.724769734,85096360.0
2026-07-30 09:50:00,1.6983154,1.6983154,1.6801408,1.6912475,53540101.02010498,90404240.0
2026-07-30 09:55:00,1.6892281,1.7074027,1.6892281,1.7043736,30676628.70159453,52162390.0
2026-07-30 10:00:00,1.706393,1.7084124,1.6882184,1.6912475,28855624.44290383,48926000.0
2026-07-30 10:05:00,1.6892281,1.6932669,1.6801408,1.6821602,37552015.4501337,63284908.0
2026-07-30 10:10:00,1.6821602,1.6821602,1.6690341000000002,1.6730729000000002,52760225.80964643,88347560.0
2026-07-30 10:15:00,1.6740826,1.6811505000000002,1.666005,1.6670147000000002,46328414.38050906,77500184.0
2026-07-30 10:20:00,1.6680244,1.6831699,1.6670147000000002,1.6831699,37982240.26938695,63535560.0
2026-07-30 10:25:00,1.6831699,1.6831699,1.666005,1.6690341000000002,29226471.229077943,48880330.0
2026-07-30 10:30:00,1.6690341000000002,1.6700438,1.6649953000000002,1.666005,35843117.757749826,59735030.0
2026-07-30 10:35:00,1.666005,1.6700438,1.6589371000000002,1.6599468,37460528.86996137,62329860.0
2026-07-30 10:40:00,1.6609565000000002,1.6609565000000002,1.6518692,1.6518692,42700475.38872933,70689180.0
2026-07-30 10:45:00,1.6528789000000002,1.6599468,1.6478304,1.6538886,45706447.45964148,75543080.0
2026-07-30 10:50:00,1.6528789000000002,1.6629759000000002,1.6518692,1.6579274,24511240.962662175,40619132.0
2026-07-30 10:55:00,1.6569177000000002,1.6579274,1.6468207000000001,1.6468207000000001,35822224.423095964,59204948.0
2026-07-30 11:00:00,1.6478304,1.6478304,1.6387431000000001,1.6417722,43735069.82271962,71870260.0
2026-07-30 11:05:00,1.6397528000000001,1.6427819000000001,1.6357140000000001,1.6407625000000001,35184316.133505,57649350.0
2026-07-30 11:10:00,1.6407625000000001,1.6528789000000002,1.6387431000000001,1.6397528000000001,33458353.96652471,55038944.0
2026-07-30 11:15:00,1.6397528000000001,1.6427819000000001,1.6326849,1.6347043,46541844.11211251,76186000.0
2026-07-30 11:20:00,1.6336946,1.6387431000000001,1.6286461,1.6296558,46289095.77102109,75598550.0
2026-07-30 11:25:00,1.6296558,1.6357140000000001,1.625617,1.6316752,50984058.631276615,83048650.0
2026-07-30 11:30:00,1.6336946,1.6336946,1.6235976,1.6276364,42931143.90412994,69821290.0
2026-07-30 13:05:00,1.6276364,1.6286461,1.6145103,1.6175394,89576547.48935327,145061890.0
2026-07-30 13:10:00,1.6175394,1.6498498,1.6175394,1.6448013000000001,52989628.602555215,86692320.0
2026-07-30 13:15:00,1.6437916,1.6448013000000001,1.6286461,1.6407625000000001,50669901.95107458,82919080.0
2026-07-30 13:20:00,1.6397528000000001,1.6427819000000001,1.6246073,1.6336946,30151827.275428344,49227150.0
2026-07-30 13:25:00,1.6326849,1.6720632,1.6316752,1.6710535000000002,53115079.726651475,88010800.0
2026-07-30 13:30:00,1.6710535000000002,1.6771117000000002,1.6629759000000002,1.6720632,45747746.85550163,76482410.0
2026-07-30 13:35:00,1.6720632,1.6720632,1.6528789000000002,1.6579274,29740616.02456175,49392304.0
2026-07-30 13:40:00,1.6579274,1.6619662,1.6407625000000001,1.6437916,33330918.09448351,54923610.0
2026-07-30 13:45:00,1.6448013000000001,1.6589371000000002,1.6417722,1.6528789000000002,25867425.96810934,42667440.0
2026-07-30 13:50:00,1.6569177000000002,1.6710535000000002,1.6569177000000002,1.6599468,24881846.09289888,41406230.0
2026-07-30 13:55:00,1.6599468,1.6670147000000002,1.6518692,1.666005,11718185.599683074,19450384.0
2026-07-30 14:00:00,1.666005,1.6740826,1.6599468,1.666005,32270080.22184807,53798616.0
2026-07-30 14:05:00,1.6649953000000002,1.6690341000000002,1.6579274,1.6680244,9315399.623650588,15503824.0
2026-07-30 14:10:00,1.6690341000000002,1.6771117000000002,1.6670147000000002,1.6690341000000002,22023072.199663267,36844270.0
2026-07-30 14:15:00,1.6690341000000002,1.6740826,1.6609565000000002,1.6639856,13128606.516787164,21868418.0
2026-07-30 14:20:00,1.6639856,1.6791311000000002,1.6629759000000002,1.6791311000000002,19784320.095077746,33095216.0
2026-07-30 14:25:00,1.6811505000000002,1.6912475,1.6811505000000002,1.6882184,35691571.75398633,60159080.0
2026-07-30 14:30:00,1.6851893,1.6851893,1.6730729000000002,1.6771117000000002,10998811.528176686,18462540.0
2026-07-30 14:35:00,1.6781214,1.6831699,1.6670147000000002,1.6730729000000002,19691492.522531442,32988698.0
2026-07-30 14:40:00,1.6720632,1.6730729000000002,1.655908,1.6569177000000002,29366225.61156779,48754696.0
2026-07-30 14:45:00,1.6569177000000002,1.6609565000000002,1.6528789000000002,1.6538886,18047736.951569773,29891244.0
2026-07-30 14:50:00,1.6548983000000002,1.6548983000000002,1.6407625000000001,1.6407625000000001,67571981.77676538,111337380.0
2026-07-30 14:55:00,1.6407625000000001,1.645811,1.6397528000000001,1.6397528000000001,31055263.939784095,51031640.0
2026-07-30 15:00:00,1.6397528000000001,1.6397528000000001,1.6347043,1.6347043,31150638.80360503,50982280.0
2026-07-31 09:35:00,1.7498101000000001,1.766975,1.7467810000000001,1.7538489000000002,415983446.5682876,729476290.0
2026-07-31 09:40:00,1.7538489000000002,1.7629362000000002,1.7366840000000001,1.7629362000000002,178779974.24977717,312645250.0
2026-07-31 09:45:00,1.7629362000000002,1.7700041,1.7508198000000001,1.7508198000000001,93308745.17183322,164410200.0
2026-07-31 09:50:00,1.7498101000000001,1.7710138,1.7498101000000001,1.7700041,92352381.89561255,163025680.0
2026-07-31 09:55:00,1.7689944,1.7780817,1.7659653000000002,1.7730332,75294229.96929781,133450936.0
2026-07-31 10:00:00,1.7730332,1.7891884,1.7730332,1.7811108,62798762.00851738,111919576.0
2026-07-31 10:05:00,1.7801011,1.7811108,1.7599071000000002,1.7619265000000002,46774610.28028127,82878960.0
2026-07-31 10:10:00,1.7619265000000002,1.7700041,1.7568780000000002,1.7599071000000002,42559998.019213624,75030904.0
2026-07-31 10:15:00,1.7588974000000002,1.7629362000000002,1.7457713000000001,1.7457713000000001,64746261.26572249,113431250.0
2026-07-31 10:20:00,1.7447616000000001,1.7477907000000001,1.7387034000000001,1.7467810000000001,63292364.06853521,110318936.0
2026-07-31 10:25:00,1.7457713000000001,1.7548586000000002,1.7346646000000001,1.7356743000000001,29646342.47796375,51676400.0
2026-07-31 10:30:00,1.7356743000000001,1.7467810000000001,1.7346646000000001,1.7407228000000001,38203803.109834604,66519096.0
2026-07-31 10:35:00,1.7407228000000001,1.7407228000000001,1.7286064,1.7366840000000001,30703529.76131524,53264696.0
2026-07-31 10:40:00,1.7356743000000001,1.7417325000000001,1.7275967,1.7286064,19457319.996038426,33734436.0
2026-07-31 10:45:00,1.7296161,1.7437519000000001,1.7296161,1.7417325000000001,20059490.937902346,34825776.0
2026-07-31 10:50:00,1.7417325000000001,1.7457713000000001,1.7326452,1.7336549,15172427.453699118,26400294.0
2026-07-31 10:55:00,1.7326452,1.7407228000000001,1.7296161,1.7407228000000001,18670298.108349014,32394924.0
2026-07-31 11:00:00,1.7397131000000001,1.7467810000000001,1.7387034000000001,1.7387034000000001,12133901.158760028,21151300.0
2026-07-31 11:05:00,1.7387034000000001,1.7387034000000001,1.7296161,1.7296161,11593344.557789441,20096874.0
2026-07-31 11:10:00,1.7296161,1.7306258,1.7225482,1.7225482,17673669.406754483,30529228.0
2026-07-31 11:15:00,1.7225482,1.7255773,1.7174997,1.7174997,19898385.659106664,34258236.0
2026-07-31 11:20:00,1.7174997,1.7326452,1.71649,1.7326452,18940774.487471525,32674282.0
2026-07-31 11:25:00,1.7326452,1.7397131000000001,1.7275967,1.7286064,9555392.690898286,16592141.0
2026-07-31 11:30:00,1.7275967,1.7376937000000001,1.726587,1.7366840000000001,8549958.403486183,14821307.0
2026-07-31 13:05:00,1.7387034000000001,1.7488004000000001,1.7316355,1.7376937000000001,26139694.958898682,45457250.0
2026-07-31 13:10:00,1.7387034000000001,1.7407228000000001,1.7296161,1.7306258,8946221.649995048,15524879.0
2026-07-31 13:15:00,1.7306258,1.7366840000000001,1.7286064,1.7356743000000001,10564745.964147767,18295012.0
2026-07-31 13:20:00,1.7366840000000001,1.7477907000000001,1.7346646000000001,1.7447616000000001,18014558.779835593,31418848.0
2026-07-31 13:25:00,1.7457713000000001,1.7528392000000002,1.7427422000000001,1.7427422000000001,17009309.69594929,29761524.0
2026-07-31 13:30:00,1.7437519000000001,1.7437519000000001,1.7346646000000001,1.7407228000000001,9899673.170248589,17219142.0
2026-07-31 13:35:00,1.7387034000000001,1.7407228000000001,1.7336549,1.7346646000000001,11049972.268990789,19185976.0
2026-07-31 13:40:00,1.7336549,1.7346646000000001,1.7296161,1.7306258,9498960.0871546,16450140.0
2026-07-31 13:45:00,1.7316355,1.7316355,1.7275967,1.7286064,7810339.70486283,13511764.0
2026-07-31 13:50:00,1.7275967,1.7296161,1.7255773,1.7286064,10863028.622363077,18762928.0
2026-07-31 13:55:00,1.7286064,1.7296161,1.7235579,1.7235579,11098247.004060611,19154244.0
2026-07-31 14:00:00,1.7235579,1.7245676,1.7195191,1.7225482,11075467.960780429,19069352.0
2026-07-31 14:05:00,1.7225482,1.7286064,1.7215385,1.7215385,14710242.646330593,25361268.0
2026-07-31 14:10:00,1.7225482,1.7225482,1.71649,1.7174997,12321461.820342675,21177128.0
2026-07-31 14:15:00,1.7174997,1.7174997,1.7114415,1.71649,29877706.249381002,51254704.0
2026-07-31 14:20:00,1.7174997,1.7174997,1.7114415,1.7144706,12356345.44914331,21176948.0
2026-07-31 14:25:00,1.7144706,1.7205288,1.7094221,1.7205288,18707410.12181836,32058280.0
2026-07-31 14:30:00,1.7195191,1.7245676,1.71649,1.7235579,16605569.971278597,28564140.0
2026-07-31 14:35:00,1.7245676,1.7245676,1.7114415,1.7124512,12733089.03634743,21844550.0
2026-07-31 14:40:00,1.7134609,1.7144706,1.7084124,1.7084124,18913281.17262553,32359844.0
2026-07-31 14:45:00,1.7084124,1.7084124,1.696296,1.6973057,28661929.285926513,48792230.0
2026-07-31 14:50:00,1.6983154,1.6993251,1.6902378,1.6912475,43303436.66435575,73459660.0
2026-07-31 14:55:00,1.6912475,1.6952863,1.6872087,1.6922572,33180853.71892641,56153920.0
2026-07-31 15:00:00,1.6912475,1.6932669,1.6912475,1.6922572,22976824.79944538,38886510.0
2026-08-03 09:35:00,1.6569177000000002,1.6740826,1.6569177000000002,1.6680244,90841713.38021193,151200208.0
2026-08-03 09:40:00,1.6670147000000002,1.6690341000000002,1.6397528000000001,1.6417722,74671803.50599188,123636350.0
2026-08-03 09:45:00,1.6417722,1.6488401000000001,1.6296558,1.6306655,85615925.5224324,140193540.0
2026-08-03 09:50:00,1.6306655,1.6367237000000001,1.6215782,1.6347043,66972506.685154006,109033020.0
2026-08-03 09:55:00,1.6336946,1.6377334000000001,1.6205685,1.6286461,60702485.886897095,98785624.0
2026-08-03 10:00:00,1.6296558,1.6397528000000001,1.6235976,1.6296558,44375497.67257601,72338540.0
2026-08-03 10:05:00,1.6306655,1.6377334000000001,1.6266267,1.6347043,36366603.941764876,59366070.0
2026-08-03 10:10:00,1.6347043,1.6417722,1.6286461,1.6296558,21138060.810141627,34551670.0
2026-08-03 10:15:00,1.6296558,1.6397528000000001,1.6276364,1.6387431000000001,20812744.37951867,33963980.0
2026-08-03 10:20:00,1.6377334000000001,1.6377334000000001,1.6215782,1.6246073,41347398.237100124,67219400.0
2026-08-03 10:25:00,1.6246073,1.6347043,1.6205685,1.6205685,37191288.50153511,60408976.0
2026-08-03 10:30:00,1.6205685,1.6246073,1.6175394,1.6195588,30950000.990393184,50146420.0
2026-08-03 10:35:00,1.6195588,1.6286461,1.6185491,1.6286461,24221550.955729425,39283170.0
2026-08-03 10:40:00,1.6286461,1.6367237000000001,1.625617,1.6286461,18598197.484401308,30357922.0
2026-08-03 10:45:00,1.6286461,1.6407625000000001,1.625617,1.6347043,22755471.922353175,37209860.0
2026-08-03 10:50:00,1.6347043,1.6387431000000001,1.6225879,1.6235976,13548776.864415172,22066140.0
2026-08-03 10:55:00,1.6235976,1.6306655,1.6215782,1.6276364,14758935.327324947,23992894.0
2026-08-03 11:00:00,1.6276364,1.6387431000000001,1.6235976,1.6357140000000001,13221848.073685253,21580224.0
2026-08-03 11:05:00,1.6377334000000001,1.645811,1.6326849,1.6336946,21986273.150440723,36056668.0
2026-08-03 11:10:00,1.6316752,1.6326849,1.6246073,1.625617,11096881.251856986,18064900.0
2026-08-03 11:15:00,1.625617,1.6286461,1.6235976,1.625617,16559968.307418045,26900776.0
2026-08-03 11:20:00,1.6246073,1.6306655,1.6235976,1.6286461,10359314.647915222,16840648.0
2026-08-03 11:25:00,1.6286461,1.6316752,1.6246073,1.6296558,12731999.603842724,20715504.0
2026-08-03 11:30:00,1.6296558,1.6347043,1.625617,1.6296558,8588392.591858968,13994513.0
2026-08-03 13:05:00,1.6326849,1.6357140000000001,1.6296558,1.6326849,11110626.918886798,18131576.0
2026-08-03 13:10:00,1.6316752,1.6316752,1.6225879,1.625617,19964642.96325641,32469444.0
2026-08-03 13:15:00,1.6246073,1.6276364,1.6225879,1.6235976,12597009.012577994,20457952.0
2026-08-03 13:20:00,1.6225879,1.625617,1.6215782,1.6215782,17962067.940972567,29141256.0
2026-08-03 13:25:00,1.6215782,1.6235976,1.6195588,1.6225879,23137367.53491136,37509760.0
2026-08-03 13:30:00,1.6215782,1.6225879,1.6185491,1.6185491,25801426.166187976,41785540.0
2026-08-03 13:35:00,1.6185491,1.6195588,1.61552,1.6165297,59222640.38823412,95768664.0
2026-08-03 13:40:00,1.6175394,1.6205685,1.61552,1.6175394,26742101.614340894,43240236.0
2026-08-03 13:45:00,1.6165297,1.6195588,1.61552,1.6175394,21896432.603743684,35407172.0
2026-08-03 13:50:00,1.6175394,1.6175394,1.61552,1.6165297,30250569.476082005,48903056.0
2026-08-03 13:55:00,1.61552,1.6185491,1.61552,1.6165297,31067643.85461028,50224496.0
2026-08-03 14:00:00,1.6165297,1.6165297,1.6124909,1.6135006,69014063.58324255,111467704.0
2026-08-03 14:05:00,1.6145103,1.6145103,1.6074424,1.6074424,39368327.22590868,63417276.0
2026-08-03 14:10:00,1.6094618,1.6094618,1.6023939,1.6034036,54486382.09369119,87467740.0
2026-08-03 14:15:00,1.6034036,1.6145103,1.6034036,1.6135006,31031086.461325146,49925290.0
2026-08-03 14:20:00,1.6135006,1.6135006,1.6064327,1.6064327,32077151.62919679,51598864.0
2026-08-03 14:25:00,1.6074424,1.6215782,1.6074424,1.6195588,26012776.072100624,42013376.0
2026-08-03 14:30:00,1.6205685,1.6215782,1.6124909,1.6145103,34506685.15400614,55791092.0
2026-08-03 14:35:00,1.6135006,1.61552,1.6064327,1.6074424,37784490.44270575,60888532.0
2026-08-03 14:40:00,1.6084521,1.6104715,1.6034036,1.6044133,37682578.98385659,60499110.0
2026-08-03 14:45:00,1.6044133,1.605423,1.6023939,1.6034036,35018520.35257997,56159384.0
2026-08-03 14:50:00,1.6034036,1.6044133,1.6013842,1.6023939,50849559.275032185,81508320.0
2026-08-03 14:55:00,1.6023939,1.6074424,1.6023939,1.6023939,45819748.44013073,73508340.0
2026-08-03 15:00:00,1.6034036,1.6034036,1.6013842,1.6013842,42077448.74715262,67413820.0
2026-08-04 09:35:00,1.61552,1.6225879,1.6074424,1.6124909,86478860.0574428,139492317.0
2026-08-04 09:40:00,1.6135006,1.6296558,1.6135006,1.6235976,76378290.5813608,123937250.0
2026-08-04 09:45:00,1.6246073,1.6296558,1.6185491,1.6276364,56814994.552837476,92347120.0
2026-08-04 09:50:00,1.6276364,1.6387431000000001,1.6225879,1.6357140000000001,72036545.5085669,117646560.0
2026-08-04 09:55:00,1.6367237000000001,1.645811,1.6367237000000001,1.6448013000000001,68273209.86431614,112116936.0
2026-08-04 10:00:00,1.6448013000000001,1.6538886,1.6437916,1.6437916,73438149.94552837,121048940.0
2026-08-04 10:05:00,1.6427819000000001,1.6437916,1.6336946,1.6357140000000001,56919267.10904229,93250790.0
2026-08-04 10:10:00,1.6347043,1.6397528000000001,1.6266267,1.6336946,36466673.26928791,59563630.0
2026-08-04 10:15:00,1.6336946,1.6336946,1.6246073,1.6296558,34138207.388333164,55568624.0
2026-08-04 10:20:00,1.6286461,1.6367237000000001,1.625617,1.6357140000000001,38605427.354659796,62944264.0
2026-08-04 10:25:00,1.6347043,1.6377334000000001,1.625617,1.625617,27667822.125383776,45085450.0
2026-08-04 10:30:00,1.6246073,1.6316752,1.6215782,1.6286461,22229303.753590174,36180336.0
2026-08-04 10:35:00,1.6286461,1.6336946,1.6276364,1.6306655,13370803.208873922,21807026.0
2026-08-04 10:40:00,1.6306655,1.6397528000000001,1.6306655,1.6387431000000001,19495097.55372883,31915700.0
2026-08-04 10:45:00,1.6387431000000001,1.6427819000000001,1.6357140000000001,1.6387431000000001,23053778.350004952,37779196.0
2026-08-04 10:50:00,1.6377334000000001,1.6417722,1.6377334000000001,1.6377334000000001,12368228.186590075,20288468.0
2026-08-04 10:55:00,1.6377334000000001,1.6377334000000001,1.6316752,1.6326849,8107853.817965732,13251703.0
2026-08-04 11:00:00,1.6326849,1.6367237000000001,1.6316752,1.6326849,7863028.6223630775,12843150.0
2026-08-04 11:05:00,1.6316752,1.6326849,1.6266267,1.6266267,10990294.14677627,17897460.0
2026-08-04 11:10:00,1.6276364,1.6357140000000001,1.6266267,1.6357140000000001,9867584.431019114,16096922.0
2026-08-04 11:15:00,1.6357140000000001,1.6377334000000001,1.6326849,1.6377334000000001,14233831.831237001,23282842.0
2026-08-04 11:20:00,1.6387431000000001,1.6407625000000001,1.6347043,1.6387431000000001,14129048.232148163,23140404.0
2026-08-04 11:25:00,1.6397528000000001,1.6437916,1.6387431000000001,1.6427819000000001,20231256.808953155,33221702.0
2026-08-04 11:30:00,1.6427819000000001,1.6518692,1.6427819000000001,1.6518692,44668143.01277607,73603090.0
2026-08-04 13:05:00,1.6518692,1.6599468,1.6518692,1.6569177000000002,60786956.521739125,100666920.0
2026-08-04 13:10:00,1.6569177000000002,1.6609565000000002,1.6548983000000002,1.6569177000000002,41757155.59076954,69254180.0
2026-08-04 13:15:00,1.655908,1.6579274,1.6498498,1.6569177000000002,29106237.496286023,48120852.0
2026-08-04 13:20:00,1.6569177000000002,1.6579274,1.6508595000000001,1.6508595000000001,23896999.108646132,39557810.0
2026-08-04 13:25:00,1.6508595000000001,1.6579274,1.6508595000000001,1.6569177000000002,16142022.382886006,26723126.0
2026-08-04 13:30:00,1.6569177000000002,1.6690341000000002,1.6569177000000002,1.6680244,54971666.8317322,91457310.0
2026-08-04 13:35:00,1.6690341000000002,1.6791311000000002,1.6690341000000002,1.676102,50431153.8080618,84440504.0
2026-08-04 13:40:00,1.6771117000000002,1.6821602,1.6730729000000002,1.6821602,36799346.34049717,61780590.0
2026-08-04 13:45:00,1.6811505000000002,1.6831699,1.676102,1.6811505000000002,21003565.41546994,35283336.0
2026-08-04 13:50:00,1.6811505000000002,1.6841796,1.6791311000000002,1.6791311000000002,38404975.73536694,64606024.0
2026-08-04 13:55:00,1.6791311000000002,1.6811505000000002,1.6750923000000002,1.6791311000000002,24738781.8163811,41536930.0
2026-08-04 14:00:00,1.6791311000000002,1.6821602,1.6750923000000002,1.6821602,24177181.340992372,40596948.0
2026-08-04 14:05:00,1.6811505000000002,1.6851893,1.6801408,1.6831699,40001772.80380311,67319640.0
2026-08-04 14:10:00,1.6831699,1.6841796,1.6791311000000002,1.6831699,15519528.572843418,26105082.0
2026-08-04 14:15:00,1.6831699,1.6841796,1.6750923000000002,1.6750923000000002,29515400.614043776,49622276.0
2026-08-04 14:20:00,1.6750923000000002,1.6750923000000002,1.6680244,1.6700438,36654550.8566901,61214884.0
2026-08-04 14:25:00,1.6700438,1.6730729000000002,1.6670147000000002,1.6730729000000002,13646627.711201346,22794830.0
2026-08-04 14:30:00,1.6730729000000002,1.676102,1.6720632,1.6740826,15390809.15123304,25770834.0
2026-08-04 14:35:00,1.6740826,1.6750923000000002,1.6629759000000002,1.6629759000000002,20381004.2586907,34008510.0
2026-08-04 14:40:00,1.6619662,1.6670147000000002,1.6619662,1.6649953000000002,33906586.11468753,56445550.0
2026-08-04 14:45:00,1.6639856,1.6649953000000002,1.6609565000000002,1.6619662,22777557.69040309,37882508.0
2026-08-04 14:50:00,1.6609565000000002,1.666005,1.6609565000000002,1.6649953000000002,31159033.37625037,51856136.0
2026-08-04 14:55:00,1.6649953000000002,1.6690341000000002,1.6639856,1.6690341000000002,35510646.726750515,59196416.0
2026-08-04 15:00:00,1.6680244,1.6710535000000002,1.6680244,1.6710535000000002,23169852.43141527,38696544.0
2026-08-05 09:35:00,1.6649953000000002,1.7003348,1.6639856,1.7003348,117526794.0972566,197645950.0
2026-08-05 09:40:00,1.7003348,1.7174997,1.7003348,1.71649,96470337.72407645,165142770.0
2026-08-05 09:45:00,1.7174997,1.726587,1.7154803,1.71649,64411518.27275428,110859810.0
2026-08-05 09:50:00,1.7174997,1.7306258,1.71649,1.7215385,63582252.15410518,109567864.0
2026-08-05 09:55:00,1.7215385,1.7215385,1.7124512,1.7154803,40835670.00099039,70112800.0
2026-08-05 10:00:00,1.71649,1.7235579,1.7104318,1.7134609,41534812.32049123,71315416.0
2026-08-05 10:05:00,1.7144706,1.7195191,1.7104318,1.71649,32180053.481232047,55210216.0
2026-08-05 10:10:00,1.7154803,1.71649,1.7013445,1.7043736,31521342.973160345,53808724.0
2026-08-05 10:15:00,1.7043736,1.7053833,1.686199,1.6932669,41674556.79904922,70577870.0
2026-08-05 10:20:00,1.6942766,1.7013445,1.6851893,1.7003348,32321085.47093196,54688484.0
2026-08-05 10:25:00,1.6993251,1.7114415,1.696296,1.7074027,31938464.89056155,54424000.0
2026-08-05 10:30:00,1.706393,1.7134609,1.7003348,1.7114415,18485688.818460926,31553060.0
2026-08-05 10:35:00,1.7104318,1.7124512,1.7013445,1.7114415,15953557.492324453,27242392.0
2026-08-05 10:40:00,1.7104318,1.7185094,1.7094221,1.7144706,23760209.96335545,40756690.0
2026-08-05 10:45:00,1.7144706,1.7245676,1.7134609,1.7215385,25095580.865603644,43175816.0
2026-08-05 10:50:00,1.7215385,1.7296161,1.7215385,1.7286064,45713974.4478558,78904340.0
2026-08-05 10:55:00,1.7296161,1.7306258,1.7235579,1.7286064,32134693.473308902,55490476.0
2026-08-05 11:00:00,1.7296161,1.7316355,1.7225482,1.7255773,22552488.858076654,38924664.0
2026-08-05 11:05:00,1.7255773,1.7356743000000001,1.7255773,1.7336549,22247703.278201446,38529284.0
2026-08-05 11:10:00,1.7346646000000001,1.7346646000000001,1.7275967,1.7346646000000001,19074576.606912944,33048242.0
2026-08-05 11:15:00,1.7346646000000001,1.7417325000000001,1.7346646000000001,1.7407228000000001,32714667.723086063,56827496.0
2026-08-05 11:20:00,1.7417325000000001,1.7538489000000002,1.7407228000000001,1.7477907000000001,40637119.936614834,70961370.0
2026-08-05 11:25:00,1.7457713000000001,1.7578877000000002,1.7427422000000001,1.7568780000000002,38438110.329800926,67316370.0
2026-08-05 11:30:00,1.7568780000000002,1.7588974000000002,1.7528392000000002,1.7548586000000002,53101614.340893336,93289950.0
2026-08-05 13:05:00,1.7538489000000002,1.7578877000000002,1.7477907000000001,1.7498101000000001,39170644.74596415,68625430.0
2026-08-05 13:10:00,1.7498101000000001,1.7498101000000001,1.7387034000000001,1.7417325000000001,35406457.363573335,61700710.0
2026-08-05 13:15:00,1.7417325000000001,1.7558683000000002,1.7407228000000001,1.7528392000000002,30387580.46944637,53202052.0
2026-08-05 13:20:00,1.7518295000000002,1.7619265000000002,1.7488004000000001,1.7599071000000002,28313388.13508963,49739036.0
2026-08-05 13:25:00,1.7588974000000002,1.7649556000000002,1.7578877000000002,1.7619265000000002,29272754.28345053,51569510.0
2026-08-05 13:30:00,1.7629362000000002,1.7649556000000002,1.7568780000000002,1.7568780000000002,29352877.092205603,51701270.0
2026-08-05 13:35:00,1.7568780000000002,1.7649556000000002,1.7568780000000002,1.7649556000000002,31180964.642963257,54909970.0
2026-08-05 13:40:00,1.7639459000000002,1.7639459000000002,1.7518295000000002,1.7588974000000002,36865504.605328314,64738240.0
2026-08-05 13:45:00,1.7599071000000002,1.7649556000000002,1.7548586000000002,1.7649556000000002,33843545.60760622,59603910.0
2026-08-05 13:50:00,1.7649556000000002,1.7689944,1.7639459000000002,1.7659653000000002,36959740.516985245,65287444.0
2026-08-05 13:55:00,1.7649556000000002,1.7710138,1.7639459000000002,1.7679847,21690496.186986234,38353972.0
2026-08-05 14:00:00,1.766975,1.7679847,1.7599071000000002,1.7639459000000002,15083219.768247994,26605962.0
2026-08-05 14:05:00,1.7629362000000002,1.7639459000000002,1.7548586000000002,1.7568780000000002,31363078.142022382,55193776.0
2026-08-05 14:10:00,1.7558683000000002,1.7568780000000002,1.7477907000000001,1.7558683000000002,20815335.248093493,36463010.0
2026-08-05 14:15:00,1.7558683000000002,1.7558683000000002,1.7457713000000001,1.7467810000000001,18872833.514905415,33029376.0
2026-08-05 14:20:00,1.7467810000000001,1.7498101000000001,1.7397131000000001,1.7407228000000001,46190151.53015747,80526180.0
2026-08-05 14:25:00,1.7407228000000001,1.7457713000000001,1.7376937000000001,1.7447616000000001,22312603.743686244,38862690.0
2026-08-05 14:30:00,1.7447616000000001,1.7488004000000001,1.7447616000000001,1.7477907000000001,20390313.95463999,35626900.0
2026-08-05 14:35:00,1.7477907000000001,1.7498101000000001,1.7437519000000001,1.7467810000000001,19749529.563236605,34493000.0
2026-08-05 14:40:00,1.7457713000000001,1.7467810000000001,1.7407228000000001,1.7407228000000001,24740219.86728731,43168480.0
2026-08-05 14:45:00,1.7397131000000001,1.7437519000000001,1.7387034000000001,1.7417325000000001,15248029.117559671,26551302.0
2026-08-05 14:50:00,1.7417325000000001,1.7467810000000001,1.7417325000000001,1.7457713000000001,16927095.176785182,29527608.0
2026-08-05 14:55:00,1.7447616000000001,1.7498101000000001,1.7447616000000001,1.7467810000000001,26083076.16123601,45590164.0
2026-08-05 15:00:00,1.7477907000000001,1.7488004000000001,1.7467810000000001,1.7477907000000001,23111419.23343567,40397020.0
2026-08-06 09:35:00,1.7114415,1.7174997,1.7043736,1.7104318,94855006.4375557,162253403.0
2026-08-06 09:40:00,1.7104318,1.7286064,1.7104318,1.7275967,41888580.766564324,71994020.0
2026-08-06 09:45:00,1.7286064,1.7387034000000001,1.7225482,1.7346646000000001,36484797.46459344,63176900.0
2026-08-06 09:50:00,1.7346646000000001,1.7427422000000001,1.7316355,1.7326452,36069945.52837476,62679736.0
2026-08-06 09:55:00,1.7336549,1.7356743000000001,1.726587,1.7306258,31037238.783797167,53728036.0
2026-08-06 10:00:00,1.7316355,1.7477907000000001,1.7316355,1.7477907000000001,35309547.39031395,61534644.0
2026-08-06 10:05:00,1.7477907000000001,1.7498101000000001,1.7397131000000001,1.7407228000000001,35638506.487075366,62243336.0
2026-08-06 10:10:00,1.7407228000000001,1.7508198000000001,1.7376937000000001,1.7508198000000001,22067049.618698623,38464504.0
2026-08-06 10:15:00,1.7508198000000001,1.7508198000000001,1.7417325000000001,1.7498101000000001,15740913.14251758,27499506.0
2026-08-06 10:20:00,1.7498101000000001,1.7548586000000002,1.7457713000000001,1.7548586000000002,29008517.381400414,50792828.0
2026-08-06 10:25:00,1.7548586000000002,1.7619265000000002,1.7528392000000002,1.7568780000000002,27341388.531246904,48057764.0
2026-08-06 10:30:00,1.7568780000000002,1.7679847,1.7568780000000002,1.7639459000000002,26982767.15856195,47597844.0
2026-08-06 10:35:00,1.7629362000000002,1.7700041,1.7629362000000002,1.7639459000000002,22882725.562048133,40426536.0
2026-08-06 10:40:00,1.7639459000000002,1.7659653000000002,1.7568780000000002,1.7578877000000002,28893098.94027929,50886004.0
2026-08-06 10:45:00,1.7568780000000002,1.7790914,1.7568780000000002,1.7790914,38841041.89363177,68765336.0
2026-08-06 10:50:00,1.7790914,1.7821205,1.7700041,1.7801011,23022204.615232248,40887450.0
2026-08-06 10:55:00,1.7790914,1.7831302,1.7790914,1.7821205,26719599.881152816,47593104.0
2026-08-06 11:00:00,1.7821205,1.7821205,1.7700041,1.7700041,33294859.859364167,59106016.0
2026-08-06 11:05:00,1.7689944,1.7700041,1.7629362000000002,1.7639459000000002,23306031.494503316,41149770.0
2026-08-06 11:10:00,1.7649556000000002,1.766975,1.7508198000000001,1.7508198000000001,24517480.439734574,43081696.0
2026-08-06 11:15:00,1.7508198000000001,1.7588974000000002,1.7488004000000001,1.7488004000000001,28784985.6392988,50478090.0
2026-08-06 11:20:00,1.7488004000000001,1.7518295000000002,1.7427422000000001,1.7427422000000001,29359381.994651876,51334320.0
2026-08-06 11:25:00,1.7427422000000001,1.7488004000000001,1.7387034000000001,1.7387034000000001,16151926.314746954,28173276.0
2026-08-06 11:30:00,1.7387034000000001,1.7467810000000001,1.7346646000000001,1.7467810000000001,15478359.908883827,26897524.0
2026-08-06 13:05:00,1.7467810000000001,1.7548586000000002,1.7437519000000001,1.7457713000000001,20892047.14271566,36519428.0
2026-08-06 13:10:00,1.7447616000000001,1.7538489000000002,1.7427422000000001,1.7427422000000001,11961968.901653957,20908528.0
2026-08-06 13:15:00,1.7427422000000001,1.7447616000000001,1.7366840000000001,1.7437519000000001,12753612.954342874,22194188.0
2026-08-06 13:20:00,1.7437519000000001,1.7498101000000001,1.7417325000000001,1.7437519000000001,8741012.181836188,15258774.0
2026-08-06 13:25:00,1.7437519000000001,1.7467810000000001,1.7407228000000001,1.7427422000000001,7752302.66415767,13519788.0
2026-08-06 13:30:00,1.7427422000000001,1.7437519000000001,1.7376937000000001,1.7376937000000001,9163117.757749826,15947002.0
2026-08-06 13:35:00,1.7376937000000001,1.7457713000000001,1.7376937000000001,1.7417325000000001,5906308.804595424,10285187.0
2026-08-06 13:40:00,1.7417325000000001,1.7417325000000001,1.7326452,1.7336549,15673071.209270079,27199784.0
2026-08-06 13:45:00,1.7326452,1.7407228000000001,1.7316355,1.7407228000000001,6801929.285926512,11799641.0
2026-08-06 13:50:00,1.7407228000000001,1.7457713000000001,1.7356743000000001,1.7387034000000001,14504064.573635733,25260816.0
2026-08-06 13:55:00,1.7387034000000001,1.7427422000000001,1.7376937000000001,1.7387034000000001,9169456.274140833,15952396.0
2026-08-06 14:00:00,1.7387034000000001,1.7397131000000001,1.7336549,1.7397131000000001,5810933.940774487,10092807.0
2026-08-06 14:05:00,1.7407228000000001,1.7427422000000001,1.7316355,1.7326452,8181043.874418144,14206351.0
2026-08-06 14:10:00,1.7326452,1.7346646000000001,1.726587,1.7275967,10805882.935525402,18695136.0
2026-08-06 14:15:00,1.726587,1.7326452,1.726587,1.7326452,6077586.411805486,10511425.0
2026-08-06 14:20:00,1.7326452,1.7346646000000001,1.7275967,1.7346646000000001,5359611.765871051,9280468.0
2026-08-06 14:25:00,1.7346646000000001,1.7457713000000001,1.7346646000000001,1.7447616000000001,11938736.258294543,20794804.0
2026-08-06 14:30:00,1.7457713000000001,1.7518295000000002,1.7427422000000001,1.7518295000000002,16578881.846092898,28958180.0
2026-08-06 14:35:00,1.7518295000000002,1.7588974000000002,1.7498101000000001,1.7588974000000002,16085583.836783202,28200294.0
2026-08-06 14:40:00,1.7599071000000002,1.7619265000000002,1.7488004000000001,1.7498101000000001,10654748.935327325,18724166.0
2026-08-06 14:45:00,1.7488004000000001,1.7548586000000002,1.7488004000000001,1.7518295000000002,11956818.857086264,20948794.0
2026-08-06 14:50:00,1.7518295000000002,1.7538489000000002,1.7508198000000001,1.7538489000000002,13231198.375755174,23180432.0
2026-08-06 14:55:00,1.7528392000000002,1.7558683000000002,1.7528392000000002,1.7558683000000002,17925522.432405666,31458896.0
2026-08-06 15:00:00,1.7558683000000002,1.7568780000000002,1.7548586000000002,1.7558683000000002,14058037.04070516,24685184.0
2026-08-07 09:35:00,1.7467810000000001,1.7659653000000002,1.7467810000000001,1.7599071000000002,46894770.72397742,82417104.0
2026-08-07 09:40:00,1.7588974000000002,1.7659653000000002,1.7518295000000002,1.7659653000000002,43187431.91046845,75975624.0
2026-08-07 09:45:00,1.766975,1.7700041,1.7498101000000001,1.7498101000000001,31218876.894126967,55033910.0
2026-08-07 09:50:00,1.7498101000000001,1.7568780000000002,1.7407228000000001,1.7568780000000002,38368873.92294741,67105660.0
2026-08-07 09:55:00,1.7558683000000002,1.7599071000000002,1.7488004000000001,1.7518295000000002,33199564.226998117,58247476.0
2026-08-07 10:00:00,1.7518295000000002,1.766975,1.7518295000000002,1.7619265000000002,28603593.146479152,50413360.0
2026-08-07 10:05:00,1.7619265000000002,1.7750526,1.7619265000000002,1.766975,49737941.96295929,87938456.0
2026-08-07 10:10:00,1.766975,1.7740429,1.766975,1.7740429,30517975.63632762,54023930.0
2026-08-07 10:15:00,1.7740429,1.7801011,1.7730332,1.7750526,35962654.25373873,63873330.0
2026-08-07 10:20:00,1.7750526,1.7851496,1.7750526,1.7821205,43325245.12231356,77175440.0
2026-08-07 10:25:00,1.7821205,1.7912078,1.7790914,1.7861593,40872932.55422402,72979380.0
2026-08-07 10:30:00,1.7851496,1.787169,1.777072,1.7821205,32536297.910270374,57999130.0
2026-08-07 10:35:00,1.7821205,1.7912078,1.7821205,1.7831302,29660960.68139051,53013670.0
2026-08-07 10:40:00,1.7841399,1.7962563,1.7841399,1.7952466,38601410.319896996,69162110.0
2026-08-07 10:45:00,1.7952466,1.7962563,1.7901981,1.7901981,25667178.369812816,46015012.0
2026-08-07 10:50:00,1.7912078,1.7922175,1.7841399,1.7891884,23861855.99683074,42648344.0
2026-08-07 10:55:00,1.7881787,1.7922175,1.7821205,1.7821205,13076971.37763692,23379618.0
2026-08-07 11:00:00,1.7811108,1.7861593,1.7790914,1.7801011,13668416.361295434,24356886.0
2026-08-07 11:05:00,1.7801011,1.7821205,1.7730332,1.7811108,17761018.124195304,31556968.0
2026-08-07 11:10:00,1.7801011,1.7851496,1.7760623,1.777072,10060935.92156086,17908476.0
2026-08-07 11:15:00,1.7760623,1.7760623,1.7659653000000002,1.7710138,15226601.960978508,26957912.0
2026-08-07 11:20:00,1.7710138,1.7760623,1.7659653000000002,1.7659653000000002,8450430.821035951,14959028.0
2026-08-07 11:25:00,1.7659653000000002,1.7720235,1.7619265000000002,1.7720235,13233237.595325343,23365156.0
2026-08-07 11:30:00,1.7730332,1.7811108,1.7720235,1.7740429,15740715.06388036,27971360.0
2026-08-07 13:05:00,1.7740429,1.7932272,1.7730332,1.7881787,24375349.113598097,43520890.0
2026-08-07 13:10:00,1.7891884,1.7922175,1.7841399,1.7861593,23163612.954342872,41409944.0
2026-08-07 13:15:00,1.787169,1.7942369,1.7821205,1.7821205,21929682.083787262,39261064.0
2026-08-07 13:20:00,1.7821205,1.7912078,1.7821205,1.7881787,12848747.15261959,22965412.0
2026-08-07 13:25:00,1.7881787,1.7952466,1.7881787,1.7932272,29497870.654649895,52867830.0
2026-08-07 13:30:00,1.7922175,1.7992854,1.7922175,1.7992854,35779043.28018223,64257070.0
2026-08-07 13:35:00,1.7992854,1.8053436,1.7982757,1.8033242,32952956.323660493,59339550.0
2026-08-07 13:40:00,1.8023145,1.8023145,1.7962563,1.7982757,20610973.55650193,37089864.0
2026-08-07 13:45:00,1.7992854,1.8023145,1.7932272,1.797266,16711102.307616122,30031018.0
2026-08-07 13:50:00,1.7962563,1.7992854,1.7962563,1.7982757,9757982.569079924,17537244.0
2026-08-07 13:55:00,1.7982757,1.8033242,1.7922175,1.7962563,16954441.913439635,30488756.0
2026-08-07 14:00:00,1.7952466,1.7992854,1.7891884,1.7891884,20331880.756660394,36489224.0
2026-08-07 14:05:00,1.7881787,1.7912078,1.7841399,1.7891884,21670892.34426067,38728748.0
2026-08-07 14:10:00,1.7901981,1.7962563,1.7901981,1.7942369,13181532.138258887,23643084.0
2026-08-07 14:15:00,1.7942369,1.797266,1.7851496,1.7851496,16701990.69030405,29935148.0
2026-08-07 14:20:00,1.7851496,1.7861593,1.7801011,1.7861593,17501733.188075665,31221258.0
2026-08-07 14:25:00,1.7841399,1.7861593,1.7801011,1.7831302,15547687.431910468,27720756.0
2026-08-07 14:30:00,1.7821205,1.7841399,1.7760623,1.7841399,20656729.721699513,36767110.0
2026-08-07 14:35:00,1.7841399,1.7922175,1.7831302,1.7922175,12278003.367336832,21949716.0
2026-08-07 14:40:00,1.7922175,1.7932272,1.7891884,1.7912078,18067445.77597306,32367968.0
2026-08-07 14:45:00,1.7922175,1.7962563,1.7912078,1.7952466,17297117.95582846,31037656.0
2026-08-07 14:50:00,1.7952466,1.7992854,1.7952466,1.7962563,24296424.680598196,43658190.0
2026-08-07 14:55:00,1.7952466,1.7992854,1.7952466,1.7982757,20000297.117955826,35948696.0
2026-08-07 15:00:00,1.7992854,1.8002951,1.7982757,1.8002951,23788144.993562445,42816896.0
2026-08-10 09:35:00,1.8033242,1.8134212,1.7952466,1.7992854,54900614.04377538,99050433.0
2026-08-10 09:40:00,1.7992854,1.8002951,1.7841399,1.7901981,59469224.52213529,106665190.0
2026-08-10 09:45:00,1.7901981,1.797266,1.7760623,1.777072,51460921.06566307,91920590.0
2026-08-10 09:50:00,1.777072,1.8093824,1.7720235,1.7932272,63129672.1798554,113401570.0
2026-08-10 09:55:00,1.7922175,1.8002951,1.7901981,1.7992854,33180544.71625235,59542892.0
2026-08-10 10:00:00,1.7982757,1.7982757,1.7851496,1.7912078,29913447.558680795,53549116.0
2026-08-10 10:05:00,1.7901981,1.7901981,1.7750526,1.7760623,35639912.845399626,63451420.0
2026-08-10 10:10:00,1.777072,1.777072,1.7659653000000002,1.7689944,45572645.34020006,80671760.0
2026-08-10 10:15:00,1.7689944,1.7821205,1.7649556000000002,1.7811108,28645690.7992473,50748570.0
2026-08-10 10:20:00,1.7811108,1.7881787,1.7750526,1.7801011,16561255.818559967,29514256.0
2026-08-10 10:25:00,1.7790914,1.7811108,1.7689944,1.777072,15780497.177379418,28007740.0
2026-08-10 10:30:00,1.7780817,1.7811108,1.7720235,1.7780817,10170842.824601367,18062020.0
2026-08-10 10:35:00,1.777072,1.7801011,1.7720235,1.777072,7539962.365058928,13394028.0
2026-08-10 10:40:00,1.777072,1.7801011,1.7720235,1.777072,7753037.535901752,13770346.0
2026-08-10 10:45:00,1.7780817,1.7790914,1.7679847,1.7689944,11333861.543032583,20092994.0
2026-08-10 10:50:00,1.7679847,1.7720235,1.7629362000000002,1.766975,43878082.59879172,77458450.0
2026-08-10 10:55:00,1.7689944,1.7780817,1.7689944,1.7710138,13084876.69604833,23207556.0
2026-08-10 11:00:00,1.7700041,1.7790914,1.7689944,1.7790914,8572942.458155887,15200003.0
2026-08-10 11:05:00,1.7790914,1.7912078,1.7780817,1.7912078,14047402.198672872,25064912.0
2026-08-10 11:10:00,1.7901981,1.7932272,1.7831302,1.7831302,10154303.258393582,18160722.0
2026-08-10 11:15:00,1.7831302,1.7891884,1.7790914,1.7811108,5615038.130137664,10010076.0
2026-08-10 11:20:00,1.7811108,1.7841399,1.7730332,1.7730332,6754039.813806081,12002410.0
2026-08-10 11:25:00,1.7760623,1.777072,1.7710138,1.7720235,5128949.192829553,9094567.0
2026-08-10 11:30:00,1.7720235,1.7740429,1.7689944,1.7730332,5038164.801426166,8924789.0
2026-08-10 13:05:00,1.7730332,1.7750526,1.7649556000000002,1.7679847,14237496.286025552,25182328.0
2026-08-10 13:10:00,1.766975,1.7730332,1.766975,1.7679847,12426166.187976627,21961896.0
2026-08-10 13:15:00,1.7679847,1.7689944,1.7609168000000002,1.7619265000000002,15222046.152322471,26851240.0
2026-08-10 13:20:00,1.7619265000000002,1.766975,1.7619265000000002,1.7649556000000002,7610874.5171833215,13422738.0
2026-08-10 13:25:00,1.7649556000000002,1.7679847,1.7609168000000002,1.7649556000000002,11030107.952857284,19459880.0
2026-08-10 13:30:00,1.7619265000000002,1.766975,1.7609168000000002,1.7629362000000002,6392789.937605229,11272802.0
2026-08-10 13:35:00,1.7619265000000002,1.7700041,1.7619265000000002,1.766975,10212142.220461523,18028424.0
2026-08-10 13:40:00,1.766975,1.7689944,1.7639459000000002,1.7689944,8007328.9095771015,14146346.0
2026-08-10 13:45:00,1.7679847,1.7740429,1.766975,1.7679847,8121620.283252451,14381554.0
2026-08-10 13:50:00,1.766975,1.7720235,1.7649556000000002,1.7679847,12188273.744676637,21538180.0
2026-08-10 13:55:00,1.766975,1.7689944,1.7649556000000002,1.766975,5214849.955432306,9213319.0
2026-08-10 14:00:00,1.7659653000000002,1.7659653000000002,1.7619265000000002,1.7639459000000002,6266686.144399326,11052393.0
2026-08-10 14:05:00,1.7639459000000002,1.7700041,1.7629362000000002,1.7689944,3954739.0313954637,6983435.0
2026-08-10 14:10:00,1.7689944,1.7740429,1.7679847,1.7700041,7538476.7752797855,13354570.0
2026-08-10 14:15:00,1.7710138,1.777072,1.7700041,1.7750526,9563038.52629494,16970402.0
2026-08-10 14:20:00,1.7750526,1.7780817,1.7700041,1.7760623,11255085.669010596,19971316.0
2026-08-10 14:25:00,1.7760623,1.7841399,1.7760623,1.7821205,8911429.137367535,15866952.0
2026-08-10 14:30:00,1.7811108,1.7851496,1.7790914,1.7851496,8968307.418044964,15978013.0
2026-08-10 14:35:00,1.7851496,1.7891884,1.7790914,1.7790914,14178369.812815687,25306924.0
2026-08-10 14:40:00,1.7790914,1.7881787,1.7780817,1.7851496,9730018.817470536,17349552.0
2026-08-10 14:45:00,1.7851496,1.7932272,1.7851496,1.7922175,18750361.493512925,33552116.0
2026-08-10 14:50:00,1.7932272,1.7942369,1.7901981,1.7932272,15484385.461028028,27752724.0
2026-08-10 14:55:00,1.7922175,1.7942369,1.7922175,1.7942369,14190586.312766168,25447146.0
2026-08-10 15:00:00,1.7932272,1.7952466,1.7932272,1.7942369,12323066.257304149,22114186.0
2026-08-11 09:35:00,1.7700041,1.7912078,1.7700041,1.7861593,42450585.32237298,75682418.0
2026-08-11 09:40:00,1.7851496,1.7861593,1.7679847,1.7689944,34889967.31702486,61975030.0
2026-08-11 09:45:00,1.7679847,1.7831302,1.7679847,1.7780817,29206821.82826582,51869824.0
2026-08-11 09:50:00,1.7801011,1.787169,1.7740429,1.7801011,31778449.044270575,56582870.0
2026-08-11 09:55:00,1.7790914,1.7821205,1.7689944,1.7700041,32282979.102703772,57286336.0
2026-08-11 10:00:00,1.7700041,1.7760623,1.7659653000000002,1.7689944,21707116.965435278,38398450.0
2026-08-11 10:05:00,1.7689944,1.7689944,1.7548586000000002,1.7649556000000002,38181935.228285626,67203020.0
2026-08-11 10:10:00,1.7649556000000002,1.7659653000000002,1.7568780000000002,1.7659653000000002,20285233.237595323,35723360.0
2026-08-11 10:15:00,1.766975,1.7841399,1.7659653000000002,1.7831302,15870555.610577399,28186136.0
2026-08-11 10:20:00,1.7841399,1.787169,1.7811108,1.7841399,28089729.622660194,50110548.0
2026-08-11 10:25:00,1.7841399,1.7881787,1.7801011,1.7861593,22028097.45468951,39310424.0
2026-08-11 10:30:00,1.7861593,1.7942369,1.7861593,1.7932272,23385956.224621173,41855000.0
2026-08-11 10:35:00,1.7922175,1.797266,1.7881787,1.7952466,18164504.308210358,32571516.0
2026-08-11 10:40:00,1.7962563,1.8002951,1.7932272,1.7982757,21136840.645736355,37993932.0
2026-08-11 10:45:00,1.7992854,1.8063533,1.797266,1.7982757,17977319.996038426,32395086.0
2026-08-11 10:50:00,1.797266,1.8023145,1.7942369,1.8023145,13719520.64969793,24675262.0
2026-08-11 10:55:00,1.8023145,1.807363,1.797266,1.8063533,14733782.311577696,26554060.0
2026-08-11 11:00:00,1.8063533,1.8083727,1.8023145,1.807363,14893963.55353075,26899668.0
2026-08-11 11:05:00,1.807363,1.8103921,1.8013048,1.8023145,12064375.557096167,21783698.0
2026-08-11 11:10:00,1.8033242,1.8063533,1.7992854,1.8023145,8831930.2763197,15914775.0
2026-08-11 11:15:00,1.8033242,1.8043339,1.7982757,1.7992854,3459542.438348024,6235274.0
2026-08-11 11:20:00,1.7992854,1.7992854,1.7932272,1.7932272,14885114.390412994,26727592.0
2026-08-11 11:25:00,1.7932272,1.797266,1.7922175,1.7962563,6368525.3045459045,11426173.0
2026-08-11 11:30:00,1.7962563,1.7992854,1.7932272,1.7982757,3270179.261166683,5875665.0
2026-08-11 13:05:00,1.7982757,1.7992854,1.7901981,1.7912078,12007229.870258491,21546704.0
2026-08-11 13:10:00,1.7912078,1.7962563,1.7901981,1.7922175,6478776.8644151725,11618355.0
2026-08-11 13:15:00,1.7922175,1.7962563,1.7912078,1.7952466,10416757.452708725,18686358.0
2026-08-11 13:20:00,1.7952466,1.8002951,1.7932272,1.7942369,11042289.78904625,19841192.0
2026-08-11 13:25:00,1.7942369,1.7952466,1.7922175,1.7932272,6851837.179360205,12288761.0
2026-08-11 13:30:00,1.7932272,1.7932272,1.787169,1.7891884,11374764.781618303,20351406.0
2026-08-11 13:35:00,1.7881787,1.7942369,1.7881787,1.7942369,3085774.982668119,5528272.0
2026-08-11 13:40:00,1.7942369,1.7992854,1.7932272,1.7952466,12825591.75992869,23042794.0
2026-08-11 13:45:00,1.7942369,1.7962563,1.7912078,1.7922175,8483906.110725958,15219564.0
2026-08-11 13:50:00,1.7922175,1.7942369,1.7891884,1.7922175,3948994.7509161136,7075977.0
2026-08-11 13:55:00,1.7932272,1.7932272,1.7901981,1.7922175,2574527.0872536395,4613032.0
2026-08-11 14:00:00,1.7922175,1.7932272,1.7891884,1.7901981,2669693.9685054966,4781773.0
2026-08-11 14:05:00,1.7901981,1.7901981,1.7861593,1.7881787,5602624.5419431515,10015103.0
2026-08-11 14:10:00,1.7891884,1.7891884,1.7831302,1.7841399,6513053.38219273,11626924.0
2026-08-11 14:15:00,1.7841399,1.7891884,1.7821205,1.7821205,10975287.70922056,19599372.0
2026-08-11 14:20:00,1.7811108,1.7831302,1.7790914,1.7790914,6547984.549866296,11665239.0
2026-08-11 14:25:00,1.7801011,1.7801011,1.7750526,1.777072,15808061.80053481,28100656.0
2026-08-11 14:30:00,1.7760623,1.7780817,1.7710138,1.7740429,16691987.719124492,29596684.0
2026-08-11 14:35:00,1.7740429,1.7760623,1.7679847,1.7700041,25239053.18411409,44715908.0
2026-08-11 14:40:00,1.7689944,1.7700041,1.7629362000000002,1.7629362000000002,22897989.50183223,40442484.0
2026-08-11 14:45:00,1.7639459000000002,1.7720235,1.7639459000000002,1.7710138,27625532.336337525,48794520.0
2026-08-11 14:50:00,1.7710138,1.7720235,1.7649556000000002,1.7689944,28000396.157274436,49521640.0
2026-08-11 14:55:00,1.7689944,1.7689944,1.7659653000000002,1.766975,17053108.84421115,30140540.0
2026-08-11 15:00:00,1.766975,1.7679847,1.7659653000000002,1.7679847,13094421.115182728,23141380.0
2026-08-12 09:35:00,1.7730332,1.7811108,1.7649556000000002,1.7801011,55598484.69842527,98673692.0
2026-08-12 09:40:00,1.7801011,1.787169,1.7790914,1.7821205,31690824.997524016,56504744.0
2026-08-12 09:45:00,1.7821205,1.7932272,1.7760623,1.7932272,36615717.539863326,65362756.0
2026-08-12 09:50:00,1.7932272,1.7962563,1.7861593,1.7881787,29461127.067445774,52789440.0
2026-08-12 09:55:00,1.7901981,1.7932272,1.7831302,1.7841399,18581360.800237693,33232816.0
2026-08-12 10:00:00,1.7831302,1.7841399,1.7750526,1.7811108,19393047.439833615,34504976.0
2026-08-12 10:05:00,1.7790914,1.7831302,1.7730332,1.7801011,15104099.237397246,26843064.0
2026-08-12 10:10:00,1.7811108,1.7891884,1.7801011,1.787169,14662672.080816083,26173936.0
2026-08-12 10:15:00,1.7881787,1.7912078,1.787169,1.787169,16280578.389620678,29125492.0
2026-08-12 10:20:00,1.7861593,1.7901981,1.7831302,1.7881787,12892344.260671485,23035500.0
2026-08-12 10:25:00,1.7881787,1.7912078,1.787169,1.7881787,15505694.760820044,27747516.0
2026-08-12 10:30:00,1.7881787,1.7922175,1.7841399,1.7841399,10716945.627414083,19175506.0
2026-08-12 10:35:00,1.7851496,1.7922175,1.7851496,1.7912078,12698920.471427156,22731602.0
2026-08-12 10:40:00,1.7922175,1.797266,1.7912078,1.7942369,28976824.79944538,52017396.0
2026-08-12 10:45:00,1.7942369,1.7962563,1.7922175,1.7952466,9784193.324749926,17560404.0
2026-08-12 10:50:00,1.7952466,1.7992854,1.7942369,1.797266,20920241.655937407,37596440.0
2026-08-12 10:55:00,1.7962563,1.8013048,1.7932272,1.7932272,13962266.019609785,25126448.0
2026-08-12 11:00:00,1.7932272,1.7942369,1.7901981,1.7901981,9829553.332673071,17613310.0
2026-08-12 11:05:00,1.7922175,1.8013048,1.7922175,1.8013048,16710050.510052491,30042940.0
2026-08-12 11:10:00,1.8013048,1.8053436,1.7992854,1.8033242,21773033.574329007,39250464.0
2026-08-12 11:15:00,1.8033242,1.8033242,1.7952466,1.7982757,8730018.817470536,15707335.0
2026-08-12 11:20:00,1.7982757,1.8023145,1.7932272,1.7982757,18425298.603545606,33116230.0
2026-08-12 11:25:00,1.7982757,1.8002951,1.7952466,1.7982757,24781228.087550756,44549796.0
2026-08-12 11:30:00,1.7982757,1.8033242,1.7982757,1.8023145,17835297.613152422,32121900.0
2026-08-12 13:05:00,1.8013048,1.8043339,1.797266,1.8002951,13415500.64375557,24169108.0
2026-08-12 13:10:00,1.8002951,1.8023145,1.7952466,1.7982757,12492819.649400812,22474524.0
2026-08-12 13:15:00,1.797266,1.7992854,1.7891884,1.7901981,12514509.26017629,22439014.0
2026-08-12 13:20:00,1.7912078,1.7962563,1.7901981,1.7962563,7566252.352183817,13567081.0
2026-08-12 13:25:00,1.7952466,1.7952466,1.7841399,1.7841399,10654055.660097059,19062096.0
2026-08-12 13:30:00,1.7841399,1.7891884,1.7821205,1.7821205,9818697.632960284,17529316.0
2026-08-12 13:35:00,1.7821205,1.7901981,1.7821205,1.7881787,7558086.560364464,13509740.0
2026-08-12 13:40:00,1.787169,1.7932272,1.787169,1.7912078,6004951.965930474,10757842.0
2026-08-12 13:45:00,1.7912078,1.7912078,1.7831302,1.7831302,6844310.191145885,12229189.0
2026-08-12 13:50:00,1.7831302,1.787169,1.7821205,1.787169,6982668.11924334,12465926.0
2026-08-12 13:55:00,1.787169,1.787169,1.7841399,1.7861593,7260077.250668515,12964890.0
2026-08-12 14:00:00,1.7861593,1.7891884,1.7841399,1.7841399,6808070.714073487,12161926.0
2026-08-12 14:05:00,1.7851496,1.7851496,1.7801011,1.7841399,9104090.323858572,16225557.0
2026-08-12 14:10:00,1.7841399,1.7861593,1.7821205,1.7831302,7528540.160443696,13434367.0
2026-08-12 14:15:00,1.7841399,1.7841399,1.7801011,1.7831302,4898220.263444588,8726684.0
2026-08-12 14:20:00,1.7821205,1.7861593,1.7821205,1.7861593,3387937.0109933643,6043624.0
2026-08-12 14:25:00,1.7861593,1.7881787,1.7821205,1.787169,7862892.938496583,14036355.0
2026-08-12 14:30:00,1.7861593,1.7912078,1.7841399,1.7901981,6249678.1222145185,11173147.0
2026-08-12 14:35:00,1.7912078,1.7912078,1.7881787,1.7891884,5499326.5326334555,9840011.0
2026-08-12 14:40:00,1.7901981,1.7942369,1.7891884,1.7942369,13441297.415073784,24098968.0
2026-08-12 14:45:00,1.7942369,1.797266,1.7932272,1.7962563,21996830.741804495,39483464.0
2026-08-12 14:50:00,1.7962563,1.797266,1.7932272,1.7932272,22966665.34614242,41215830.0
2026-08-12 14:55:00,1.7942369,1.7952466,1.7932272,1.7932272,14040408.04199267,25184812.0
2026-08-12 15:00:00,1.7942369,1.7942369,1.7932272,1.7942369,11979102.703773398,21489652.0
2026-08-13 09:35:00,1.8144309,1.8336152000000001,1.8144309,1.8336152000000001,72512003.56541547,132301830.0
2026-08-13 09:40:00,1.8326055,1.8346249000000001,1.8235182,1.8235182,47240198.07863722,86447464.0
2026-08-13 09:45:00,1.8235182,1.8346249000000001,1.8194794,1.8315958,48378924.4329999,88542480.0
2026-08-13 09:50:00,1.8315958,1.8406831000000001,1.8235182,1.8235182,57420818.06477171,105369950.0
2026-08-13 09:55:00,1.8235182,1.8315958,1.81746,1.8204891,24188331.18748143,44148292.0
2026-08-13 10:00:00,1.8184697,1.8285667,1.81746,1.8225085,25152647.32098643,45810044.0
2026-08-13 10:05:00,1.8214988,1.8315958,1.8204891,1.8295764,20496234.525106467,37432028.0
2026-08-13 10:10:00,1.8285667,1.8326055,1.8214988,1.8315958,20893532.7324948,38200816.0
2026-08-13 10:15:00,1.8305861,1.8376540000000001,1.8305861,1.8356346000000001,33064720.213924926,60698576.0
2026-08-13 10:20:00,1.8336152000000001,1.8356346000000001,1.8295764,1.8326055,11588819.451322174,21244738.0
2026-08-13 10:25:00,1.8326055,1.8386637000000001,1.8315958,1.8356346000000001,16063088.045954242,29488328.0
2026-08-13 10:30:00,1.8336152000000001,1.8346249000000001,1.8295764,1.8295764,11609388.927404178,21270384.0
2026-08-13 10:35:00,1.8295764,1.8305861,1.8235182,1.8265473,12028424.284440922,21978256.0
2026-08-13 10:40:00,1.8265473,1.827557,1.81746,1.8214988,16154006.140437754,29423572.0
2026-08-13 10:45:00,1.8225085,1.8255376,1.8184697,1.8245279,14087649.796969397,25673360.0
2026-08-13 10:50:00,1.8225085,1.8245279,1.8184697,1.8214988,8304545.904724175,15124826.0
2026-08-13 10:55:00,1.8225085,1.8255376,1.81746,1.8204891,8620778.44904427,15693969.0
2026-08-13 11:00:00,1.8204891,1.8265473,1.8194794,1.8235182,6419332.474992571,11699391.0
2026-08-13 11:05:00,1.8225085,1.8326055,1.8225085,1.8285667,12498994.750916114,22860256.0
2026-08-13 11:10:00,1.8285667,1.8326055,1.8245279,1.8245279,11237690.403090026,20560332.0
2026-08-13 11:15:00,1.8255376,1.827557,1.8225085,1.8225085,3470238.6847578487,6331042.0
2026-08-13 11:20:00,1.8225085,1.827557,1.8204891,1.827557,8091314.251757948,14759920.0
2026-08-13 11:25:00,1.8285667,1.8326055,1.8255376,1.8285667,13463305.932455184,24640860.0
2026-08-13 11:30:00,1.8285667,1.8295764,1.8255376,1.8265473,2626819.847479449,4801116.0
2026-08-13 13:05:00,1.827557,1.8356346000000001,1.8265473,1.8346249000000001,17898746.162226405,32807294.0
2026-08-13 13:10:00,1.8346249000000001,1.8416928000000001,1.8346249000000001,1.8406831000000001,36949644.44884619,67938080.0
2026-08-13 13:15:00,1.8406831000000001,1.8406831000000001,1.8326055,1.8326055,5535569.971278598,10161345.0
2026-08-13 13:20:00,1.8326055,1.8326055,1.8245279,1.8285667,9769341.388531247,17860236.0
2026-08-13 13:25:00,1.8285667,1.8326055,1.827557,1.8295764,6763388.13508963,12377435.0
2026-08-13 13:30:00,1.8295764,1.8315958,1.8265473,1.8305861,7630311.97385362,13955059.0
2026-08-13 13:35:00,1.8315958,1.8326055,1.8285667,1.8285667,5385110.42884025,9859036.0
2026-08-13 13:40:00,1.8285667,1.8285667,1.8225085,1.8225085,13940063.385163909,25445512.0
2026-08-13 13:45:00,1.8235182,1.8235182,1.8204891,1.8214988,6453284.14380509,11758237.0
2026-08-13 13:50:00,1.8204891,1.8245279,1.8144309,1.8144309,24647122.907794394,44823336.0
2026-08-13 13:55:00,1.8154406,1.81746,1.8134212,1.8134212,24006437.555709615,43578420.0
2026-08-13 14:00:00,1.8134212,1.8164503,1.8083727,1.8093824,15242844.409230463,27643228.0
2026-08-13 14:05:00,1.8093824,1.8144309,1.8063533,1.8144309,17227097.157571554,31189398.0
2026-08-13 14:10:00,1.8144309,1.8204891,1.8134212,1.8134212,19845348.123204913,36040440.0
2026-08-13 14:15:00,1.8144309,1.8144309,1.8083727,1.8114018,7962860.255521442,14423088.0
2026-08-13 14:20:00,1.8103921,1.8103921,1.8063533,1.807363,15123303.951668812,27345152.0
2026-08-13 14:25:00,1.8063533,1.8063533,1.8023145,1.8063533,17049915.81657918,30767016.0
2026-08-13 14:30:00,1.807363,1.807363,1.8013048,1.8033242,15428642.170941863,27815580.0
2026-08-13 14:35:00,1.8033242,1.8033242,1.7922175,1.7932272,21168564.92027335,38045716.0
2026-08-13 14:40:00,1.7922175,1.7932272,1.7841399,1.787169,22319277.01297415,39932084.0
2026-08-13 14:45:00,1.787169,1.787169,1.7780817,1.7851496,24935751.213231653,44424800.0
2026-08-13 14:50:00,1.7841399,1.7881787,1.777072,1.7780817,27438811.528176684,48918160.0
2026-08-13 14:55:00,1.7790914,1.7811108,1.7710138,1.7710138,32255521.442012478,57304250.0
2026-08-13 15:00:00,1.7710138,1.7750526,1.7710138,1.7750526,16440424.878676834,29163832.0
2026-08-14 09:35:00,1.7891884,1.797266,1.7790914,1.7841399,70478716.45043083,126003403.0
2026-08-14 09:40:00,1.7851496,1.7922175,1.7811108,1.7881787,43646974.34881648,77985270.0
2026-08-14 09:45:00,1.7881787,1.7942369,1.7760623,1.7831302,31913199.960384272,56933590.0
2026-08-14 09:50:00,1.7841399,1.7891884,1.7831302,1.7891884,18281766.861443993,32644498.0
2026-08-14 09:55:00,1.7881787,1.7881787,1.7720235,1.7730332,30553075.170842823,54373864.0
2026-08-14 10:00:00,1.7730332,1.7821205,1.7730332,1.7780817,14010201.049816776,24897772.0
2026-08-14 10:05:00,1.777072,1.7811108,1.7750526,1.777072,15648518.371793602,27821588.0
2026-08-14 10:10:00,1.7780817,1.7780817,1.7720235,1.7740429,15248417.35168862,27064768.0
2026-08-14 10:15:00,1.7760623,1.7811108,1.7689944,1.7790914,16044042.78498564,28467976.0
2026-08-14 10:20:00,1.7801011,1.7811108,1.7720235,1.7730332,13364959.889075963,23734216.0
2026-08-14 10:25:00,1.7730332,1.7811108,1.7720235,1.7730332,12763097.949886104,22666332.0
2026-08-14 10:30:00,1.7720235,1.7760623,1.7720235,1.7760623,11859859.364167575,21037520.0
2026-08-14 10:35:00,1.7750526,1.7790914,1.7700041,1.7720235,12047835.990888381,21372052.0
2026-08-14 10:40:00,1.7720235,1.7780817,1.7720235,1.7750526,10247103.099930672,18185124.0
2026-08-14 10:45:00,1.7760623,1.7790914,1.7720235,1.7730332,11340794.295335248,20141556.0
2026-08-14 10:50:00,1.7730332,1.7740429,1.7679847,1.7710138,9249579.082895909,16377899.0
2026-08-14 10:55:00,1.7710138,1.7730332,1.7649556000000002,1.7659653000000002,18459938.59562246,32629996.0
2026-08-14 11:00:00,1.7659653000000002,1.7679847,1.7619265000000002,1.7639459000000002,12477369.51569773,22016068.0
2026-08-14 11:05:00,1.7629362000000002,1.7639459000000002,1.7578877000000002,1.7578877000000002,16663860.552639397,29351704.0
2026-08-14 11:10:00,1.7578877000000002,1.7649556000000002,1.7568780000000002,1.7578877000000002,12201445.974051697,21477926.0
2026-08-14 11:15:00,1.7588974000000002,1.7609168000000002,1.7558683000000002,1.7568780000000002,18277409.131425176,32124836.0
2026-08-14 11:20:00,1.7568780000000002,1.7609168000000002,1.7548586000000002,1.7609168000000002,16183717.9360206,28434356.0
2026-08-14 11:25:00,1.7609168000000002,1.7649556000000002,1.7558683000000002,1.7578877000000002,9197979.597900366,16183005.0
2026-08-14 11:30:00,1.7578877000000002,1.7649556000000002,1.7558683000000002,1.7649556000000002,8314945.033178171,14633380.0
2026-08-14 13:05:00,1.7649556000000002,1.766975,1.7548586000000002,1.7558683000000002,12776864.415172823,22489272.0
2026-08-14 13:10:00,1.7558683000000002,1.7599071000000002,1.7518295000000002,1.7599071000000002,15558556.006734673,27297160.0
2026-08-14 13:15:00,1.7578877000000002,1.7609168000000002,1.7548586000000002,1.7558683000000002,14099534.515202535,24779456.0
2026-08-14 13:20:00,1.7548586000000002,1.7558683000000002,1.7477907000000001,1.7518295000000002,14230464.494404279,24924726.0
2026-08-14 13:25:00,1.7508198000000001,1.7528392000000002,1.7467810000000001,1.7518295000000002,12577894.424086362,22005056.0
2026-08-14 13:30:00,1.7518295000000002,1.7568780000000002,1.7518295000000002,1.7568780000000002,15311676.735664058,26862944.0
2026-08-14 13:35:00,1.7568780000000002,1.7619265000000002,1.7558683000000002,1.7599071000000002,11434287.412102604,20106204.0
2026-08-14 13:40:00,1.7588974000000002,1.7710138,1.7588974000000002,1.7659653000000002,14438248.984846983,25488114.0
2026-08-14 13:45:00,1.7659653000000002,1.7679847,1.7599071000000002,1.7639459000000002,8967614.142814698,15819713.0
2026-08-14 13:50:00,1.7649556000000002,1.7659653000000002,1.7588974000000002,1.7619265000000002,7845894.820243636,13826366.0
2026-08-14 13:55:00,1.7629362000000002,1.7720235,1.7619265000000002,1.7679847,12123700.10894325,21432742.0
2026-08-14 14:00:00,1.7689944,1.7760623,1.7679847,1.7760623,12995543.230662573,23030652.0
2026-08-14 14:05:00,1.7750526,1.777072,1.7679847,1.7689944,11266613.845696742,19973716.0
2026-08-14 14:10:00,1.7689944,1.7720235,1.7659653000000002,1.7700041,10087748.836288005,17848644.0
2026-08-14 14:15:00,1.7700041,1.7750526,1.7679847,1.7740429,7232841.438050906,12821787.0
2026-08-14 14:20:00,1.7740429,1.7750526,1.7700041,1.7740429,6199861.344953947,10993568.0
2026-08-14 14:25:00,1.7740429,1.7740429,1.7679847,1.7720235,6601960.978508468,11688427.0
2026-08-14 14:30:00,1.7720235,1.7750526,1.7700041,1.7750526,5608848.172724571,9939909.0
2026-08-14 14:35:00,1.7750526,1.7760623,1.766975,1.7689944,11864316.133505002,21004756.0
2026-08-14 14:40:00,1.7689944,1.7689944,1.7649556000000002,1.7659653000000002,8576012.677032782,15154319.0
2026-08-14 14:45:00,1.7659653000000002,1.7700041,1.7649556000000002,1.7689944,6899475.0916113695,12201851.0
2026-08-14 14:50:00,1.7689944,1.7710138,1.7679847,1.7710138,7168663.959591958,12683764.0
2026-08-14 14:55:00,1.7700041,1.7740429,1.7689944,1.7740429,9912548.281667821,17557212.0
2026-08-14 15:00:00,1.7740429,1.7750526,1.7730332,1.7750526,12013621.867881548,21320580.0
2026-08-17 09:35:00,1.7750526,1.7881787,1.7740429,1.787169,49846479.15222343,88728228.0
2026-08-17 09:40:00,1.7881787,1.7962563,1.787169,1.7881787,44708923.44260671,80120890.0
2026-08-17 09:45:00,1.7891884,1.797266,1.7861593,1.7922175,38464918.29256214,68929576.0
2026-08-17 09:50:00,1.7932272,1.8083727,1.7912078,1.8063533,56231454.88759037,101374280.0
2026-08-17 09:55:00,1.8053436,1.8103921,1.7942369,1.7992854,32507180.35059919,58614150.0
2026-08-17 10:00:00,1.8002951,1.8002951,1.7851496,1.7912078,22152718.62929583,39710070.0
2026-08-17 10:05:00,1.7901981,1.7922175,1.7841399,1.7891884,16294893.532732494,29137104.0
2026-08-17 10:10:00,1.7901981,1.8033242,1.7901981,1.8023145,13271961.968901653,23878684.0
2026-08-17 10:15:00,1.8033242,1.8103921,1.8033242,1.8093824,47653609.98316331,86117840.0
2026-08-17 10:20:00,1.8093824,1.8144309,1.807363,1.807363,30629691.987719122,55464188.0
2026-08-17 10:25:00,1.807363,1.8103921,1.8063533,1.807363,17394077.44874715,31462928.0
2026-08-17 10:30:00,1.807363,1.8083727,1.8023145,1.8023145,15631969.892047143,28207780.0
2026-08-17 10:35:00,1.8013048,1.8134212,1.8013048,1.8103921,18617510.151530158,33687170.0
2026-08-17 10:40:00,1.8114018,1.8144309,1.8093824,1.8134212,13762175.89382985,24943276.0
2026-08-17 10:45:00,1.8134212,1.8225085,1.8124115,1.8214988,42385074.77468555,77011790.0
2026-08-17 10:50:00,1.8214988,1.8265473,1.8204891,1.8225085,19221521.24393384,35039140.0
2026-08-17 10:55:00,1.8225085,1.8295764,1.8225085,1.8255376,23169476.082004555,42332868.0
2026-08-17 11:00:00,1.8265473,1.827557,1.8245279,1.827557,15374962.86025552,28075864.0
2026-08-17 11:05:00,1.8285667,1.8295764,1.8245279,1.8245279,11659106.665346142,21302168.0
2026-08-17 11:10:00,1.8245279,1.8265473,1.8194794,1.8245279,16804209.171040904,30633388.0
2026-08-17 11:15:00,1.8245279,1.8255376,1.81746,1.81746,6993661.483608993,12740936.0
2026-08-17 11:20:00,1.81746,1.8245279,1.8154406,1.8235182,9430117.856789146,17159508.0
2026-08-17 11:25:00,1.8245279,1.8255376,1.8184697,1.8255376,6497375.4580568485,11844903.0
2026-08-17 11:30:00,1.8265473,1.8285667,1.8245279,1.8265473,12030008.913538674,21985540.0
2026-08-17 13:05:00,1.8265473,1.8336152000000001,1.8255376,1.8285667,26015715.559076954,47597852.0
2026-08-17 13:10:00,1.8285667,1.8366443000000001,1.8285667,1.8356346000000001,17942061.998613447,32882004.0
2026-08-17 13:15:00,1.8356346000000001,1.8386637000000001,1.8315958,1.8386637000000001,25975933.445577893,47701156.0
2026-08-17 13:20:00,1.8386637000000001,1.8396734000000001,1.8346249000000001,1.8356346000000001,18317024.85886897,33666110.0
2026-08-17 13:25:00,1.8356346000000001,1.8366443000000001,1.8295764,1.8305861,13395010.399128454,24556098.0
2026-08-17 13:30:00,1.8295764,1.8295764,1.8235182,1.8255376,12616816.87629989,23043528.0
2026-08-17 13:35:00,1.8255376,1.8346249000000001,1.8255376,1.8336152000000001,7600246.607903337,13914007.0
2026-08-17 13:40:00,1.8326055,1.8346249000000001,1.8305861,1.8315958,4649916.806972368,8523506.0
2026-08-17 13:45:00,1.8305861,1.8336152000000001,1.8285667,1.8326055,4597405.169852431,8416557.0
2026-08-17 13:50:00,1.8315958,1.8315958,1.8255376,1.8315958,8682777.06249381,15872669.0
2026-08-17 13:55:00,1.8315958,1.8346249000000001,1.8305861,1.8336152000000001,5410617.014954937,9918216.0
2026-08-17 14:00:00,1.8336152000000001,1.8346249000000001,1.8305861,1.8326055,3366148.360899277,6167712.0
2026-08-17 14:05:00,1.8315958,1.8356346000000001,1.8315958,1.8336152000000001,7579406.754481529,13899145.0
2026-08-17 14:10:00,1.8336152000000001,1.8356346000000001,1.8315958,1.8336152000000001,5998066.752500743,10998687.0
2026-08-17 14:15:00,1.8346249000000001,1.8376540000000001,1.8336152000000001,1.8356346000000001,9115221.352877092,16736287.0
2026-08-17 14:20:00,1.8366443000000001,1.8396734000000001,1.8356346000000001,1.8386637000000001,14936142.41854016,27452496.0
2026-08-17 14:25:00,1.8386637000000001,1.8396734000000001,1.8356346000000001,1.8356346000000001,14539368.12914727,26732830.0
2026-08-17 14:30:00,1.8366443000000001,1.8366443000000001,1.8336152000000001,1.8356346000000001,9927899.376052292,18218176.0
2026-08-17 14:35:00,1.8366443000000001,1.8366443000000001,1.8305861,1.8336152000000001,19074675.646231554,34975024.0
2026-08-17 14:40:00,1.8346249000000001,1.8376540000000001,1.8336152000000001,1.8376540000000001,12014063.583242547,22061288.0
2026-08-17 14:45:00,1.8376540000000001,1.8406831000000001,1.8366443000000001,1.8396734000000001,17334792.512627512,31873038.0
2026-08-17 14:50:00,1.8406831000000001,1.8447219000000001,1.8396734000000001,1.8447219000000001,25071803.505991876,46187936.0
2026-08-17 14:55:00,1.8447219000000001,1.8467413000000001,1.8437122000000001,1.8467413000000001,26332371.991680697,48596040.0
2026-08-17 15:00:00,1.8467413000000001,1.8477510000000001,1.8457316000000001,1.8477510000000001,21008073.685253043,38811524.0
2026-08-18 09:35:00,1.8467413000000001,1.8487607000000001,1.8366443000000001,1.8406831000000001,47446619.78805586,87466245.0
2026-08-18 09:40:00,1.8406831000000001,1.8548189,1.8396734000000001,1.8527995,39744276.517777555,73418696.0
2026-08-18 09:45:00,1.8538092000000002,1.8588577,1.8477510000000001,1.8517898000000002,42395563.0385263,78596584.0
2026-08-18 09:50:00,1.8487607000000001,1.8558286000000002,1.8427025000000001,1.8427025000000001,50807154.600376345,93947110.0
2026-08-18 09:55:00,1.8416928000000001,1.8497704000000001,1.8386637000000001,1.8427025000000001,34130854.7093196,62909384.0
2026-08-18 10:00:00,1.8416928000000001,1.8457316000000001,1.8326055,1.8376540000000001,33112112.508665938,60870544.0
2026-08-18 10:05:00,1.8386637000000001,1.8517898000000002,1.8366443000000001,1.8507801000000002,34636307.814202234,63905890.0
2026-08-18 10:10:00,1.8517898000000002,1.8527995,1.8416928000000001,1.8447219000000001,16865702.683965534,31133104.0
2026-08-18 10:15:00,1.8427025000000001,1.8437122000000001,1.8386637000000001,1.8406831000000001,13676042.388828365,25167728.0
2026-08-18 10:20:00,1.8406831000000001,1.8427025000000001,1.8295764,1.8315958,30478062.790928,55894810.0
2026-08-18 10:25:00,1.8315958,1.8326055,1.8235182,1.8235182,34863816.97533921,63718756.0
2026-08-18 10:30:00,1.8235182,1.8315958,1.8235182,1.8295764,23124591.462810736,42254550.0
2026-08-18 10:35:00,1.8295764,1.8416928000000001,1.827557,1.8416928000000001,22278070.714073487,40841880.0
2026-08-18 10:40:00,1.8416928000000001,1.8437122000000001,1.8346249000000001,1.8346249000000001,22692780.03367337,41747270.0
2026-08-18 10:45:00,1.8336152000000001,1.8356346000000001,1.8305861,1.8315958,4548380.707140734,8338073.0
2026-08-18 10:50:00,1.8305861,1.8305861,1.8225085,1.8265473,22575913.63771417,41192816.0
2026-08-18 10:55:00,1.8265473,1.827557,1.8204891,1.8225085,10656432.603743685,19425652.0
2026-08-18 11:00:00,1.8235182,1.8235182,1.8184697,1.8204891,14741606.417747846,26839986.0
2026-08-18 11:05:00,1.8204891,1.8285667,1.8204891,1.8204891,14851441.022085767,27052788.0
2026-08-18 11:10:00,1.8204891,1.8204891,1.8124115,1.8134212,30496583.143507972,55422212.0
2026-08-18 11:15:00,1.8134212,1.8204891,1.8124115,1.8204891,10450133.703080123,18980304.0
2026-08-18 11:20:00,1.8204891,1.8265473,1.8164503,1.8265473,12332474.99257205,22459528.0
2026-08-18 11:25:00,1.8265473,1.8326055,1.8245279,1.8326055,8403882.341289492,15366801.0
2026-08-18 11:30:00,1.8326055,1.8396734000000001,1.8315958,1.8336152000000001,14632874.121026047,26854540.0
2026-08-18 13:05:00,1.8336152000000001,1.8366443000000001,1.8235182,1.8245279,11079924.730117856,20271548.0
2026-08-18 13:10:00,1.8235182,1.8295764,1.8225085,1.8255376,11524116.07408141,21050918.0
2026-08-18 13:15:00,1.8265473,1.8265473,1.8184697,1.8204891,8415469.941566803,15329116.0
2026-08-18 13:20:00,1.8184697,1.8285667,1.8184697,1.8285667,8300386.253342576,15147551.0
2026-08-18 13:25:00,1.8295764,1.8305861,1.8204891,1.8225085,10936515.796771318,19951330.0
2026-08-18 13:30:00,1.8214988,1.8265473,1.8204891,1.8225085,7361394.473606021,13417729.0
2026-08-18 13:35:00,1.8225085,1.8265473,1.81746,1.8265473,7660486.283054372,13947135.0
2026-08-18 13:40:00,1.8265473,1.8295764,1.8225085,1.827557,10008486.679211646,18268824.0
2026-08-18 13:45:00,1.8285667,1.8336152000000001,1.8235182,1.8315958,10633653.560463503,19455392.0
2026-08-18 13:50:00,1.8326055,1.8346249000000001,1.8265473,1.8336152000000001,6969991.086461325,12756814.0
2026-08-18 13:55:00,1.8326055,1.8416928000000001,1.8326055,1.8386637000000001,14400145.587798355,26464000.0
2026-08-18 14:00:00,1.8396734000000001,1.8457316000000001,1.8376540000000001,1.8376540000000001,12021832.227394275,22148848.0
2026-08-18 14:05:00,1.8386637000000001,1.8437122000000001,1.8346249000000001,1.8427025000000001,21264038.823412895,39075336.0
2026-08-18 14:10:00,1.8427025000000001,1.8427025000000001,1.8326055,1.8336152000000001,14377240.76458354,26414240.0
2026-08-18 14:15:00,1.8336152000000001,1.8376540000000001,1.8315958,1.8356346000000001,11257007.03179162,20650166.0
2026-08-18 14:20:00,1.8366443000000001,1.8366443000000001,1.8315958,1.8346249000000001,7296424.6805981975,13379531.0
2026-08-18 14:25:00,1.8356346000000001,1.8437122000000001,1.8346249000000001,1.8437122000000001,11557690.403090026,21274900.0
2026-08-18 14:30:00,1.8427025000000001,1.8477510000000001,1.8427025000000001,1.8467413000000001,22044547.885510545,40699160.0
2026-08-18 14:35:00,1.8467413000000001,1.8538092000000002,1.8447219000000001,1.8527995,44360938.89274041,82032370.0
2026-08-18 14:40:00,1.8527995,1.8558286000000002,1.8507801000000002,1.8538092000000002,31673891.254828166,58726370.0
2026-08-18 14:45:00,1.8538092000000002,1.8548189,1.8487607000000001,1.8548189,26045260.968604535,48236920.0
2026-08-18 14:50:00,1.8527995,1.8548189,1.8497704000000001,1.8497704000000001,42472041.20035654,78654024.0
2026-08-18 14:55:00,1.8507801000000002,1.8507801000000002,1.8477510000000001,1.8497704000000001,14382786.96642567,26590204.0
2026-08-18 15:00:00,1.8497704000000001,1.8507801000000002,1.8487607000000001,1.8497704000000001,9311478.657026839,17224228.0
2026-08-19 09:35:00,1.8103921,1.8124115,1.7942369,1.7962563,140471645.0430821,253006332.0
2026-08-19 09:40:00,1.7962563,1.807363,1.7932272,1.8023145,46972514.608299494,84585530.0
2026-08-19 09:45:00,1.8033242,1.8043339,1.7962563,1.7962563,44546895.11736159,80141010.0
2026-08-19 09:50:00,1.7962563,1.797266,1.787169,1.7932272,53862632.465088636,96507750.0
2026-08-19 09:55:00,1.7912078,1.7932272,1.7841399,1.787169,36062236.3078142,64477064.0
2026-08-19 10:00:00,1.7881787,1.7942369,1.7851496,1.7861593,27681659.898979895,49504308.0
2026-08-19 10:05:00,1.787169,1.7891884,1.7821205,1.7821205,24703026.641576704,44085184.0
2026-08-19 10:10:00,1.7821205,1.7831302,1.7740429,1.777072,43771088.442111515,77799360.0
2026-08-19 10:15:00,1.777072,1.777072,1.7629362000000002,1.7639459000000002,48750519.9564227,86239710.0
2026-08-19 10:20:00,1.7639459000000002,1.766975,1.7588974000000002,1.7609168000000002,39115776.96345449,68952300.0
2026-08-19 10:25:00,1.7609168000000002,1.7720235,1.7599071000000002,1.7689944,43786471.22907794,77376090.0
2026-08-19 10:30:00,1.7689944,1.7700041,1.7558683000000002,1.7558683000000002,41529761.31524215,73164740.0
2026-08-19 10:35:00,1.7558683000000002,1.7568780000000002,1.7477907000000001,1.7508198000000001,42872734.47558681,75099300.0
2026-08-19 10:40:00,1.7508198000000001,1.7538489000000002,1.7417325000000001,1.7447616000000001,46868856.095870055,81891230.0
2026-08-19 10:45:00,1.7447616000000001,1.7588974000000002,1.7447616000000001,1.7498101000000001,27800336.73368327,48717570.0
2026-08-19 10:50:00,1.7488004000000001,1.7649556000000002,1.7477907000000001,1.7649556000000002,20383282.16301872,35807770.0
2026-08-19 10:55:00,1.7649556000000002,1.7659653000000002,1.7538489000000002,1.7548586000000002,18982371.00128751,33432112.0
2026-08-19 11:00:00,1.7568780000000002,1.7629362000000002,1.7548586000000002,1.7548586000000002,11721635.139150241,20605700.0
2026-08-19 11:05:00,1.7548586000000002,1.7588974000000002,1.7508198000000001,1.7518295000000002,13989600.871546004,24544188.0
2026-08-19 11:10:00,1.7518295000000002,1.7518295000000002,1.7477907000000001,1.7508198000000001,20525106.467267506,35900810.0
2026-08-19 11:15:00,1.7498101000000001,1.7508198000000001,1.7447616000000001,1.7477907000000001,17183519.85738338,30023284.0
2026-08-19 11:20:00,1.7488004000000001,1.7528392000000002,1.7427422000000001,1.7447616000000001,23659601.861939188,41300560.0
2026-08-19 11:25:00,1.7447616000000001,1.7447616000000001,1.7397131000000001,1.7417325000000001,25858175.695751213,45047050.0
2026-08-19 11:30:00,1.7417325000000001,1.7437519000000001,1.7387034000000001,1.7407228000000001,20352282.856293947,35426920.0
2026-08-19 13:05:00,1.7407228000000001,1.7417325000000001,1.7306258,1.7316355,47074972.76418738,81707200.0
2026-08-19 13:10:00,1.7316355,1.7316355,1.7275967,1.7296161,20515499.653362382,35480616.0
2026-08-19 13:15:00,1.7296161,1.7316355,1.7215385,1.7225482,41710706.15034168,72004470.0
2026-08-19 13:20:00,1.7235579,1.7255773,1.7195191,1.7215385,38091908.4876696,65593690.0
2026-08-19 13:25:00,1.7215385,1.7447616000000001,1.7215385,1.7397131000000001,39531345.9443399,68591170.0
2026-08-19 13:30:00,1.7397131000000001,1.7447616000000001,1.7336549,1.7407228000000001,27273645.637318015,47421664.0
2026-08-19 13:35:00,1.7397131000000001,1.7508198000000001,1.7376937000000001,1.7427422000000001,18942260.077250667,33074892.0
2026-08-19 13:40:00,1.7427422000000001,1.7467810000000001,1.7346646000000001,1.7447616000000001,17872041.20035654,31107932.0
2026-08-19 13:45:00,1.7447616000000001,1.7488004000000001,1.7407228000000001,1.7427422000000001,20611932.25710607,35976284.0
2026-08-19 13:50:00,1.7437519000000001,1.7457713000000001,1.7387034000000001,1.7407228000000001,8557221.947113004,14906367.0
2026-08-19 13:55:00,1.7387034000000001,1.7417325000000001,1.7336549,1.7356743000000001,10379419.629592948,18027444.0
2026-08-19 14:00:00,1.7346646000000001,1.7346646000000001,1.7296161,1.7306258,15800039.615727443,27361934.0
2026-08-19 14:05:00,1.7296161,1.7326452,1.7286064,1.7306258,15731306.328612458,27224840.0
2026-08-19 14:10:00,1.7306258,1.7346646000000001,1.7275967,1.7275967,16159651.381598493,27977316.0
2026-08-19 14:15:00,1.7286064,1.7356743000000001,1.7275967,1.7336549,12940279.290878478,22409900.0
2026-08-19 14:20:00,1.7326452,1.7326452,1.7255773,1.7296161,28664850.94582549,49563376.0
2026-08-19 14:25:00,1.7306258,1.7306258,1.7255773,1.726587,13532930.573437653,23389724.0
2026-08-19 14:30:00,1.726587,1.7286064,1.7225482,1.7225482,22444884.61919382,38720040.0
2026-08-19 14:35:00,1.7235579,1.7235579,1.7185094,1.7215385,46878676.83470338,80666660.0
2026-08-19 14:40:00,1.7215385,1.7215385,1.7134609,1.7154803,54926007.72506685,94316450.0
2026-08-19 14:45:00,1.7185094,1.7185094,1.7094221,1.7114415,43467772.60572447,74459200.0
2026-08-19 14:50:00,1.7114415,1.7275967,1.7114415,1.7275967,55000198.07863722,94614510.0
2026-08-19 14:55:00,1.7275967,1.7326452,1.7235579,1.7235579,58226998.11825294,100627624.0
2026-08-19 15:00:00,1.7235579,1.7235579,1.7215385,1.7235579,26437240.76458354,45550464.0
2026-08-20 09:35:00,1.7366840000000001,1.7417325000000001,1.7225482,1.7296161,87998910.56749529,152443556.0
2026-08-20 09:40:00,1.7316355,1.7336549,1.7225482,1.7336549,62526096.8604536,108172790.0
2026-08-20 09:45:00,1.7336549,1.7498101000000001,1.7336549,1.7447616000000001,52569674.160641775,91672220.0
2026-08-20 09:50:00,1.7457713000000001,1.7508198000000001,1.7356743000000001,1.7376937000000001,38792908.78478756,67638056.0
2026-08-20 09:55:00,1.7387034000000001,1.7447616000000001,1.7356743000000001,1.7387034000000001,49102759.23541646,85463760.0
2026-08-20 10:00:00,1.7376937000000001,1.7467810000000001,1.7366840000000001,1.7457713000000001,33152421.51134,57753464.0
2026-08-20 10:05:00,1.7457713000000001,1.7477907000000001,1.7417325000000001,1.7427422000000001,33015093.592156086,57621064.0
2026-08-20 10:10:00,1.7427422000000001,1.7457713000000001,1.7387034000000001,1.7437519000000001,29331484.599385954,51103190.0
2026-08-20 10:15:00,1.7447616000000001,1.7457713000000001,1.7316355,1.7346646000000001,21818064.77171437,37914284.0
2026-08-20 10:20:00,1.7346646000000001,1.7356743000000001,1.7225482,1.7235579,21575418.441121124,37305770.0
2026-08-20 10:25:00,1.7235579,1.726587,1.71649,1.7235579,25147073.388135087,43291944.0
2026-08-20 10:30:00,1.7225482,1.7296161,1.7174997,1.7255773,16069327.523026641,27696848.0
2026-08-20 10:35:00,1.7245676,1.726587,1.7195191,1.7195191,17779340.39813806,30621190.0
2026-08-20 10:40:00,1.7195191,1.7255773,1.7185094,1.7225482,11631672.774091315,20020500.0
2026-08-20 10:45:00,1.7225482,1.7255773,1.7185094,1.7255773,10100425.86907002,17391526.0
2026-08-20 10:50:00,1.7255773,1.7316355,1.7245676,1.7286064,13930436.763395067,24071606.0
2026-08-20 10:55:00,1.7286064,1.7326452,1.7275967,1.7306258,10853124.69050213,18779286.0
2026-08-20 11:00:00,1.7306258,1.7326452,1.7235579,1.7255773,9885708.62632465,17088156.0
2026-08-20 11:05:00,1.7255773,1.7286064,1.7195191,1.7195191,14596315.737347726,25161996.0
2026-08-20 11:10:00,1.7195191,1.7225482,1.7185094,1.7195191,20789046.25136179,35746090.0
2026-08-20 11:15:00,1.7205288,1.7215385,1.7174997,1.7174997,11172624.541943152,19214568.0
2026-08-20 11:20:00,1.7185094,1.7195191,1.71649,1.7185094,18319100.722987026,31453140.0
2026-08-20 11:25:00,1.7195191,1.7235579,1.7174997,1.7185094,11932059.02743389,20525778.0
2026-08-20 11:30:00,1.7174997,1.7225482,1.7174997,1.7225482,3272457.1654947014,5630638.0
2026-08-20 13:05:00,1.7225482,1.726587,1.7205288,1.7215385,12463008.814499356,21481132.0
2026-08-20 13:10:00,1.7205288,1.7225482,1.7154803,1.71649,16481270.674457759,28319708.0
2026-08-20 13:15:00,1.71649,1.7185094,1.7124512,1.7134609,10902770.129741507,18697656.0
2026-08-20 13:20:00,1.7124512,1.71649,1.7114415,1.7154803,8500544.716252351,14565073.0
2026-08-20 13:25:00,1.7154803,1.7225482,1.7134609,1.7154803,17980786.37218976,30879486.0
2026-08-20 13:30:00,1.7174997,1.7174997,1.7124512,1.7134609,6155491.730216896,10557370.0
2026-08-20 13:35:00,1.7134609,1.7134609,1.7084124,1.7084124,14481033.970486283,24778194.0
2026-08-20 13:40:00,1.7084124,1.7094221,1.7013445,1.7043736,32301376.64652867,55058590.0
2026-08-20 13:45:00,1.7043736,1.7134609,1.7033639,1.7104318,19161136.971377637,32752412.0
2026-08-20 13:50:00,1.7094221,1.7124512,1.7074027,1.7104318,20196295.929484006,34528090.0
2026-08-20 13:55:00,1.7094221,1.7104318,1.7033639,1.7043736,8435971.080518967,14398212.0
2026-08-20 14:00:00,1.7033639,1.7053833,1.7003348,1.7013445,18383975.438248985,31303008.0
2026-08-20 14:05:00,1.7003348,1.7023542,1.6942766,1.6973057,31599033.37625037,53633696.0
2026-08-20 14:10:00,1.6983154,1.7033639,1.696296,1.6983154,20354842.032286815,34592344.0
2026-08-20 14:15:00,1.6983154,1.706393,1.6983154,1.6993251,16439323.561453896,27985908.0
2026-08-20 14:20:00,1.6983154,1.7013445,1.696296,1.6983154,19674877.686441515,33399824.0
2026-08-20 14:25:00,1.696296,1.6973057,1.6932669,1.6942766,18613429.731603447,31547434.0
2026-08-20 14:30:00,1.6942766,1.696296,1.6922572,1.6952863,22210434.782608695,37622190.0
2026-08-20 14:35:00,1.696296,1.7023542,1.696296,1.7013445,22344446.865405563,37956628.0
2026-08-20 14:40:00,1.7013445,1.7023542,1.6952863,1.7013445,19186609.884123996,32586980.0
2026-08-20 14:45:00,1.7023542,1.7074027,1.7013445,1.7043736,21000623.94770724,35801660.0
2026-08-20 14:50:00,1.7053833,1.7094221,1.7043736,1.7074027,12969099.73259384,22139350.0
2026-08-20 14:55:00,1.7074027,1.7084124,1.706393,1.706393,26903733.782311577,45942270.0
2026-08-20 15:00:00,1.7074027,1.7084124,1.706393,1.7084124,12070160.443696147,20616228.0
2026-08-21 09:35:00,1.7043736,1.7084124,1.6993251,1.7033639,53161002.277904324,90583103.0
2026-08-21 09:40:00,1.7033639,1.7094221,1.696296,1.7003348,31954105.179756362,54369776.0
2026-08-21 09:45:00,1.7013445,1.7144706,1.6942766,1.7134609,39785678.91452906,67791190.0
2026-08-21 09:50:00,1.7144706,1.7185094,1.7114415,1.7154803,34095061.89957413,58468024.0
2026-08-21 09:55:00,1.7154803,1.7225482,1.7144706,1.7205288,33525898.78181638,57641130.0
2026-08-21 10:00:00,1.7215385,1.7245676,1.7154803,1.7235579,28176884.223036543,48438824.0
2026-08-21 10:05:00,1.7225482,1.7286064,1.7185094,1.7275967,26503020.699217588,45694950.0
2026-08-21 10:10:00,1.726587,1.7316355,1.726587,1.7275967,21016935.72348222,36330904.0
2026-08-21 10:15:00,1.7275967,1.7275967,1.7215385,1.7245676,17472021.39249282,30134234.0
2026-08-21 10:20:00,1.7245676,1.7286064,1.7174997,1.7185094,18957512.13231653,32679192.0
2026-08-21 10:25:00,1.7185094,1.7215385,1.7134609,1.7154803,15067742.89392889,25864332.0
2026-08-21 10:30:00,1.7154803,1.7235579,1.7114415,1.71649,12885312.469050212,22130220.0
2026-08-21 10:35:00,1.7144706,1.71649,1.7084124,1.7094221,14162545.310488263,24254514.0
2026-08-21 10:40:00,1.7104318,1.7124512,1.7074027,1.7094221,10234299.296820838,17498268.0
2026-08-21 10:45:00,1.7094221,1.7144706,1.7033639,1.7124512,27913011.785678912,47682350.0
2026-08-21 10:50:00,1.7124512,1.7154803,1.7104318,1.7114415,16926055.263939783,28989288.0
2026-08-21 10:55:00,1.7114415,1.7205288,1.7114415,1.7174997,18324991.581657916,31454644.0
2026-08-21 11:00:00,1.7174997,1.7215385,1.71649,1.7174997,14164919.282955334,24346808.0
2026-08-21 11:05:00,1.71649,1.7185094,1.7124512,1.7134609,16077532.930573437,27575032.0
2026-08-21 11:10:00,1.7124512,1.7134609,1.7084124,1.7084124,10083381.202337328,17245836.0
2026-08-21 11:15:00,1.7074027,1.7094221,1.7053833,1.7074027,10072865.207487373,17189582.0
2026-08-21 11:20:00,1.7074027,1.7124512,1.706393,1.706393,25753851.639100723,44010856.0
2026-08-21 11:25:00,1.706393,1.7094221,1.7033639,1.7094221,13703765.474893533,23375628.0
2026-08-21 11:30:00,1.7074027,1.7114415,1.7074027,1.7084124,8394744.973754581,14343592.0
2026-08-21 13:05:00,1.7074027,1.7094221,1.7023542,1.7043736,15819060.116866395,26976456.0
2026-08-21 13:10:00,1.7043736,1.7084124,1.7003348,1.7023542,15466848.568881845,26344550.0
2026-08-21 13:15:00,1.7023542,1.7053833,1.7013445,1.7033639,18343317.817173418,31239820.0
2026-08-21 13:20:00,1.7033639,1.706393,1.7013445,1.706393,10342382.886005744,17626208.0
2026-08-21 13:25:00,1.7074027,1.7084124,1.7033639,1.7074027,14161434.089333465,24160960.0
2026-08-21 13:30:00,1.706393,1.7094221,1.7043736,1.7053833,9202337.327919183,15710078.0
2026-08-21 13:35:00,1.7053833,1.7053833,1.7003348,1.7013445,14759631.573734771,25123244.0
2026-08-21 13:40:00,1.7003348,1.7043736,1.6993251,1.6993251,16044963.850648707,27287666.0
2026-08-21 13:45:00,1.6993251,1.7003348,1.6973057,1.6993251,10668515.400614044,18126028.0
2026-08-21 13:50:00,1.6983154,1.7013445,1.6973057,1.7013445,5972417.549767258,10146451.0
2026-08-21 13:55:00,1.6993251,1.7003348,1.6973057,1.6973057,8364860.849757354,14212330.0
2026-08-21 14:00:00,1.6983154,1.7013445,1.6973057,1.6983154,8073604.040804199,13720641.0
2026-08-21 14:05:00,1.6983154,1.6993251,1.696296,1.696296,14590571.456868377,24756086.0
2026-08-21 14:10:00,1.696296,1.7003348,1.696296,1.7003348,6162919.679112608,10464128.0
2026-08-21 14:15:00,1.7003348,1.706393,1.7003348,1.7053833,10225367.931068635,17413242.0
2026-08-21 14:20:00,1.7053833,1.7084124,1.7023542,1.706393,13860255.521442011,23642724.0
2026-08-21 14:25:00,1.706393,1.7104318,1.706393,1.7104318,15056254.332970189,25720050.0
2026-08-21 14:30:00,1.7094221,1.7134609,1.7094221,1.7114415,10581657.918193523,18112148.0
2026-08-21 14:35:00,1.7114415,1.7154803,1.7104318,1.7124512,14236803.010795286,24388692.0
2026-08-21 14:40:00,1.7124512,1.7134609,1.7094221,1.7094221,8385163.910072299,14347913.0
2026-08-21 14:45:00,1.7094221,1.7104318,1.7074027,1.7094221,12224679.607804298,20891558.0
2026-08-21 14:50:00,1.7094221,1.7094221,1.706393,1.7084124,11537486.38209369,19698580.0
2026-08-21 14:55:00,1.7084124,1.7094221,1.7074027,1.7084124,16026146.380112905,27380510.0
2026-08-21 15:00:00,1.7084124,1.7084124,1.7074027,1.7084124,11880657.621075567,20294452.0
2026-08-24 09:35:00,1.7094221,1.7094221,1.6942766,1.7023542,45846390.01683668,78002534.0
2026-08-24 09:40:00,1.7033639,1.7074027,1.6841796,1.686199,46468604.53600079,78719960.0
2026-08-24 09:45:00,1.686199,1.6912475,1.676102,1.6771117000000002,66603010.795285724,112069976.0
2026-08-24 09:50:00,1.676102,1.6902378,1.6750923000000002,1.6811505000000002,47621669.80291175,80122640.0
2026-08-24 09:55:00,1.6821602,1.6902378,1.6750923000000002,1.6750923000000002,38659839.55630385,65036130.0
2026-08-24 10:00:00,1.6750923000000002,1.6801408,1.6700438,1.6710535000000002,27149695.949291866,45488630.0
2026-08-24 10:05:00,1.6700438,1.6791311000000002,1.6670147000000002,1.6740826,25238692.680994354,42222100.0
2026-08-24 10:10:00,1.6740826,1.6851893,1.6730729000000002,1.6851893,21425783.896206792,36007984.0
2026-08-24 10:15:00,1.6851893,1.686199,1.6781214,1.6801408,24381499.455283746,41006500.0
2026-08-24 10:20:00,1.6791311000000002,1.6791311000000002,1.6720632,1.6730729000000002,20532534.416163217,34377988.0
2026-08-24 10:25:00,1.6730729000000002,1.676102,1.6720632,1.6750923000000002,16575940.378330197,27739084.0
2026-08-24 10:30:00,1.6750923000000002,1.6791311000000002,1.6680244,1.6690341000000002,24092585.916608892,40316588.0
2026-08-24 10:35:00,1.6680244,1.6730729000000002,1.6680244,1.6690341000000002,13942604.73407943,23286372.0
2026-08-24 10:40:00,1.6690341000000002,1.6710535000000002,1.666005,1.6670147000000002,18491484.599385954,30841650.0
2026-08-24 10:45:00,1.6670147000000002,1.6690341000000002,1.6589371000000002,1.6599468,35414974.74497376,58935190.0
2026-08-24 10:50:00,1.6599468,1.6649953000000002,1.6579274,1.6609565000000002,21005942.35911657,34877468.0
2026-08-24 10:55:00,1.6609565000000002,1.6609565000000002,1.6548983000000002,1.6548983000000002,23087946.914925225,38274692.0
2026-08-24 11:00:00,1.6548983000000002,1.655908,1.6518692,1.6518692,17526096.8604536,28976312.0
2026-08-24 11:05:00,1.6528789000000002,1.6528789000000002,1.645811,1.6468207000000001,25918359.908883825,42721280.0
2026-08-24 11:10:00,1.6468207000000001,1.6518692,1.6437916,1.6508595000000001,21204120.035654154,34925256.0
2026-08-24 11:15:00,1.6508595000000001,1.6528789000000002,1.6468207000000001,1.6518692,16900465.484797463,27883084.0
2026-08-24 11:20:00,1.6518692,1.6599468,1.6508595000000001,1.6579274,12982668.119243339,21488432.0
2026-08-24 11:25:00,1.6589371000000002,1.6589371000000002,1.6488401000000001,1.6508595000000001,11184590.47241755,18493452.0
2026-08-24 11:30:00,1.6508595000000001,1.6548983000000002,1.6488401000000001,1.6538886,10630535.802713677,17556148.0
2026-08-24 13:05:00,1.6538886,1.6548983000000002,1.6448013000000001,1.6448013000000001,15779914.826185996,26013626.0
2026-08-24 13:10:00,1.645811,1.655908,1.6448013000000001,1.6528789000000002,9937704.268594632,16413143.0
2026-08-24 13:15:00,1.6528789000000002,1.6528789000000002,1.645811,1.6468207000000001,12422501.733188076,20475800.0
2026-08-24 13:20:00,1.645811,1.6468207000000001,1.6427819000000001,1.6448013000000001,23282361.09735565,38286176.0
2026-08-24 13:25:00,1.6437916,1.6488401000000001,1.6417722,1.6488401000000001,11283351.490541745,18553448.0
2026-08-24 13:30:00,1.6488401000000001,1.6488401000000001,1.6427819000000001,1.6427819000000001,12456868.376745567,20480360.0
2026-08-24 13:35:00,1.6427819000000001,1.645811,1.6387431000000001,1.6397528000000001,25792611.66683173,42329370.0
2026-08-24 13:40:00,1.6387431000000001,1.6387431000000001,1.6347043,1.6367237000000001,28354263.64266614,46393580.0
2026-08-24 13:45:00,1.6367237000000001,1.6407625000000001,1.6357140000000001,1.6377334000000001,12417153.609983163,20330872.0
2026-08-24 13:50:00,1.6377334000000001,1.6377334000000001,1.6316752,1.6326849,22650292.1659899,37015664.0
2026-08-24 13:55:00,1.6326849,1.6326849,1.6276364,1.6306655,21501138.95216401,35053736.0
2026-08-24 14:00:00,1.6306655,1.6387431000000001,1.6306655,1.6336946,20264038.823412895,33119352.0
2026-08-24 14:05:00,1.6336946,1.6387431000000001,1.6296558,1.6387431000000001,13631276.616816876,22266940.0
2026-08-24 14:10:00,1.6387431000000001,1.6448013000000001,1.6357140000000001,1.6448013000000001,13969594.929186886,22897376.0
2026-08-24 14:15:00,1.6448013000000001,1.6488401000000001,1.6427819000000001,1.6448013000000001,18208675.84431019,29962380.0
2026-08-24 14:20:00,1.6448013000000001,1.6468207000000001,1.6397528000000001,1.6437916,11903931.860948795,19563324.0
2026-08-24 14:25:00,1.6417722,1.6508595000000001,1.6417722,1.6498498,15369515.697732,25313376.0
2026-08-24 14:30:00,1.6498498,1.6518692,1.6448013000000001,1.6468207000000001,11125185.698722392,18350064.0
2026-08-24 14:35:00,1.645811,1.6468207000000001,1.6397528000000001,1.6417722,15616915.9156185,25663958.0
2026-08-24 14:40:00,1.6417722,1.6478304,1.6417722,1.6468207000000001,10415668.02020402,17138316.0
2026-08-24 14:45:00,1.6468207000000001,1.6498498,1.6437916,1.645811,15315143.11181539,25206760.0
2026-08-24 14:50:00,1.6468207000000001,1.6548983000000002,1.6468207000000001,1.6548983000000002,29879172.031296425,49321784.0
2026-08-24 14:55:00,1.655908,1.6599468,1.655908,1.655908,46041576.705952264,76331360.0
2026-08-24 15:00:00,1.655908,1.6579274,1.655908,1.6569177000000002,15040209.963355452,24916504.0
2026-08-25 09:35:00,1.6296558,1.6468207000000001,1.6266267,1.6448013000000001,62553203.921957016,102273773.0
2026-08-25 09:40:00,1.6448013000000001,1.6448013000000001,1.6306655,1.6357140000000001,37077052.58987818,60692240.0
2026-08-25 09:45:00,1.6336946,1.6347043,1.625617,1.6296558,53185599.68307418,86671930.0
2026-08-25 09:50:00,1.6286461,1.6286461,1.6175394,1.6225879,48776270.17926116,79151030.0
2026-08-25 09:55:00,1.6215782,1.6427819000000001,1.6205685,1.6417722,46404476.57720115,75707520.0
2026-08-25 10:00:00,1.6417722,1.6518692,1.6407625000000001,1.6448013000000001,36904328.01822323,60754944.0
2026-08-25 10:05:00,1.6448013000000001,1.6548983000000002,1.6387431000000001,1.6538886,32690375.35901753,53787292.0
2026-08-25 10:10:00,1.6528789000000002,1.6569177000000002,1.6518692,1.6548983000000002,24277805.288699612,40178292.0
2026-08-25 10:15:00,1.6548983000000002,1.6548983000000002,1.6488401000000001,1.6518692,11317151.629196791,18696216.0
2026-08-25 10:20:00,1.6518692,1.6639856,1.6518692,1.6579274,26749232.445280775,44398616.0
2026-08-25 10:25:00,1.6579274,1.6619662,1.655908,1.6609565000000002,20386847.57848866,33838560.0
2026-08-25 10:30:00,1.6599468,1.6599468,1.6488401000000001,1.6488401000000001,8909874.220065366,14720212.0
2026-08-25 10:35:00,1.6488401000000001,1.6508595000000001,1.6437916,1.6437916,13205506.586114688,21751744.0
2026-08-25 10:40:00,1.6448013000000001,1.6478304,1.6397528000000001,1.6448013000000001,11182628.503515895,18378972.0
2026-08-25 10:45:00,1.6448013000000001,1.6478304,1.6387431000000001,1.6417722,6723185.104486481,11044186.0
2026-08-25 10:50:00,1.6417722,1.6448013000000001,1.6397528000000001,1.6407625000000001,7556700.009903932,12402789.0
2026-08-25 10:55:00,1.6407625000000001,1.6448013000000001,1.6397528000000001,1.6417722,10778344.06259285,17695148.0
2026-08-25 11:00:00,1.6417722,1.6427819000000001,1.6377334000000001,1.6377334000000001,9660196.097850846,15835316.0
2026-08-25 11:05:00,1.6377334000000001,1.6417722,1.6347043,1.6407625000000001,8294245.815588788,13580800.0
2026-08-25 11:10:00,1.6407625000000001,1.6407625000000001,1.6357140000000001,1.6397528000000001,5243735.763097949,8591464.0
2026-08-25 11:15:00,1.6397528000000001,1.6448013000000001,1.6387431000000001,1.6417722,6901554.917302169,11328414.0
2026-08-25 11:20:00,1.6427819000000001,1.6437916,1.6367237000000001,1.6367237000000001,7020402.099633554,11514174.0
2026-08-25 11:25:00,1.6377334000000001,1.6437916,1.6357140000000001,1.6427819000000001,7672476.9733584225,12568738.0
2026-08-25 11:30:00,1.6437916,1.6468207000000001,1.6407625000000001,1.645811,7646528.671882737,12563743.0
2026-08-25 13:05:00,1.6468207000000001,1.6629759000000002,1.6468207000000001,1.6619662,24620477.3695157,40816936.0
2026-08-25 13:10:00,1.6619662,1.6700438,1.6589371000000002,1.6700438,26366247.400217887,43915820.0
2026-08-25 13:15:00,1.6700438,1.6740826,1.666005,1.6740826,24936713.875408538,41637416.0
2026-08-25 13:20:00,1.6740826,1.6771117000000002,1.666005,1.6690341000000002,25550163.414875705,42718620.0
2026-08-25 13:25:00,1.6700438,1.6710535000000002,1.666005,1.6700438,9329206.695057938,15572294.0
2026-08-25 13:30:00,1.6700438,1.6720632,1.6639856,1.6639856,8616162.226403883,14383882.0
2026-08-25 13:35:00,1.6649953000000002,1.666005,1.6619662,1.6629759000000002,8520649.697930077,14179081.0
2026-08-25 13:40:00,1.6639856,1.666005,1.6629759000000002,1.6629759000000002,5649995.048034069,9403312.0
2026-08-25 13:45:00,1.6619662,1.6629759000000002,1.6579274,1.6579274,4634742.992968208,7693151.0
2026-08-25 13:50:00,1.6589371000000002,1.6609565000000002,1.6538886,1.6569177000000002,12105972.070912153,20060156.0
2026-08-25 13:55:00,1.655908,1.6579274,1.6538886,1.655908,6151233.039516688,10182783.0
2026-08-25 14:00:00,1.655908,1.6579274,1.6548983000000002,1.6548983000000002,5596513.815984946,9270612.0
2026-08-25 14:05:00,1.6548983000000002,1.6609565000000002,1.6548983000000002,1.6609565000000002,6092205.605625433,10105523.0
2026-08-25 14:10:00,1.6619662,1.6619662,1.6589371000000002,1.6599468,4778845.201545013,7933909.0
2026-08-25 14:15:00,1.6589371000000002,1.6599468,1.655908,1.6579274,3865405.566009706,6405511.0
2026-08-25 14:20:00,1.6569177000000002,1.6599468,1.655908,1.6589371000000002,6612346.241457858,10958825.0
2026-08-25 14:25:00,1.6589371000000002,1.6629759000000002,1.6579274,1.6609565000000002,15093773.39803902,25064562.0
2026-08-25 14:30:00,1.6599468,1.6609565000000002,1.6579274,1.6589371000000002,18863834.80241656,31287020.0
2026-08-25 14:35:00,1.6589371000000002,1.666005,1.6589371000000002,1.6649953000000002,22559235.416460335,37502224.0
2026-08-25 14:40:00,1.666005,1.666005,1.6599468,1.6609565000000002,16651139.942557195,27668832.0
2026-08-25 14:45:00,1.6599468,1.6619662,1.6589371000000002,1.6589371000000002,17829787.06546499,29607992.0
2026-08-25 14:50:00,1.6589371000000002,1.6599468,1.6569177000000002,1.6569177000000002,7988214.321085471,13250207.0
2026-08-25 14:55:00,1.6569177000000002,1.6579274,1.655908,1.6569177000000002,13113141.527186293,21727268.0
2026-08-25 15:00:00,1.6569177000000002,1.6589371000000002,1.6569177000000002,1.6589371000000002,9668959.096761415,16032325.0
2026-08-26 09:35:00,1.6599468,1.6690341000000002,1.6538886,1.6670147000000002,55902588.88778845,92865390.0
2026-08-26 09:40:00,1.6680244,1.6700438,1.6579274,1.6639856,30907299.197781518,51449284.0
2026-08-26 09:45:00,1.6639856,1.6639856,1.655908,1.6589371000000002,34829652.37199168,57794176.0
2026-08-26 09:50:00,1.6599468,1.6720632,1.6599468,1.6700438,39772407.64583539,66303890.0
2026-08-26 09:55:00,1.6700438,1.6700438,1.6639856,1.666005,19219609.785084676,32030136.0
2026-08-26 10:00:00,1.6649953000000002,1.6680244,1.6589371000000002,1.6589371000000002,22448549.07398237,37342316.0
2026-08-26 10:05:00,1.6589371000000002,1.6589371000000002,1.6518692,1.6579274,23758740.219867285,39339784.0
2026-08-26 10:10:00,1.6579274,1.6619662,1.6569177000000002,1.6579274,26350995.345152024,43714440.0
2026-08-26 10:15:00,1.6569177000000002,1.6649953000000002,1.6548983000000002,1.6639856,23394077.44874715,38834776.0
2026-08-26 10:20:00,1.6639856,1.6670147000000002,1.6619662,1.6649953000000002,19524545.904724173,32504772.0
2026-08-26 10:25:00,1.6649953000000002,1.6670147000000002,1.6639856,1.6639856,12468753.094978707,20765740.0
2026-08-26 10:30:00,1.6629759000000002,1.666005,1.6629759000000002,1.6649953000000002,9245617.51015153,15385438.0
2026-08-26 10:35:00,1.6649953000000002,1.676102,1.6639856,1.6750923000000002,40066716.8465881,66946990.0
2026-08-26 10:40:00,1.6750923000000002,1.6902378,1.6740826,1.686199,44974800.435773,75588650.0
2026-08-26 10:45:00,1.6872087,1.6952863,1.6872087,1.6912475,50019896.99910864,84649220.0
2026-08-26 10:50:00,1.6902378,1.6932669,1.6872087,1.6922572,24860271.36773299,42024720.0
2026-08-26 10:55:00,1.6932669,1.696296,1.686199,1.686199,34415568.98088541,58200616.0
2026-08-26 11:00:00,1.686199,1.6892281,1.6831699,1.686199,15597207.091215212,26295166.0
2026-08-26 11:05:00,1.686199,1.686199,1.6791311000000002,1.6831699,8744082.400713082,14712478.0
2026-08-26 11:10:00,1.6841796,1.6882184,1.6841796,1.6872087,16583479.25126275,27970650.0
2026-08-26 11:15:00,1.6872087,1.6922572,1.6872087,1.6902378,11608261.859958403,19618012.0
2026-08-26 11:20:00,1.6902378,1.6942766,1.686199,1.6942766,19038328.21630187,32201336.0
2026-08-26 11:25:00,1.6952863,1.6973057,1.6912475,1.6942766,21447063.484203227,36359630.0
2026-08-26 11:30:00,1.6952863,1.6983154,1.6932669,1.6932669,12631078.538179656,21433996.0
2026-08-26 13:05:00,1.6932669,1.6973057,1.6902378,1.6922572,11396351.391502425,19306064.0
2026-08-26 13:10:00,1.6922572,1.6942766,1.6872087,1.6892281,7517819.154204219,12706952.0
2026-08-26 13:15:00,1.6892281,1.6902378,1.6841796,1.6851893,15817866.69307715,26671480.0
2026-08-26 13:20:00,1.6851893,1.6892281,1.6841796,1.6841796,7998019.21362781,13487622.0
2026-08-26 13:25:00,1.6851893,1.6872087,1.6821602,1.6841796,10661651.975834405,17949850.0
2026-08-26 13:30:00,1.6841796,1.686199,1.6841796,1.6851893,4442408.636228583,7484813.0
2026-08-26 13:35:00,1.6841796,1.6902378,1.6841796,1.6841796,10383282.163018718,17513244.0
2026-08-26 13:40:00,1.6841796,1.6851893,1.6811505000000002,1.6821602,8174921.263741706,13753303.0
2026-08-26 13:45:00,1.6831699,1.6841796,1.6811505000000002,1.6831699,9420306.031494504,15846449.0
2026-08-26 13:50:00,1.6841796,1.6872087,1.6831699,1.686199,4939288.897692383,8326653.0
2026-08-26 13:55:00,1.6872087,1.6882184,1.6851893,1.686199,12634692.482915716,21315516.0
2026-08-26 14:00:00,1.686199,1.6892281,1.6831699,1.6831699,13853718.926413786,23379190.0
2026-08-26 14:05:00,1.6851893,1.6851893,1.6821602,1.6831699,5618005.348123205,9458715.0
2026-08-26 14:10:00,1.6831699,1.6841796,1.6771117000000002,1.6771117000000002,13595721.50143607,22847286.0
2026-08-26 14:15:00,1.6791311000000002,1.686199,1.6781214,1.6851893,15982668.119243339,26869484.0
2026-08-26 14:20:00,1.6851893,1.6872087,1.6821602,1.6831699,12810537.78350005,21577436.0
2026-08-26 14:25:00,1.6841796,1.6851893,1.6821602,1.6831699,11250074.279488957,18944716.0
2026-08-26 14:30:00,1.6841796,1.6892281,1.6831699,1.686199,13323145.488759037,22469938.0
2026-08-26 14:35:00,1.6882184,1.6912475,1.6872087,1.6892281,18188194.51322175,30735192.0
2026-08-26 14:40:00,1.6882184,1.6882184,1.6851893,1.6872087,13257304.14974745,22366652.0
2026-08-26 14:45:00,1.6872087,1.6882184,1.6851893,1.686199,12052310.58730316,20334536.0
2026-08-26 14:50:00,1.6872087,1.6872087,1.6851893,1.6851893,10947311.082499752,18455872.0
2026-08-26 14:55:00,1.686199,1.6872087,1.6851893,1.6872087,14665445.18173715,24728642.0
2026-08-26 15:00:00,1.6872087,1.6882184,1.686199,1.6872087,14133234.624145785,23842508.0
2026-08-27 09:35:00,1.6952863,1.7134609,1.6942766,1.706393,58150814.10319897,99207267.0
2026-08-27 09:40:00,1.706393,1.706393,1.6973057,1.7013445,35065068.832326435,59661564.0
2026-08-27 09:45:00,1.7013445,1.7013445,1.6902378,1.6993251,59919282.95533326,101595010.0
2026-08-27 09:50:00,1.7023542,1.7074027,1.6973057,1.7074027,58384074.47756759,99443740.0
2026-08-27 09:55:00,1.7074027,1.7104318,1.706393,1.7074027,27279488.957115974,46606476.0
2026-08-27 10:00:00,1.7074027,1.7114415,1.7043736,1.7043736,22283125.680895314,38094400.0
2026-08-27 10:05:00,1.7043736,1.7154803,1.7043736,1.7114415,40256482.12340299,68913336.0
2026-08-27 10:10:00,1.7114415,1.7154803,1.7094221,1.7144706,20735862.137268495,35509516.0
2026-08-27 10:15:00,1.7144706,1.7215385,1.7134609,1.7205288,29097256.610874515,49968670.0
2026-08-27 10:20:00,1.7205288,1.7225482,1.71649,1.7174997,19413092.997920174,33401524.0
2026-08-27 10:25:00,1.7174997,1.7205288,1.7124512,1.7134609,14855600.673467366,25492762.0
2026-08-27 10:30:00,1.7134609,1.7185094,1.7134609,1.7154803,12642181.836188966,21690044.0
2026-08-27 10:35:00,1.71649,1.7195191,1.7124512,1.7195191,13396225.611567792,22983682.0
2026-08-27 10:40:00,1.7185094,1.726587,1.7185094,1.7255773,33035945.330296125,56898480.0
2026-08-27 10:45:00,1.726587,1.7296161,1.7225482,1.7286064,24334950.97553729,42006908.0
2026-08-27 10:50:00,1.7286064,1.7336549,1.726587,1.7326452,20592750.321877785,35633228.0
2026-08-27 10:55:00,1.7336549,1.7366840000000001,1.7326452,1.7336549,24816210.75567,43057936.0
2026-08-27 11:00:00,1.7346646000000001,1.7376937000000001,1.7326452,1.7346646000000001,23399128.453996237,40606760.0
2026-08-27 11:05:00,1.7336549,1.7346646000000001,1.7296161,1.7316355,23826879.271070614,41293080.0
2026-08-27 11:10:00,1.7336549,1.7387034000000001,1.7306258,1.7306258,56446603.941764876,98044090.0
2026-08-27 11:15:00,1.7306258,1.7376937000000001,1.7296161,1.7376937000000001,10974546.895117361,19020236.0
2026-08-27 11:20:00,1.7366840000000001,1.7407228000000001,1.7356743000000001,1.7397131000000001,17148757.05655145,29806524.0
2026-08-27 11:25:00,1.7397131000000001,1.7437519000000001,1.7387034000000001,1.7437519000000001,20830076.260275327,36268970.0
2026-08-27 11:30:00,1.7437519000000001,1.7467810000000001,1.7417325000000001,1.7427422000000001,17571654.947013963,30644456.0
2026-08-27 13:05:00,1.7417325000000001,1.7437519000000001,1.7376937000000001,1.7376937000000001,28239090.819055162,49163200.0
2026-08-27 13:10:00,1.7376937000000001,1.7417325000000001,1.7366840000000001,1.7376937000000001,8187283.351490541,14239060.0
2026-08-27 13:15:00,1.7376937000000001,1.7397131000000001,1.7326452,1.7376937000000001,11900149.5493711,20663162.0
2026-08-27 13:20:00,1.7376937000000001,1.7387034000000001,1.7296161,1.7296161,9441932.257106071,16362159.0
2026-08-27 13:25:00,1.7296161,1.7326452,1.7275967,1.7326452,10588689.709814796,18320452.0
2026-08-27 13:30:00,1.7336549,1.7346646000000001,1.7275967,1.7286064,7769238.387639892,13452208.0
2026-08-27 13:35:00,1.7296161,1.7306258,1.7255773,1.7286064,13637417.054570664,23563192.0
2026-08-27 13:40:00,1.7286064,1.7316355,1.7255773,1.7296161,7891452.906804001,13642565.0
2026-08-27 13:45:00,1.7286064,1.7326452,1.726587,1.7326452,7983262.355154996,13807867.0
2026-08-27 13:50:00,1.7336549,1.7366840000000001,1.7336549,1.7366840000000001,8976725.76012677,15580747.0
2026-08-27 13:55:00,1.7366840000000001,1.7376937000000001,1.7296161,1.7326452,5449638.506487075,9442867.0
2026-08-27 14:00:00,1.7326452,1.7336549,1.7286064,1.7316355,3989105.6749529564,6906750.0
2026-08-27 14:05:00,1.7326452,1.7356743000000001,1.7306258,1.7346646000000001,6101218.183618897,10574493.0
2026-08-27 14:10:00,1.7346646000000001,1.7366840000000001,1.7336549,1.7336549,4365554.12498762,7576849.0
2026-08-27 14:15:00,1.7336549,1.7356743000000001,1.7326452,1.7356743000000001,3793622.858274735,6577816.0
2026-08-27 14:20:00,1.7356743000000001,1.7376937000000001,1.7346646000000001,1.7366840000000001,7593938.793701099,13187347.0
2026-08-27 14:25:00,1.7366840000000001,1.7397131000000001,1.7356743000000001,1.7387034000000001,8533722.88798653,14832204.0
2026-08-27 14:30:00,1.7397131000000001,1.7437519000000001,1.7376937000000001,1.7437519000000001,20960384.272556204,36505096.0
2026-08-27 14:35:00,1.7437519000000001,1.7457713000000001,1.7427422000000001,1.7457713000000001,18209812.815687828,31766206.0
2026-08-27 14:40:00,1.7457713000000001,1.7477907000000001,1.7437519000000001,1.7467810000000001,33982390.80915123,59344856.0
2026-08-27 14:45:00,1.7457713000000001,1.7508198000000001,1.7457713000000001,1.7508198000000001,21175529.365157966,37015600.0
2026-08-27 14:50:00,1.7498101000000001,1.7538489000000002,1.7498101000000001,1.7508198000000001,34180697.23680301,59861376.0
2026-08-27 14:55:00,1.7508198000000001,1.7508198000000001,1.7477907000000001,1.7498101000000001,20196404.872734476,35334604.0
2026-08-27 15:00:00,1.7488004000000001,1.7498101000000001,1.7488004000000001,1.7488004000000001,18130781.42022383,31709590.0
2026-08-28 09:35:00,1.7467810000000001,1.7588974000000002,1.7387034000000001,1.7578877000000002,50363715.95523423,88125619.0
2026-08-28 09:40:00,1.7578877000000002,1.7649556000000002,1.7568780000000002,1.7588974000000002,35182188.76894127,61935900.0
2026-08-28 09:45:00,1.7578877000000002,1.7599071000000002,1.7518295000000002,1.7599071000000002,23586340.497177377,41399920.0
2026-08-28 09:50:00,1.7609168000000002,1.7659653000000002,1.7578877000000002,1.7659653000000002,25881251.856987223,45597884.0
2026-08-28 09:55:00,1.7649556000000002,1.7689944,1.7599071000000002,1.7609168000000002,35636426.66138457,62915904.0
2026-08-28 10:00:00,1.7609168000000002,1.7679847,1.7609168000000002,1.7659653000000002,24171040.903238583,42664330.0
2026-08-28 10:05:00,1.7659653000000002,1.7679847,1.7609168000000002,1.7609168000000002,19197484.40130732,33873870.0
2026-08-28 10:10:00,1.7619265000000002,1.7619265000000002,1.7548586000000002,1.7548586000000002,19305140.140635833,33950668.0
2026-08-28 10:15:00,1.7558683000000002,1.7558683000000002,1.7508198000000001,1.7528392000000002,14034414.182430424,24609024.0
2026-08-28 10:20:00,1.7548586000000002,1.7578877000000002,1.7508198000000001,1.7518295000000002,9812815.687828068,17213864.0
2026-08-28 10:25:00,1.7528392000000002,1.7599071000000002,1.7518295000000002,1.7538489000000002,20541447.95483807,36070150.0
2026-08-28 10:30:00,1.7538489000000002,1.7558683000000002,1.7498101000000001,1.7508198000000001,9105643.26037437,15952342.0
2026-08-28 10:35:00,1.7508198000000001,1.7508198000000001,1.7447616000000001,1.7488004000000001,14212736.45637318,24834996.0
2026-08-28 10:40:00,1.7488004000000001,1.7498101000000001,1.7417325000000001,1.7437519000000001,11466475.190650688,20007828.0
2026-08-28 10:45:00,1.7437519000000001,1.7457713000000001,1.7407228000000001,1.7427422000000001,14244627.116965435,24826196.0
2026-08-28 10:50:00,1.7417325000000001,1.7427422000000001,1.7346646000000001,1.7346646000000001,17114291.37367535,29746588.0
2026-08-28 10:55:00,1.7346646000000001,1.7387034000000001,1.7306258,1.7326452,15061998.613449538,26118924.0
2026-08-28 11:00:00,1.7336549,1.7417325000000001,1.7336549,1.7366840000000001,17717341.78468852,30780616.0
2026-08-28 11:05:00,1.7366840000000001,1.7427422000000001,1.7346646000000001,1.7387034000000001,8035753.194018025,13979525.0
2026-08-28 11:10:00,1.7397131000000001,1.7397131000000001,1.7336549,1.7336549,4742596.81093394,8232604.0
2026-08-28 11:15:00,1.7336549,1.7356743000000001,1.7316355,1.7336549,5629890.066356343,9759719.0
2026-08-28 11:20:00,1.7336549,1.7397131000000001,1.7326452,1.7397131000000001,4438290.5813608,7708305.0
2026-08-28 11:25:00,1.7397131000000001,1.7397131000000001,1.7326452,1.7346646000000001,4143507.972665148,7189973.0
2026-08-28 11:30:00,1.7346646000000001,1.7366840000000001,1.7326452,1.7366840000000001,4992129.345350103,8659906.0
2026-08-28 13:05:00,1.7356743000000001,1.7366840000000001,1.7296161,1.7326452,14830546.697038723,25690036.0
2026-08-28 13:10:00,1.7326452,1.7356743000000001,1.7306258,1.7316355,5644151.72823611,9780790.0
2026-08-28 13:15:00,1.7326452,1.7326452,1.7286064,1.7326452,7202931.56383084,12463430.0
2026-08-28 13:20:00,1.7326452,1.7407228000000001,1.7326452,1.7397131000000001,7009309.695949292,12174826.0
2026-08-28 13:25:00,1.7387034000000001,1.7387034000000001,1.7306258,1.7306258,5354164.603347529,9285180.0
2026-08-28 13:30:00,1.7316355,1.7336549,1.7306258,1.7326452,5892641.378627315,10202223.0
2026-08-28 13:35:00,1.7326452,1.7336549,1.7275967,1.7286064,11529761.31524215,19943660.0
2026-08-28 13:40:00,1.7286064,1.7286064,1.7235579,1.7275967,10180548.677825097,17573468.0
2026-08-28 13:45:00,1.7275967,1.7275967,1.7245676,1.726587,4905120.332772111,8463376.0
2026-08-28 13:50:00,1.726587,1.726587,1.7245676,1.726587,4150935.9215608593,7162485.0
2026-08-28 13:55:00,1.7255773,1.7316355,1.7255773,1.7316355,10616519.758344062,18359790.0
2026-08-28 14:00:00,1.7316355,1.7316355,1.7255773,1.7255773,5671486.580172328,9801086.0
2026-08-28 14:05:00,1.7245676,1.726587,1.7235579,1.726587,7410914.132910766,12784059.0
2026-08-28 14:10:00,1.726587,1.7286064,1.7245676,1.726587,3683470.337724076,6360093.0
2026-08-28 14:15:00,1.7255773,1.7306258,1.7255773,1.7306258,5305041.101317223,9173443.0
2026-08-28 14:20:00,1.7306258,1.7306258,1.7245676,1.7255773,6757749.826681192,11672247.0
2026-08-28 14:25:00,1.726587,1.726587,1.7245676,1.7245676,8667029.810834901,14952827.0
2026-08-28 14:30:00,1.7255773,1.7275967,1.7235579,1.7275967,10202733.485193621,17599476.0
2026-08-28 14:35:00,1.726587,1.7296161,1.726587,1.7275967,11112112.50866594,19195316.0
2026-08-28 14:40:00,1.726587,1.7275967,1.7255773,1.726587,6736722.788947212,11630564.0
2026-08-28 14:45:00,1.726587,1.726587,1.7225482,1.7235579,9895817.569575122,17060898.0
2026-08-28 14:50:00,1.7225482,1.7235579,1.7195191,1.7215385,18820441.715361,32402884.0
2026-08-28 14:55:00,1.7195191,1.7205288,1.71649,1.7174997,21838565.910666533,37535840.0
2026-08-28 15:00:00,1.7174997,1.7195191,1.7174997,1.7195191,13006635.634346835,22351020.0
2026-08-31 09:35:00,1.6811505000000002,1.6902378,1.6771117000000002,1.6831699,79021253.83777359,133043773.0
2026-08-31 09:40:00,1.6821602,1.6993251,1.6821602,1.6983154,73611765.8710508,124193980.0
2026-08-31 09:45:00,1.6983154,1.7003348,1.6922572,1.6952863,28978310.38922452,49129920.0
2026-08-31 09:50:00,1.6952863,1.6952863,1.6791311000000002,1.6791311000000002,48539962.36505893,81862936.0
2026-08-31 09:55:00,1.6791311000000002,1.686199,1.6750923000000002,1.686199,47177082.30167376,79183820.0
2026-08-31 10:00:00,1.686199,1.6882184,1.6791311000000002,1.6821602,25554323.0662573,43022844.0
2026-08-31 10:05:00,1.6821602,1.6892281,1.6771117000000002,1.6882184,13940378.330197088,23430082.0
2026-08-31 10:10:00,1.6902378,1.696296,1.6882184,1.6922572,28123246.50886402,47615564.0
2026-08-31 10:15:00,1.6912475,1.696296,1.6902378,1.696296,8976329.602852331,15202732.0
2026-08-31 10:20:00,1.696296,1.6973057,1.6912475,1.6922572,11583962.563137565,19617600.0
2026-08-31 10:25:00,1.6912475,1.6922572,1.686199,1.686199,17147469.545409527,28943192.0
2026-08-31 10:30:00,1.686199,1.6932669,1.6851893,1.6892281,15071209.270080222,25483236.0
2026-08-31 10:35:00,1.6892281,1.6892281,1.6811505000000002,1.6811505000000002,14514806.378132118,24447196.0
2026-08-31 10:40:00,1.6801408,1.6851893,1.6791311000000002,1.6841796,8455382.786966424,14221262.0
2026-08-31 10:45:00,1.6841796,1.6841796,1.6801408,1.6811505000000002,7768247.994453798,13063919.0
2026-08-31 10:50:00,1.6801408,1.6841796,1.6781214,1.6781214,9716648.509458255,16324724.0
2026-08-31 10:55:00,1.6781214,1.6801408,1.6750923000000002,1.676102,24412300.683371298,40934840.0
2026-08-31 11:00:00,1.676102,1.6841796,1.676102,1.6811505000000002,13134693.473308902,22078948.0
2026-08-31 11:05:00,1.6791311000000002,1.6841796,1.6771117000000002,1.6831699,12398237.100128751,20832794.0
2026-08-31 11:10:00,1.6831699,1.6882184,1.6801408,1.6882184,28098643.161335047,47251700.0
2026-08-31 11:15:00,1.6872087,1.6882184,1.6831699,1.686199,7173714.964841042,12099058.0
2026-08-31 11:20:00,1.686199,1.6892281,1.6841796,1.6882184,8738041.002277903,14734773.0
2026-08-31 11:25:00,1.6882184,1.6932669,1.6882184,1.6912475,12173615.925522432,20592816.0
2026-08-31 11:30:00,1.6912475,1.6942766,1.6892281,1.6902378,9878379.716747548,16714919.0
2026-08-31 13:05:00,1.6922572,1.6993251,1.6902378,1.6942766,17589085.867089234,29825600.0
2026-08-31 13:10:00,1.6932669,1.6932669,1.6882184,1.6912475,7339209.666237496,12410166.0
2026-08-31 13:15:00,1.6912475,1.696296,1.6892281,1.696296,6903733.782311577,11679574.0
2026-08-31 13:20:00,1.696296,1.7043736,1.696296,1.7023542,19678714.46964445,33463776.0
2026-08-31 13:25:00,1.7033639,1.7084124,1.7013445,1.7084124,16709517.678518372,28477032.0
2026-08-31 13:30:00,1.7074027,1.7154803,1.7074027,1.7154803,19062493.810042586,32652454.0
2026-08-31 13:35:00,1.7144706,1.7185094,1.7104318,1.7104318,20938863.028622363,35908764.0
2026-08-31 13:40:00,1.7104318,1.7124512,1.706393,1.706393,13759136.377141725,23522934.0
2026-08-31 13:45:00,1.706393,1.7124512,1.706393,1.7124512,9002277.904328018,15396939.0
2026-08-31 13:50:00,1.7124512,1.7124512,1.7084124,1.7104318,6302069.921758938,10786105.0
2026-08-31 13:55:00,1.7104318,1.7134609,1.7084124,1.7134609,4341350.896305833,7426205.0
2026-08-31 14:00:00,1.7134609,1.7185094,1.7104318,1.7185094,8360305.041101317,14327366.0
2026-08-31 14:05:00,1.7185094,1.7205288,1.7144706,1.71649,9623650.589283945,16533918.0
2026-08-31 14:10:00,1.7154803,1.7235579,1.7154803,1.7215385,7926908.982866198,13634023.0
2026-08-31 14:15:00,1.7215385,1.7316355,1.7195191,1.7316355,17680400.11884718,30527708.0
2026-08-31 14:20:00,1.7306258,1.7366840000000001,1.7275967,1.7356743000000001,18346241.457858767,31810508.0
2026-08-31 14:25:00,1.7346646000000001,1.7407228000000001,1.7346646000000001,1.7376937000000001,24009507.77458651,41723810.0
2026-08-31 14:30:00,1.7376937000000001,1.7397131000000001,1.7336549,1.7366840000000001,16455706.645538278,28595440.0
2026-08-31 14:35:00,1.7366840000000001,1.7397131000000001,1.7336549,1.7387034000000001,10819451.322174903,18794176.0
2026-08-31 14:40:00,1.7387034000000001,1.7387034000000001,1.7336549,1.7376937000000001,14617771.615331287,25367810.0
2026-08-31 14:45:00,1.7376937000000001,1.7376937000000001,1.7346646000000001,1.7346646000000001,9002975.141131029,15628802.0
2026-08-31 14:50:00,1.7356743000000001,1.7376937000000001,1.7346646000000001,1.7366840000000001,8378525.3045459045,14546076.0
2026-08-31 14:55:00,1.7356743000000001,1.7376937000000001,1.7356743000000001,1.7366840000000001,12553520.847776568,21796400.0
2026-08-31 15:00:00,1.7366840000000001,1.7376937000000001,1.7366840000000001,1.7366840000000001,10521342.973160345,18276304.0
2026-09-01 09:35:00,1.7356743000000001,1.7397131000000001,1.726587,1.7275967,47535535.30751708,82373652.0
2026-09-01 09:40:00,1.726587,1.7286064,1.7174997,1.7286064,46700475.38872933,80393530.0
2026-09-01 09:45:00,1.7286064,1.7286064,1.7134609,1.7205288,39917866.69307715,68640460.0
2026-09-01 09:50:00,1.7205288,1.7235579,1.7084124,1.7124512,28960582.351193424,49654130.0
2026-09-01 09:55:00,1.7134609,1.7154803,1.7074027,1.7114415,26560562.5433297,45443720.0
2026-09-01 10:00:00,1.7114415,1.71649,1.7074027,1.7084124,27925621.47172427,47790890.0
2026-09-01 10:05:00,1.7084124,1.7124512,1.7084124,1.7104318,20810070.31791621,35577004.0
2026-09-01 10:10:00,1.7114415,1.7144706,1.7074027,1.7094221,8676831.732197681,14841566.0
2026-09-01 10:15:00,1.7094221,1.7134609,1.7084124,1.7134609,7582252.154105179,12969324.0
2026-09-01 10:20:00,1.7134609,1.7174997,1.7114415,1.7154803,15505793.800138654,26594160.0
2026-09-01 10:25:00,1.71649,1.71649,1.7074027,1.7084124,19701594.533029612,33693496.0
2026-09-01 10:30:00,1.7074027,1.7074027,1.7033639,1.7043736,24901653.95662078,42467844.0
2026-09-01 10:35:00,1.7053833,1.7053833,1.7023542,1.7053833,14454187.382390808,24633690.0
2026-09-01 10:40:00,1.7043736,1.7104318,1.7043736,1.7074027,12958137.070416955,22118336.0
2026-09-01 10:45:00,1.706393,1.7084124,1.7033639,1.7074027,4916707.933049421,8387458.0
2026-09-01 10:50:00,1.7074027,1.7094221,1.7053833,1.706393,7494417.153609983,12794079.0
2026-09-01 10:55:00,1.706393,1.7104318,1.7043736,1.7053833,11031989.699910864,18839354.0
2026-09-01 11:00:00,1.7043736,1.7094221,1.7033639,1.7084124,12604436.961473705,21509754.0
2026-09-01 11:05:00,1.7084124,1.7114415,1.7074027,1.7094221,4551946.122610676,7782247.0
2026-09-01 11:10:00,1.7094221,1.7094221,1.7043736,1.7053833,9673665.445181737,16521422.0
2026-09-01 11:15:00,1.7053833,1.706393,1.7033639,1.7043736,7469941.56680202,12733106.0
2026-09-01 11:20:00,1.7043736,1.7074027,1.7033639,1.7033639,5369614.737050609,9154386.0
2026-09-01 11:25:00,1.7043736,1.706393,1.7023542,1.706393,6408537.189264137,10919037.0
2026-09-01 11:30:00,1.706393,1.7174997,1.706393,1.7144706,18754580.56848569,32154028.0
2026-09-01 13:05:00,1.7154803,1.7205288,1.7104318,1.7195191,10228285.62939487,17545260.0
2026-09-01 13:10:00,1.7195191,1.7235579,1.7174997,1.7235579,16575121.323165296,28523534.0
2026-09-01 13:15:00,1.7235579,1.7245676,1.7174997,1.7185094,16849757.353669405,29002888.0
2026-09-01 13:20:00,1.7185094,1.7215385,1.71649,1.7174997,11935822.521541052,20511160.0
2026-09-01 13:25:00,1.7174997,1.7174997,1.7104318,1.7104318,6588590.670496187,11288494.0
2026-09-01 13:30:00,1.7114415,1.7124512,1.7074027,1.7084124,7808690.700207982,13352909.0
2026-09-01 13:35:00,1.7084124,1.7124512,1.706393,1.7124512,7097320.986431613,12128956.0
2026-09-01 13:40:00,1.7134609,1.7134609,1.7104318,1.7134609,10720412.003565416,18357804.0
2026-09-01 13:45:00,1.7134609,1.7144706,1.7094221,1.7134609,6549272.06100822,11215909.0
2026-09-01 13:50:00,1.7134609,1.71649,1.7134609,1.7144706,8137763.692185798,13955971.0
2026-09-01 13:55:00,1.7134609,1.7144706,1.7104318,1.7114415,5821333.069228483,9967999.0
2026-09-01 14:00:00,1.7124512,1.7154803,1.7094221,1.7134609,5537090.224819253,9481738.0
2026-09-01 14:05:00,1.7134609,1.7134609,1.7094221,1.7104318,6695949.291868872,11454050.0
2026-09-01 14:10:00,1.7094221,1.7124512,1.7074027,1.7084124,3348024.1655937405,5724649.0
2026-09-01 14:15:00,1.7084124,1.7084124,1.7043736,1.7053833,13428543.131623253,22904164.0
2026-09-01 14:20:00,1.7053833,1.706393,1.7043736,1.7053833,6375160.93889274,10872234.0
2026-09-01 14:25:00,1.7053833,1.7053833,1.7023542,1.7033639,13783500.049519658,23486752.0
2026-09-01 14:30:00,1.7033639,1.706393,1.7023542,1.7053833,15037932.059027433,25639030.0
2026-09-01 14:35:00,1.7053833,1.7074027,1.7043736,1.706393,10103099.930672476,17240038.0
2026-09-01 14:40:00,1.706393,1.7084124,1.706393,1.7074027,5641279.587996434,9630837.0
2026-09-01 14:45:00,1.7074027,1.7114415,1.706393,1.7114415,5599187.877587402,9567995.0
2026-09-01 14:50:00,1.7114415,1.7114415,1.7053833,1.706393,11005862.137268495,18797012.0
2026-09-01 14:55:00,1.7074027,1.7074027,1.7033639,1.7033639,26627612.162028324,45408016.0
2026-09-01 15:00:00,1.7043736,1.7053833,1.7033639,1.7043736,16770327.820144597,28582870.0
2026-09-02 09:35:00,1.6771117000000002,1.6841796,1.6710535000000002,1.6740826,85227800.33673368,142937560.0
2026-09-02 09:40:00,1.6730729000000002,1.6872087,1.6720632,1.6841796,38520471.42715658,64674868.0
2026-09-02 09:45:00,1.6831699,1.6851893,1.6750923000000002,1.6750923000000002,29466475.190650687,49479950.0
2026-09-02 09:50:00,1.6740826,1.6821602,1.6740826,1.6750923000000002,24925720.51104288,41830492.0
2026-09-02 09:55:00,1.6740826,1.6841796,1.6740826,1.6811505000000002,29159255.224324055,48980644.0
2026-09-02 10:00:00,1.6811505000000002,1.6821602,1.6740826,1.6740826,20458948.202436365,34300788.0
2026-09-02 10:05:00,1.6740826,1.6750923000000002,1.6670147000000002,1.6690341000000002,27864514.212142218,46578864.0
2026-09-02 10:10:00,1.6680244,1.6710535000000002,1.6619662,1.6639856,33570268.39655343,55943040.0
2026-09-02 10:15:00,1.6639856,1.6690341000000002,1.6609565000000002,1.666005,27658908.586708922,46044140.0
2026-09-02 10:20:00,1.666005,1.6710535000000002,1.6639856,1.6670147000000002,13109537.486382093,21857380.0
2026-09-02 10:25:00,1.6670147000000002,1.6730729000000002,1.6649953000000002,1.6720632,11851169.654352777,19767320.0
2026-09-02 10:30:00,1.6720632,1.6740826,1.666005,1.666005,16677032.78201446,27875978.0
2026-09-02 10:35:00,1.6670147000000002,1.6690341000000002,1.6629759000000002,1.6690341000000002,16767653.758542141,27927980.0
2026-09-02 10:40:00,1.6700438,1.6700438,1.666005,1.6670147000000002,13607011.983757552,22697730.0
2026-09-02 10:45:00,1.6670147000000002,1.6740826,1.6670147000000002,1.6730729000000002,13507279.389917796,22574734.0
2026-09-02 10:50:00,1.6730729000000002,1.6730729000000002,1.6700438,1.6710535000000002,11626126.572249182,19430098.0
2026-09-02 10:55:00,1.6710535000000002,1.6720632,1.6670147000000002,1.6700438,7319104.68455977,12221417.0
2026-09-02 11:00:00,1.6700438,1.6700438,1.666005,1.6670147000000002,26703080.122808754,44596970.0
2026-09-02 11:05:00,1.6670147000000002,1.6680244,1.6649953000000002,1.6670147000000002,9988115.281766862,16641958.0
2026-09-02 11:10:00,1.6680244,1.6710535000000002,1.6670147000000002,1.6700438,10051500.445676934,16770587.0
2026-09-02 11:15:00,1.6710535000000002,1.6710535000000002,1.6680244,1.6700438,8345845.300584332,13932032.0
2026-09-02 11:20:00,1.6700438,1.6791311000000002,1.6700438,1.6791311000000002,9545112.409626622,15988841.0
2026-09-02 11:25:00,1.6791311000000002,1.6821602,1.676102,1.6801408,12512924.631078538,21014240.0
2026-09-02 11:30:00,1.6811505000000002,1.686199,1.6801408,1.6801408,14266450.430821035,24016442.0
2026-09-02 13:05:00,1.6791311000000002,1.6791311000000002,1.6710535000000002,1.6730729000000002,12064276.517777557,20201380.0
2026-09-02 13:10:00,1.6720632,1.6730729000000002,1.6700438,1.6700438,13437159.552342279,22456060.0
2026-09-02 13:15:00,1.6700438,1.6740826,1.6690341000000002,1.6740826,6976824.7994453795,11659955.0
2026-09-02 13:20:00,1.6740826,1.6791311000000002,1.6740826,1.6750923000000002,9817074.378528275,16454023.0
2026-09-02 13:25:00,1.676102,1.676102,1.6720632,1.6750923000000002,4528969.000693275,7580957.0
2026-09-02 13:30:00,1.6750923000000002,1.6801408,1.6740826,1.6801408,10179011.587600278,17060508.0
2026-09-02 13:35:00,1.6811505000000002,1.6841796,1.6781214,1.6781214,13402000.594235912,22538704.0
2026-09-02 13:40:00,1.6801408,1.6821602,1.676102,1.6771117000000002,8023868.475784887,13479868.0
2026-09-02 13:45:00,1.6771117000000002,1.6811505000000002,1.676102,1.6801408,5867881.548974942,9851259.0
2026-09-02 13:50:00,1.6801408,1.6841796,1.6781214,1.6821602,7969297.811231058,13405774.0
2026-09-02 13:55:00,1.6821602,1.6841796,1.6801408,1.6821602,3934039.8138060807,6619501.0
2026-09-02 14:00:00,1.6811505000000002,1.6902378,1.6811505000000002,1.6892281,16336238.486679211,27541836.0
2026-09-02 14:05:00,1.6892281,1.6912475,1.6841796,1.6851893,10488362.880063385,17711120.0
2026-09-02 14:10:00,1.6851893,1.6892281,1.6841796,1.6851893,7137466.574229969,12036398.0
2026-09-02 14:15:00,1.6841796,1.686199,1.6821602,1.6841796,8683173.219768248,14623530.0
2026-09-02 14:20:00,1.6831699,1.6831699,1.6781214,1.6791311000000002,7741804.496385065,13009819.0
2026-09-02 14:25:00,1.6791311000000002,1.6801408,1.6771117000000002,1.6781214,5809250.272358126,9750726.0
2026-09-02 14:30:00,1.6771117000000002,1.6801408,1.6771117000000002,1.6771117000000002,5582846.390016836,9369120.0
2026-09-02 14:35:00,1.6781214,1.6801408,1.6750923000000002,1.6801408,9881449.935624443,16570915.0
2026-09-02 14:40:00,1.6801408,1.6801408,1.6771117000000002,1.6771117000000002,5704109.141329108,9570889.0
2026-09-02 14:45:00,1.6771117000000002,1.6781214,1.6750923000000002,1.676102,10876963.454491433,18233840.0
2026-09-02 14:50:00,1.676102,1.6771117000000002,1.6740826,1.6740826,26147172.427453697,43794524.0
2026-09-02 14:55:00,1.6740826,1.6750923000000002,1.6720632,1.6720632,11776369.218579777,19699324.0
2026-09-02 15:00:00,1.6720632,1.6730729000000002,1.6710535000000002,1.6730729000000002,13904526.096860453,23252162.0
