datetime,open,high,low,close,volume,amount
2021-01-04 09:45:00,1.419,1.43,1.416,1.43,46755168.0,66613463.0
2021-01-04 10:00:00,1.43,1.433,1.428,1.431,44213868.0,63240070.0
2021-01-04 10:15:00,1.431,1.436,1.431,1.433,31551532.0,45230920.0
2021-01-04 10:30:00,1.432,1.438,1.432,1.436,26224502.0,37639910.0
2021-01-04 10:45:00,1.436,1.44,1.432,1.438,25180804.0,36189056.0
2021-01-04 11:00:00,1.439,1.449,1.438,1.448,39188412.0,56534956.0
2021-01-04 11:15:00,1.447,1.451,1.446,1.449,45497470.0,65909050.0
2021-01-04 11:30:00,1.449,1.452,1.447,1.45,23982872.0,34759520.0
2021-01-04 13:15:00,1.45,1.453,1.45,1.45,19933510.0,28923842.0
2021-01-04 13:30:00,1.45,1.453,1.448,1.45,20218308.0,29333634.0
2021-01-04 13:45:00,1.45,1.45,1.445,1.448,22312248.0,32304580.0
2021-01-04 14:00:00,1.447,1.449,1.445,1.449,14430246.0,20884076.0
2021-01-04 14:15:00,1.449,1.449,1.445,1.447,15485399.0,22409506.0
2021-01-04 14:30:00,1.447,1.452,1.446,1.45,19149560.0,27754876.0
2021-01-04 14:45:00,1.451,1.451,1.448,1.45,16145069.0,23411068.0
2021-01-04 15:00:00,1.45,1.451,1.449,1.45,20387632.0,29571236.0
2021-01-05 09:45:00,1.45,1.45,1.437,1.448,34831650.0,50298980.0
2021-01-05 10:00:00,1.448,1.452,1.441,1.45,32529012.0,47097600.0
2021-01-05 10:15:00,1.45,1.454,1.448,1.454,25963348.0,37682716.0
2021-01-05 10:30:00,1.454,1.455,1.445,1.446,22587044.0,32751840.0
2021-01-05 10:45:00,1.446,1.448,1.445,1.446,10876660.0,15736484.0
2021-01-05 11:00:00,1.446,1.45,1.44,1.441,14129153.0,20424896.0
2021-01-05 11:15:00,1.44,1.447,1.439,1.441,13348948.0,19247110.0
2021-01-05 11:30:00,1.441,1.445,1.439,1.445,6743029.0,9718637.0
2021-01-05 13:15:00,1.444,1.45,1.443,1.45,7878558.0,11396301.0
2021-01-05 13:30:00,1.45,1.45,1.446,1.447,6515347.0,9434696.0
2021-01-05 13:45:00,1.447,1.451,1.445,1.448,10000200.0,14486084.0
2021-01-05 14:00:00,1.448,1.453,1.447,1.452,18925922.0,27464028.0
2021-01-05 14:15:00,1.452,1.453,1.447,1.449,14486640.0,21000134.0
2021-01-05 14:30:00,1.449,1.453,1.448,1.452,12542268.0,18184568.0
2021-01-05 14:45:00,1.452,1.454,1.45,1.452,15022935.0,21822996.0
2021-01-05 15:00:00,1.453,1.454,1.451,1.452,18399950.0,26721260.0
2021-01-06 09:45:00,1.452,1.462,1.45,1.453,33052994.0,48098034.0
2021-01-06 10:00:00,1.454,1.46,1.443,1.443,28424648.0,41314720.0
2021-01-06 10:15:00,1.443,1.448,1.44,1.446,25869108.0,37343236.0
2021-01-06 10:30:00,1.445,1.449,1.444,1.448,11169944.0,16152350.0
2021-01-06 10:45:00,1.448,1.451,1.446,1.447,14097167.0,20429260.0
2021-01-06 11:00:00,1.447,1.447,1.44,1.44,15825580.0,22843432.0
2021-01-06 11:15:00,1.439,1.446,1.439,1.445,11523667.0,16633094.0
2021-01-06 11:30:00,1.445,1.446,1.44,1.442,8147962.0,11757203.0
2021-01-06 13:15:00,1.441,1.442,1.438,1.439,10763163.0,15499062.0
2021-01-06 13:30:00,1.439,1.441,1.437,1.44,7142717.0,10276855.0
2021-01-06 13:45:00,1.439,1.442,1.438,1.44,6050338.0,8713240.0
2021-01-06 14:00:00,1.44,1.442,1.439,1.44,5074525.0,7309672.0
2021-01-06 14:15:00,1.44,1.441,1.437,1.439,10326508.0,14852387.0
2021-01-06 14:30:00,1.439,1.442,1.439,1.44,9539706.0,13738756.0
2021-01-06 14:45:00,1.44,1.444,1.44,1.443,13150954.0,18973862.0
2021-01-06 15:00:00,1.443,1.444,1.441,1.443,11602741.0,16742139.0
2021-01-07 09:45:00,1.443,1.444,1.436,1.438,23379465.0,33662583.0
2021-01-07 10:00:00,1.438,1.44,1.429,1.429,20208496.0,28945344.0
2021-01-07 10:15:00,1.429,1.431,1.419,1.42,18030770.0,25683442.0
2021-01-07 10:30:00,1.419,1.42,1.414,1.416,18211428.0,25791976.0
2021-01-07 10:45:00,1.415,1.419,1.414,1.418,12484894.0,17681432.0
2021-01-07 11:00:00,1.418,1.419,1.416,1.417,8662503.0,12281363.0
2021-01-07 11:15:00,1.417,1.418,1.415,1.416,10809132.0,15305703.0
2021-01-07 11:30:00,1.416,1.42,1.416,1.42,6810795.0,9661029.0
2021-01-07 13:15:00,1.42,1.421,1.417,1.418,8617347.0,12228297.0
2021-01-07 13:30:00,1.418,1.418,1.411,1.411,14635166.0,20702526.0
2021-01-07 13:45:00,1.411,1.412,1.405,1.406,19896660.0,28005752.0
2021-01-07 14:00:00,1.405,1.407,1.403,1.405,11602345.0,16299868.0
2021-01-07 14:15:00,1.404,1.405,1.4,1.401,12056565.0,16916238.0
2021-01-07 14:30:00,1.402,1.409,1.401,1.409,10705661.0,15048874.0
2021-01-07 14:45:00,1.409,1.413,1.406,1.407,10283916.0,14492218.0
2021-01-07 15:00:00,1.407,1.412,1.406,1.412,14738550.0,20784616.0
2021-01-08 09:45:00,1.412,1.412,1.396,1.4,28647328.0,40149004.0
2021-01-08 10:00:00,1.4,1.409,1.396,1.402,24342458.0,34084720.0
2021-01-08 10:15:00,1.402,1.405,1.4,1.401,15493437.0,21719548.0
2021-01-08 10:30:00,1.4,1.409,1.398,1.408,12360420.0,17344260.0
2021-01-08 10:45:00,1.408,1.413,1.407,1.412,13741956.0,19397018.0
2021-01-08 11:00:00,1.412,1.413,1.406,1.407,19498768.0,27494674.0
2021-01-08 11:15:00,1.405,1.409,1.401,1.401,8647705.0,12147178.0
2021-01-08 11:30:00,1.401,1.403,1.397,1.4,13158639.0,18420884.0
2021-01-08 13:15:00,1.399,1.405,1.398,1.402,6809116.0,9549776.0
2021-01-08 13:30:00,1.402,1.409,1.402,1.409,6753483.0,9492720.0
2021-01-08 13:45:00,1.408,1.41,1.405,1.405,8015242.0,11286893.0
2021-01-08 14:00:00,1.405,1.405,1.403,1.405,4727368.0,6638404.0
2021-01-08 14:15:00,1.405,1.405,1.401,1.402,4289108.0,6015080.0
2021-01-08 14:30:00,1.402,1.408,1.4,1.407,4678200.0,6569263.0
2021-01-08 14:45:00,1.407,1.41,1.405,1.409,9313042.0,13116252.0
2021-01-08 15:00:00,1.409,1.41,1.406,1.409,15395333.0,21685002.0
2021-01-11 09:45:00,1.409,1.426,1.407,1.42,43029512.0,60969317.0
2021-01-11 10:00:00,1.419,1.429,1.417,1.427,25875954.0,36853664.0
2021-01-11 10:15:00,1.427,1.429,1.422,1.425,14137371.0,20159024.0
2021-01-11 10:30:00,1.426,1.435,1.426,1.434,18814736.0,26922384.0
2021-01-11 10:45:00,1.433,1.437,1.426,1.43,11186961.0,16019449.0
2021-01-11 11:00:00,1.429,1.434,1.428,1.432,6706880.0,9598326.0
2021-01-11 11:15:00,1.432,1.435,1.429,1.431,7431149.0,10646002.0
2021-01-11 11:30:00,1.432,1.432,1.422,1.423,8888472.0,12674621.0
2021-01-11 13:15:00,1.422,1.424,1.422,1.423,10371840.0,14757591.0
2021-01-11 13:30:00,1.423,1.423,1.42,1.422,10628014.0,15106209.0
2021-01-11 13:45:00,1.422,1.424,1.414,1.415,12601658.0,17878016.0
2021-01-11 14:00:00,1.414,1.42,1.412,1.417,5777832.0,8182821.0
2021-01-11 14:15:00,1.418,1.418,1.408,1.408,12841228.0,18126874.0
2021-01-11 14:30:00,1.409,1.419,1.408,1.418,5224224.0,7381621.0
2021-01-11 14:45:00,1.418,1.424,1.417,1.424,8466545.0,12034660.0
2021-01-11 15:00:00,1.424,1.425,1.42,1.421,9255828.0,13164937.0
2021-01-12 09:45:00,1.42,1.42,1.408,1.413,20997924.0,29698636.0
2021-01-12 10:00:00,1.413,1.423,1.41,1.422,10688648.0,15167339.0
2021-01-12 10:15:00,1.422,1.432,1.422,1.429,19220036.0,27458236.0
2021-01-12 10:30:00,1.429,1.431,1.425,1.43,13785626.0,19688924.0
2021-01-12 10:45:00,1.43,1.431,1.428,1.429,11304205.0,16161483.0
2021-01-12 11:00:00,1.429,1.431,1.427,1.428,6011385.0,8594651.0
2021-01-12 11:15:00,1.429,1.429,1.425,1.426,3442296.0,4912267.0
2021-01-12 11:30:00,1.426,1.428,1.424,1.428,6207208.0,8848238.0
2021-01-12 13:15:00,1.427,1.431,1.426,1.43,7047402.0,10071878.0
2021-01-12 13:30:00,1.43,1.432,1.428,1.431,13520926.0,19330978.0
2021-01-12 13:45:00,1.431,1.434,1.43,1.432,13814468.0,19790958.0
2021-01-12 14:00:00,1.434,1.436,1.432,1.433,13120329.0,18821580.0
2021-01-12 14:15:00,1.433,1.433,1.429,1.431,8165855.0,11683987.0
2021-01-12 14:30:00,1.431,1.432,1.429,1.43,7234975.0,10349512.0
2021-01-12 14:45:00,1.43,1.432,1.429,1.431,10105431.0,14463536.0
2021-01-12 15:00:00,1.431,1.434,1.43,1.434,12092923.0,17319792.0
2021-01-13 09:45:00,1.436,1.445,1.435,1.437,33852783.0,48753146.0
2021-01-13 10:00:00,1.438,1.44,1.434,1.439,27469816.0,39491204.0
2021-01-13 10:15:00,1.439,1.439,1.43,1.434,19915860.0,28533210.0
2021-01-13 10:30:00,1.434,1.439,1.432,1.435,19093948.0,27416616.0
2021-01-13 10:45:00,1.435,1.437,1.431,1.436,14766335.0,21173972.0
2021-01-13 11:00:00,1.436,1.438,1.431,1.433,7257093.0,10412969.0
2021-01-13 11:15:00,1.433,1.44,1.432,1.439,12307329.0,17700880.0
2021-01-13 11:30:00,1.44,1.441,1.433,1.435,10274506.0,14779094.0
2021-01-13 13:15:00,1.433,1.437,1.433,1.436,9220707.0,13229243.0
2021-01-13 13:30:00,1.436,1.437,1.425,1.425,11854745.0,16949290.0
2021-01-13 13:45:00,1.425,1.428,1.422,1.425,7370518.0,10495885.0
2021-01-13 14:00:00,1.424,1.426,1.42,1.425,7968074.0,11330829.0
2021-01-13 14:15:00,1.425,1.43,1.423,1.43,4330546.0,6184034.0
2021-01-13 14:30:00,1.43,1.432,1.428,1.432,4318374.0,6176044.0
2021-01-13 14:45:00,1.432,1.433,1.428,1.432,7746976.0,11084268.0
2021-01-13 15:00:00,1.432,1.439,1.432,1.438,13724820.0,19714282.0
2021-01-14 09:45:00,1.434,1.449,1.432,1.446,37962540.0,54838036.0
2021-01-14 10:00:00,1.446,1.45,1.432,1.435,18876484.0,27222546.0
2021-01-14 10:15:00,1.435,1.442,1.429,1.44,13890783.0,19911962.0
2021-01-14 10:30:00,1.44,1.449,1.438,1.447,17690772.0,25554068.0
2021-01-14 10:45:00,1.447,1.458,1.447,1.458,43177716.0,62704010.0
2021-01-14 11:00:00,1.458,1.469,1.456,1.468,35012384.0,51182576.0
2021-01-14 11:15:00,1.468,1.492,1.468,1.492,41986560.0,62202790.0
2021-01-14 11:30:00,1.491,1.499,1.489,1.495,36242892.0,54170480.0
2021-01-14 13:15:00,1.496,1.508,1.494,1.507,53271144.0,79959530.0
2021-01-14 13:30:00,1.506,1.507,1.497,1.497,28262028.0,42442268.0
2021-01-14 13:45:00,1.497,1.5,1.49,1.49,17415150.0,26050588.0
2021-01-14 14:00:00,1.49,1.497,1.49,1.495,13172328.0,19667132.0
2021-01-14 14:15:00,1.495,1.496,1.485,1.485,8993792.0,13398778.0
2021-01-14 14:30:00,1.486,1.486,1.475,1.476,13272669.0,19652356.0
2021-01-14 14:45:00,1.477,1.482,1.475,1.475,14888323.0,22019754.0
2021-01-14 15:00:00,1.475,1.479,1.474,1.477,19107384.0,28210504.0
2021-01-15 09:45:00,1.48,1.488,1.475,1.486,49248144.0,73007528.0
2021-01-15 10:00:00,1.486,1.489,1.478,1.48,26703768.0,39585030.0
2021-01-15 10:15:00,1.481,1.495,1.48,1.493,16346309.0,24370578.0
2021-01-15 10:30:00,1.492,1.495,1.489,1.49,12096287.0,18046780.0
2021-01-15 10:45:00,1.489,1.492,1.484,1.49,14229426.0,21163952.0
2021-01-15 11:00:00,1.49,1.493,1.488,1.489,7312375.0,10901936.0
2021-01-15 11:15:00,1.489,1.491,1.482,1.482,7734393.0,11502940.0
2021-01-15 11:30:00,1.482,1.483,1.475,1.475,10708444.0,15845294.0
2021-01-15 13:15:00,1.474,1.475,1.46,1.468,29640394.0,43427864.0
2021-01-15 13:30:00,1.468,1.469,1.461,1.466,8276873.0,12126722.0
2021-01-15 13:45:00,1.466,1.471,1.465,1.47,7515475.0,11030443.0
2021-01-15 14:00:00,1.469,1.471,1.466,1.47,7368736.0,10814132.0
2021-01-15 14:15:00,1.471,1.481,1.47,1.479,9085788.0,13415278.0
2021-01-15 14:30:00,1.479,1.482,1.479,1.481,4708399.0,6970579.0
2021-01-15 14:45:00,1.48,1.483,1.478,1.482,9152721.0,13544681.0
2021-01-15 15:00:00,1.482,1.484,1.477,1.479,13225815.0,19587824.0
2021-01-18 09:45:00,1.48,1.48,1.465,1.469,33603833.0,49396965.0
2021-01-18 10:00:00,1.468,1.492,1.468,1.489,29329728.0,43507740.0
2021-01-18 10:15:00,1.489,1.495,1.486,1.492,21854820.0,32590520.0
2021-01-18 10:30:00,1.491,1.494,1.49,1.492,11742495.0,17519072.0
2021-01-18 10:45:00,1.492,1.498,1.491,1.498,16536485.0,24711404.0
2021-01-18 11:00:00,1.497,1.508,1.497,1.507,22730912.0,34174764.0
2021-01-18 11:15:00,1.508,1.513,1.505,1.507,19263840.0,29068988.0
2021-01-18 11:30:00,1.507,1.514,1.505,1.511,18171148.0,27468756.0
2021-01-18 13:15:00,1.512,1.52,1.51,1.52,21759004.0,32980988.0
2021-01-18 13:30:00,1.519,1.524,1.516,1.517,14107993.0,21459048.0
2021-01-18 13:45:00,1.517,1.522,1.514,1.52,12643245.0,19198868.0
2021-01-18 14:00:00,1.52,1.52,1.508,1.509,9488470.0,14372269.0
2021-01-18 14:15:00,1.509,1.514,1.509,1.51,8481144.0,12811046.0
2021-01-18 14:30:00,1.51,1.512,1.508,1.511,7912034.0,11947457.0
2021-01-18 14:45:00,1.512,1.515,1.504,1.506,11736224.0,17710566.0
2021-01-18 15:00:00,1.506,1.51,1.506,1.509,11831850.0,17843202.0
2021-01-19 09:45:00,1.5,1.518,1.5,1.505,41116516.0,62085270.0
2021-01-19 10:00:00,1.504,1.508,1.496,1.499,28718292.0,43141080.0
2021-01-19 10:15:00,1.5,1.507,1.498,1.506,8818319.0,13250500.0
2021-01-19 10:30:00,1.505,1.507,1.501,1.504,6223822.0,9355088.0
2021-01-19 10:45:00,1.505,1.505,1.493,1.495,13417500.0,20089884.0
2021-01-19 11:00:00,1.496,1.497,1.492,1.495,9857187.0,14731412.0
2021-01-19 11:15:00,1.495,1.495,1.488,1.489,13772425.0,20531916.0
2021-01-19 11:30:00,1.489,1.493,1.489,1.493,14988371.0,22341368.0
2021-01-19 13:15:00,1.493,1.496,1.49,1.494,8461565.0,12628520.0
2021-01-19 13:30:00,1.494,1.498,1.493,1.497,4830698.0,7224841.0
2021-01-19 13:45:00,1.497,1.499,1.488,1.489,10600053.0,15833771.0
2021-01-19 14:00:00,1.489,1.49,1.486,1.487,11210505.0,16683267.0
2021-01-19 14:15:00,1.488,1.489,1.483,1.483,14012674.0,20803776.0
2021-01-19 14:30:00,1.484,1.484,1.48,1.481,15042190.0,22275648.0
2021-01-19 14:45:00,1.481,1.481,1.472,1.474,15116651.0,22318856.0
2021-01-19 15:00:00,1.474,1.479,1.473,1.477,13618437.0,20087888.0
2021-01-20 09:45:00,1.48,1.485,1.474,1.478,16803528.0,24873080.0
2021-01-20 10:00:00,1.478,1.495,1.478,1.493,14925902.0,22231624.0
2021-01-20 10:15:00,1.493,1.499,1.492,1.497,18370532.0,27482156.0
2021-01-20 10:30:00,1.497,1.505,1.496,1.501,17090934.0,25644344.0
2021-01-20 10:45:00,1.5,1.508,1.499,1.508,17160588.0,25825868.0
2021-01-20 11:00:00,1.507,1.509,1.503,1.509,12283796.0,18501938.0
2021-01-20 11:15:00,1.508,1.509,1.498,1.498,8769304.0,13171263.0
2021-01-20 11:30:00,1.498,1.498,1.49,1.492,10678626.0,15952243.0
2021-01-20 13:15:00,1.492,1.495,1.49,1.492,5877482.0,8768892.0
2021-01-20 13:30:00,1.492,1.496,1.491,1.494,3741644.0,5589337.0
2021-01-20 13:45:00,1.494,1.498,1.49,1.497,10936663.0,16344024.0
2021-01-20 14:00:00,1.497,1.506,1.497,1.503,10464672.0,15715851.0
2021-01-20 14:15:00,1.503,1.507,1.502,1.503,14303820.0,21523780.0
2021-01-20 14:30:00,1.504,1.51,1.503,1.51,20286400.0,30566592.0
2021-01-20 14:45:00,1.51,1.51,1.503,1.507,13294635.0,20041760.0
2021-01-20 15:00:00,1.508,1.511,1.506,1.51,23941960.0,36138620.0
2021-01-21 09:45:00,1.512,1.516,1.503,1.504,22988168.0,34720769.0
2021-01-21 10:00:00,1.503,1.504,1.499,1.502,19755964.0,29656524.0
2021-01-21 10:15:00,1.503,1.503,1.496,1.502,18239864.0,27352954.0
2021-01-21 10:30:00,1.503,1.508,1.503,1.508,7038033.0,10595345.0
2021-01-21 10:45:00,1.508,1.508,1.503,1.506,4611240.0,6943979.0
2021-01-21 11:00:00,1.506,1.512,1.505,1.511,8026469.0,12115561.0
2021-01-21 11:15:00,1.511,1.52,1.509,1.518,13468738.0,20388528.0
2021-01-21 11:30:00,1.517,1.52,1.517,1.518,10642937.0,16168406.0
2021-01-21 13:15:00,1.519,1.521,1.517,1.52,19051636.0,28938756.0
2021-01-21 13:30:00,1.52,1.521,1.516,1.518,8478309.0,12873966.0
2021-01-21 13:45:00,1.518,1.52,1.515,1.515,8121317.0,12320409.0
2021-01-21 14:00:00,1.515,1.517,1.513,1.516,8881475.0,13457171.0
2021-01-21 14:15:00,1.516,1.517,1.511,1.513,8454802.0,12789286.0
2021-01-21 14:30:00,1.512,1.515,1.511,1.514,7525159.0,11381497.0
2021-01-21 14:45:00,1.514,1.515,1.511,1.513,7074333.0,10702041.0
2021-01-21 15:00:00,1.514,1.514,1.509,1.512,11793384.0,17821282.0
2021-01-22 09:45:00,1.508,1.513,1.503,1.503,17081934.0,25764942.0
2021-01-22 10:00:00,1.503,1.506,1.498,1.498,16007352.0,24040676.0
2021-01-22 10:15:00,1.499,1.501,1.492,1.492,16298714.0,24388790.0
2021-01-22 10:30:00,1.492,1.496,1.491,1.496,9358127.0,13973802.0
2021-01-22 10:45:00,1.496,1.498,1.489,1.489,9910135.0,14794933.0
2021-01-22 11:00:00,1.488,1.491,1.486,1.488,9225152.0,13732583.0
2021-01-22 11:15:00,1.488,1.499,1.487,1.496,8244884.0,12306836.0
2021-01-22 11:30:00,1.497,1.499,1.495,1.498,5998695.0,8983717.0
2021-01-22 13:15:00,1.499,1.502,1.495,1.499,13509517.0,20265716.0
2021-01-22 13:30:00,1.499,1.503,1.499,1.502,7889818.0,11847164.0
2021-01-22 13:45:00,1.502,1.503,1.499,1.503,8073186.0,12122081.0
2021-01-22 14:00:00,1.503,1.505,1.5,1.502,13209733.0,19854380.0
2021-01-22 14:15:00,1.502,1.506,1.499,1.505,12239741.0,18400714.0
2021-01-22 14:30:00,1.505,1.516,1.504,1.515,16297313.0,24605848.0
2021-01-22 14:45:00,1.514,1.515,1.51,1.514,11013341.0,16656483.0
2021-01-22 15:00:00,1.514,1.518,1.512,1.517,15831778.0,23984586.0
2021-01-25 09:45:00,1.509,1.512,1.5,1.506,20482634.0,30861842.0
2021-01-25 10:00:00,1.506,1.508,1.5,1.508,18275320.0,27449376.0
2021-01-25 10:15:00,1.507,1.522,1.507,1.52,22004708.0,33389928.0
2021-01-25 10:30:00,1.52,1.53,1.52,1.526,30317560.0,46267260.0
2021-01-25 10:45:00,1.526,1.53,1.523,1.527,8464805.0,12916321.0
2021-01-25 11:00:00,1.526,1.527,1.52,1.526,9382549.0,14292906.0
2021-01-25 11:15:00,1.526,1.53,1.522,1.528,9689998.0,14795621.0
2021-01-25 11:30:00,1.528,1.532,1.526,1.532,14886079.0,22769016.0
2021-01-25 13:15:00,1.533,1.541,1.533,1.538,16322965.0,25097730.0
2021-01-25 13:30:00,1.538,1.542,1.535,1.541,9875071.0,15191217.0
2021-01-25 13:45:00,1.542,1.543,1.533,1.536,15887385.0,24461324.0
2021-01-25 14:00:00,1.535,1.539,1.532,1.537,21768274.0,33437418.0
2021-01-25 14:15:00,1.538,1.54,1.535,1.535,4433820.0,6817363.0
2021-01-25 14:30:00,1.535,1.536,1.518,1.522,12114635.0,18461816.0
2021-01-25 14:45:00,1.522,1.528,1.522,1.528,7814034.0,11919489.0
2021-01-25 15:00:00,1.528,1.53,1.526,1.527,7641850.0,11682352.0
2021-01-26 09:45:00,1.528,1.533,1.521,1.527,26855546.0,40997243.0
2021-01-26 10:00:00,1.528,1.54,1.528,1.536,23344148.0,35852370.0
2021-01-26 10:15:00,1.536,1.538,1.527,1.529,14407254.0,22069888.0
2021-01-26 10:30:00,1.528,1.529,1.519,1.524,18641760.0,28386348.0
2021-01-26 10:45:00,1.525,1.525,1.512,1.512,18336384.0,27837520.0
2021-01-26 11:00:00,1.513,1.515,1.506,1.507,12959204.0,19585914.0
2021-01-26 11:15:00,1.507,1.513,1.501,1.511,11043351.0,16631870.0
2021-01-26 11:30:00,1.511,1.512,1.503,1.508,9049899.0,13628241.0
2021-01-26 13:15:00,1.508,1.509,1.502,1.508,6199721.0,9329172.0
2021-01-26 13:30:00,1.509,1.511,1.506,1.508,2608172.0,3935881.0
2021-01-26 13:45:00,1.508,1.509,1.504,1.506,6004962.0,9046797.0
2021-01-26 14:00:00,1.506,1.506,1.502,1.505,6573113.0,9890102.0
2021-01-26 14:15:00,1.505,1.509,1.502,1.504,6721236.0,10118769.0
2021-01-26 14:30:00,1.503,1.512,1.503,1.512,7333388.0,11051803.0
2021-01-26 14:45:00,1.511,1.513,1.509,1.51,11009778.0,16640516.0
2021-01-26 15:00:00,1.51,1.51,1.505,1.505,10667070.0,16077826.0
2021-01-27 09:45:00,1.505,1.517,1.499,1.499,26161537.0,39394964.0
2021-01-27 10:00:00,1.499,1.5,1.478,1.487,25266954.0,37588996.0
2021-01-27 10:15:00,1.487,1.487,1.469,1.471,47829124.0,70466610.0
2021-01-27 10:30:00,1.47,1.486,1.47,1.485,20892052.0,30900036.0
2021-01-27 10:45:00,1.485,1.491,1.484,1.487,4555734.0,6776615.0
2021-01-27 11:00:00,1.487,1.49,1.485,1.49,9321058.0,13868838.0
2021-01-27 11:15:00,1.491,1.495,1.485,1.487,8145832.0,12154192.0
2021-01-27 11:30:00,1.487,1.489,1.485,1.485,4295207.0,6386150.0
2021-01-27 13:15:00,1.487,1.494,1.485,1.491,5152311.0,7672676.0
2021-01-27 13:30:00,1.491,1.493,1.489,1.49,3067207.0,4571635.0
2021-01-27 13:45:00,1.49,1.491,1.485,1.485,3306290.0,4918272.0
2021-01-27 14:00:00,1.485,1.488,1.485,1.487,4296074.0,6385177.0
2021-01-27 14:15:00,1.487,1.489,1.483,1.485,11435351.0,17000350.0
2021-01-27 14:30:00,1.485,1.486,1.482,1.482,11375410.0,16879044.0
2021-01-27 14:45:00,1.483,1.485,1.482,1.484,7406440.0,10991302.0
2021-01-27 15:00:00,1.484,1.49,1.484,1.489,9881375.0,14686384.0
2021-01-28 09:45:00,1.468,1.485,1.467,1.485,23585740.0,34808241.0
2021-01-28 10:00:00,1.485,1.491,1.484,1.488,21755664.0,32386772.0
2021-01-28 10:15:00,1.487,1.493,1.485,1.487,21309444.0,31743110.0
2021-01-28 10:30:00,1.486,1.487,1.477,1.484,12148070.0,17995868.0
2021-01-28 10:45:00,1.483,1.484,1.478,1.48,8805722.0,13037001.0
2021-01-28 11:00:00,1.48,1.48,1.471,1.475,10518191.0,15506529.0
2021-01-28 11:15:00,1.476,1.479,1.47,1.471,9271885.0,13663871.0
2021-01-28 11:30:00,1.471,1.477,1.471,1.472,6981744.0,10286427.0
2021-01-28 13:15:00,1.472,1.475,1.47,1.474,14986074.0,22050778.0
2021-01-28 13:30:00,1.474,1.478,1.473,1.473,5389651.0,7954046.0
2021-01-28 13:45:00,1.473,1.474,1.469,1.469,7441123.0,10949995.0
2021-01-28 14:00:00,1.471,1.471,1.466,1.466,19749572.0,28998372.0
2021-01-28 14:15:00,1.467,1.468,1.463,1.464,12534115.0,18365744.0
2021-01-28 14:30:00,1.464,1.465,1.457,1.461,16233332.0,23716364.0
2021-01-28 14:45:00,1.462,1.463,1.453,1.454,18663512.0,27181068.0
2021-01-28 15:00:00,1.454,1.454,1.448,1.452,19865008.0,28822514.0
2021-01-29 09:45:00,1.456,1.468,1.454,1.459,29555392.0,43166788.0
2021-01-29 10:00:00,1.459,1.462,1.452,1.453,10577172.0,15404660.0
2021-01-29 10:15:00,1.453,1.454,1.44,1.445,22553710.0,32618928.0
2021-01-29 10:30:00,1.446,1.455,1.446,1.45,16902864.0,24547612.0
2021-01-29 10:45:00,1.45,1.452,1.443,1.448,14443466.0,20917826.0
2021-01-29 11:00:00,1.448,1.458,1.445,1.458,6797846.0,9874953.0
2021-01-29 11:15:00,1.458,1.469,1.455,1.468,13503804.0,19740840.0
2021-01-29 11:30:00,1.468,1.469,1.464,1.467,6401893.0,9383244.0
2021-01-29 13:15:00,1.466,1.467,1.453,1.453,8741493.0,12755753.0
2021-01-29 13:30:00,1.453,1.455,1.449,1.449,8178347.0,11862067.0
2021-01-29 13:45:00,1.449,1.449,1.441,1.444,7802794.0,11277756.0
2021-01-29 14:00:00,1.443,1.447,1.441,1.447,6978795.0,10079916.0
2021-01-29 14:15:00,1.447,1.447,1.438,1.439,10766821.0,15512107.0
2021-01-29 14:30:00,1.439,1.44,1.431,1.431,11136014.0,15986332.0
2021-01-29 14:45:00,1.432,1.448,1.431,1.447,9077672.0,13049339.0
2021-01-29 15:00:00,1.447,1.453,1.446,1.452,11637766.0,16884244.0
2021-02-01 09:45:00,1.452,1.464,1.451,1.461,21929872.0,31967544.0
2021-02-01 10:00:00,1.461,1.464,1.453,1.458,13580201.0,19797492.0
2021-02-01 10:15:00,1.458,1.467,1.457,1.464,11090819.0,16233612.0
2021-02-01 10:30:00,1.464,1.464,1.455,1.455,7594827.0,11077456.0
2021-02-01 10:45:00,1.455,1.457,1.448,1.452,13272048.0,19258486.0
2021-02-01 11:00:00,1.452,1.452,1.444,1.448,10937648.0,15847259.0
2021-02-01 11:15:00,1.448,1.448,1.442,1.446,9270558.0,13383936.0
2021-02-01 11:30:00,1.446,1.448,1.442,1.445,7404354.0,10701543.0
2021-02-01 13:15:00,1.445,1.451,1.445,1.451,10140863.0,14672524.0
2021-02-01 13:30:00,1.451,1.451,1.446,1.447,8092688.0,11726366.0
2021-02-01 13:45:00,1.446,1.447,1.444,1.445,6578692.0,9509921.0
2021-02-01 14:00:00,1.445,1.448,1.444,1.445,6548775.0,9472351.0
2021-02-01 14:15:00,1.445,1.447,1.443,1.447,7114495.0,10280040.0
2021-02-01 14:30:00,1.447,1.447,1.444,1.446,4417335.0,6384347.0
2021-02-01 14:45:00,1.446,1.449,1.445,1.449,6708504.0,9707647.0
2021-02-01 15:00:00,1.45,1.452,1.449,1.452,9957404.0,14447108.0
2021-02-02 09:45:00,1.451,1.454,1.445,1.447,14814536.0,21455659.0
2021-02-02 10:00:00,1.448,1.456,1.446,1.455,11605923.0,16842924.0
2021-02-02 10:15:00,1.455,1.463,1.455,1.459,15730729.0,22971316.0
2021-02-02 10:30:00,1.458,1.461,1.456,1.458,13801708.0,20128392.0
2021-02-02 10:45:00,1.459,1.462,1.457,1.458,8475582.0,12364082.0
2021-02-02 11:00:00,1.457,1.458,1.453,1.453,5235053.0,7622580.0
2021-02-02 11:15:00,1.454,1.455,1.452,1.454,4181440.0,6077505.0
2021-02-02 11:30:00,1.454,1.458,1.453,1.458,7232536.0,10531725.0
2021-02-02 13:15:00,1.458,1.464,1.457,1.464,12630292.0,18448620.0
2021-02-02 13:30:00,1.464,1.465,1.46,1.46,11561319.0,16908728.0
2021-02-02 13:45:00,1.461,1.463,1.459,1.461,7151559.0,10450650.0
2021-02-02 14:00:00,1.461,1.463,1.46,1.461,3600078.0,5260210.0
2021-02-02 14:15:00,1.461,1.463,1.459,1.46,4612649.0,6740272.0
2021-02-02 14:30:00,1.46,1.463,1.458,1.461,5173319.0,7558929.0
2021-02-02 14:45:00,1.462,1.464,1.461,1.463,10343099.0,15128792.0
2021-02-02 15:00:00,1.463,1.467,1.463,1.467,13779654.0,20188036.0
2021-02-03 09:45:00,1.461,1.474,1.46,1.47,30310736.0,44491912.0
2021-02-03 10:00:00,1.47,1.47,1.461,1.461,32611288.0,47735892.0
2021-02-03 10:15:00,1.461,1.463,1.455,1.456,26094638.0,38068932.0
2021-02-03 10:30:00,1.456,1.46,1.453,1.457,10899275.0,15864254.0
2021-02-03 10:45:00,1.457,1.458,1.454,1.456,5634492.0,8201144.0
2021-02-03 11:00:00,1.455,1.455,1.451,1.454,6186989.0,8989814.0
2021-02-03 11:15:00,1.455,1.462,1.454,1.459,4584143.0,6688783.0
2021-02-03 11:30:00,1.46,1.462,1.457,1.46,5021923.0,7333136.0
2021-02-03 13:15:00,1.461,1.465,1.46,1.464,5110926.0,7478400.0
2021-02-03 13:30:00,1.464,1.464,1.46,1.461,2496819.0,3650371.0
2021-02-03 13:45:00,1.461,1.461,1.454,1.454,3424381.0,4988348.0
2021-02-03 14:00:00,1.453,1.457,1.453,1.453,2965046.0,4314285.0
2021-02-03 14:15:00,1.453,1.454,1.451,1.451,6580076.0,9553570.0
2021-02-03 14:30:00,1.453,1.454,1.451,1.451,5192147.0,7540344.0
2021-02-03 14:45:00,1.452,1.452,1.443,1.444,12972706.0,18777580.0
2021-02-03 15:00:00,1.444,1.445,1.442,1.443,11078356.0,15986913.0
2021-02-04 09:45:00,1.435,1.439,1.425,1.435,24105052.0,34494521.0
2021-02-04 10:00:00,1.436,1.441,1.42,1.421,19700352.0,28106856.0
2021-02-04 10:15:00,1.421,1.424,1.417,1.421,25522148.0,36255500.0
2021-02-04 10:30:00,1.421,1.423,1.412,1.414,15997362.0,22674064.0
2021-02-04 10:45:00,1.414,1.414,1.401,1.403,22685488.0,31919740.0
2021-02-04 11:00:00,1.402,1.411,1.401,1.409,9838528.0,13830226.0
2021-02-04 11:15:00,1.408,1.413,1.406,1.411,5553009.0,7835454.0
2021-02-04 11:30:00,1.411,1.411,1.401,1.403,6217619.0,8735332.0
2021-02-04 13:15:00,1.403,1.404,1.398,1.4,20268210.0,28385804.0
2021-02-04 13:30:00,1.4,1.402,1.398,1.401,6293113.0,8808894.0
2021-02-04 13:45:00,1.401,1.406,1.398,1.405,8406198.0,11770875.0
2021-02-04 14:00:00,1.405,1.414,1.404,1.411,6937898.0,9778007.0
2021-02-04 14:15:00,1.41,1.422,1.41,1.422,8403524.0,11895961.0
2021-02-04 14:30:00,1.421,1.431,1.421,1.426,8004266.0,11413442.0
2021-02-04 14:45:00,1.427,1.43,1.42,1.422,5602820.0,7989151.0
2021-02-04 15:00:00,1.422,1.423,1.42,1.421,7073709.0,10053461.0
2021-02-05 09:45:00,1.426,1.43,1.419,1.43,20416036.0,29094973.0
2021-02-05 10:00:00,1.429,1.434,1.426,1.427,11196344.0,16002189.0
2021-02-05 10:15:00,1.427,1.432,1.427,1.431,11166781.0,15963990.0
2021-02-05 10:30:00,1.43,1.433,1.425,1.425,7627432.0,10898842.0
2021-02-05 10:45:00,1.425,1.434,1.424,1.43,8314176.0,11891011.0
2021-02-05 11:00:00,1.43,1.432,1.425,1.426,5200361.0,7423998.0
2021-02-05 11:15:00,1.426,1.429,1.422,1.423,7619624.0,10862147.0
2021-02-05 11:30:00,1.424,1.424,1.417,1.417,15048488.0,21386542.0
2021-02-05 13:15:00,1.418,1.419,1.413,1.415,10780269.0,15262613.0
2021-02-05 13:30:00,1.415,1.421,1.414,1.419,5023291.0,7121641.0
2021-02-05 13:45:00,1.419,1.42,1.415,1.419,6728628.0,9535614.0
2021-02-05 14:00:00,1.419,1.419,1.414,1.415,4581330.0,6489532.0
2021-02-05 14:15:00,1.415,1.417,1.409,1.409,9070692.0,12810611.0
2021-02-05 14:30:00,1.409,1.411,1.406,1.408,10979817.0,15463528.0
2021-02-05 14:45:00,1.407,1.409,1.403,1.403,11666181.0,16393415.0
2021-02-05 15:00:00,1.403,1.408,1.401,1.402,12630583.0,17722398.0
2021-02-08 09:45:00,1.402,1.409,1.397,1.4,25985054.0,36450143.0
2021-02-08 10:00:00,1.4,1.412,1.397,1.411,13751673.0,19332468.0
2021-02-08 10:15:00,1.412,1.412,1.404,1.407,13220185.0,18620892.0
2021-02-08 10:30:00,1.407,1.411,1.406,1.41,6499998.0,9157324.0
2021-02-08 10:45:00,1.41,1.415,1.409,1.412,15299339.0,21619856.0
2021-02-08 11:00:00,1.412,1.419,1.411,1.418,6549959.0,9275337.0
2021-02-08 11:15:00,1.418,1.42,1.415,1.418,9014542.0,12778951.0
2021-02-08 11:30:00,1.418,1.423,1.418,1.418,7764467.0,11031351.0
2021-02-08 13:15:00,1.418,1.42,1.414,1.414,5018033.0,7114217.0
2021-02-08 13:30:00,1.414,1.418,1.413,1.416,2093318.0,2963173.0
2021-02-08 13:45:00,1.416,1.416,1.409,1.41,9074937.0,12810782.0
2021-02-08 14:00:00,1.41,1.411,1.408,1.41,3131009.0,4412502.0
2021-02-08 14:15:00,1.41,1.412,1.409,1.41,6142563.0,8660857.0
2021-02-08 14:30:00,1.41,1.411,1.408,1.41,6094742.0,8591398.0
2021-02-08 14:45:00,1.41,1.412,1.408,1.411,6943160.0,9786372.0
2021-02-08 15:00:00,1.411,1.412,1.408,1.411,9072027.0,12789250.0
2021-02-09 09:45:00,1.412,1.423,1.411,1.423,27451824.0,38872365.0
2021-02-09 10:00:00,1.423,1.426,1.422,1.423,17275796.0,24602984.0
2021-02-09 10:15:00,1.423,1.431,1.422,1.429,12615095.0,18006548.0
2021-02-09 10:30:00,1.43,1.43,1.426,1.427,9979873.0,14250177.0
2021-02-09 10:45:00,1.427,1.429,1.425,1.425,6557042.0,9355726.0
2021-02-09 11:00:00,1.425,1.432,1.425,1.431,5958024.0,8517855.0
2021-02-09 11:15:00,1.431,1.436,1.429,1.436,11279622.0,16163430.0
2021-02-09 11:30:00,1.436,1.437,1.434,1.437,7293707.0,10473375.0
2021-02-09 13:15:00,1.438,1.445,1.438,1.444,13795749.0,19880664.0
2021-02-09 13:30:00,1.444,1.448,1.442,1.444,12819714.0,18519904.0
2021-02-09 13:45:00,1.444,1.445,1.44,1.441,8910228.0,12849284.0
2021-02-09 14:00:00,1.441,1.443,1.439,1.442,5833271.0,8409772.0
2021-02-09 14:15:00,1.442,1.446,1.441,1.446,9358234.0,13505939.0
2021-02-09 14:30:00,1.446,1.448,1.444,1.447,4924341.0,7122578.0
2021-02-09 14:45:00,1.447,1.454,1.446,1.453,11867147.0,17212912.0
2021-02-09 15:00:00,1.453,1.464,1.452,1.457,18486970.0,26973970.0
2021-02-10 09:45:00,1.457,1.457,1.44,1.44,24019496.0,34711825.0
2021-02-10 10:00:00,1.44,1.448,1.437,1.445,15568076.0,22476648.0
2021-02-10 10:15:00,1.445,1.448,1.442,1.447,12848154.0,18570856.0
2021-02-10 10:30:00,1.447,1.452,1.445,1.452,13399846.0,19416648.0
2021-02-10 10:45:00,1.452,1.458,1.451,1.454,12014795.0,17483380.0
2021-02-10 11:00:00,1.454,1.458,1.454,1.457,6860440.0,9987091.0
2021-02-10 11:15:00,1.457,1.458,1.454,1.455,3988224.0,5803960.0
2021-02-10 11:30:00,1.455,1.463,1.455,1.462,9339201.0,13625159.0
2021-02-10 13:15:00,1.462,1.463,1.459,1.459,12076667.0,17638718.0
2021-02-10 13:30:00,1.459,1.463,1.459,1.463,9141816.0,13364625.0
2021-02-10 13:45:00,1.463,1.466,1.461,1.465,10850296.0,15891382.0
2021-02-10 14:00:00,1.464,1.465,1.462,1.463,6397948.0,9362830.0
2021-02-10 14:15:00,1.463,1.464,1.459,1.462,5270798.0,7696684.0
2021-02-10 14:30:00,1.462,1.466,1.462,1.466,5630389.0,8244504.0
2021-02-10 14:45:00,1.466,1.469,1.465,1.468,11543709.0,16930604.0
2021-02-10 15:00:00,1.468,1.469,1.464,1.467,12399949.0,18181044.0
2021-02-18 09:45:00,1.48,1.49,1.469,1.481,40048561.0,59254408.0
2021-02-18 10:00:00,1.48,1.481,1.472,1.476,18016460.0,26591980.0
2021-02-18 10:15:00,1.475,1.481,1.471,1.472,16769227.0,24764082.0
2021-02-18 10:30:00,1.472,1.472,1.459,1.461,16293647.0,23884852.0
2021-02-18 10:45:00,1.461,1.474,1.459,1.474,15863519.0,23275576.0
2021-02-18 11:00:00,1.475,1.478,1.472,1.473,10696373.0,15772963.0
2021-02-18 11:15:00,1.474,1.475,1.47,1.472,4151796.0,6115914.0
2021-02-18 11:30:00,1.472,1.472,1.462,1.463,5788534.0,8492548.0
2021-02-18 13:15:00,1.462,1.467,1.459,1.467,5757570.0,8419989.0
2021-02-18 13:30:00,1.468,1.468,1.465,1.467,3177955.0,4660239.0
2021-02-18 13:45:00,1.467,1.468,1.462,1.462,8544852.0,12526074.0
2021-02-18 14:00:00,1.462,1.463,1.46,1.462,11584468.0,16929044.0
2021-02-18 14:15:00,1.462,1.464,1.46,1.463,7322211.0,10705137.0
2021-02-18 14:30:00,1.463,1.463,1.46,1.461,10286269.0,15036449.0
2021-02-18 14:45:00,1.461,1.463,1.46,1.46,5578143.0,8149832.0
2021-02-18 15:00:00,1.46,1.462,1.459,1.461,7114984.0,10387753.0
2021-02-19 09:45:00,1.455,1.46,1.443,1.444,19566484.0,28386255.0
2021-02-19 10:00:00,1.443,1.444,1.438,1.443,21622864.0,31162646.0
2021-02-19 10:15:00,1.443,1.448,1.438,1.439,13586352.0,19599664.0
2021-02-19 10:30:00,1.438,1.44,1.434,1.439,12090604.0,17372012.0
2021-02-19 10:45:00,1.439,1.444,1.437,1.438,9494229.0,13684960.0
2021-02-19 11:00:00,1.438,1.439,1.434,1.435,8878931.0,12753098.0
2021-02-19 11:15:00,1.434,1.443,1.434,1.442,9381698.0,13490363.0
2021-02-19 11:30:00,1.443,1.444,1.438,1.441,3059292.0,4409554.0
2021-02-19 13:15:00,1.441,1.448,1.441,1.448,9685822.0,13989379.0
2021-02-19 13:30:00,1.448,1.451,1.447,1.447,6357895.0,9213976.0
2021-02-19 13:45:00,1.447,1.451,1.446,1.451,4118120.0,5965098.0
2021-02-19 14:00:00,1.45,1.454,1.45,1.453,4843196.0,7034749.0
2021-02-19 14:15:00,1.454,1.455,1.451,1.454,8440820.0,12257689.0
2021-02-19 14:30:00,1.454,1.458,1.453,1.456,5049824.0,7354022.0
2021-02-19 14:45:00,1.456,1.456,1.453,1.454,6274691.0,9123230.0
2021-02-19 15:00:00,1.455,1.456,1.453,1.455,7281246.0,10592865.0
2021-02-22 09:45:00,1.455,1.46,1.446,1.446,19494546.0,28356395.0
2021-02-22 10:00:00,1.447,1.456,1.446,1.456,10890966.0,15801371.0
2021-02-22 10:15:00,1.455,1.464,1.454,1.463,14947829.0,21827592.0
2021-02-22 10:30:00,1.463,1.463,1.457,1.459,12590298.0,18387732.0
2021-02-22 10:45:00,1.459,1.46,1.451,1.452,8141355.0,11847071.0
2021-02-22 11:00:00,1.452,1.454,1.448,1.448,11311711.0,16408079.0
2021-02-22 11:15:00,1.448,1.452,1.447,1.447,8295749.0,12029453.0
2021-02-22 11:30:00,1.447,1.45,1.444,1.446,13647190.0,19746148.0
2021-02-22 13:15:00,1.446,1.448,1.437,1.437,19106684.0,27545494.0
2021-02-22 13:30:00,1.437,1.442,1.435,1.442,13789311.0,19834648.0
2021-02-22 13:45:00,1.441,1.442,1.436,1.437,10227509.0,14720752.0
2021-02-22 14:00:00,1.437,1.439,1.432,1.435,11619777.0,16676001.0
2021-02-22 14:15:00,1.435,1.435,1.426,1.427,18360312.0,26247074.0
2021-02-22 14:30:00,1.427,1.428,1.423,1.423,13450195.0,19169136.0
2021-02-22 14:45:00,1.423,1.43,1.423,1.428,6047367.0,8627207.0
2021-02-22 15:00:00,1.428,1.428,1.419,1.42,20058112.0,28532632.0
2021-02-23 09:45:00,1.414,1.415,1.405,1.41,33104277.0,46644399.0
2021-02-23 10:00:00,1.41,1.428,1.408,1.425,23614438.0,33486864.0
2021-02-23 10:15:00,1.424,1.425,1.417,1.42,14084120.0,20023848.0
2021-02-23 10:30:00,1.418,1.421,1.416,1.421,7737477.0,10969794.0
2021-02-23 10:45:00,1.421,1.424,1.42,1.421,6670005.0,9480869.0
2021-02-23 11:00:00,1.421,1.424,1.42,1.422,8231384.0,11703432.0
2021-02-23 11:15:00,1.423,1.425,1.421,1.423,3097707.0,4409272.0
2021-02-23 11:30:00,1.423,1.423,1.419,1.42,5007072.0,7113324.0
2021-02-23 13:15:00,1.42,1.425,1.42,1.424,4101195.0,5832297.0
2021-02-23 13:30:00,1.425,1.43,1.423,1.429,9111406.0,12999290.0
2021-02-23 13:45:00,1.429,1.429,1.424,1.425,6258855.0,8931650.0
2021-02-23 14:00:00,1.425,1.426,1.422,1.423,5507244.0,7842249.0
2021-02-23 14:15:00,1.422,1.425,1.422,1.422,3500311.0,4980358.0
2021-02-23 14:30:00,1.422,1.422,1.418,1.42,5838672.0,8291160.0
2021-02-23 14:45:00,1.42,1.421,1.416,1.416,5774544.0,8187818.0
2021-02-23 15:00:00,1.417,1.42,1.415,1.42,11659473.0,16531276.0
2021-02-24 09:45:00,1.422,1.427,1.416,1.422,19127426.0,27194994.0
2021-02-24 10:00:00,1.422,1.425,1.418,1.419,13059922.0,18560272.0
2021-02-24 10:15:00,1.42,1.422,1.416,1.42,17253428.0,24465140.0
2021-02-24 10:30:00,1.42,1.422,1.414,1.416,21499336.0,30462248.0
2021-02-24 10:45:00,1.415,1.416,1.41,1.411,20096014.0,28387898.0
2021-02-24 11:00:00,1.412,1.414,1.407,1.414,14958130.0,21085780.0
2021-02-24 11:15:00,1.414,1.417,1.406,1.407,21062072.0,29719460.0
2021-02-24 11:30:00,1.407,1.409,1.404,1.406,16546140.0,23254300.0
2021-02-24 13:15:00,1.406,1.406,1.397,1.399,28781574.0,40330984.0
2021-02-24 13:30:00,1.399,1.404,1.398,1.403,10850593.0,15198799.0
2021-02-24 13:45:00,1.404,1.405,1.4,1.401,10626698.0,14902141.0
2021-02-24 14:00:00,1.401,1.402,1.398,1.4,15333759.0,21453960.0
2021-02-24 14:15:00,1.4,1.4,1.39,1.391,36082250.0,50314470.0
2021-02-24 14:30:00,1.391,1.396,1.39,1.393,19965744.0,27808372.0
2021-02-24 14:45:00,1.393,1.4,1.393,1.398,13531379.0,18905880.0
2021-02-24 15:00:00,1.398,1.398,1.395,1.398,13616564.0,19012864.0
2021-02-25 09:45:00,1.401,1.405,1.39,1.391,30052392.0,41979811.0
2021-02-25 10:00:00,1.391,1.393,1.388,1.391,26055416.0,36207332.0
2021-02-25 10:15:00,1.391,1.394,1.388,1.39,16414425.0,22825848.0
2021-02-25 10:30:00,1.39,1.392,1.386,1.387,23688512.0,32889060.0
2021-02-25 10:45:00,1.387,1.391,1.385,1.39,15343526.0,21288372.0
2021-02-25 11:00:00,1.39,1.395,1.39,1.394,7722230.0,10758763.0
2021-02-25 11:15:00,1.394,1.394,1.39,1.391,7266005.0,10114921.0
2021-02-25 11:30:00,1.391,1.392,1.389,1.392,4309286.0,5992181.0
2021-02-25 13:15:00,1.392,1.395,1.391,1.392,10129806.0,14114483.0
2021-02-25 13:30:00,1.392,1.393,1.39,1.391,4890039.0,6801559.0
2021-02-25 13:45:00,1.391,1.392,1.389,1.391,9082760.0,12626399.0
2021-02-25 14:00:00,1.391,1.392,1.388,1.388,8522622.0,11837598.0
2021-02-25 14:15:00,1.388,1.389,1.384,1.386,20365196.0,28220216.0
2021-02-25 14:30:00,1.386,1.387,1.384,1.385,12252136.0,16969738.0
2021-02-25 14:45:00,1.385,1.385,1.382,1.384,11643364.0,16110253.0
2021-02-25 15:00:00,1.384,1.384,1.381,1.382,20568094.0,28420016.0
2021-02-26 09:45:00,1.367,1.368,1.356,1.359,54746818.0,74493137.0
2021-02-26 10:00:00,1.359,1.367,1.357,1.365,25740832.0,35031084.0
2021-02-26 10:15:00,1.365,1.372,1.365,1.369,12851053.0,17590324.0
2021-02-26 10:30:00,1.369,1.371,1.363,1.37,13361483.0,18267308.0
2021-02-26 10:45:00,1.37,1.373,1.366,1.366,17450668.0,23887282.0
2021-02-26 11:00:00,1.366,1.367,1.363,1.366,10343950.0,14123512.0
2021-02-26 11:15:00,1.367,1.367,1.359,1.36,17429428.0,23748828.0
2021-02-26 11:30:00,1.36,1.361,1.357,1.358,17166280.0,23322920.0
2021-02-26 13:15:00,1.357,1.36,1.357,1.358,16310052.0,22154728.0
2021-02-26 13:30:00,1.357,1.358,1.356,1.357,14303904.0,19408860.0
2021-02-26 13:45:00,1.357,1.357,1.355,1.355,19939156.0,27039054.0
2021-02-26 14:00:00,1.356,1.357,1.355,1.355,9677104.0,13120490.0
2021-02-26 14:15:00,1.356,1.363,1.355,1.36,11278519.0,15328759.0
2021-02-26 14:30:00,1.36,1.36,1.358,1.359,7978003.0,10839897.0
2021-02-26 14:45:00,1.359,1.36,1.356,1.356,14994156.0,20349636.0
2021-02-26 15:00:00,1.356,1.359,1.355,1.356,20542760.0,27860076.0
2021-03-01 09:45:00,1.361,1.373,1.361,1.366,25031678.0,34246720.0
2021-03-01 10:00:00,1.366,1.374,1.365,1.374,20539172.0,28148960.0
2021-03-01 10:15:00,1.374,1.376,1.371,1.375,16293020.0,22385928.0
2021-03-01 10:30:00,1.375,1.379,1.374,1.375,12419268.0,17100964.0
2021-03-01 10:45:00,1.376,1.378,1.375,1.376,7407533.0,10196618.0
2021-03-01 11:00:00,1.376,1.376,1.372,1.373,13213350.0,18158282.0
2021-03-01 11:15:00,1.373,1.375,1.37,1.374,5963556.0,8184633.0
2021-03-01 11:30:00,1.374,1.378,1.373,1.377,5424074.0,7463402.0
2021-03-01 13:15:00,1.378,1.38,1.376,1.377,7525552.0,10374401.0
2021-03-01 13:30:00,1.378,1.381,1.376,1.377,7648273.0,10543090.0
2021-03-01 13:45:00,1.377,1.38,1.377,1.38,3257884.0,4490627.0
2021-03-01 14:00:00,1.38,1.383,1.379,1.382,9454329.0,13051848.0
2021-03-01 14:15:00,1.382,1.383,1.381,1.382,7110293.0,9828227.0
2021-03-01 14:30:00,1.382,1.383,1.38,1.382,8770098.0,12119404.0
2021-03-01 14:45:00,1.382,1.385,1.382,1.385,8352671.0,11555790.0
2021-03-01 15:00:00,1.385,1.389,1.384,1.389,17784272.0,24661592.0
2021-03-02 09:45:00,1.394,1.401,1.385,1.387,37223816.0,51905013.0
2021-03-02 10:00:00,1.387,1.394,1.385,1.393,15700754.0,21831798.0
2021-03-02 10:15:00,1.394,1.398,1.39,1.397,12240552.0,17082384.0
2021-03-02 10:30:00,1.397,1.398,1.395,1.397,12591360.0,17578830.0
2021-03-02 10:45:00,1.396,1.397,1.391,1.392,10899198.0,15189397.0
2021-03-02 11:00:00,1.392,1.394,1.387,1.389,7923767.0,11021787.0
2021-03-02 11:15:00,1.388,1.392,1.387,1.392,8098498.0,11253447.0
2021-03-02 11:30:00,1.391,1.391,1.384,1.385,8033511.0,11136904.0
2021-03-02 13:15:00,1.385,1.386,1.381,1.383,6215961.0,8598107.0
2021-03-02 13:30:00,1.382,1.383,1.374,1.377,13486378.0,18598012.0
2021-03-02 13:45:00,1.377,1.38,1.376,1.38,7844120.0,10803341.0
2021-03-02 14:00:00,1.38,1.38,1.374,1.375,8774487.0,12076146.0
2021-03-02 14:15:00,1.375,1.378,1.373,1.377,9209761.0,12670520.0
2021-03-02 14:30:00,1.377,1.384,1.376,1.384,5376215.0,7412186.0
2021-03-02 14:45:00,1.384,1.384,1.38,1.382,3767123.0,5207175.0
2021-03-02 15:00:00,1.382,1.384,1.38,1.383,9256030.0,12783488.0
2021-03-03 09:45:00,1.379,1.382,1.369,1.375,19199724.0,26399192.0
2021-03-03 10:00:00,1.374,1.382,1.373,1.377,14168183.0,19522840.0
2021-03-03 10:15:00,1.377,1.379,1.37,1.373,13436326.0,18448760.0
2021-03-03 10:30:00,1.374,1.375,1.37,1.371,9688391.0,13293006.0
2021-03-03 10:45:00,1.371,1.38,1.37,1.379,10981141.0,15094282.0
2021-03-03 11:00:00,1.379,1.38,1.377,1.378,6537252.0,9011975.0
2021-03-03 11:15:00,1.378,1.379,1.377,1.379,7651076.0,10544531.0
2021-03-03 11:30:00,1.378,1.384,1.378,1.383,7091462.0,9796784.0
2021-03-03 13:15:00,1.383,1.385,1.382,1.383,4735155.0,6550726.0
2021-03-03 13:30:00,1.384,1.384,1.381,1.381,4528092.0,6263123.0
2021-03-03 13:45:00,1.381,1.382,1.38,1.382,2349600.0,3245136.0
2021-03-03 14:00:00,1.383,1.384,1.382,1.382,3773973.0,5218821.0
2021-03-03 14:15:00,1.382,1.385,1.382,1.383,8010486.0,11085815.0
2021-03-03 14:30:00,1.383,1.385,1.382,1.385,5975695.0,8268641.0
2021-03-03 14:45:00,1.385,1.385,1.383,1.385,5776789.0,7995644.0
2021-03-03 15:00:00,1.385,1.389,1.384,1.388,20857898.0,28917744.0
2021-03-04 09:45:00,1.38,1.389,1.373,1.373,30354655.0,41881437.0
2021-03-04 10:00:00,1.373,1.379,1.371,1.374,14220144.0,19536024.0
2021-03-04 10:15:00,1.374,1.375,1.369,1.37,19343004.0,26522258.0
2021-03-04 10:30:00,1.371,1.371,1.366,1.366,16662116.0,22802396.0
2021-03-04 10:45:00,1.367,1.367,1.363,1.366,16788356.0,22915452.0
2021-03-04 11:00:00,1.366,1.368,1.362,1.363,14205591.0,19395816.0
2021-03-04 11:15:00,1.363,1.364,1.361,1.363,11327968.0,15433051.0
2021-03-04 11:30:00,1.363,1.363,1.359,1.362,20422752.0,27785302.0
2021-03-04 13:15:00,1.362,1.364,1.36,1.361,11383890.0,15508204.0
2021-03-04 13:30:00,1.36,1.362,1.358,1.359,17658748.0,24015314.0
2021-03-04 13:45:00,1.36,1.36,1.357,1.358,11921327.0,16196349.0
2021-03-04 14:00:00,1.358,1.359,1.356,1.357,13152516.0,17850758.0
2021-03-04 14:15:00,1.357,1.362,1.355,1.361,11069107.0,15024077.0
2021-03-04 14:30:00,1.361,1.362,1.356,1.357,11239953.0,15266500.0
2021-03-04 14:45:00,1.358,1.358,1.353,1.354,23414440.0,31723068.0
2021-03-04 15:00:00,1.353,1.357,1.352,1.357,26425916.0,35776144.0
2021-03-05 09:45:00,1.348,1.352,1.339,1.352,38717547.0,52089033.0
2021-03-05 10:00:00,1.352,1.355,1.344,1.345,20842076.0,28112764.0
2021-03-05 10:15:00,1.344,1.347,1.342,1.347,16757628.0,22535502.0
2021-03-05 10:30:00,1.347,1.353,1.346,1.349,11049012.0,14918543.0
2021-03-05 10:45:00,1.349,1.351,1.347,1.35,13774961.0,18581860.0
2021-03-05 11:00:00,1.35,1.359,1.349,1.358,14154077.0,19189484.0
2021-03-05 11:15:00,1.358,1.363,1.358,1.359,18300208.0,24896036.0
2021-03-05 11:30:00,1.359,1.36,1.353,1.354,8265548.0,11210142.0
2021-03-05 13:15:00,1.354,1.358,1.353,1.354,3073461.0,4164307.0
2021-03-05 13:30:00,1.353,1.354,1.351,1.353,3621707.0,4898540.0
2021-03-05 13:45:00,1.353,1.358,1.352,1.357,4295656.0,5818185.0
2021-03-05 14:00:00,1.357,1.364,1.356,1.364,11704457.0,15928073.0
2021-03-05 14:15:00,1.364,1.367,1.361,1.361,9938770.0,13559087.0
2021-03-05 14:30:00,1.361,1.364,1.361,1.362,8638728.0,11767132.0
2021-03-05 14:45:00,1.363,1.363,1.358,1.362,7106068.0,9670160.0
2021-03-05 15:00:00,1.362,1.362,1.358,1.361,14600391.0,19854966.0
2021-03-08 09:45:00,1.363,1.366,1.359,1.359,19786451.0,26971131.0
2021-03-08 10:00:00,1.359,1.364,1.356,1.357,14561162.0,19796074.0
2021-03-08 10:15:00,1.357,1.358,1.351,1.354,18357880.0,24866028.0
2021-03-08 10:30:00,1.354,1.354,1.348,1.35,21888548.0,29554088.0
2021-03-08 10:45:00,1.35,1.35,1.342,1.342,26906628.0,36193384.0
2021-03-08 11:00:00,1.342,1.343,1.337,1.34,29575538.0,39633530.0
2021-03-08 11:15:00,1.341,1.343,1.335,1.336,17270288.0,23105780.0
2021-03-08 11:30:00,1.336,1.337,1.33,1.33,19148420.0,25518830.0
2021-03-08 13:15:00,1.33,1.332,1.325,1.327,24440140.0,32481322.0
2021-03-08 13:30:00,1.328,1.328,1.322,1.324,15596884.0,20662644.0
2021-03-08 13:45:00,1.324,1.328,1.32,1.325,12286701.0,16254086.0
2021-03-08 14:00:00,1.325,1.327,1.322,1.322,7851883.0,10396551.0
2021-03-08 14:15:00,1.322,1.323,1.319,1.319,13515548.0,17852672.0
2021-03-08 14:30:00,1.32,1.32,1.314,1.317,15716005.0,20694624.0
2021-03-08 14:45:00,1.316,1.317,1.306,1.306,23166360.0,30348744.0
2021-03-08 15:00:00,1.306,1.307,1.303,1.304,31673932.0,41349684.0
2021-03-09 09:45:00,1.304,1.308,1.286,1.286,36037076.0,46620791.0
2021-03-09 10:00:00,1.286,1.286,1.256,1.258,39449804.0,50189576.0
2021-03-09 10:15:00,1.257,1.285,1.257,1.283,31014864.0,39487140.0
2021-03-09 10:30:00,1.283,1.291,1.28,1.284,11295036.0,14522171.0
2021-03-09 10:45:00,1.284,1.285,1.273,1.274,11052134.0,14121043.0
2021-03-09 11:00:00,1.274,1.285,1.274,1.284,9185360.0,11759590.0
2021-03-09 11:15:00,1.285,1.29,1.281,1.29,7923759.0,10184059.0
2021-03-09 11:30:00,1.29,1.295,1.29,1.294,8509171.0,11003943.0
2021-03-09 13:15:00,1.293,1.296,1.289,1.294,9962043.0,12873924.0
2021-03-09 13:30:00,1.295,1.295,1.289,1.29,6706380.0,8668304.0
2021-03-09 13:45:00,1.29,1.293,1.283,1.284,6956219.0,8954024.0
2021-03-09 14:00:00,1.284,1.287,1.281,1.282,3727430.0,4783358.0
2021-03-09 14:15:00,1.281,1.283,1.276,1.277,6969981.0,8920615.0
2021-03-09 14:30:00,1.277,1.277,1.268,1.27,10012351.0,12738870.0
2021-03-09 14:45:00,1.269,1.275,1.263,1.264,11134348.0,14123864.0
2021-03-09 15:00:00,1.264,1.264,1.259,1.263,18668764.0,23546066.0
2021-03-10 09:45:00,1.276,1.286,1.271,1.273,30190911.0,38605230.0
2021-03-10 10:00:00,1.272,1.277,1.268,1.271,13944865.0,17751220.0
2021-03-10 10:15:00,1.271,1.272,1.261,1.263,11743900.0,14870333.0
2021-03-10 10:30:00,1.264,1.269,1.258,1.266,12609705.0,15931184.0
2021-03-10 10:45:00,1.267,1.269,1.264,1.269,9407685.0,11919076.0
2021-03-10 11:00:00,1.269,1.274,1.268,1.272,6638824.0,8439765.0
2021-03-10 11:15:00,1.273,1.276,1.27,1.274,8004444.0,10196606.0
2021-03-10 11:30:00,1.275,1.275,1.271,1.273,10521181.0,13393051.0
2021-03-10 13:15:00,1.274,1.275,1.266,1.267,5637481.0,7162231.0
2021-03-10 13:30:00,1.267,1.268,1.264,1.264,4210753.0,5333259.0
2021-03-10 13:45:00,1.264,1.266,1.261,1.262,4104096.0,5185659.0
2021-03-10 14:00:00,1.262,1.264,1.261,1.264,5142617.0,6494819.0
2021-03-10 14:15:00,1.264,1.269,1.264,1.266,5845679.0,7403507.0
2021-03-10 14:30:00,1.266,1.267,1.263,1.265,9089567.0,11499347.0
2021-03-10 14:45:00,1.265,1.266,1.264,1.265,9600963.0,12144448.0
2021-03-10 15:00:00,1.265,1.265,1.262,1.265,11361947.0,14355377.0
2021-03-11 09:45:00,1.272,1.272,1.257,1.261,24254561.0,30625475.0
2021-03-11 10:00:00,1.262,1.274,1.262,1.271,15399693.0,19576386.0
2021-03-11 10:15:00,1.271,1.278,1.268,1.278,14218550.0,18099440.0
2021-03-11 10:30:00,1.278,1.28,1.275,1.276,9993099.0,12766800.0
2021-03-11 10:45:00,1.276,1.28,1.276,1.28,8934885.0,11422385.0
2021-03-11 11:00:00,1.28,1.285,1.279,1.285,11803011.0,15120881.0
2021-03-11 11:15:00,1.284,1.285,1.279,1.28,6558641.0,8405264.0
2021-03-11 11:30:00,1.28,1.282,1.277,1.28,4601406.0,5887180.0
2021-03-11 13:15:00,1.284,1.301,1.282,1.293,30583428.0,39552132.0
2021-03-11 13:30:00,1.294,1.295,1.29,1.293,9537814.0,12334180.0
2021-03-11 13:45:00,1.293,1.295,1.291,1.295,5193158.0,6715968.0
2021-03-11 14:00:00,1.295,1.295,1.293,1.295,4199054.0,5434146.0
2021-03-11 14:15:00,1.295,1.295,1.288,1.288,5439703.0,7024588.0
2021-03-11 14:30:00,1.288,1.289,1.285,1.289,4964744.0,6388211.0
2021-03-11 14:45:00,1.289,1.294,1.288,1.293,3136978.0,4047819.0
2021-03-11 15:00:00,1.293,1.296,1.292,1.295,8853889.0,11459518.0
2021-03-12 09:45:00,1.297,1.298,1.291,1.292,16013983.0,20721248.0
2021-03-12 10:00:00,1.292,1.292,1.287,1.287,13823566.0,17810996.0
2021-03-12 10:15:00,1.288,1.288,1.281,1.287,18079562.0,23222236.0
2021-03-12 10:30:00,1.287,1.29,1.284,1.284,7084459.0,9123455.0
2021-03-12 10:45:00,1.285,1.286,1.281,1.283,8773500.0,11264101.0
2021-03-12 11:00:00,1.284,1.287,1.281,1.287,4117357.0,5283027.0
2021-03-12 11:15:00,1.287,1.292,1.287,1.289,6279633.0,8093986.0
2021-03-12 11:30:00,1.289,1.291,1.287,1.291,2623127.0,3381448.0
2021-03-12 13:15:00,1.29,1.293,1.287,1.288,5944037.0,7670333.0
2021-03-12 13:30:00,1.288,1.291,1.287,1.288,4185235.0,5391883.0
2021-03-12 13:45:00,1.288,1.289,1.284,1.286,5890259.0,7570954.0
2021-03-12 14:00:00,1.286,1.289,1.285,1.288,7064654.0,9091525.0
2021-03-12 14:15:00,1.288,1.291,1.288,1.289,3948034.0,5089456.0
2021-03-12 14:30:00,1.289,1.29,1.286,1.287,3499755.0,4504650.0
2021-03-12 14:45:00,1.287,1.287,1.284,1.287,2962225.0,3807867.0
2021-03-12 15:00:00,1.286,1.289,1.285,1.288,10268402.0,13217251.0
2021-03-15 09:45:00,1.282,1.282,1.261,1.27,20789091.0,26349286.0
2021-03-15 10:00:00,1.269,1.273,1.261,1.264,24408676.0,30855180.0
2021-03-15 10:15:00,1.263,1.272,1.263,1.267,14930376.0,18948020.0
2021-03-15 10:30:00,1.266,1.269,1.264,1.269,10927612.0,13838131.0
2021-03-15 10:45:00,1.268,1.271,1.263,1.265,9072529.0,11496086.0
2021-03-15 11:00:00,1.264,1.265,1.26,1.261,8514276.0,10745168.0
2021-03-15 11:15:00,1.261,1.263,1.259,1.26,13634137.0,17185992.0
2021-03-15 11:30:00,1.259,1.26,1.255,1.259,10359581.0,13023518.0
2021-03-15 13:15:00,1.259,1.26,1.253,1.254,10555455.0,13249370.0
2021-03-15 13:30:00,1.254,1.254,1.251,1.252,11582172.0,14504540.0
2021-03-15 13:45:00,1.251,1.252,1.25,1.251,10040539.0,12555033.0
2021-03-15 14:00:00,1.25,1.251,1.246,1.247,10822865.0,13512021.0
2021-03-15 14:15:00,1.247,1.249,1.244,1.245,9421013.0,11738246.0
2021-03-15 14:30:00,1.244,1.245,1.239,1.243,17283264.0,21457380.0
2021-03-15 14:45:00,1.243,1.248,1.241,1.245,8513264.0,10596501.0
2021-03-15 15:00:00,1.246,1.251,1.245,1.25,9549932.0,11911625.0
2021-03-16 09:45:00,1.25,1.256,1.249,1.249,14875278.0,18635875.0
2021-03-16 10:00:00,1.249,1.257,1.248,1.253,14064770.0,17632680.0
2021-03-16 10:15:00,1.254,1.254,1.246,1.247,14837996.0,18517734.0
2021-03-16 10:30:00,1.246,1.246,1.242,1.246,19785982.0,24612290.0
2021-03-16 10:45:00,1.245,1.246,1.239,1.24,13315099.0,16526383.0
2021-03-16 11:00:00,1.239,1.246,1.239,1.245,6395082.0,7945455.0
2021-03-16 11:15:00,1.243,1.249,1.243,1.248,4456948.0,5555881.0
2021-03-16 11:30:00,1.248,1.248,1.243,1.244,1811982.0,2255272.0
2021-03-16 13:15:00,1.245,1.246,1.242,1.244,5393467.0,6708715.0
2021-03-16 13:30:00,1.244,1.248,1.243,1.247,5304226.0,6610641.0
2021-03-16 13:45:00,1.247,1.249,1.245,1.246,6555827.0,8176425.0
2021-03-16 14:00:00,1.246,1.248,1.245,1.246,3947204.0,4918961.0
2021-03-16 14:15:00,1.246,1.248,1.245,1.246,4330457.0,5397382.0
2021-03-16 14:30:00,1.246,1.246,1.243,1.243,4166946.0,5183140.0
2021-03-16 14:45:00,1.243,1.247,1.243,1.246,3732538.0,4649167.0
2021-03-16 15:00:00,1.246,1.248,1.244,1.245,19101800.0,23785864.0
2021-03-17 09:45:00,1.244,1.248,1.237,1.247,18569484.0,23044368.0
2021-03-17 10:00:00,1.248,1.257,1.245,1.256,21154232.0,26500988.0
2021-03-17 10:15:00,1.256,1.257,1.252,1.256,12972847.0,16273993.0
2021-03-17 10:30:00,1.257,1.259,1.254,1.255,12906533.0,16223531.0
2021-03-17 10:45:00,1.255,1.259,1.255,1.258,12174393.0,15298394.0
2021-03-17 11:00:00,1.258,1.258,1.254,1.255,4320932.0,5423892.0
2021-03-17 11:15:00,1.256,1.256,1.252,1.253,2489118.0,3121617.0
2021-03-17 11:30:00,1.253,1.256,1.251,1.255,1720663.0,2156322.0
2021-03-17 13:15:00,1.256,1.256,1.253,1.253,2534690.0,3180608.0
2021-03-17 13:30:00,1.253,1.255,1.252,1.255,2441603.0,3059538.0
2021-03-17 13:45:00,1.254,1.258,1.254,1.258,4283766.0,5380272.0
2021-03-17 14:00:00,1.258,1.259,1.257,1.259,4245326.0,5340069.0
2021-03-17 14:15:00,1.259,1.26,1.256,1.26,7582255.0,9548990.0
2021-03-17 14:30:00,1.259,1.26,1.258,1.26,17960216.0,22615496.0
2021-03-17 14:45:00,1.26,1.261,1.258,1.26,3643663.0,4588952.0
2021-03-17 15:00:00,1.26,1.261,1.259,1.26,7738102.0,9748794.0
2021-03-18 09:45:00,1.262,1.274,1.261,1.27,23871438.0,30296216.0
2021-03-18 10:00:00,1.27,1.275,1.27,1.274,20173320.0,25677328.0
2021-03-18 10:15:00,1.274,1.275,1.269,1.27,8882814.0,11295281.0
2021-03-18 10:30:00,1.269,1.27,1.266,1.269,9611434.0,12183707.0
2021-03-18 10:45:00,1.269,1.269,1.265,1.267,9951509.0,12604423.0
2021-03-18 11:00:00,1.267,1.271,1.266,1.271,4721559.0,5991543.0
2021-03-18 11:15:00,1.271,1.272,1.269,1.269,4672529.0,5935178.0
2021-03-18 11:30:00,1.269,1.27,1.268,1.269,3652381.0,4634126.0
2021-03-18 13:15:00,1.269,1.269,1.266,1.268,5140604.0,6514025.0
2021-03-18 13:30:00,1.268,1.27,1.267,1.267,6104196.0,7742005.0
2021-03-18 13:45:00,1.267,1.27,1.265,1.266,6350259.0,8050765.0
2021-03-18 14:00:00,1.266,1.266,1.263,1.264,3601995.0,4555587.0
2021-03-18 14:15:00,1.264,1.265,1.262,1.265,4349839.0,5496309.0
2021-03-18 14:30:00,1.265,1.266,1.262,1.265,5403188.0,6828536.0
2021-03-18 14:45:00,1.265,1.267,1.264,1.267,5890793.0,7457747.0
2021-03-18 15:00:00,1.267,1.268,1.265,1.267,13613796.0,17238690.0
2021-03-19 09:45:00,1.253,1.262,1.246,1.259,18644474.0,23378993.0
2021-03-19 10:00:00,1.259,1.264,1.259,1.261,6560408.0,8277079.0
2021-03-19 10:15:00,1.262,1.262,1.255,1.258,9246129.0,11630199.0
2021-03-19 10:30:00,1.258,1.266,1.258,1.266,6968923.0,8793107.0
2021-03-19 10:45:00,1.265,1.266,1.262,1.262,9751795.0,12328880.0
2021-03-19 11:00:00,1.262,1.266,1.261,1.265,10159816.0,12839874.0
2021-03-19 11:15:00,1.265,1.265,1.26,1.26,5157223.0,6513393.0
2021-03-19 11:30:00,1.26,1.264,1.259,1.263,4913931.0,6192393.0
2021-03-19 13:15:00,1.263,1.263,1.254,1.255,10567542.0,13300568.0
2021-03-19 13:30:00,1.255,1.256,1.251,1.252,6621752.0,8297916.0
2021-03-19 13:45:00,1.252,1.254,1.25,1.253,6833154.0,8554182.0
2021-03-19 14:00:00,1.253,1.253,1.25,1.252,8145719.0,10189396.0
2021-03-19 14:15:00,1.252,1.252,1.248,1.249,10997792.0,13740250.0
2021-03-19 14:30:00,1.249,1.254,1.248,1.254,3455435.0,4321596.0
2021-03-19 14:45:00,1.255,1.256,1.252,1.254,2477124.0,3104641.0
2021-03-19 15:00:00,1.254,1.256,1.252,1.255,10794742.0,13535400.0
2021-03-22 09:45:00,1.253,1.266,1.252,1.265,12067339.0,15185725.0
2021-03-22 10:00:00,1.266,1.271,1.265,1.269,22073896.0,28017100.0
2021-03-22 10:15:00,1.269,1.27,1.264,1.268,16335272.0,20689332.0
2021-03-22 10:30:00,1.268,1.268,1.263,1.264,9150226.0,11577616.0
2021-03-22 10:45:00,1.264,1.265,1.259,1.262,8637715.0,10904617.0
2021-03-22 11:00:00,1.262,1.263,1.259,1.262,3598473.0,4538809.0
2021-03-22 11:15:00,1.262,1.266,1.262,1.264,4455030.0,5628150.0
2021-03-22 11:30:00,1.264,1.269,1.264,1.268,4077308.0,5163433.0
2021-03-22 13:15:00,1.268,1.269,1.266,1.268,2274808.0,2884276.0
2021-03-22 13:30:00,1.268,1.269,1.267,1.267,1717434.0,2176896.0
2021-03-22 13:45:00,1.267,1.269,1.266,1.269,3060268.0,3880408.0
2021-03-22 14:00:00,1.269,1.27,1.267,1.268,2559676.0,3247536.0
2021-03-22 14:15:00,1.268,1.269,1.266,1.266,3159253.0,4006203.0
2021-03-22 14:30:00,1.266,1.268,1.266,1.268,2888842.0,3661468.0
2021-03-22 14:45:00,1.268,1.269,1.265,1.266,3794348.0,4806789.0
2021-03-22 15:00:00,1.266,1.269,1.264,1.268,10554393.0,13367884.0
2021-03-23 09:45:00,1.269,1.28,1.268,1.279,19616920.0,25005243.0
2021-03-23 10:00:00,1.279,1.28,1.273,1.276,17510844.0,22336484.0
2021-03-23 10:15:00,1.276,1.277,1.274,1.276,15653773.0,19964096.0
2021-03-23 10:30:00,1.276,1.277,1.272,1.273,9505404.0,12107445.0
2021-03-23 10:45:00,1.273,1.275,1.271,1.274,7906702.0,10063419.0
2021-03-23 11:00:00,1.274,1.274,1.27,1.273,3709091.0,4715039.0
2021-03-23 11:15:00,1.273,1.273,1.268,1.27,5621473.0,7140367.0
2021-03-23 11:30:00,1.27,1.27,1.265,1.266,3911852.0,4954890.0
2021-03-23 13:15:00,1.266,1.267,1.262,1.266,4063031.0,5135373.0
2021-03-23 13:30:00,1.265,1.27,1.265,1.266,4575006.0,5799127.0
2021-03-23 13:45:00,1.266,1.268,1.266,1.267,3617876.0,4583786.0
2021-03-23 14:00:00,1.267,1.268,1.265,1.266,1915989.0,2425521.0
2021-03-23 14:15:00,1.266,1.266,1.261,1.262,5784413.0,7301871.0
2021-03-23 14:30:00,1.262,1.264,1.259,1.264,6545069.0,8253692.0
2021-03-23 14:45:00,1.264,1.264,1.26,1.262,3514877.0,4434708.0
2021-03-23 15:00:00,1.262,1.264,1.26,1.263,5317076.0,6706221.0
2021-03-24 09:45:00,1.259,1.269,1.255,1.261,9148505.0,11557763.0
2021-03-24 10:00:00,1.261,1.264,1.26,1.26,9134884.0,11528990.0
2021-03-24 10:15:00,1.261,1.261,1.255,1.258,16164425.0,20330028.0
2021-03-24 10:30:00,1.258,1.258,1.255,1.256,7336894.0,9222761.0
2021-03-24 10:45:00,1.257,1.259,1.255,1.257,12640247.0,15881360.0
2021-03-24 11:00:00,1.257,1.26,1.254,1.255,8386340.0,10547765.0
2021-03-24 11:15:00,1.255,1.255,1.252,1.252,6265802.0,7851490.0
2021-03-24 11:30:00,1.253,1.254,1.251,1.253,3240721.0,4059254.0
2021-03-24 13:15:00,1.252,1.253,1.25,1.252,7172908.0,8970605.0
2021-03-24 13:30:00,1.252,1.252,1.248,1.25,5278121.0,6596060.0
2021-03-24 13:45:00,1.25,1.252,1.248,1.25,2812974.0,3515846.0
2021-03-24 14:00:00,1.25,1.25,1.247,1.249,4039047.0,5041167.0
2021-03-24 14:15:00,1.249,1.249,1.246,1.248,4527704.0,5646644.0
2021-03-24 14:30:00,1.248,1.251,1.247,1.25,2953804.0,3691138.0
2021-03-24 14:45:00,1.25,1.251,1.247,1.247,5846106.0,7299039.0
2021-03-24 15:00:00,1.247,1.25,1.246,1.249,10831611.0,13512461.0
2021-03-25 09:45:00,1.244,1.248,1.239,1.247,20703736.0,25702846.0
2021-03-25 10:00:00,1.247,1.247,1.24,1.244,11360168.0,14122873.0
2021-03-25 10:15:00,1.244,1.249,1.244,1.248,6266314.0,7813508.0
2021-03-25 10:30:00,1.248,1.252,1.248,1.25,10011465.0,12510311.0
2021-03-25 10:45:00,1.25,1.253,1.25,1.251,8960880.0,11210312.0
2021-03-25 11:00:00,1.251,1.255,1.25,1.254,13545921.0,16965628.0
2021-03-25 11:15:00,1.254,1.255,1.249,1.25,5880046.0,7359072.0
2021-03-25 11:30:00,1.249,1.249,1.247,1.247,5121094.0,6393185.0
2021-03-25 13:15:00,1.248,1.253,1.248,1.251,2765787.0,3458773.0
2021-03-25 13:30:00,1.251,1.255,1.251,1.254,4612533.0,5783668.0
2021-03-25 13:45:00,1.254,1.256,1.252,1.253,4162498.0,5219796.0
2021-03-25 14:00:00,1.253,1.253,1.249,1.249,2684168.0,3357671.0
2021-03-25 14:15:00,1.249,1.25,1.247,1.248,2690660.0,3359610.0
2021-03-25 14:30:00,1.248,1.249,1.245,1.245,3309504.0,4125858.0
2021-03-25 14:45:00,1.246,1.249,1.245,1.249,3827134.0,4773033.0
2021-03-25 15:00:00,1.249,1.249,1.245,1.247,6836983.0,8523132.0
2021-03-26 09:45:00,1.251,1.259,1.25,1.257,16037973.0,20134720.0
2021-03-26 10:00:00,1.258,1.261,1.253,1.256,10769394.0,13546187.0
2021-03-26 10:15:00,1.256,1.257,1.253,1.256,6020077.0,7553562.0
2021-03-26 10:30:00,1.256,1.257,1.255,1.257,8426868.0,10585045.0
2021-03-26 10:45:00,1.257,1.261,1.256,1.26,12310254.0,15502182.0
2021-03-26 11:00:00,1.26,1.264,1.259,1.264,8127042.0,10252122.0
2021-03-26 11:15:00,1.264,1.267,1.262,1.267,12409375.0,15683718.0
2021-03-26 11:30:00,1.266,1.271,1.266,1.27,14208086.0,18030620.0
2021-03-26 13:15:00,1.27,1.273,1.27,1.27,10390767.0,13213918.0
2021-03-26 13:30:00,1.27,1.273,1.27,1.272,5956829.0,7576203.0
2021-03-26 13:45:00,1.272,1.278,1.272,1.276,14954285.0,19074502.0
2021-03-26 14:00:00,1.276,1.279,1.275,1.278,9942865.0,12698377.0
2021-03-26 14:15:00,1.278,1.28,1.278,1.278,9503358.0,12157225.0
2021-03-26 14:30:00,1.278,1.283,1.278,1.281,8598062.0,11013534.0
2021-03-26 14:45:00,1.282,1.283,1.276,1.279,3832371.0,4900817.0
2021-03-26 15:00:00,1.279,1.282,1.279,1.281,14213339.0,18195916.0
2021-03-29 09:45:00,1.285,1.285,1.273,1.275,14053867.0,17958395.0
2021-03-29 10:00:00,1.275,1.281,1.275,1.278,6521277.0,8334099.0
2021-03-29 10:15:00,1.278,1.284,1.275,1.281,13152200.0,16837624.0
2021-03-29 10:30:00,1.281,1.286,1.281,1.285,6909291.0,8862405.0
2021-03-29 10:45:00,1.285,1.289,1.283,1.288,22853740.0,29410572.0
2021-03-29 11:00:00,1.288,1.288,1.283,1.286,9459389.0,12161363.0
2021-03-29 11:15:00,1.286,1.286,1.284,1.284,6771229.0,8701165.0
2021-03-29 11:30:00,1.284,1.285,1.283,1.285,7814364.0,10035018.0
2021-03-29 13:15:00,1.284,1.285,1.281,1.281,3593546.0,4607932.0
2021-03-29 13:30:00,1.281,1.282,1.277,1.278,3945846.0,5045360.0
2021-03-29 13:45:00,1.278,1.279,1.276,1.277,3709669.0,4737817.0
2021-03-29 14:00:00,1.277,1.278,1.274,1.276,3834560.0,4892227.0
2021-03-29 14:15:00,1.276,1.277,1.274,1.275,2733982.0,3487063.0
2021-03-29 14:30:00,1.275,1.279,1.275,1.278,2457024.0,3137744.0
2021-03-29 14:45:00,1.279,1.279,1.277,1.279,3548450.0,4536130.0
2021-03-29 15:00:00,1.279,1.279,1.275,1.275,5787376.0,7389129.0
2021-03-30 09:45:00,1.272,1.28,1.27,1.275,8291074.0,10564852.0
2021-03-30 10:00:00,1.275,1.277,1.272,1.274,10214980.0,13014100.0
2021-03-30 10:15:00,1.274,1.279,1.273,1.278,9427015.0,12031877.0
2021-03-30 10:30:00,1.278,1.282,1.278,1.282,14672860.0,18778878.0
2021-03-30 10:45:00,1.282,1.283,1.279,1.28,9235500.0,11830533.0
2021-03-30 11:00:00,1.28,1.281,1.277,1.277,7618506.0,9742746.0
2021-03-30 11:15:00,1.277,1.278,1.276,1.277,6996191.0,8935532.0
2021-03-30 11:30:00,1.277,1.279,1.276,1.277,5341698.0,6823426.0
2021-03-30 13:15:00,1.276,1.279,1.275,1.276,8978734.0,11470379.0
2021-03-30 13:30:00,1.276,1.277,1.273,1.274,4005353.0,5107119.0
2021-03-30 13:45:00,1.274,1.275,1.272,1.273,1895397.0,2413918.0
2021-03-30 14:00:00,1.273,1.274,1.27,1.271,2471760.0,3144003.0
2021-03-30 14:15:00,1.271,1.273,1.27,1.273,3850889.0,4895067.0
2021-03-30 14:30:00,1.273,1.273,1.27,1.271,7804271.0,9924462.0
2021-03-30 14:45:00,1.272,1.273,1.271,1.272,4228069.0,5376995.0
2021-03-30 15:00:00,1.272,1.273,1.271,1.272,6952234.0,8842731.0
2021-03-31 09:45:00,1.268,1.277,1.268,1.269,12169785.0,15490616.0
2021-03-31 10:00:00,1.269,1.27,1.264,1.265,18563154.0,23512904.0
2021-03-31 10:15:00,1.265,1.268,1.262,1.267,13055847.0,16506351.0
2021-03-31 10:30:00,1.267,1.269,1.265,1.265,5129147.0,6497859.0
2021-03-31 10:45:00,1.266,1.266,1.262,1.265,6781611.0,8567473.0
2021-03-31 11:00:00,1.265,1.265,1.261,1.262,7891411.0,9958340.0
2021-03-31 11:15:00,1.263,1.269,1.262,1.268,19618564.0,24837440.0
2021-03-31 11:30:00,1.267,1.27,1.266,1.27,4163634.0,5277903.0
2021-03-31 13:15:00,1.271,1.271,1.266,1.268,4189222.0,5311775.0
2021-03-31 13:30:00,1.268,1.269,1.266,1.268,7512227.0,9520343.0
2021-03-31 13:45:00,1.268,1.269,1.266,1.267,2859677.0,3623796.0
2021-03-31 14:00:00,1.267,1.268,1.265,1.268,1452669.0,1839216.0
2021-03-31 14:15:00,1.267,1.268,1.267,1.267,1814380.0,2300228.0
2021-03-31 14:30:00,1.267,1.269,1.267,1.268,3255895.0,4128558.0
2021-03-31 14:45:00,1.269,1.271,1.268,1.27,5949912.0,7555603.0
2021-03-31 15:00:00,1.27,1.273,1.269,1.273,5520445.0,7017035.0
2021-04-01 09:45:00,1.273,1.28,1.273,1.275,10622189.0,13562237.0
2021-04-01 10:00:00,1.276,1.284,1.274,1.283,14519607.0,18567822.0
2021-04-01 10:15:00,1.283,1.289,1.282,1.288,21324312.0,27404036.0
2021-04-01 10:30:00,1.288,1.292,1.288,1.289,15428413.0,19900084.0
2021-04-01 10:45:00,1.289,1.293,1.288,1.29,19001384.0,24526908.0
2021-04-01 11:00:00,1.289,1.29,1.286,1.288,8801663.0,11337814.0
2021-04-01 11:15:00,1.289,1.291,1.288,1.289,8734076.0,11268418.0
2021-04-01 11:30:00,1.288,1.291,1.287,1.29,8848497.0,11403671.0
2021-04-01 13:15:00,1.29,1.294,1.29,1.292,8852886.0,11438929.0
2021-04-01 13:30:00,1.292,1.293,1.289,1.29,2925208.0,3777014.0
2021-04-01 13:45:00,1.29,1.291,1.287,1.291,2957182.0,3811649.0
2021-04-01 14:00:00,1.291,1.291,1.288,1.289,1976609.0,2548590.0
2021-04-01 14:15:00,1.289,1.291,1.287,1.29,2902430.0,3742302.0
2021-04-01 14:30:00,1.29,1.291,1.289,1.29,1867491.0,2409427.0
2021-04-01 14:45:00,1.29,1.293,1.29,1.293,7426136.0,9595202.0
2021-04-01 15:00:00,1.292,1.294,1.291,1.291,10974962.0,14189978.0
2021-04-02 09:45:00,1.298,1.313,1.295,1.311,45364656.0,59211260.0
2021-04-02 10:00:00,1.311,1.316,1.308,1.314,28884930.0,37934336.0
2021-04-02 10:15:00,1.314,1.32,1.314,1.319,26549872.0,34975930.0
2021-04-02 10:30:00,1.319,1.322,1.317,1.32,19216236.0,25357986.0
2021-04-02 10:45:00,1.319,1.325,1.319,1.323,19586868.0,25905564.0
2021-04-02 11:00:00,1.324,1.327,1.322,1.325,15333765.0,20305968.0
2021-04-02 11:15:00,1.325,1.326,1.321,1.323,5285940.0,6993881.0
2021-04-02 11:30:00,1.322,1.325,1.322,1.322,8229651.0,10887214.0
2021-04-02 13:15:00,1.323,1.323,1.318,1.322,16074418.0,21226966.0
2021-04-02 13:30:00,1.321,1.324,1.321,1.324,5200384.0,6878982.0
2021-04-02 13:45:00,1.323,1.325,1.318,1.32,4378716.0,5784558.0
2021-04-02 14:00:00,1.32,1.322,1.319,1.321,2146287.0,2834683.0
2021-04-02 14:15:00,1.322,1.324,1.321,1.323,4536570.0,5999843.0
2021-04-02 14:30:00,1.323,1.325,1.322,1.324,2922070.0,3867599.0
2021-04-02 14:45:00,1.324,1.325,1.322,1.323,3497958.0,4630456.0
2021-04-02 15:00:00,1.322,1.325,1.322,1.324,7463022.0,9878531.0
2021-04-06 09:45:00,1.327,1.335,1.323,1.323,22582330.0,30021459.0
2021-04-06 10:00:00,1.323,1.325,1.319,1.319,10457896.0,13815340.0
2021-04-06 10:15:00,1.32,1.322,1.317,1.322,6682375.0,8820931.0
2021-04-06 10:30:00,1.322,1.323,1.319,1.32,5809731.0,7672283.0
2021-04-06 10:45:00,1.321,1.322,1.318,1.321,7937599.0,10474541.0
2021-04-06 11:00:00,1.321,1.324,1.32,1.324,11657139.0,15411138.0
2021-04-06 11:15:00,1.324,1.324,1.322,1.323,7476102.0,9890336.0
2021-04-06 11:30:00,1.323,1.323,1.318,1.319,7415795.0,9799291.0
2021-04-06 13:15:00,1.319,1.321,1.318,1.32,3154231.0,4163371.0
2021-04-06 13:30:00,1.32,1.324,1.32,1.323,2990088.0,3952092.0
2021-04-06 13:45:00,1.323,1.323,1.32,1.32,2695696.0,3563288.0
2021-04-06 14:00:00,1.321,1.325,1.32,1.323,8018844.0,10610777.0
2021-04-06 14:15:00,1.324,1.325,1.322,1.324,2717985.0,3596666.0
2021-04-06 14:30:00,1.323,1.326,1.323,1.326,3192682.0,4228046.0
2021-04-06 14:45:00,1.326,1.326,1.324,1.324,3063425.0,4057494.0
2021-04-06 15:00:00,1.324,1.326,1.322,1.324,13185630.0,17456348.0
2021-04-07 09:45:00,1.32,1.324,1.313,1.315,9448297.0,12458807.0
2021-04-07 10:00:00,1.315,1.315,1.308,1.312,16077368.0,21083736.0
2021-04-07 10:15:00,1.312,1.318,1.311,1.318,23696686.0,31114822.0
2021-04-07 10:30:00,1.318,1.32,1.315,1.317,9406299.0,12387720.0
2021-04-07 10:45:00,1.317,1.318,1.316,1.316,7198528.0,9478540.0
2021-04-07 11:00:00,1.316,1.317,1.31,1.31,6149008.0,8086419.0
2021-04-07 11:15:00,1.311,1.315,1.31,1.315,1979533.0,2598104.0
2021-04-07 11:30:00,1.313,1.315,1.312,1.315,1216776.0,1598781.0
2021-04-07 13:15:00,1.315,1.317,1.314,1.317,2218046.0,2917919.0
2021-04-07 13:30:00,1.315,1.319,1.315,1.319,2530783.0,3334152.0
2021-04-07 13:45:00,1.319,1.32,1.317,1.32,2854898.0,3764594.0
2021-04-07 14:00:00,1.32,1.321,1.319,1.319,5176965.0,6830479.0
2021-04-07 14:15:00,1.32,1.322,1.32,1.321,3514783.0,4643097.0
2021-04-07 14:30:00,1.32,1.324,1.32,1.324,2976414.0,3935468.0
2021-04-07 14:45:00,1.324,1.326,1.322,1.326,3947479.0,5226051.0
2021-04-07 15:00:00,1.326,1.328,1.324,1.328,9019321.0,11958117.0
2021-04-08 09:45:00,1.321,1.33,1.317,1.328,14438926.0,19094451.0
2021-04-08 10:00:00,1.328,1.331,1.317,1.317,16022941.0,21224188.0
2021-04-08 10:15:00,1.317,1.318,1.314,1.315,13049697.0,17171418.0
2021-04-08 10:30:00,1.315,1.318,1.312,1.318,7807102.0,10265811.0
2021-04-08 10:45:00,1.318,1.324,1.318,1.323,7314948.0,9664576.0
2021-04-08 11:00:00,1.323,1.325,1.322,1.324,3695207.0,4890061.0
2021-04-08 11:15:00,1.325,1.326,1.323,1.324,6988228.0,9254895.0
2021-04-08 11:30:00,1.325,1.326,1.322,1.324,3566335.0,4720753.0
2021-04-08 13:15:00,1.324,1.325,1.319,1.32,3671186.0,4847677.0
2021-04-08 13:30:00,1.319,1.323,1.319,1.321,1226779.0,1619796.0
2021-04-08 13:45:00,1.321,1.323,1.32,1.32,2135820.0,2821143.0
2021-04-08 14:00:00,1.32,1.324,1.32,1.323,2606638.0,3445297.0
2021-04-08 14:15:00,1.324,1.325,1.322,1.323,3265825.0,4324223.0
2021-04-08 14:30:00,1.322,1.323,1.321,1.321,2271377.0,3002639.0
2021-04-08 14:45:00,1.322,1.322,1.318,1.319,3822550.0,5047840.0
2021-04-08 15:00:00,1.318,1.319,1.316,1.317,8323048.0,10967264.0
2021-04-09 09:45:00,1.317,1.322,1.31,1.312,14099793.0,18562173.0
2021-04-09 10:00:00,1.312,1.315,1.311,1.313,9559085.0,12548052.0
2021-04-09 10:15:00,1.313,1.313,1.304,1.307,17510042.0,22908088.0
2021-04-09 10:30:00,1.308,1.309,1.306,1.306,5327267.0,6964894.0
2021-04-09 10:45:00,1.306,1.306,1.301,1.301,16218617.0,21114238.0
2021-04-09 11:00:00,1.301,1.303,1.3,1.302,7125894.0,9272423.0
2021-04-09 11:15:00,1.302,1.305,1.299,1.303,10374470.0,13494727.0
2021-04-09 11:30:00,1.303,1.304,1.301,1.303,1340312.0,1746037.0
2021-04-09 13:15:00,1.303,1.305,1.3,1.301,7607605.0,9910134.0
2021-04-09 13:30:00,1.301,1.303,1.299,1.3,4124847.0,5366173.0
2021-04-09 13:45:00,1.3,1.301,1.297,1.299,3859446.0,5013936.0
2021-04-09 14:00:00,1.299,1.299,1.296,1.298,4506616.0,5847116.0
2021-04-09 14:15:00,1.298,1.299,1.295,1.296,6416193.0,8315873.0
2021-04-09 14:30:00,1.297,1.3,1.294,1.299,3243810.0,4208530.0
2021-04-09 14:45:00,1.299,1.299,1.296,1.296,3718671.0,4826686.0
2021-04-09 15:00:00,1.297,1.298,1.295,1.295,7336023.0,9508496.0
2021-04-12 09:45:00,1.295,1.305,1.289,1.301,13639639.0,17690069.0
2021-04-12 10:00:00,1.301,1.306,1.296,1.296,11708779.0,15236472.0
2021-04-12 10:15:00,1.296,1.296,1.289,1.289,11918590.0,15402420.0
2021-04-12 10:30:00,1.29,1.292,1.288,1.291,5711649.0,7372224.0
2021-04-12 10:45:00,1.291,1.291,1.284,1.286,6840756.0,8805372.0
2021-04-12 11:00:00,1.286,1.288,1.283,1.284,15996700.0,20557310.0
2021-04-12 11:15:00,1.284,1.284,1.28,1.28,6366138.0,8157849.0
2021-04-12 11:30:00,1.28,1.282,1.278,1.281,13115079.0,16787196.0
2021-04-12 13:15:00,1.282,1.282,1.279,1.281,6302402.0,8069937.0
2021-04-12 13:30:00,1.28,1.283,1.28,1.281,7211451.0,9239133.0
2021-04-12 13:45:00,1.281,1.281,1.278,1.28,4226813.0,5408392.0
2021-04-12 14:00:00,1.279,1.28,1.278,1.278,2208846.0,2823654.0
2021-04-12 14:15:00,1.279,1.279,1.273,1.273,6528642.0,8331687.0
2021-04-12 14:30:00,1.274,1.276,1.273,1.274,4690403.0,5976387.0
2021-04-12 14:45:00,1.274,1.274,1.268,1.269,8866558.0,11267850.0
2021-04-12 15:00:00,1.269,1.271,1.266,1.269,9157240.0,11614550.0
2021-04-13 09:45:00,1.267,1.276,1.265,1.266,14915495.0,18937774.0
2021-04-13 10:00:00,1.266,1.28,1.266,1.273,18140320.0,23151638.0
2021-04-13 10:15:00,1.273,1.276,1.271,1.275,6916845.0,8808625.0
2021-04-13 10:30:00,1.274,1.281,1.274,1.28,15625976.0,19984852.0
2021-04-13 10:45:00,1.28,1.283,1.28,1.28,10839206.0,13886293.0
2021-04-13 11:00:00,1.281,1.282,1.279,1.28,3412645.0,4370930.0
2021-04-13 11:15:00,1.28,1.28,1.277,1.278,3621613.0,4629083.0
2021-04-13 11:30:00,1.278,1.28,1.277,1.278,6206188.0,7935540.0
2021-04-13 13:15:00,1.28,1.28,1.275,1.275,3725583.0,4757166.0
2021-04-13 13:30:00,1.275,1.275,1.27,1.271,4831703.0,6142091.0
2021-04-13 13:45:00,1.271,1.273,1.27,1.271,2961922.0,3767199.0
2021-04-13 14:00:00,1.271,1.273,1.269,1.272,4285489.0,5447029.0
2021-04-13 14:15:00,1.272,1.272,1.268,1.268,2641962.0,3353974.0
2021-04-13 14:30:00,1.268,1.272,1.268,1.27,1754477.0,2228618.0
2021-04-13 14:45:00,1.27,1.27,1.266,1.267,5462408.0,6924433.0
2021-04-13 15:00:00,1.267,1.27,1.267,1.269,9473964.0,12011866.0
2021-04-14 09:45:00,1.271,1.283,1.27,1.282,17480036.0,22313399.0
2021-04-14 10:00:00,1.282,1.282,1.276,1.278,20267920.0,25921656.0
2021-04-14 10:15:00,1.279,1.279,1.274,1.274,17902398.0,22843886.0
2021-04-14 10:30:00,1.273,1.277,1.273,1.276,6635870.0,8458488.0
2021-04-14 10:45:00,1.276,1.279,1.275,1.278,2696603.0,3441915.0
2021-04-14 11:00:00,1.278,1.278,1.275,1.277,1232873.0,1573820.0
2021-04-14 11:15:00,1.277,1.277,1.27,1.273,5559018.0,7073177.0
2021-04-14 11:30:00,1.273,1.277,1.273,1.276,2838867.0,3621281.0
2021-04-14 13:15:00,1.276,1.277,1.273,1.276,2606806.0,3323588.0
2021-04-14 13:30:00,1.277,1.277,1.274,1.274,1328001.0,1693256.0
2021-04-14 13:45:00,1.274,1.278,1.274,1.277,636051.0,811519.0
2021-04-14 14:00:00,1.277,1.279,1.277,1.279,3415325.0,4363620.0
2021-04-14 14:15:00,1.279,1.282,1.279,1.281,3407846.0,4362543.0
2021-04-14 14:30:00,1.28,1.281,1.278,1.278,7388021.0,9450411.0
2021-04-14 14:45:00,1.278,1.281,1.278,1.281,1893610.0,2423146.0
2021-04-14 15:00:00,1.281,1.281,1.279,1.28,8504463.0,10885262.0
2021-04-15 09:45:00,1.277,1.278,1.27,1.272,10773603.0,13719392.0
2021-04-15 10:00:00,1.271,1.278,1.271,1.273,26191972.0,33392626.0
2021-04-15 10:15:00,1.274,1.275,1.27,1.275,11267750.0,14344149.0
2021-04-15 10:30:00,1.276,1.276,1.272,1.274,6683512.0,8515483.0
2021-04-15 10:45:00,1.274,1.274,1.271,1.273,2071819.0,2636296.0
2021-04-15 11:00:00,1.273,1.275,1.272,1.273,6287274.0,8008087.0
2021-04-15 11:15:00,1.273,1.274,1.271,1.271,4561167.0,5801847.0
2021-04-15 11:30:00,1.271,1.277,1.271,1.277,4202803.0,5354571.0
2021-04-15 13:15:00,1.277,1.279,1.275,1.278,5457216.0,6974131.0
2021-04-15 13:30:00,1.278,1.278,1.275,1.278,2072404.0,2645526.0
2021-04-15 13:45:00,1.278,1.283,1.277,1.282,3967269.0,5081987.0
2021-04-15 14:00:00,1.283,1.291,1.283,1.288,15058667.0,19385974.0
2021-04-15 14:15:00,1.288,1.289,1.285,1.287,5674002.0,7300724.0
2021-04-15 14:30:00,1.287,1.29,1.287,1.288,3692196.0,4756218.0
2021-04-15 14:45:00,1.289,1.289,1.286,1.287,3951077.0,5086794.0
2021-04-15 15:00:00,1.288,1.29,1.287,1.29,5216013.0,6721515.0
2021-04-16 09:45:00,1.292,1.293,1.287,1.288,12863711.0,16608316.0
2021-04-16 10:00:00,1.288,1.293,1.286,1.29,14058172.0,18138416.0
2021-04-16 10:15:00,1.29,1.29,1.281,1.285,20262092.0,26020040.0
2021-04-16 10:30:00,1.286,1.29,1.285,1.287,5342944.0,6879907.0
2021-04-16 10:45:00,1.288,1.288,1.285,1.286,2404541.0,3091942.0
2021-04-16 11:00:00,1.286,1.286,1.284,1.285,3621808.0,4653806.0
2021-04-16 11:15:00,1.286,1.288,1.284,1.287,4642678.0,5970202.0
2021-04-16 11:30:00,1.286,1.292,1.286,1.292,2565524.0,3309696.0
2021-04-16 13:15:00,1.291,1.295,1.291,1.293,7782687.0,10064659.0
2021-04-16 13:30:00,1.293,1.298,1.293,1.297,8934176.0,11578926.0
2021-04-16 13:45:00,1.297,1.3,1.297,1.3,8912640.0,11577108.0
2021-04-16 14:00:00,1.3,1.304,1.3,1.303,8420861.0,10963633.0
2021-04-16 14:15:00,1.303,1.304,1.299,1.302,3053389.0,3973747.0
2021-04-16 14:30:00,1.302,1.303,1.3,1.301,2029681.0,2641829.0
2021-04-16 14:45:00,1.301,1.302,1.299,1.299,4508893.0,5861573.0
2021-04-16 15:00:00,1.3,1.3,1.297,1.3,6049248.0,7857432.0
2021-04-19 09:45:00,1.3,1.302,1.294,1.299,12380736.0,16081645.0
2021-04-19 10:00:00,1.3,1.303,1.297,1.302,11936709.0,15523677.0
2021-04-19 10:15:00,1.302,1.312,1.301,1.311,12720980.0,16639948.0
2021-04-19 10:30:00,1.312,1.315,1.31,1.315,16932732.0,22230940.0
2021-04-19 10:45:00,1.316,1.322,1.315,1.321,20062048.0,26436560.0
2021-04-19 11:00:00,1.322,1.322,1.318,1.32,8111510.0,10710491.0
2021-04-19 11:15:00,1.321,1.323,1.318,1.32,9569380.0,12639723.0
2021-04-19 11:30:00,1.32,1.323,1.32,1.321,3426725.0,4529551.0
2021-04-19 13:15:00,1.323,1.324,1.32,1.32,5481674.0,7248486.0
2021-04-19 13:30:00,1.321,1.322,1.318,1.318,3033972.0,4004426.0
2021-04-19 13:45:00,1.318,1.321,1.318,1.321,5252108.0,6932173.0
2021-04-19 14:00:00,1.322,1.324,1.32,1.323,8281865.0,10952293.0
2021-04-19 14:15:00,1.322,1.324,1.321,1.323,3242535.0,4287022.0
2021-04-19 14:30:00,1.322,1.324,1.322,1.323,5809674.0,7688820.0
2021-04-19 14:45:00,1.324,1.325,1.322,1.325,11047054.0,14624175.0
2021-04-19 15:00:00,1.325,1.326,1.323,1.325,11912048.0,15781391.0
2021-04-20 09:45:00,1.32,1.326,1.318,1.32,10994862.0,14536382.0
2021-04-20 10:00:00,1.32,1.329,1.319,1.327,20788628.0,27551406.0
2021-04-20 10:15:00,1.328,1.328,1.32,1.324,13619690.0,18026396.0
2021-04-20 10:30:00,1.324,1.327,1.323,1.324,8211394.0,10877764.0
2021-04-20 10:45:00,1.324,1.327,1.323,1.325,6860429.0,9092516.0
2021-04-20 11:00:00,1.325,1.326,1.319,1.32,1524183.0,2013380.0
2021-04-20 11:15:00,1.321,1.322,1.319,1.321,4331687.0,5722179.0
2021-04-20 11:30:00,1.321,1.323,1.32,1.322,3922436.0,5183346.0
2021-04-20 13:15:00,1.323,1.327,1.322,1.325,14523208.0,19245856.0
2021-04-20 13:30:00,1.325,1.325,1.323,1.325,2997564.0,3970253.0
2021-04-20 13:45:00,1.324,1.325,1.322,1.323,3892895.0,5154158.0
2021-04-20 14:00:00,1.323,1.325,1.322,1.323,6844762.0,9060711.0
2021-04-20 14:15:00,1.324,1.324,1.316,1.318,6800079.0,8969524.0
2021-04-20 14:30:00,1.318,1.318,1.316,1.317,2500649.0,3292762.0
2021-04-20 14:45:00,1.317,1.319,1.315,1.316,6686035.0,8802354.0
2021-04-20 15:00:00,1.316,1.317,1.314,1.316,7220796.0,9499651.0
2021-04-21 09:45:00,1.311,1.316,1.308,1.308,13529612.0,17747370.0
2021-04-21 10:00:00,1.308,1.309,1.302,1.304,17471332.0,22798750.0
2021-04-21 10:15:00,1.304,1.308,1.301,1.307,14075622.0,18346728.0
2021-04-21 10:30:00,1.308,1.309,1.305,1.306,8502621.0,11118937.0
2021-04-21 10:45:00,1.307,1.313,1.307,1.312,6140185.0,8046051.0
2021-04-21 11:00:00,1.312,1.314,1.31,1.313,3068059.0,4026565.0
2021-04-21 11:15:00,1.313,1.316,1.312,1.315,6454533.0,8484867.0
2021-04-21 11:30:00,1.314,1.316,1.312,1.316,5304940.0,6968386.0
2021-04-21 13:15:00,1.315,1.316,1.311,1.312,8702666.0,11435038.0
2021-04-21 13:30:00,1.312,1.317,1.311,1.317,11324815.0,14883316.0
2021-04-21 13:45:00,1.316,1.317,1.314,1.315,2451849.0,3225686.0
2021-04-21 14:00:00,1.315,1.316,1.311,1.311,1390960.0,1826240.0
2021-04-21 14:15:00,1.311,1.314,1.311,1.311,2018731.0,2649700.0
2021-04-21 14:30:00,1.312,1.314,1.311,1.313,1340432.0,1758986.0
2021-04-21 14:45:00,1.314,1.314,1.311,1.313,1130472.0,1483153.0
2021-04-21 15:00:00,1.313,1.314,1.311,1.312,5252768.0,6892191.0
2021-04-22 09:45:00,1.312,1.323,1.312,1.323,15030118.0,19847072.0
2021-04-22 10:00:00,1.324,1.326,1.321,1.321,14052248.0,18602686.0
2021-04-22 10:15:00,1.322,1.324,1.318,1.322,13319064.0,17590536.0
2021-04-22 10:30:00,1.321,1.326,1.321,1.325,20310032.0,26895664.0
2021-04-22 10:45:00,1.325,1.327,1.324,1.327,6485251.0,8597040.0
2021-04-22 11:00:00,1.326,1.329,1.325,1.328,4939539.0,6559253.0
2021-04-22 11:15:00,1.328,1.329,1.327,1.328,4209960.0,5589292.0
2021-04-22 11:30:00,1.328,1.329,1.326,1.327,4201390.0,5575577.0
2021-04-22 13:15:00,1.328,1.328,1.326,1.327,4263550.0,5660049.0
2021-04-22 13:30:00,1.327,1.333,1.327,1.333,13211741.0,17569616.0
2021-04-22 13:45:00,1.332,1.333,1.328,1.328,7050608.0,9380486.0
2021-04-22 14:00:00,1.328,1.331,1.328,1.329,3242748.0,4312234.0
2021-04-22 14:15:00,1.33,1.33,1.324,1.325,4358036.0,5782087.0
2021-04-22 14:30:00,1.326,1.328,1.324,1.327,9454239.0,12540688.0
2021-04-22 14:45:00,1.327,1.33,1.326,1.329,4350116.0,5776456.0
2021-04-22 15:00:00,1.329,1.331,1.329,1.33,8859085.0,11783989.0
2021-04-23 09:45:00,1.329,1.331,1.325,1.331,10926851.0,14516453.0
2021-04-23 10:00:00,1.331,1.336,1.33,1.332,23675072.0,31569136.0
2021-04-23 10:15:00,1.332,1.34,1.331,1.337,23357736.0,31206608.0
2021-04-23 10:30:00,1.337,1.34,1.336,1.339,7113569.0,9514370.0
2021-04-23 10:45:00,1.339,1.343,1.339,1.34,17505872.0,23476534.0
2021-04-23 11:00:00,1.34,1.341,1.337,1.339,2933913.0,3928712.0
2021-04-23 11:15:00,1.339,1.342,1.338,1.34,4611890.0,6183324.0
2021-04-23 11:30:00,1.34,1.341,1.335,1.335,2746486.0,3671903.0
2021-04-23 13:15:00,1.335,1.339,1.333,1.334,9265560.0,12374623.0
2021-04-23 13:30:00,1.334,1.335,1.333,1.333,4465124.0,5956994.0
2021-04-23 13:45:00,1.334,1.335,1.332,1.335,4388299.0,5851457.0
2021-04-23 14:00:00,1.335,1.337,1.334,1.335,7006051.0,9356397.0
2021-04-23 14:15:00,1.334,1.336,1.332,1.333,4815154.0,6424382.0
2021-04-23 14:30:00,1.333,1.335,1.332,1.335,5740641.0,7655360.0
2021-04-23 14:45:00,1.335,1.336,1.334,1.335,6265758.0,8366476.0
2021-04-23 15:00:00,1.335,1.337,1.335,1.336,7383091.0,9862780.0
2021-04-26 09:45:00,1.337,1.348,1.337,1.345,23873279.0,32075821.0
2021-04-26 10:00:00,1.345,1.349,1.342,1.347,27968140.0,37663300.0
2021-04-26 10:15:00,1.347,1.354,1.346,1.354,33584484.0,45335210.0
2021-04-26 10:30:00,1.354,1.356,1.352,1.355,13172802.0,17834534.0
2021-04-26 10:45:00,1.355,1.359,1.354,1.355,14549733.0,19736512.0
2021-04-26 11:00:00,1.355,1.36,1.354,1.36,13519293.0,18358880.0
2021-04-26 11:15:00,1.36,1.36,1.357,1.358,5474698.0,7441410.0
2021-04-26 11:30:00,1.358,1.359,1.35,1.352,6621649.0,8960055.0
2021-04-26 13:15:00,1.352,1.354,1.35,1.353,11643937.0,15748181.0
2021-04-26 13:30:00,1.353,1.355,1.351,1.351,5679896.0,7683459.0
2021-04-26 13:45:00,1.351,1.352,1.345,1.345,6502164.0,8771694.0
2021-04-26 14:00:00,1.345,1.346,1.342,1.346,6159146.0,8277001.0
2021-04-26 14:15:00,1.346,1.351,1.343,1.35,9885899.0,13309014.0
2021-04-26 14:30:00,1.349,1.351,1.347,1.349,13852212.0,18690924.0
2021-04-26 14:45:00,1.35,1.352,1.346,1.346,12235078.0,16510216.0
2021-04-26 15:00:00,1.346,1.346,1.339,1.34,10028378.0,13447821.0
2021-04-27 09:45:00,1.34,1.34,1.329,1.33,27830092.0,37101048.0
2021-04-27 10:00:00,1.33,1.335,1.328,1.332,21429888.0,28546452.0
2021-04-27 10:15:00,1.332,1.333,1.329,1.331,10397357.0,13836468.0
2021-04-27 10:30:00,1.331,1.332,1.326,1.326,4732426.0,6288031.0
2021-04-27 10:45:00,1.327,1.331,1.322,1.331,8900909.0,11809799.0
2021-04-27 11:00:00,1.331,1.331,1.327,1.328,3011523.0,4000409.0
2021-04-27 11:15:00,1.329,1.33,1.327,1.329,5531139.0,7347912.0
2021-04-27 11:30:00,1.329,1.331,1.328,1.328,1316451.0,1750213.0
2021-04-27 13:15:00,1.328,1.33,1.327,1.33,1566463.0,2081137.0
2021-04-27 13:30:00,1.33,1.333,1.328,1.333,5922393.0,7882080.0
2021-04-27 13:45:00,1.333,1.337,1.333,1.336,4616937.0,6160930.0
2021-04-27 14:00:00,1.337,1.342,1.336,1.341,2750742.0,3684949.0
2021-04-27 14:15:00,1.342,1.342,1.336,1.339,5521821.0,7390960.0
2021-04-27 14:30:00,1.339,1.34,1.336,1.337,2095718.0,2804437.0
2021-04-27 14:45:00,1.337,1.339,1.337,1.338,3877534.0,5187686.0
2021-04-27 15:00:00,1.338,1.338,1.335,1.335,4545890.0,6073692.0
2021-04-28 09:45:00,1.339,1.346,1.33,1.337,18444420.0,24703290.0
2021-04-28 10:00:00,1.337,1.347,1.337,1.344,16150028.0,21690628.0
2021-04-28 10:15:00,1.344,1.344,1.339,1.34,18703882.0,25096032.0
2021-04-28 10:30:00,1.339,1.346,1.339,1.345,5212917.0,6995196.0
2021-04-28 10:45:00,1.345,1.349,1.345,1.347,10832622.0,14586091.0
2021-04-28 11:00:00,1.347,1.348,1.345,1.345,5295102.0,7125876.0
2021-04-28 11:15:00,1.345,1.347,1.342,1.344,2652547.0,3566584.0
2021-04-28 11:30:00,1.345,1.348,1.344,1.348,2387184.0,3213419.0
2021-04-28 13:15:00,1.347,1.348,1.345,1.345,1586209.0,2135680.0
2021-04-28 13:30:00,1.345,1.346,1.343,1.343,1159812.0,1559531.0
2021-04-28 13:45:00,1.343,1.345,1.342,1.343,3591166.0,4824796.0
2021-04-28 14:00:00,1.342,1.346,1.341,1.346,5042165.0,6775805.0
2021-04-28 14:15:00,1.346,1.351,1.345,1.35,12507764.0,16872696.0
2021-04-28 14:30:00,1.351,1.353,1.348,1.352,5438656.0,7347845.0
2021-04-28 14:45:00,1.353,1.353,1.349,1.351,5379602.0,7265528.0
2021-04-28 15:00:00,1.352,1.353,1.349,1.35,8545439.0,11544473.0
2021-04-29 09:45:00,1.351,1.363,1.347,1.362,15658412.0,21224529.0
2021-04-29 10:00:00,1.362,1.363,1.349,1.35,27857176.0,37836948.0
2021-04-29 10:15:00,1.35,1.356,1.348,1.353,24317418.0,32878552.0
2021-04-29 10:30:00,1.353,1.355,1.348,1.349,12423465.0,16785774.0
2021-04-29 10:45:00,1.349,1.35,1.341,1.344,5742178.0,7722674.0
2021-04-29 11:00:00,1.343,1.346,1.341,1.342,2044309.0,2746953.0
2021-04-29 11:15:00,1.342,1.344,1.34,1.341,2987746.0,4007946.0
2021-04-29 11:30:00,1.343,1.347,1.342,1.346,1890094.0,2539410.0
2021-04-29 13:15:00,1.346,1.347,1.345,1.345,2452835.0,3301156.0
2021-04-29 13:30:00,1.345,1.349,1.345,1.349,6488925.0,8741578.0
2021-04-29 13:45:00,1.349,1.349,1.345,1.345,5479649.0,7383277.0
2021-04-29 14:00:00,1.345,1.349,1.345,1.349,2728771.0,3676624.0
2021-04-29 14:15:00,1.349,1.35,1.347,1.35,2280988.0,3077803.0
2021-04-29 14:30:00,1.35,1.353,1.35,1.351,2885766.0,3899843.0
2021-04-29 14:45:00,1.352,1.355,1.351,1.355,2180163.0,2948583.0
2021-04-29 15:00:00,1.355,1.355,1.35,1.35,6701922.0,9058312.0
2021-04-30 09:45:00,1.346,1.348,1.339,1.341,9972482.0,13397629.0
2021-04-30 10:00:00,1.341,1.347,1.341,1.345,21109018.0,28368056.0
2021-04-30 10:15:00,1.345,1.345,1.341,1.343,15025007.0,20188988.0
2021-04-30 10:30:00,1.343,1.346,1.342,1.344,13574769.0,18238924.0
2021-04-30 10:45:00,1.344,1.352,1.344,1.349,6374767.0,8587756.0
2021-04-30 11:00:00,1.351,1.351,1.347,1.348,2209052.0,2978219.0
2021-04-30 11:15:00,1.348,1.351,1.347,1.349,2587101.0,3492577.0
2021-04-30 11:30:00,1.35,1.353,1.348,1.349,4852675.0,6553402.0
2021-04-30 13:15:00,1.348,1.351,1.345,1.345,10497425.0,14151177.0
2021-04-30 13:30:00,1.345,1.345,1.34,1.343,8396706.0,11271407.0
2021-04-30 13:45:00,1.342,1.343,1.34,1.342,8397803.0,11258301.0
2021-04-30 14:00:00,1.342,1.344,1.339,1.343,3783898.0,5074058.0
2021-04-30 14:15:00,1.345,1.347,1.344,1.345,4180537.0,5625921.0
2021-04-30 14:30:00,1.346,1.352,1.345,1.351,4350262.0,5863840.0
2021-04-30 14:45:00,1.351,1.352,1.348,1.351,3779127.0,5102207.0
2021-04-30 15:00:00,1.352,1.352,1.346,1.349,6986801.0,9419976.0
2021-05-06 09:45:00,1.346,1.348,1.334,1.34,18111322.0,24238303.0
2021-05-06 10:00:00,1.34,1.347,1.336,1.344,17722040.0,23780008.0
2021-05-06 10:15:00,1.344,1.347,1.339,1.345,20897272.0,28062080.0
2021-05-06 10:30:00,1.346,1.347,1.339,1.339,8855986.0,11889125.0
2021-05-06 10:45:00,1.34,1.34,1.334,1.334,11905795.0,15925875.0
2021-05-06 11:00:00,1.335,1.335,1.328,1.329,10236491.0,13621625.0
2021-05-06 11:15:00,1.329,1.332,1.324,1.332,4699137.0,6240774.0
2021-05-06 11:30:00,1.332,1.335,1.33,1.335,1608688.0,2144020.0
2021-05-06 13:15:00,1.334,1.338,1.333,1.335,5072213.0,6775922.0
2021-05-06 13:30:00,1.335,1.336,1.333,1.334,2120112.0,2827856.0
2021-05-06 13:45:00,1.334,1.334,1.33,1.332,1718449.0,2289557.0
2021-05-06 14:00:00,1.332,1.338,1.331,1.338,3124204.0,4169832.0
2021-05-06 14:15:00,1.338,1.341,1.337,1.339,1436273.0,1923319.0
2021-05-06 14:30:00,1.339,1.34,1.338,1.339,2299906.0,3080287.0
2021-05-06 14:45:00,1.339,1.339,1.336,1.336,2281955.0,3052107.0
2021-05-06 15:00:00,1.337,1.339,1.332,1.334,4004708.0,5345906.0
2021-05-07 09:45:00,1.333,1.341,1.328,1.329,12756187.0,17012023.0
2021-05-07 10:00:00,1.329,1.33,1.324,1.327,27030368.0,35849840.0
2021-05-07 10:15:00,1.326,1.334,1.326,1.329,16690131.0,22210536.0
2021-05-07 10:30:00,1.329,1.329,1.321,1.325,12500319.0,16557626.0
2021-05-07 10:45:00,1.325,1.325,1.319,1.32,8712133.0,11505611.0
2021-05-07 11:00:00,1.32,1.32,1.315,1.318,7562956.0,9963986.0
2021-05-07 11:15:00,1.318,1.32,1.316,1.317,9002029.0,11861243.0
2021-05-07 11:30:00,1.316,1.318,1.315,1.315,2919435.0,3840213.0
2021-05-07 13:15:00,1.315,1.316,1.309,1.311,6579135.0,8632841.0
2021-05-07 13:30:00,1.31,1.311,1.308,1.309,7983413.0,10457370.0
2021-05-07 13:45:00,1.309,1.309,1.304,1.304,5764633.0,7532201.0
2021-05-07 14:00:00,1.305,1.305,1.301,1.302,8573139.0,11168989.0
2021-05-07 14:15:00,1.302,1.302,1.294,1.295,12381628.0,16076975.0
2021-05-07 14:30:00,1.295,1.298,1.293,1.295,7389207.0,9567393.0
2021-05-07 14:45:00,1.295,1.298,1.293,1.295,4772501.0,6179453.0
2021-05-07 15:00:00,1.295,1.296,1.293,1.295,5735012.0,7426087.0
2021-05-10 09:45:00,1.295,1.295,1.278,1.289,26421884.0,33904497.0
2021-05-10 10:00:00,1.289,1.289,1.278,1.279,13353705.0,17123896.0
2021-05-10 10:15:00,1.279,1.287,1.277,1.284,19591972.0,25133212.0
2021-05-10 10:30:00,1.285,1.287,1.283,1.286,10008330.0,12860715.0
2021-05-10 10:45:00,1.286,1.288,1.285,1.288,3056055.0,3932583.0
2021-05-10 11:00:00,1.288,1.29,1.287,1.29,2022867.0,2606828.0
2021-05-10 11:15:00,1.29,1.291,1.289,1.289,4832024.0,6233801.0
2021-05-10 11:30:00,1.289,1.29,1.285,1.286,2850193.0,3666109.0
2021-05-10 13:15:00,1.286,1.286,1.279,1.279,6139873.0,7870761.0
2021-05-10 13:30:00,1.279,1.279,1.276,1.277,7832218.0,10004950.0
2021-05-10 13:45:00,1.277,1.28,1.275,1.28,3197578.0,4085568.0
2021-05-10 14:00:00,1.28,1.281,1.277,1.278,6244991.0,7985385.0
2021-05-10 14:15:00,1.278,1.28,1.277,1.278,3168277.0,4049753.0
2021-05-10 14:30:00,1.278,1.279,1.277,1.278,3618729.0,4624946.0
2021-05-10 14:45:00,1.279,1.279,1.277,1.277,5602804.0,7158840.0
2021-05-10 15:00:00,1.278,1.281,1.276,1.28,14473341.0,18502292.0
2021-05-11 09:45:00,1.275,1.279,1.266,1.268,19235778.0,24465829.0
2021-05-11 10:00:00,1.268,1.274,1.266,1.269,23233616.0,29504286.0
2021-05-11 10:15:00,1.269,1.272,1.267,1.271,6404507.0,8129189.0
2021-05-11 10:30:00,1.27,1.27,1.267,1.268,6002587.0,7611075.0
2021-05-11 10:45:00,1.268,1.273,1.267,1.273,13819628.0,17543192.0
2021-05-11 11:00:00,1.273,1.278,1.272,1.278,6341127.0,8085778.0
2021-05-11 11:15:00,1.277,1.279,1.275,1.275,5260600.0,6714730.0
2021-05-11 11:30:00,1.275,1.277,1.274,1.277,650895.0,830027.0
2021-05-11 13:15:00,1.277,1.283,1.276,1.282,3410643.0,4360833.0
2021-05-11 13:30:00,1.283,1.284,1.281,1.282,3847581.0,4935086.0
2021-05-11 13:45:00,1.283,1.284,1.28,1.284,4355545.0,5582209.0
2021-05-11 14:00:00,1.283,1.286,1.282,1.286,2688334.0,3453959.0
2021-05-11 14:15:00,1.286,1.286,1.283,1.285,4245190.0,5452113.0
2021-05-11 14:30:00,1.285,1.285,1.281,1.282,4750262.0,6092893.0
2021-05-11 14:45:00,1.282,1.285,1.281,1.284,4437041.0,5692348.0
2021-05-11 15:00:00,1.285,1.285,1.283,1.284,6903674.0,8861093.0
2021-05-12 09:45:00,1.28,1.288,1.278,1.285,13925378.0,17874850.0
2021-05-12 10:00:00,1.285,1.285,1.278,1.28,22742316.0,29143698.0
2021-05-12 10:15:00,1.28,1.285,1.279,1.282,10568516.0,13553303.0
2021-05-12 10:30:00,1.282,1.289,1.281,1.289,11564288.0,14878733.0
2021-05-12 10:45:00,1.289,1.29,1.287,1.287,8315443.0,10718500.0
2021-05-12 11:00:00,1.288,1.288,1.284,1.285,6246251.0,8033291.0
2021-05-12 11:15:00,1.285,1.288,1.284,1.286,1938450.0,2493801.0
2021-05-12 11:30:00,1.286,1.288,1.285,1.287,1284631.0,1652762.0
2021-05-12 13:15:00,1.287,1.291,1.283,1.285,12355902.0,15906788.0
2021-05-12 13:30:00,1.285,1.287,1.283,1.287,3335244.0,4287363.0
2021-05-12 13:45:00,1.287,1.29,1.286,1.29,3825360.0,4926657.0
2021-05-12 14:00:00,1.289,1.294,1.289,1.293,6159900.0,7956774.0
2021-05-12 14:15:00,1.293,1.296,1.293,1.295,4739515.0,6137421.0
2021-05-12 14:30:00,1.295,1.298,1.295,1.297,2713149.0,3517582.0
2021-05-12 14:45:00,1.297,1.299,1.297,1.298,3455166.0,4484789.0
2021-05-12 15:00:00,1.298,1.3,1.296,1.3,8484267.0,11017222.0
2021-05-13 09:45:00,1.288,1.296,1.287,1.296,13702115.0,17694074.0
2021-05-13 10:00:00,1.296,1.298,1.293,1.296,9822194.0,12728840.0
2021-05-13 10:15:00,1.297,1.297,1.288,1.293,9801079.0,12658926.0
2021-05-13 10:30:00,1.293,1.296,1.292,1.294,11347777.0,14689953.0
2021-05-13 10:45:00,1.295,1.3,1.293,1.3,11631643.0,15087241.0
2021-05-13 11:00:00,1.299,1.303,1.299,1.303,7153419.0,9305238.0
2021-05-13 11:15:00,1.303,1.313,1.302,1.309,12504390.0,16365581.0
2021-05-13 11:30:00,1.309,1.31,1.305,1.308,6280811.0,8210949.0
2021-05-13 13:15:00,1.308,1.308,1.302,1.304,4416841.0,5763926.0
2021-05-13 13:30:00,1.304,1.305,1.3,1.3,3646629.0,4752327.0
2021-05-13 13:45:00,1.3,1.302,1.299,1.301,2411679.0,3136305.0
2021-05-13 14:00:00,1.3,1.3,1.296,1.3,2363817.0,3068208.0
2021-05-13 14:15:00,1.3,1.303,1.299,1.299,1959125.0,2549504.0
2021-05-13 14:30:00,1.299,1.3,1.298,1.299,4487999.0,5832724.0
2021-05-13 14:45:00,1.299,1.301,1.297,1.3,12150246.0,15779108.0
2021-05-13 15:00:00,1.301,1.304,1.3,1.301,5911070.0,7695670.0
2021-05-14 09:45:00,1.303,1.312,1.303,1.306,9872612.0,12915395.0
2021-05-14 10:00:00,1.306,1.307,1.298,1.305,10841202.0,14111605.0
2021-05-14 10:15:00,1.304,1.308,1.304,1.305,10793949.0,14098371.0
2021-05-14 10:30:00,1.306,1.311,1.306,1.309,9649949.0,12626172.0
2021-05-14 10:45:00,1.309,1.314,1.309,1.313,10966276.0,14392289.0
2021-05-14 11:00:00,1.313,1.315,1.311,1.315,12567649.0,16504983.0
2021-05-14 11:15:00,1.315,1.318,1.314,1.317,10998544.0,14481410.0
2021-05-14 11:30:00,1.317,1.319,1.316,1.316,6706112.0,8833014.0
2021-05-14 13:15:00,1.316,1.32,1.316,1.319,7628572.0,10056302.0
2021-05-14 13:30:00,1.32,1.324,1.319,1.322,6973457.0,9214375.0
2021-05-14 13:45:00,1.322,1.324,1.32,1.321,4536101.0,5998242.0
2021-05-14 14:00:00,1.321,1.324,1.321,1.323,6991085.0,9249700.0
2021-05-14 14:15:00,1.323,1.326,1.322,1.325,9903996.0,13116350.0
2021-05-14 14:30:00,1.326,1.326,1.321,1.321,4511953.0,5974480.0
2021-05-14 14:45:00,1.321,1.324,1.321,1.323,2067912.0,2735647.0
2021-05-14 15:00:00,1.323,1.327,1.323,1.327,13719366.0,18184744.0
2021-05-17 09:45:00,1.326,1.347,1.326,1.344,25311968.0,33953776.0
2021-05-17 10:00:00,1.343,1.348,1.342,1.348,20464276.0,27544002.0
2021-05-17 10:15:00,1.348,1.358,1.348,1.356,23844020.0,32233510.0
2021-05-17 10:30:00,1.355,1.36,1.355,1.355,33165982.0,45018156.0
2021-05-17 10:45:00,1.355,1.36,1.353,1.359,28292376.0,38400772.0
2021-05-17 11:00:00,1.36,1.362,1.358,1.36,13901791.0,18913476.0
2021-05-17 11:15:00,1.36,1.362,1.358,1.361,9112033.0,12392410.0
2021-05-17 11:30:00,1.361,1.364,1.361,1.362,15338416.0,20893688.0
2021-05-17 13:15:00,1.362,1.363,1.359,1.359,10507674.0,14305375.0
2021-05-17 13:30:00,1.359,1.359,1.354,1.357,8897940.0,12074609.0
2021-05-17 13:45:00,1.357,1.36,1.355,1.355,6312123.0,8570234.0
2021-05-17 14:00:00,1.355,1.357,1.355,1.356,6102567.0,8276357.0
2021-05-17 14:15:00,1.356,1.356,1.354,1.355,2658752.0,3602829.0
2021-05-17 14:30:00,1.355,1.36,1.355,1.356,8622390.0,11712704.0
2021-05-17 14:45:00,1.358,1.358,1.353,1.354,4553266.0,6170714.0
2021-05-17 15:00:00,1.354,1.356,1.352,1.353,7221769.0,9781103.0
2021-05-18 09:45:00,1.356,1.358,1.348,1.353,16898835.0,22844125.0
2021-05-18 10:00:00,1.352,1.353,1.344,1.348,14641819.0,19740108.0
2021-05-18 10:15:00,1.348,1.354,1.348,1.353,13865406.0,18743830.0
2021-05-18 10:30:00,1.353,1.354,1.349,1.349,13249386.0,17913942.0
2021-05-18 10:45:00,1.35,1.35,1.344,1.346,8684470.0,11694044.0
2021-05-18 11:00:00,1.346,1.347,1.345,1.345,10396821.0,13992735.0
2021-05-18 11:15:00,1.345,1.349,1.344,1.349,4306274.0,5796943.0
2021-05-18 11:30:00,1.348,1.349,1.346,1.348,1347975.0,1816354.0
2021-05-18 13:15:00,1.347,1.348,1.343,1.345,2804614.0,3771459.0
2021-05-18 13:30:00,1.345,1.346,1.344,1.345,2463654.0,3313528.0
2021-05-18 13:45:00,1.345,1.346,1.343,1.344,3765600.0,5061599.0
2021-05-18 14:00:00,1.345,1.345,1.343,1.344,5553483.0,7463565.0
2021-05-18 14:15:00,1.345,1.345,1.341,1.343,4381336.0,5887945.0
2021-05-18 14:30:00,1.343,1.344,1.341,1.343,3707225.0,4978079.0
2021-05-18 14:45:00,1.344,1.346,1.343,1.346,4532020.0,6092723.0
2021-05-18 15:00:00,1.347,1.348,1.345,1.345,9396355.0,12648382.0
2021-05-19 09:45:00,1.345,1.351,1.342,1.345,13950295.0,18798755.0
2021-05-19 10:00:00,1.345,1.357,1.344,1.356,24190856.0,32706960.0
2021-05-19 10:15:00,1.356,1.357,1.353,1.356,21113624.0,28600216.0
2021-05-19 10:30:00,1.356,1.361,1.355,1.36,9865053.0,13404751.0
2021-05-19 10:45:00,1.36,1.36,1.355,1.356,6344764.0,8614930.0
2021-05-19 11:00:00,1.357,1.357,1.351,1.353,5861625.0,7938759.0
2021-05-19 11:15:00,1.353,1.356,1.352,1.353,3792039.0,5134600.0
2021-05-19 11:30:00,1.353,1.355,1.352,1.355,3251374.0,4400046.0
2021-05-19 13:15:00,1.354,1.356,1.351,1.353,5106456.0,6915663.0
2021-05-19 13:30:00,1.352,1.357,1.352,1.355,2538886.0,3440094.0
2021-05-19 13:45:00,1.355,1.357,1.355,1.356,4518912.0,6126887.0
2021-05-19 14:00:00,1.357,1.357,1.354,1.354,1678272.0,2275679.0
2021-05-19 14:15:00,1.354,1.355,1.35,1.35,5016163.0,6779340.0
2021-05-19 14:30:00,1.351,1.353,1.35,1.351,5205445.0,7032044.0
2021-05-19 14:45:00,1.352,1.354,1.351,1.352,3350158.0,4530417.0
2021-05-19 15:00:00,1.353,1.353,1.352,1.352,4312266.0,5832400.0
2021-05-20 09:45:00,1.352,1.365,1.348,1.356,21063400.0,28634443.0
2021-05-20 10:00:00,1.356,1.364,1.354,1.361,19023858.0,25881988.0
2021-05-20 10:15:00,1.362,1.362,1.355,1.357,11680102.0,15868927.0
2021-05-20 10:30:00,1.357,1.359,1.354,1.354,14941010.0,20278652.0
2021-05-20 10:45:00,1.355,1.357,1.352,1.357,5386148.0,7293936.0
2021-05-20 11:00:00,1.357,1.358,1.356,1.357,5219758.0,7083103.0
2021-05-20 11:15:00,1.357,1.36,1.355,1.358,5278395.0,7162876.0
2021-05-20 11:30:00,1.358,1.363,1.358,1.361,4369050.0,5945122.0
2021-05-20 13:15:00,1.361,1.362,1.358,1.36,1554619.0,2115043.0
2021-05-20 13:30:00,1.358,1.359,1.357,1.358,1243959.0,1689839.0
2021-05-20 13:45:00,1.358,1.359,1.357,1.357,2412127.0,3276577.0
2021-05-20 14:00:00,1.358,1.363,1.357,1.362,7180854.0,9772916.0
2021-05-20 14:15:00,1.362,1.363,1.359,1.363,6736057.0,9172023.0
2021-05-20 14:30:00,1.361,1.362,1.36,1.36,1270109.0,1728136.0
2021-05-20 14:45:00,1.36,1.36,1.355,1.355,4102585.0,5564409.0
2021-05-20 15:00:00,1.356,1.357,1.354,1.354,8251251.0,11182176.0
2021-05-21 09:45:00,1.357,1.367,1.356,1.362,23759200.0,32396994.0
2021-05-21 10:00:00,1.362,1.363,1.356,1.356,19651510.0,26718752.0
2021-05-21 10:15:00,1.355,1.355,1.349,1.349,10383429.0,14033008.0
2021-05-21 10:30:00,1.349,1.35,1.345,1.349,15291926.0,20608382.0
2021-05-21 10:45:00,1.349,1.351,1.345,1.35,5461556.0,7361535.0
2021-05-21 11:00:00,1.349,1.35,1.346,1.347,2235546.0,3012134.0
2021-05-21 11:15:00,1.347,1.347,1.339,1.343,8023016.0,10768431.0
2021-05-21 11:30:00,1.343,1.345,1.342,1.345,2318113.0,3114546.0
2021-05-21 13:15:00,1.346,1.347,1.345,1.347,1960563.0,2639048.0
2021-05-21 13:30:00,1.346,1.348,1.345,1.347,723428.0,974203.0
2021-05-21 13:45:00,1.348,1.348,1.343,1.343,1112026.0,1496233.0
2021-05-21 14:00:00,1.344,1.345,1.342,1.344,2878750.0,3867196.0
2021-05-21 14:15:00,1.344,1.346,1.343,1.343,4573020.0,6146536.0
2021-05-21 14:30:00,1.343,1.344,1.34,1.341,4222772.0,5668167.0
2021-05-21 14:45:00,1.341,1.343,1.34,1.341,4215665.0,5652738.0
2021-05-21 15:00:00,1.341,1.342,1.339,1.34,7266662.0,9742944.0
2021-05-24 09:45:00,1.339,1.341,1.334,1.338,18506107.0,24744230.0
2021-05-24 10:00:00,1.337,1.342,1.335,1.335,19049932.0,25506346.0
2021-05-24 10:15:00,1.335,1.335,1.33,1.33,13244579.0,17645300.0
2021-05-24 10:30:00,1.331,1.338,1.33,1.337,7677681.0,10235370.0
2021-05-24 10:45:00,1.338,1.34,1.337,1.339,4474279.0,5991752.0
2021-05-24 11:00:00,1.339,1.343,1.337,1.343,5656100.0,7578541.0
2021-05-24 11:15:00,1.343,1.353,1.343,1.352,8705923.0,11732387.0
2021-05-24 11:30:00,1.352,1.355,1.349,1.355,8813061.0,11917979.0
2021-05-24 13:15:00,1.355,1.358,1.353,1.356,4561811.0,6185220.0
2021-05-24 13:30:00,1.354,1.355,1.351,1.354,4500832.0,6089551.0
2021-05-24 13:45:00,1.354,1.356,1.352,1.353,5719277.0,7739568.0
2021-05-24 14:00:00,1.352,1.356,1.352,1.355,4939038.0,6690138.0
2021-05-24 14:15:00,1.356,1.356,1.354,1.354,1156002.0,1566069.0
2021-05-24 14:30:00,1.354,1.358,1.354,1.356,6094211.0,8266492.0
2021-05-24 14:45:00,1.357,1.358,1.355,1.355,8921310.0,12103328.0
2021-05-24 15:00:00,1.356,1.359,1.355,1.357,17993500.0,24409712.0
2021-05-25 09:45:00,1.357,1.369,1.356,1.368,19879456.0,27154573.0
2021-05-25 10:00:00,1.367,1.373,1.365,1.373,26892100.0,36846504.0
2021-05-25 10:15:00,1.373,1.381,1.372,1.381,47538076.0,65459876.0
2021-05-25 10:30:00,1.381,1.382,1.377,1.381,13709284.0,18917182.0
2021-05-25 10:45:00,1.381,1.382,1.377,1.379,10598647.0,14625891.0
2021-05-25 11:00:00,1.379,1.384,1.379,1.383,11934083.0,16494397.0
2021-05-25 11:15:00,1.384,1.385,1.382,1.383,6905598.0,9552019.0
2021-05-25 11:30:00,1.383,1.387,1.383,1.386,13257626.0,18366244.0
2021-05-25 13:15:00,1.386,1.388,1.384,1.388,9539698.0,13232349.0
2021-05-25 13:30:00,1.388,1.393,1.388,1.392,15501621.0,21552594.0
2021-05-25 13:45:00,1.391,1.392,1.389,1.391,13435443.0,18682760.0
2021-05-25 14:00:00,1.391,1.393,1.391,1.392,14894832.0,20737724.0
2021-05-25 14:15:00,1.392,1.393,1.39,1.392,9278171.0,12913918.0
2021-05-25 14:30:00,1.392,1.395,1.391,1.394,12018214.0,16750430.0
2021-05-25 14:45:00,1.394,1.398,1.394,1.396,19089330.0,26652836.0
2021-05-25 15:00:00,1.397,1.398,1.393,1.393,16450804.0,22975728.0
2021-05-26 09:45:00,1.396,1.401,1.389,1.394,30579784.0,42671096.0
2021-05-26 10:00:00,1.394,1.398,1.392,1.396,19829344.0,27656292.0
2021-05-26 10:15:00,1.396,1.397,1.391,1.396,10554131.0,14710505.0
2021-05-26 10:30:00,1.396,1.4,1.396,1.398,18138478.0,25358522.0
2021-05-26 10:45:00,1.398,1.399,1.396,1.396,15043031.0,21020988.0
2021-05-26 11:00:00,1.397,1.397,1.391,1.392,4265016.0,5948663.0
2021-05-26 11:15:00,1.392,1.393,1.388,1.388,4436677.0,6167508.0
2021-05-26 11:30:00,1.389,1.39,1.386,1.388,5200405.0,7216446.0
2021-05-26 13:15:00,1.388,1.392,1.387,1.391,4120670.0,5724182.0
2021-05-26 13:30:00,1.392,1.393,1.389,1.39,5876010.0,8172324.0
2021-05-26 13:45:00,1.391,1.393,1.39,1.393,6211281.0,8643255.0
2021-05-26 14:00:00,1.392,1.395,1.392,1.394,5423949.0,7557940.0
2021-05-26 14:15:00,1.393,1.394,1.391,1.394,3638187.0,5064919.0
2021-05-26 14:30:00,1.393,1.395,1.392,1.395,6041527.0,8418197.0
2021-05-26 14:45:00,1.395,1.397,1.394,1.395,10378432.0,14480964.0
2021-05-26 15:00:00,1.395,1.395,1.39,1.39,7442885.0,10364991.0
2021-05-27 09:45:00,1.385,1.401,1.385,1.401,22461730.0,31324121.0
2021-05-27 10:00:00,1.401,1.406,1.401,1.405,18415740.0,25857412.0
2021-05-27 10:15:00,1.405,1.413,1.403,1.41,27196484.0,38277050.0
2021-05-27 10:30:00,1.411,1.411,1.406,1.411,10616985.0,14963734.0
2021-05-27 10:45:00,1.411,1.415,1.411,1.414,16991450.0,24017246.0
2021-05-27 11:00:00,1.415,1.423,1.414,1.42,20840132.0,29577824.0
2021-05-27 11:15:00,1.421,1.427,1.419,1.423,13817957.0,19662620.0
2021-05-27 11:30:00,1.423,1.427,1.419,1.419,10395390.0,14804046.0
2021-05-27 13:15:00,1.419,1.425,1.419,1.42,8744214.0,12432195.0
2021-05-27 13:30:00,1.42,1.423,1.419,1.421,7040194.0,9999823.0
2021-05-27 13:45:00,1.421,1.421,1.419,1.419,3574732.0,5077527.0
2021-05-27 14:00:00,1.419,1.421,1.419,1.42,7769335.0,11033637.0
2021-05-27 14:15:00,1.42,1.421,1.418,1.421,11933388.0,16944348.0
2021-05-27 14:30:00,1.422,1.423,1.419,1.422,6424734.0,9130518.0
2021-05-27 14:45:00,1.421,1.424,1.42,1.423,7305174.0,10390290.0
2021-05-27 15:00:00,1.422,1.424,1.42,1.421,8234757.0,11715690.0
2021-05-28 09:45:00,1.422,1.431,1.421,1.43,28010235.0,39969097.0
2021-05-28 10:00:00,1.431,1.443,1.43,1.435,26769996.0,38466960.0
2021-05-28 10:15:00,1.435,1.438,1.434,1.436,18263004.0,26237804.0
2021-05-28 10:30:00,1.436,1.437,1.43,1.431,20223408.0,28993088.0
2021-05-28 10:45:00,1.432,1.434,1.431,1.431,6739252.0,9653117.0
2021-05-28 11:00:00,1.432,1.433,1.426,1.427,8460506.0,12100231.0
2021-05-28 11:15:00,1.427,1.429,1.424,1.427,8317778.0,11862409.0
2021-05-28 11:30:00,1.427,1.43,1.426,1.428,6507896.0,9293254.0
2021-05-28 13:15:00,1.427,1.43,1.427,1.428,4432825.0,6330923.0
2021-05-28 13:30:00,1.428,1.429,1.425,1.427,6740393.0,9617716.0
2021-05-28 13:45:00,1.427,1.427,1.42,1.42,9007372.0,12824304.0
2021-05-28 14:00:00,1.42,1.421,1.412,1.412,12736044.0,18049660.0
2021-05-28 14:15:00,1.412,1.415,1.407,1.409,9775476.0,13797372.0
2021-05-28 14:30:00,1.408,1.411,1.407,1.41,8025763.0,11309322.0
2021-05-28 14:45:00,1.411,1.414,1.41,1.413,7254020.0,10244089.0
2021-05-28 15:00:00,1.414,1.415,1.412,1.414,8215933.0,11613951.0
2021-05-31 09:45:00,1.422,1.446,1.421,1.445,43269232.0,62247902.0
2021-05-31 10:00:00,1.446,1.447,1.441,1.441,23994258.0,34652544.0
2021-05-31 10:15:00,1.442,1.446,1.44,1.445,22783944.0,32886958.0
2021-05-31 10:30:00,1.446,1.455,1.445,1.454,28112458.0,40763164.0
2021-05-31 10:45:00,1.455,1.456,1.451,1.452,17212392.0,25014320.0
2021-05-31 11:00:00,1.452,1.454,1.45,1.453,5243499.0,7613164.0
2021-05-31 11:15:00,1.453,1.456,1.451,1.454,13470861.0,19586542.0
2021-05-31 11:30:00,1.454,1.456,1.453,1.455,5375669.0,7819616.0
2021-05-31 13:15:00,1.455,1.457,1.453,1.456,10779746.0,15689330.0
2021-05-31 13:30:00,1.456,1.458,1.452,1.454,8453933.0,12306768.0
2021-05-31 13:45:00,1.454,1.457,1.453,1.456,7179365.0,10441485.0
2021-05-31 14:00:00,1.457,1.458,1.455,1.457,8417431.0,12265918.0
2021-05-31 14:15:00,1.457,1.461,1.456,1.46,22575678.0,32937242.0
2021-05-31 14:30:00,1.46,1.465,1.46,1.462,15206585.0,22246272.0
2021-05-31 14:45:00,1.462,1.465,1.462,1.464,12135523.0,17759772.0
2021-05-31 15:00:00,1.464,1.47,1.462,1.469,28142754.0,41243380.0
2021-06-01 09:45:00,1.47,1.487,1.458,1.487,46522141.0,68539862.0
2021-06-01 10:00:00,1.487,1.494,1.486,1.49,46923736.0,69928216.0
2021-06-01 10:15:00,1.489,1.493,1.486,1.49,22453788.0,33445214.0
2021-06-01 10:30:00,1.489,1.491,1.476,1.477,27635584.0,40874496.0
2021-06-01 10:45:00,1.477,1.481,1.469,1.48,17402072.0,25666248.0
2021-06-01 11:00:00,1.479,1.486,1.479,1.483,10034206.0,14883116.0
2021-06-01 11:15:00,1.483,1.488,1.483,1.488,8353672.0,12409261.0
2021-06-01 11:30:00,1.488,1.491,1.487,1.49,11353344.0,16908562.0
2021-06-01 13:15:00,1.49,1.494,1.489,1.493,17125288.0,25541120.0
2021-06-01 13:30:00,1.492,1.495,1.491,1.491,9770744.0,14581293.0
2021-06-01 13:45:00,1.491,1.492,1.486,1.486,10983459.0,16351009.0
2021-06-01 14:00:00,1.486,1.487,1.484,1.486,5279204.0,7841599.0
2021-06-01 14:15:00,1.487,1.489,1.484,1.485,7938923.0,11800565.0
2021-06-01 14:30:00,1.485,1.486,1.484,1.484,7351045.0,10917278.0
2021-06-01 14:45:00,1.485,1.489,1.484,1.488,12316245.0,18311980.0
2021-06-01 15:00:00,1.488,1.489,1.486,1.489,9780271.0,14547693.0
2021-06-02 09:45:00,1.488,1.494,1.474,1.48,25425918.0,37721055.0
2021-06-02 10:00:00,1.479,1.481,1.473,1.474,28464794.0,42064964.0
2021-06-02 10:15:00,1.473,1.478,1.466,1.477,21098372.0,31047660.0
2021-06-02 10:30:00,1.476,1.484,1.475,1.482,10229255.0,15133091.0
2021-06-02 10:45:00,1.482,1.484,1.476,1.48,9664551.0,14310500.0
2021-06-02 11:00:00,1.48,1.484,1.471,1.472,7122096.0,10513740.0
2021-06-02 11:15:00,1.471,1.474,1.47,1.472,10291891.0,15146145.0
2021-06-02 11:30:00,1.473,1.473,1.466,1.466,9605459.0,14116866.0
2021-06-02 13:15:00,1.465,1.466,1.46,1.465,9815272.0,14365169.0
2021-06-02 13:30:00,1.465,1.467,1.462,1.462,27126858.0,39709824.0
2021-06-02 13:45:00,1.462,1.463,1.458,1.458,9679323.0,14140431.0
2021-06-02 14:00:00,1.458,1.46,1.454,1.454,6392254.0,9308485.0
2021-06-02 14:15:00,1.453,1.457,1.451,1.457,10453553.0,15193156.0
2021-06-02 14:30:00,1.456,1.456,1.452,1.453,4563006.0,6634692.0
2021-06-02 14:45:00,1.454,1.457,1.452,1.455,9471147.0,13782583.0
2021-06-02 15:00:00,1.456,1.458,1.453,1.453,13820846.0,20098504.0
2021-06-03 09:45:00,1.45,1.459,1.436,1.443,26227935.0,37930882.0
2021-06-03 10:00:00,1.443,1.45,1.439,1.45,19484566.0,28143924.0
2021-06-03 10:15:00,1.45,1.458,1.449,1.458,15696336.0,22822700.0
2021-06-03 10:30:00,1.458,1.459,1.449,1.449,10914720.0,15867851.0
2021-06-03 10:45:00,1.449,1.455,1.448,1.453,16648827.0,24165254.0
2021-06-03 11:00:00,1.454,1.455,1.451,1.453,11253860.0,16351571.0
2021-06-03 11:15:00,1.453,1.461,1.453,1.461,5497580.0,8013073.0
2021-06-03 11:30:00,1.46,1.463,1.459,1.463,10232263.0,14952828.0
2021-06-03 13:15:00,1.462,1.465,1.458,1.464,7966229.0,11649715.0
2021-06-03 13:30:00,1.464,1.467,1.463,1.464,6428589.0,9417371.0
2021-06-03 13:45:00,1.464,1.464,1.455,1.456,5696530.0,8310196.0
2021-06-03 14:00:00,1.456,1.458,1.455,1.457,19018328.0,27704428.0
2021-06-03 14:15:00,1.456,1.458,1.452,1.452,18063928.0,26283568.0
2021-06-03 14:30:00,1.452,1.454,1.446,1.447,17487036.0,25344244.0
2021-06-03 14:45:00,1.447,1.449,1.444,1.444,7258104.0,10494488.0
2021-06-03 15:00:00,1.444,1.446,1.439,1.44,9298228.0,13403322.0
2021-06-04 09:45:00,1.441,1.451,1.434,1.45,24320849.0,35065130.0
2021-06-04 10:00:00,1.451,1.462,1.451,1.455,37733930.0,54925424.0
2021-06-04 10:15:00,1.456,1.464,1.455,1.461,22242068.0,32479494.0
2021-06-04 10:30:00,1.461,1.469,1.459,1.466,13559721.0,19868732.0
2021-06-04 10:45:00,1.467,1.474,1.466,1.468,17994712.0,26461316.0
2021-06-04 11:00:00,1.468,1.47,1.464,1.465,12796180.0,18778580.0
2021-06-04 11:15:00,1.466,1.466,1.46,1.46,14131676.0,20690560.0
2021-06-04 11:30:00,1.461,1.461,1.454,1.458,7723179.0,11243681.0
2021-06-04 13:15:00,1.459,1.468,1.458,1.468,7723759.0,11290033.0
2021-06-04 13:30:00,1.468,1.474,1.465,1.467,8872225.0,13042678.0
2021-06-04 13:45:00,1.467,1.471,1.465,1.466,7591963.0,11148515.0
2021-06-04 14:00:00,1.466,1.466,1.46,1.461,7042844.0,10298096.0
2021-06-04 14:15:00,1.462,1.464,1.457,1.46,9942627.0,14518443.0
2021-06-04 14:30:00,1.46,1.46,1.456,1.457,10480587.0,15280686.0
2021-06-04 14:45:00,1.457,1.46,1.456,1.458,8503486.0,12399662.0
2021-06-04 15:00:00,1.457,1.461,1.457,1.46,10641841.0,15530466.0
2021-06-07 09:45:00,1.466,1.481,1.466,1.469,32326337.0,47678507.0
2021-06-07 10:00:00,1.469,1.479,1.467,1.475,22327070.0,32894596.0
2021-06-07 10:15:00,1.475,1.477,1.463,1.465,20742960.0,30523832.0
2021-06-07 10:30:00,1.466,1.475,1.466,1.474,10887380.0,16022430.0
2021-06-07 10:45:00,1.475,1.477,1.47,1.476,9552622.0,14087806.0
2021-06-07 11:00:00,1.475,1.477,1.466,1.468,10171157.0,14967084.0
2021-06-07 11:15:00,1.469,1.469,1.464,1.464,8008101.0,11745411.0
2021-06-07 11:30:00,1.464,1.465,1.456,1.457,10073909.0,14736991.0
2021-06-07 13:15:00,1.457,1.46,1.454,1.454,4568214.0,6658589.0
2021-06-07 13:30:00,1.454,1.461,1.453,1.459,3727202.0,5431456.0
2021-06-07 13:45:00,1.459,1.461,1.457,1.458,5183088.0,7562031.0
2021-06-07 14:00:00,1.459,1.46,1.457,1.459,9085295.0,13255604.0
2021-06-07 14:15:00,1.46,1.463,1.459,1.462,2715701.0,3968130.0
2021-06-07 14:30:00,1.461,1.462,1.459,1.46,5107915.0,7462693.0
2021-06-07 14:45:00,1.46,1.463,1.459,1.463,3909595.0,5709932.0
2021-06-07 15:00:00,1.463,1.463,1.461,1.463,11580525.0,16933498.0
2021-06-08 09:45:00,1.464,1.471,1.456,1.47,17467880.0,25560714.0
2021-06-08 10:00:00,1.47,1.476,1.466,1.469,26738334.0,39322010.0
2021-06-08 10:15:00,1.47,1.473,1.466,1.466,20173100.0,29622352.0
2021-06-08 10:30:00,1.467,1.467,1.464,1.464,15037278.0,22034774.0
2021-06-08 10:45:00,1.463,1.463,1.457,1.461,11689417.0,17070158.0
2021-06-08 11:00:00,1.461,1.462,1.452,1.452,5546426.0,8082488.0
2021-06-08 11:15:00,1.452,1.461,1.451,1.458,5175791.0,7527596.0
2021-06-08 11:30:00,1.459,1.459,1.455,1.456,2003108.0,2917702.0
2021-06-08 13:15:00,1.455,1.456,1.449,1.449,6843779.0,9938189.0
2021-06-08 13:30:00,1.449,1.452,1.443,1.445,7280684.0,10533212.0
2021-06-08 13:45:00,1.445,1.446,1.44,1.443,7359268.0,10622845.0
2021-06-08 14:00:00,1.443,1.444,1.441,1.443,5622724.0,8108417.0
2021-06-08 14:15:00,1.443,1.449,1.442,1.448,6673431.0,9660315.0
2021-06-08 14:30:00,1.449,1.449,1.445,1.445,2634724.0,3810462.0
2021-06-08 14:45:00,1.446,1.447,1.444,1.445,7578391.0,10954763.0
2021-06-08 15:00:00,1.446,1.449,1.443,1.449,16438973.0,23767596.0
2021-06-09 09:45:00,1.45,1.466,1.446,1.466,22572780.0,32950229.0
2021-06-09 10:00:00,1.467,1.471,1.458,1.462,23603748.0,34576396.0
2021-06-09 10:15:00,1.463,1.467,1.46,1.466,21972328.0,32166740.0
2021-06-09 10:30:00,1.465,1.466,1.461,1.462,21372316.0,31297432.0
2021-06-09 10:45:00,1.463,1.463,1.456,1.458,17735588.0,25878946.0
2021-06-09 11:00:00,1.457,1.463,1.457,1.463,13363882.0,19513300.0
2021-06-09 11:15:00,1.464,1.467,1.462,1.465,2579353.0,3778143.0
2021-06-09 11:30:00,1.466,1.467,1.463,1.463,2733332.0,4000680.0
2021-06-09 13:15:00,1.463,1.465,1.459,1.459,2002157.0,2926680.0
2021-06-09 13:30:00,1.459,1.462,1.459,1.461,1431410.0,2090019.0
2021-06-09 13:45:00,1.46,1.46,1.453,1.454,5281008.0,7685943.0
2021-06-09 14:00:00,1.455,1.456,1.451,1.452,5497700.0,7993156.0
2021-06-09 14:15:00,1.452,1.452,1.448,1.451,6186687.0,8973594.0
2021-06-09 14:30:00,1.45,1.454,1.449,1.451,4184816.0,6077381.0
2021-06-09 14:45:00,1.452,1.458,1.451,1.456,8821399.0,12830368.0
2021-06-09 15:00:00,1.457,1.459,1.456,1.458,9095032.0,13253558.0
2021-06-10 09:45:00,1.457,1.469,1.455,1.463,30655592.0,44858113.0
2021-06-10 10:00:00,1.465,1.467,1.462,1.463,27991756.0,40989004.0
2021-06-10 10:15:00,1.464,1.468,1.462,1.467,17224558.0,25245410.0
2021-06-10 10:30:00,1.467,1.471,1.465,1.469,19545108.0,28702336.0
2021-06-10 10:45:00,1.469,1.473,1.468,1.471,13863994.0,20386112.0
2021-06-10 11:00:00,1.471,1.474,1.469,1.472,6243534.0,9190984.0
2021-06-10 11:15:00,1.473,1.476,1.469,1.469,4762481.0,7013479.0
2021-06-10 11:30:00,1.47,1.473,1.47,1.472,3458261.0,5088860.0
2021-06-10 13:15:00,1.472,1.48,1.472,1.48,14524467.0,21456728.0
2021-06-10 13:30:00,1.479,1.485,1.479,1.482,10928837.0,16201504.0
2021-06-10 13:45:00,1.482,1.483,1.473,1.473,8433674.0,12459388.0
2021-06-10 14:00:00,1.473,1.475,1.473,1.473,5539426.0,8164229.0
2021-06-10 14:15:00,1.473,1.477,1.473,1.475,3991865.0,5885632.0
2021-06-10 14:30:00,1.474,1.479,1.473,1.479,6108182.0,9016137.0
2021-06-10 14:45:00,1.48,1.481,1.477,1.48,10736633.0,15891010.0
2021-06-10 15:00:00,1.48,1.482,1.477,1.48,6782249.0,10035481.0
2021-06-11 09:45:00,1.488,1.488,1.472,1.474,17117682.0,25283772.0
2021-06-11 10:00:00,1.474,1.475,1.467,1.468,21783788.0,32039996.0
2021-06-11 10:15:00,1.469,1.469,1.463,1.463,27453344.0,40238816.0
2021-06-11 10:30:00,1.463,1.474,1.462,1.473,23341396.0,34241730.0
2021-06-11 10:45:00,1.472,1.484,1.472,1.483,13491664.0,19928908.0
2021-06-11 11:00:00,1.482,1.487,1.481,1.483,13372093.0,19846016.0
2021-06-11 11:15:00,1.483,1.488,1.479,1.482,16172649.0,23996296.0
2021-06-11 11:30:00,1.482,1.486,1.479,1.479,7592741.0,11258547.0
2021-06-11 13:15:00,1.48,1.481,1.475,1.479,5207459.0,7697984.0
2021-06-11 13:30:00,1.478,1.481,1.475,1.476,3720191.0,5500498.0
2021-06-11 13:45:00,1.476,1.481,1.474,1.48,4095035.0,6049481.0
2021-06-11 14:00:00,1.48,1.482,1.478,1.479,2618634.0,3876305.0
2021-06-11 14:15:00,1.479,1.481,1.478,1.478,4213988.0,6235830.0
2021-06-11 14:30:00,1.479,1.48,1.474,1.475,4172832.0,6161463.0
2021-06-11 14:45:00,1.475,1.478,1.474,1.475,2985429.0,4406586.0
2021-06-11 15:00:00,1.475,1.477,1.469,1.47,9008137.0,13272905.0
2021-06-15 09:45:00,1.469,1.487,1.468,1.48,30892074.0,45735971.0
2021-06-15 10:00:00,1.48,1.485,1.471,1.474,34090864.0,50457670.0
2021-06-15 10:15:00,1.474,1.476,1.466,1.475,25409092.0,37368664.0
2021-06-15 10:30:00,1.475,1.487,1.474,1.486,14670667.0,21708838.0
2021-06-15 10:45:00,1.486,1.497,1.486,1.496,27706038.0,41320330.0
2021-06-15 11:00:00,1.496,1.503,1.495,1.5,38721916.0,58073772.0
2021-06-15 11:15:00,1.5,1.501,1.492,1.495,8378715.0,12543439.0
2021-06-15 11:30:00,1.494,1.495,1.488,1.495,4654775.0,6944534.0
2021-06-15 13:15:00,1.495,1.495,1.489,1.492,16560740.0,24743776.0
2021-06-15 13:30:00,1.492,1.496,1.492,1.493,6002713.0,8970943.0
2021-06-15 13:45:00,1.493,1.494,1.489,1.489,3519112.0,5249810.0
2021-06-15 14:00:00,1.489,1.491,1.485,1.485,4601905.0,6849586.0
2021-06-15 14:15:00,1.485,1.488,1.481,1.483,4102198.0,6091387.0
2021-06-15 14:30:00,1.483,1.485,1.48,1.482,2868882.0,4252520.0
2021-06-15 14:45:00,1.483,1.483,1.478,1.48,3835251.0,5676955.0
2021-06-15 15:00:00,1.481,1.482,1.479,1.48,5897664.0,8733445.0
2021-06-16 09:45:00,1.476,1.485,1.47,1.478,20618647.0,30445906.0
2021-06-16 10:00:00,1.478,1.478,1.472,1.474,10438149.0,15391662.0
2021-06-16 10:15:00,1.474,1.48,1.468,1.469,17356704.0,25604692.0
2021-06-16 10:30:00,1.468,1.469,1.452,1.454,20584692.0,30042024.0
2021-06-16 10:45:00,1.454,1.454,1.445,1.45,18416226.0,26668376.0
2021-06-16 11:00:00,1.45,1.457,1.446,1.457,6817100.0,9878605.0
2021-06-16 11:15:00,1.457,1.457,1.448,1.449,7630268.0,11072351.0
2021-06-16 11:30:00,1.448,1.453,1.445,1.445,13544258.0,19619580.0
2021-06-16 13:15:00,1.445,1.451,1.441,1.45,13936235.0,20137824.0
2021-06-16 13:30:00,1.45,1.45,1.443,1.444,6538914.0,9447960.0
2021-06-16 13:45:00,1.444,1.445,1.441,1.444,8157570.0,11769133.0
2021-06-16 14:00:00,1.443,1.444,1.44,1.441,5527059.0,7964913.0
2021-06-16 14:15:00,1.441,1.448,1.439,1.447,5669068.0,8176391.0
2021-06-16 14:30:00,1.447,1.447,1.444,1.444,3994334.0,5775413.0
2021-06-16 14:45:00,1.445,1.445,1.439,1.439,4158904.0,5996881.0
2021-06-16 15:00:00,1.439,1.442,1.438,1.439,8574313.0,12340935.0
2021-06-17 09:45:00,1.441,1.453,1.441,1.449,16000876.0,23165680.0
2021-06-17 10:00:00,1.45,1.456,1.448,1.455,13560654.0,19690556.0
2021-06-17 10:15:00,1.456,1.467,1.455,1.461,21034418.0,30740404.0
2021-06-17 10:30:00,1.461,1.468,1.461,1.462,12085073.0,17691168.0
2021-06-17 10:45:00,1.463,1.463,1.46,1.461,10892569.0,15913901.0
2021-06-17 11:00:00,1.46,1.462,1.455,1.462,5875285.0,8571264.0
2021-06-17 11:15:00,1.461,1.465,1.459,1.465,9054069.0,13230921.0
2021-06-17 11:30:00,1.465,1.47,1.463,1.467,13590137.0,19939592.0
2021-06-17 13:15:00,1.467,1.474,1.467,1.472,14067197.0,20687372.0
2021-06-17 13:30:00,1.472,1.485,1.472,1.481,16470342.0,24371852.0
2021-06-17 13:45:00,1.481,1.49,1.478,1.485,11278825.0,16746139.0
2021-06-17 14:00:00,1.485,1.498,1.485,1.497,24816284.0,37009188.0
2021-06-17 14:15:00,1.498,1.51,1.495,1.508,30356836.0,45588730.0
2021-06-17 14:30:00,1.508,1.51,1.5,1.503,23494492.0,35341444.0
2021-06-17 14:45:00,1.503,1.504,1.498,1.501,11901401.0,17854384.0
2021-06-17 15:00:00,1.502,1.506,1.501,1.505,18240388.0,27433668.0
2021-06-18 09:45:00,1.505,1.531,1.505,1.529,55088808.0,83650684.0
2021-06-18 10:00:00,1.527,1.529,1.514,1.518,19131244.0,29125430.0
2021-06-18 10:15:00,1.518,1.525,1.511,1.524,20953252.0,31812652.0
2021-06-18 10:30:00,1.524,1.534,1.523,1.533,25554424.0,39053876.0
2021-06-18 10:45:00,1.533,1.534,1.517,1.519,12617131.0,19266402.0
2021-06-18 11:00:00,1.519,1.521,1.514,1.521,11998656.0,18206764.0
2021-06-18 11:15:00,1.519,1.52,1.511,1.519,7857938.0,11905156.0
2021-06-18 11:30:00,1.518,1.522,1.518,1.52,5570852.0,8466704.0
2021-06-18 13:15:00,1.519,1.521,1.516,1.52,7911173.0,12013567.0
2021-06-18 13:30:00,1.52,1.521,1.513,1.515,4470237.0,6785429.0
2021-06-18 13:45:00,1.514,1.515,1.51,1.515,7361919.0,11133916.0
2021-06-18 14:00:00,1.514,1.526,1.514,1.524,9094034.0,13843505.0
2021-06-18 14:15:00,1.524,1.53,1.523,1.529,7586521.0,11586078.0
2021-06-18 14:30:00,1.529,1.533,1.529,1.531,16550658.0,25339724.0
2021-06-18 14:45:00,1.532,1.532,1.527,1.529,10174023.0,15565334.0
2021-06-18 15:00:00,1.529,1.53,1.527,1.529,15108749.0,23104520.0
2021-06-21 09:45:00,1.525,1.535,1.516,1.529,21799276.0,33250133.0
2021-06-21 10:00:00,1.53,1.538,1.528,1.532,20883660.0,31997366.0
2021-06-21 10:15:00,1.532,1.554,1.532,1.553,48507252.0,74980264.0
2021-06-21 10:30:00,1.553,1.56,1.553,1.559,27597064.0,42950140.0
2021-06-21 10:45:00,1.559,1.561,1.552,1.557,14415127.0,22429708.0
2021-06-21 11:00:00,1.556,1.558,1.55,1.555,9052693.0,14071221.0
2021-06-21 11:15:00,1.554,1.556,1.546,1.548,7212122.0,11182089.0
2021-06-21 11:30:00,1.549,1.552,1.545,1.551,7685061.0,11901659.0
2021-06-21 13:15:00,1.552,1.557,1.549,1.557,13589669.0,21124168.0
2021-06-21 13:30:00,1.558,1.558,1.552,1.556,5810104.0,9032891.0
2021-06-21 13:45:00,1.556,1.559,1.553,1.559,13327196.0,20748566.0
2021-06-21 14:00:00,1.559,1.56,1.557,1.559,7804290.0,12161476.0
2021-06-21 14:15:00,1.559,1.561,1.558,1.56,12158072.0,18962756.0
2021-06-21 14:30:00,1.559,1.565,1.559,1.565,13329552.0,20821352.0
2021-06-21 14:45:00,1.565,1.565,1.562,1.564,11983373.0,18734084.0
2021-06-21 15:00:00,1.563,1.565,1.563,1.563,17303628.0,27055890.0
2021-06-22 09:45:00,1.563,1.571,1.543,1.549,36993318.0,57534438.0
2021-06-22 10:00:00,1.549,1.55,1.539,1.55,26067960.0,40276376.0
2021-06-22 10:15:00,1.55,1.556,1.55,1.552,17791752.0,27626554.0
2021-06-22 10:30:00,1.552,1.553,1.547,1.551,12548099.0,19455492.0
2021-06-22 10:45:00,1.551,1.563,1.551,1.561,13810174.0,21500086.0
2021-06-22 11:00:00,1.561,1.563,1.56,1.561,5165990.0,8063750.0
2021-06-22 11:15:00,1.562,1.567,1.561,1.562,7974116.0,12473460.0
2021-06-22 11:30:00,1.563,1.564,1.561,1.561,5370047.0,8391701.0
2021-06-22 13:15:00,1.56,1.562,1.558,1.56,11982400.0,18692472.0
2021-06-22 13:30:00,1.56,1.564,1.558,1.564,7800894.0,12179081.0
2021-06-22 13:45:00,1.563,1.564,1.558,1.559,6162930.0,9620611.0
2021-06-22 14:00:00,1.56,1.56,1.553,1.555,9039751.0,14057751.0
2021-06-22 14:15:00,1.556,1.557,1.553,1.554,8697039.0,13526000.0
2021-06-22 14:30:00,1.555,1.557,1.553,1.557,5610875.0,8723807.0
2021-06-22 14:45:00,1.555,1.558,1.555,1.556,6489395.0,10100611.0
2021-06-22 15:00:00,1.555,1.561,1.555,1.556,25419858.0,39579610.0
2021-06-23 09:45:00,1.556,1.566,1.553,1.556,27154919.0,42280325.0
2021-06-23 10:00:00,1.556,1.56,1.55,1.556,23155392.0,36021340.0
2021-06-23 10:15:00,1.558,1.571,1.557,1.568,21991124.0,34419796.0
2021-06-23 10:30:00,1.568,1.578,1.567,1.576,21189928.0,33360054.0
2021-06-23 10:45:00,1.576,1.586,1.576,1.585,15960311.0,25239404.0
2021-06-23 11:00:00,1.585,1.586,1.578,1.579,15258857.0,24134990.0
2021-06-23 11:15:00,1.579,1.583,1.577,1.582,9528295.0,15052455.0
2021-06-23 11:30:00,1.581,1.585,1.579,1.582,7444937.0,11783633.0
2021-06-23 13:15:00,1.582,1.587,1.581,1.583,15348197.0,24312298.0
2021-06-23 13:30:00,1.583,1.584,1.573,1.577,11397948.0,17990788.0
2021-06-23 13:45:00,1.576,1.578,1.57,1.571,7101704.0,11169309.0
2021-06-23 14:00:00,1.571,1.579,1.571,1.579,4641471.0,7316609.0
2021-06-23 14:15:00,1.578,1.58,1.573,1.58,5008720.0,7898419.0
2021-06-23 14:30:00,1.579,1.58,1.575,1.576,4612768.0,7279148.0
2021-06-23 14:45:00,1.576,1.576,1.565,1.568,9404267.0,14750879.0
2021-06-23 15:00:00,1.568,1.568,1.564,1.565,10444731.0,16354499.0
2021-06-24 09:45:00,1.554,1.572,1.554,1.563,33358848.0,52228548.0
2021-06-24 10:00:00,1.563,1.563,1.547,1.547,33908096.0,52622304.0
2021-06-24 10:15:00,1.549,1.55,1.536,1.545,25042092.0,38600210.0
2021-06-24 10:30:00,1.544,1.551,1.544,1.548,13344100.0,20658276.0
2021-06-24 10:45:00,1.548,1.549,1.541,1.542,8985942.0,13892864.0
2021-06-24 11:00:00,1.541,1.542,1.535,1.538,9818020.0,15100449.0
2021-06-24 11:15:00,1.539,1.544,1.537,1.538,4953182.0,7626544.0
2021-06-24 11:30:00,1.537,1.538,1.535,1.536,4018133.0,6174712.0
2021-06-24 13:15:00,1.537,1.542,1.532,1.54,15501156.0,23848704.0
2021-06-24 13:30:00,1.54,1.54,1.534,1.534,6010379.0,9232535.0
2021-06-24 13:45:00,1.535,1.536,1.534,1.536,4029855.0,6186842.0
2021-06-24 14:00:00,1.535,1.542,1.535,1.54,4040708.0,6218217.0
2021-06-24 14:15:00,1.541,1.542,1.539,1.539,4676142.0,7202167.0
2021-06-24 14:30:00,1.54,1.542,1.539,1.541,3961362.0,6103097.0
2021-06-24 14:45:00,1.541,1.542,1.536,1.537,11407168.0,17550280.0
2021-06-24 15:00:00,1.537,1.54,1.536,1.54,15746326.0,24215172.0
2021-06-25 09:45:00,1.537,1.554,1.536,1.552,26929730.0,41673005.0
2021-06-25 10:00:00,1.552,1.554,1.547,1.548,28171276.0,43679804.0
2021-06-25 10:15:00,1.547,1.548,1.54,1.542,16761460.0,25870678.0
2021-06-25 10:30:00,1.541,1.547,1.538,1.547,9028092.0,13913334.0
2021-06-25 10:45:00,1.547,1.552,1.543,1.545,12092245.0,18728560.0
2021-06-25 11:00:00,1.545,1.548,1.542,1.543,5405210.0,8352492.0
2021-06-25 11:15:00,1.544,1.546,1.541,1.545,3317422.0,5120922.0
2021-06-25 11:30:00,1.545,1.558,1.545,1.556,6077914.0,9440161.0
2021-06-25 13:15:00,1.557,1.558,1.552,1.557,8279354.0,12879159.0
2021-06-25 13:30:00,1.556,1.56,1.556,1.559,4922274.0,7668531.0
2021-06-25 13:45:00,1.559,1.561,1.558,1.559,8007717.0,12489097.0
2021-06-25 14:00:00,1.56,1.563,1.56,1.562,5747544.0,8977719.0
2021-06-25 14:15:00,1.563,1.566,1.559,1.566,10204427.0,15939659.0
2021-06-25 14:30:00,1.566,1.573,1.566,1.57,10264102.0,16112940.0
2021-06-25 14:45:00,1.57,1.57,1.566,1.568,8533095.0,13375529.0
2021-06-25 15:00:00,1.567,1.575,1.567,1.573,15568336.0,24460374.0
2021-06-28 09:45:00,1.571,1.589,1.569,1.588,39561860.0,62462924.0
2021-06-28 10:00:00,1.588,1.6,1.588,1.598,34446420.0,54938700.0
2021-06-28 10:15:00,1.598,1.602,1.594,1.6,21701892.0,34698484.0
2021-06-28 10:30:00,1.601,1.609,1.6,1.607,20324372.0,32645344.0
2021-06-28 10:45:00,1.607,1.61,1.604,1.609,8064999.0,12965596.0
2021-06-28 11:00:00,1.609,1.615,1.608,1.614,13593298.0,21910068.0
2021-06-28 11:15:00,1.614,1.614,1.606,1.607,5364158.0,8628574.0
2021-06-28 11:30:00,1.607,1.607,1.601,1.604,5572163.0,8939828.0
2021-06-28 13:15:00,1.603,1.606,1.6,1.601,8227381.0,13192747.0
2021-06-28 13:30:00,1.602,1.605,1.598,1.604,6698184.0,10726372.0
2021-06-28 13:45:00,1.605,1.606,1.599,1.6,10318641.0,16528790.0
2021-06-28 14:00:00,1.6,1.601,1.593,1.594,6425208.0,10254688.0
2021-06-28 14:15:00,1.594,1.597,1.591,1.596,8700998.0,13859736.0
2021-06-28 14:30:00,1.596,1.602,1.596,1.599,5769369.0,9228692.0
2021-06-28 14:45:00,1.599,1.6,1.596,1.597,3383512.0,5406450.0
2021-06-28 15:00:00,1.597,1.598,1.596,1.597,13732701.0,21929396.0
2021-06-29 09:45:00,1.595,1.606,1.591,1.605,35912444.0,57373473.0
2021-06-29 10:00:00,1.605,1.613,1.603,1.603,16920396.0,27208524.0
2021-06-29 10:15:00,1.603,1.605,1.588,1.59,16012136.0,25567862.0
2021-06-29 10:30:00,1.589,1.593,1.583,1.59,14090751.0,22353956.0
2021-06-29 10:45:00,1.59,1.597,1.586,1.595,6706964.0,10670562.0
2021-06-29 11:00:00,1.595,1.598,1.592,1.592,8473677.0,13515923.0
2021-06-29 11:15:00,1.592,1.594,1.588,1.59,4774758.0,7596822.0
2021-06-29 11:30:00,1.591,1.594,1.589,1.59,7026625.0,11179764.0
2021-06-29 13:15:00,1.589,1.597,1.587,1.593,10961895.0,17450100.0
2021-06-29 13:30:00,1.593,1.6,1.592,1.598,5828240.0,9304383.0
2021-06-29 13:45:00,1.599,1.602,1.595,1.598,14300590.0,22849792.0
2021-06-29 14:00:00,1.597,1.6,1.597,1.598,5155540.0,8241677.0
2021-06-29 14:15:00,1.598,1.598,1.592,1.595,11111135.0,17723174.0
2021-06-29 14:30:00,1.595,1.597,1.593,1.596,15171168.0,24208264.0
2021-06-29 14:45:00,1.597,1.599,1.595,1.596,15511577.0,24772426.0
2021-06-29 15:00:00,1.595,1.598,1.595,1.598,10667476.0,17032636.0
2021-06-30 09:45:00,1.599,1.611,1.593,1.61,28500166.0,45650971.0
2021-06-30 10:00:00,1.612,1.622,1.61,1.622,37721240.0,61021824.0
2021-06-30 10:15:00,1.622,1.637,1.622,1.634,27015236.0,44103000.0
2021-06-30 10:30:00,1.633,1.64,1.633,1.636,14336547.0,23471260.0
2021-06-30 10:45:00,1.636,1.639,1.628,1.628,10495337.0,17151260.0
2021-06-30 11:00:00,1.628,1.632,1.628,1.631,5400165.0,8806226.0
2021-06-30 11:15:00,1.631,1.633,1.623,1.626,7636898.0,12424824.0
2021-06-30 11:30:00,1.627,1.63,1.624,1.629,7015965.0,11415621.0
2021-06-30 13:15:00,1.628,1.635,1.628,1.634,6668960.0,10881678.0
2021-06-30 13:30:00,1.635,1.636,1.63,1.631,8991254.0,14686143.0
2021-06-30 13:45:00,1.631,1.634,1.63,1.631,5112840.0,8343046.0
2021-06-30 14:00:00,1.631,1.633,1.626,1.626,15249770.0,24866804.0
2021-06-30 14:15:00,1.626,1.627,1.623,1.624,7540526.0,12253063.0
2021-06-30 14:30:00,1.623,1.625,1.622,1.623,4438146.0,7206356.0
2021-06-30 14:45:00,1.624,1.624,1.619,1.622,7218139.0,11703347.0
2021-06-30 15:00:00,1.624,1.627,1.622,1.626,13458576.0,21861896.0
2021-07-01 09:45:00,1.627,1.631,1.611,1.612,31362630.0,50817549.0
2021-07-01 10:00:00,1.613,1.628,1.61,1.625,27917156.0,45157256.0
2021-07-01 10:15:00,1.626,1.63,1.619,1.622,19891040.0,32330284.0
2021-07-01 10:30:00,1.622,1.629,1.621,1.626,15576624.0,25327604.0
2021-07-01 10:45:00,1.627,1.627,1.618,1.619,18230666.0,29551892.0
2021-07-01 11:00:00,1.619,1.622,1.614,1.615,33006420.0,53450304.0
2021-07-01 11:15:00,1.615,1.615,1.605,1.608,8181331.0,13162341.0
2021-07-01 11:30:00,1.607,1.614,1.606,1.614,4995303.0,8043217.0
2021-07-01 13:15:00,1.614,1.622,1.613,1.62,6862883.0,11101165.0
2021-07-01 13:30:00,1.62,1.621,1.617,1.62,6675394.0,10809905.0
2021-07-01 13:45:00,1.621,1.622,1.618,1.621,8976792.0,14543844.0
2021-07-01 14:00:00,1.622,1.628,1.621,1.625,5393199.0,8759963.0
2021-07-01 14:15:00,1.625,1.629,1.622,1.628,6258552.0,10178414.0
2021-07-01 14:30:00,1.627,1.627,1.622,1.624,6570231.0,10670387.0
2021-07-01 14:45:00,1.625,1.625,1.605,1.608,14461154.0,23337936.0
2021-07-01 15:00:00,1.608,1.618,1.607,1.613,11709665.0,18895084.0
2021-07-02 09:45:00,1.604,1.605,1.579,1.58,38956180.0,61936313.0
2021-07-02 10:00:00,1.579,1.585,1.574,1.574,24829620.0,39220310.0
2021-07-02 10:15:00,1.574,1.582,1.562,1.582,33438978.0,52594092.0
2021-07-02 10:30:00,1.582,1.583,1.575,1.58,17441092.0,27520712.0
2021-07-02 10:45:00,1.579,1.589,1.575,1.588,13204444.0,20884192.0
2021-07-02 11:00:00,1.587,1.587,1.582,1.587,13341573.0,21143950.0
2021-07-02 11:15:00,1.587,1.587,1.58,1.585,10761099.0,17035438.0
2021-07-02 11:30:00,1.585,1.592,1.585,1.586,6359517.0,10095242.0
2021-07-02 13:15:00,1.585,1.588,1.58,1.582,3736563.0,5917225.0
2021-07-02 13:30:00,1.582,1.583,1.576,1.583,7617578.0,12026367.0
2021-07-02 13:45:00,1.582,1.585,1.578,1.578,4506778.0,7126706.0
2021-07-02 14:00:00,1.579,1.582,1.576,1.578,4137880.0,6531254.0
2021-07-02 14:15:00,1.577,1.583,1.576,1.581,15076880.0,23834152.0
2021-07-02 14:30:00,1.582,1.582,1.572,1.576,9497628.0,14975840.0
2021-07-02 14:45:00,1.576,1.576,1.568,1.572,8562492.0,13453357.0
2021-07-02 15:00:00,1.572,1.574,1.57,1.571,9418396.0,14800741.0
2021-07-05 09:45:00,1.57,1.615,1.57,1.609,48798914.0,77825056.0
2021-07-05 10:00:00,1.608,1.617,1.601,1.603,22621734.0,36426916.0
2021-07-05 10:15:00,1.602,1.607,1.593,1.6,23783704.0,38051760.0
2021-07-05 10:30:00,1.6,1.607,1.599,1.599,9319409.0,14945994.0
2021-07-05 10:45:00,1.6,1.604,1.597,1.6,11138598.0,17817312.0
2021-07-05 11:00:00,1.6,1.605,1.6,1.603,8423181.0,13496229.0
2021-07-05 11:15:00,1.602,1.609,1.601,1.603,3943591.0,6329589.0
2021-07-05 11:30:00,1.603,1.604,1.6,1.602,3582950.0,5738366.0
2021-07-05 13:15:00,1.602,1.602,1.59,1.591,15185661.0,24222478.0
2021-07-05 13:30:00,1.591,1.597,1.59,1.595,22119852.0,35231756.0
2021-07-05 13:45:00,1.595,1.597,1.592,1.593,7483078.0,11927454.0
2021-07-05 14:00:00,1.592,1.604,1.592,1.602,7735156.0,12379542.0
2021-07-05 14:15:00,1.602,1.604,1.6,1.604,3179814.0,5094757.0
2021-07-05 14:30:00,1.603,1.608,1.603,1.606,8322058.0,13364802.0
2021-07-05 14:45:00,1.606,1.608,1.604,1.607,4321393.0,6938915.0
2021-07-05 15:00:00,1.607,1.613,1.607,1.613,18278164.0,29446362.0
2021-07-06 09:45:00,1.613,1.616,1.605,1.607,19918517.0,32092723.0
2021-07-06 10:00:00,1.608,1.615,1.6,1.613,15141786.0,24349784.0
2021-07-06 10:15:00,1.614,1.62,1.61,1.618,28490612.0,46027456.0
2021-07-06 10:30:00,1.618,1.623,1.614,1.619,16271072.0,26350902.0
2021-07-06 10:45:00,1.62,1.62,1.601,1.603,10783050.0,17328212.0
2021-07-06 11:00:00,1.602,1.602,1.577,1.583,20515660.0,32580580.0
2021-07-06 11:15:00,1.582,1.583,1.566,1.567,17464622.0,27488392.0
2021-07-06 11:30:00,1.567,1.568,1.555,1.567,12134812.0,18955040.0
2021-07-06 13:15:00,1.567,1.578,1.563,1.577,9281483.0,14573832.0
2021-07-06 13:30:00,1.577,1.577,1.568,1.569,5138652.0,8084744.0
2021-07-06 13:45:00,1.568,1.569,1.559,1.56,8514109.0,13295703.0
2021-07-06 14:00:00,1.56,1.561,1.556,1.557,9861106.0,15365451.0
2021-07-06 14:15:00,1.557,1.557,1.549,1.549,10262595.0,15924240.0
2021-07-06 14:30:00,1.549,1.56,1.548,1.56,6924849.0,10759980.0
2021-07-06 14:45:00,1.56,1.565,1.559,1.562,6097860.0,9523332.0
2021-07-06 15:00:00,1.562,1.572,1.561,1.57,11532735.0,18057952.0
2021-07-07 09:45:00,1.557,1.577,1.547,1.562,28888632.0,45182107.0
2021-07-07 10:00:00,1.563,1.577,1.555,1.576,16151152.0,25285474.0
2021-07-07 10:15:00,1.576,1.584,1.571,1.579,17984996.0,28402080.0
2021-07-07 10:30:00,1.579,1.587,1.579,1.582,15136490.0,23960698.0
2021-07-07 10:45:00,1.583,1.589,1.583,1.588,5138459.0,8153848.0
2021-07-07 11:00:00,1.588,1.594,1.587,1.594,7690982.0,12227013.0
2021-07-07 11:15:00,1.594,1.6,1.594,1.598,8618869.0,13767565.0
2021-07-07 11:30:00,1.598,1.599,1.593,1.597,3817950.0,6090878.0
2021-07-07 13:15:00,1.597,1.604,1.597,1.6,8363775.0,13385342.0
2021-07-07 13:30:00,1.601,1.603,1.598,1.602,7391491.0,11833978.0
2021-07-07 13:45:00,1.602,1.607,1.6,1.606,9528811.0,15277253.0
2021-07-07 14:00:00,1.607,1.607,1.604,1.605,5234820.0,8405388.0
2021-07-07 14:15:00,1.604,1.608,1.604,1.607,6406098.0,10287417.0
2021-07-07 14:30:00,1.608,1.609,1.604,1.607,6335284.0,10175443.0
2021-07-07 14:45:00,1.607,1.607,1.599,1.599,5116168.0,8201143.0
2021-07-07 15:00:00,1.6,1.606,1.599,1.605,13014694.0,20844984.0
2021-07-08 09:45:00,1.602,1.643,1.602,1.634,42658076.0,69509815.0
2021-07-08 10:00:00,1.634,1.64,1.622,1.64,25795932.0,42076760.0
2021-07-08 10:15:00,1.64,1.644,1.632,1.639,15038210.0,24647220.0
2021-07-08 10:30:00,1.639,1.646,1.639,1.64,12971867.0,21307504.0
2021-07-08 10:45:00,1.64,1.64,1.631,1.637,11768376.0,19232746.0
2021-07-08 11:00:00,1.637,1.646,1.637,1.642,10474077.0,17201100.0
2021-07-08 11:15:00,1.643,1.65,1.642,1.65,20400064.0,33595476.0
2021-07-08 11:30:00,1.649,1.649,1.639,1.644,8064722.0,13250217.0
2021-07-08 13:15:00,1.644,1.648,1.641,1.642,8431996.0,13864464.0
2021-07-08 13:30:00,1.642,1.644,1.639,1.643,6935427.0,11385265.0
2021-07-08 13:45:00,1.642,1.643,1.63,1.634,9615257.0,15718134.0
2021-07-08 14:00:00,1.634,1.638,1.632,1.638,7912264.0,12939286.0
2021-07-08 14:15:00,1.637,1.645,1.634,1.645,11387235.0,18672510.0
2021-07-08 14:30:00,1.645,1.651,1.641,1.651,15311811.0,25240956.0
2021-07-08 14:45:00,1.651,1.653,1.643,1.644,9578763.0,15800372.0
2021-07-08 15:00:00,1.645,1.649,1.642,1.648,10643323.0,17519636.0
2021-07-09 09:45:00,1.632,1.641,1.611,1.615,32347186.0,52545425.0
2021-07-09 10:00:00,1.615,1.622,1.605,1.608,31407784.0,50644116.0
2021-07-09 10:15:00,1.608,1.608,1.593,1.601,23940740.0,38310812.0
2021-07-09 10:30:00,1.602,1.615,1.601,1.609,7522685.0,12100279.0
2021-07-09 10:45:00,1.609,1.615,1.609,1.611,13308701.0,21459904.0
2021-07-09 11:00:00,1.612,1.621,1.61,1.614,21685990.0,34997376.0
2021-07-09 11:15:00,1.615,1.621,1.614,1.616,12958871.0,20964608.0
2021-07-09 11:30:00,1.616,1.616,1.608,1.608,6439116.0,10374847.0
2021-07-09 13:15:00,1.608,1.619,1.608,1.618,6161101.0,9942887.0
2021-07-09 13:30:00,1.619,1.622,1.618,1.62,2550959.0,4131908.0
2021-07-09 13:45:00,1.62,1.624,1.616,1.623,4561887.0,7398612.0
2021-07-09 14:00:00,1.623,1.624,1.62,1.621,6409828.0,10397510.0
2021-07-09 14:15:00,1.621,1.633,1.621,1.631,15207434.0,24765452.0
2021-07-09 14:30:00,1.629,1.634,1.629,1.629,5470431.0,8922312.0
2021-07-09 14:45:00,1.63,1.63,1.622,1.622,4174701.0,6791499.0
2021-07-09 15:00:00,1.623,1.627,1.621,1.627,9298324.0,15100077.0
2021-07-12 09:45:00,1.635,1.638,1.615,1.622,38992315.0,63432398.0
2021-07-12 10:00:00,1.623,1.625,1.617,1.623,28649644.0,46440784.0
2021-07-12 10:15:00,1.624,1.64,1.624,1.64,15067601.0,24621680.0
2021-07-12 10:30:00,1.64,1.645,1.636,1.639,15086921.0,24768576.0
2021-07-12 10:45:00,1.639,1.643,1.633,1.637,8682118.0,14221061.0
2021-07-12 11:00:00,1.637,1.638,1.633,1.635,7024090.0,11487220.0
2021-07-12 11:15:00,1.636,1.642,1.636,1.64,7692273.0,12600418.0
2021-07-12 11:30:00,1.64,1.643,1.635,1.643,4804464.0,7876081.0
2021-07-12 13:15:00,1.642,1.65,1.642,1.646,9536230.0,15702155.0
2021-07-12 13:30:00,1.647,1.65,1.642,1.643,8492039.0,13977679.0
2021-07-12 13:45:00,1.644,1.644,1.637,1.64,11525793.0,18902714.0
2021-07-12 14:00:00,1.64,1.645,1.637,1.644,9057954.0,14876242.0
2021-07-12 14:15:00,1.643,1.647,1.642,1.645,6989861.0,11497053.0
2021-07-12 14:30:00,1.644,1.646,1.642,1.645,11398188.0,18747620.0
2021-07-12 14:45:00,1.645,1.645,1.641,1.643,7997303.0,13147483.0
2021-07-12 15:00:00,1.644,1.645,1.637,1.64,8659193.0,14206864.0
2021-07-13 09:45:00,1.631,1.66,1.631,1.652,29973734.0,49527163.0
2021-07-13 10:00:00,1.652,1.652,1.63,1.634,20548832.0,33736980.0
2021-07-13 10:15:00,1.635,1.635,1.625,1.635,24632024.0,40161732.0
2021-07-13 10:30:00,1.636,1.641,1.634,1.635,9105520.0,14910253.0
2021-07-13 10:45:00,1.635,1.636,1.626,1.632,7050394.0,11506146.0
2021-07-13 11:00:00,1.633,1.635,1.627,1.627,2856771.0,4657236.0
2021-07-13 11:15:00,1.627,1.627,1.617,1.622,5258379.0,8528736.0
2021-07-13 11:30:00,1.623,1.625,1.62,1.621,1681143.0,2728229.0
2021-07-13 13:15:00,1.622,1.622,1.611,1.615,6045942.0,9771409.0
2021-07-13 13:30:00,1.615,1.616,1.611,1.613,8659285.0,13969533.0
2021-07-13 13:45:00,1.613,1.621,1.611,1.618,6550034.0,10587552.0
2021-07-13 14:00:00,1.619,1.621,1.616,1.62,3537589.0,5726201.0
2021-07-13 14:15:00,1.62,1.625,1.619,1.619,3881649.0,6296826.0
2021-07-13 14:30:00,1.619,1.626,1.619,1.626,3116274.0,5057391.0
2021-07-13 14:45:00,1.627,1.628,1.624,1.626,2840963.0,4618627.0
2021-07-13 15:00:00,1.626,1.627,1.623,1.627,15521377.0,25211294.0
2021-07-14 09:45:00,1.621,1.623,1.602,1.614,36709704.0,59233180.0
2021-07-14 10:00:00,1.614,1.615,1.606,1.612,27928856.0,44977550.0
2021-07-14 10:15:00,1.614,1.615,1.606,1.607,9824985.0,15831429.0
2021-07-14 10:30:00,1.607,1.612,1.603,1.604,9688802.0,15562827.0
2021-07-14 10:45:00,1.604,1.605,1.6,1.602,8494243.0,13604227.0
2021-07-14 11:00:00,1.601,1.611,1.601,1.609,3421682.0,5497143.0
2021-07-14 11:15:00,1.61,1.613,1.607,1.608,1720354.0,2769851.0
2021-07-14 11:30:00,1.607,1.612,1.606,1.611,3127908.0,5037746.0
2021-07-14 13:15:00,1.61,1.613,1.608,1.613,4004318.0,6451785.0
2021-07-14 13:30:00,1.614,1.616,1.612,1.612,6872619.0,11094823.0
2021-07-14 13:45:00,1.613,1.617,1.61,1.617,11678571.0,18855428.0
2021-07-14 14:00:00,1.617,1.62,1.615,1.615,5530902.0,8950740.0
2021-07-14 14:15:00,1.616,1.616,1.602,1.602,4685785.0,7523580.0
2021-07-14 14:30:00,1.603,1.605,1.599,1.603,10305830.0,16516287.0
2021-07-14 14:45:00,1.603,1.606,1.602,1.602,5928795.0,9506003.0
2021-07-14 15:00:00,1.602,1.603,1.597,1.599,7493111.0,11986102.0
2021-07-15 09:45:00,1.589,1.606,1.587,1.598,29779559.0,47529644.0
2021-07-15 10:00:00,1.597,1.605,1.584,1.587,25355532.0,40445570.0
2021-07-15 10:15:00,1.587,1.598,1.585,1.593,13274528.0,21112444.0
2021-07-15 10:30:00,1.593,1.594,1.577,1.58,9513162.0,15046406.0
2021-07-15 10:45:00,1.58,1.581,1.573,1.578,7115029.0,11220560.0
2021-07-15 11:00:00,1.577,1.587,1.577,1.587,4743330.0,7500531.0
2021-07-15 11:15:00,1.587,1.588,1.578,1.579,3750564.0,5932081.0
2021-07-15 11:30:00,1.579,1.581,1.577,1.58,2555284.0,4036141.0
2021-07-15 13:15:00,1.58,1.586,1.579,1.584,6378458.0,10095979.0
2021-07-15 13:30:00,1.584,1.585,1.582,1.583,4107753.0,6504264.0
2021-07-15 13:45:00,1.583,1.588,1.582,1.586,2855884.0,4524314.0
2021-07-15 14:00:00,1.587,1.589,1.584,1.588,7132469.0,11314437.0
2021-07-15 14:15:00,1.588,1.598,1.588,1.596,8096426.0,12911558.0
2021-07-15 14:30:00,1.595,1.599,1.595,1.598,5045731.0,8057113.0
2021-07-15 14:45:00,1.598,1.598,1.595,1.596,7664785.0,12238186.0
2021-07-15 15:00:00,1.596,1.599,1.596,1.598,8695430.0,13895924.0
2021-07-16 09:45:00,1.607,1.609,1.59,1.6,28075884.0,44881295.0
2021-07-16 10:00:00,1.6,1.602,1.592,1.594,27403716.0,43766970.0
2021-07-16 10:15:00,1.594,1.597,1.588,1.589,13373346.0,21309028.0
2021-07-16 10:30:00,1.589,1.592,1.585,1.585,8490215.0,13486917.0
2021-07-16 10:45:00,1.585,1.585,1.578,1.58,7111021.0,11238916.0
2021-07-16 11:00:00,1.58,1.581,1.575,1.579,10352692.0,16329124.0
2021-07-16 11:15:00,1.579,1.583,1.577,1.578,6758380.0,10680368.0
2021-07-16 11:30:00,1.578,1.583,1.576,1.583,7785085.0,12284405.0
2021-07-16 13:15:00,1.583,1.585,1.58,1.582,6014956.0,9516488.0
2021-07-16 13:30:00,1.582,1.583,1.576,1.578,6637237.0,10477734.0
2021-07-16 13:45:00,1.578,1.579,1.574,1.575,9702819.0,15293705.0
2021-07-16 14:00:00,1.575,1.575,1.57,1.571,4476812.0,7041755.0
2021-07-16 14:15:00,1.57,1.572,1.568,1.571,6400337.0,10046844.0
2021-07-16 14:30:00,1.57,1.576,1.57,1.573,4714033.0,7419487.0
2021-07-16 14:45:00,1.573,1.573,1.565,1.566,13886084.0,21768900.0
2021-07-16 15:00:00,1.565,1.566,1.561,1.565,14136071.0,22098162.0
2021-07-19 09:45:00,1.546,1.56,1.539,1.549,33060679.0,51177652.0
2021-07-19 10:00:00,1.549,1.567,1.548,1.562,20161340.0,31452616.0
2021-07-19 10:15:00,1.562,1.565,1.556,1.559,10814979.0,16882980.0
2021-07-19 10:30:00,1.558,1.558,1.548,1.548,12620031.0,19592684.0
2021-07-19 10:45:00,1.548,1.549,1.542,1.547,9477002.0,14651586.0
2021-07-19 11:00:00,1.547,1.547,1.541,1.543,7488834.0,11568405.0
2021-07-19 11:15:00,1.544,1.555,1.543,1.551,6964301.0,10793234.0
2021-07-19 11:30:00,1.551,1.553,1.547,1.55,5133932.0,7958122.0
2021-07-19 13:15:00,1.55,1.557,1.549,1.556,7075816.0,11001391.0
2021-07-19 13:30:00,1.557,1.557,1.551,1.551,4413019.0,6864196.0
2021-07-19 13:45:00,1.551,1.552,1.546,1.546,2539315.0,3931007.0
2021-07-19 14:00:00,1.546,1.548,1.541,1.543,11500174.0,17753260.0
2021-07-19 14:15:00,1.543,1.552,1.543,1.552,5432345.0,8413598.0
2021-07-19 14:30:00,1.552,1.554,1.549,1.551,2470900.0,3833337.0
2021-07-19 14:45:00,1.551,1.554,1.548,1.55,3031847.0,4699138.0
2021-07-19 15:00:00,1.55,1.552,1.548,1.551,8785482.0,13621733.0
2021-07-20 09:45:00,1.547,1.567,1.54,1.563,44597144.0,69344397.0
2021-07-20 10:00:00,1.563,1.563,1.553,1.556,33137828.0,51625570.0
2021-07-20 10:15:00,1.556,1.562,1.548,1.549,24280796.0,37782440.0
2021-07-20 10:30:00,1.549,1.554,1.545,1.553,9394982.0,14547804.0
2021-07-20 10:45:00,1.553,1.557,1.549,1.551,3290020.0,5107552.0
2021-07-20 11:00:00,1.55,1.552,1.545,1.547,2838144.0,4395398.0
2021-07-20 11:15:00,1.548,1.555,1.547,1.554,2455784.0,3810190.0
2021-07-20 11:30:00,1.555,1.555,1.551,1.551,1097907.0,1703981.0
2021-07-20 13:15:00,1.552,1.558,1.55,1.556,1579349.0,2453874.0
2021-07-20 13:30:00,1.555,1.556,1.553,1.555,2448781.0,3805866.0
2021-07-20 13:45:00,1.555,1.558,1.553,1.556,4093141.0,6369640.0
2021-07-20 14:00:00,1.556,1.559,1.554,1.558,3007767.0,4680798.0
2021-07-20 14:15:00,1.559,1.561,1.556,1.56,4151708.0,6470621.0
2021-07-20 14:30:00,1.56,1.564,1.56,1.564,6310862.0,9859093.0
2021-07-20 14:45:00,1.564,1.565,1.561,1.563,4114314.0,6429536.0
2021-07-20 15:00:00,1.563,1.563,1.56,1.562,9903001.0,15461067.0
2021-07-21 09:45:00,1.573,1.577,1.564,1.576,27412356.0,43059712.0
2021-07-21 10:00:00,1.576,1.592,1.576,1.588,29358970.0,46497744.0
2021-07-21 10:15:00,1.588,1.59,1.583,1.587,22302896.0,35384588.0
2021-07-21 10:30:00,1.588,1.594,1.587,1.592,17837132.0,28376290.0
2021-07-21 10:45:00,1.592,1.595,1.587,1.594,9338810.0,14863424.0
2021-07-21 11:00:00,1.593,1.599,1.592,1.598,6180070.0,9864825.0
2021-07-21 11:15:00,1.599,1.609,1.598,1.609,8239350.0,13211130.0
2021-07-21 11:30:00,1.608,1.615,1.608,1.61,8328268.0,13417685.0
2021-07-21 13:15:00,1.609,1.612,1.607,1.61,9776960.0,15732544.0
2021-07-21 13:30:00,1.609,1.61,1.606,1.606,2940394.0,4730718.0
2021-07-21 13:45:00,1.607,1.609,1.605,1.607,4802411.0,7716654.0
2021-07-21 14:00:00,1.607,1.61,1.607,1.608,4841530.0,7788981.0
2021-07-21 14:15:00,1.608,1.612,1.608,1.61,4283482.0,6897663.0
2021-07-21 14:30:00,1.611,1.611,1.608,1.608,7038548.0,11329465.0
2021-07-21 14:45:00,1.609,1.609,1.602,1.605,3581974.0,5747010.0
2021-07-21 15:00:00,1.605,1.605,1.599,1.6,8985429.0,14390640.0
2021-07-22 09:45:00,1.6,1.605,1.585,1.598,52711992.0,84048901.0
2021-07-22 10:00:00,1.598,1.604,1.593,1.599,28549844.0,45638616.0
2021-07-22 10:15:00,1.599,1.602,1.592,1.598,11595469.0,18519752.0
2021-07-22 10:30:00,1.598,1.602,1.588,1.59,8965951.0,14289095.0
2021-07-22 10:45:00,1.591,1.603,1.589,1.6,9637442.0,15363792.0
2021-07-22 11:00:00,1.6,1.6,1.595,1.598,3967403.0,6335679.0
2021-07-22 11:15:00,1.599,1.599,1.593,1.597,1601563.0,2556604.0
2021-07-22 11:30:00,1.597,1.605,1.597,1.604,5763683.0,9232728.0
2021-07-22 13:15:00,1.604,1.609,1.603,1.608,7022106.0,11277210.0
2021-07-22 13:30:00,1.608,1.616,1.607,1.615,9813048.0,15829710.0
2021-07-22 13:45:00,1.616,1.616,1.61,1.611,7910601.0,12759374.0
2021-07-22 14:00:00,1.612,1.616,1.612,1.614,5656227.0,9127769.0
2021-07-22 14:15:00,1.615,1.621,1.613,1.621,8749629.0,14149102.0
2021-07-22 14:30:00,1.621,1.622,1.619,1.62,6090978.0,9868712.0
2021-07-22 14:45:00,1.62,1.622,1.617,1.619,6428949.0,10412804.0
2021-07-22 15:00:00,1.62,1.621,1.617,1.621,7917759.0,12821174.0
2021-07-23 09:45:00,1.621,1.63,1.606,1.61,42912596.0,69468224.0
2021-07-23 10:00:00,1.61,1.614,1.602,1.614,33784664.0,54342624.0
2021-07-23 10:15:00,1.615,1.625,1.613,1.619,20229022.0,32724044.0
2021-07-23 10:30:00,1.619,1.621,1.607,1.609,12630223.0,20365104.0
2021-07-23 10:45:00,1.609,1.615,1.608,1.611,6873872.0,11077030.0
2021-07-23 11:00:00,1.611,1.611,1.606,1.609,4034084.0,6488521.0
2021-07-23 11:15:00,1.609,1.611,1.601,1.602,5948006.0,9546176.0
2021-07-23 11:30:00,1.602,1.604,1.593,1.594,5178199.0,8274260.0
2021-07-23 13:15:00,1.594,1.595,1.586,1.59,7849654.0,12488077.0
2021-07-23 13:30:00,1.591,1.592,1.587,1.589,5811741.0,9236750.0
2021-07-23 13:45:00,1.589,1.597,1.586,1.596,4899906.0,7791980.0
2021-07-23 14:00:00,1.597,1.604,1.596,1.602,2682234.0,4294486.0
2021-07-23 14:15:00,1.602,1.604,1.599,1.602,6152129.0,9845072.0
2021-07-23 14:30:00,1.602,1.604,1.599,1.603,3430183.0,5493910.0
2021-07-23 14:45:00,1.603,1.603,1.596,1.6,4135136.0,6613427.0
2021-07-23 15:00:00,1.599,1.608,1.599,1.607,9460041.0,15173100.0
2021-07-26 09:45:00,1.598,1.604,1.593,1.598,28031051.0,44810507.0
2021-07-26 10:00:00,1.598,1.602,1.59,1.592,30302816.0,48385360.0
2021-07-26 10:15:00,1.591,1.599,1.588,1.59,14982796.0,23857112.0
2021-07-26 10:30:00,1.59,1.593,1.581,1.593,9002283.0,14272175.0
2021-07-26 10:45:00,1.593,1.594,1.581,1.581,10246490.0,16241825.0
2021-07-26 11:00:00,1.581,1.583,1.573,1.574,10656888.0,16806022.0
2021-07-26 11:15:00,1.574,1.574,1.556,1.558,11721420.0,18362296.0
2021-07-26 11:30:00,1.556,1.567,1.553,1.565,19576484.0,30549500.0
2021-07-26 13:15:00,1.564,1.565,1.558,1.558,10273700.0,16037663.0
2021-07-26 13:30:00,1.559,1.56,1.538,1.538,18084244.0,28008074.0
2021-07-26 13:45:00,1.537,1.558,1.536,1.558,16592672.0,25605652.0
2021-07-26 14:00:00,1.557,1.572,1.557,1.571,10531067.0,16491850.0
2021-07-26 14:15:00,1.571,1.575,1.565,1.571,5407271.0,8494327.0
2021-07-26 14:30:00,1.571,1.579,1.568,1.578,7884389.0,12393938.0
2021-07-26 14:45:00,1.579,1.596,1.579,1.596,8284284.0,13155731.0
2021-07-26 15:00:00,1.595,1.597,1.591,1.594,11863262.0,18908092.0
2021-07-27 09:45:00,1.592,1.618,1.588,1.617,47748953.0,76787656.0
2021-07-27 10:00:00,1.615,1.62,1.599,1.603,27951668.0,45053730.0
2021-07-27 10:15:00,1.602,1.619,1.602,1.617,18278200.0,29510824.0
2021-07-27 10:30:00,1.618,1.628,1.612,1.613,22552308.0,36542210.0
2021-07-27 10:45:00,1.613,1.633,1.613,1.632,21073328.0,34221384.0
2021-07-27 11:00:00,1.632,1.647,1.632,1.646,16307581.0,26750784.0
2021-07-27 11:15:00,1.646,1.656,1.645,1.648,11609765.0,19157832.0
2021-07-27 11:30:00,1.648,1.655,1.648,1.652,6864283.0,11337317.0
2021-07-27 13:15:00,1.652,1.665,1.652,1.664,19142724.0,31759284.0
2021-07-27 13:30:00,1.663,1.664,1.645,1.65,9050926.0,14972784.0
2021-07-27 13:45:00,1.65,1.65,1.635,1.637,12592284.0,20669836.0
2021-07-27 14:00:00,1.637,1.645,1.632,1.641,8322254.0,13632330.0
2021-07-27 14:15:00,1.642,1.642,1.628,1.629,4106058.0,6705486.0
2021-07-27 14:30:00,1.629,1.629,1.605,1.605,13309796.0,21505576.0
2021-07-27 14:45:00,1.606,1.606,1.58,1.604,14206045.0,22647868.0
2021-07-27 15:00:00,1.606,1.606,1.586,1.589,12642817.0,20159472.0
2021-07-28 09:45:00,1.568,1.592,1.515,1.517,48825484.0,75925212.0
2021-07-28 10:00:00,1.516,1.576,1.516,1.561,35115284.0,54213960.0
2021-07-28 10:15:00,1.561,1.565,1.546,1.565,33603884.0,52284440.0
2021-07-28 10:30:00,1.566,1.586,1.565,1.582,9734875.0,15347472.0
2021-07-28 10:45:00,1.582,1.593,1.573,1.58,7972006.0,12647269.0
2021-07-28 11:00:00,1.58,1.588,1.565,1.566,6408879.0,10086485.0
2021-07-28 11:15:00,1.567,1.573,1.561,1.571,8737749.0,13686432.0
2021-07-28 11:30:00,1.571,1.575,1.561,1.562,6840691.0,10715460.0
2021-07-28 13:15:00,1.563,1.565,1.552,1.564,7660761.0,11930837.0
2021-07-28 13:30:00,1.564,1.565,1.546,1.546,3133749.0,4874841.0
2021-07-28 13:45:00,1.545,1.551,1.542,1.545,6126009.0,9475506.0
2021-07-28 14:00:00,1.545,1.554,1.544,1.554,4076865.0,6313976.0
2021-07-28 14:15:00,1.554,1.564,1.553,1.556,12032834.0,18749668.0
2021-07-28 14:30:00,1.557,1.561,1.556,1.56,21957558.0,34230536.0
2021-07-28 14:45:00,1.56,1.566,1.552,1.552,28574980.0,44586260.0
2021-07-28 15:00:00,1.552,1.557,1.551,1.556,13109039.0,20368964.0
2021-07-29 09:45:00,1.588,1.602,1.58,1.596,63901890.0,101747462.0
2021-07-29 10:00:00,1.596,1.599,1.585,1.585,14115826.0,22500312.0
2021-07-29 10:15:00,1.585,1.598,1.583,1.597,12507386.0,19893628.0
2021-07-29 10:30:00,1.597,1.6,1.593,1.596,9817184.0,15680258.0
2021-07-29 10:45:00,1.596,1.598,1.588,1.598,8192990.0,13064161.0
2021-07-29 11:00:00,1.598,1.601,1.596,1.599,6275775.0,10035921.0
2021-07-29 11:15:00,1.6,1.61,1.6,1.61,9581781.0,15379629.0
2021-07-29 11:30:00,1.61,1.61,1.599,1.605,4109687.0,6596172.0
2021-07-29 13:15:00,1.605,1.614,1.604,1.612,7235101.0,11640846.0
2021-07-29 13:30:00,1.612,1.623,1.612,1.621,15980688.0,25838218.0
2021-07-29 13:45:00,1.622,1.625,1.615,1.625,7180657.0,11634511.0
2021-07-29 14:00:00,1.624,1.629,1.621,1.623,6183728.0,10051336.0
2021-07-29 14:15:00,1.624,1.635,1.624,1.635,11078563.0,18055564.0
2021-07-29 14:30:00,1.634,1.636,1.632,1.632,5659851.0,9250728.0
2021-07-29 14:45:00,1.632,1.632,1.615,1.62,14353416.0,23268018.0
2021-07-29 15:00:00,1.62,1.633,1.62,1.631,15408922.0,25063252.0
2021-07-30 09:45:00,1.626,1.635,1.609,1.631,35308144.0,57190738.0
2021-07-30 10:00:00,1.63,1.637,1.609,1.619,29407152.0,47693116.0
2021-07-30 10:15:00,1.618,1.625,1.61,1.624,18527244.0,29939332.0
2021-07-30 10:30:00,1.623,1.624,1.611,1.618,5241581.0,8479745.0
2021-07-30 10:45:00,1.619,1.631,1.616,1.631,6433297.0,10436534.0
2021-07-30 11:00:00,1.631,1.642,1.631,1.64,12993682.0,21262354.0
2021-07-30 11:15:00,1.64,1.649,1.64,1.646,10973355.0,18049818.0
2021-07-30 11:30:00,1.646,1.65,1.637,1.639,6013224.0,9891489.0
2021-07-30 13:15:00,1.639,1.639,1.623,1.625,14171868.0,23126700.0
2021-07-30 13:30:00,1.625,1.626,1.617,1.617,10746660.0,17432108.0
2021-07-30 13:45:00,1.616,1.623,1.613,1.62,5434125.0,8788037.0
2021-07-30 14:00:00,1.62,1.628,1.615,1.628,2714109.0,4396132.0
2021-07-30 14:15:00,1.628,1.631,1.623,1.63,2591082.0,4214641.0
2021-07-30 14:30:00,1.631,1.633,1.625,1.626,3326077.0,5416669.0
2021-07-30 14:45:00,1.628,1.635,1.626,1.632,8374671.0,13668281.0
2021-07-30 15:00:00,1.633,1.635,1.63,1.632,24547060.0,40076504.0
2021-08-02 09:45:00,1.622,1.658,1.622,1.646,20873609.0,34360413.0
2021-08-02 10:00:00,1.645,1.647,1.63,1.646,18817148.0,30842636.0
2021-08-02 10:15:00,1.646,1.646,1.622,1.63,13713966.0,22373672.0
2021-08-02 10:30:00,1.631,1.635,1.627,1.633,17389436.0,28350528.0
2021-08-02 10:45:00,1.633,1.641,1.63,1.631,22967296.0,37598696.0
2021-08-02 11:00:00,1.63,1.632,1.615,1.616,16714105.0,27160986.0
2021-08-02 11:15:00,1.614,1.623,1.61,1.614,17182878.0,27773048.0
2021-08-02 11:30:00,1.614,1.623,1.614,1.621,9621524.0,15578582.0
2021-08-02 13:15:00,1.621,1.624,1.615,1.616,3755142.0,6080476.0
2021-08-02 13:30:00,1.617,1.623,1.613,1.621,4451924.0,7190932.0
2021-08-02 13:45:00,1.622,1.622,1.619,1.621,6558857.0,10629753.0
2021-08-02 14:00:00,1.622,1.628,1.621,1.625,5760559.0,9355624.0
2021-08-02 14:15:00,1.625,1.632,1.624,1.631,4107107.0,6689707.0
2021-08-02 14:30:00,1.63,1.637,1.628,1.634,5253400.0,8571082.0
2021-08-02 14:45:00,1.634,1.637,1.632,1.635,5340971.0,8732975.0
2021-08-02 15:00:00,1.635,1.639,1.633,1.636,11881139.0,19434888.0
2021-08-03 09:45:00,1.634,1.634,1.604,1.629,41605770.0,67226493.0
2021-08-03 10:00:00,1.629,1.629,1.612,1.614,31715116.0,51419840.0
2021-08-03 10:15:00,1.614,1.621,1.606,1.611,10915419.0,17597082.0
2021-08-03 10:30:00,1.613,1.62,1.605,1.61,7535482.0,12131368.0
2021-08-03 10:45:00,1.609,1.612,1.604,1.612,6819152.0,10955871.0
2021-08-03 11:00:00,1.611,1.621,1.611,1.617,2527909.0,4088049.0
2021-08-03 11:15:00,1.617,1.629,1.614,1.628,3307182.0,5362937.0
2021-08-03 11:30:00,1.629,1.632,1.627,1.628,2928240.0,4773627.0
2021-08-03 13:15:00,1.628,1.629,1.608,1.612,11574728.0,18739434.0
2021-08-03 13:30:00,1.613,1.618,1.609,1.618,4308307.0,6950234.0
2021-08-03 13:45:00,1.617,1.617,1.606,1.608,6648024.0,10710806.0
2021-08-03 14:00:00,1.609,1.616,1.607,1.613,4303667.0,6937815.0
2021-08-03 14:15:00,1.614,1.617,1.609,1.609,10713023.0,17274622.0
2021-08-03 14:30:00,1.61,1.611,1.601,1.605,7610127.0,12212359.0
2021-08-03 14:45:00,1.605,1.605,1.598,1.599,8362982.0,13384637.0
2021-08-03 15:00:00,1.6,1.605,1.599,1.605,8948883.0,14333388.0
2021-08-04 09:45:00,1.598,1.618,1.596,1.616,26017004.0,41874222.0
2021-08-04 10:00:00,1.616,1.624,1.613,1.623,18951166.0,30669954.0
2021-08-04 10:15:00,1.623,1.632,1.622,1.626,22341598.0,36383380.0
2021-08-04 10:30:00,1.626,1.633,1.624,1.633,7684952.0,12518174.0
2021-08-04 10:45:00,1.633,1.635,1.622,1.624,14918250.0,24319956.0
2021-08-04 11:00:00,1.623,1.628,1.617,1.627,8427470.0,13680883.0
2021-08-04 11:15:00,1.627,1.631,1.624,1.628,7881207.0,12843140.0
2021-08-04 11:30:00,1.629,1.635,1.628,1.633,6422415.0,10476671.0
2021-08-04 13:15:00,1.633,1.64,1.631,1.638,8080802.0,13227623.0
2021-08-04 13:30:00,1.639,1.648,1.638,1.645,8849845.0,14546770.0
2021-08-04 13:45:00,1.645,1.648,1.638,1.638,10886936.0,17910720.0
2021-08-04 14:00:00,1.638,1.649,1.638,1.648,7756067.0,12764160.0
2021-08-04 14:15:00,1.648,1.65,1.644,1.648,7257498.0,11960509.0
2021-08-04 14:30:00,1.648,1.65,1.643,1.647,8038878.0,13241449.0
2021-08-04 14:45:00,1.65,1.65,1.644,1.649,7679372.0,12655647.0
2021-08-04 15:00:00,1.65,1.65,1.646,1.647,7245591.0,11939298.0
2021-08-05 09:45:00,1.641,1.644,1.621,1.64,26059708.0,42547656.0
2021-08-05 10:00:00,1.64,1.642,1.629,1.629,17349128.0,28386144.0
2021-08-05 10:15:00,1.63,1.637,1.629,1.629,17097520.0,27934548.0
2021-08-05 10:30:00,1.628,1.639,1.627,1.639,17373480.0,28364804.0
2021-08-05 10:45:00,1.64,1.65,1.639,1.644,15228714.0,25045896.0
2021-08-05 11:00:00,1.644,1.647,1.638,1.642,11739126.0,19286904.0
2021-08-05 11:15:00,1.642,1.645,1.634,1.639,8606891.0,14107212.0
2021-08-05 11:30:00,1.639,1.65,1.639,1.648,9295914.0,15279113.0
2021-08-05 13:15:00,1.648,1.655,1.645,1.653,8337917.0,13748992.0
2021-08-05 13:30:00,1.653,1.654,1.648,1.65,4749596.0,7845174.0
2021-08-05 13:45:00,1.652,1.652,1.643,1.647,6789423.0,11181430.0
2021-08-05 14:00:00,1.646,1.647,1.638,1.638,4301240.0,7063084.0
2021-08-05 14:15:00,1.639,1.639,1.631,1.638,7132687.0,11660075.0
2021-08-05 14:30:00,1.637,1.644,1.635,1.642,2376070.0,3893328.0
2021-08-05 14:45:00,1.643,1.643,1.639,1.642,2422216.0,3975844.0
2021-08-05 15:00:00,1.643,1.645,1.64,1.642,6888596.0,11309543.0
2021-08-06 09:45:00,1.657,1.68,1.652,1.657,36511356.0,60775874.0
2021-08-06 10:00:00,1.658,1.66,1.641,1.648,38437836.0,63377764.0
2021-08-06 10:15:00,1.647,1.657,1.645,1.647,16905336.0,27887260.0
2021-08-06 10:30:00,1.646,1.651,1.643,1.643,7509601.0,12370665.0
2021-08-06 10:45:00,1.643,1.645,1.633,1.637,8497075.0,13926076.0
2021-08-06 11:00:00,1.637,1.638,1.625,1.629,7162029.0,11688666.0
2021-08-06 11:15:00,1.629,1.631,1.621,1.621,7258075.0,11810832.0
2021-08-06 11:30:00,1.621,1.626,1.62,1.623,3696151.0,5996346.0
2021-08-06 13:15:00,1.623,1.628,1.62,1.625,2590194.0,4202990.0
2021-08-06 13:30:00,1.625,1.625,1.621,1.622,3078346.0,4995309.0
2021-08-06 13:45:00,1.622,1.625,1.62,1.62,2997645.0,4862815.0
2021-08-06 14:00:00,1.62,1.621,1.615,1.616,5174497.0,8376733.0
2021-08-06 14:15:00,1.616,1.626,1.614,1.626,3631807.0,5879213.0
2021-08-06 14:30:00,1.626,1.629,1.623,1.628,2176991.0,3542064.0
2021-08-06 14:45:00,1.628,1.631,1.627,1.628,3302411.0,5382158.0
2021-08-06 15:00:00,1.628,1.632,1.627,1.63,13076878.0,21311326.0
2021-08-09 09:45:00,1.61,1.616,1.588,1.601,27751388.0,44465074.0
2021-08-09 10:00:00,1.6,1.603,1.59,1.592,18610996.0,29694572.0
2021-08-09 10:15:00,1.591,1.601,1.591,1.596,15023443.0,23993160.0
2021-08-09 10:30:00,1.596,1.6,1.591,1.596,10923053.0,17432760.0
2021-08-09 10:45:00,1.596,1.603,1.595,1.602,7757575.0,12400545.0
2021-08-09 11:00:00,1.602,1.605,1.598,1.604,7537174.0,12073689.0
2021-08-09 11:15:00,1.604,1.606,1.6,1.6,8831679.0,14153704.0
2021-08-09 11:30:00,1.6,1.605,1.597,1.604,9868710.0,15803667.0
2021-08-09 13:15:00,1.605,1.61,1.602,1.607,16785312.0,26955606.0
2021-08-09 13:30:00,1.607,1.612,1.605,1.611,13695667.0,22031220.0
2021-08-09 13:45:00,1.61,1.62,1.608,1.62,14146217.0,22824728.0
2021-08-09 14:00:00,1.619,1.62,1.611,1.612,9355161.0,15099569.0
2021-08-09 14:15:00,1.613,1.613,1.61,1.611,8446479.0,13611455.0
2021-08-09 14:30:00,1.611,1.615,1.61,1.612,8703687.0,14035072.0
2021-08-09 14:45:00,1.612,1.613,1.608,1.612,8229586.0,13254088.0
2021-08-09 15:00:00,1.612,1.613,1.61,1.612,9264203.0,14930517.0
2021-08-10 09:45:00,1.604,1.625,1.604,1.62,25418236.0,41016862.0
2021-08-10 10:00:00,1.621,1.634,1.62,1.628,37532560.0,61124410.0
2021-08-10 10:15:00,1.628,1.628,1.613,1.616,24112234.0,39134810.0
2021-08-10 10:30:00,1.616,1.626,1.616,1.626,4801388.0,7792816.0
2021-08-10 10:45:00,1.627,1.629,1.624,1.628,5855612.0,9521911.0
2021-08-10 11:00:00,1.628,1.629,1.62,1.622,4418228.0,7172559.0
2021-08-10 11:15:00,1.622,1.622,1.614,1.618,3350521.0,5418654.0
2021-08-10 11:30:00,1.618,1.62,1.611,1.613,3839167.0,6193264.0
2021-08-10 13:15:00,1.614,1.625,1.613,1.624,7649656.0,12390847.0
2021-08-10 13:30:00,1.622,1.624,1.618,1.62,3745411.0,6074212.0
2021-08-10 13:45:00,1.619,1.627,1.619,1.625,8221254.0,13342213.0
2021-08-10 14:00:00,1.625,1.625,1.618,1.62,3429445.0,5558178.0
2021-08-10 14:15:00,1.621,1.621,1.613,1.614,3467386.0,5606487.0
2021-08-10 14:30:00,1.615,1.616,1.608,1.616,3791682.0,6112334.0
2021-08-10 14:45:00,1.616,1.623,1.615,1.622,7299143.0,11828919.0
2021-08-10 15:00:00,1.621,1.626,1.621,1.626,5807928.0,9430525.0
2021-08-11 09:45:00,1.63,1.63,1.608,1.62,27596382.0,44670763.0
2021-08-11 10:00:00,1.621,1.621,1.608,1.608,15606474.0,25174008.0
2021-08-11 10:15:00,1.609,1.616,1.603,1.61,19834972.0,31930630.0
2021-08-11 10:30:00,1.611,1.611,1.605,1.606,3448390.0,5545891.0
2021-08-11 10:45:00,1.607,1.614,1.604,1.613,5237877.0,8425818.0
2021-08-11 11:00:00,1.614,1.622,1.611,1.62,3872813.0,6256111.0
2021-08-11 11:15:00,1.62,1.628,1.62,1.628,4817130.0,7827410.0
2021-08-11 11:30:00,1.627,1.631,1.624,1.626,5407878.0,8804493.0
2021-08-11 13:15:00,1.626,1.627,1.62,1.62,8481481.0,13753548.0
2021-08-11 13:30:00,1.62,1.625,1.619,1.623,3356185.0,5445480.0
2021-08-11 13:45:00,1.623,1.623,1.619,1.622,4498244.0,7292899.0
2021-08-11 14:00:00,1.622,1.623,1.618,1.62,2216987.0,3592000.0
2021-08-11 14:15:00,1.62,1.621,1.612,1.613,2559498.0,4138701.0
2021-08-11 14:30:00,1.613,1.62,1.613,1.62,3307683.0,5349559.0
2021-08-11 14:45:00,1.621,1.621,1.616,1.619,4536255.0,7344706.0
2021-08-11 15:00:00,1.619,1.62,1.616,1.616,4428513.0,7165143.0
2021-08-12 09:45:00,1.615,1.63,1.608,1.629,31174300.0,50625947.0
2021-08-12 10:00:00,1.629,1.639,1.628,1.633,23009996.0,37609800.0
2021-08-12 10:15:00,1.634,1.643,1.633,1.634,12489185.0,20458880.0
2021-08-12 10:30:00,1.636,1.636,1.627,1.633,4775455.0,7787706.0
2021-08-12 10:45:00,1.633,1.633,1.626,1.627,5498271.0,8959979.0
2021-08-12 11:00:00,1.627,1.627,1.617,1.621,7680481.0,12457937.0
2021-08-12 11:15:00,1.621,1.627,1.62,1.624,3736816.0,6066965.0
2021-08-12 11:30:00,1.624,1.625,1.618,1.624,3023966.0,4901748.0
2021-08-12 13:15:00,1.622,1.626,1.62,1.626,2290609.0,3716696.0
2021-08-12 13:30:00,1.626,1.633,1.626,1.63,3259000.0,5312100.0
2021-08-12 13:45:00,1.629,1.63,1.626,1.628,2038669.0,3318260.0
2021-08-12 14:00:00,1.628,1.63,1.625,1.625,1355736.0,2206724.0
2021-08-12 14:15:00,1.625,1.63,1.625,1.627,3289929.0,5356984.0
2021-08-12 14:30:00,1.627,1.628,1.626,1.627,2542499.0,4136782.0
2021-08-12 14:45:00,1.627,1.628,1.623,1.623,4596279.0,7471163.0
2021-08-12 15:00:00,1.623,1.627,1.622,1.623,7574129.0,12302834.0
2021-08-13 09:45:00,1.614,1.619,1.601,1.604,20792384.0,33480658.0
2021-08-13 10:00:00,1.604,1.616,1.6,1.612,12298076.0,19780986.0
2021-08-13 10:15:00,1.612,1.62,1.612,1.619,8443704.0,13651745.0
2021-08-13 10:30:00,1.619,1.626,1.619,1.622,9219878.0,14961895.0
2021-08-13 10:45:00,1.621,1.623,1.614,1.615,6871221.0,11123097.0
2021-08-13 11:00:00,1.614,1.615,1.608,1.608,4705987.0,7580716.0
2021-08-13 11:15:00,1.607,1.61,1.601,1.604,7611093.0,12215951.0
2021-08-13 11:30:00,1.604,1.606,1.599,1.606,12647486.0,20243342.0
2021-08-13 13:15:00,1.606,1.606,1.599,1.601,5080783.0,8134817.0
2021-08-13 13:30:00,1.601,1.602,1.598,1.598,11175497.0,17870144.0
2021-08-13 13:45:00,1.599,1.599,1.589,1.59,16014358.0,25504726.0
2021-08-13 14:00:00,1.591,1.596,1.587,1.592,3113992.0,4953685.0
2021-08-13 14:15:00,1.592,1.598,1.591,1.592,3121903.0,4976316.0
2021-08-13 14:30:00,1.593,1.597,1.591,1.595,3566255.0,5683796.0
2021-08-13 14:45:00,1.595,1.597,1.59,1.59,4863638.0,7744627.0
2021-08-13 15:00:00,1.591,1.596,1.59,1.596,7832206.0,12475882.0
2021-08-16 09:45:00,1.592,1.592,1.575,1.588,12244030.0,19379812.0
2021-08-16 10:00:00,1.588,1.588,1.574,1.582,16184162.0,25549492.0
2021-08-16 10:15:00,1.582,1.593,1.582,1.59,9298676.0,14759870.0
2021-08-16 10:30:00,1.59,1.595,1.587,1.59,7549549.0,12012365.0
2021-08-16 10:45:00,1.591,1.596,1.585,1.595,7178423.0,11412696.0
2021-08-16 11:00:00,1.595,1.604,1.595,1.6,9887192.0,15831314.0
2021-08-16 11:15:00,1.6,1.6,1.595,1.595,10105686.0,16151611.0
2021-08-16 11:30:00,1.594,1.599,1.592,1.599,4285149.0,6837706.0
2021-08-16 13:15:00,1.597,1.6,1.596,1.597,8137672.0,13003009.0
2021-08-16 13:30:00,1.596,1.597,1.59,1.592,3755979.0,5983838.0
2021-08-16 13:45:00,1.592,1.592,1.588,1.589,4315394.0,6864621.0
2021-08-16 14:00:00,1.59,1.591,1.588,1.588,2550081.0,4053508.0
2021-08-16 14:15:00,1.588,1.588,1.584,1.585,3636018.0,5765976.0
2021-08-16 14:30:00,1.586,1.588,1.583,1.587,5472353.0,8672778.0
2021-08-16 14:45:00,1.587,1.59,1.585,1.585,4900117.0,7774239.0
2021-08-16 15:00:00,1.585,1.59,1.584,1.589,5140217.0,8154843.0
2021-08-17 09:45:00,1.587,1.594,1.579,1.588,23824673.0,37810913.0
2021-08-17 10:00:00,1.588,1.593,1.583,1.585,27934612.0,44350450.0
2021-08-17 10:15:00,1.586,1.588,1.578,1.584,21052248.0,33335446.0
2021-08-17 10:30:00,1.584,1.585,1.578,1.585,8450018.0,13360530.0
2021-08-17 10:45:00,1.585,1.589,1.584,1.586,4199641.0,6666024.0
2021-08-17 11:00:00,1.585,1.586,1.58,1.582,5724718.0,9062482.0
2021-08-17 11:15:00,1.583,1.583,1.57,1.574,6383062.0,10054167.0
2021-08-17 11:30:00,1.573,1.577,1.571,1.574,2687773.0,4229705.0
2021-08-17 13:15:00,1.573,1.575,1.57,1.571,5530468.0,8691963.0
2021-08-17 13:30:00,1.571,1.571,1.564,1.564,10003815.0,15668076.0
2021-08-17 13:45:00,1.564,1.568,1.559,1.56,11061394.0,17287346.0
2021-08-17 14:00:00,1.561,1.563,1.556,1.557,8272021.0,12893890.0
2021-08-17 14:15:00,1.557,1.561,1.553,1.556,7835486.0,12199294.0
2021-08-17 14:30:00,1.556,1.556,1.55,1.551,8589309.0,13326397.0
2021-08-17 14:45:00,1.552,1.556,1.546,1.546,7813533.0,12114207.0
2021-08-17 15:00:00,1.547,1.553,1.545,1.551,8917240.0,13800318.0
2021-08-18 09:45:00,1.552,1.561,1.548,1.549,22887346.0,35581518.0
2021-08-18 10:00:00,1.549,1.558,1.545,1.548,24112502.0,37429548.0
2021-08-18 10:15:00,1.549,1.559,1.549,1.557,13616460.0,21179084.0
2021-08-18 10:30:00,1.557,1.567,1.557,1.567,8645797.0,13509236.0
2021-08-18 10:45:00,1.567,1.569,1.554,1.555,10056151.0,15720840.0
2021-08-18 11:00:00,1.555,1.56,1.549,1.549,8016130.0,12463217.0
2021-08-18 11:15:00,1.549,1.551,1.543,1.546,7216671.0,11164903.0
2021-08-18 11:30:00,1.545,1.547,1.543,1.544,2604263.0,4022735.0
2021-08-18 13:15:00,1.544,1.553,1.544,1.552,4159097.0,6443922.0
2021-08-18 13:30:00,1.552,1.552,1.548,1.549,3838766.0,5951316.0
2021-08-18 13:45:00,1.548,1.55,1.544,1.545,5467371.0,8456437.0
2021-08-18 14:00:00,1.546,1.546,1.54,1.542,5364094.0,8272340.0
2021-08-18 14:15:00,1.542,1.545,1.54,1.543,5301319.0,8176555.0
2021-08-18 14:30:00,1.543,1.544,1.541,1.542,2218588.0,3422236.0
2021-08-18 14:45:00,1.543,1.545,1.541,1.544,2644629.0,4081230.0
2021-08-18 15:00:00,1.545,1.547,1.543,1.545,8463759.0,13076181.0
2021-08-19 09:45:00,1.556,1.565,1.545,1.565,19437496.0,30217002.0
2021-08-19 10:00:00,1.565,1.566,1.555,1.556,15061690.0,23508444.0
2021-08-19 10:15:00,1.557,1.563,1.552,1.557,8034047.0,12509316.0
2021-08-19 10:30:00,1.558,1.558,1.549,1.556,16042370.0,24900872.0
2021-08-19 10:45:00,1.557,1.569,1.553,1.566,15447318.0,24142116.0
2021-08-19 11:00:00,1.566,1.573,1.565,1.571,7019014.0,11019663.0
2021-08-19 11:15:00,1.572,1.575,1.567,1.574,6251074.0,9824531.0
2021-08-19 11:30:00,1.574,1.581,1.572,1.58,9161947.0,14448455.0
2021-08-19 13:15:00,1.581,1.583,1.576,1.583,4379187.0,6919310.0
2021-08-19 13:30:00,1.582,1.585,1.581,1.584,4405422.0,6975713.0
2021-08-19 13:45:00,1.584,1.588,1.583,1.588,6675584.0,10585689.0
2021-08-19 14:00:00,1.588,1.589,1.583,1.585,6803385.0,10797902.0
2021-08-19 14:15:00,1.585,1.589,1.583,1.585,4208140.0,6674535.0
2021-08-19 14:30:00,1.585,1.587,1.584,1.584,1637388.0,2595034.0
2021-08-19 14:45:00,1.585,1.585,1.579,1.582,3506882.0,5549066.0
2021-08-19 15:00:00,1.582,1.587,1.582,1.586,5919626.0,9377370.0
2021-08-20 09:45:00,1.571,1.582,1.56,1.57,23912422.0,37505560.0
2021-08-20 10:00:00,1.568,1.59,1.568,1.59,8799963.0,13876409.0
2021-08-20 10:15:00,1.59,1.595,1.586,1.587,6469466.0,10286463.0
2021-08-20 10:30:00,1.586,1.588,1.575,1.578,6363352.0,10065885.0
2021-08-20 10:45:00,1.578,1.578,1.569,1.57,10806521.0,17001898.0
2021-08-20 11:00:00,1.57,1.576,1.568,1.57,7655147.0,12031249.0
2021-08-20 11:15:00,1.57,1.571,1.565,1.567,4987986.0,7822323.0
2021-08-20 11:30:00,1.567,1.569,1.559,1.56,5310114.0,8300587.0
2021-08-20 13:15:00,1.561,1.563,1.552,1.562,9424423.0,14680508.0
2021-08-20 13:30:00,1.561,1.561,1.554,1.556,7558515.0,11764194.0
2021-08-20 13:45:00,1.556,1.561,1.556,1.557,3153429.0,4915525.0
2021-08-20 14:00:00,1.557,1.558,1.553,1.556,5224589.0,8127316.0
2021-08-20 14:15:00,1.556,1.564,1.556,1.563,4938492.0,7711295.0
2021-08-20 14:30:00,1.563,1.569,1.563,1.564,3514906.0,5504610.0
2021-08-20 14:45:00,1.564,1.566,1.563,1.566,1902914.0,2977053.0
2021-08-20 15:00:00,1.566,1.569,1.564,1.568,7146761.0,11198684.0
2021-08-23 09:45:00,1.569,1.578,1.565,1.573,16631778.0,26115595.0
2021-08-23 10:00:00,1.573,1.583,1.572,1.582,27978406.0,44162372.0
2021-08-23 10:15:00,1.582,1.595,1.582,1.595,21187216.0,33687636.0
2021-08-23 10:30:00,1.594,1.598,1.592,1.598,11555222.0,18432976.0
2021-08-23 10:45:00,1.599,1.6,1.594,1.594,9120791.0,14576056.0
2021-08-23 11:00:00,1.593,1.598,1.593,1.594,4697113.0,7493321.0
2021-08-23 11:15:00,1.594,1.595,1.589,1.592,2571545.0,4095311.0
2021-08-23 11:30:00,1.593,1.593,1.588,1.59,2132088.0,3391013.0
2021-08-23 13:15:00,1.592,1.598,1.591,1.597,3501228.0,5582222.0
2021-08-23 13:30:00,1.597,1.602,1.597,1.601,7647646.0,12234421.0
2021-08-23 13:45:00,1.601,1.603,1.599,1.602,7612208.0,12190123.0
2021-08-23 14:00:00,1.601,1.606,1.601,1.601,7280575.0,11676041.0
2021-08-23 14:15:00,1.601,1.602,1.596,1.598,5061987.0,8088332.0
2021-08-23 14:30:00,1.598,1.603,1.595,1.602,3118049.0,4989267.0
2021-08-23 14:45:00,1.603,1.603,1.6,1.601,3015985.0,4830112.0
2021-08-23 15:00:00,1.601,1.603,1.601,1.602,8257125.0,13230251.0
2021-08-24 09:45:00,1.605,1.608,1.59,1.603,27900925.0,44582164.0
2021-08-24 10:00:00,1.603,1.616,1.601,1.612,30478168.0,49014016.0
2021-08-24 10:15:00,1.612,1.619,1.609,1.619,9867864.0,15921776.0
2021-08-24 10:30:00,1.619,1.622,1.616,1.621,11388724.0,18448604.0
2021-08-24 10:45:00,1.62,1.621,1.615,1.619,11245442.0,18199088.0
2021-08-24 11:00:00,1.62,1.62,1.613,1.619,3254884.0,5262667.0
2021-08-24 11:15:00,1.619,1.62,1.612,1.615,3726377.0,6018725.0
2021-08-24 11:30:00,1.615,1.616,1.612,1.615,3433203.0,5541045.0
2021-08-24 13:15:00,1.615,1.623,1.615,1.622,6471000.0,10482871.0
2021-08-24 13:30:00,1.622,1.625,1.62,1.625,8515180.0,13825582.0
2021-08-24 13:45:00,1.624,1.624,1.621,1.621,4231284.0,6863988.0
2021-08-24 14:00:00,1.622,1.624,1.618,1.619,5205498.0,8440302.0
2021-08-24 14:15:00,1.62,1.621,1.615,1.616,3311944.0,5356706.0
2021-08-24 14:30:00,1.615,1.616,1.612,1.613,3845514.0,6205691.0
2021-08-24 14:45:00,1.614,1.619,1.613,1.617,8520134.0,13772250.0
2021-08-24 15:00:00,1.617,1.62,1.616,1.619,8445769.0,13660352.0
2021-08-25 09:45:00,1.618,1.618,1.596,1.6,21062556.0,33800310.0
2021-08-25 10:00:00,1.6,1.6,1.582,1.583,36122950.0,57426720.0
2021-08-25 10:15:00,1.582,1.586,1.578,1.585,21451030.0,33937296.0
2021-08-25 10:30:00,1.585,1.588,1.582,1.583,8640215.0,13690001.0
2021-08-25 10:45:00,1.584,1.586,1.58,1.581,14436245.0,22840866.0
2021-08-25 11:00:00,1.581,1.582,1.579,1.581,3854910.0,6092240.0
2021-08-25 11:15:00,1.58,1.583,1.578,1.58,8364453.0,13212656.0
2021-08-25 11:30:00,1.579,1.582,1.578,1.58,5643027.0,8913105.0
2021-08-25 13:15:00,1.581,1.587,1.58,1.586,7819510.0,12375180.0
2021-08-25 13:30:00,1.585,1.586,1.581,1.582,3006819.0,4760374.0
2021-08-25 13:45:00,1.582,1.582,1.576,1.576,6512617.0,10276533.0
2021-08-25 14:00:00,1.576,1.578,1.575,1.577,7370227.0,11614917.0
2021-08-25 14:15:00,1.577,1.582,1.577,1.581,2710849.0,4284395.0
2021-08-25 14:30:00,1.581,1.581,1.578,1.579,2535741.0,4004642.0
2021-08-25 14:45:00,1.579,1.58,1.578,1.58,6452358.0,10189542.0
2021-08-25 15:00:00,1.579,1.586,1.579,1.585,10920045.0,17271516.0
2021-08-26 09:45:00,1.58,1.594,1.568,1.573,23181888.0,36590014.0
2021-08-26 10:00:00,1.574,1.582,1.57,1.57,9002578.0,14187521.0
2021-08-26 10:15:00,1.571,1.571,1.564,1.565,16371606.0,25657634.0
2021-08-26 10:30:00,1.564,1.567,1.56,1.561,10851589.0,16968982.0
2021-08-26 10:45:00,1.561,1.561,1.555,1.557,17536496.0,27323856.0
2021-08-26 11:00:00,1.557,1.561,1.555,1.561,6964728.0,10846760.0
2021-08-26 11:15:00,1.561,1.561,1.547,1.549,14987917.0,23265060.0
2021-08-26 11:30:00,1.549,1.549,1.546,1.549,9609502.0,14868238.0
2021-08-26 13:15:00,1.549,1.551,1.545,1.548,9641826.0,14922397.0
2021-08-26 13:30:00,1.547,1.549,1.546,1.548,6190190.0,9579738.0
2021-08-26 13:45:00,1.548,1.548,1.544,1.545,11507467.0,17784052.0
2021-08-26 14:00:00,1.545,1.549,1.545,1.545,6097413.0,9428475.0
2021-08-26 14:15:00,1.546,1.548,1.544,1.545,8548355.0,13215673.0
2021-08-26 14:30:00,1.544,1.548,1.541,1.542,8324633.0,12845080.0
2021-08-26 14:45:00,1.542,1.542,1.532,1.535,14584363.0,22423880.0
2021-08-26 15:00:00,1.533,1.543,1.533,1.542,11346510.0,17428190.0
2021-08-27 09:45:00,1.54,1.542,1.523,1.538,30309932.0,46479458.0
2021-08-27 10:00:00,1.538,1.543,1.53,1.533,32912112.0,50538024.0
2021-08-27 10:15:00,1.533,1.545,1.533,1.544,10920347.0,16798374.0
2021-08-27 10:30:00,1.543,1.546,1.536,1.539,5085420.0,7831668.0
2021-08-27 10:45:00,1.539,1.542,1.537,1.538,6348729.0,9774148.0
2021-08-27 11:00:00,1.538,1.54,1.53,1.533,5222524.0,8015829.0
2021-08-27 11:15:00,1.533,1.533,1.527,1.528,5486116.0,8389728.0
2021-08-27 11:30:00,1.527,1.53,1.526,1.53,3257121.0,4976043.0
2021-08-27 13:15:00,1.53,1.531,1.523,1.524,12650531.0,19317696.0
2021-08-27 13:30:00,1.523,1.525,1.52,1.525,6057409.0,9222370.0
2021-08-27 13:45:00,1.525,1.527,1.522,1.522,9750980.0,14864354.0
2021-08-27 14:00:00,1.522,1.523,1.518,1.518,12057854.0,18329668.0
2021-08-27 14:15:00,1.518,1.523,1.518,1.521,7453338.0,11330565.0
2021-08-27 14:30:00,1.521,1.521,1.512,1.515,28758208.0,43590684.0
2021-08-27 14:45:00,1.515,1.517,1.511,1.516,9564664.0,14473060.0
2021-08-27 15:00:00,1.516,1.524,1.514,1.523,9891249.0,15016623.0
2021-08-30 09:45:00,1.525,1.533,1.513,1.515,18107465.0,27543461.0
2021-08-30 10:00:00,1.517,1.537,1.515,1.537,21216028.0,32393160.0
2021-08-30 10:15:00,1.538,1.543,1.536,1.54,15339751.0,23624732.0
2021-08-30 10:30:00,1.54,1.545,1.538,1.539,11783742.0,18169060.0
2021-08-30 10:45:00,1.539,1.539,1.53,1.53,6696137.0,10264672.0
2021-08-30 11:00:00,1.531,1.531,1.527,1.528,6786233.0,10376237.0
2021-08-30 11:15:00,1.529,1.53,1.523,1.523,8515441.0,13005309.0
2021-08-30 11:30:00,1.523,1.525,1.516,1.524,11564477.0,17572104.0
2021-08-30 13:15:00,1.524,1.526,1.515,1.515,4496105.0,6831395.0
2021-08-30 13:30:00,1.516,1.516,1.511,1.514,7525073.0,11387288.0
2021-08-30 13:45:00,1.515,1.516,1.51,1.51,14799425.0,22398404.0
2021-08-30 14:00:00,1.51,1.511,1.502,1.502,10110849.0,15226989.0
2021-08-30 14:15:00,1.501,1.505,1.5,1.504,8481393.0,12737389.0
2021-08-30 14:30:00,1.504,1.505,1.498,1.499,6499628.0,9754459.0
2021-08-30 14:45:00,1.5,1.506,1.5,1.506,9932828.0,14918446.0
2021-08-30 15:00:00,1.506,1.508,1.503,1.506,7575630.0,11400284.0
2021-08-31 09:45:00,1.5,1.5,1.482,1.49,27495188.0,40960866.0
2021-08-31 10:00:00,1.489,1.491,1.485,1.487,11131079.0,16554297.0
2021-08-31 10:15:00,1.487,1.487,1.476,1.476,24657204.0,36520500.0
2021-08-31 10:30:00,1.477,1.478,1.473,1.478,13250546.0,19555672.0
2021-08-31 10:45:00,1.478,1.479,1.471,1.473,11289344.0,16644086.0
2021-08-31 11:00:00,1.473,1.474,1.467,1.469,14095189.0,20732412.0
2021-08-31 11:15:00,1.469,1.47,1.465,1.465,5251140.0,7701138.0
2021-08-31 11:30:00,1.465,1.468,1.462,1.464,3822274.0,5594883.0
2021-08-31 13:15:00,1.465,1.47,1.464,1.467,10679241.0,15654115.0
2021-08-31 13:30:00,1.468,1.468,1.46,1.461,5119084.0,7490468.0
2021-08-31 13:45:00,1.461,1.466,1.46,1.465,7600537.0,11113131.0
2021-08-31 14:00:00,1.466,1.47,1.464,1.468,5996073.0,8794324.0
2021-08-31 14:15:00,1.469,1.473,1.467,1.47,6116151.0,8997607.0
2021-08-31 14:30:00,1.47,1.471,1.465,1.467,5575185.0,8181639.0
2021-08-31 14:45:00,1.467,1.469,1.465,1.467,5253750.0,7703113.0
2021-08-31 15:00:00,1.467,1.474,1.467,1.473,5197451.0,7638333.0
2021-09-01 09:45:00,1.464,1.473,1.45,1.459,22325914.0,32524407.0
2021-09-01 10:00:00,1.459,1.464,1.456,1.461,10603796.0,15467190.0
2021-09-01 10:15:00,1.461,1.463,1.454,1.457,11135583.0,16236836.0
2021-09-01 10:30:00,1.457,1.461,1.448,1.451,23980140.0,34831796.0
2021-09-01 10:45:00,1.451,1.456,1.44,1.441,17650076.0,25547514.0
2021-09-01 11:00:00,1.441,1.454,1.438,1.454,20470888.0,29569624.0
2021-09-01 11:15:00,1.454,1.457,1.45,1.457,5974140.0,8684840.0
2021-09-01 11:30:00,1.457,1.462,1.456,1.461,4042651.0,5897968.0
2021-09-01 13:15:00,1.462,1.468,1.462,1.466,5847321.0,8569884.0
2021-09-01 13:30:00,1.465,1.465,1.46,1.462,5795815.0,8474738.0
2021-09-01 13:45:00,1.462,1.462,1.458,1.458,5520582.0,8055841.0
2021-09-01 14:00:00,1.459,1.463,1.458,1.461,5478626.0,8002309.0
2021-09-01 14:15:00,1.46,1.462,1.458,1.46,4405526.0,6430727.0
2021-09-01 14:30:00,1.46,1.462,1.46,1.462,3947334.0,5766363.0
2021-09-01 14:45:00,1.463,1.467,1.463,1.466,6189035.0,9066666.0
2021-09-01 15:00:00,1.466,1.466,1.461,1.463,8068823.0,11810121.0
2021-09-02 09:45:00,1.463,1.463,1.448,1.454,32621172.0,47399857.0
2021-09-02 10:00:00,1.452,1.459,1.45,1.459,13607258.0,19794452.0
2021-09-02 10:15:00,1.459,1.461,1.45,1.45,17977660.0,26159378.0
2021-09-02 10:30:00,1.45,1.453,1.448,1.45,7569676.0,10976257.0
2021-09-02 10:45:00,1.451,1.452,1.445,1.448,10902326.0,15794318.0
2021-09-02 11:00:00,1.448,1.449,1.442,1.443,12938060.0,18693672.0
2021-09-02 11:15:00,1.444,1.444,1.439,1.441,17762112.0,25596728.0
2021-09-02 11:30:00,1.441,1.444,1.439,1.443,19183724.0,27662728.0
2021-09-02 13:15:00,1.444,1.446,1.442,1.443,15035291.0,21699024.0
2021-09-02 13:30:00,1.443,1.444,1.438,1.44,10482203.0,15094215.0
2021-09-02 13:45:00,1.44,1.44,1.433,1.434,13148192.0,18885896.0
2021-09-02 14:00:00,1.434,1.435,1.432,1.434,7174357.0,10284002.0
2021-09-02 14:15:00,1.433,1.436,1.433,1.433,5437526.0,7801515.0
2021-09-02 14:30:00,1.434,1.435,1.432,1.434,7561606.0,10838801.0
2021-09-02 14:45:00,1.434,1.438,1.434,1.436,3582173.0,5144572.0
2021-09-02 15:00:00,1.437,1.44,1.436,1.439,7468228.0,10737315.0
2021-09-03 09:45:00,1.439,1.45,1.429,1.45,27736739.0,39909335.0
2021-09-03 10:00:00,1.449,1.453,1.442,1.444,26415250.0,38242744.0
2021-09-03 10:15:00,1.443,1.448,1.439,1.439,14823890.0,21408206.0
2021-09-03 10:30:00,1.438,1.44,1.431,1.431,12090759.0,17361640.0
2021-09-03 10:45:00,1.432,1.433,1.426,1.43,15492956.0,22142876.0
2021-09-03 11:00:00,1.429,1.429,1.425,1.425,8578913.0,12239897.0
2021-09-03 11:15:00,1.425,1.426,1.42,1.422,13524532.0,19239270.0
2021-09-03 11:30:00,1.422,1.439,1.421,1.439,7613971.0,10886583.0
2021-09-03 13:15:00,1.44,1.448,1.44,1.447,10014326.0,14464137.0
2021-09-03 13:30:00,1.446,1.447,1.439,1.44,3541757.0,5106973.0
2021-09-03 13:45:00,1.44,1.444,1.439,1.444,6699824.0,9657142.0
2021-09-03 14:00:00,1.443,1.445,1.441,1.441,2347132.0,3387714.0
2021-09-03 14:15:00,1.442,1.443,1.439,1.439,3900370.0,5616562.0
2021-09-03 14:30:00,1.439,1.44,1.435,1.435,5323327.0,7650445.0
2021-09-03 14:45:00,1.436,1.436,1.432,1.436,6780870.0,9725216.0
2021-09-03 15:00:00,1.434,1.443,1.434,1.443,11847907.0,17049284.0
2021-09-06 09:45:00,1.436,1.45,1.431,1.449,26313888.0,37916410.0
2021-09-06 10:00:00,1.448,1.459,1.448,1.454,30396618.0,44207964.0
2021-09-06 10:15:00,1.453,1.455,1.445,1.447,14043012.0,20370852.0
2021-09-06 10:30:00,1.446,1.457,1.444,1.456,7230993.0,10485747.0
2021-09-06 10:45:00,1.456,1.46,1.454,1.458,10662715.0,15545864.0
2021-09-06 11:00:00,1.458,1.464,1.455,1.464,13503799.0,19716108.0
2021-09-06 11:15:00,1.464,1.469,1.463,1.469,24952564.0,36589612.0
2021-09-06 11:30:00,1.469,1.472,1.467,1.471,11387714.0,16730446.0
2021-09-06 13:15:00,1.472,1.473,1.467,1.469,5851819.0,8604614.0
2021-09-06 13:30:00,1.47,1.472,1.467,1.47,3375018.0,4960204.0
2021-09-06 13:45:00,1.471,1.473,1.47,1.472,4087384.0,6012736.0
2021-09-06 14:00:00,1.472,1.475,1.471,1.475,10568814.0,15561292.0
2021-09-06 14:15:00,1.475,1.475,1.471,1.472,2312858.0,3406653.0
2021-09-06 14:30:00,1.471,1.475,1.471,1.475,3219458.0,4743670.0
2021-09-06 14:45:00,1.475,1.478,1.474,1.476,9598922.0,14165120.0
2021-09-06 15:00:00,1.475,1.477,1.471,1.471,11350436.0,16734933.0
2021-09-07 09:45:00,1.466,1.477,1.46,1.476,26675008.0,39209486.0
2021-09-07 10:00:00,1.476,1.478,1.472,1.475,15544772.0,22943024.0
2021-09-07 10:15:00,1.476,1.478,1.471,1.472,16293847.0,24019124.0
2021-09-07 10:30:00,1.471,1.475,1.47,1.472,12258967.0,18051580.0
2021-09-07 10:45:00,1.472,1.475,1.47,1.475,7482670.0,11020232.0
2021-09-07 11:00:00,1.474,1.474,1.471,1.472,4044252.0,5955443.0
2021-09-07 11:15:00,1.472,1.473,1.47,1.473,3052434.0,4491672.0
2021-09-07 11:30:00,1.473,1.474,1.471,1.474,834301.0,1229180.0
2021-09-07 13:15:00,1.474,1.476,1.473,1.474,4321664.0,6372202.0
2021-09-07 13:30:00,1.474,1.474,1.471,1.472,3290844.0,4844780.0
2021-09-07 13:45:00,1.472,1.473,1.47,1.471,4727236.0,6955445.0
2021-09-07 14:00:00,1.47,1.474,1.47,1.473,3182296.0,4685650.0
2021-09-07 14:15:00,1.474,1.475,1.472,1.475,3048327.0,4492216.0
2021-09-07 14:30:00,1.475,1.476,1.473,1.474,5085741.0,7499238.0
2021-09-07 14:45:00,1.474,1.476,1.473,1.475,6547537.0,9656555.0
2021-09-07 15:00:00,1.475,1.476,1.473,1.474,8589837.0,12665682.0
2021-09-08 09:45:00,1.473,1.477,1.464,1.472,25089912.0,36856502.0
2021-09-08 10:00:00,1.472,1.472,1.46,1.461,26776444.0,39245748.0
2021-09-08 10:15:00,1.462,1.462,1.455,1.455,23567484.0,34361108.0
2021-09-08 10:30:00,1.455,1.458,1.453,1.454,10930025.0,15906115.0
2021-09-08 10:45:00,1.455,1.461,1.451,1.458,6061041.0,8822034.0
2021-09-08 11:00:00,1.457,1.458,1.452,1.454,4803674.0,6984783.0
2021-09-08 11:15:00,1.453,1.454,1.449,1.45,9746262.0,14141252.0
2021-09-08 11:30:00,1.45,1.451,1.447,1.448,4358638.0,6314233.0
2021-09-08 13:15:00,1.448,1.449,1.444,1.445,6873257.0,9943698.0
2021-09-08 13:30:00,1.445,1.452,1.444,1.449,7771150.0,11264188.0
2021-09-08 13:45:00,1.449,1.45,1.447,1.448,1137037.0,1646075.0
2021-09-08 14:00:00,1.448,1.452,1.447,1.452,1308607.0,1896119.0
2021-09-08 14:15:00,1.451,1.452,1.448,1.45,2455658.0,3560044.0
2021-09-08 14:30:00,1.451,1.452,1.45,1.451,3504870.0,5084285.0
2021-09-08 14:45:00,1.451,1.451,1.449,1.45,5105546.0,7402038.0
2021-09-08 15:00:00,1.45,1.45,1.447,1.449,9611614.0,13924854.0
2021-09-09 09:45:00,1.444,1.456,1.442,1.455,15071435.0,21812032.0
2021-09-09 10:00:00,1.455,1.459,1.45,1.452,19328032.0,28120732.0
2021-09-09 10:15:00,1.452,1.452,1.442,1.443,17700906.0,25601940.0
2021-09-09 10:30:00,1.444,1.446,1.438,1.439,7486249.0,10790388.0
2021-09-09 10:45:00,1.44,1.44,1.435,1.435,6932781.0,9964413.0
2021-09-09 11:00:00,1.436,1.437,1.432,1.436,5345354.0,7667262.0
2021-09-09 11:15:00,1.435,1.438,1.433,1.434,3875240.0,5560502.0
2021-09-09 11:30:00,1.434,1.434,1.431,1.432,3635130.0,5207567.0
2021-09-09 13:15:00,1.432,1.434,1.431,1.433,6855575.0,9816142.0
2021-09-09 13:30:00,1.432,1.434,1.429,1.43,8970205.0,12835670.0
2021-09-09 13:45:00,1.431,1.433,1.429,1.433,5422357.0,7760575.0
2021-09-09 14:00:00,1.434,1.438,1.433,1.434,8713044.0,12504150.0
2021-09-09 14:15:00,1.434,1.435,1.433,1.434,4268035.0,6119707.0
2021-09-09 14:30:00,1.434,1.435,1.433,1.434,4827077.0,6922276.0
2021-09-09 14:45:00,1.434,1.437,1.433,1.435,6436258.0,9231617.0
2021-09-09 15:00:00,1.436,1.439,1.434,1.438,10436801.0,14990448.0
2021-09-10 09:45:00,1.436,1.442,1.433,1.439,23303820.0,33511624.0
2021-09-10 10:00:00,1.439,1.44,1.427,1.428,19519492.0,27928012.0
2021-09-10 10:15:00,1.428,1.436,1.428,1.431,7254634.0,10385468.0
2021-09-10 10:30:00,1.431,1.434,1.429,1.433,6402875.0,9166536.0
2021-09-10 10:45:00,1.434,1.448,1.432,1.448,9969722.0,14372996.0
2021-09-10 11:00:00,1.447,1.447,1.439,1.444,7754181.0,11185036.0
2021-09-10 11:15:00,1.443,1.452,1.443,1.452,7599359.0,11007576.0
2021-09-10 11:30:00,1.452,1.457,1.449,1.457,8061810.0,11717071.0
2021-09-10 13:15:00,1.457,1.465,1.457,1.459,12331935.0,18019456.0
2021-09-10 13:30:00,1.459,1.461,1.457,1.46,4309236.0,6285617.0
2021-09-10 13:45:00,1.459,1.461,1.458,1.459,4458872.0,6511112.0
2021-09-10 14:00:00,1.46,1.462,1.459,1.459,5130734.0,7495143.0
2021-09-10 14:15:00,1.459,1.463,1.457,1.461,6369350.0,9303156.0
2021-09-10 14:30:00,1.461,1.465,1.461,1.463,5992194.0,8768634.0
2021-09-10 14:45:00,1.462,1.464,1.46,1.461,2609130.0,3813921.0
2021-09-10 15:00:00,1.461,1.466,1.46,1.465,16069008.0,23513664.0
2021-09-13 09:45:00,1.465,1.466,1.448,1.452,16327310.0,23739702.0
2021-09-13 10:00:00,1.451,1.454,1.442,1.442,23583456.0,34118370.0
2021-09-13 10:15:00,1.442,1.449,1.441,1.448,14023326.0,20255562.0
2021-09-13 10:30:00,1.447,1.448,1.44,1.443,10960672.0,15806386.0
2021-09-13 10:45:00,1.443,1.443,1.433,1.434,17232856.0,24768908.0
2021-09-13 11:00:00,1.433,1.434,1.431,1.432,8628978.0,12358558.0
2021-09-13 11:15:00,1.431,1.432,1.429,1.43,11484244.0,16422983.0
2021-09-13 11:30:00,1.43,1.432,1.429,1.432,6101317.0,8728525.0
2021-09-13 13:15:00,1.432,1.434,1.428,1.429,15767782.0,22549296.0
2021-09-13 13:30:00,1.429,1.429,1.426,1.427,7515444.0,10728646.0
2021-09-13 13:45:00,1.428,1.429,1.425,1.427,9375740.0,13372837.0
2021-09-13 14:00:00,1.427,1.427,1.422,1.422,11469555.0,16327825.0
2021-09-13 14:15:00,1.422,1.424,1.42,1.42,12880262.0,18310854.0
2021-09-13 14:30:00,1.422,1.422,1.419,1.42,16088303.0,22848876.0
2021-09-13 14:45:00,1.42,1.423,1.418,1.421,15589907.0,22130296.0
2021-09-13 15:00:00,1.421,1.423,1.419,1.421,8377714.0,11901006.0
2021-09-14 09:45:00,1.421,1.438,1.42,1.435,19753683.0,28302668.0
2021-09-14 10:00:00,1.435,1.441,1.434,1.439,21811486.0,31357352.0
2021-09-14 10:15:00,1.439,1.449,1.438,1.448,26568626.0,38388748.0
2021-09-14 10:30:00,1.448,1.45,1.442,1.445,10950008.0,15845555.0
2021-09-14 10:45:00,1.446,1.448,1.443,1.444,8550106.0,12357539.0
2021-09-14 11:00:00,1.443,1.445,1.441,1.443,4663311.0,6727317.0
2021-09-14 11:15:00,1.442,1.444,1.442,1.442,7200258.0,10389256.0
2021-09-14 11:30:00,1.443,1.443,1.439,1.443,5816708.0,8381829.0
2021-09-14 13:15:00,1.443,1.447,1.441,1.442,6581196.0,9503919.0
2021-09-14 13:30:00,1.443,1.444,1.441,1.441,8363614.0,12067030.0
2021-09-14 13:45:00,1.441,1.443,1.439,1.441,5759232.0,8299884.0
2021-09-14 14:00:00,1.442,1.442,1.437,1.438,3204841.0,4614075.0
2021-09-14 14:15:00,1.439,1.439,1.432,1.432,3531536.0,5066280.0
2021-09-14 14:30:00,1.432,1.435,1.429,1.434,10207094.0,14617734.0
2021-09-14 14:45:00,1.434,1.435,1.43,1.431,11412173.0,16352720.0
2021-09-14 15:00:00,1.431,1.435,1.429,1.435,12196501.0,17474352.0
2021-09-15 09:45:00,1.435,1.436,1.418,1.425,22291798.0,31699714.0
2021-09-15 10:00:00,1.423,1.424,1.416,1.42,17870202.0,25370900.0
2021-09-15 10:15:00,1.419,1.429,1.417,1.425,20929430.0,29804628.0
2021-09-15 10:30:00,1.425,1.428,1.422,1.424,7243244.0,10322060.0
2021-09-15 10:45:00,1.424,1.425,1.419,1.42,5080374.0,7222427.0
2021-09-15 11:00:00,1.421,1.422,1.419,1.421,6027761.0,8559498.0
2021-09-15 11:15:00,1.42,1.421,1.419,1.42,3010027.0,4274414.0
2021-09-15 11:30:00,1.419,1.422,1.419,1.421,5280804.0,7500807.0
2021-09-15 13:15:00,1.421,1.425,1.42,1.42,5123255.0,7286323.0
2021-09-15 13:30:00,1.42,1.421,1.418,1.418,3754239.0,5329538.0
2021-09-15 13:45:00,1.419,1.422,1.418,1.42,7434407.0,10562079.0
2021-09-15 14:00:00,1.42,1.423,1.419,1.421,1140798.0,1620902.0
2021-09-15 14:15:00,1.421,1.422,1.418,1.418,4131515.0,5862910.0
2021-09-15 14:30:00,1.418,1.419,1.417,1.419,4702924.0,6669489.0
2021-09-15 14:45:00,1.419,1.421,1.418,1.418,11501776.0,16323723.0
2021-09-15 15:00:00,1.42,1.421,1.417,1.419,18574228.0,26354064.0
2021-09-16 09:45:00,1.42,1.424,1.409,1.415,15637713.0,22111448.0
2021-09-16 10:00:00,1.415,1.415,1.404,1.408,23327500.0,32880432.0
2021-09-16 10:15:00,1.409,1.409,1.4,1.4,18240148.0,25583224.0
2021-09-16 10:30:00,1.399,1.404,1.399,1.401,13531799.0,18956712.0
2021-09-16 10:45:00,1.401,1.404,1.398,1.401,21329752.0,29862716.0
2021-09-16 11:00:00,1.401,1.401,1.394,1.395,18794440.0,26268892.0
2021-09-16 11:15:00,1.395,1.397,1.391,1.391,9155651.0,12761760.0
2021-09-16 11:30:00,1.391,1.392,1.389,1.392,13890923.0,19316244.0
2021-09-16 13:15:00,1.391,1.398,1.39,1.397,20362980.0,28360884.0
2021-09-16 13:30:00,1.397,1.398,1.393,1.393,6767684.0,9452724.0
2021-09-16 13:45:00,1.394,1.394,1.385,1.386,24300870.0,33721336.0
2021-09-16 14:00:00,1.387,1.393,1.384,1.388,8934354.0,12391938.0
2021-09-16 14:15:00,1.388,1.389,1.383,1.386,11886629.0,16462252.0
2021-09-16 14:30:00,1.386,1.39,1.386,1.389,6265451.0,8695575.0
2021-09-16 14:45:00,1.389,1.389,1.384,1.385,5678177.0,7868528.0
2021-09-16 15:00:00,1.386,1.389,1.382,1.389,11353037.0,15717570.0
2021-09-17 09:45:00,1.39,1.394,1.382,1.384,37151965.0,51510946.0
2021-09-17 10:00:00,1.384,1.385,1.378,1.379,19582748.0,27060386.0
2021-09-17 10:15:00,1.378,1.379,1.374,1.379,26337404.0,36251416.0
2021-09-17 10:30:00,1.379,1.379,1.37,1.371,15489292.0,21279298.0
2021-09-17 10:45:00,1.37,1.376,1.37,1.371,9878079.0,13558768.0
2021-09-17 11:00:00,1.371,1.376,1.368,1.374,11614192.0,15926232.0
2021-09-17 11:15:00,1.374,1.38,1.374,1.378,6241738.0,8601595.0
2021-09-17 11:30:00,1.378,1.38,1.376,1.376,5887257.0,8114584.0
2021-09-17 13:15:00,1.377,1.38,1.375,1.376,13602129.0,18746998.0
2021-09-17 13:30:00,1.376,1.382,1.375,1.382,9871712.0,13606181.0
2021-09-17 13:45:00,1.382,1.388,1.382,1.388,11213364.0,15542799.0
2021-09-17 14:00:00,1.388,1.393,1.387,1.392,9173872.0,12764623.0
2021-09-17 14:15:00,1.393,1.394,1.389,1.393,3968716.0,5523091.0
2021-09-17 14:30:00,1.394,1.397,1.393,1.396,5683548.0,7935370.0
2021-09-17 14:45:00,1.396,1.396,1.392,1.394,4300535.0,5993207.0
2021-09-17 15:00:00,1.394,1.394,1.392,1.394,8482096.0,11819564.0
2021-09-22 09:45:00,1.383,1.395,1.372,1.395,24744414.0,34310420.0
2021-09-22 10:00:00,1.394,1.394,1.384,1.392,12923150.0,17938220.0
2021-09-22 10:15:00,1.392,1.392,1.385,1.39,12186652.0,16923862.0
2021-09-22 10:30:00,1.391,1.392,1.385,1.392,10862416.0,15077728.0
2021-09-22 10:45:00,1.392,1.396,1.388,1.394,9261303.0,12892460.0
2021-09-22 11:00:00,1.395,1.397,1.393,1.397,7620370.0,10629226.0
2021-09-22 11:15:00,1.397,1.397,1.392,1.394,5151274.0,7180482.0
2021-09-22 11:30:00,1.395,1.395,1.393,1.393,4834730.0,6739073.0
2021-09-22 13:15:00,1.394,1.396,1.392,1.395,8946199.0,12472704.0
2021-09-22 13:30:00,1.395,1.395,1.39,1.392,11155534.0,15525536.0
2021-09-22 13:45:00,1.392,1.394,1.391,1.392,6658119.0,9270007.0
2021-09-22 14:00:00,1.391,1.394,1.391,1.394,5834545.0,8123686.0
2021-09-22 14:15:00,1.394,1.394,1.391,1.392,4318687.0,6011939.0
2021-09-22 14:30:00,1.392,1.394,1.391,1.393,7165973.0,9978442.0
2021-09-22 14:45:00,1.393,1.394,1.39,1.392,9886319.0,13758045.0
2021-09-22 15:00:00,1.391,1.394,1.391,1.393,9425197.0,13121187.0
2021-09-23 09:45:00,1.4,1.403,1.391,1.396,21789046.0,30417984.0
2021-09-23 10:00:00,1.396,1.402,1.393,1.396,16367206.0,22874792.0
2021-09-23 10:15:00,1.395,1.41,1.395,1.41,14145102.0,19862292.0
2021-09-23 10:30:00,1.41,1.412,1.407,1.409,11746020.0,16556062.0
2021-09-23 10:45:00,1.409,1.412,1.405,1.407,9680222.0,13623083.0
2021-09-23 11:00:00,1.408,1.408,1.403,1.406,2243980.0,3154980.0
2021-09-23 11:15:00,1.406,1.406,1.402,1.404,4120253.0,5783890.0
2021-09-23 11:30:00,1.404,1.405,1.402,1.404,1935717.0,2716459.0
2021-09-23 13:15:00,1.404,1.406,1.402,1.402,5842419.0,8197052.0
2021-09-23 13:30:00,1.402,1.403,1.401,1.402,9246191.0,12962673.0
2021-09-23 13:45:00,1.402,1.405,1.401,1.405,8090600.0,11351315.0
2021-09-23 14:00:00,1.405,1.405,1.402,1.402,4299712.0,6034935.0
2021-09-23 14:15:00,1.403,1.404,1.4,1.4,4354708.0,6103618.0
2021-09-23 14:30:00,1.401,1.401,1.399,1.399,3665931.0,5130031.0
2021-09-23 14:45:00,1.4,1.4,1.398,1.399,5090808.0,7122890.0
2021-09-23 15:00:00,1.399,1.4,1.398,1.399,12234796.0,17117232.0
2021-09-24 09:45:00,1.399,1.408,1.394,1.404,30886328.0,43366780.0
2021-09-24 10:00:00,1.405,1.411,1.4,1.407,15191581.0,21354272.0
2021-09-24 10:15:00,1.409,1.42,1.408,1.419,29893574.0,42282440.0
2021-09-24 10:30:00,1.419,1.423,1.419,1.421,15757266.0,22387292.0
2021-09-24 10:45:00,1.421,1.424,1.42,1.424,9881552.0,14051805.0
2021-09-24 11:00:00,1.423,1.425,1.422,1.424,12309894.0,17528008.0
2021-09-24 11:15:00,1.424,1.424,1.418,1.418,5846737.0,8306041.0
2021-09-24 11:30:00,1.418,1.419,1.416,1.417,8627324.0,12230438.0
2021-09-24 13:15:00,1.418,1.421,1.416,1.417,6999128.0,9935191.0
2021-09-24 13:30:00,1.417,1.418,1.415,1.416,1625276.0,2302523.0
2021-09-24 13:45:00,1.416,1.418,1.415,1.417,1614432.0,2286063.0
2021-09-24 14:00:00,1.417,1.418,1.414,1.416,3608289.0,5107184.0
2021-09-24 14:15:00,1.416,1.416,1.412,1.414,3442802.0,4865686.0
2021-09-24 14:30:00,1.413,1.414,1.41,1.411,3088852.0,4361953.0
2021-09-24 14:45:00,1.412,1.412,1.409,1.409,4015165.0,5661347.0
2021-09-24 15:00:00,1.409,1.414,1.409,1.413,7041357.0,9937303.0
2021-09-27 09:45:00,1.42,1.432,1.417,1.419,21758160.0,31041798.0
2021-09-27 10:00:00,1.418,1.429,1.414,1.424,24056678.0,34183390.0
2021-09-27 10:15:00,1.426,1.426,1.418,1.419,15951438.0,22702032.0
2021-09-27 10:30:00,1.418,1.419,1.41,1.414,9479827.0,13405084.0
2021-09-27 10:45:00,1.414,1.419,1.409,1.419,9852144.0,13931538.0
2021-09-27 11:00:00,1.418,1.419,1.411,1.412,3917305.0,5547768.0
2021-09-27 11:15:00,1.411,1.413,1.406,1.406,2283844.0,3219038.0
2021-09-27 11:30:00,1.406,1.406,1.395,1.397,7845051.0,10979787.0
2021-09-27 13:15:00,1.396,1.4,1.391,1.399,10417673.0,14537265.0
2021-09-27 13:30:00,1.4,1.405,1.398,1.401,4146932.0,5813613.0
2021-09-27 13:45:00,1.402,1.409,1.401,1.407,8071914.0,11358360.0
2021-09-27 14:00:00,1.407,1.409,1.404,1.409,4345061.0,6114831.0
2021-09-27 14:15:00,1.409,1.41,1.406,1.407,6516094.0,9170807.0
2021-09-27 14:30:00,1.408,1.409,1.405,1.405,2115396.0,2976097.0
2021-09-27 14:45:00,1.405,1.406,1.403,1.404,4317327.0,6060065.0
2021-09-27 15:00:00,1.404,1.41,1.403,1.408,11688549.0,16425456.0
2021-09-28 09:45:00,1.411,1.411,1.387,1.395,23697426.0,33013328.0
2021-09-28 10:00:00,1.396,1.407,1.395,1.404,10508179.0,14737411.0
2021-09-28 10:15:00,1.404,1.416,1.404,1.411,16739369.0,23644650.0
2021-09-28 10:30:00,1.411,1.412,1.401,1.403,4561677.0,6402604.0
2021-09-28 10:45:00,1.403,1.405,1.398,1.402,6990874.0,9793913.0
2021-09-28 11:00:00,1.402,1.402,1.398,1.4,3662557.0,5127633.0
2021-09-28 11:15:00,1.402,1.404,1.399,1.402,2861716.0,4008650.0
2021-09-28 11:30:00,1.404,1.404,1.397,1.399,4008142.0,5608864.0
2021-09-28 13:15:00,1.401,1.401,1.395,1.396,4814654.0,6725520.0
2021-09-28 13:30:00,1.396,1.397,1.394,1.395,8475027.0,11824058.0
2021-09-28 13:45:00,1.394,1.396,1.393,1.394,5373872.0,7491181.0
2021-09-28 14:00:00,1.394,1.396,1.393,1.396,5334733.0,7438796.0
2021-09-28 14:15:00,1.396,1.396,1.392,1.393,9192372.0,12811516.0
2021-09-28 14:30:00,1.392,1.393,1.391,1.392,2775011.0,3862760.0
2021-09-28 14:45:00,1.392,1.392,1.389,1.39,6953734.0,9668801.0
2021-09-28 15:00:00,1.39,1.392,1.389,1.39,8583737.0,11933336.0
2021-09-29 09:45:00,1.384,1.389,1.38,1.383,31022672.0,42902150.0
2021-09-29 10:00:00,1.382,1.386,1.379,1.384,21746100.0,30040676.0
2021-09-29 10:15:00,1.384,1.389,1.381,1.386,8587145.0,11893827.0
2021-09-29 10:30:00,1.387,1.389,1.382,1.387,6440904.0,8925748.0
2021-09-29 10:45:00,1.389,1.389,1.381,1.382,7885951.0,10908719.0
2021-09-29 11:00:00,1.382,1.384,1.38,1.381,10549070.0,14570025.0
2021-09-29 11:15:00,1.381,1.381,1.373,1.378,22869380.0,31484698.0
2021-09-29 11:30:00,1.378,1.386,1.374,1.386,10044286.0,13846444.0
2021-09-29 13:15:00,1.386,1.388,1.384,1.387,3622828.0,5019248.0
2021-09-29 13:30:00,1.387,1.388,1.383,1.388,5321114.0,7368812.0
2021-09-29 13:45:00,1.388,1.393,1.387,1.391,4073176.0,5665428.0
2021-09-29 14:00:00,1.391,1.392,1.388,1.389,3983662.0,5538014.0
2021-09-29 14:15:00,1.389,1.391,1.385,1.385,3540554.0,4915599.0
2021-09-29 14:30:00,1.385,1.388,1.385,1.386,2931584.0,4062985.0
2021-09-29 14:45:00,1.386,1.388,1.383,1.384,4150539.0,5751611.0
2021-09-29 15:00:00,1.384,1.386,1.381,1.382,9074293.0,12554446.0
2021-09-30 09:45:00,1.39,1.401,1.384,1.397,24646424.0,34372813.0
2021-09-30 10:00:00,1.398,1.4,1.392,1.395,14446385.0,20169240.0
2021-09-30 10:15:00,1.395,1.4,1.394,1.396,16254224.0,22695308.0
2021-09-30 10:30:00,1.397,1.399,1.395,1.397,6133694.0,8569724.0
2021-09-30 10:45:00,1.398,1.399,1.396,1.398,4394396.0,6141904.0
2021-09-30 11:00:00,1.399,1.399,1.397,1.398,4441635.0,6208833.0
2021-09-30 11:15:00,1.399,1.401,1.398,1.4,4916333.0,6880568.0
2021-09-30 11:30:00,1.4,1.404,1.398,1.402,8858489.0,12407181.0
2021-09-30 13:15:00,1.403,1.404,1.401,1.402,5329908.0,7474481.0
2021-09-30 13:30:00,1.402,1.406,1.402,1.406,4985551.0,6999874.0
2021-09-30 13:45:00,1.405,1.405,1.402,1.404,3787905.0,5317533.0
2021-09-30 14:00:00,1.404,1.405,1.403,1.403,3778510.0,5303915.0
2021-09-30 14:15:00,1.403,1.405,1.403,1.404,7591240.0,10659032.0
2021-09-30 14:30:00,1.404,1.406,1.404,1.405,6619917.0,9299430.0
2021-09-30 14:45:00,1.406,1.406,1.403,1.404,5733822.0,8053142.0
2021-09-30 15:00:00,1.405,1.405,1.403,1.405,8305358.0,11661921.0
2021-10-08 09:45:00,1.414,1.422,1.41,1.42,16374359.0,23191543.0
2021-10-08 10:00:00,1.421,1.423,1.409,1.41,24550872.0,34795600.0
2021-10-08 10:15:00,1.409,1.411,1.405,1.406,11667793.0,16436475.0
2021-10-08 10:30:00,1.406,1.407,1.402,1.405,8923983.0,12532325.0
2021-10-08 10:45:00,1.405,1.406,1.4,1.402,10070233.0,14129886.0
2021-10-08 11:00:00,1.403,1.404,1.401,1.403,6128377.0,8597799.0
2021-10-08 11:15:00,1.403,1.404,1.401,1.403,4264780.0,5979670.0
2021-10-08 11:30:00,1.403,1.403,1.399,1.399,9482853.0,13280003.0
2021-10-08 13:15:00,1.4,1.403,1.398,1.402,5211000.0,7294357.0
2021-10-08 13:30:00,1.402,1.403,1.4,1.403,6293635.0,8820769.0
2021-10-08 13:45:00,1.403,1.408,1.403,1.406,3590158.0,5045056.0
2021-10-08 14:00:00,1.406,1.407,1.403,1.404,2833654.0,3980977.0
2021-10-08 14:15:00,1.404,1.405,1.401,1.403,2074054.0,2909410.0
2021-10-08 14:30:00,1.404,1.404,1.4,1.401,2132591.0,2989447.0
2021-10-08 14:45:00,1.401,1.401,1.399,1.401,2852862.0,3995652.0
2021-10-08 15:00:00,1.401,1.406,1.399,1.405,10348059.0,14513159.0
2021-10-11 09:45:00,1.405,1.406,1.398,1.4,27516224.0,38548867.0
2021-10-11 10:00:00,1.4,1.405,1.396,1.404,13872272.0,19430992.0
2021-10-11 10:15:00,1.404,1.412,1.402,1.41,12440158.0,17517910.0
2021-10-11 10:30:00,1.409,1.411,1.407,1.408,5751178.0,8104810.0
2021-10-11 10:45:00,1.408,1.408,1.402,1.405,10813750.0,15184750.0
2021-10-11 11:00:00,1.405,1.405,1.401,1.401,6172178.0,8654157.0
2021-10-11 11:15:00,1.401,1.401,1.397,1.398,10521387.0,14714129.0
2021-10-11 11:30:00,1.398,1.4,1.396,1.398,5175769.0,7234705.0
2021-10-11 13:15:00,1.399,1.402,1.398,1.399,2620647.0,3668030.0
2021-10-11 13:30:00,1.399,1.4,1.397,1.398,3903802.0,5461148.0
2021-10-11 13:45:00,1.397,1.398,1.393,1.394,8548164.0,11926130.0
2021-10-11 14:00:00,1.394,1.394,1.39,1.391,5397631.0,7512199.0
2021-10-11 14:15:00,1.391,1.392,1.388,1.39,8070302.0,11214739.0
2021-10-11 14:30:00,1.39,1.391,1.389,1.39,7049190.0,9797624.0
2021-10-11 14:45:00,1.39,1.39,1.385,1.386,13283065.0,18424024.0
2021-10-11 15:00:00,1.385,1.39,1.384,1.388,14434986.0,20015544.0
2021-10-12 09:45:00,1.386,1.393,1.38,1.381,31972996.0,44279672.0
2021-10-12 10:00:00,1.381,1.386,1.38,1.381,19226866.0,26582778.0
2021-10-12 10:15:00,1.38,1.384,1.378,1.384,18568188.0,25628136.0
2021-10-12 10:30:00,1.384,1.384,1.378,1.379,6675954.0,9217252.0
2021-10-12 10:45:00,1.379,1.379,1.374,1.374,8737519.0,12027970.0
2021-10-12 11:00:00,1.374,1.376,1.37,1.372,10890020.0,14948984.0
2021-10-12 11:15:00,1.373,1.374,1.369,1.369,9578505.0,13129821.0
2021-10-12 11:30:00,1.37,1.37,1.364,1.367,8118377.0,11094242.0
2021-10-12 13:15:00,1.366,1.368,1.362,1.363,11092521.0,15137380.0
2021-10-12 13:30:00,1.363,1.363,1.356,1.357,13085278.0,17785200.0
2021-10-12 13:45:00,1.357,1.357,1.351,1.352,14813955.0,20055840.0
2021-10-12 14:00:00,1.352,1.358,1.351,1.354,9826931.0,13312909.0
2021-10-12 14:15:00,1.354,1.354,1.35,1.352,13574370.0,18346404.0
2021-10-12 14:30:00,1.352,1.353,1.348,1.351,11273435.0,15219933.0
2021-10-12 14:45:00,1.352,1.352,1.347,1.35,21397520.0,28859232.0
2021-10-12 15:00:00,1.352,1.36,1.349,1.359,13920398.0,18849996.0
2021-10-13 09:45:00,1.358,1.369,1.356,1.368,29722044.0,40605520.0
2021-10-13 10:00:00,1.369,1.371,1.363,1.369,13669143.0,18692284.0
2021-10-13 10:15:00,1.37,1.374,1.367,1.371,10655186.0,14599334.0
2021-10-13 10:30:00,1.371,1.371,1.368,1.369,4378662.0,5993629.0
2021-10-13 10:45:00,1.369,1.373,1.367,1.371,5587111.0,7654490.0
2021-10-13 11:00:00,1.371,1.371,1.366,1.366,3906900.0,5346560.0
2021-10-13 11:15:00,1.366,1.368,1.364,1.367,4218533.0,5763252.0
2021-10-13 11:30:00,1.367,1.371,1.366,1.37,2410044.0,3299596.0
2021-10-13 13:15:00,1.371,1.379,1.371,1.377,9936798.0,13666575.0
2021-10-13 13:30:00,1.377,1.379,1.374,1.378,4360538.0,6003156.0
2021-10-13 13:45:00,1.379,1.379,1.376,1.378,3446527.0,4748471.0
2021-10-13 14:00:00,1.379,1.383,1.378,1.38,6055152.0,8360215.0
2021-10-13 14:15:00,1.38,1.383,1.379,1.381,8143505.0,11250428.0
2021-10-13 14:30:00,1.381,1.383,1.381,1.382,5271266.0,7285284.0
2021-10-13 14:45:00,1.382,1.383,1.38,1.381,7837220.0,10823160.0
2021-10-13 15:00:00,1.382,1.382,1.376,1.377,11191692.0,15434506.0
2021-10-14 09:45:00,1.378,1.39,1.373,1.383,23247080.0,32205001.0
2021-10-14 10:00:00,1.383,1.39,1.381,1.387,20308164.0,28153744.0
2021-10-14 10:15:00,1.387,1.388,1.382,1.385,11881516.0,16461334.0
2021-10-14 10:30:00,1.384,1.386,1.38,1.381,5310405.0,7347902.0
2021-10-14 10:45:00,1.381,1.381,1.374,1.379,7827325.0,10779173.0
2021-10-14 11:00:00,1.379,1.383,1.378,1.382,7475105.0,10318451.0
2021-10-14 11:15:00,1.383,1.384,1.38,1.382,4202273.0,5806757.0
2021-10-14 11:30:00,1.381,1.383,1.38,1.382,4634692.0,6401422.0
2021-10-14 13:15:00,1.382,1.382,1.38,1.381,4444782.0,6138849.0
2021-10-14 13:30:00,1.381,1.383,1.381,1.382,6015096.0,8312901.0
2021-10-14 13:45:00,1.383,1.383,1.38,1.381,3646851.0,5035394.0
2021-10-14 14:00:00,1.381,1.385,1.381,1.385,5285212.0,7305174.0
2021-10-14 14:15:00,1.385,1.385,1.383,1.385,4007526.0,5547319.0
2021-10-14 14:30:00,1.385,1.385,1.383,1.385,9282745.0,12842429.0
2021-10-14 14:45:00,1.385,1.385,1.383,1.383,4681078.0,6478145.0
2021-10-14 15:00:00,1.383,1.384,1.382,1.382,2563172.0,3543905.0
2021-10-15 09:45:00,1.387,1.387,1.376,1.378,15802772.0,21815415.0
2021-10-15 10:00:00,1.378,1.388,1.378,1.385,15408431.0,21315560.0
2021-10-15 10:15:00,1.385,1.388,1.383,1.386,6523797.0,9036211.0
2021-10-15 10:30:00,1.386,1.396,1.386,1.394,11401602.0,15875454.0
2021-10-15 10:45:00,1.394,1.398,1.393,1.398,14899367.0,20800150.0
2021-10-15 11:00:00,1.398,1.4,1.396,1.398,11589477.0,16204007.0
2021-10-15 11:15:00,1.397,1.401,1.396,1.4,6560228.0,9176694.0
2021-10-15 11:30:00,1.4,1.402,1.397,1.399,7634828.0,10690121.0
2021-10-15 13:15:00,1.399,1.4,1.395,1.398,5057171.0,7067077.0
2021-10-15 13:30:00,1.398,1.4,1.397,1.399,6391742.0,8941522.0
2021-10-15 13:45:00,1.4,1.401,1.398,1.399,3568130.0,4994218.0
2021-10-15 14:00:00,1.398,1.401,1.398,1.4,3403840.0,4763937.0
2021-10-15 14:15:00,1.401,1.401,1.396,1.397,2162555.0,3024071.0
2021-10-15 14:30:00,1.396,1.398,1.396,1.397,2184868.0,3053713.0
2021-10-15 14:45:00,1.398,1.399,1.397,1.398,5225863.0,7305460.0
2021-10-15 15:00:00,1.397,1.4,1.396,1.398,7388485.0,10332218.0
2021-10-18 09:45:00,1.398,1.402,1.388,1.391,19818228.0,27597633.0
2021-10-18 10:00:00,1.39,1.394,1.384,1.385,18525676.0,25722004.0
2021-10-18 10:15:00,1.384,1.385,1.381,1.382,14722911.0,20357332.0
2021-10-18 10:30:00,1.381,1.386,1.38,1.381,8008517.0,11064269.0
2021-10-18 10:45:00,1.38,1.381,1.375,1.38,7977453.0,10991341.0
2021-10-18 11:00:00,1.381,1.382,1.379,1.38,4135370.0,5709274.0
2021-10-18 11:15:00,1.38,1.382,1.378,1.38,3546238.0,4893191.0
2021-10-18 11:30:00,1.379,1.38,1.376,1.377,3505550.0,4828470.0
2021-10-18 13:15:00,1.377,1.381,1.377,1.378,8013371.0,11045090.0
2021-10-18 13:30:00,1.377,1.379,1.376,1.378,2313712.0,3186603.0
2021-10-18 13:45:00,1.377,1.38,1.376,1.377,2676369.0,3686726.0
2021-10-18 14:00:00,1.378,1.379,1.376,1.377,2781500.0,3830689.0
2021-10-18 14:15:00,1.378,1.382,1.378,1.381,6123098.0,8451551.0
2021-10-18 14:30:00,1.381,1.387,1.38,1.386,6917694.0,9571813.0
2021-10-18 14:45:00,1.386,1.388,1.385,1.387,3831284.0,5309877.0
2021-10-18 15:00:00,1.386,1.389,1.384,1.387,10453593.0,14492529.0
2021-10-19 09:45:00,1.385,1.397,1.384,1.397,11910473.0,16596817.0
2021-10-19 10:00:00,1.397,1.398,1.391,1.392,11985086.0,16716394.0
2021-10-19 10:15:00,1.393,1.398,1.39,1.391,9288639.0,12953955.0
2021-10-19 10:30:00,1.392,1.394,1.39,1.393,5052159.0,7032640.0
2021-10-19 10:45:00,1.394,1.398,1.39,1.396,7130723.0,9945139.0
2021-10-19 11:00:00,1.396,1.396,1.392,1.393,4813975.0,6713939.0
2021-10-19 11:15:00,1.393,1.402,1.392,1.4,14439140.0,20190948.0
2021-10-19 11:30:00,1.4,1.402,1.399,1.402,11166559.0,15638672.0
2021-10-19 13:15:00,1.402,1.403,1.401,1.402,9851986.0,13813381.0
2021-10-19 13:30:00,1.402,1.402,1.4,1.402,6519049.0,9135026.0
2021-10-19 13:45:00,1.402,1.404,1.402,1.403,4487881.0,6295761.0
2021-10-19 14:00:00,1.404,1.404,1.4,1.401,4810000.0,6743483.0
2021-10-19 14:15:00,1.401,1.403,1.4,1.403,5293452.0,7421848.0
2021-10-19 14:30:00,1.404,1.404,1.401,1.402,5847751.0,8202666.0
2021-10-19 14:45:00,1.403,1.404,1.401,1.402,7569692.0,10618728.0
2021-10-19 15:00:00,1.401,1.402,1.399,1.401,9487547.0,13290576.0
2021-10-20 09:45:00,1.401,1.415,1.4,1.41,27350243.0,38606334.0
2021-10-20 10:00:00,1.41,1.411,1.405,1.408,12851143.0,18091580.0
2021-10-20 10:15:00,1.408,1.409,1.402,1.404,9804711.0,13774486.0
2021-10-20 10:30:00,1.405,1.406,1.401,1.404,8109248.0,11380191.0
2021-10-20 10:45:00,1.404,1.408,1.398,1.408,9035871.0,12669741.0
2021-10-20 11:00:00,1.407,1.41,1.405,1.409,4038696.0,5683995.0
2021-10-20 11:15:00,1.409,1.412,1.408,1.412,3808710.0,5368508.0
2021-10-20 11:30:00,1.412,1.416,1.411,1.414,11599459.0,16405203.0
2021-10-20 13:15:00,1.415,1.416,1.411,1.411,7944428.0,11226866.0
2021-10-20 13:30:00,1.411,1.414,1.411,1.412,4073179.0,5752676.0
2021-10-20 13:45:00,1.412,1.413,1.41,1.412,7055916.0,9957023.0
2021-10-20 14:00:00,1.412,1.413,1.408,1.409,7210053.0,10170278.0
2021-10-20 14:15:00,1.409,1.41,1.407,1.409,3185425.0,4486202.0
2021-10-20 14:30:00,1.409,1.409,1.407,1.407,5177472.0,7289643.0
2021-10-20 14:45:00,1.408,1.409,1.407,1.408,4212390.0,5931034.0
2021-10-20 15:00:00,1.408,1.409,1.407,1.408,7001867.0,9857671.0
2021-10-21 09:45:00,1.406,1.415,1.404,1.408,14748203.0,20800846.0
2021-10-21 10:00:00,1.408,1.41,1.404,1.409,6169433.0,8680727.0
2021-10-21 10:15:00,1.409,1.413,1.406,1.406,10917775.0,15401078.0
2021-10-21 10:30:00,1.407,1.408,1.402,1.403,3860808.0,5423669.0
2021-10-21 10:45:00,1.403,1.406,1.402,1.404,4690041.0,6583788.0
2021-10-21 11:00:00,1.405,1.405,1.401,1.401,4304613.0,6037796.0
2021-10-21 11:15:00,1.401,1.403,1.398,1.399,5545777.0,7766021.0
2021-10-21 11:30:00,1.399,1.4,1.395,1.397,8331556.0,11641068.0
2021-10-21 13:15:00,1.397,1.4,1.395,1.397,7073655.0,9887538.0
2021-10-21 13:30:00,1.397,1.4,1.397,1.398,4208728.0,5883633.0
2021-10-21 13:45:00,1.399,1.399,1.396,1.396,3957798.0,5530422.0
2021-10-21 14:00:00,1.396,1.396,1.392,1.394,8014964.0,11171285.0
2021-10-21 14:15:00,1.394,1.395,1.392,1.392,3598843.0,5014052.0
2021-10-21 14:30:00,1.394,1.395,1.392,1.394,8043347.0,11209091.0
2021-10-21 14:45:00,1.394,1.395,1.393,1.394,2742088.0,3821202.0
2021-10-21 15:00:00,1.394,1.396,1.393,1.395,7149580.0,9970115.0
2021-10-22 09:45:00,1.396,1.405,1.395,1.395,16486395.0,23084569.0
2021-10-22 10:00:00,1.395,1.408,1.394,1.407,10621040.0,14896324.0
2021-10-22 10:15:00,1.408,1.408,1.403,1.405,11275967.0,15847612.0
2021-10-22 10:30:00,1.406,1.41,1.404,1.408,10993934.0,15472051.0
2021-10-22 10:45:00,1.408,1.409,1.405,1.406,10711144.0,15068681.0
2021-10-22 11:00:00,1.406,1.407,1.404,1.407,6480282.0,9112173.0
2021-10-22 11:15:00,1.408,1.409,1.404,1.408,7798160.0,10968487.0
2021-10-22 11:30:00,1.408,1.412,1.408,1.412,9513632.0,13411368.0
2021-10-22 13:15:00,1.412,1.415,1.41,1.41,10048840.0,14193688.0
2021-10-22 13:30:00,1.41,1.411,1.406,1.407,3629932.0,5114356.0
2021-10-22 13:45:00,1.407,1.409,1.403,1.408,26011194.0,36531480.0
2021-10-22 14:00:00,1.407,1.408,1.404,1.405,2120721.0,2980089.0
2021-10-22 14:15:00,1.405,1.407,1.404,1.405,2260491.0,3177579.0
2021-10-22 14:30:00,1.405,1.407,1.403,1.403,2049396.0,2878636.0
2021-10-22 14:45:00,1.404,1.407,1.403,1.404,2367179.0,3325488.0
2021-10-22 15:00:00,1.404,1.406,1.403,1.405,4679396.0,6570162.0
2021-10-25 09:45:00,1.405,1.408,1.398,1.408,13180741.0,18484893.0
2021-10-25 10:00:00,1.409,1.409,1.399,1.404,9182899.0,12892219.0
2021-10-25 10:15:00,1.404,1.404,1.396,1.398,9081762.0,12699643.0
2021-10-25 10:30:00,1.399,1.401,1.398,1.401,6945620.0,9718604.0
2021-10-25 10:45:00,1.401,1.407,1.401,1.407,5733461.0,8052979.0
2021-10-25 11:00:00,1.407,1.407,1.404,1.405,4354055.0,6118813.0
2021-10-25 11:15:00,1.406,1.407,1.405,1.406,2445911.0,3438843.0
2021-10-25 11:30:00,1.405,1.406,1.402,1.405,1951394.0,2739584.0
2021-10-25 13:15:00,1.406,1.411,1.404,1.41,13273323.0,18671148.0
2021-10-25 13:30:00,1.41,1.413,1.41,1.411,7726363.0,10909465.0
2021-10-25 13:45:00,1.411,1.411,1.408,1.411,2398186.0,3381234.0
2021-10-25 14:00:00,1.41,1.413,1.41,1.412,7220931.0,10193608.0
2021-10-25 14:15:00,1.412,1.413,1.411,1.412,3019219.0,4263598.0
2021-10-25 14:30:00,1.412,1.414,1.412,1.413,4360524.0,6160873.0
2021-10-25 14:45:00,1.414,1.414,1.413,1.413,3630217.0,5130298.0
2021-10-25 15:00:00,1.414,1.417,1.413,1.414,12107355.0,17129508.0
2021-10-26 09:45:00,1.419,1.424,1.409,1.42,22241143.0,31556132.0
2021-10-26 10:00:00,1.419,1.424,1.418,1.419,14675666.0,20849676.0
2021-10-26 10:15:00,1.419,1.421,1.414,1.417,12408167.0,17589844.0
2021-10-26 10:30:00,1.418,1.419,1.414,1.419,4050069.0,5738840.0
2021-10-26 10:45:00,1.419,1.423,1.418,1.421,7190954.0,10214686.0
2021-10-26 11:00:00,1.42,1.424,1.419,1.421,5467633.0,7773905.0
2021-10-26 11:15:00,1.422,1.422,1.418,1.418,2973217.0,4220999.0
2021-10-26 11:30:00,1.418,1.419,1.417,1.419,2519015.0,3573129.0
2021-10-26 13:15:00,1.42,1.421,1.416,1.421,6929968.0,9827398.0
2021-10-26 13:30:00,1.421,1.421,1.415,1.415,4362228.0,6183815.0
2021-10-26 13:45:00,1.416,1.416,1.409,1.411,5494842.0,7756208.0
2021-10-26 14:00:00,1.412,1.413,1.41,1.411,2495587.0,3521986.0
2021-10-26 14:15:00,1.412,1.413,1.411,1.411,2888545.0,4079695.0
2021-10-26 14:30:00,1.411,1.412,1.41,1.411,3793927.0,5352065.0
2021-10-26 14:45:00,1.411,1.411,1.408,1.41,6129516.0,8640986.0
2021-10-26 15:00:00,1.41,1.414,1.409,1.413,5628649.0,7942905.0
2021-10-27 09:45:00,1.411,1.411,1.402,1.403,12921007.0,18163659.0
2021-10-27 10:00:00,1.403,1.405,1.4,1.404,9212835.0,12921489.0
2021-10-27 10:15:00,1.403,1.403,1.4,1.402,7883475.0,11049422.0
2021-10-27 10:30:00,1.402,1.402,1.396,1.397,9732155.0,13617882.0
2021-10-27 10:45:00,1.397,1.397,1.392,1.395,17944150.0,25016240.0
2021-10-27 11:00:00,1.396,1.398,1.394,1.396,5566400.0,7772196.0
2021-10-27 11:15:00,1.396,1.398,1.393,1.397,6215995.0,8677214.0
2021-10-27 11:30:00,1.397,1.398,1.394,1.394,1782508.0,2488736.0
2021-10-27 13:15:00,1.395,1.396,1.393,1.395,5087720.0,7095018.0
2021-10-27 13:30:00,1.394,1.395,1.388,1.39,10112874.0,14066025.0
2021-10-27 13:45:00,1.39,1.395,1.389,1.394,4878211.0,6789949.0
2021-10-27 14:00:00,1.395,1.395,1.392,1.393,3410536.0,4751835.0
2021-10-27 14:15:00,1.393,1.393,1.39,1.393,3286495.0,4573965.0
2021-10-27 14:30:00,1.393,1.394,1.392,1.394,1441189.0,2007810.0
2021-10-27 14:45:00,1.394,1.397,1.392,1.397,5067158.0,7059570.0
2021-10-27 15:00:00,1.396,1.397,1.393,1.394,4111710.0,5736461.0
2021-10-28 09:45:00,1.391,1.404,1.39,1.402,17794656.0,24915286.0
2021-10-28 10:00:00,1.401,1.402,1.393,1.394,9055788.0,12658788.0
2021-10-28 10:15:00,1.394,1.4,1.393,1.4,4677024.0,6524932.0
2021-10-28 10:30:00,1.4,1.4,1.392,1.397,4570761.0,6374336.0
2021-10-28 10:45:00,1.397,1.398,1.392,1.395,6599589.0,9205801.0
2021-10-28 11:00:00,1.396,1.401,1.395,1.401,14842915.0,20755220.0
2021-10-28 11:15:00,1.401,1.401,1.395,1.395,6705300.0,9386870.0
2021-10-28 11:30:00,1.395,1.397,1.393,1.397,3783347.0,5277562.0
2021-10-28 13:15:00,1.397,1.399,1.394,1.395,4864431.0,6796130.0
2021-10-28 13:30:00,1.395,1.396,1.393,1.394,2220186.0,3095709.0
2021-10-28 13:45:00,1.393,1.395,1.392,1.395,3827991.0,5333596.0
2021-10-28 14:00:00,1.395,1.396,1.392,1.394,10576545.0,14732393.0
2021-10-28 14:15:00,1.394,1.397,1.393,1.394,2718055.0,3792461.0
2021-10-28 14:30:00,1.394,1.396,1.392,1.395,7587137.0,10576209.0
2021-10-28 14:45:00,1.395,1.396,1.39,1.391,2732908.0,3804605.0
2021-10-28 15:00:00,1.392,1.395,1.39,1.395,16710428.0,23239844.0
2021-10-29 09:45:00,1.396,1.409,1.392,1.406,24133162.0,33853050.0
2021-10-29 10:00:00,1.406,1.409,1.399,1.399,17101664.0,24044460.0
2021-10-29 10:15:00,1.399,1.416,1.399,1.412,19680876.0,27746456.0
2021-10-29 10:30:00,1.412,1.419,1.412,1.417,15070207.0,21328614.0
2021-10-29 10:45:00,1.417,1.419,1.412,1.418,13810439.0,19556894.0
2021-10-29 11:00:00,1.419,1.419,1.413,1.418,6051390.0,8575771.0
2021-10-29 11:15:00,1.419,1.42,1.415,1.415,5212762.0,7392576.0
2021-10-29 11:30:00,1.416,1.422,1.416,1.422,11889037.0,16869648.0
2021-10-29 13:15:00,1.421,1.423,1.421,1.421,5705888.0,8113652.0
2021-10-29 13:30:00,1.421,1.424,1.421,1.424,4730341.0,6728836.0
2021-10-29 13:45:00,1.423,1.428,1.423,1.427,9094193.0,12963904.0
2021-10-29 14:00:00,1.428,1.431,1.427,1.43,10003455.0,14298322.0
2021-10-29 14:15:00,1.43,1.431,1.428,1.431,5644309.0,8070175.0
2021-10-29 14:30:00,1.43,1.431,1.428,1.431,6387326.0,9132941.0
2021-10-29 14:45:00,1.431,1.434,1.43,1.433,8332168.0,11932198.0
2021-10-29 15:00:00,1.433,1.434,1.43,1.431,7401679.0,10605271.0
2021-11-01 09:45:00,1.433,1.438,1.427,1.434,30815612.0,44150456.0
2021-11-01 10:00:00,1.434,1.44,1.433,1.433,17661132.0,25374680.0
2021-11-01 10:15:00,1.433,1.436,1.427,1.43,13373225.0,19150624.0
2021-11-01 10:30:00,1.43,1.434,1.429,1.431,8688636.0,12430829.0
2021-11-01 10:45:00,1.432,1.443,1.431,1.442,12642828.0,18196102.0
2021-11-01 11:00:00,1.443,1.45,1.442,1.45,15376354.0,22257948.0
2021-11-01 11:15:00,1.45,1.451,1.446,1.449,9489322.0,13747488.0
2021-11-01 11:30:00,1.449,1.452,1.446,1.449,11107390.0,16098674.0
2021-11-01 13:15:00,1.45,1.451,1.445,1.446,6018468.0,8720121.0
2021-11-01 13:30:00,1.447,1.45,1.446,1.449,3756977.0,5438910.0
2021-11-01 13:45:00,1.448,1.449,1.443,1.443,2956587.0,4277078.0
2021-11-01 14:00:00,1.442,1.446,1.441,1.444,3668429.0,5297815.0
2021-11-01 14:15:00,1.444,1.445,1.44,1.441,2008599.0,2896786.0
2021-11-01 14:30:00,1.441,1.446,1.441,1.444,4344569.0,6274945.0
2021-11-01 14:45:00,1.445,1.446,1.442,1.442,1461825.0,2110282.0
2021-11-01 15:00:00,1.443,1.443,1.441,1.442,6173547.0,8903435.0
2021-11-02 09:45:00,1.442,1.452,1.44,1.447,20903920.0,30225856.0
2021-11-02 10:00:00,1.448,1.457,1.446,1.456,15912915.0,23112228.0
2021-11-02 10:15:00,1.457,1.46,1.452,1.455,16166744.0,23533410.0
2021-11-02 10:30:00,1.455,1.457,1.452,1.452,10323901.0,15020493.0
2021-11-02 10:45:00,1.452,1.456,1.447,1.454,15258302.0,22140570.0
2021-11-02 11:00:00,1.453,1.457,1.452,1.456,9842482.0,14314469.0
2021-11-02 11:15:00,1.456,1.459,1.454,1.455,12100139.0,17625302.0
2021-11-02 11:30:00,1.455,1.455,1.448,1.453,5055434.0,7336743.0
2021-11-02 13:15:00,1.452,1.453,1.443,1.445,7534738.0,10902837.0
2021-11-02 13:30:00,1.446,1.446,1.432,1.433,9092729.0,13086362.0
2021-11-02 13:45:00,1.431,1.446,1.431,1.443,6454136.0,9286816.0
2021-11-02 14:00:00,1.443,1.445,1.433,1.433,5081318.0,7311763.0
2021-11-02 14:15:00,1.434,1.435,1.43,1.433,6177580.0,8849005.0
2021-11-02 14:30:00,1.433,1.439,1.432,1.437,3549621.0,5096822.0
2021-11-02 14:45:00,1.438,1.44,1.438,1.439,3103297.0,4464568.0
2021-11-02 15:00:00,1.439,1.445,1.439,1.444,6680405.0,9630804.0
2021-11-03 09:45:00,1.452,1.455,1.443,1.444,33191712.0,48041209.0
2021-11-03 10:00:00,1.443,1.448,1.441,1.441,14510184.0,20953080.0
2021-11-03 10:15:00,1.441,1.442,1.43,1.431,16176145.0,23211816.0
2021-11-03 10:30:00,1.431,1.438,1.429,1.433,7975351.0,11417294.0
2021-11-03 10:45:00,1.433,1.433,1.429,1.432,7291981.0,10434041.0
2021-11-03 11:00:00,1.433,1.433,1.428,1.43,3825894.0,5469399.0
2021-11-03 11:15:00,1.43,1.431,1.427,1.428,5000511.0,7142093.0
2021-11-03 11:30:00,1.427,1.43,1.425,1.428,5389085.0,7688900.0
2021-11-03 13:15:00,1.428,1.434,1.428,1.432,10462187.0,14978464.0
2021-11-03 13:30:00,1.431,1.432,1.426,1.427,4163059.0,5945944.0
2021-11-03 13:45:00,1.427,1.428,1.424,1.424,7748516.0,11045814.0
2021-11-03 14:00:00,1.425,1.425,1.422,1.424,4324514.0,6153404.0
2021-11-03 14:15:00,1.424,1.433,1.423,1.432,3099635.0,4424860.0
2021-11-03 14:30:00,1.432,1.435,1.431,1.435,4927664.0,7068265.0
2021-11-03 14:45:00,1.435,1.435,1.433,1.434,7436326.0,10668332.0
2021-11-03 15:00:00,1.434,1.436,1.433,1.433,10684735.0,15321599.0
2021-11-04 09:45:00,1.435,1.453,1.435,1.45,29928011.0,43362472.0
2021-11-04 10:00:00,1.45,1.455,1.449,1.454,19050792.0,27663874.0
2021-11-04 10:15:00,1.453,1.455,1.449,1.452,12708989.0,18450840.0
2021-11-04 10:30:00,1.451,1.453,1.447,1.448,11236183.0,16283825.0
2021-11-04 10:45:00,1.449,1.454,1.447,1.452,5726245.0,8311633.0
2021-11-04 11:00:00,1.453,1.455,1.452,1.455,8838032.0,12849355.0
2021-11-04 11:15:00,1.455,1.455,1.449,1.45,7292145.0,10581459.0
2021-11-04 11:30:00,1.45,1.452,1.449,1.45,5086057.0,7376535.0
2021-11-04 13:15:00,1.451,1.451,1.446,1.448,5357035.0,7758355.0
2021-11-04 13:30:00,1.447,1.45,1.446,1.449,8012515.0,11603143.0
2021-11-04 13:45:00,1.45,1.45,1.447,1.447,5479265.0,7936804.0
2021-11-04 14:00:00,1.447,1.447,1.443,1.443,1461008.0,2110784.0
2021-11-04 14:15:00,1.444,1.447,1.443,1.446,4217029.0,6095783.0
2021-11-04 14:30:00,1.445,1.447,1.445,1.447,2343356.0,3388113.0
2021-11-04 14:45:00,1.447,1.447,1.445,1.446,3164519.0,4574504.0
2021-11-04 15:00:00,1.446,1.448,1.445,1.446,8793966.0,12716509.0
2021-11-05 09:45:00,1.45,1.455,1.441,1.444,12949386.0,18737211.0
2021-11-05 10:00:00,1.444,1.449,1.444,1.448,9882763.0,14301013.0
2021-11-05 10:15:00,1.447,1.448,1.443,1.444,12812517.0,18517416.0
2021-11-05 10:30:00,1.444,1.447,1.443,1.444,9173028.0,13259615.0
2021-11-05 10:45:00,1.446,1.452,1.445,1.451,9813124.0,14200204.0
2021-11-05 11:00:00,1.451,1.451,1.444,1.444,16076090.0,23274812.0
2021-11-05 11:15:00,1.445,1.447,1.443,1.446,5200068.0,7512519.0
2021-11-05 11:30:00,1.446,1.448,1.445,1.447,5882387.0,8511329.0
2021-11-05 13:15:00,1.447,1.449,1.444,1.445,4938092.0,7142852.0
2021-11-05 13:30:00,1.445,1.445,1.437,1.438,9530953.0,13729905.0
2021-11-05 13:45:00,1.438,1.443,1.437,1.441,4296750.0,6186864.0
2021-11-05 14:00:00,1.441,1.442,1.439,1.439,2129131.0,3067283.0
2021-11-05 14:15:00,1.439,1.439,1.436,1.437,3124221.0,4490010.0
2021-11-05 14:30:00,1.437,1.438,1.434,1.437,3171603.0,4553935.0
2021-11-05 14:45:00,1.437,1.437,1.432,1.434,2937860.0,4215305.0
2021-11-05 15:00:00,1.433,1.436,1.432,1.435,5816358.0,8340797.0
2021-11-08 09:45:00,1.431,1.436,1.426,1.43,9105549.0,13014317.0
2021-11-08 10:00:00,1.43,1.435,1.425,1.426,10345021.0,14773330.0
2021-11-08 10:15:00,1.427,1.427,1.417,1.423,13366393.0,18998372.0
2021-11-08 10:30:00,1.423,1.43,1.421,1.429,11536924.0,16453889.0
2021-11-08 10:45:00,1.429,1.431,1.427,1.428,11036600.0,15770440.0
2021-11-08 11:00:00,1.428,1.43,1.425,1.427,3704971.0,5290401.0
2021-11-08 11:15:00,1.427,1.429,1.425,1.428,3256025.0,4646200.0
2021-11-08 11:30:00,1.429,1.431,1.428,1.431,2850931.0,4074175.0
2021-11-08 13:15:00,1.43,1.433,1.429,1.433,6401576.0,9162675.0
2021-11-08 13:30:00,1.433,1.434,1.431,1.433,3811204.0,5460726.0
2021-11-08 13:45:00,1.433,1.436,1.432,1.434,3951912.0,5666454.0
2021-11-08 14:00:00,1.434,1.435,1.433,1.434,3375991.0,4841348.0
2021-11-08 14:15:00,1.434,1.435,1.432,1.432,576739.0,826651.0
2021-11-08 14:30:00,1.433,1.435,1.432,1.434,2570990.0,3686482.0
2021-11-08 14:45:00,1.434,1.435,1.433,1.435,3243826.0,4651682.0
2021-11-08 15:00:00,1.435,1.437,1.434,1.436,3224501.0,4627579.0
2021-11-09 09:45:00,1.436,1.446,1.431,1.444,15725248.0,22671167.0
2021-11-09 10:00:00,1.443,1.445,1.439,1.441,16442878.0,23709834.0
2021-11-09 10:15:00,1.441,1.445,1.44,1.443,7637448.0,11016793.0
2021-11-09 10:30:00,1.443,1.445,1.441,1.444,5008113.0,7228244.0
2021-11-09 10:45:00,1.445,1.45,1.444,1.448,8494191.0,12291704.0
2021-11-09 11:00:00,1.448,1.448,1.442,1.443,3228325.0,4661023.0
2021-11-09 11:15:00,1.444,1.447,1.441,1.445,4509672.0,6509890.0
2021-11-09 11:30:00,1.446,1.448,1.444,1.446,3892468.0,5629572.0
2021-11-09 13:15:00,1.447,1.453,1.446,1.452,10465259.0,15173545.0
2021-11-09 13:30:00,1.452,1.457,1.451,1.456,11579784.0,16836512.0
2021-11-09 13:45:00,1.455,1.458,1.454,1.457,7581635.0,11042686.0
2021-11-09 14:00:00,1.457,1.458,1.455,1.455,5841440.0,8510379.0
2021-11-09 14:15:00,1.454,1.457,1.454,1.455,2978447.0,4335940.0
2021-11-09 14:30:00,1.456,1.456,1.454,1.455,9438138.0,13733612.0
2021-11-09 14:45:00,1.455,1.456,1.453,1.455,4077606.0,5929631.0
2021-11-09 15:00:00,1.456,1.457,1.455,1.457,7093197.0,10329408.0
2021-11-10 09:45:00,1.456,1.46,1.447,1.452,16801907.0,24451008.0
2021-11-10 10:00:00,1.453,1.456,1.451,1.452,11650838.0,16932226.0
2021-11-10 10:15:00,1.452,1.458,1.445,1.446,11946185.0,17338088.0
2021-11-10 10:30:00,1.446,1.446,1.441,1.446,12670283.0,18293836.0
2021-11-10 10:45:00,1.446,1.446,1.44,1.444,11779900.0,17002760.0
2021-11-10 11:00:00,1.444,1.444,1.436,1.439,13642472.0,19651758.0
2021-11-10 11:15:00,1.439,1.44,1.434,1.436,9376335.0,13481658.0
2021-11-10 11:30:00,1.436,1.451,1.436,1.451,7350514.0,10612699.0
2021-11-10 13:15:00,1.451,1.455,1.448,1.448,3584506.0,5202389.0
2021-11-10 13:30:00,1.448,1.453,1.447,1.453,5182675.0,7514150.0
2021-11-10 13:45:00,1.455,1.457,1.452,1.453,4817809.0,7007312.0
2021-11-10 14:00:00,1.453,1.453,1.448,1.45,6355301.0,9212134.0
2021-11-10 14:15:00,1.45,1.452,1.446,1.45,9572848.0,13867435.0
2021-11-10 14:30:00,1.453,1.455,1.452,1.454,5156484.0,7491348.0
2021-11-10 14:45:00,1.454,1.457,1.453,1.457,3419021.0,4975136.0
2021-11-10 15:00:00,1.456,1.457,1.454,1.456,6567196.0,9556868.0
2021-11-11 09:45:00,1.448,1.464,1.447,1.46,17866514.0,26069168.0
2021-11-11 10:00:00,1.46,1.465,1.46,1.464,9578553.0,14008615.0
2021-11-11 10:15:00,1.465,1.467,1.461,1.461,10519210.0,15402555.0
2021-11-11 10:30:00,1.461,1.461,1.456,1.459,8611534.0,12561267.0
2021-11-11 10:45:00,1.459,1.461,1.457,1.459,6786301.0,9899717.0
2021-11-11 11:00:00,1.46,1.464,1.46,1.464,6258777.0,9154600.0
2021-11-11 11:15:00,1.464,1.47,1.464,1.467,11352747.0,16657292.0
2021-11-11 11:30:00,1.467,1.472,1.466,1.472,9137520.0,13423414.0
2021-11-11 13:15:00,1.472,1.479,1.472,1.478,22560576.0,33278052.0
2021-11-11 13:30:00,1.478,1.48,1.476,1.476,7893392.0,11668022.0
2021-11-11 13:45:00,1.476,1.477,1.472,1.476,4390212.0,6471791.0
2021-11-11 14:00:00,1.476,1.477,1.474,1.475,3470015.0,5121227.0
2021-11-11 14:15:00,1.475,1.477,1.473,1.474,1341503.0,1976912.0
2021-11-11 14:30:00,1.473,1.477,1.473,1.476,2680617.0,3953974.0
2021-11-11 14:45:00,1.477,1.477,1.473,1.474,3645348.0,5376899.0
2021-11-11 15:00:00,1.474,1.476,1.472,1.473,10632608.0,15673921.0
2021-11-12 09:45:00,1.469,1.471,1.462,1.467,23088880.0,33840583.0
2021-11-12 10:00:00,1.469,1.478,1.467,1.477,7591566.0,11188947.0
2021-11-12 10:15:00,1.477,1.477,1.473,1.475,18780982.0,27705820.0
2021-11-12 10:30:00,1.475,1.475,1.471,1.471,8942611.0,13173140.0
2021-11-12 10:45:00,1.472,1.475,1.471,1.472,8105642.0,11936905.0
2021-11-12 11:00:00,1.472,1.478,1.472,1.477,5863200.0,8649391.0
2021-11-12 11:15:00,1.477,1.478,1.474,1.474,4456824.0,6576737.0
2021-11-12 11:30:00,1.474,1.476,1.471,1.475,4138055.0,6094969.0
2021-11-12 13:15:00,1.476,1.477,1.472,1.472,3828359.0,5643907.0
2021-11-12 13:30:00,1.472,1.475,1.471,1.474,3887365.0,5727292.0
2021-11-12 13:45:00,1.473,1.476,1.473,1.476,2145632.0,3164005.0
2021-11-12 14:00:00,1.477,1.479,1.475,1.478,9287760.0,13718577.0
2021-11-12 14:15:00,1.479,1.48,1.478,1.479,4814526.0,7121463.0
2021-11-12 14:30:00,1.479,1.48,1.478,1.479,4840389.0,7161674.0
2021-11-12 14:45:00,1.479,1.481,1.478,1.478,2579880.0,3817377.0
2021-11-12 15:00:00,1.479,1.479,1.477,1.478,7972486.0,11784815.0
2021-11-15 09:45:00,1.48,1.483,1.476,1.478,17264572.0,25531248.0
2021-11-15 10:00:00,1.478,1.482,1.474,1.474,14047547.0,20762324.0
2021-11-15 10:15:00,1.474,1.483,1.471,1.481,19693140.0,29090188.0
2021-11-15 10:30:00,1.48,1.482,1.479,1.48,8254801.0,12222038.0
2021-11-15 10:45:00,1.48,1.48,1.473,1.474,7614808.0,11250027.0
2021-11-15 11:00:00,1.474,1.475,1.472,1.472,9146133.0,13475685.0
2021-11-15 11:15:00,1.473,1.473,1.467,1.469,11113123.0,16324905.0
2021-11-15 11:30:00,1.468,1.47,1.466,1.47,3734668.0,5483417.0
2021-11-15 13:15:00,1.47,1.472,1.466,1.467,4146299.0,6088064.0
2021-11-15 13:30:00,1.467,1.471,1.465,1.471,2919030.0,4284329.0
2021-11-15 13:45:00,1.47,1.471,1.467,1.471,4589375.0,6744046.0
2021-11-15 14:00:00,1.47,1.473,1.469,1.469,2697846.0,3970172.0
2021-11-15 14:15:00,1.469,1.47,1.466,1.468,1671686.0,2452527.0
2021-11-15 14:30:00,1.468,1.469,1.466,1.468,2577861.0,3782192.0
2021-11-15 14:45:00,1.469,1.469,1.467,1.468,3824034.0,5612245.0
2021-11-15 15:00:00,1.468,1.469,1.466,1.468,4134407.0,6067622.0
2021-11-16 09:45:00,1.466,1.468,1.461,1.462,9271829.0,13581166.0
2021-11-16 10:00:00,1.462,1.47,1.46,1.469,14979851.0,21948782.0
2021-11-16 10:15:00,1.469,1.476,1.469,1.473,10038659.0,14776508.0
2021-11-16 10:30:00,1.472,1.474,1.468,1.469,3558456.0,5235261.0
2021-11-16 10:45:00,1.469,1.47,1.464,1.468,5296915.0,7773154.0
2021-11-16 11:00:00,1.467,1.469,1.467,1.468,5447660.0,7998606.0
2021-11-16 11:15:00,1.467,1.471,1.466,1.47,6793130.0,9983442.0
2021-11-16 11:30:00,1.469,1.471,1.469,1.471,2650279.0,3895960.0
2021-11-16 13:15:00,1.47,1.471,1.466,1.467,3675763.0,5399844.0
2021-11-16 13:30:00,1.467,1.468,1.46,1.461,10727461.0,15695839.0
2021-11-16 13:45:00,1.46,1.464,1.46,1.464,4960782.0,7254098.0
2021-11-16 14:00:00,1.464,1.464,1.459,1.46,3977419.0,5811112.0
2021-11-16 14:15:00,1.46,1.462,1.458,1.461,4561613.0,6664830.0
2021-11-16 14:30:00,1.461,1.463,1.459,1.459,2903528.0,4243178.0
2021-11-16 14:45:00,1.46,1.46,1.454,1.457,8998974.0,13105218.0
2021-11-16 15:00:00,1.456,1.458,1.455,1.456,4041084.0,5884699.0
2021-11-17 09:45:00,1.456,1.462,1.452,1.459,13475437.0,19637880.0
2021-11-17 10:00:00,1.457,1.459,1.454,1.455,6960156.0,10134038.0
2021-11-17 10:15:00,1.455,1.455,1.449,1.455,8280809.0,12028171.0
2021-11-17 10:30:00,1.455,1.46,1.454,1.46,4618789.0,6733717.0
2021-11-17 10:45:00,1.46,1.463,1.46,1.461,5823329.0,8509563.0
2021-11-17 11:00:00,1.462,1.464,1.461,1.463,6623542.0,9687125.0
2021-11-17 11:15:00,1.463,1.467,1.463,1.467,4961405.0,7269914.0
2021-11-17 11:30:00,1.466,1.467,1.464,1.467,3440200.0,5044561.0
2021-11-17 13:15:00,1.466,1.472,1.466,1.471,8351792.0,12269434.0
2021-11-17 13:30:00,1.471,1.474,1.47,1.47,6354188.0,9357034.0
2021-11-17 13:45:00,1.471,1.473,1.469,1.47,8258796.0,12151355.0
2021-11-17 14:00:00,1.47,1.473,1.468,1.472,8213074.0,12079926.0
2021-11-17 14:15:00,1.472,1.473,1.47,1.471,1259853.0,1854072.0
2021-11-17 14:30:00,1.471,1.474,1.471,1.474,2256575.0,3322570.0
2021-11-17 14:45:00,1.474,1.475,1.471,1.473,4911005.0,7236872.0
2021-11-17 15:00:00,1.473,1.474,1.471,1.473,5790993.0,8526550.0
2021-11-18 09:45:00,1.47,1.473,1.461,1.462,8814503.0,12925857.0
2021-11-18 10:00:00,1.462,1.464,1.455,1.458,17541304.0,25591488.0
2021-11-18 10:15:00,1.458,1.459,1.453,1.453,11385079.0,16577474.0
2021-11-18 10:30:00,1.453,1.458,1.452,1.457,6230653.0,9065151.0
2021-11-18 10:45:00,1.457,1.459,1.456,1.457,6291762.0,9170366.0
2021-11-18 11:00:00,1.457,1.462,1.457,1.462,6126425.0,8943096.0
2021-11-18 11:15:00,1.461,1.464,1.46,1.46,9264742.0,13544375.0
2021-11-18 11:30:00,1.46,1.467,1.459,1.466,7040430.0,10301596.0
2021-11-18 13:15:00,1.467,1.467,1.464,1.466,4566016.0,6692997.0
2021-11-18 13:30:00,1.466,1.468,1.464,1.468,3250325.0,4765548.0
2021-11-18 13:45:00,1.467,1.468,1.466,1.466,3316714.0,4863648.0
2021-11-18 14:00:00,1.465,1.466,1.464,1.465,2154174.0,3157525.0
2021-11-18 14:15:00,1.466,1.466,1.463,1.465,2149849.0,3149357.0
2021-11-18 14:30:00,1.465,1.466,1.463,1.465,1764198.0,2582780.0
2021-11-18 14:45:00,1.465,1.466,1.463,1.464,3621220.0,5302001.0
2021-11-18 15:00:00,1.463,1.463,1.46,1.461,3207437.0,4687573.0
2021-11-19 09:45:00,1.456,1.479,1.456,1.478,22336971.0,32921884.0
2021-11-19 10:00:00,1.478,1.479,1.471,1.471,8471337.0,12490914.0
2021-11-19 10:15:00,1.47,1.471,1.466,1.468,4613424.0,6776297.0
2021-11-19 10:30:00,1.468,1.471,1.466,1.47,4328684.0,6355593.0
2021-11-19 10:45:00,1.47,1.475,1.467,1.474,7235545.0,10644134.0
2021-11-19 11:00:00,1.474,1.476,1.473,1.473,3800866.0,5603467.0
2021-11-19 11:15:00,1.473,1.475,1.472,1.473,3118429.0,4594470.0
2021-11-19 11:30:00,1.473,1.475,1.471,1.474,3391868.0,4995374.0
2021-11-19 13:15:00,1.474,1.474,1.471,1.472,3027368.0,4457056.0
2021-11-19 13:30:00,1.473,1.477,1.472,1.475,5949125.0,8775923.0
2021-11-19 13:45:00,1.476,1.481,1.475,1.48,8079288.0,11944281.0
2021-11-19 14:00:00,1.48,1.483,1.479,1.483,7481228.0,11079064.0
2021-11-19 14:15:00,1.482,1.483,1.48,1.481,2869375.0,4250357.0
2021-11-19 14:30:00,1.48,1.482,1.479,1.481,6653787.0,9851237.0
2021-11-19 14:45:00,1.481,1.481,1.479,1.48,3159779.0,4676671.0
2021-11-19 15:00:00,1.48,1.481,1.479,1.48,7443629.0,11020897.0
2021-11-22 09:45:00,1.48,1.5,1.479,1.496,31690624.0,47365228.0
2021-11-22 10:00:00,1.497,1.507,1.495,1.507,23930936.0,35913424.0
2021-11-22 10:15:00,1.507,1.51,1.504,1.504,22424352.0,33799204.0
2021-11-22 10:30:00,1.504,1.511,1.504,1.51,14794613.0,22311886.0
2021-11-22 10:45:00,1.511,1.512,1.508,1.508,9558050.0,14433781.0
2021-11-22 11:00:00,1.508,1.512,1.508,1.512,8109524.0,12244046.0
2021-11-22 11:15:00,1.512,1.513,1.509,1.513,6531429.0,9870863.0
2021-11-22 11:30:00,1.513,1.515,1.512,1.514,3414193.0,5167988.0
2021-11-22 13:15:00,1.514,1.517,1.513,1.514,10921826.0,16544817.0
2021-11-22 13:30:00,1.514,1.516,1.512,1.515,7943431.0,12024778.0
2021-11-22 13:45:00,1.516,1.517,1.514,1.515,5928346.0,8984320.0
2021-11-22 14:00:00,1.515,1.519,1.515,1.516,9159083.0,13895777.0
2021-11-22 14:15:00,1.517,1.518,1.515,1.517,5670122.0,8598870.0
2021-11-22 14:30:00,1.517,1.52,1.517,1.52,9437525.0,14336018.0
2021-11-22 14:45:00,1.52,1.521,1.518,1.52,6647606.0,10101168.0
2021-11-22 15:00:00,1.52,1.521,1.517,1.518,9683847.0,14699719.0
2021-11-23 09:45:00,1.517,1.522,1.512,1.517,16238491.0,24664965.0
2021-11-23 10:00:00,1.517,1.519,1.515,1.517,23253692.0,35281390.0
2021-11-23 10:15:00,1.517,1.519,1.515,1.516,18133612.0,27517964.0
2021-11-23 10:30:00,1.516,1.517,1.513,1.517,14072633.0,21318256.0
2021-11-23 10:45:00,1.517,1.517,1.515,1.515,10458483.0,15852610.0
2021-11-23 11:00:00,1.516,1.518,1.515,1.517,21516644.0,32634582.0
2021-11-23 11:15:00,1.517,1.518,1.515,1.516,18638746.0,28269232.0
2021-11-23 11:30:00,1.516,1.522,1.516,1.521,26153828.0,39715464.0
2021-11-23 13:15:00,1.52,1.522,1.516,1.518,12144617.0,18438976.0
2021-11-23 13:30:00,1.518,1.519,1.516,1.516,7285787.0,11057835.0
2021-11-23 13:45:00,1.516,1.517,1.511,1.511,3696765.0,5597915.0
2021-11-23 14:00:00,1.511,1.517,1.511,1.516,3754326.0,5682151.0
2021-11-23 14:15:00,1.517,1.518,1.514,1.517,4870672.0,7391172.0
2021-11-23 14:30:00,1.517,1.518,1.514,1.516,1510884.0,2289568.0
2021-11-23 14:45:00,1.516,1.518,1.514,1.515,2939052.0,4455300.0
2021-11-23 15:00:00,1.515,1.517,1.514,1.516,4257243.0,6451748.0
2021-11-24 09:45:00,1.515,1.522,1.511,1.519,4577603.0,6948565.0
2021-11-24 10:00:00,1.521,1.527,1.519,1.523,7809274.0,11895039.0
2021-11-24 10:15:00,1.524,1.525,1.517,1.519,5538087.0,8424691.0
2021-11-24 10:30:00,1.518,1.52,1.517,1.517,5861549.0,8897337.0
2021-11-24 10:45:00,1.517,1.52,1.516,1.519,12885190.0,19551400.0
2021-11-24 11:00:00,1.519,1.519,1.516,1.519,3286720.0,4989514.0
2021-11-24 11:15:00,1.518,1.519,1.513,1.515,2687013.0,4073501.0
2021-11-24 11:30:00,1.515,1.521,1.514,1.521,9072714.0,13767581.0
2021-11-24 13:15:00,1.52,1.521,1.515,1.517,7874998.0,11958898.0
2021-11-24 13:30:00,1.517,1.521,1.517,1.518,1784002.0,2710559.0
2021-11-24 13:45:00,1.518,1.52,1.516,1.52,4738982.0,7196009.0
2021-11-24 14:00:00,1.52,1.521,1.518,1.519,4338487.0,6593835.0
2021-11-24 14:15:00,1.519,1.52,1.515,1.515,7502210.0,11386823.0
2021-11-24 14:30:00,1.516,1.516,1.512,1.513,9316799.0,14104269.0
2021-11-24 14:45:00,1.514,1.514,1.511,1.512,9458968.0,14303533.0
2021-11-24 15:00:00,1.512,1.512,1.508,1.509,8110592.0,12248247.0
2021-11-25 09:45:00,1.507,1.513,1.504,1.506,8136924.0,12263041.0
2021-11-25 10:00:00,1.506,1.508,1.503,1.508,13349786.0,20096520.0
2021-11-25 10:15:00,1.507,1.514,1.506,1.511,8958744.0,13539686.0
2021-11-25 10:30:00,1.511,1.512,1.507,1.508,5603672.0,8459578.0
2021-11-25 10:45:00,1.509,1.509,1.505,1.506,6656709.0,10029636.0
2021-11-25 11:00:00,1.506,1.507,1.503,1.506,7910020.0,11904312.0
2021-11-25 11:15:00,1.506,1.507,1.504,1.506,9998356.0,15054814.0
2021-11-25 11:30:00,1.505,1.509,1.504,1.509,11073999.0,16684204.0
2021-11-25 13:15:00,1.509,1.51,1.505,1.506,6656549.0,10031733.0
2021-11-25 13:30:00,1.505,1.509,1.505,1.507,6012955.0,9057444.0
2021-11-25 13:45:00,1.507,1.511,1.507,1.509,3369367.0,5082816.0
2021-11-25 14:00:00,1.509,1.511,1.509,1.509,1468502.0,2216951.0
2021-11-25 14:15:00,1.509,1.51,1.505,1.506,6681506.0,10072789.0
2021-11-25 14:30:00,1.506,1.508,1.504,1.507,6635855.0,9988632.0
2021-11-25 14:45:00,1.507,1.507,1.504,1.504,3431663.0,5164508.0
2021-11-25 15:00:00,1.505,1.506,1.503,1.506,3633642.0,5465086.0
2021-11-26 09:45:00,1.501,1.509,1.501,1.501,7609014.0,11445628.0
2021-11-26 10:00:00,1.502,1.506,1.501,1.502,8192532.0,12316811.0
2021-11-26 10:15:00,1.502,1.505,1.499,1.5,10718355.0,16099746.0
2021-11-26 10:30:00,1.499,1.501,1.496,1.497,6374790.0,9549609.0
2021-11-26 10:45:00,1.497,1.499,1.495,1.496,9555685.0,14309232.0
2021-11-26 11:00:00,1.495,1.495,1.489,1.49,8848981.0,13206647.0
2021-11-26 11:15:00,1.49,1.492,1.488,1.489,5273849.0,7857361.0
2021-11-26 11:30:00,1.49,1.492,1.489,1.491,3575579.0,5328108.0
2021-11-26 13:15:00,1.492,1.493,1.491,1.492,3788005.0,5651978.0
2021-11-26 13:30:00,1.491,1.493,1.489,1.493,4999254.0,7450142.0
2021-11-26 13:45:00,1.493,1.496,1.492,1.496,5966634.0,8914722.0
2021-11-26 14:00:00,1.496,1.498,1.493,1.496,3430238.0,5129208.0
2021-11-26 14:15:00,1.496,1.496,1.493,1.495,1974362.0,2950611.0
2021-11-26 14:30:00,1.496,1.5,1.495,1.498,1288336.0,1929711.0
2021-11-26 14:45:00,1.499,1.499,1.496,1.498,7387166.0,11059568.0
2021-11-26 15:00:00,1.498,1.498,1.495,1.496,5171855.0,7738684.0
2021-11-29 09:45:00,1.486,1.504,1.48,1.502,20763522.0,31075784.0
2021-11-29 10:00:00,1.502,1.509,1.5,1.508,28857212.0,43426516.0
2021-11-29 10:15:00,1.508,1.51,1.503,1.506,29668304.0,44695540.0
2021-11-29 10:30:00,1.505,1.51,1.504,1.508,4704258.0,7086126.0
2021-11-29 10:45:00,1.509,1.511,1.507,1.509,5662415.0,8545802.0
2021-11-29 11:00:00,1.509,1.509,1.507,1.508,3582786.0,5402471.0
2021-11-29 11:15:00,1.507,1.512,1.507,1.51,5048952.0,7621760.0
2021-11-29 11:30:00,1.509,1.513,1.509,1.512,3030260.0,4577234.0
2021-11-29 13:15:00,1.511,1.511,1.507,1.507,11122114.0,16789116.0
2021-11-29 13:30:00,1.507,1.509,1.502,1.502,3546966.0,5341571.0
2021-11-29 13:45:00,1.502,1.505,1.501,1.503,4844832.0,7280193.0
2021-11-29 14:00:00,1.504,1.507,1.502,1.507,7677607.0,11553941.0
2021-11-29 14:15:00,1.507,1.508,1.505,1.507,2152654.0,3242799.0
2021-11-29 14:30:00,1.508,1.509,1.507,1.507,2506213.0,3778938.0
2021-11-29 14:45:00,1.508,1.509,1.506,1.508,2751845.0,4148120.0
2021-11-29 15:00:00,1.509,1.513,1.508,1.512,9546441.0,14418096.0
2021-11-30 09:45:00,1.514,1.517,1.505,1.505,10024132.0,15147879.0
2021-11-30 10:00:00,1.505,1.513,1.504,1.511,8586754.0,12959143.0
2021-11-30 10:15:00,1.511,1.511,1.505,1.506,10014339.0,15104942.0
2021-11-30 10:30:00,1.506,1.51,1.504,1.508,8712599.0,13128639.0
2021-11-30 10:45:00,1.508,1.514,1.507,1.512,12613934.0,19062144.0
2021-11-30 11:00:00,1.512,1.515,1.511,1.514,4814358.0,7288965.0
2021-11-30 11:15:00,1.515,1.517,1.514,1.516,14416414.0,21850880.0
2021-11-30 11:30:00,1.516,1.519,1.515,1.517,12787223.0,19400932.0
2021-11-30 13:15:00,1.516,1.517,1.514,1.514,5160066.0,7821313.0
2021-11-30 13:30:00,1.513,1.515,1.513,1.513,1899485.0,2875521.0
2021-11-30 13:45:00,1.514,1.514,1.511,1.511,4949846.0,7484743.0
2021-11-30 14:00:00,1.512,1.512,1.508,1.509,3083039.0,4654440.0
2021-11-30 14:15:00,1.509,1.51,1.502,1.502,1897590.0,2855660.0
2021-11-30 14:30:00,1.502,1.508,1.502,1.505,1881340.0,2829720.0
2021-11-30 14:45:00,1.506,1.509,1.505,1.508,1813284.0,2733609.0
2021-11-30 15:00:00,1.508,1.511,1.507,1.51,7306317.0,11020094.0
2021-12-01 09:45:00,1.508,1.515,1.504,1.51,9158458.0,13841562.0
2021-12-01 10:00:00,1.512,1.512,1.506,1.508,8631061.0,13017775.0
2021-12-01 10:15:00,1.508,1.508,1.5,1.501,6791826.0,10211375.0
2021-12-01 10:30:00,1.502,1.506,1.501,1.502,7078269.0,10640636.0
2021-12-01 10:45:00,1.502,1.504,1.498,1.499,11100506.0,16661484.0
2021-12-01 11:00:00,1.499,1.499,1.496,1.497,3340345.0,5001255.0
2021-12-01 11:15:00,1.498,1.499,1.495,1.497,6357589.0,9515847.0
2021-12-01 11:30:00,1.496,1.497,1.494,1.497,13348921.0,19966626.0
2021-12-01 13:15:00,1.497,1.497,1.492,1.493,4267688.0,6377390.0
2021-12-01 13:30:00,1.492,1.493,1.491,1.492,5023745.0,7493581.0
2021-12-01 13:45:00,1.492,1.494,1.49,1.492,4486976.0,6693260.0
2021-12-01 14:00:00,1.493,1.494,1.49,1.491,3489092.0,5203706.0
2021-12-01 14:15:00,1.491,1.493,1.491,1.491,2993133.0,4466196.0
2021-12-01 14:30:00,1.493,1.494,1.491,1.493,2554282.0,3813497.0
2021-12-01 14:45:00,1.493,1.495,1.492,1.492,3938149.0,5881086.0
2021-12-01 15:00:00,1.493,1.494,1.492,1.494,5311271.0,7928737.0
2021-12-02 09:45:00,1.494,1.496,1.483,1.487,13559998.0,20167255.0
2021-12-02 10:00:00,1.487,1.49,1.482,1.488,10261972.0,15243680.0
2021-12-02 10:15:00,1.489,1.49,1.482,1.482,5444164.0,8085379.0
2021-12-02 10:30:00,1.482,1.484,1.477,1.478,13174409.0,19498392.0
2021-12-02 10:45:00,1.478,1.478,1.472,1.472,9746231.0,14376568.0
2021-12-02 11:00:00,1.472,1.473,1.469,1.47,22822948.0,33550778.0
2021-12-02 11:15:00,1.47,1.471,1.467,1.469,6583047.0,9671649.0
2021-12-02 11:30:00,1.469,1.472,1.468,1.472,5662074.0,8321311.0
2021-12-02 13:15:00,1.472,1.473,1.47,1.471,9391747.0,13822511.0
2021-12-02 13:30:00,1.471,1.471,1.469,1.469,3454889.0,5076990.0
2021-12-02 13:45:00,1.47,1.476,1.469,1.475,4770706.0,7025274.0
2021-12-02 14:00:00,1.475,1.475,1.47,1.471,4577164.0,6740299.0
2021-12-02 14:15:00,1.472,1.472,1.468,1.469,3892733.0,5723176.0
2021-12-02 14:30:00,1.469,1.47,1.466,1.467,8100782.0,11892578.0
2021-12-02 14:45:00,1.467,1.468,1.465,1.466,12340620.0,18092408.0
2021-12-02 15:00:00,1.466,1.467,1.464,1.466,7945577.0,11644084.0
2021-12-03 09:45:00,1.469,1.474,1.467,1.472,13850759.0,20366001.0
2021-12-03 10:00:00,1.472,1.476,1.472,1.475,16784180.0,24743996.0
2021-12-03 10:15:00,1.475,1.48,1.471,1.473,10706038.0,15805101.0
2021-12-03 10:30:00,1.473,1.48,1.473,1.477,8039468.0,11878498.0
2021-12-03 10:45:00,1.477,1.478,1.474,1.475,7899514.0,11661571.0
2021-12-03 11:00:00,1.475,1.476,1.473,1.474,3576336.0,5272796.0
2021-12-03 11:15:00,1.474,1.475,1.473,1.474,5601512.0,8255771.0
2021-12-03 11:30:00,1.474,1.475,1.472,1.473,3637260.0,5360487.0
2021-12-03 13:15:00,1.472,1.474,1.471,1.471,5284144.0,7781482.0
2021-12-03 13:30:00,1.471,1.476,1.471,1.475,4102204.0,6046473.0
2021-12-03 13:45:00,1.475,1.48,1.475,1.478,5144470.0,7601540.0
2021-12-03 14:00:00,1.479,1.479,1.477,1.477,1061765.0,1569479.0
2021-12-03 14:15:00,1.477,1.48,1.477,1.479,2497005.0,3692180.0
2021-12-03 14:30:00,1.479,1.481,1.478,1.48,4861265.0,7193506.0
2021-12-03 14:45:00,1.48,1.48,1.478,1.478,1271664.0,1880698.0
2021-12-03 15:00:00,1.478,1.484,1.478,1.484,10501943.0,15548168.0
2021-12-06 09:45:00,1.482,1.482,1.46,1.463,20780244.0,30438467.0
2021-12-06 10:00:00,1.462,1.468,1.461,1.468,12690639.0,18580900.0
2021-12-06 10:15:00,1.468,1.468,1.458,1.458,8134191.0,11884974.0
2021-12-06 10:30:00,1.459,1.46,1.456,1.459,6888775.0,10043298.0
2021-12-06 10:45:00,1.459,1.46,1.455,1.457,6222302.0,9068783.0
2021-12-06 11:00:00,1.456,1.46,1.455,1.458,3611891.0,5264394.0
2021-12-06 11:15:00,1.459,1.46,1.458,1.459,2739540.0,3996383.0
2021-12-06 11:30:00,1.458,1.459,1.457,1.459,2709283.0,3950104.0
2021-12-06 13:15:00,1.459,1.46,1.458,1.459,4869616.0,7103517.0
2021-12-06 13:30:00,1.458,1.459,1.456,1.456,5653261.0,8240245.0
2021-12-06 13:45:00,1.457,1.458,1.454,1.455,7794419.0,11344381.0
2021-12-06 14:00:00,1.456,1.456,1.452,1.452,8279280.0,12033639.0
2021-12-06 14:15:00,1.453,1.454,1.45,1.452,7531375.0,10932985.0
2021-12-06 14:30:00,1.451,1.452,1.448,1.45,7686444.0,11145186.0
2021-12-06 14:45:00,1.451,1.452,1.445,1.446,5895071.0,8536038.0
2021-12-06 15:00:00,1.445,1.446,1.441,1.445,23854148.0,34418124.0
2021-12-07 09:45:00,1.449,1.453,1.439,1.442,21854072.0,31563219.0
2021-12-07 10:00:00,1.442,1.445,1.437,1.438,16895860.0,24338656.0
2021-12-07 10:15:00,1.438,1.438,1.43,1.431,22283090.0,31959692.0
2021-12-07 10:30:00,1.431,1.431,1.426,1.426,13811954.0,19737940.0
2021-12-07 10:45:00,1.427,1.427,1.419,1.42,13153983.0,18716916.0
2021-12-07 11:00:00,1.42,1.422,1.417,1.42,8732265.0,12390992.0
2021-12-07 11:15:00,1.421,1.425,1.421,1.424,7023200.0,9996033.0
2021-12-07 11:30:00,1.424,1.425,1.42,1.423,3278454.0,4665053.0
2021-12-07 13:15:00,1.424,1.424,1.416,1.419,7679957.0,10901111.0
2021-12-07 13:30:00,1.419,1.42,1.417,1.419,5284993.0,7492257.0
2021-12-07 13:45:00,1.419,1.422,1.419,1.419,1822759.0,2588573.0
2021-12-07 14:00:00,1.42,1.42,1.417,1.42,3179094.0,4509911.0
2021-12-07 14:15:00,1.42,1.423,1.419,1.423,2669115.0,3791927.0
2021-12-07 14:30:00,1.421,1.423,1.419,1.42,2046756.0,2907325.0
2021-12-07 14:45:00,1.42,1.425,1.42,1.425,3057648.0,4348418.0
2021-12-07 15:00:00,1.425,1.438,1.424,1.437,5612349.0,8022864.0
2021-12-08 09:45:00,1.438,1.448,1.435,1.441,20355176.0,29367251.0
2021-12-08 10:00:00,1.441,1.442,1.437,1.438,8072503.0,11622291.0
2021-12-08 10:15:00,1.438,1.439,1.436,1.436,4702645.0,6757432.0
2021-12-08 10:30:00,1.436,1.445,1.436,1.444,9805130.0,14128580.0
2021-12-08 10:45:00,1.444,1.446,1.443,1.445,7803827.0,11269642.0
2021-12-08 11:00:00,1.446,1.449,1.445,1.447,7577163.0,10968864.0
2021-12-08 11:15:00,1.447,1.451,1.447,1.451,5987897.0,8675599.0
2021-12-08 11:30:00,1.451,1.451,1.448,1.45,3914292.0,5675635.0
2021-12-08 13:15:00,1.45,1.451,1.446,1.448,4280193.0,6198353.0
2021-12-08 13:30:00,1.448,1.449,1.445,1.446,2923171.0,4227924.0
2021-12-08 13:45:00,1.447,1.449,1.446,1.448,3545508.0,5131609.0
2021-12-08 14:00:00,1.448,1.45,1.447,1.45,3640601.0,5276037.0
2021-12-08 14:15:00,1.451,1.451,1.447,1.449,4285716.0,6206244.0
2021-12-08 14:30:00,1.448,1.451,1.448,1.451,3344110.0,4846232.0
2021-12-08 14:45:00,1.451,1.452,1.449,1.45,9678253.0,14038722.0
2021-12-08 15:00:00,1.451,1.451,1.448,1.451,9424091.0,13664827.0
2021-12-09 09:45:00,1.45,1.453,1.447,1.448,19276132.0,27961092.0
2021-12-09 10:00:00,1.448,1.448,1.444,1.447,16978768.0,24561876.0
2021-12-09 10:15:00,1.447,1.45,1.445,1.449,9044105.0,13097062.0
2021-12-09 10:30:00,1.449,1.458,1.449,1.458,6983266.0,10149874.0
2021-12-09 10:45:00,1.458,1.462,1.455,1.462,9809028.0,14308512.0
2021-12-09 11:00:00,1.46,1.464,1.46,1.464,7932432.0,11596878.0
2021-12-09 11:15:00,1.464,1.468,1.462,1.467,8776034.0,12850780.0
2021-12-09 11:30:00,1.467,1.468,1.464,1.466,5291894.0,7759258.0
2021-12-09 13:15:00,1.465,1.469,1.465,1.468,8592641.0,12598597.0
2021-12-09 13:30:00,1.468,1.469,1.466,1.466,2935017.0,4306004.0
2021-12-09 13:45:00,1.467,1.467,1.465,1.466,1887860.0,2767719.0
2021-12-09 14:00:00,1.467,1.469,1.466,1.468,4910442.0,7205720.0
2021-12-09 14:15:00,1.469,1.471,1.466,1.471,7666041.0,11261188.0
2021-12-09 14:30:00,1.471,1.474,1.47,1.474,7486393.0,11021549.0
2021-12-09 14:45:00,1.474,1.474,1.469,1.47,4365390.0,6420064.0
2021-12-09 15:00:00,1.47,1.472,1.468,1.468,3353502.0,4932092.0
2021-12-10 09:45:00,1.463,1.472,1.46,1.463,17979324.0,26364747.0
2021-12-10 10:00:00,1.463,1.466,1.462,1.462,10620536.0,15550860.0
2021-12-10 10:15:00,1.462,1.468,1.461,1.467,13871530.0,20308380.0
2021-12-10 10:30:00,1.468,1.473,1.467,1.47,13375753.0,19664040.0
2021-12-10 10:45:00,1.47,1.471,1.466,1.471,6307075.0,9267308.0
2021-12-10 11:00:00,1.47,1.472,1.468,1.469,9615444.0,14136533.0
2021-12-10 11:15:00,1.469,1.473,1.468,1.472,7721120.0,11356833.0
2021-12-10 11:30:00,1.472,1.474,1.471,1.473,13351002.0,19667336.0
2021-12-10 13:15:00,1.473,1.48,1.473,1.478,10364907.0,15301920.0
2021-12-10 13:30:00,1.478,1.479,1.476,1.479,1681160.0,2484122.0
2021-12-10 13:45:00,1.478,1.481,1.478,1.478,4486410.0,6638851.0
2021-12-10 14:00:00,1.478,1.481,1.478,1.48,3759235.0,5563482.0
2021-12-10 14:15:00,1.481,1.481,1.477,1.478,4772825.0,7056958.0
2021-12-10 14:30:00,1.479,1.48,1.477,1.478,1777458.0,2626632.0
2021-12-10 14:45:00,1.48,1.482,1.478,1.481,4503909.0,6668557.0
2021-12-10 15:00:00,1.48,1.486,1.48,1.485,6884003.0,10209389.0
2021-12-13 09:45:00,1.484,1.484,1.475,1.479,8532131.0,12615148.0
2021-12-13 10:00:00,1.479,1.482,1.478,1.48,19391638.0,28693704.0
2021-12-13 10:15:00,1.48,1.48,1.475,1.478,12198665.0,18029196.0
2021-12-13 10:30:00,1.479,1.479,1.473,1.475,6174124.0,9112917.0
2021-12-13 10:45:00,1.476,1.485,1.475,1.484,12750593.0,18858350.0
2021-12-13 11:00:00,1.484,1.487,1.481,1.487,5983096.0,8876780.0
2021-12-13 11:15:00,1.487,1.489,1.484,1.489,8472156.0,12596309.0
2021-12-13 11:30:00,1.489,1.49,1.486,1.488,4668572.0,6947645.0
2021-12-13 13:15:00,1.489,1.489,1.485,1.485,2607007.0,3876603.0
2021-12-13 13:30:00,1.485,1.488,1.484,1.488,3760810.0,5590482.0
2021-12-13 13:45:00,1.488,1.489,1.486,1.488,8473616.0,12608449.0
2021-12-13 14:00:00,1.489,1.491,1.488,1.49,4042438.0,6020589.0
2021-12-13 14:15:00,1.49,1.49,1.484,1.487,2846345.0,4230191.0
2021-12-13 14:30:00,1.487,1.487,1.484,1.484,1741153.0,2586611.0
2021-12-13 14:45:00,1.485,1.486,1.484,1.485,2680866.0,3980669.0
2021-12-13 15:00:00,1.485,1.487,1.483,1.484,10839142.0,16101791.0
2021-12-14 09:45:00,1.471,1.487,1.47,1.483,16467062.0,24382328.0
2021-12-14 10:00:00,1.482,1.49,1.482,1.485,7140725.0,10609605.0
2021-12-14 10:15:00,1.485,1.49,1.483,1.489,3811452.0,5667560.0
2021-12-14 10:30:00,1.489,1.491,1.486,1.491,6597894.0,9825832.0
2021-12-14 10:45:00,1.491,1.491,1.485,1.486,5597017.0,8321297.0
2021-12-14 11:00:00,1.485,1.486,1.483,1.483,4725409.0,7012294.0
2021-12-14 11:15:00,1.483,1.487,1.482,1.484,8835141.0,13112055.0
2021-12-14 11:30:00,1.484,1.487,1.483,1.486,5707977.0,8475968.0
2021-12-14 13:15:00,1.486,1.487,1.483,1.484,6597814.0,9796031.0
2021-12-14 13:30:00,1.483,1.485,1.481,1.481,4869493.0,7223342.0
2021-12-14 13:45:00,1.481,1.482,1.479,1.481,4316226.0,6389360.0
2021-12-14 14:00:00,1.48,1.483,1.479,1.48,9026036.0,13361986.0
2021-12-14 14:15:00,1.48,1.481,1.477,1.478,3278706.0,4849257.0
2021-12-14 14:30:00,1.477,1.478,1.475,1.476,5144989.0,7592605.0
2021-12-14 14:45:00,1.476,1.479,1.475,1.478,4527135.0,6686401.0
2021-12-14 15:00:00,1.478,1.481,1.477,1.48,5765164.0,8527234.0
2021-12-15 09:45:00,1.477,1.481,1.474,1.477,6579092.0,9722426.0
2021-12-15 10:00:00,1.477,1.483,1.476,1.482,4024965.0,5959268.0
2021-12-15 10:15:00,1.482,1.483,1.477,1.478,2131223.0,3153944.0
2021-12-15 10:30:00,1.477,1.481,1.477,1.481,16987104.0,25121776.0
2021-12-15 10:45:00,1.481,1.482,1.478,1.478,6401378.0,9470672.0
2021-12-15 11:00:00,1.478,1.48,1.477,1.479,4264271.0,6305066.0
2021-12-15 11:15:00,1.48,1.48,1.477,1.478,4662176.0,6890232.0
2021-12-15 11:30:00,1.478,1.48,1.477,1.478,3108629.0,4595142.0
2021-12-15 13:15:00,1.478,1.479,1.472,1.473,10726131.0,15826851.0
2021-12-15 13:30:00,1.473,1.474,1.473,1.473,3870685.0,5702656.0
2021-12-15 13:45:00,1.473,1.475,1.472,1.472,3581844.0,5276784.0
2021-12-15 14:00:00,1.473,1.473,1.471,1.472,2872911.0,4229840.0
2021-12-15 14:15:00,1.472,1.474,1.47,1.471,2925600.0,4304454.0
2021-12-15 14:30:00,1.471,1.473,1.47,1.47,3407658.0,5012557.0
2021-12-15 14:45:00,1.47,1.47,1.463,1.465,8169740.0,11984959.0
2021-12-15 15:00:00,1.464,1.466,1.463,1.463,7320221.0,10720476.0
2021-12-16 09:45:00,1.463,1.475,1.463,1.467,17262043.0,25355964.0
2021-12-16 10:00:00,1.466,1.467,1.46,1.462,5176362.0,7576928.0
2021-12-16 10:15:00,1.461,1.466,1.46,1.464,5632745.0,8240556.0
2021-12-16 10:30:00,1.464,1.467,1.463,1.467,4433916.0,6495446.0
2021-12-16 10:45:00,1.467,1.467,1.46,1.462,4200661.0,6149236.0
2021-12-16 11:00:00,1.461,1.461,1.458,1.459,5179034.0,7558245.0
2021-12-16 11:15:00,1.46,1.461,1.458,1.459,4382178.0,6395380.0
2021-12-16 11:30:00,1.459,1.461,1.458,1.46,2485042.0,3626877.0
2021-12-16 13:15:00,1.46,1.462,1.459,1.462,1472975.0,2151567.0
2021-12-16 13:30:00,1.462,1.462,1.46,1.46,5179864.0,7566263.0
2021-12-16 13:45:00,1.46,1.462,1.459,1.462,2001326.0,2922648.0
2021-12-16 14:00:00,1.462,1.463,1.461,1.462,3017720.0,4411771.0
2021-12-16 14:15:00,1.462,1.463,1.461,1.462,1250337.0,1827881.0
2021-12-16 14:30:00,1.462,1.465,1.461,1.464,3110165.0,4550610.0
2021-12-16 14:45:00,1.464,1.467,1.463,1.465,4093516.0,5996268.0
2021-12-16 15:00:00,1.465,1.466,1.463,1.465,6236202.0,9137394.0
2021-12-17 09:45:00,1.464,1.469,1.458,1.459,10856517.0,15869051.0
2021-12-17 10:00:00,1.46,1.462,1.451,1.451,8169842.0,11900838.0
2021-12-17 10:15:00,1.452,1.452,1.446,1.447,8737525.0,12656298.0
2021-12-17 10:30:00,1.447,1.448,1.442,1.443,8350419.0,12064869.0
2021-12-17 10:45:00,1.443,1.444,1.441,1.443,11787873.0,16999072.0
2021-12-17 11:00:00,1.442,1.445,1.442,1.443,5808089.0,8380930.0
2021-12-17 11:15:00,1.443,1.443,1.44,1.441,9088071.0,13093452.0
2021-12-17 11:30:00,1.441,1.443,1.44,1.44,3932316.0,5667832.0
2021-12-17 13:15:00,1.441,1.441,1.437,1.44,8114165.0,11680891.0
2021-12-17 13:30:00,1.44,1.441,1.437,1.441,2414479.0,3473107.0
2021-12-17 13:45:00,1.441,1.441,1.438,1.44,6478274.0,9324662.0
2021-12-17 14:00:00,1.44,1.44,1.437,1.439,24237394.0,34849570.0
2021-12-17 14:15:00,1.439,1.44,1.436,1.436,8812211.0,12670512.0
2021-12-17 14:30:00,1.436,1.44,1.436,1.437,9569478.0,13756912.0
2021-12-17 14:45:00,1.437,1.438,1.435,1.438,5447672.0,7823724.0
2021-12-17 15:00:00,1.438,1.442,1.437,1.441,3982099.0,5729716.0
2021-12-20 09:45:00,1.438,1.44,1.43,1.437,18500964.0,26529852.0
2021-12-20 10:00:00,1.436,1.437,1.429,1.43,7223529.0,10358704.0
2021-12-20 10:15:00,1.43,1.431,1.423,1.428,8569036.0,12219577.0
2021-12-20 10:30:00,1.428,1.429,1.423,1.424,5859432.0,8354299.0
2021-12-20 10:45:00,1.424,1.424,1.418,1.419,10976742.0,15592133.0
2021-12-20 11:00:00,1.418,1.42,1.414,1.416,11692276.0,16568773.0
2021-12-20 11:15:00,1.416,1.418,1.412,1.413,5807500.0,8215197.0
2021-12-20 11:30:00,1.413,1.416,1.413,1.414,3416948.0,4833891.0
2021-12-20 13:15:00,1.414,1.417,1.412,1.417,8631500.0,12199617.0
2021-12-20 13:30:00,1.417,1.418,1.412,1.413,4197829.0,5941970.0
2021-12-20 13:45:00,1.413,1.413,1.408,1.408,8910409.0,12565073.0
2021-12-20 14:00:00,1.409,1.41,1.406,1.407,5032027.0,7083792.0
2021-12-20 14:15:00,1.407,1.41,1.405,1.408,7935838.0,11164618.0
2021-12-20 14:30:00,1.408,1.408,1.402,1.403,6729893.0,9453026.0
2021-12-20 14:45:00,1.403,1.407,1.402,1.403,7427197.0,10431202.0
2021-12-20 15:00:00,1.402,1.408,1.402,1.408,8998235.0,12633007.0
2021-12-21 09:45:00,1.407,1.418,1.405,1.409,14091435.0,19924387.0
2021-12-21 10:00:00,1.409,1.417,1.408,1.415,9062306.0,12800214.0
2021-12-21 10:15:00,1.416,1.417,1.414,1.416,6163669.0,8726565.0
2021-12-21 10:30:00,1.416,1.417,1.409,1.409,3775194.0,5334274.0
2021-12-21 10:45:00,1.409,1.41,1.404,1.404,4985306.0,7015781.0
2021-12-21 11:00:00,1.404,1.407,1.402,1.403,6544617.0,9192822.0
2021-12-21 11:15:00,1.402,1.405,1.402,1.403,4814496.0,6761781.0
2021-12-21 11:30:00,1.403,1.406,1.403,1.405,4953265.0,6957073.0
2021-12-21 13:15:00,1.405,1.41,1.404,1.41,4004315.0,5629024.0
2021-12-21 13:30:00,1.41,1.412,1.409,1.411,3426216.0,4832241.0
2021-12-21 13:45:00,1.411,1.412,1.41,1.411,2238427.0,3158537.0
2021-12-21 14:00:00,1.411,1.415,1.41,1.414,4112219.0,5811170.0
2021-12-21 14:15:00,1.415,1.416,1.414,1.415,3498341.0,4949924.0
2021-12-21 14:30:00,1.415,1.416,1.414,1.414,2605715.0,3686524.0
2021-12-21 14:45:00,1.414,1.414,1.412,1.414,1980083.0,2797655.0
2021-12-21 15:00:00,1.414,1.416,1.413,1.414,6380284.0,9023624.0
2021-12-22 09:45:00,1.412,1.423,1.412,1.413,10939427.0,15505266.0
2021-12-22 10:00:00,1.413,1.416,1.411,1.416,7608359.0,10755478.0
2021-12-22 10:15:00,1.416,1.424,1.415,1.422,16491855.0,23433064.0
2021-12-22 10:30:00,1.422,1.424,1.421,1.422,4461386.0,6346491.0
2021-12-22 10:45:00,1.422,1.422,1.42,1.421,2433383.0,3458170.0
2021-12-22 11:00:00,1.42,1.422,1.419,1.421,2412346.0,3425086.0
2021-12-22 11:15:00,1.421,1.423,1.42,1.422,3582864.0,5093819.0
2021-12-22 11:30:00,1.422,1.422,1.419,1.421,1014090.0,1440154.0
2021-12-22 13:15:00,1.422,1.422,1.415,1.417,3708041.0,5255119.0
2021-12-22 13:30:00,1.417,1.418,1.416,1.417,9761475.0,13825592.0
2021-12-22 13:45:00,1.417,1.419,1.416,1.418,1949566.0,2764582.0
2021-12-22 14:00:00,1.417,1.418,1.417,1.418,3338314.0,4731518.0
2021-12-22 14:15:00,1.418,1.419,1.416,1.418,6082564.0,8621736.0
2021-12-22 14:30:00,1.418,1.418,1.415,1.416,1604078.0,2271585.0
2021-12-22 14:45:00,1.417,1.417,1.415,1.416,1013407.0,1434662.0
2021-12-22 15:00:00,1.416,1.416,1.41,1.411,9419579.0,13309626.0
2021-12-23 09:45:00,1.414,1.418,1.404,1.416,9290923.0,13126362.0
2021-12-23 10:00:00,1.417,1.418,1.415,1.416,3839414.0,5437666.0
2021-12-23 10:15:00,1.416,1.417,1.412,1.412,7365105.0,10416324.0
2021-12-23 10:30:00,1.412,1.414,1.408,1.409,5162919.0,7282975.0
2021-12-23 10:45:00,1.41,1.417,1.409,1.413,4142254.0,5857272.0
2021-12-23 11:00:00,1.413,1.415,1.413,1.415,2090872.0,2956110.0
2021-12-23 11:15:00,1.415,1.418,1.414,1.416,5965907.0,8449759.0
2021-12-23 11:30:00,1.415,1.417,1.414,1.417,5333276.0,7549625.0
2021-12-23 13:15:00,1.418,1.418,1.412,1.412,8071319.0,11414835.0
2021-12-23 13:30:00,1.413,1.414,1.411,1.413,3731997.0,5269681.0
2021-12-23 13:45:00,1.412,1.413,1.41,1.412,4274158.0,6034378.0
2021-12-23 14:00:00,1.411,1.416,1.411,1.415,2384129.0,3371198.0
2021-12-23 14:15:00,1.416,1.418,1.415,1.415,5038544.0,7136156.0
2021-12-23 14:30:00,1.416,1.417,1.414,1.416,2442888.0,3457357.0
2021-12-23 14:45:00,1.416,1.416,1.413,1.413,5714492.0,8087876.0
2021-12-23 15:00:00,1.414,1.415,1.412,1.415,4104596.0,5800901.0
2021-12-24 09:45:00,1.415,1.418,1.407,1.413,5389727.0,7603697.0
2021-12-24 10:00:00,1.413,1.414,1.406,1.406,5333358.0,7515354.0
2021-12-24 10:15:00,1.407,1.407,1.399,1.4,18954970.0,26551428.0
2021-12-24 10:30:00,1.399,1.401,1.396,1.397,13353401.0,18678280.0
2021-12-24 10:45:00,1.396,1.398,1.393,1.394,6186827.0,8631855.0
2021-12-24 11:00:00,1.394,1.398,1.392,1.393,6319606.0,8813805.0
2021-12-24 11:15:00,1.393,1.399,1.392,1.398,13042611.0,18194660.0
2021-12-24 11:30:00,1.398,1.4,1.395,1.4,5647400.0,7886609.0
2021-12-24 13:15:00,1.4,1.4,1.395,1.399,5417752.0,7570243.0
2021-12-24 13:30:00,1.399,1.399,1.395,1.395,2531832.0,3535280.0
2021-12-24 13:45:00,1.396,1.397,1.393,1.394,4770592.0,6655599.0
2021-12-24 14:00:00,1.394,1.395,1.393,1.393,3052340.0,4254828.0
2021-12-24 14:15:00,1.394,1.396,1.392,1.392,4977179.0,6936115.0
2021-12-24 14:30:00,1.393,1.396,1.392,1.395,2588857.0,3607834.0
2021-12-24 14:45:00,1.396,1.398,1.394,1.398,1604917.0,2240147.0
2021-12-24 15:00:00,1.398,1.4,1.397,1.4,5112995.0,7150564.0
2021-12-27 09:45:00,1.398,1.406,1.395,1.399,8980300.0,12591575.0
2021-12-27 10:00:00,1.398,1.401,1.396,1.397,6006738.0,8400492.0
2021-12-27 10:15:00,1.396,1.399,1.394,1.394,5739479.0,8014753.0
2021-12-27 10:30:00,1.395,1.398,1.394,1.397,4891472.0,6828261.0
2021-12-27 10:45:00,1.398,1.402,1.397,1.398,1920840.0,2689149.0
2021-12-27 11:00:00,1.399,1.399,1.396,1.398,1811718.0,2531885.0
2021-12-27 11:15:00,1.398,1.398,1.395,1.396,2298332.0,3209342.0
2021-12-27 11:30:00,1.396,1.398,1.395,1.397,1264935.0,1766646.0
2021-12-27 13:15:00,1.398,1.398,1.392,1.393,4966106.0,6924381.0
2021-12-27 13:30:00,1.393,1.394,1.389,1.391,9895004.0,13765223.0
2021-12-27 13:45:00,1.391,1.393,1.389,1.391,7033786.0,9781362.0
2021-12-27 14:00:00,1.391,1.394,1.39,1.393,2563352.0,3568225.0
2021-12-27 14:15:00,1.394,1.395,1.391,1.393,5411371.0,7537165.0
2021-12-27 14:30:00,1.393,1.395,1.392,1.395,2066662.0,2879902.0
2021-12-27 14:45:00,1.395,1.395,1.392,1.394,5497507.0,7659931.0
2021-12-27 15:00:00,1.393,1.398,1.392,1.393,8720176.0,12169381.0
2021-12-28 09:45:00,1.398,1.402,1.395,1.399,13104914.0,18342780.0
2021-12-28 10:00:00,1.399,1.4,1.395,1.4,3515625.0,4914309.0
2021-12-28 10:15:00,1.4,1.4,1.396,1.396,4444439.0,6211601.0
2021-12-28 10:30:00,1.397,1.398,1.395,1.396,1712339.0,2390593.0
2021-12-28 10:45:00,1.396,1.4,1.395,1.4,3199464.0,4472989.0
2021-12-28 11:00:00,1.4,1.402,1.398,1.401,3226349.0,4517081.0
2021-12-28 11:15:00,1.401,1.403,1.4,1.401,4254029.0,5962086.0
2021-12-28 11:30:00,1.401,1.401,1.399,1.401,705400.0,987582.0
2021-12-28 13:15:00,1.401,1.404,1.398,1.404,3772185.0,5286937.0
2021-12-28 13:30:00,1.403,1.405,1.401,1.401,3511581.0,4928695.0
2021-12-28 13:45:00,1.402,1.403,1.401,1.403,1171268.0,1642328.0
2021-12-28 14:00:00,1.403,1.404,1.401,1.403,4772698.0,6696003.0
2021-12-28 14:15:00,1.404,1.404,1.401,1.402,2246329.0,3150079.0
2021-12-28 14:30:00,1.402,1.405,1.402,1.405,2038206.0,2862303.0
2021-12-28 14:45:00,1.406,1.408,1.405,1.408,4471308.0,6289958.0
2021-12-28 15:00:00,1.408,1.408,1.405,1.407,14575631.0,20494092.0
2021-12-29 09:45:00,1.405,1.408,1.4,1.404,7079455.0,9937265.0
2021-12-29 10:00:00,1.404,1.405,1.397,1.399,6741818.0,9444352.0
2021-12-29 10:15:00,1.398,1.4,1.394,1.395,9349561.0,13057563.0
2021-12-29 10:30:00,1.395,1.399,1.394,1.397,9543277.0,13337935.0
2021-12-29 10:45:00,1.396,1.396,1.392,1.393,9798996.0,13659308.0
2021-12-29 11:00:00,1.394,1.395,1.393,1.393,4064301.0,5665626.0
2021-12-29 11:15:00,1.394,1.396,1.391,1.394,13157314.0,18341024.0
2021-12-29 11:30:00,1.393,1.394,1.392,1.392,3047749.0,4244911.0
2021-12-29 13:15:00,1.392,1.393,1.39,1.391,7480229.0,10408300.0
2021-12-29 13:30:00,1.391,1.392,1.39,1.391,2285688.0,3179018.0
2021-12-29 13:45:00,1.391,1.394,1.39,1.393,1732888.0,2413302.0
2021-12-29 14:00:00,1.392,1.395,1.391,1.393,5806159.0,8090827.0
2021-12-29 14:15:00,1.393,1.395,1.392,1.392,5286483.0,7365212.0
2021-12-29 14:30:00,1.392,1.396,1.392,1.394,3686834.0,5139435.0
2021-12-29 14:45:00,1.395,1.395,1.393,1.393,2606076.0,3632048.0
2021-12-29 15:00:00,1.394,1.395,1.393,1.394,6259783.0,8721411.0
2021-12-30 09:45:00,1.393,1.406,1.391,1.403,17381600.0,24356697.0
2021-12-30 10:00:00,1.403,1.405,1.401,1.404,8561532.0,12012528.0
2021-12-30 10:15:00,1.404,1.408,1.404,1.408,7631856.0,10732316.0
2021-12-30 10:30:00,1.407,1.413,1.407,1.413,13163069.0,18560948.0
2021-12-30 10:45:00,1.412,1.416,1.412,1.415,9010852.0,12744741.0
2021-12-30 11:00:00,1.416,1.416,1.413,1.415,8290130.0,11730374.0
2021-12-30 11:15:00,1.416,1.418,1.414,1.417,5019195.0,7108723.0
2021-12-30 11:30:00,1.417,1.419,1.415,1.415,7727380.0,10946299.0
2021-12-30 13:15:00,1.415,1.415,1.412,1.412,4822973.0,6815703.0
2021-12-30 13:30:00,1.412,1.415,1.412,1.412,3816729.0,5395895.0
2021-12-30 13:45:00,1.413,1.413,1.41,1.411,3719223.0,5251969.0
2021-12-30 14:00:00,1.411,1.413,1.41,1.412,3199835.0,4517874.0
2021-12-30 14:15:00,1.412,1.413,1.411,1.413,2627104.0,3710754.0
2021-12-30 14:30:00,1.413,1.415,1.412,1.414,2981457.0,4214742.0
2021-12-30 14:45:00,1.414,1.415,1.413,1.415,2045445.0,2892129.0
2021-12-30 15:00:00,1.414,1.416,1.413,1.416,8077348.0,11424038.0
2021-12-31 09:45:00,1.417,1.429,1.417,1.426,18456386.0,26305350.0
2021-12-31 10:00:00,1.426,1.428,1.423,1.427,9411690.0,13416305.0
2021-12-31 10:15:00,1.427,1.428,1.425,1.426,6775153.0,9659811.0
2021-12-31 10:30:00,1.425,1.428,1.425,1.427,3676327.0,5245014.0
2021-12-31 10:45:00,1.427,1.433,1.427,1.433,8826174.0,12622997.0
2021-12-31 11:00:00,1.433,1.433,1.43,1.431,3889556.0,5568315.0
2021-12-31 11:15:00,1.432,1.434,1.43,1.431,11240521.0,16099602.0
2021-12-31 11:30:00,1.432,1.433,1.43,1.43,2199254.0,3148107.0
2021-12-31 13:15:00,1.43,1.432,1.429,1.431,2717920.0,3888692.0
2021-12-31 13:30:00,1.432,1.436,1.432,1.435,7466282.0,10707802.0
2021-12-31 13:45:00,1.436,1.436,1.433,1.433,3924509.0,5630966.0
2021-12-31 14:00:00,1.434,1.436,1.433,1.436,6255292.0,8972527.0
2021-12-31 14:15:00,1.435,1.436,1.433,1.435,3187457.0,4572096.0
2021-12-31 14:30:00,1.434,1.436,1.434,1.435,2074389.0,2977229.0
2021-12-31 14:45:00,1.435,1.437,1.435,1.437,4427189.0,6356744.0
2021-12-31 15:00:00,1.437,1.439,1.436,1.436,11247362.0,16161356.0
