datetime,open,high,low,close,volume,amount
2023-01-03 09:45:00,0.987,0.99,0.983,0.983,45028864.0,44426832.0
2023-01-03 10:00:00,0.984,0.984,0.98,0.984,34684890.0,34059620.0
2023-01-03 10:15:00,0.984,0.987,0.983,0.984,15886635.0,15649133.0
2023-01-03 10:30:00,0.984,0.989,0.982,0.989,27776800.0,27375916.0
2023-01-03 10:45:00,0.989,0.993,0.989,0.992,36936300.0,36600790.0
2023-01-03 11:00:00,0.992,0.994,0.991,0.993,21834400.0,21669748.0
2023-01-03 11:15:00,0.993,0.995,0.992,0.994,19499050.0,19379128.0
2023-01-03 11:30:00,0.994,1.0,0.994,1.0,38044124.0,37938496.0
2023-01-03 13:15:00,1.0,1.002,0.999,1.002,28474298.0,28491644.0
2023-01-03 13:30:00,1.001,1.004,1.001,1.002,27428432.0,27501848.0
2023-01-03 13:45:00,1.002,1.004,1.002,1.004,10403169.0,10433243.0
2023-01-03 14:00:00,1.004,1.004,1.002,1.004,11836148.0,11873344.0
2023-01-03 14:15:00,1.003,1.004,1.002,1.003,7821800.0,7843975.0
2023-01-03 14:30:00,1.003,1.006,1.003,1.005,26828488.0,26959286.0
2023-01-03 14:45:00,1.005,1.006,1.004,1.005,9212999.0,9261181.0
2023-01-03 15:00:00,1.006,1.006,1.004,1.005,21471872.0,21574384.0
2023-01-04 09:45:00,1.004,1.007,1.001,1.001,37901930.0,38025572.0
2023-01-04 10:00:00,1.002,1.004,1.001,1.002,26602846.0,26662294.0
2023-01-04 10:15:00,1.002,1.003,0.999,1.001,41430040.0,41468944.0
2023-01-04 10:30:00,1.0,1.001,0.997,0.999,51507800.0,51480080.0
2023-01-04 10:45:00,0.999,0.999,0.997,0.999,17851868.0,17813512.0
2023-01-04 11:00:00,0.999,1.0,0.998,0.998,15291546.0,15274238.0
2023-01-04 11:15:00,0.999,0.999,0.997,0.998,19757854.0,19719104.0
2023-01-04 11:30:00,0.998,0.999,0.997,0.998,23635396.0,23587244.0
2023-01-04 13:15:00,0.999,0.999,0.993,0.994,45645476.0,45459844.0
2023-01-04 13:30:00,0.994,0.994,0.991,0.992,22583524.0,22415848.0
2023-01-04 13:45:00,0.993,0.993,0.99,0.991,19380412.0,19217050.0
2023-01-04 14:00:00,0.992,0.994,0.991,0.993,14209113.0,14103591.0
2023-01-04 14:15:00,0.993,0.994,0.992,0.994,7893200.0,7838199.0
2023-01-04 14:30:00,0.994,0.995,0.993,0.995,6903713.0,6862031.0
2023-01-04 14:45:00,0.995,0.997,0.994,0.997,12037669.0,11986111.0
2023-01-04 15:00:00,0.997,0.999,0.996,0.997,37077800.0,36993396.0
2023-01-05 09:45:00,0.998,0.999,0.993,0.996,73482710.0,73199292.0
2023-01-05 10:00:00,0.997,0.999,0.995,0.999,54641104.0,54448216.0
2023-01-05 10:15:00,0.998,1.003,0.997,1.001,47854816.0,47862900.0
2023-01-05 10:30:00,1.001,1.004,1.0,1.001,32087536.0,32148408.0
2023-01-05 10:45:00,1.002,1.004,1.001,1.002,23173430.0,23228188.0
2023-01-05 11:00:00,1.002,1.005,1.001,1.004,25090484.0,25178028.0
2023-01-05 11:15:00,1.004,1.008,1.003,1.007,32140856.0,32323536.0
2023-01-05 11:30:00,1.008,1.009,1.006,1.006,26679200.0,26877952.0
2023-01-05 13:15:00,1.006,1.008,1.005,1.007,19408978.0,19532180.0
2023-01-05 13:30:00,1.007,1.008,1.005,1.007,18393300.0,18513000.0
2023-01-05 13:45:00,1.007,1.008,1.005,1.005,11728939.0,11805191.0
2023-01-05 14:00:00,1.005,1.007,1.005,1.006,9496927.0,9557095.0
2023-01-05 14:15:00,1.007,1.008,1.006,1.008,11144423.0,11224180.0
2023-01-05 14:30:00,1.008,1.008,1.006,1.007,13360475.0,13453918.0
2023-01-05 14:45:00,1.007,1.008,1.006,1.008,8941544.0,9006544.0
2023-01-05 15:00:00,1.007,1.008,1.006,1.007,21842648.0,21988112.0
2023-01-06 09:45:00,1.006,1.016,1.004,1.014,130239338.0,131734868.0
2023-01-06 10:00:00,1.014,1.018,1.013,1.018,74453736.0,75616300.0
2023-01-06 10:15:00,1.018,1.02,1.017,1.018,94612370.0,96379490.0
2023-01-06 10:30:00,1.018,1.023,1.017,1.023,160677730.0,163900000.0
2023-01-06 10:45:00,1.023,1.024,1.021,1.022,165894530.0,169618800.0
2023-01-06 11:00:00,1.022,1.026,1.021,1.025,219679380.0,225041660.0
2023-01-06 11:15:00,1.025,1.028,1.025,1.027,117723850.0,120829700.0
2023-01-06 11:30:00,1.027,1.028,1.025,1.025,71810400.0,73744380.0
2023-01-06 13:15:00,1.024,1.026,1.021,1.021,28495928.0,29153152.0
2023-01-06 13:30:00,1.021,1.022,1.015,1.015,31833040.0,32409636.0
2023-01-06 13:45:00,1.015,1.017,1.014,1.016,14174000.0,14393785.0
2023-01-06 14:00:00,1.015,1.017,1.014,1.014,15168300.0,15396203.0
2023-01-06 14:15:00,1.015,1.015,1.012,1.014,12051016.0,12209243.0
2023-01-06 14:30:00,1.014,1.016,1.014,1.016,12241089.0,12421173.0
2023-01-06 14:45:00,1.016,1.016,1.014,1.016,8750500.0,8880904.0
2023-01-06 15:00:00,1.016,1.016,1.013,1.014,24798968.0,25159604.0
2023-01-09 09:45:00,1.015,1.021,1.01,1.021,118447296.0,120246340.0
2023-01-09 10:00:00,1.021,1.023,1.017,1.018,41927696.0,42768270.0
2023-01-09 10:15:00,1.019,1.022,1.017,1.021,20080026.0,20480156.0
2023-01-09 10:30:00,1.022,1.022,1.02,1.021,19670220.0,20084848.0
2023-01-09 10:45:00,1.021,1.021,1.016,1.016,20408066.0,20766702.0
2023-01-09 11:00:00,1.016,1.02,1.015,1.02,25624474.0,26088496.0
2023-01-09 11:15:00,1.02,1.02,1.017,1.017,10936727.0,11141687.0
2023-01-09 11:30:00,1.017,1.018,1.015,1.015,8175800.0,8309532.0
2023-01-09 13:15:00,1.015,1.016,1.013,1.014,19572196.0,19858996.0
2023-01-09 13:30:00,1.014,1.014,1.012,1.012,12286775.0,12447420.0
2023-01-09 13:45:00,1.012,1.013,1.01,1.011,13155000.0,13308725.0
2023-01-09 14:00:00,1.011,1.012,1.009,1.012,16730800.0,16903392.0
2023-01-09 14:15:00,1.012,1.014,1.011,1.013,8226832.0,8328197.0
2023-01-09 14:30:00,1.014,1.014,1.013,1.014,11564397.0,11717220.0
2023-01-09 14:45:00,1.014,1.015,1.013,1.014,11211215.0,11366601.0
2023-01-09 15:00:00,1.014,1.015,1.012,1.013,25388574.0,25732540.0
2023-01-10 09:45:00,1.011,1.016,1.009,1.015,44113802.0,44686684.0
2023-01-10 10:00:00,1.014,1.018,1.013,1.018,37411820.0,37983492.0
2023-01-10 10:15:00,1.018,1.022,1.016,1.02,38509230.0,39236348.0
2023-01-10 10:30:00,1.02,1.021,1.016,1.016,25014132.0,25484144.0
2023-01-10 10:45:00,1.016,1.017,1.015,1.016,13942927.0,14166563.0
2023-01-10 11:00:00,1.016,1.018,1.015,1.016,8893096.0,9040418.0
2023-01-10 11:15:00,1.016,1.017,1.015,1.015,8147249.0,8276516.0
2023-01-10 11:30:00,1.015,1.016,1.014,1.016,10944955.0,11108536.0
2023-01-10 13:15:00,1.016,1.016,1.014,1.014,10741200.0,10902376.0
2023-01-10 13:30:00,1.014,1.015,1.013,1.014,14772400.0,14976634.0
2023-01-10 13:45:00,1.014,1.016,1.013,1.016,8794496.0,8924345.0
2023-01-10 14:00:00,1.016,1.017,1.014,1.015,4757100.0,4829964.0
2023-01-10 14:15:00,1.014,1.015,1.014,1.015,5425848.0,5504210.0
2023-01-10 14:30:00,1.014,1.016,1.014,1.015,7944193.0,8061955.0
2023-01-10 14:45:00,1.015,1.015,1.014,1.014,5667236.0,5748909.0
2023-01-10 15:00:00,1.015,1.015,1.012,1.013,17539658.0,17779312.0
2023-01-11 09:45:00,1.013,1.017,1.01,1.012,52570024.0,53297801.0
2023-01-11 10:00:00,1.012,1.012,1.008,1.011,32016700.0,32324816.0
2023-01-11 10:15:00,1.011,1.012,1.008,1.01,24287818.0,24527440.0
2023-01-11 10:30:00,1.011,1.013,1.009,1.013,18573088.0,18788092.0
2023-01-11 10:45:00,1.013,1.014,1.011,1.012,13735100.0,13904210.0
2023-01-11 11:00:00,1.012,1.012,1.009,1.009,10879100.0,10990927.0
2023-01-11 11:15:00,1.009,1.01,1.008,1.009,8720700.0,8800304.0
2023-01-11 11:30:00,1.009,1.009,1.007,1.007,15164535.0,15284642.0
2023-01-11 13:15:00,1.008,1.008,1.005,1.005,15071861.0,15164990.0
2023-01-11 13:30:00,1.005,1.006,1.004,1.004,22455392.0,22554124.0
2023-01-11 13:45:00,1.005,1.005,1.003,1.004,14093100.0,14148013.0
2023-01-11 14:00:00,1.004,1.004,1.001,1.001,28551200.0,28621632.0
2023-01-11 14:15:00,1.002,1.002,1.0,1.0,16098727.0,16107343.0
2023-01-11 14:30:00,1.0,1.001,0.999,0.999,18963972.0,18961504.0
2023-01-11 14:45:00,1.0,1.0,0.997,0.997,28201400.0,28148254.0
2023-01-11 15:00:00,0.998,1.0,0.997,0.998,31466248.0,31403460.0
2023-01-12 09:45:00,0.997,1.002,0.997,0.999,56296799.0,56273634.0
2023-01-12 10:00:00,1.0,1.0,0.998,0.999,17228660.0,17220878.0
2023-01-12 10:15:00,1.0,1.003,0.998,0.999,24518108.0,24522238.0
2023-01-12 10:30:00,0.999,1.0,0.996,0.997,13002758.0,12973358.0
2023-01-12 10:45:00,0.996,0.997,0.995,0.996,25708600.0,25604092.0
2023-01-12 11:00:00,0.996,0.998,0.996,0.997,8294800.0,8269633.0
2023-01-12 11:15:00,0.997,0.998,0.995,0.995,7594539.0,7568557.0
2023-01-12 11:30:00,0.995,0.996,0.994,0.995,14353648.0,14279606.0
2023-01-12 13:15:00,0.994,0.996,0.994,0.996,13076039.0,13009851.0
2023-01-12 13:30:00,0.996,0.996,0.995,0.996,7314629.0,7282489.0
2023-01-12 13:45:00,0.995,0.997,0.994,0.997,6607601.0,6580199.0
2023-01-12 14:00:00,0.997,0.999,0.996,0.999,11607900.0,11582661.0
2023-01-12 14:15:00,0.999,1.001,0.997,1.0,13615939.0,13603280.0
2023-01-12 14:30:00,1.0,1.001,0.999,1.0,7121461.0,7122102.0
2023-01-12 14:45:00,1.0,1.0,0.997,0.998,6490191.0,6479298.0
2023-01-12 15:00:00,0.998,0.998,0.996,0.996,22467988.0,22393552.0
2023-01-13 09:45:00,0.998,0.999,0.994,0.996,31302300.0,31186602.0
2023-01-13 10:00:00,0.995,0.997,0.994,0.996,37470300.0,37299216.0
2023-01-13 10:15:00,0.996,0.996,0.993,0.993,17152402.0,17048568.0
2023-01-13 10:30:00,0.993,0.994,0.992,0.994,21167600.0,21020594.0
2023-01-13 10:45:00,0.993,0.995,0.993,0.994,19629688.0,19505696.0
2023-01-13 11:00:00,0.993,0.996,0.993,0.994,29952854.0,29770254.0
2023-01-13 11:15:00,0.994,0.994,0.993,0.994,10991700.0,10920065.0
2023-01-13 11:30:00,0.994,0.995,0.993,0.995,4402100.0,4375878.0
2023-01-13 13:15:00,0.995,0.996,0.994,0.995,8094400.0,8052764.0
2023-01-13 13:30:00,0.995,0.995,0.993,0.993,6285600.0,6248345.0
2023-01-13 13:45:00,0.994,0.994,0.992,0.993,9006148.0,8941663.0
2023-01-13 14:00:00,0.993,0.993,0.991,0.992,12507794.0,12409502.0
2023-01-13 14:15:00,0.992,0.993,0.991,0.992,13389542.0,13277634.0
2023-01-13 14:30:00,0.992,0.995,0.991,0.995,29190024.0,28995676.0
2023-01-13 14:45:00,0.995,0.999,0.994,0.999,24500500.0,24418620.0
2023-01-13 15:00:00,0.999,1.001,0.997,1.0,32331664.0,32276420.0
2023-01-16 09:45:00,0.999,1.01,0.997,1.008,66447992.0,66729873.0
2023-01-16 10:00:00,1.009,1.015,1.008,1.013,55743616.0,56429960.0
2023-01-16 10:15:00,1.014,1.017,1.012,1.016,56767508.0,57603056.0
2023-01-16 10:30:00,1.016,1.018,1.013,1.016,36061764.0,36630292.0
2023-01-16 10:45:00,1.015,1.021,1.015,1.02,37898260.0,38585228.0
2023-01-16 11:00:00,1.02,1.023,1.019,1.021,29816864.0,30438836.0
2023-01-16 11:15:00,1.02,1.021,1.017,1.017,18577752.0,18932676.0
2023-01-16 11:30:00,1.018,1.022,1.017,1.022,20903564.0,21326792.0
2023-01-16 13:15:00,1.022,1.024,1.02,1.022,24440268.0,24989972.0
2023-01-16 13:30:00,1.022,1.023,1.019,1.019,10934387.0,11164023.0
2023-01-16 13:45:00,1.019,1.02,1.017,1.017,7415027.0,7551853.0
2023-01-16 14:00:00,1.017,1.018,1.016,1.017,8072010.0,8211336.0
2023-01-16 14:15:00,1.017,1.018,1.016,1.016,4282100.0,4354864.0
2023-01-16 14:30:00,1.017,1.019,1.016,1.018,10931548.0,11126562.0
2023-01-16 14:45:00,1.018,1.018,1.016,1.016,10706474.0,10886369.0
2023-01-16 15:00:00,1.017,1.018,1.016,1.018,14264168.0,14501504.0
2023-01-17 09:45:00,1.019,1.028,1.017,1.027,51454876.0,52657969.0
2023-01-17 10:00:00,1.027,1.03,1.025,1.026,56101100.0,57651770.0
2023-01-17 10:15:00,1.027,1.029,1.026,1.028,22781554.0,23410764.0
2023-01-17 10:30:00,1.028,1.028,1.024,1.026,40190540.0,41239896.0
2023-01-17 10:45:00,1.026,1.027,1.024,1.025,12080248.0,12382572.0
2023-01-17 11:00:00,1.024,1.027,1.024,1.026,12387924.0,12703834.0
2023-01-17 11:15:00,1.027,1.029,1.027,1.028,20286854.0,20855764.0
2023-01-17 11:30:00,1.027,1.028,1.026,1.027,9859031.0,10127203.0
2023-01-17 13:15:00,1.027,1.027,1.024,1.025,18685892.0,19167308.0
2023-01-17 13:30:00,1.026,1.026,1.023,1.023,14960461.0,15312918.0
2023-01-17 13:45:00,1.024,1.024,1.022,1.023,10759998.0,11004858.0
2023-01-17 14:00:00,1.024,1.025,1.022,1.025,5801865.0,5938968.0
2023-01-17 14:15:00,1.025,1.027,1.025,1.026,9249100.0,9487690.0
2023-01-17 14:30:00,1.026,1.027,1.025,1.027,10018740.0,10288593.0
2023-01-17 14:45:00,1.027,1.028,1.026,1.026,17090656.0,17545866.0
2023-01-17 15:00:00,1.027,1.028,1.026,1.028,19730852.0,20261886.0
2023-01-18 09:45:00,1.029,1.031,1.027,1.03,40228710.0,41383100.0
2023-01-18 10:00:00,1.029,1.032,1.028,1.03,30229564.0,31146740.0
2023-01-18 10:15:00,1.031,1.032,1.029,1.031,19669724.0,20275696.0
2023-01-18 10:30:00,1.031,1.034,1.031,1.033,34105360.0,35209950.0
2023-01-18 10:45:00,1.034,1.034,1.029,1.03,19993380.0,20606992.0
2023-01-18 11:00:00,1.03,1.031,1.029,1.029,7757900.0,7991098.0
2023-01-18 11:15:00,1.029,1.03,1.028,1.028,7881927.0,8111449.0
2023-01-18 11:30:00,1.028,1.031,1.028,1.03,7085028.0,7295633.0
2023-01-18 13:15:00,1.03,1.033,1.029,1.032,19531280.0,20136104.0
2023-01-18 13:30:00,1.032,1.033,1.031,1.033,12048095.0,12437135.0
2023-01-18 13:45:00,1.033,1.033,1.03,1.032,8122154.0,8378817.0
2023-01-18 14:00:00,1.031,1.033,1.031,1.033,4796617.0,4949307.0
2023-01-18 14:15:00,1.033,1.034,1.031,1.033,19676896.0,20323284.0
2023-01-18 14:30:00,1.032,1.033,1.031,1.031,7111707.0,7338819.0
2023-01-18 14:45:00,1.032,1.033,1.031,1.032,12866496.0,13277919.0
2023-01-18 15:00:00,1.032,1.032,1.03,1.031,14198281.0,14633564.0
2023-01-19 09:45:00,1.028,1.033,1.027,1.031,29486432.0,30381623.0
2023-01-19 10:00:00,1.032,1.033,1.028,1.032,23886100.0,24621072.0
2023-01-19 10:15:00,1.033,1.036,1.032,1.035,37577970.0,38855108.0
2023-01-19 10:30:00,1.036,1.04,1.036,1.038,46341736.0,48091628.0
2023-01-19 10:45:00,1.038,1.04,1.037,1.04,21987990.0,22838640.0
2023-01-19 11:00:00,1.039,1.042,1.039,1.042,28960088.0,30139528.0
2023-01-19 11:15:00,1.042,1.042,1.039,1.04,15808335.0,16450211.0
2023-01-19 11:30:00,1.04,1.042,1.04,1.04,8347980.0,8688252.0
2023-01-19 13:15:00,1.041,1.043,1.04,1.042,20305108.0,21149574.0
2023-01-19 13:30:00,1.042,1.043,1.041,1.043,11591818.0,12082571.0
2023-01-19 13:45:00,1.042,1.043,1.042,1.042,21595516.0,22509858.0
2023-01-19 14:00:00,1.042,1.045,1.042,1.043,13715200.0,14313365.0
2023-01-19 14:15:00,1.043,1.046,1.043,1.045,13977370.0,14600682.0
2023-01-19 14:30:00,1.045,1.046,1.044,1.045,16744548.0,17498272.0
2023-01-19 14:45:00,1.046,1.047,1.045,1.046,14710424.0,15390150.0
2023-01-19 15:00:00,1.046,1.049,1.046,1.049,31759674.0,33262904.0
2023-01-20 09:45:00,1.05,1.057,1.05,1.056,42374040.0,44669170.0
2023-01-20 10:00:00,1.057,1.059,1.055,1.058,31033228.0,32800972.0
2023-01-20 10:15:00,1.059,1.059,1.051,1.052,18358648.0,19347360.0
2023-01-20 10:30:00,1.052,1.055,1.05,1.054,23282770.0,24500462.0
2023-01-20 10:45:00,1.054,1.055,1.052,1.052,9217278.0,9707265.0
2023-01-20 11:00:00,1.052,1.053,1.05,1.05,14359400.0,15097608.0
2023-01-20 11:15:00,1.051,1.052,1.05,1.051,11523831.0,12110507.0
2023-01-20 11:30:00,1.051,1.051,1.048,1.05,13112014.0,13760508.0
2023-01-20 13:15:00,1.05,1.052,1.048,1.05,46209988.0,48556440.0
2023-01-20 13:30:00,1.05,1.052,1.049,1.05,27662916.0,29061548.0
2023-01-20 13:45:00,1.049,1.053,1.049,1.053,9915027.0,10418540.0
2023-01-20 14:00:00,1.053,1.054,1.051,1.053,9317121.0,9809501.0
2023-01-20 14:15:00,1.053,1.054,1.052,1.052,29537812.0,31106534.0
2023-01-20 14:30:00,1.052,1.053,1.051,1.051,54065960.0,56877670.0
2023-01-20 14:45:00,1.051,1.053,1.051,1.051,24981704.0,26281912.0
2023-01-20 15:00:00,1.052,1.055,1.051,1.054,34108376.0,35909276.0
2023-01-30 09:45:00,1.068,1.074,1.061,1.064,109415351.0,116908308.0
2023-01-30 10:00:00,1.064,1.066,1.061,1.064,41761220.0,44402340.0
2023-01-30 10:15:00,1.064,1.065,1.061,1.064,54609600.0,58038520.0
2023-01-30 10:30:00,1.064,1.068,1.063,1.066,36476676.0,38891130.0
2023-01-30 10:45:00,1.066,1.067,1.064,1.065,31145500.0,33186072.0
2023-01-30 11:00:00,1.065,1.066,1.062,1.063,17032292.0,18133780.0
2023-01-30 11:15:00,1.063,1.064,1.061,1.063,15424731.0,16380971.0
2023-01-30 11:30:00,1.063,1.066,1.063,1.065,10191388.0,10844280.0
2023-01-30 13:15:00,1.066,1.066,1.06,1.061,15734562.0,16709343.0
2023-01-30 13:30:00,1.061,1.062,1.057,1.058,13481184.0,14276544.0
2023-01-30 13:45:00,1.059,1.062,1.057,1.062,17729720.0,18775856.0
2023-01-30 14:00:00,1.062,1.062,1.06,1.06,8715742.0,9246593.0
2023-01-30 14:15:00,1.061,1.061,1.058,1.058,14218002.0,15058691.0
2023-01-30 14:30:00,1.058,1.06,1.057,1.059,10491320.0,11104758.0
2023-01-30 14:45:00,1.059,1.06,1.057,1.057,7383232.0,7809810.0
2023-01-30 15:00:00,1.058,1.058,1.052,1.056,30131962.0,31808870.0
2023-01-31 09:45:00,1.053,1.053,1.049,1.05,37275196.0,39177292.0
2023-01-31 10:00:00,1.05,1.051,1.046,1.046,41979550.0,43994336.0
2023-01-31 10:15:00,1.047,1.048,1.043,1.045,37160730.0,38831176.0
2023-01-31 10:30:00,1.046,1.049,1.045,1.048,19694848.0,20615180.0
2023-01-31 10:45:00,1.048,1.049,1.044,1.045,22057914.0,23090352.0
2023-01-31 11:00:00,1.045,1.046,1.044,1.045,11667843.0,12193496.0
2023-01-31 11:15:00,1.046,1.046,1.043,1.043,11322969.0,11824738.0
2023-01-31 11:30:00,1.044,1.045,1.042,1.042,9360200.0,9764008.0
2023-01-31 13:15:00,1.042,1.043,1.04,1.042,21999488.0,22914348.0
2023-01-31 13:30:00,1.042,1.043,1.041,1.043,14374877.0,14974445.0
2023-01-31 13:45:00,1.043,1.043,1.041,1.042,10025800.0,10447288.0
2023-01-31 14:00:00,1.042,1.043,1.041,1.042,8439192.0,8793538.0
2023-01-31 14:15:00,1.041,1.042,1.04,1.041,7051554.0,7340842.0
2023-01-31 14:30:00,1.042,1.042,1.04,1.041,7263948.0,7563278.0
2023-01-31 14:45:00,1.041,1.042,1.04,1.041,5500376.0,5723775.0
2023-01-31 15:00:00,1.04,1.05,1.039,1.05,51656172.0,53870588.0
2023-02-01 09:45:00,1.042,1.046,1.042,1.046,42613316.0,44480759.0
2023-02-01 10:00:00,1.046,1.047,1.044,1.045,26218604.0,27405324.0
2023-02-01 10:15:00,1.045,1.048,1.043,1.043,51616280.0,53989784.0
2023-02-01 10:30:00,1.044,1.044,1.039,1.04,35355668.0,36820560.0
2023-02-01 10:45:00,1.039,1.04,1.035,1.036,40537864.0,42064216.0
2023-02-01 11:00:00,1.036,1.038,1.036,1.037,10449165.0,10837657.0
2023-02-01 11:15:00,1.038,1.043,1.038,1.042,19451904.0,20222418.0
2023-02-01 11:30:00,1.043,1.043,1.041,1.041,10312800.0,10748509.0
2023-02-01 13:15:00,1.042,1.044,1.041,1.043,11481560.0,11967779.0
2023-02-01 13:30:00,1.042,1.045,1.042,1.045,13405634.0,13989110.0
2023-02-01 13:45:00,1.045,1.045,1.043,1.045,20456720.0,21357004.0
2023-02-01 14:00:00,1.045,1.045,1.042,1.044,34957200.0,36467668.0
2023-02-01 14:15:00,1.045,1.048,1.044,1.048,24143740.0,25260636.0
2023-02-01 14:30:00,1.047,1.049,1.046,1.049,15247189.0,15974957.0
2023-02-01 14:45:00,1.049,1.052,1.048,1.05,21069116.0,22136064.0
2023-02-01 15:00:00,1.051,1.053,1.05,1.053,38591790.0,40567836.0
2023-02-02 09:45:00,1.059,1.061,1.053,1.054,79469160.0,84064311.0
2023-02-02 10:00:00,1.054,1.06,1.053,1.059,40382710.0,42682896.0
2023-02-02 10:15:00,1.059,1.063,1.058,1.06,42328370.0,44874924.0
2023-02-02 10:30:00,1.061,1.065,1.059,1.06,29245092.0,31061766.0
2023-02-02 10:45:00,1.059,1.06,1.056,1.057,30899856.0,32676320.0
2023-02-02 11:00:00,1.056,1.06,1.056,1.058,13990635.0,14798519.0
2023-02-02 11:15:00,1.057,1.058,1.055,1.058,8706600.0,9198128.0
2023-02-02 11:30:00,1.058,1.063,1.057,1.062,15898346.0,16848244.0
2023-02-02 13:15:00,1.062,1.064,1.06,1.061,21124900.0,22443456.0
2023-02-02 13:30:00,1.061,1.062,1.059,1.061,8271466.0,8771535.0
2023-02-02 13:45:00,1.061,1.062,1.058,1.058,9887081.0,10482183.0
2023-02-02 14:00:00,1.058,1.059,1.056,1.057,12997169.0,13742970.0
2023-02-02 14:15:00,1.057,1.059,1.056,1.058,9977000.0,10555043.0
2023-02-02 14:30:00,1.057,1.058,1.054,1.055,10612827.0,11208423.0
2023-02-02 14:45:00,1.055,1.057,1.054,1.055,11378507.0,12005080.0
2023-02-02 15:00:00,1.056,1.057,1.055,1.057,16365841.0,17285304.0
2023-02-03 09:45:00,1.055,1.058,1.052,1.056,45021936.0,47489552.0
2023-02-03 10:00:00,1.056,1.056,1.047,1.049,38061172.0,39992860.0
2023-02-03 10:15:00,1.048,1.049,1.044,1.045,40284900.0,42124824.0
2023-02-03 10:30:00,1.046,1.05,1.046,1.047,25926644.0,27159804.0
2023-02-03 10:45:00,1.048,1.049,1.044,1.044,20387928.0,21327576.0
2023-02-03 11:00:00,1.045,1.047,1.045,1.046,14397061.0,15059459.0
2023-02-03 11:15:00,1.046,1.048,1.045,1.045,18412900.0,19259730.0
2023-02-03 11:30:00,1.046,1.046,1.043,1.044,16158390.0,16874776.0
2023-02-03 13:15:00,1.044,1.044,1.041,1.044,22633660.0,23590706.0
2023-02-03 13:30:00,1.044,1.048,1.043,1.045,14513520.0,15172556.0
2023-02-03 13:45:00,1.046,1.051,1.045,1.049,15007063.0,15737399.0
2023-02-03 14:00:00,1.048,1.049,1.046,1.048,6341700.0,6644366.0
2023-02-03 14:15:00,1.048,1.053,1.048,1.052,15403713.0,16180166.0
2023-02-03 14:30:00,1.052,1.056,1.052,1.056,15700832.0,16538635.0
2023-02-03 14:45:00,1.056,1.057,1.054,1.056,12515430.0,13216384.0
2023-02-03 15:00:00,1.056,1.061,1.055,1.061,43323140.0,45843824.0
2023-02-06 09:45:00,1.054,1.057,1.05,1.052,44331524.0,46684403.0
2023-02-06 10:00:00,1.052,1.062,1.051,1.062,85284456.0,90174390.0
2023-02-06 10:15:00,1.062,1.064,1.057,1.057,55661690.0,59029016.0
2023-02-06 10:30:00,1.058,1.058,1.048,1.049,49590200.0,52158096.0
2023-02-06 10:45:00,1.048,1.052,1.048,1.05,29267782.0,30734920.0
2023-02-06 11:00:00,1.05,1.051,1.048,1.05,9532710.0,10002490.0
2023-02-06 11:15:00,1.05,1.05,1.047,1.048,23511408.0,24646136.0
2023-02-06 11:30:00,1.048,1.049,1.045,1.047,17139948.0,17943572.0
2023-02-06 13:15:00,1.047,1.049,1.046,1.049,14097974.0,14764206.0
2023-02-06 13:30:00,1.049,1.049,1.046,1.047,7642900.0,8006506.0
2023-02-06 13:45:00,1.047,1.049,1.045,1.049,17322324.0,18140556.0
2023-02-06 14:00:00,1.049,1.05,1.048,1.049,7259935.0,7616659.0
2023-02-06 14:15:00,1.05,1.05,1.046,1.047,8097854.0,8487479.0
2023-02-06 14:30:00,1.047,1.047,1.045,1.046,19351872.0,20250946.0
2023-02-06 14:45:00,1.046,1.049,1.045,1.048,18026200.0,18874488.0
2023-02-06 15:00:00,1.049,1.049,1.047,1.047,18561808.0,19453238.0
2023-02-07 09:45:00,1.047,1.051,1.046,1.047,31927780.0,33484852.0
2023-02-07 10:00:00,1.048,1.05,1.044,1.045,20727160.0,21689244.0
2023-02-07 10:15:00,1.045,1.047,1.042,1.043,24658244.0,25746230.0
2023-02-07 10:30:00,1.042,1.044,1.041,1.044,14043000.0,14636044.0
2023-02-07 10:45:00,1.044,1.045,1.042,1.043,9836905.0,10265750.0
2023-02-07 11:00:00,1.042,1.043,1.041,1.042,11835300.0,12333078.0
2023-02-07 11:15:00,1.042,1.044,1.041,1.043,8750265.0,9119928.0
2023-02-07 11:30:00,1.044,1.047,1.043,1.046,7579917.0,7920456.0
2023-02-07 13:15:00,1.046,1.047,1.042,1.043,16173586.0,16887760.0
2023-02-07 13:30:00,1.043,1.043,1.041,1.043,8803127.0,9173772.0
2023-02-07 13:45:00,1.043,1.044,1.04,1.04,22244638.0,23165668.0
2023-02-07 14:00:00,1.041,1.041,1.039,1.04,25555052.0,26572322.0
2023-02-07 14:15:00,1.04,1.042,1.039,1.042,16330948.0,16990820.0
2023-02-07 14:30:00,1.042,1.044,1.041,1.044,11278557.0,11759656.0
2023-02-07 14:45:00,1.045,1.045,1.042,1.043,52753880.0,55080230.0
2023-02-07 15:00:00,1.043,1.045,1.042,1.043,50272530.0,52508176.0
2023-02-08 09:45:00,1.045,1.05,1.043,1.045,30311312.0,31742991.0
2023-02-08 10:00:00,1.044,1.045,1.04,1.042,17816200.0,18562504.0
2023-02-08 10:15:00,1.042,1.044,1.039,1.042,16405378.0,17078324.0
2023-02-08 10:30:00,1.042,1.043,1.041,1.043,21563896.0,22469156.0
2023-02-08 10:45:00,1.043,1.043,1.041,1.041,11619510.0,12110114.0
2023-02-08 11:00:00,1.041,1.043,1.04,1.041,11078100.0,11534268.0
2023-02-08 11:15:00,1.042,1.042,1.04,1.042,11029900.0,11475923.0
2023-02-08 11:30:00,1.041,1.044,1.041,1.042,12308897.0,12832351.0
2023-02-08 13:15:00,1.043,1.043,1.039,1.04,11436358.0,11899409.0
2023-02-08 13:30:00,1.04,1.041,1.039,1.04,9041752.0,9397211.0
2023-02-08 13:45:00,1.04,1.04,1.037,1.038,14258759.0,14808125.0
2023-02-08 14:00:00,1.037,1.039,1.037,1.038,10792866.0,11203442.0
2023-02-08 14:15:00,1.039,1.04,1.038,1.039,15897443.0,16519053.0
2023-02-08 14:30:00,1.039,1.04,1.037,1.037,11049417.0,11468611.0
2023-02-08 14:45:00,1.038,1.038,1.036,1.037,13735269.0,14238187.0
2023-02-08 15:00:00,1.037,1.038,1.035,1.036,24597236.0,25487728.0
2023-02-09 09:45:00,1.032,1.034,1.029,1.033,50496156.0,52072828.0
2023-02-09 10:00:00,1.033,1.039,1.033,1.038,29546176.0,30637732.0
2023-02-09 10:15:00,1.039,1.044,1.038,1.042,49361228.0,51416750.0
2023-02-09 10:30:00,1.043,1.046,1.041,1.046,45735496.0,47722564.0
2023-02-09 10:45:00,1.046,1.047,1.044,1.046,33484388.0,35005210.0
2023-02-09 11:00:00,1.045,1.047,1.043,1.045,23427772.0,24484952.0
2023-02-09 11:15:00,1.046,1.048,1.044,1.044,19057908.0,19939108.0
2023-02-09 11:30:00,1.044,1.049,1.044,1.046,21922602.0,22946846.0
2023-02-09 13:15:00,1.046,1.05,1.046,1.049,23041640.0,24154384.0
2023-02-09 13:30:00,1.049,1.054,1.048,1.054,36589990.0,38463544.0
2023-02-09 13:45:00,1.053,1.055,1.052,1.054,34824664.0,36690508.0
2023-02-09 14:00:00,1.054,1.056,1.054,1.055,31867772.0,33616036.0
2023-02-09 14:15:00,1.055,1.059,1.055,1.058,45460164.0,48061110.0
2023-02-09 14:30:00,1.059,1.06,1.057,1.06,18743168.0,19845718.0
2023-02-09 14:45:00,1.059,1.062,1.058,1.061,31195944.0,33080568.0
2023-02-09 15:00:00,1.061,1.063,1.061,1.063,50596210.0,53734116.0
2023-02-10 09:45:00,1.062,1.062,1.055,1.055,54758010.0,57949652.0
2023-02-10 10:00:00,1.055,1.059,1.054,1.058,23892548.0,25261094.0
2023-02-10 10:15:00,1.059,1.061,1.055,1.057,24610924.0,26023098.0
2023-02-10 10:30:00,1.057,1.059,1.055,1.058,16164240.0,17083766.0
2023-02-10 10:45:00,1.058,1.058,1.052,1.053,33033956.0,34843976.0
2023-02-10 11:00:00,1.053,1.054,1.05,1.051,33221220.0,34920630.0
2023-02-10 11:15:00,1.051,1.051,1.048,1.049,16755259.0,17583996.0
2023-02-10 11:30:00,1.049,1.049,1.045,1.045,25159102.0,26345832.0
2023-02-10 13:15:00,1.047,1.048,1.045,1.046,19990840.0,20910668.0
2023-02-10 13:30:00,1.046,1.047,1.043,1.045,19494754.0,20367220.0
2023-02-10 13:45:00,1.045,1.046,1.043,1.045,9337100.0,9756407.0
2023-02-10 14:00:00,1.045,1.048,1.045,1.048,12890200.0,13491129.0
2023-02-10 14:15:00,1.049,1.051,1.048,1.051,27760100.0,29138286.0
2023-02-10 14:30:00,1.051,1.051,1.048,1.049,13382900.0,14043720.0
2023-02-10 14:45:00,1.05,1.051,1.048,1.048,11065800.0,11610975.0
2023-02-10 15:00:00,1.049,1.051,1.048,1.05,17072472.0,17917294.0
2023-02-13 09:45:00,1.045,1.051,1.041,1.049,28636856.0,29976312.0
2023-02-13 10:00:00,1.05,1.051,1.046,1.05,22469440.0,23565432.0
2023-02-13 10:15:00,1.05,1.051,1.046,1.05,20813340.0,21815360.0
2023-02-13 10:30:00,1.05,1.056,1.05,1.052,35636500.0,37547160.0
2023-02-13 10:45:00,1.052,1.053,1.048,1.049,19366182.0,20350852.0
2023-02-13 11:00:00,1.048,1.052,1.048,1.052,15222393.0,15970387.0
2023-02-13 11:15:00,1.052,1.052,1.049,1.051,7723857.0,8114018.0
2023-02-13 11:30:00,1.051,1.052,1.048,1.049,6461254.0,6785775.0
2023-02-13 13:15:00,1.049,1.05,1.048,1.05,6002082.0,6294866.0
2023-02-13 13:30:00,1.05,1.052,1.049,1.051,9044435.0,9499784.0
2023-02-13 13:45:00,1.05,1.051,1.049,1.051,4482160.0,4705681.0
2023-02-13 14:00:00,1.051,1.052,1.049,1.05,7354525.0,7727898.0
2023-02-13 14:15:00,1.05,1.05,1.048,1.049,13421233.0,14072117.0
2023-02-13 14:30:00,1.048,1.049,1.048,1.048,4268900.0,4476754.0
2023-02-13 14:45:00,1.049,1.049,1.048,1.048,10985919.0,11515036.0
2023-02-13 15:00:00,1.049,1.05,1.048,1.05,15122400.0,15862089.0
2023-02-14 09:45:00,1.051,1.057,1.051,1.052,39865528.0,42031190.0
2023-02-14 10:00:00,1.052,1.053,1.048,1.051,25327420.0,26596400.0
2023-02-14 10:15:00,1.05,1.051,1.048,1.049,39209876.0,41137812.0
2023-02-14 10:30:00,1.049,1.049,1.046,1.047,24902196.0,26083734.0
2023-02-14 10:45:00,1.046,1.047,1.044,1.046,27240100.0,28473108.0
2023-02-14 11:00:00,1.046,1.047,1.045,1.046,9051846.0,9462560.0
2023-02-14 11:15:00,1.046,1.046,1.043,1.045,14335039.0,14971566.0
2023-02-14 11:30:00,1.045,1.046,1.043,1.044,8301534.0,8666320.0
2023-02-14 13:15:00,1.044,1.045,1.043,1.043,9165347.0,9566632.0
2023-02-14 13:30:00,1.043,1.043,1.042,1.042,8911548.0,9289845.0
2023-02-14 13:45:00,1.043,1.045,1.042,1.045,9433230.0,9841820.0
2023-02-14 14:00:00,1.045,1.046,1.043,1.044,8851600.0,9243756.0
2023-02-14 14:15:00,1.043,1.045,1.043,1.044,5219400.0,5448802.0
2023-02-14 14:30:00,1.044,1.047,1.044,1.046,7204793.0,7534117.0
2023-02-14 14:45:00,1.046,1.047,1.045,1.047,9205163.0,9632790.0
2023-02-14 15:00:00,1.047,1.048,1.046,1.048,7119265.0,7457606.0
2023-02-15 09:45:00,1.047,1.048,1.043,1.045,19323932.0,20195655.0
2023-02-15 10:00:00,1.045,1.046,1.04,1.041,33056184.0,34447360.0
2023-02-15 10:15:00,1.042,1.046,1.041,1.044,11969801.0,12484354.0
2023-02-15 10:30:00,1.044,1.045,1.042,1.043,11966835.0,12486385.0
2023-02-15 10:45:00,1.043,1.047,1.042,1.046,10290170.0,10750727.0
2023-02-15 11:00:00,1.046,1.049,1.044,1.048,16483204.0,17255402.0
2023-02-15 11:15:00,1.048,1.05,1.046,1.048,12488047.0,13089419.0
2023-02-15 11:30:00,1.048,1.05,1.047,1.048,14053600.0,14732074.0
2023-02-15 13:15:00,1.048,1.05,1.046,1.047,23939360.0,25092460.0
2023-02-15 13:30:00,1.047,1.048,1.043,1.045,18243512.0,19076756.0
2023-02-15 13:45:00,1.044,1.047,1.044,1.047,7675991.0,8023483.0
2023-02-15 14:00:00,1.047,1.049,1.046,1.049,11878870.0,12448796.0
2023-02-15 14:15:00,1.048,1.05,1.046,1.048,17369144.0,18203788.0
2023-02-15 14:30:00,1.047,1.049,1.047,1.047,8438451.0,8843666.0
2023-02-15 14:45:00,1.048,1.049,1.047,1.049,17597268.0,18448012.0
2023-02-15 15:00:00,1.049,1.049,1.047,1.049,13366346.0,14011239.0
2023-02-16 09:45:00,1.048,1.049,1.043,1.045,17788569.0,18592889.0
2023-02-16 10:00:00,1.045,1.053,1.044,1.05,32493084.0,34101790.0
2023-02-16 10:15:00,1.05,1.051,1.047,1.05,22639400.0,23753480.0
2023-02-16 10:30:00,1.05,1.053,1.049,1.052,28994864.0,30483572.0
2023-02-16 10:45:00,1.052,1.053,1.049,1.053,23446952.0,24657836.0
2023-02-16 11:00:00,1.052,1.053,1.049,1.052,19623254.0,20627392.0
2023-02-16 11:15:00,1.052,1.053,1.05,1.053,8899864.0,9359841.0
2023-02-16 11:30:00,1.053,1.054,1.051,1.052,13399314.0,14103478.0
2023-02-16 13:15:00,1.052,1.053,1.05,1.052,11249596.0,11830003.0
2023-02-16 13:30:00,1.052,1.052,1.05,1.051,6270710.0,6589951.0
2023-02-16 13:45:00,1.051,1.051,1.046,1.047,23489128.0,24625768.0
2023-02-16 14:00:00,1.047,1.047,1.045,1.045,18314500.0,19157564.0
2023-02-16 14:15:00,1.046,1.046,1.036,1.036,48074400.0,50033544.0
2023-02-16 14:30:00,1.036,1.039,1.03,1.03,61147570.0,63289320.0
2023-02-16 14:45:00,1.031,1.033,1.023,1.027,62539880.0,64295212.0
2023-02-16 15:00:00,1.027,1.032,1.027,1.03,42040464.0,43314064.0
2023-02-17 09:45:00,1.028,1.032,1.024,1.025,76757356.0,78870677.0
2023-02-17 10:00:00,1.025,1.026,1.022,1.025,56076404.0,57402470.0
2023-02-17 10:15:00,1.025,1.025,1.019,1.021,48881816.0,49913064.0
2023-02-17 10:30:00,1.021,1.023,1.02,1.022,21926224.0,22400610.0
2023-02-17 10:45:00,1.022,1.024,1.02,1.022,19502496.0,19933538.0
2023-02-17 11:00:00,1.021,1.023,1.021,1.022,7462439.0,7626074.0
2023-02-17 11:15:00,1.023,1.023,1.019,1.019,26330064.0,26860940.0
2023-02-17 11:30:00,1.019,1.021,1.018,1.019,22029936.0,22453654.0
2023-02-17 13:15:00,1.018,1.018,1.016,1.018,25446464.0,25891826.0
2023-02-17 13:30:00,1.018,1.019,1.017,1.018,13777600.0,14027726.0
2023-02-17 13:45:00,1.018,1.019,1.016,1.017,16477800.0,16761625.0
2023-02-17 14:00:00,1.017,1.018,1.016,1.018,15624900.0,15884022.0
2023-02-17 14:15:00,1.018,1.021,1.017,1.018,26822928.0,27333448.0
2023-02-17 14:30:00,1.018,1.018,1.015,1.015,21849636.0,22203164.0
2023-02-17 14:45:00,1.016,1.016,1.011,1.012,55386700.0,56119340.0
2023-02-17 15:00:00,1.013,1.014,1.009,1.011,79995280.0,80876090.0
2023-02-20 09:45:00,1.01,1.012,1.004,1.009,66081432.0,66536531.0
2023-02-20 10:00:00,1.008,1.015,1.007,1.014,24322740.0,24591044.0
2023-02-20 10:15:00,1.014,1.015,1.009,1.01,22012332.0,22270668.0
2023-02-20 10:30:00,1.01,1.013,1.008,1.013,29362254.0,29682832.0
2023-02-20 10:45:00,1.012,1.013,1.009,1.01,22965800.0,23226172.0
2023-02-20 11:00:00,1.01,1.011,1.009,1.011,10204400.0,10307370.0
2023-02-20 11:15:00,1.011,1.011,1.009,1.01,11233066.0,11345782.0
2023-02-20 11:30:00,1.01,1.012,1.01,1.011,12462752.0,12596273.0
2023-02-20 13:15:00,1.012,1.013,1.01,1.013,16015235.0,16200946.0
2023-02-20 13:30:00,1.012,1.016,1.011,1.016,25709448.0,26057198.0
2023-02-20 13:45:00,1.016,1.019,1.015,1.018,22105846.0,22490200.0
2023-02-20 14:00:00,1.019,1.021,1.018,1.021,25788832.0,26293148.0
2023-02-20 14:15:00,1.021,1.023,1.019,1.022,20133268.0,20553784.0
2023-02-20 14:30:00,1.023,1.023,1.021,1.021,38213856.0,39060516.0
2023-02-20 14:45:00,1.021,1.023,1.021,1.022,15193427.0,15528915.0
2023-02-20 15:00:00,1.022,1.023,1.021,1.022,23666192.0,24195490.0
2023-02-21 09:45:00,1.021,1.026,1.019,1.024,33564208.0,34308439.0
2023-02-21 10:00:00,1.025,1.026,1.02,1.021,20797016.0,21279976.0
2023-02-21 10:15:00,1.022,1.024,1.02,1.023,11687029.0,11947255.0
2023-02-21 10:30:00,1.022,1.023,1.021,1.022,6760354.0,6909493.0
2023-02-21 10:45:00,1.022,1.023,1.02,1.021,13006255.0,13283240.0
2023-02-21 11:00:00,1.021,1.026,1.02,1.026,18684280.0,19113520.0
2023-02-21 11:15:00,1.026,1.026,1.017,1.019,58470548.0,59706740.0
2023-02-21 11:30:00,1.018,1.022,1.018,1.02,34949850.0,35634876.0
2023-02-21 13:15:00,1.02,1.02,1.017,1.019,21306472.0,21713048.0
2023-02-21 13:30:00,1.019,1.02,1.018,1.018,15415500.0,15701991.0
2023-02-21 13:45:00,1.019,1.019,1.017,1.017,8172735.0,8317853.0
2023-02-21 14:00:00,1.018,1.018,1.016,1.016,12842472.0,13060099.0
2023-02-21 14:15:00,1.017,1.017,1.014,1.016,20744640.0,21058648.0
2023-02-21 14:30:00,1.016,1.018,1.014,1.014,32255340.0,32750458.0
2023-02-21 14:45:00,1.015,1.017,1.014,1.017,41487760.0,42127390.0
2023-02-21 15:00:00,1.017,1.02,1.016,1.019,18811266.0,19146394.0
2023-02-22 09:45:00,1.013,1.015,1.01,1.012,38448468.0,38947067.0
2023-02-22 10:00:00,1.012,1.013,1.01,1.012,32346196.0,32711726.0
2023-02-22 10:15:00,1.012,1.015,1.011,1.012,27313400.0,27657936.0
2023-02-22 10:30:00,1.013,1.014,1.012,1.014,25649314.0,25983442.0
2023-02-22 10:45:00,1.014,1.016,1.013,1.016,25088384.0,25436480.0
2023-02-22 11:00:00,1.015,1.017,1.013,1.014,18395446.0,18661964.0
2023-02-22 11:15:00,1.014,1.014,1.012,1.014,31985188.0,32401990.0
2023-02-22 11:30:00,1.014,1.014,1.011,1.012,23824972.0,24126502.0
2023-02-22 13:15:00,1.012,1.017,1.011,1.016,56257216.0,57023276.0
2023-02-22 13:30:00,1.016,1.017,1.013,1.015,26399744.0,26785666.0
2023-02-22 13:45:00,1.015,1.016,1.012,1.013,21794104.0,22081314.0
2023-02-22 14:00:00,1.013,1.014,1.01,1.011,23320200.0,23595492.0
2023-02-22 14:15:00,1.012,1.013,1.01,1.011,28645822.0,28971988.0
2023-02-22 14:30:00,1.011,1.013,1.011,1.013,13413800.0,13570881.0
2023-02-22 14:45:00,1.013,1.013,1.011,1.011,12089928.0,12227637.0
2023-02-22 15:00:00,1.012,1.014,1.011,1.013,20771064.0,21035118.0
2023-02-23 09:45:00,1.013,1.017,1.012,1.014,45456530.0,46116866.0
2023-02-23 10:00:00,1.014,1.016,1.011,1.016,43459270.0,44048576.0
2023-02-23 10:15:00,1.016,1.018,1.012,1.016,54849210.0,55704000.0
2023-02-23 10:30:00,1.017,1.018,1.015,1.016,36964940.0,37570210.0
2023-02-23 10:45:00,1.015,1.017,1.014,1.017,10047221.0,10198801.0
2023-02-23 11:00:00,1.017,1.018,1.015,1.017,15895587.0,16160320.0
2023-02-23 11:15:00,1.018,1.021,1.017,1.02,23187862.0,23634220.0
2023-02-23 11:30:00,1.021,1.021,1.016,1.017,21384200.0,21794244.0
2023-02-23 13:15:00,1.016,1.02,1.016,1.02,15452539.0,15719282.0
2023-02-23 13:30:00,1.02,1.02,1.016,1.016,15097674.0,15377852.0
2023-02-23 13:45:00,1.017,1.017,1.015,1.015,12192818.0,12386065.0
2023-02-23 14:00:00,1.015,1.016,1.013,1.014,18243882.0,18507510.0
2023-02-23 14:15:00,1.014,1.016,1.013,1.014,14377535.0,14587084.0
2023-02-23 14:30:00,1.014,1.016,1.013,1.015,12231946.0,12407410.0
2023-02-23 14:45:00,1.015,1.016,1.014,1.016,9765155.0,9908318.0
2023-02-23 15:00:00,1.016,1.017,1.015,1.017,12504500.0,12703396.0
2023-02-24 09:45:00,1.018,1.02,1.015,1.018,28299473.0,28813767.0
2023-02-24 10:00:00,1.018,1.022,1.017,1.021,48224800.0,49198010.0
2023-02-24 10:15:00,1.021,1.023,1.017,1.018,44033770.0,44911056.0
2023-02-24 10:30:00,1.018,1.018,1.015,1.016,33429348.0,33991344.0
2023-02-24 10:45:00,1.016,1.017,1.015,1.016,19029932.0,19334224.0
2023-02-24 11:00:00,1.015,1.017,1.013,1.015,30893438.0,31363504.0
2023-02-24 11:15:00,1.015,1.015,1.012,1.015,25707148.0,26064804.0
2023-02-24 11:30:00,1.014,1.016,1.013,1.015,15992400.0,16229129.0
2023-02-24 13:15:00,1.016,1.016,1.012,1.016,18230470.0,18490012.0
2023-02-24 13:30:00,1.017,1.019,1.016,1.018,20662944.0,21036252.0
2023-02-24 13:45:00,1.018,1.019,1.016,1.017,18333300.0,18658598.0
2023-02-24 14:00:00,1.016,1.018,1.015,1.016,19559000.0,19883492.0
2023-02-24 14:15:00,1.017,1.017,1.014,1.015,11469327.0,11644353.0
2023-02-24 14:30:00,1.014,1.016,1.013,1.016,8583873.0,8710977.0
2023-02-24 14:45:00,1.016,1.017,1.016,1.016,4688604.0,4767213.0
2023-02-24 15:00:00,1.017,1.017,1.015,1.015,15104555.0,15344812.0
2023-02-27 09:45:00,1.012,1.015,1.01,1.014,23527568.0,23808935.0
2023-02-27 10:00:00,1.013,1.019,1.013,1.014,44930864.0,45645604.0
2023-02-27 10:15:00,1.013,1.015,1.012,1.014,32314640.0,32760656.0
2023-02-27 10:30:00,1.014,1.015,1.012,1.014,22164548.0,22470288.0
2023-02-27 10:45:00,1.014,1.014,1.012,1.013,8066483.0,8173116.0
2023-02-27 11:00:00,1.013,1.018,1.012,1.018,13258230.0,13458003.0
2023-02-27 11:15:00,1.017,1.018,1.015,1.016,11134678.0,11318120.0
2023-02-27 11:30:00,1.015,1.016,1.012,1.013,10357358.0,10497396.0
2023-02-27 13:15:00,1.012,1.014,1.012,1.013,9206532.0,9323333.0
2023-02-27 13:30:00,1.013,1.013,1.011,1.011,16936192.0,17131456.0
2023-02-27 13:45:00,1.011,1.011,1.008,1.01,30830676.0,31125866.0
2023-02-27 14:00:00,1.01,1.011,1.008,1.009,19306420.0,19485306.0
2023-02-27 14:15:00,1.009,1.01,1.008,1.01,14598666.0,14730457.0
2023-02-27 14:30:00,1.01,1.01,1.008,1.01,5066400.0,5114289.0
2023-02-27 14:45:00,1.01,1.01,1.008,1.01,9402298.0,9485187.0
2023-02-27 15:00:00,1.01,1.011,1.008,1.011,15190870.0,15338221.0
2023-02-28 09:45:00,1.013,1.018,1.013,1.017,27849596.0,28286639.0
2023-02-28 10:00:00,1.016,1.017,1.012,1.014,24374672.0,24725316.0
2023-02-28 10:15:00,1.014,1.014,1.01,1.011,27922880.0,28251028.0
2023-02-28 10:30:00,1.011,1.013,1.011,1.011,17662424.0,17869978.0
2023-02-28 10:45:00,1.011,1.012,1.01,1.012,15329547.0,15495850.0
2023-02-28 11:00:00,1.011,1.013,1.01,1.011,21089692.0,21338348.0
2023-02-28 11:15:00,1.011,1.011,1.01,1.01,8186896.0,8270522.0
2023-02-28 11:30:00,1.01,1.012,1.009,1.01,13580985.0,13718054.0
2023-02-28 13:15:00,1.01,1.01,1.007,1.007,18417754.0,18570700.0
2023-02-28 13:30:00,1.007,1.008,1.004,1.005,34096100.0,34304984.0
2023-02-28 13:45:00,1.006,1.006,1.004,1.006,32791700.0,32969484.0
2023-02-28 14:00:00,1.006,1.008,1.005,1.007,15030100.0,15128307.0
2023-02-28 14:15:00,1.007,1.008,1.006,1.008,7051778.0,7100856.0
2023-02-28 14:30:00,1.008,1.011,1.007,1.011,17811974.0,17978254.0
2023-02-28 14:45:00,1.011,1.013,1.009,1.013,21528818.0,21767752.0
2023-02-28 15:00:00,1.013,1.015,1.012,1.015,17614796.0,17845036.0
2023-03-01 09:45:00,1.014,1.014,1.009,1.011,47532324.0,48021364.0
2023-03-01 10:00:00,1.011,1.013,1.01,1.013,31542564.0,31898200.0
2023-03-01 10:15:00,1.013,1.017,1.013,1.017,34352696.0,34867324.0
2023-03-01 10:30:00,1.017,1.017,1.015,1.016,38282770.0,38891344.0
2023-03-01 10:45:00,1.016,1.017,1.012,1.015,32664232.0,33148540.0
2023-03-01 11:00:00,1.015,1.016,1.013,1.015,13535143.0,13733895.0
2023-03-01 11:15:00,1.016,1.016,1.015,1.016,13763680.0,13981829.0
2023-03-01 11:30:00,1.017,1.018,1.015,1.018,25983568.0,26426366.0
2023-03-01 13:15:00,1.018,1.021,1.017,1.019,40748480.0,41530310.0
2023-03-01 13:30:00,1.019,1.02,1.017,1.018,16365700.0,16670162.0
2023-03-01 13:45:00,1.018,1.018,1.016,1.018,10621500.0,10805833.0
2023-03-01 14:00:00,1.018,1.018,1.015,1.015,16155980.0,16420457.0
2023-03-01 14:15:00,1.015,1.017,1.014,1.015,25955644.0,26357668.0
2023-03-01 14:30:00,1.016,1.016,1.015,1.015,14358510.0,14575664.0
2023-03-01 14:45:00,1.016,1.017,1.015,1.017,26093296.0,26504776.0
2023-03-01 15:00:00,1.017,1.018,1.016,1.018,45329720.0,46103770.0
2023-03-02 09:45:00,1.02,1.02,1.015,1.016,25453431.0,25882285.0
2023-03-02 10:00:00,1.016,1.02,1.016,1.019,23389964.0,23809820.0
2023-03-02 10:15:00,1.018,1.021,1.016,1.017,44339836.0,45184172.0
2023-03-02 10:30:00,1.017,1.018,1.015,1.015,30225498.0,30714578.0
2023-03-02 10:45:00,1.015,1.016,1.013,1.014,21944972.0,22263388.0
2023-03-02 11:00:00,1.014,1.015,1.013,1.015,14391311.0,14592673.0
2023-03-02 11:15:00,1.015,1.015,1.014,1.015,2489340.0,2525789.0
2023-03-02 11:30:00,1.015,1.017,1.013,1.017,11327241.0,11495558.0
2023-03-02 13:15:00,1.016,1.017,1.015,1.015,10765470.0,10935645.0
2023-03-02 13:30:00,1.015,1.016,1.013,1.014,26728200.0,27125732.0
2023-03-02 13:45:00,1.014,1.016,1.014,1.014,8254300.0,8376846.0
2023-03-02 14:00:00,1.014,1.016,1.014,1.016,6676336.0,6774490.0
2023-03-02 14:15:00,1.016,1.016,1.014,1.014,10457977.0,10614179.0
2023-03-02 14:30:00,1.014,1.015,1.013,1.014,21913908.0,22216120.0
2023-03-02 14:45:00,1.014,1.014,1.012,1.012,15817489.0,16020525.0
2023-03-02 15:00:00,1.013,1.014,1.012,1.012,17953438.0,18178522.0
2023-03-03 09:45:00,1.018,1.025,1.017,1.025,100223710.0,102465449.0
2023-03-03 10:00:00,1.024,1.025,1.021,1.022,35550644.0,36360076.0
2023-03-03 10:15:00,1.022,1.024,1.02,1.022,34446228.0,35208464.0
2023-03-03 10:30:00,1.022,1.022,1.017,1.019,27258676.0,27788468.0
2023-03-03 10:45:00,1.019,1.019,1.015,1.015,16115045.0,16386320.0
2023-03-03 11:00:00,1.015,1.017,1.014,1.016,15931306.0,16178399.0
2023-03-03 11:15:00,1.016,1.018,1.015,1.018,8102338.0,8232708.0
2023-03-03 11:30:00,1.017,1.019,1.017,1.019,13719894.0,13967541.0
2023-03-03 13:15:00,1.019,1.019,1.017,1.019,23469276.0,23902680.0
2023-03-03 13:30:00,1.019,1.023,1.019,1.021,29243332.0,29858244.0
2023-03-03 13:45:00,1.021,1.023,1.02,1.022,21101600.0,21558968.0
2023-03-03 14:00:00,1.021,1.023,1.019,1.02,17155728.0,17518416.0
2023-03-03 14:15:00,1.02,1.023,1.019,1.022,9414733.0,9618351.0
2023-03-03 14:30:00,1.023,1.023,1.022,1.023,10866100.0,11107965.0
2023-03-03 14:45:00,1.023,1.023,1.021,1.022,31894054.0,32597214.0
2023-03-03 15:00:00,1.023,1.024,1.022,1.024,30190360.0,30872728.0
2023-03-06 09:45:00,1.024,1.025,1.017,1.019,37507854.0,38246198.0
2023-03-06 10:00:00,1.019,1.022,1.018,1.019,16755377.0,17087554.0
2023-03-06 10:15:00,1.019,1.019,1.016,1.018,23957400.0,24376364.0
2023-03-06 10:30:00,1.019,1.019,1.016,1.018,23106140.0,23497152.0
2023-03-06 10:45:00,1.018,1.02,1.016,1.02,15029093.0,15298385.0
2023-03-06 11:00:00,1.019,1.023,1.018,1.023,18194758.0,18580596.0
2023-03-06 11:15:00,1.023,1.027,1.021,1.025,23847540.0,24420768.0
2023-03-06 11:30:00,1.025,1.029,1.024,1.029,34599360.0,35538130.0
2023-03-06 13:15:00,1.029,1.033,1.028,1.032,46124870.0,47524176.0
2023-03-06 13:30:00,1.032,1.035,1.032,1.033,38103040.0,39372500.0
2023-03-06 13:45:00,1.034,1.034,1.031,1.032,25928000.0,26758268.0
2023-03-06 14:00:00,1.033,1.035,1.032,1.034,40952000.0,42324116.0
2023-03-06 14:15:00,1.034,1.034,1.032,1.033,15342949.0,15850452.0
2023-03-06 14:30:00,1.034,1.034,1.03,1.031,11573897.0,11939864.0
2023-03-06 14:45:00,1.031,1.032,1.03,1.032,14630018.0,15083958.0
2023-03-06 15:00:00,1.032,1.033,1.03,1.031,69478750.0,71740530.0
2023-03-07 09:45:00,1.03,1.032,1.027,1.027,41695484.0,42925277.0
2023-03-07 10:00:00,1.027,1.032,1.027,1.029,38060570.0,39167880.0
2023-03-07 10:15:00,1.029,1.03,1.028,1.028,26038468.0,26796480.0
2023-03-07 10:30:00,1.029,1.029,1.026,1.028,20076718.0,20627414.0
2023-03-07 10:45:00,1.027,1.03,1.027,1.029,11626139.0,11960573.0
2023-03-07 11:00:00,1.028,1.029,1.025,1.027,14922070.0,15330051.0
2023-03-07 11:15:00,1.027,1.027,1.023,1.024,21528800.0,22069328.0
2023-03-07 11:30:00,1.025,1.028,1.024,1.027,28941540.0,29702236.0
2023-03-07 13:15:00,1.027,1.029,1.024,1.027,22182152.0,22766274.0
2023-03-07 13:30:00,1.026,1.027,1.023,1.024,18888096.0,19362388.0
2023-03-07 13:45:00,1.023,1.025,1.023,1.024,14039005.0,14374561.0
2023-03-07 14:00:00,1.024,1.024,1.02,1.022,31962904.0,32663616.0
2023-03-07 14:15:00,1.022,1.023,1.017,1.017,36831664.0,37559350.0
2023-03-07 14:30:00,1.017,1.019,1.015,1.016,22082952.0,22462156.0
2023-03-07 14:45:00,1.016,1.018,1.015,1.016,21896116.0,22256892.0
2023-03-07 15:00:00,1.017,1.017,1.014,1.015,23561172.0,23905844.0
2023-03-08 09:45:00,1.012,1.018,1.011,1.017,24803126.0,25177868.0
2023-03-08 10:00:00,1.016,1.017,1.013,1.015,22884246.0,23234572.0
2023-03-08 10:15:00,1.015,1.018,1.012,1.017,23462316.0,23823984.0
2023-03-08 10:30:00,1.017,1.021,1.016,1.019,16263648.0,16565291.0
2023-03-08 10:45:00,1.019,1.019,1.014,1.014,25079968.0,25499700.0
2023-03-08 11:00:00,1.014,1.016,1.013,1.013,7325800.0,7431698.0
2023-03-08 11:15:00,1.014,1.015,1.012,1.014,13008069.0,13177222.0
2023-03-08 11:30:00,1.014,1.015,1.013,1.014,13390408.0,13583180.0
2023-03-08 13:15:00,1.014,1.017,1.013,1.014,20043570.0,20349364.0
2023-03-08 13:30:00,1.014,1.017,1.013,1.016,23667228.0,24019964.0
2023-03-08 13:45:00,1.016,1.017,1.015,1.016,11814274.0,12004566.0
2023-03-08 14:00:00,1.016,1.016,1.013,1.014,10280826.0,10429961.0
2023-03-08 14:15:00,1.014,1.015,1.013,1.014,23156504.0,23471572.0
2023-03-08 14:30:00,1.014,1.016,1.013,1.016,22827300.0,23164064.0
2023-03-08 14:45:00,1.016,1.019,1.015,1.017,25393128.0,25834652.0
2023-03-08 15:00:00,1.018,1.018,1.016,1.017,20611486.0,20961670.0
2023-03-09 09:45:00,1.018,1.022,1.015,1.016,32321040.0,32928509.0
2023-03-09 10:00:00,1.016,1.025,1.016,1.025,66011972.0,67383240.0
2023-03-09 10:15:00,1.025,1.026,1.021,1.022,40443000.0,41403650.0
2023-03-09 10:30:00,1.022,1.025,1.021,1.024,27099052.0,27722776.0
2023-03-09 10:45:00,1.024,1.025,1.022,1.024,13705835.0,14029275.0
2023-03-09 11:00:00,1.024,1.024,1.021,1.021,11099165.0,11343042.0
2023-03-09 11:15:00,1.022,1.022,1.018,1.019,20662476.0,21085272.0
2023-03-09 11:30:00,1.018,1.024,1.018,1.023,15603857.0,15935874.0
2023-03-09 13:15:00,1.024,1.024,1.022,1.023,12448808.0,12736454.0
2023-03-09 13:30:00,1.023,1.024,1.021,1.022,10066500.0,10293695.0
2023-03-09 13:45:00,1.023,1.023,1.022,1.023,3126698.0,3197127.0
2023-03-09 14:00:00,1.023,1.026,1.023,1.024,38989976.0,39926212.0
2023-03-09 14:15:00,1.024,1.025,1.022,1.024,16390200.0,16771469.0
2023-03-09 14:30:00,1.024,1.026,1.023,1.024,18952624.0,19415948.0
2023-03-09 14:45:00,1.024,1.025,1.022,1.023,13202400.0,13510566.0
2023-03-09 15:00:00,1.023,1.024,1.022,1.023,15621675.0,15978710.0
2023-03-10 09:45:00,1.016,1.02,1.014,1.016,52467270.0,53318914.0
2023-03-10 10:00:00,1.016,1.017,1.011,1.013,35159310.0,35632920.0
2023-03-10 10:15:00,1.013,1.016,1.012,1.014,27219716.0,27606680.0
2023-03-10 10:30:00,1.013,1.022,1.012,1.02,36926492.0,37605396.0
2023-03-10 10:45:00,1.021,1.023,1.017,1.022,23688612.0,24178068.0
2023-03-10 11:00:00,1.021,1.026,1.02,1.025,24788280.0,25372848.0
2023-03-10 11:15:00,1.026,1.026,1.021,1.021,16307969.0,16679551.0
2023-03-10 11:30:00,1.022,1.022,1.019,1.02,8751218.0,8925102.0
2023-03-10 13:15:00,1.019,1.023,1.019,1.02,7888218.0,8048603.0
2023-03-10 13:30:00,1.019,1.022,1.019,1.021,8732218.0,8916165.0
2023-03-10 13:45:00,1.022,1.022,1.019,1.022,6837682.0,6979291.0
2023-03-10 14:00:00,1.022,1.024,1.021,1.022,5018293.0,5131263.0
2023-03-10 14:15:00,1.022,1.022,1.02,1.021,8099821.0,8268920.0
2023-03-10 14:30:00,1.021,1.021,1.019,1.02,5110373.0,5211443.0
2023-03-10 14:45:00,1.02,1.02,1.016,1.017,13914913.0,14162072.0
2023-03-10 15:00:00,1.017,1.018,1.016,1.016,22666712.0,23046114.0
2023-03-13 09:45:00,1.016,1.021,1.014,1.02,31275432.0,31783972.0
2023-03-13 10:00:00,1.02,1.02,1.013,1.014,27674524.0,28133700.0
2023-03-13 10:15:00,1.014,1.018,1.012,1.014,30686520.0,31148400.0
2023-03-13 10:30:00,1.015,1.016,1.013,1.016,14222032.0,14427127.0
2023-03-13 10:45:00,1.016,1.019,1.013,1.019,11150153.0,11324842.0
2023-03-13 11:00:00,1.018,1.019,1.015,1.016,11009784.0,11195504.0
2023-03-13 11:15:00,1.015,1.017,1.014,1.015,8314304.0,8438439.0
2023-03-13 11:30:00,1.016,1.019,1.013,1.017,18877224.0,19175044.0
2023-03-13 13:15:00,1.018,1.019,1.016,1.018,8588854.0,8739484.0
2023-03-13 13:30:00,1.017,1.018,1.016,1.017,6254600.0,6361607.0
2023-03-13 13:45:00,1.016,1.017,1.015,1.017,17536000.0,17816386.0
2023-03-13 14:00:00,1.017,1.017,1.014,1.016,18231500.0,18504140.0
2023-03-13 14:15:00,1.016,1.019,1.016,1.019,13085866.0,13311389.0
2023-03-13 14:30:00,1.019,1.02,1.017,1.019,48124404.0,49027504.0
2023-03-13 14:45:00,1.019,1.019,1.017,1.018,11517159.0,11726619.0
2023-03-13 15:00:00,1.019,1.022,1.018,1.021,20240386.0,20652264.0
2023-03-14 09:45:00,1.019,1.02,1.014,1.016,30652712.0,31161253.0
2023-03-14 10:00:00,1.016,1.022,1.016,1.02,42442588.0,43234428.0
2023-03-14 10:15:00,1.02,1.02,1.016,1.019,25022866.0,25470784.0
2023-03-14 10:30:00,1.018,1.021,1.016,1.02,19177810.0,19539856.0
2023-03-14 10:45:00,1.019,1.019,1.015,1.016,11587294.0,11780230.0
2023-03-14 11:00:00,1.016,1.017,1.014,1.014,10890290.0,11054858.0
2023-03-14 11:15:00,1.015,1.015,1.01,1.014,39303376.0,39805560.0
2023-03-14 11:30:00,1.014,1.019,1.014,1.018,23939980.0,24347268.0
2023-03-14 13:15:00,1.019,1.024,1.017,1.023,38241800.0,39030004.0
2023-03-14 13:30:00,1.023,1.025,1.021,1.024,22274988.0,22791962.0
2023-03-14 13:45:00,1.023,1.026,1.022,1.025,33794548.0,34622684.0
2023-03-14 14:00:00,1.025,1.028,1.024,1.027,52472564.0,53845830.0
2023-03-14 14:15:00,1.027,1.039,1.027,1.037,73411600.0,75864190.0
2023-03-14 14:30:00,1.036,1.039,1.035,1.038,50031464.0,51867616.0
2023-03-14 14:45:00,1.039,1.039,1.034,1.036,42494480.0,44022830.0
2023-03-14 15:00:00,1.036,1.036,1.034,1.034,23706488.0,24545396.0
2023-03-15 09:45:00,1.035,1.045,1.034,1.045,97410464.0,101369383.0
2023-03-15 10:00:00,1.044,1.046,1.041,1.045,86669500.0,90487736.0
2023-03-15 10:15:00,1.045,1.045,1.039,1.04,44289160.0,46105896.0
2023-03-15 10:30:00,1.04,1.041,1.038,1.041,18775032.0,19514116.0
2023-03-15 10:45:00,1.041,1.041,1.037,1.037,22437874.0,23303398.0
2023-03-15 11:00:00,1.037,1.038,1.035,1.035,25942900.0,26891520.0
2023-03-15 11:15:00,1.035,1.037,1.034,1.034,14264000.0,14767601.0
2023-03-15 11:30:00,1.034,1.035,1.033,1.034,15325635.0,15846798.0
2023-03-15 13:15:00,1.034,1.035,1.033,1.034,7814100.0,8079099.0
2023-03-15 13:30:00,1.034,1.034,1.03,1.031,21949000.0,22646794.0
2023-03-15 13:45:00,1.031,1.031,1.028,1.031,15733343.0,16196745.0
2023-03-15 14:00:00,1.031,1.031,1.029,1.031,10267915.0,10574660.0
2023-03-15 14:15:00,1.03,1.031,1.028,1.03,12814700.0,13188519.0
2023-03-15 14:30:00,1.03,1.032,1.029,1.029,19188600.0,19768476.0
2023-03-15 14:45:00,1.03,1.031,1.028,1.029,16462427.0,16944012.0
2023-03-15 15:00:00,1.029,1.03,1.028,1.029,24715966.0,25432204.0
2023-03-16 09:45:00,1.024,1.032,1.022,1.025,68835310.0,70739042.0
2023-03-16 10:00:00,1.025,1.028,1.023,1.024,27924542.0,28630944.0
2023-03-16 10:15:00,1.025,1.027,1.022,1.025,29769800.0,30479104.0
2023-03-16 10:30:00,1.024,1.031,1.024,1.028,25630168.0,26353860.0
2023-03-16 10:45:00,1.027,1.03,1.027,1.029,28914800.0,29738476.0
2023-03-16 11:00:00,1.029,1.029,1.024,1.025,17882400.0,18345916.0
2023-03-16 11:15:00,1.025,1.027,1.023,1.024,18802768.0,19270416.0
2023-03-16 11:30:00,1.023,1.025,1.022,1.023,21348378.0,21849276.0
2023-03-16 13:15:00,1.023,1.023,1.021,1.023,24644570.0,25187260.0
2023-03-16 13:30:00,1.023,1.023,1.019,1.02,26817048.0,27368880.0
2023-03-16 13:45:00,1.02,1.021,1.018,1.02,21082806.0,21493784.0
2023-03-16 14:00:00,1.02,1.02,1.015,1.015,25695946.0,26149950.0
2023-03-16 14:15:00,1.016,1.018,1.014,1.017,28311700.0,28758652.0
2023-03-16 14:30:00,1.017,1.017,1.012,1.014,32261296.0,32713328.0
2023-03-16 14:45:00,1.014,1.019,1.014,1.015,24320046.0,24700648.0
2023-03-16 15:00:00,1.015,1.016,1.013,1.014,15875027.0,16099939.0
2023-03-17 09:45:00,1.019,1.026,1.017,1.024,74521331.0,76091704.0
2023-03-17 10:00:00,1.023,1.025,1.02,1.022,41830732.0,42795344.0
2023-03-17 10:15:00,1.022,1.025,1.022,1.024,50618572.0,51823236.0
2023-03-17 10:30:00,1.024,1.026,1.023,1.025,29294376.0,30009244.0
2023-03-17 10:45:00,1.024,1.025,1.021,1.023,28592016.0,29253956.0
2023-03-17 11:00:00,1.023,1.026,1.022,1.025,29303936.0,30031304.0
2023-03-17 11:15:00,1.025,1.036,1.024,1.034,88769190.0,91402910.0
2023-03-17 11:30:00,1.034,1.04,1.033,1.039,64320464.0,66666580.0
2023-03-17 13:15:00,1.039,1.042,1.034,1.034,61044896.0,63392200.0
2023-03-17 13:30:00,1.034,1.038,1.034,1.035,12315780.0,12760797.0
2023-03-17 13:45:00,1.035,1.037,1.034,1.037,14773470.0,15306979.0
2023-03-17 14:00:00,1.037,1.041,1.037,1.04,26315394.0,27352648.0
2023-03-17 14:15:00,1.039,1.04,1.035,1.036,13269228.0,13756185.0
2023-03-17 14:30:00,1.036,1.036,1.032,1.032,14684775.0,15184028.0
2023-03-17 14:45:00,1.033,1.034,1.031,1.033,12148622.0,12541380.0
2023-03-17 15:00:00,1.033,1.037,1.033,1.037,26873566.0,27821196.0
2023-03-20 09:45:00,1.037,1.045,1.033,1.039,62645640.0,65087879.0
2023-03-20 10:00:00,1.04,1.041,1.036,1.04,43442700.0,45105090.0
2023-03-20 10:15:00,1.04,1.054,1.04,1.05,115404350.0,120928184.0
2023-03-20 10:30:00,1.05,1.056,1.049,1.054,76554720.0,80598410.0
2023-03-20 10:45:00,1.053,1.055,1.05,1.054,52407336.0,55156624.0
2023-03-20 11:00:00,1.054,1.055,1.052,1.053,30867456.0,32515744.0
2023-03-20 11:15:00,1.053,1.056,1.052,1.055,24800644.0,26144768.0
2023-03-20 11:30:00,1.054,1.055,1.048,1.051,22429616.0,23588488.0
2023-03-20 13:15:00,1.051,1.051,1.047,1.05,13663454.0,14330206.0
2023-03-20 13:30:00,1.05,1.052,1.049,1.05,12090105.0,12695173.0
2023-03-20 13:45:00,1.051,1.053,1.049,1.05,15751444.0,16553549.0
2023-03-20 14:00:00,1.05,1.051,1.047,1.048,28488380.0,29868252.0
2023-03-20 14:15:00,1.049,1.05,1.045,1.045,18009688.0,18851360.0
2023-03-20 14:30:00,1.046,1.048,1.045,1.048,8362172.0,8746222.0
2023-03-20 14:45:00,1.048,1.048,1.045,1.047,8618968.0,9020139.0
2023-03-20 15:00:00,1.046,1.049,1.046,1.047,45941484.0,48132504.0
2023-03-21 09:45:00,1.047,1.048,1.043,1.046,43898292.0,45875774.0
2023-03-21 10:00:00,1.046,1.05,1.045,1.047,40305292.0,42229584.0
2023-03-21 10:15:00,1.048,1.049,1.045,1.046,31296476.0,32768244.0
2023-03-21 10:30:00,1.045,1.049,1.044,1.045,21093760.0,22072260.0
2023-03-21 10:45:00,1.045,1.046,1.044,1.044,17884024.0,18683212.0
2023-03-21 11:00:00,1.044,1.046,1.043,1.045,9038775.0,9445328.0
2023-03-21 11:15:00,1.045,1.045,1.042,1.043,12022267.0,12543843.0
2023-03-21 11:30:00,1.044,1.046,1.042,1.045,9932575.0,10367450.0
2023-03-21 13:15:00,1.046,1.05,1.045,1.046,16152602.0,16916444.0
2023-03-21 13:30:00,1.046,1.048,1.045,1.046,9494127.0,9935831.0
2023-03-21 13:45:00,1.047,1.048,1.045,1.047,9207800.0,9635928.0
2023-03-21 14:00:00,1.046,1.047,1.042,1.044,14920800.0,15579844.0
2023-03-21 14:15:00,1.044,1.047,1.043,1.047,6435650.0,6725954.0
2023-03-21 14:30:00,1.047,1.048,1.046,1.048,8625800.0,9028733.0
2023-03-21 14:45:00,1.048,1.05,1.046,1.05,14869053.0,15579631.0
2023-03-21 15:00:00,1.05,1.051,1.048,1.051,30244012.0,31740516.0
2023-03-22 09:45:00,1.053,1.055,1.049,1.053,40351270.0,42448695.0
2023-03-22 10:00:00,1.053,1.054,1.049,1.054,42807240.0,45014508.0
2023-03-22 10:15:00,1.055,1.06,1.052,1.058,52434748.0,55359296.0
2023-03-22 10:30:00,1.058,1.06,1.055,1.056,30100204.0,31815730.0
2023-03-22 10:45:00,1.056,1.059,1.055,1.055,20938124.0,22129280.0
2023-03-22 11:00:00,1.056,1.058,1.054,1.058,16324437.0,17234372.0
2023-03-22 11:15:00,1.057,1.058,1.054,1.056,26087956.0,27554506.0
2023-03-22 11:30:00,1.056,1.057,1.054,1.054,12248724.0,12928033.0
2023-03-22 13:15:00,1.055,1.056,1.052,1.053,16229133.0,17102200.0
2023-03-22 13:30:00,1.053,1.053,1.05,1.05,7612200.0,7999665.0
2023-03-22 13:45:00,1.05,1.053,1.05,1.052,7056319.0,7416055.0
2023-03-22 14:00:00,1.051,1.053,1.05,1.052,7374009.0,7753336.0
2023-03-22 14:15:00,1.051,1.053,1.05,1.052,7957532.0,8363375.0
2023-03-22 14:30:00,1.052,1.055,1.052,1.054,12028348.0,12671581.0
2023-03-22 14:45:00,1.054,1.055,1.053,1.055,20458464.0,21568130.0
2023-03-22 15:00:00,1.054,1.055,1.053,1.053,17646696.0,18601018.0
2023-03-23 09:45:00,1.051,1.069,1.049,1.066,118491870.0,125879784.0
2023-03-23 10:00:00,1.066,1.072,1.064,1.064,83408650.0,89096540.0
2023-03-23 10:15:00,1.063,1.066,1.061,1.064,23159580.0,24619828.0
2023-03-23 10:30:00,1.064,1.068,1.063,1.067,21551442.0,22970198.0
2023-03-23 10:45:00,1.068,1.07,1.066,1.067,72101520.0,77039660.0
2023-03-23 11:00:00,1.068,1.071,1.067,1.068,37593324.0,40189852.0
2023-03-23 11:15:00,1.069,1.069,1.066,1.067,22886436.0,24426532.0
2023-03-23 11:30:00,1.067,1.068,1.066,1.066,16070922.0,17142612.0
2023-03-23 13:15:00,1.066,1.073,1.066,1.072,62225984.0,66607370.0
2023-03-23 13:30:00,1.072,1.075,1.072,1.074,57687508.0,61941990.0
2023-03-23 13:45:00,1.074,1.079,1.074,1.076,52334692.0,56329708.0
2023-03-23 14:00:00,1.077,1.078,1.073,1.073,55821012.0,60030668.0
2023-03-23 14:15:00,1.074,1.078,1.073,1.078,29189084.0,31408208.0
2023-03-23 14:30:00,1.078,1.08,1.077,1.078,44325976.0,47810920.0
2023-03-23 14:45:00,1.078,1.08,1.078,1.078,22576068.0,24353140.0
2023-03-23 15:00:00,1.079,1.08,1.078,1.079,30906032.0,33346832.0
2023-03-24 09:45:00,1.079,1.083,1.076,1.08,75046377.0,81036033.0
2023-03-24 10:00:00,1.08,1.082,1.079,1.08,54225560.0,58595340.0
2023-03-24 10:15:00,1.08,1.082,1.078,1.079,46225516.0,49943948.0
2023-03-24 10:30:00,1.079,1.08,1.078,1.079,14559473.0,15704910.0
2023-03-24 10:45:00,1.08,1.08,1.075,1.075,32565070.0,35070270.0
2023-03-24 11:00:00,1.075,1.077,1.071,1.073,80146720.0,86044616.0
2023-03-24 11:15:00,1.073,1.076,1.072,1.074,35621360.0,38243496.0
2023-03-24 11:30:00,1.075,1.083,1.074,1.083,24558612.0,26499686.0
2023-03-24 13:15:00,1.084,1.085,1.08,1.081,40857960.0,44251270.0
2023-03-24 13:30:00,1.081,1.082,1.079,1.082,10830376.0,11696789.0
2023-03-24 13:45:00,1.082,1.085,1.08,1.083,12196741.0,13205221.0
2023-03-24 14:00:00,1.082,1.085,1.081,1.081,32512368.0,35221210.0
2023-03-24 14:15:00,1.081,1.082,1.079,1.082,51873680.0,56050948.0
2023-03-24 14:30:00,1.083,1.083,1.081,1.083,38397444.0,41540196.0
2023-03-24 14:45:00,1.082,1.084,1.081,1.083,15399524.0,16667008.0
2023-03-24 15:00:00,1.083,1.088,1.082,1.086,35624120.0,38624350.0
2023-03-27 09:45:00,1.083,1.089,1.076,1.088,71173082.0,77064086.0
2023-03-27 10:00:00,1.088,1.093,1.087,1.089,86090870.0,93863070.0
2023-03-27 10:15:00,1.089,1.092,1.086,1.089,34678764.0,37772360.0
2023-03-27 10:30:00,1.089,1.09,1.084,1.085,29719392.0,32296940.0
2023-03-27 10:45:00,1.085,1.086,1.081,1.082,24633388.0,26701332.0
2023-03-27 11:00:00,1.082,1.083,1.074,1.076,51457136.0,55386932.0
2023-03-27 11:15:00,1.076,1.077,1.072,1.074,31342018.0,33675270.0
2023-03-27 11:30:00,1.074,1.074,1.067,1.069,32303000.0,34563004.0
2023-03-27 13:15:00,1.07,1.074,1.068,1.074,19486614.0,20858604.0
2023-03-27 13:30:00,1.074,1.078,1.073,1.075,15886054.0,17093862.0
2023-03-27 13:45:00,1.075,1.079,1.074,1.078,17671352.0,19023260.0
2023-03-27 14:00:00,1.078,1.083,1.078,1.082,10511991.0,11357747.0
2023-03-27 14:15:00,1.082,1.084,1.077,1.079,13855315.0,14969562.0
2023-03-27 14:30:00,1.079,1.082,1.077,1.08,93063860.0,100405096.0
2023-03-27 14:45:00,1.081,1.082,1.077,1.079,19650776.0,21241516.0
2023-03-27 15:00:00,1.08,1.081,1.076,1.078,49382892.0,53335050.0
2023-03-28 09:45:00,1.076,1.087,1.076,1.078,75978336.0,82285408.0
2023-03-28 10:00:00,1.079,1.079,1.071,1.072,108663760.0,116765360.0
2023-03-28 10:15:00,1.072,1.075,1.07,1.072,51323000.0,55030548.0
2023-03-28 10:30:00,1.072,1.076,1.07,1.074,53040484.0,56883736.0
2023-03-28 10:45:00,1.074,1.075,1.07,1.07,15343400.0,16450680.0
2023-03-28 11:00:00,1.07,1.071,1.068,1.068,59805256.0,63991788.0
2023-03-28 11:15:00,1.068,1.072,1.068,1.072,9705298.0,10378339.0
2023-03-28 11:30:00,1.072,1.074,1.07,1.072,5564075.0,5965036.0
2023-03-28 13:15:00,1.072,1.078,1.071,1.077,10239034.0,11001385.0
2023-03-28 13:30:00,1.076,1.077,1.071,1.072,8805655.0,9452910.0
2023-03-28 13:45:00,1.073,1.073,1.071,1.072,4786935.0,5129534.0
2023-03-28 14:00:00,1.071,1.072,1.069,1.07,16487310.0,17639160.0
2023-03-28 14:15:00,1.07,1.07,1.064,1.065,29682726.0,31676130.0
2023-03-28 14:30:00,1.065,1.065,1.061,1.064,19397412.0,20624832.0
2023-03-28 14:45:00,1.064,1.064,1.06,1.06,20883028.0,22162102.0
2023-03-28 15:00:00,1.061,1.063,1.058,1.059,35644900.0,37784372.0
2023-03-29 09:45:00,1.06,1.064,1.057,1.064,48063628.0,50967723.0
2023-03-29 10:00:00,1.063,1.068,1.061,1.065,54578160.0,58138064.0
2023-03-29 10:15:00,1.065,1.066,1.058,1.061,37148930.0,39446400.0
2023-03-29 10:30:00,1.061,1.066,1.058,1.066,31177692.0,33082856.0
2023-03-29 10:45:00,1.066,1.072,1.065,1.07,62038356.0,66340096.0
2023-03-29 11:00:00,1.07,1.075,1.069,1.072,66918604.0,71772540.0
2023-03-29 11:15:00,1.073,1.081,1.072,1.078,41531970.0,44729550.0
2023-03-29 11:30:00,1.078,1.083,1.077,1.083,23754672.0,25651152.0
2023-03-29 13:15:00,1.084,1.091,1.084,1.088,56603220.0,61581100.0
2023-03-29 13:30:00,1.088,1.092,1.085,1.09,52298830.0,56983372.0
2023-03-29 13:45:00,1.09,1.098,1.088,1.097,56582950.0,61871096.0
2023-03-29 14:00:00,1.097,1.098,1.091,1.091,25551550.0,27993746.0
2023-03-29 14:15:00,1.091,1.094,1.089,1.09,16468956.0,17979058.0
2023-03-29 14:30:00,1.09,1.092,1.086,1.087,27600768.0,30065170.0
2023-03-29 14:45:00,1.087,1.089,1.083,1.083,25364862.0,27520392.0
2023-03-29 15:00:00,1.084,1.085,1.08,1.084,24694732.0,26701846.0
2023-03-30 09:45:00,1.085,1.089,1.078,1.08,64776183.0,70129839.0
2023-03-30 10:00:00,1.081,1.088,1.079,1.084,49125896.0,53248890.0
2023-03-30 10:15:00,1.085,1.09,1.083,1.085,33709970.0,36586424.0
2023-03-30 10:30:00,1.085,1.088,1.082,1.084,28337838.0,30745836.0
2023-03-30 10:45:00,1.084,1.085,1.078,1.082,21333442.0,23054186.0
2023-03-30 11:00:00,1.081,1.082,1.075,1.076,31514106.0,33962916.0
2023-03-30 11:15:00,1.075,1.081,1.075,1.08,15817480.0,17041732.0
2023-03-30 11:30:00,1.08,1.087,1.079,1.086,15314670.0,16577816.0
2023-03-30 13:15:00,1.087,1.087,1.083,1.085,17404512.0,18882544.0
2023-03-30 13:30:00,1.085,1.091,1.085,1.089,25787304.0,28067108.0
2023-03-30 13:45:00,1.089,1.091,1.087,1.089,18323794.0,19961204.0
2023-03-30 14:00:00,1.089,1.091,1.088,1.089,9829428.0,10707911.0
2023-03-30 14:15:00,1.088,1.088,1.083,1.084,15547822.0,16869140.0
2023-03-30 14:30:00,1.084,1.085,1.081,1.083,12863520.0,13930119.0
2023-03-30 14:45:00,1.082,1.086,1.082,1.085,12774559.0,13841371.0
2023-03-30 15:00:00,1.085,1.089,1.084,1.089,20433120.0,22207764.0
2023-03-31 09:45:00,1.087,1.089,1.082,1.088,34731090.0,37730302.0
2023-03-31 10:00:00,1.088,1.092,1.086,1.09,51536624.0,56081332.0
2023-03-31 10:15:00,1.09,1.094,1.09,1.093,45984020.0,50208630.0
2023-03-31 10:30:00,1.092,1.094,1.088,1.089,35139950.0,38330120.0
2023-03-31 10:45:00,1.09,1.09,1.083,1.084,22614180.0,24568490.0
2023-03-31 11:00:00,1.084,1.087,1.083,1.084,10260410.0,11135010.0
2023-03-31 11:15:00,1.085,1.089,1.084,1.085,10006051.0,10870283.0
2023-03-31 11:30:00,1.085,1.091,1.084,1.091,10430624.0,11350470.0
2023-03-31 13:15:00,1.09,1.096,1.09,1.094,31591980.0,34539948.0
2023-03-31 13:30:00,1.094,1.095,1.092,1.095,15207979.0,16643568.0
2023-03-31 13:45:00,1.095,1.1,1.094,1.097,55838356.0,61299350.0
2023-03-31 14:00:00,1.097,1.101,1.094,1.1,19678612.0,21602502.0
2023-03-31 14:15:00,1.101,1.104,1.098,1.102,35134384.0,38678150.0
2023-03-31 14:30:00,1.102,1.105,1.101,1.103,45498360.0,50200056.0
2023-03-31 14:45:00,1.103,1.104,1.099,1.102,27737480.0,30559324.0
2023-03-31 15:00:00,1.103,1.106,1.102,1.104,21332728.0,23557416.0
2023-04-03 09:45:00,1.107,1.125,1.107,1.124,139666718.0,156088740.0
2023-04-03 10:00:00,1.125,1.13,1.122,1.127,69782270.0,78575250.0
2023-04-03 10:15:00,1.127,1.133,1.123,1.126,92685290.0,104423784.0
2023-04-03 10:30:00,1.125,1.132,1.125,1.132,55055816.0,62121750.0
2023-04-03 10:45:00,1.132,1.133,1.12,1.12,37582480.0,42272540.0
2023-04-03 11:00:00,1.12,1.126,1.119,1.125,26609832.0,29873612.0
2023-04-03 11:15:00,1.125,1.132,1.124,1.13,26977674.0,30447704.0
2023-04-03 11:30:00,1.131,1.135,1.129,1.134,27553792.0,31201876.0
2023-04-03 13:15:00,1.134,1.136,1.132,1.133,29332138.0,33278928.0
2023-04-03 13:30:00,1.134,1.144,1.133,1.143,39191892.0,44577840.0
2023-04-03 13:45:00,1.144,1.144,1.138,1.138,28228232.0,32219206.0
2023-04-03 14:00:00,1.138,1.141,1.136,1.14,14961065.0,17040576.0
2023-04-03 14:15:00,1.141,1.142,1.138,1.142,16662171.0,19004416.0
2023-04-03 14:30:00,1.141,1.144,1.14,1.144,33540388.0,38321200.0
2023-04-03 14:45:00,1.145,1.147,1.144,1.146,44203960.0,50631456.0
2023-04-03 15:00:00,1.148,1.15,1.146,1.148,39613810.0,45474636.0
2023-04-04 09:45:00,1.149,1.149,1.141,1.143,73685400.0,84412676.0
2023-04-04 10:00:00,1.143,1.154,1.141,1.154,72486264.0,83166270.0
2023-04-04 10:15:00,1.154,1.167,1.151,1.166,96246650.0,111493190.0
2023-04-04 10:30:00,1.166,1.17,1.164,1.169,60919096.0,71099370.0
2023-04-04 10:45:00,1.169,1.172,1.154,1.154,48612704.0,56619184.0
2023-04-04 11:00:00,1.154,1.159,1.148,1.155,71945530.0,82974030.0
2023-04-04 11:15:00,1.155,1.163,1.154,1.16,46757090.0,54141310.0
2023-04-04 11:30:00,1.159,1.167,1.159,1.166,28674682.0,33325448.0
2023-04-04 13:15:00,1.166,1.171,1.165,1.168,37575316.0,43896664.0
2023-04-04 13:30:00,1.169,1.169,1.158,1.164,24095432.0,28019352.0
2023-04-04 13:45:00,1.165,1.167,1.157,1.158,19948466.0,23178156.0
2023-04-04 14:00:00,1.159,1.16,1.144,1.148,30746498.0,35367964.0
2023-04-04 14:15:00,1.148,1.149,1.138,1.139,41825684.0,47813744.0
2023-04-04 14:30:00,1.139,1.151,1.139,1.151,38963372.0,44669470.0
2023-04-04 14:45:00,1.151,1.159,1.149,1.154,39491640.0,45602290.0
2023-04-04 15:00:00,1.155,1.155,1.146,1.15,45009756.0,51823620.0
2023-04-06 09:45:00,1.14,1.171,1.14,1.171,153822624.0,178626459.0
2023-04-06 10:00:00,1.171,1.174,1.167,1.173,100148660.0,117180950.0
2023-04-06 10:15:00,1.173,1.179,1.172,1.175,90103550.0,105918220.0
2023-04-06 10:30:00,1.175,1.187,1.174,1.186,90396290.0,106627130.0
2023-04-06 10:45:00,1.186,1.189,1.177,1.178,58273730.0,68939220.0
2023-04-06 11:00:00,1.178,1.183,1.176,1.177,54860344.0,64665700.0
2023-04-06 11:15:00,1.177,1.184,1.175,1.176,40514440.0,47810812.0
2023-04-06 11:30:00,1.175,1.178,1.168,1.176,37421736.0,43882224.0
2023-04-06 13:15:00,1.177,1.183,1.176,1.179,49110150.0,57898770.0
2023-04-06 13:30:00,1.179,1.187,1.177,1.186,65496884.0,77425736.0
2023-04-06 13:45:00,1.187,1.188,1.179,1.179,38345588.0,45419456.0
2023-04-06 14:00:00,1.179,1.179,1.167,1.169,42129732.0,49444920.0
2023-04-06 14:15:00,1.168,1.173,1.165,1.165,59518496.0,69507610.0
2023-04-06 14:30:00,1.164,1.172,1.163,1.171,50122856.0,58549896.0
2023-04-06 14:45:00,1.171,1.178,1.168,1.176,30233934.0,35483310.0
2023-04-06 15:00:00,1.177,1.177,1.17,1.171,25146660.0,29478988.0
2023-04-07 09:45:00,1.17,1.185,1.164,1.181,88251800.0,103514248.0
2023-04-07 10:00:00,1.182,1.182,1.171,1.172,61385310.0,72120630.0
2023-04-07 10:15:00,1.171,1.18,1.171,1.173,46698224.0,54837800.0
2023-04-07 10:30:00,1.173,1.175,1.17,1.174,43637656.0,51178604.0
2023-04-07 10:45:00,1.174,1.178,1.172,1.177,23790920.0,27952676.0
2023-04-07 11:00:00,1.177,1.178,1.173,1.173,17851530.0,20971492.0
2023-04-07 11:15:00,1.172,1.173,1.166,1.172,25358490.0,29644000.0
2023-04-07 11:30:00,1.172,1.178,1.171,1.177,21385922.0,25106024.0
2023-04-07 13:15:00,1.177,1.182,1.176,1.179,39976076.0,47108240.0
2023-04-07 13:30:00,1.179,1.181,1.177,1.18,25490648.0,30048092.0
2023-04-07 13:45:00,1.18,1.186,1.179,1.183,46118196.0,54560770.0
2023-04-07 14:00:00,1.182,1.186,1.181,1.181,23841614.0,28192104.0
2023-04-07 14:15:00,1.181,1.183,1.179,1.179,19389100.0,22905776.0
2023-04-07 14:30:00,1.18,1.183,1.179,1.181,21684192.0,25607172.0
2023-04-07 14:45:00,1.182,1.183,1.179,1.183,28210396.0,33316628.0
2023-04-07 15:00:00,1.184,1.186,1.183,1.185,23109444.0,27372704.0
2023-04-10 09:45:00,1.185,1.19,1.17,1.171,68998675.0,81317699.0
2023-04-10 10:00:00,1.171,1.18,1.168,1.179,53733076.0,63103544.0
2023-04-10 10:15:00,1.178,1.195,1.178,1.192,72450664.0,85984380.0
2023-04-10 10:30:00,1.191,1.193,1.181,1.183,59801136.0,70994450.0
2023-04-10 10:45:00,1.183,1.184,1.175,1.177,20955520.0,24701508.0
2023-04-10 11:00:00,1.178,1.178,1.17,1.17,26193628.0,30696680.0
2023-04-10 11:15:00,1.17,1.171,1.168,1.17,55351310.0,64742628.0
2023-04-10 11:30:00,1.171,1.173,1.166,1.167,21959746.0,25685942.0
2023-04-10 13:15:00,1.167,1.167,1.162,1.163,33011200.0,38423000.0
2023-04-10 13:30:00,1.163,1.165,1.16,1.165,21859584.0,25405696.0
2023-04-10 13:45:00,1.165,1.167,1.157,1.158,23252596.0,26999256.0
2023-04-10 14:00:00,1.157,1.168,1.157,1.167,33128320.0,38546868.0
2023-04-10 14:15:00,1.167,1.167,1.154,1.156,31938472.0,37029560.0
2023-04-10 14:30:00,1.156,1.156,1.15,1.152,31444528.0,36249270.0
2023-04-10 14:45:00,1.153,1.158,1.151,1.158,31945888.0,36921750.0
2023-04-10 15:00:00,1.158,1.158,1.15,1.151,36516540.0,42139440.0
2023-04-11 09:45:00,1.151,1.16,1.15,1.153,87068710.0,100537536.0
2023-04-11 10:00:00,1.153,1.16,1.153,1.16,58751944.0,67907416.0
2023-04-11 10:15:00,1.16,1.161,1.151,1.156,35243800.0,40687972.0
2023-04-11 10:30:00,1.157,1.16,1.154,1.157,35424544.0,40967920.0
2023-04-11 10:45:00,1.157,1.159,1.153,1.157,24150148.0,27913428.0
2023-04-11 11:00:00,1.157,1.159,1.155,1.156,20068524.0,23211112.0
2023-04-11 11:15:00,1.155,1.156,1.146,1.147,25733236.0,29610208.0
2023-04-11 11:30:00,1.147,1.147,1.138,1.141,44191096.0,50449560.0
2023-04-11 13:15:00,1.14,1.14,1.13,1.136,48406136.0,54916252.0
2023-04-11 13:30:00,1.136,1.141,1.135,1.136,24149674.0,27499148.0
2023-04-11 13:45:00,1.136,1.14,1.135,1.137,14241223.0,16207891.0
2023-04-11 14:00:00,1.137,1.139,1.133,1.134,16811404.0,19090648.0
2023-04-11 14:15:00,1.133,1.138,1.133,1.137,16581743.0,18843952.0
2023-04-11 14:30:00,1.138,1.144,1.137,1.14,17587534.0,20060608.0
2023-04-11 14:45:00,1.14,1.14,1.135,1.135,15882186.0,18058936.0
2023-04-11 15:00:00,1.136,1.145,1.135,1.144,16889456.0,19253360.0
2023-04-12 09:45:00,1.14,1.147,1.137,1.147,53784732.0,61377739.0
2023-04-12 10:00:00,1.146,1.152,1.144,1.147,41706350.0,47891616.0
2023-04-12 10:15:00,1.147,1.15,1.143,1.146,36530104.0,41891630.0
2023-04-12 10:30:00,1.146,1.152,1.144,1.152,29741440.0,34145332.0
2023-04-12 10:45:00,1.151,1.155,1.146,1.153,31629024.0,36388220.0
2023-04-12 11:00:00,1.153,1.156,1.151,1.155,24736072.0,28537378.0
2023-04-12 11:15:00,1.155,1.158,1.152,1.155,20059892.0,23174972.0
2023-04-12 11:30:00,1.155,1.161,1.155,1.161,24066876.0,27866414.0
2023-04-12 13:15:00,1.161,1.162,1.156,1.158,24552728.0,28432634.0
2023-04-12 13:30:00,1.159,1.159,1.15,1.151,19580244.0,22607520.0
2023-04-12 13:45:00,1.15,1.156,1.15,1.155,16832900.0,19420628.0
2023-04-12 14:00:00,1.155,1.157,1.151,1.154,10954300.0,12627852.0
2023-04-12 14:15:00,1.154,1.156,1.15,1.155,16221414.0,18689960.0
2023-04-12 14:30:00,1.155,1.155,1.15,1.151,11305959.0,13027068.0
2023-04-12 14:45:00,1.151,1.155,1.15,1.151,11565589.0,13328903.0
2023-04-12 15:00:00,1.152,1.155,1.151,1.153,20689692.0,23826776.0
2023-04-13 09:45:00,1.147,1.148,1.139,1.141,36522336.0,41763079.0
2023-04-13 10:00:00,1.141,1.147,1.138,1.144,30027804.0,34289480.0
2023-04-13 10:15:00,1.144,1.146,1.139,1.142,17192544.0,19633434.0
2023-04-13 10:30:00,1.143,1.144,1.135,1.139,29290878.0,33350620.0
2023-04-13 10:45:00,1.139,1.141,1.135,1.14,30356208.0,34507976.0
2023-04-13 11:00:00,1.139,1.141,1.138,1.139,7736384.0,8816644.0
2023-04-13 11:15:00,1.138,1.144,1.138,1.139,10617566.0,12109049.0
2023-04-13 11:30:00,1.139,1.14,1.136,1.139,5517241.0,6277058.0
2023-04-13 13:15:00,1.139,1.139,1.132,1.132,19985688.0,22686100.0
2023-04-13 13:30:00,1.132,1.134,1.129,1.13,28516306.0,32266840.0
2023-04-13 13:45:00,1.13,1.131,1.126,1.13,32203936.0,36353940.0
2023-04-13 14:00:00,1.13,1.132,1.125,1.129,29715472.0,33527492.0
2023-04-13 14:15:00,1.129,1.129,1.125,1.127,19014400.0,21425106.0
2023-04-13 14:30:00,1.128,1.13,1.126,1.127,12569823.0,14172528.0
2023-04-13 14:45:00,1.127,1.127,1.122,1.123,24123270.0,27119478.0
2023-04-13 15:00:00,1.123,1.126,1.121,1.125,26334286.0,29581400.0
2023-04-14 09:45:00,1.132,1.137,1.13,1.134,70838614.0,80299960.0
2023-04-14 10:00:00,1.134,1.134,1.123,1.124,50978700.0,57499684.0
2023-04-14 10:15:00,1.124,1.129,1.121,1.122,33676388.0,37862324.0
2023-04-14 10:30:00,1.121,1.128,1.118,1.126,35430670.0,39743870.0
2023-04-14 10:45:00,1.126,1.133,1.122,1.132,27803160.0,31334398.0
2023-04-14 11:00:00,1.133,1.141,1.132,1.14,52503470.0,59631500.0
2023-04-14 11:15:00,1.14,1.146,1.137,1.144,35026410.0,40012436.0
2023-04-14 11:30:00,1.142,1.15,1.142,1.149,32899960.0,37702216.0
2023-04-14 13:15:00,1.149,1.157,1.148,1.151,35461516.0,40887130.0
2023-04-14 13:30:00,1.151,1.155,1.148,1.154,14203006.0,16368003.0
2023-04-14 13:45:00,1.153,1.157,1.149,1.156,15616317.0,18010584.0
2023-04-14 14:00:00,1.156,1.159,1.155,1.158,18111434.0,20959808.0
2023-04-14 14:15:00,1.158,1.16,1.154,1.158,14432257.0,16705605.0
2023-04-14 14:30:00,1.158,1.161,1.156,1.156,36439576.0,42201224.0
2023-04-14 14:45:00,1.157,1.158,1.153,1.157,25067082.0,28957334.0
2023-04-14 15:00:00,1.158,1.163,1.157,1.16,31576886.0,36632956.0
2023-04-17 09:45:00,1.159,1.17,1.151,1.165,84437550.0,98167781.0
2023-04-17 10:00:00,1.164,1.175,1.161,1.167,49004944.0,57303150.0
2023-04-17 10:15:00,1.167,1.17,1.161,1.169,22075988.0,25721714.0
2023-04-17 10:30:00,1.169,1.172,1.165,1.167,22164364.0,25899616.0
2023-04-17 10:45:00,1.168,1.168,1.161,1.161,11312962.0,13174313.0
2023-04-17 11:00:00,1.162,1.166,1.16,1.162,9969064.0,11586958.0
2023-04-17 11:15:00,1.162,1.164,1.16,1.161,7720390.0,8970470.0
2023-04-17 11:30:00,1.161,1.165,1.16,1.163,8177770.0,9505595.0
2023-04-17 13:15:00,1.163,1.163,1.158,1.159,14228931.0,16513088.0
2023-04-17 13:30:00,1.16,1.165,1.159,1.164,6192909.0,7204042.0
2023-04-17 13:45:00,1.165,1.165,1.159,1.16,6735631.0,7821870.0
2023-04-17 14:00:00,1.16,1.161,1.158,1.159,14381787.0,16671898.0
2023-04-17 14:15:00,1.16,1.165,1.159,1.165,13423205.0,15582604.0
2023-04-17 14:30:00,1.165,1.165,1.162,1.163,6716440.0,7813562.0
2023-04-17 14:45:00,1.164,1.164,1.162,1.162,5855727.0,6811214.0
2023-04-17 15:00:00,1.163,1.165,1.162,1.165,11655601.0,13561076.0
2023-04-18 09:45:00,1.155,1.162,1.146,1.147,61334830.0,70684535.0
2023-04-18 10:00:00,1.147,1.154,1.144,1.152,34861476.0,40050970.0
2023-04-18 10:15:00,1.151,1.153,1.147,1.148,15169539.0,17442600.0
2023-04-18 10:30:00,1.149,1.15,1.145,1.146,30676784.0,35191010.0
2023-04-18 10:45:00,1.146,1.146,1.139,1.141,57715484.0,65870390.0
2023-04-18 11:00:00,1.142,1.142,1.136,1.14,50018184.0,56946536.0
2023-04-18 11:15:00,1.141,1.144,1.139,1.142,45704490.0,52151750.0
2023-04-18 11:30:00,1.142,1.144,1.139,1.143,33490568.0,38207068.0
2023-04-18 13:15:00,1.143,1.153,1.142,1.152,11310239.0,12978655.0
2023-04-18 13:30:00,1.153,1.158,1.153,1.155,13862299.0,16024519.0
2023-04-18 13:45:00,1.156,1.16,1.153,1.158,9162269.0,10601636.0
2023-04-18 14:00:00,1.156,1.158,1.154,1.157,6074323.0,7026103.0
2023-04-18 14:15:00,1.155,1.156,1.151,1.153,6464979.0,7454812.0
2023-04-18 14:30:00,1.153,1.154,1.151,1.153,9236716.0,10652899.0
2023-04-18 14:45:00,1.154,1.155,1.151,1.151,10910343.0,12581396.0
2023-04-18 15:00:00,1.152,1.153,1.151,1.152,9760265.0,11248856.0
2023-04-19 09:45:00,1.15,1.167,1.15,1.164,72279978.0,83973796.0
2023-04-19 10:00:00,1.164,1.164,1.155,1.159,34078920.0,39476720.0
2023-04-19 10:15:00,1.16,1.16,1.152,1.155,29480200.0,34064016.0
2023-04-19 10:30:00,1.156,1.158,1.151,1.153,25282976.0,29186538.0
2023-04-19 10:45:00,1.152,1.162,1.151,1.159,17796204.0,20591788.0
2023-04-19 11:00:00,1.16,1.165,1.155,1.163,17933168.0,20837384.0
2023-04-19 11:15:00,1.163,1.167,1.162,1.164,23435180.0,27290174.0
2023-04-19 11:30:00,1.164,1.17,1.162,1.169,22814234.0,26607392.0
2023-04-19 13:15:00,1.169,1.175,1.169,1.172,37951380.0,44467850.0
2023-04-19 13:30:00,1.173,1.173,1.165,1.165,14984000.0,17505690.0
2023-04-19 13:45:00,1.165,1.169,1.161,1.161,11538948.0,13443214.0
2023-04-19 14:00:00,1.161,1.166,1.158,1.162,11713805.0,13608336.0
2023-04-19 14:15:00,1.162,1.163,1.155,1.155,16173054.0,18733672.0
2023-04-19 14:30:00,1.156,1.161,1.153,1.156,10276033.0,11887839.0
2023-04-19 14:45:00,1.157,1.158,1.155,1.157,7993723.0,9243739.0
2023-04-19 15:00:00,1.157,1.16,1.154,1.157,31069196.0,35957970.0
2023-04-20 09:45:00,1.156,1.173,1.155,1.17,69490237.0,81134991.0
2023-04-20 10:00:00,1.171,1.18,1.168,1.179,105560170.0,123839480.0
2023-04-20 10:15:00,1.178,1.184,1.177,1.178,77735110.0,91773150.0
2023-04-20 10:30:00,1.177,1.182,1.172,1.176,29280284.0,34482748.0
2023-04-20 10:45:00,1.176,1.179,1.173,1.177,17928208.0,21093410.0
2023-04-20 11:00:00,1.177,1.181,1.176,1.178,18095056.0,21321372.0
2023-04-20 11:15:00,1.177,1.179,1.173,1.179,29494924.0,34679490.0
2023-04-20 11:30:00,1.18,1.182,1.177,1.181,20580154.0,24286568.0
2023-04-20 13:15:00,1.181,1.183,1.178,1.181,19419740.0,22928538.0
2023-04-20 13:30:00,1.182,1.183,1.177,1.177,21327272.0,25190608.0
2023-04-20 13:45:00,1.177,1.179,1.175,1.177,14188811.0,16698230.0
2023-04-20 14:00:00,1.176,1.18,1.176,1.178,12030793.0,14166205.0
2023-04-20 14:15:00,1.178,1.184,1.178,1.183,24806016.0,29301450.0
2023-04-20 14:30:00,1.183,1.183,1.179,1.183,11412381.0,13483464.0
2023-04-20 14:45:00,1.183,1.185,1.181,1.184,22871864.0,27064994.0
2023-04-20 15:00:00,1.184,1.189,1.183,1.188,41964336.0,49797340.0
2023-04-21 09:45:00,1.188,1.191,1.174,1.175,73702510.0,87011428.0
2023-04-21 10:00:00,1.176,1.181,1.174,1.177,46274016.0,54469664.0
2023-04-21 10:15:00,1.176,1.177,1.17,1.173,36223896.0,42499196.0
2023-04-21 10:30:00,1.172,1.176,1.17,1.171,35452636.0,41547470.0
2023-04-21 10:45:00,1.171,1.172,1.167,1.167,27761016.0,32460460.0
2023-04-21 11:00:00,1.168,1.168,1.159,1.159,39002784.0,45365430.0
2023-04-21 11:15:00,1.16,1.163,1.158,1.158,27755100.0,32204252.0
2023-04-21 11:30:00,1.158,1.158,1.148,1.149,35220000.0,40624444.0
2023-04-21 13:15:00,1.149,1.152,1.144,1.148,37373656.0,42886864.0
2023-04-21 13:30:00,1.148,1.157,1.148,1.151,22454060.0,25902260.0
2023-04-21 13:45:00,1.151,1.154,1.149,1.15,14715855.0,16939426.0
2023-04-21 14:00:00,1.15,1.158,1.15,1.157,16599675.0,19162128.0
2023-04-21 14:15:00,1.157,1.16,1.151,1.151,16985412.0,19636268.0
2023-04-21 14:30:00,1.151,1.153,1.147,1.148,19794488.0,22766760.0
2023-04-21 14:45:00,1.147,1.149,1.143,1.143,22403052.0,25672402.0
2023-04-21 15:00:00,1.144,1.144,1.139,1.142,36479436.0,41649970.0
2023-04-24 09:45:00,1.136,1.142,1.122,1.122,73057131.0,82527925.0
2023-04-24 10:00:00,1.122,1.126,1.118,1.126,84870070.0,95162940.0
2023-04-24 10:15:00,1.126,1.129,1.12,1.12,34474260.0,38738736.0
2023-04-24 10:30:00,1.12,1.125,1.12,1.122,35052400.0,39343340.0
2023-04-24 10:45:00,1.122,1.125,1.12,1.122,29892140.0,33554950.0
2023-04-24 11:00:00,1.121,1.123,1.119,1.121,31191276.0,34939544.0
2023-04-24 11:15:00,1.121,1.131,1.121,1.131,40801316.0,45971330.0
2023-04-24 11:30:00,1.131,1.131,1.126,1.129,14227431.0,16057661.0
2023-04-24 13:15:00,1.129,1.13,1.12,1.123,21206580.0,23826828.0
2023-04-24 13:30:00,1.124,1.124,1.12,1.12,32226324.0,36108612.0
2023-04-24 13:45:00,1.121,1.123,1.119,1.121,6679435.0,7485193.0
2023-04-24 14:00:00,1.121,1.123,1.12,1.121,7226127.0,8103415.0
2023-04-24 14:15:00,1.121,1.122,1.117,1.117,18389946.0,20577166.0
2023-04-24 14:30:00,1.117,1.119,1.113,1.117,23046472.0,25713600.0
2023-04-24 14:45:00,1.117,1.118,1.113,1.114,16010070.0,17857942.0
2023-04-24 15:00:00,1.114,1.121,1.113,1.119,18648192.0,20831196.0
2023-04-25 09:45:00,1.119,1.123,1.111,1.118,61853024.0,69064618.0
2023-04-25 10:00:00,1.118,1.118,1.109,1.111,49105890.0,54655692.0
2023-04-25 10:15:00,1.112,1.125,1.111,1.124,34281416.0,38299220.0
2023-04-25 10:30:00,1.125,1.125,1.113,1.117,29958812.0,33530124.0
2023-04-25 10:45:00,1.117,1.118,1.112,1.114,21589352.0,24063636.0
2023-04-25 11:00:00,1.114,1.125,1.114,1.125,14957956.0,16742506.0
2023-04-25 11:15:00,1.125,1.125,1.116,1.116,26208664.0,29364642.0
2023-04-25 11:30:00,1.116,1.12,1.106,1.109,44873270.0,49883820.0
2023-04-25 13:15:00,1.108,1.109,1.1,1.103,40964444.0,45224384.0
2023-04-25 13:30:00,1.103,1.103,1.093,1.096,37978570.0,41699430.0
2023-04-25 13:45:00,1.095,1.099,1.092,1.093,32435518.0,35524412.0
2023-04-25 14:00:00,1.093,1.102,1.09,1.101,44365332.0,48597296.0
2023-04-25 14:15:00,1.101,1.106,1.1,1.101,33926400.0,37382796.0
2023-04-25 14:30:00,1.1,1.102,1.095,1.097,33781348.0,37070896.0
2023-04-25 14:45:00,1.098,1.099,1.096,1.097,32814788.0,36003856.0
2023-04-25 15:00:00,1.097,1.101,1.096,1.1,21194132.0,23310804.0
2023-04-26 09:45:00,1.097,1.105,1.094,1.105,61476130.0,67573970.0
2023-04-26 10:00:00,1.104,1.11,1.102,1.108,43696700.0,48279096.0
2023-04-26 10:15:00,1.107,1.108,1.097,1.099,32562808.0,35859120.0
2023-04-26 10:30:00,1.099,1.102,1.09,1.09,41859544.0,45845364.0
2023-04-26 10:45:00,1.09,1.095,1.084,1.092,47507976.0,51732828.0
2023-04-26 11:00:00,1.093,1.101,1.09,1.095,31782056.0,34803024.0
2023-04-26 11:15:00,1.096,1.096,1.089,1.094,29018054.0,31679416.0
2023-04-26 11:30:00,1.093,1.099,1.092,1.094,19102300.0,20922816.0
2023-04-26 13:15:00,1.095,1.099,1.091,1.098,36242600.0,39644470.0
2023-04-26 13:30:00,1.097,1.104,1.097,1.104,21026390.0,23129488.0
2023-04-26 13:45:00,1.103,1.107,1.101,1.106,16015200.0,17674624.0
2023-04-26 14:00:00,1.105,1.108,1.103,1.106,12399024.0,13711071.0
2023-04-26 14:15:00,1.106,1.107,1.098,1.098,14554646.0,16052511.0
2023-04-26 14:30:00,1.098,1.101,1.098,1.099,13355909.0,14690547.0
2023-04-26 14:45:00,1.099,1.1,1.091,1.091,37793600.0,41341136.0
2023-04-26 15:00:00,1.091,1.096,1.09,1.095,26869300.0,29348968.0
2023-04-27 09:45:00,1.087,1.103,1.085,1.103,51496944.0,56459303.0
2023-04-27 10:00:00,1.102,1.106,1.099,1.1,45983400.0,50689700.0
2023-04-27 10:15:00,1.099,1.103,1.098,1.102,26128348.0,28741424.0
2023-04-27 10:30:00,1.102,1.104,1.097,1.099,21066800.0,23190462.0
2023-04-27 10:45:00,1.099,1.1,1.094,1.096,21376700.0,23452412.0
2023-04-27 11:00:00,1.096,1.098,1.093,1.094,13335227.0,14606668.0
2023-04-27 11:15:00,1.094,1.096,1.091,1.094,26916220.0,29436598.0
2023-04-27 11:30:00,1.094,1.094,1.09,1.091,10876794.0,11877338.0
2023-04-27 13:15:00,1.092,1.094,1.09,1.093,16484106.0,17984192.0
2023-04-27 13:30:00,1.093,1.093,1.089,1.092,18773704.0,20490348.0
2023-04-27 13:45:00,1.092,1.093,1.089,1.093,13827500.0,15094541.0
2023-04-27 14:00:00,1.093,1.096,1.089,1.09,29211184.0,31900914.0
2023-04-27 14:15:00,1.091,1.092,1.086,1.087,35154770.0,38251216.0
2023-04-27 14:30:00,1.087,1.087,1.083,1.086,44502932.0,48292004.0
2023-04-27 14:45:00,1.086,1.093,1.085,1.093,29544008.0,32152204.0
2023-04-27 15:00:00,1.093,1.093,1.089,1.092,17469708.0,19052752.0
2023-04-28 09:45:00,1.089,1.101,1.086,1.096,93918490.0,102492417.0
2023-04-28 10:00:00,1.097,1.103,1.095,1.098,72047460.0,79147370.0
2023-04-28 10:15:00,1.098,1.102,1.095,1.099,73367070.0,80611624.0
2023-04-28 10:30:00,1.1,1.102,1.095,1.098,26136200.0,28726988.0
2023-04-28 10:45:00,1.098,1.1,1.095,1.097,14199220.0,15580565.0
2023-04-28 11:00:00,1.097,1.102,1.095,1.102,17342240.0,19065670.0
2023-04-28 11:15:00,1.102,1.103,1.1,1.102,19969736.0,21994194.0
2023-04-28 11:30:00,1.102,1.103,1.099,1.101,11027200.0,12144036.0
2023-04-28 13:15:00,1.101,1.103,1.1,1.103,7381363.0,8129016.0
2023-04-28 13:30:00,1.102,1.103,1.099,1.1,7248970.0,7978936.0
2023-04-28 13:45:00,1.099,1.101,1.098,1.1,11242135.0,12362430.0
2023-04-28 14:00:00,1.1,1.1,1.098,1.099,7730749.0,8497602.0
2023-04-28 14:15:00,1.099,1.102,1.097,1.101,17414508.0,19138778.0
2023-04-28 14:30:00,1.1,1.108,1.1,1.107,27624684.0,30536568.0
2023-04-28 14:45:00,1.107,1.113,1.107,1.113,34612464.0,38413380.0
2023-04-28 15:00:00,1.113,1.114,1.111,1.112,29101268.0,32372460.0
2023-05-04 09:45:00,1.104,1.109,1.096,1.097,80298200.0,88390673.0
2023-05-04 10:00:00,1.098,1.099,1.094,1.095,52184610.0,57188744.0
2023-05-04 10:15:00,1.096,1.096,1.09,1.091,47358440.0,51715480.0
2023-05-04 10:30:00,1.092,1.093,1.09,1.092,28658196.0,31268134.0
2023-05-04 10:45:00,1.092,1.092,1.089,1.09,21060704.0,22966822.0
2023-05-04 11:00:00,1.09,1.09,1.088,1.089,20921248.0,22787872.0
2023-05-04 11:15:00,1.089,1.09,1.087,1.089,16386448.0,17831664.0
2023-05-04 11:30:00,1.089,1.09,1.087,1.089,23632652.0,25724604.0
2023-05-04 13:15:00,1.089,1.089,1.085,1.086,34123050.0,37092264.0
2023-05-04 13:30:00,1.086,1.088,1.084,1.087,29150670.0,31658812.0
2023-05-04 13:45:00,1.087,1.087,1.085,1.086,15768627.0,17123408.0
2023-05-04 14:00:00,1.086,1.087,1.084,1.086,21704240.0,23550880.0
2023-05-04 14:15:00,1.087,1.092,1.087,1.088,17676100.0,19244668.0
2023-05-04 14:30:00,1.088,1.089,1.087,1.089,15200142.0,16539739.0
2023-05-04 14:45:00,1.089,1.09,1.087,1.09,19048456.0,20734004.0
2023-05-04 15:00:00,1.089,1.091,1.087,1.088,26367100.0,28727264.0
2023-05-05 09:45:00,1.087,1.092,1.083,1.084,67527384.0,73405894.0
2023-05-05 10:00:00,1.085,1.089,1.084,1.088,55824000.0,60603776.0
2023-05-05 10:15:00,1.088,1.091,1.085,1.086,26755256.0,29110348.0
2023-05-05 10:30:00,1.087,1.087,1.081,1.083,39444464.0,42754996.0
2023-05-05 10:45:00,1.083,1.083,1.08,1.081,29275800.0,31656894.0
2023-05-05 11:00:00,1.081,1.085,1.08,1.083,29163348.0,31530400.0
2023-05-05 11:15:00,1.083,1.083,1.077,1.079,28181600.0,30440990.0
2023-05-05 11:30:00,1.079,1.079,1.074,1.075,40302270.0,43354508.0
2023-05-05 13:15:00,1.075,1.075,1.072,1.074,29768818.0,31968228.0
2023-05-05 13:30:00,1.074,1.075,1.071,1.074,20545300.0,22039416.0
2023-05-05 13:45:00,1.074,1.074,1.071,1.072,18901928.0,20273220.0
2023-05-05 14:00:00,1.071,1.073,1.071,1.073,17009400.0,18233936.0
2023-05-05 14:15:00,1.073,1.076,1.072,1.075,18475886.0,19847168.0
2023-05-05 14:30:00,1.075,1.075,1.071,1.072,34258136.0,36767164.0
2023-05-05 14:45:00,1.072,1.074,1.071,1.072,20099940.0,21550908.0
2023-05-05 15:00:00,1.072,1.072,1.07,1.072,28613588.0,30657866.0
2023-05-08 09:45:00,1.076,1.079,1.069,1.07,69421443.0,74487988.0
2023-05-08 10:00:00,1.07,1.087,1.069,1.086,60765956.0,65551390.0
2023-05-08 10:15:00,1.085,1.086,1.077,1.078,46964604.0,50729064.0
2023-05-08 10:30:00,1.078,1.081,1.077,1.079,26998008.0,29149128.0
2023-05-08 10:45:00,1.079,1.081,1.077,1.08,23613280.0,25473440.0
2023-05-08 11:00:00,1.08,1.08,1.075,1.076,16958928.0,18266324.0
2023-05-08 11:15:00,1.076,1.079,1.075,1.076,13887600.0,14950955.0
2023-05-08 11:30:00,1.077,1.081,1.076,1.081,12557283.0,13545155.0
2023-05-08 13:15:00,1.081,1.082,1.078,1.079,17733478.0,19148856.0
2023-05-08 13:30:00,1.079,1.08,1.076,1.08,13626900.0,14690529.0
2023-05-08 13:45:00,1.08,1.081,1.078,1.079,19598800.0,21153184.0
2023-05-08 14:00:00,1.078,1.079,1.077,1.079,10064715.0,10849613.0
2023-05-08 14:15:00,1.079,1.08,1.078,1.079,8584169.0,9263062.0
2023-05-08 14:30:00,1.08,1.08,1.078,1.08,7608190.0,8211502.0
2023-05-08 14:45:00,1.08,1.081,1.078,1.08,16317021.0,17612868.0
2023-05-08 15:00:00,1.079,1.084,1.078,1.083,23057548.0,24915014.0
2023-05-09 09:45:00,1.082,1.085,1.076,1.078,59150836.0,63850117.0
2023-05-09 10:00:00,1.077,1.087,1.077,1.081,57043028.0,61796612.0
2023-05-09 10:15:00,1.081,1.082,1.078,1.08,31092338.0,33582828.0
2023-05-09 10:30:00,1.08,1.082,1.077,1.078,42526788.0,45907410.0
2023-05-09 10:45:00,1.078,1.084,1.077,1.082,26740568.0,28883504.0
2023-05-09 11:00:00,1.082,1.083,1.077,1.078,30574816.0,33004328.0
2023-05-09 11:15:00,1.078,1.078,1.075,1.075,47264564.0,50885124.0
2023-05-09 11:30:00,1.076,1.076,1.071,1.072,40020776.0,42953030.0
2023-05-09 13:15:00,1.071,1.071,1.066,1.069,36396428.0,38910184.0
2023-05-09 13:30:00,1.069,1.071,1.068,1.07,26888400.0,28747060.0
2023-05-09 13:45:00,1.071,1.072,1.067,1.067,26710568.0,28555076.0
2023-05-09 14:00:00,1.067,1.068,1.065,1.067,28000044.0,29861516.0
2023-05-09 14:15:00,1.067,1.067,1.064,1.065,28435166.0,30279558.0
2023-05-09 14:30:00,1.065,1.065,1.061,1.062,23908882.0,25421544.0
2023-05-09 14:45:00,1.061,1.063,1.058,1.059,49957400.0,53011464.0
2023-05-09 15:00:00,1.059,1.06,1.057,1.059,46627664.0,49350870.0
2023-05-10 09:45:00,1.057,1.062,1.052,1.056,102016490.0,107878994.0
2023-05-10 10:00:00,1.056,1.058,1.054,1.057,75313810.0,79468530.0
2023-05-10 10:15:00,1.057,1.058,1.05,1.051,61692204.0,64994330.0
2023-05-10 10:30:00,1.051,1.052,1.048,1.049,50461300.0,53005508.0
2023-05-10 10:45:00,1.049,1.05,1.045,1.046,48065500.0,50329708.0
2023-05-10 11:00:00,1.046,1.046,1.041,1.045,43817130.0,45700356.0
2023-05-10 11:15:00,1.045,1.048,1.044,1.047,16348300.0,17098456.0
2023-05-10 11:30:00,1.047,1.047,1.043,1.044,15278900.0,15972836.0
2023-05-10 13:15:00,1.045,1.053,1.044,1.051,21312136.0,22328964.0
2023-05-10 13:30:00,1.051,1.055,1.05,1.052,19936508.0,20997612.0
2023-05-10 13:45:00,1.052,1.052,1.046,1.048,19179192.0,20116848.0
2023-05-10 14:00:00,1.048,1.049,1.045,1.047,13502835.0,14131597.0
2023-05-10 14:15:00,1.047,1.047,1.043,1.044,17103600.0,17872086.0
2023-05-10 14:30:00,1.044,1.046,1.042,1.043,24444854.0,25515644.0
2023-05-10 14:45:00,1.043,1.049,1.043,1.049,18220454.0,19054748.0
2023-05-10 15:00:00,1.049,1.05,1.047,1.05,20824770.0,21840000.0
2023-05-11 09:45:00,1.054,1.064,1.052,1.06,91513620.0,96832936.0
2023-05-11 10:00:00,1.061,1.061,1.055,1.055,57194036.0,60548930.0
2023-05-11 10:15:00,1.055,1.059,1.055,1.058,28443418.0,30064564.0
2023-05-11 10:30:00,1.057,1.058,1.055,1.056,17557386.0,18537986.0
2023-05-11 10:45:00,1.057,1.057,1.053,1.055,20114792.0,21211648.0
2023-05-11 11:00:00,1.054,1.057,1.053,1.056,16679117.0,17600636.0
2023-05-11 11:15:00,1.056,1.057,1.053,1.055,19824590.0,20915344.0
2023-05-11 11:30:00,1.055,1.055,1.053,1.054,9193300.0,9689741.0
2023-05-11 13:15:00,1.054,1.056,1.053,1.053,16005582.0,16873880.0
2023-05-11 13:30:00,1.054,1.054,1.051,1.052,16443822.0,17305176.0
2023-05-11 13:45:00,1.052,1.052,1.05,1.052,9330100.0,9805372.0
2023-05-11 14:00:00,1.052,1.054,1.05,1.052,8151500.0,8573608.0
2023-05-11 14:15:00,1.052,1.052,1.05,1.051,15588083.0,16377436.0
2023-05-11 14:30:00,1.05,1.052,1.048,1.052,19935386.0,20927800.0
2023-05-11 14:45:00,1.052,1.052,1.049,1.049,15628000.0,16401833.0
2023-05-11 15:00:00,1.05,1.05,1.049,1.05,16437178.0,17251214.0
2023-05-12 09:45:00,1.053,1.059,1.052,1.057,77408120.0,81759585.0
2023-05-12 10:00:00,1.056,1.057,1.05,1.056,37206784.0,39178630.0
2023-05-12 10:15:00,1.055,1.055,1.05,1.05,23600480.0,24843512.0
2023-05-12 10:30:00,1.051,1.051,1.047,1.049,25863940.0,27126932.0
2023-05-12 10:45:00,1.05,1.05,1.046,1.049,21212336.0,22235250.0
2023-05-12 11:00:00,1.049,1.049,1.046,1.048,20511816.0,21487260.0
2023-05-12 11:15:00,1.048,1.049,1.044,1.045,17392368.0,18195904.0
2023-05-12 11:30:00,1.045,1.046,1.044,1.046,12612410.0,13180333.0
2023-05-12 13:15:00,1.046,1.047,1.044,1.044,18223262.0,19034796.0
2023-05-12 13:30:00,1.044,1.045,1.041,1.043,22245176.0,23196236.0
2023-05-12 13:45:00,1.043,1.043,1.04,1.04,27534084.0,28671836.0
2023-05-12 14:00:00,1.041,1.041,1.038,1.04,31859868.0,33121426.0
2023-05-12 14:15:00,1.039,1.043,1.039,1.04,35363590.0,36796750.0
2023-05-12 14:30:00,1.041,1.041,1.038,1.04,21287396.0,22124140.0
2023-05-12 14:45:00,1.04,1.041,1.036,1.037,26479736.0,27488604.0
2023-05-12 15:00:00,1.037,1.038,1.035,1.036,38721308.0,40123230.0
2023-05-15 09:45:00,1.036,1.04,1.033,1.038,47133352.0,48848065.0
2023-05-15 10:00:00,1.038,1.045,1.035,1.042,53455184.0,55622524.0
2023-05-15 10:15:00,1.041,1.043,1.037,1.038,34305004.0,35688440.0
2023-05-15 10:30:00,1.038,1.039,1.036,1.037,29782388.0,30893416.0
2023-05-15 10:45:00,1.037,1.038,1.034,1.035,21793200.0,22575144.0
2023-05-15 11:00:00,1.035,1.035,1.031,1.033,41726500.0,43122540.0
2023-05-15 11:15:00,1.033,1.034,1.03,1.03,26125800.0,26952322.0
2023-05-15 11:30:00,1.031,1.034,1.029,1.033,25496164.0,26284040.0
2023-05-15 13:15:00,1.033,1.034,1.031,1.034,15109960.0,15605100.0
2023-05-15 13:30:00,1.034,1.038,1.033,1.037,14753057.0,15270428.0
2023-05-15 13:45:00,1.037,1.042,1.036,1.042,24391424.0,25353842.0
2023-05-15 14:00:00,1.042,1.045,1.04,1.043,26193796.0,27288288.0
2023-05-15 14:15:00,1.044,1.045,1.042,1.044,14553998.0,15187765.0
2023-05-15 14:30:00,1.045,1.047,1.045,1.047,16723258.0,17491664.0
2023-05-15 14:45:00,1.046,1.049,1.045,1.048,29322924.0,30715420.0
2023-05-15 15:00:00,1.048,1.049,1.046,1.049,18487726.0,19368346.0
2023-05-16 09:45:00,1.048,1.053,1.044,1.048,55054568.0,57715986.0
2023-05-16 10:00:00,1.048,1.053,1.048,1.05,28462844.0,29902852.0
2023-05-16 10:15:00,1.05,1.05,1.047,1.048,26137700.0,27398592.0
2023-05-16 10:30:00,1.048,1.052,1.047,1.051,16667107.0,17485232.0
2023-05-16 10:45:00,1.052,1.055,1.049,1.055,41014300.0,43171068.0
2023-05-16 11:00:00,1.055,1.056,1.05,1.05,27155624.0,28574226.0
2023-05-16 11:15:00,1.051,1.056,1.051,1.053,29821400.0,31413424.0
2023-05-16 11:30:00,1.053,1.054,1.051,1.053,12617427.0,13281112.0
2023-05-16 13:15:00,1.053,1.054,1.05,1.051,13375673.0,14068369.0
2023-05-16 13:30:00,1.051,1.053,1.05,1.051,15445247.0,16236742.0
2023-05-16 13:45:00,1.05,1.051,1.049,1.049,13521986.0,14197466.0
2023-05-16 14:00:00,1.049,1.05,1.047,1.047,12759418.0,13378658.0
2023-05-16 14:15:00,1.048,1.049,1.047,1.049,7676400.0,8044737.0
2023-05-16 14:30:00,1.049,1.05,1.047,1.048,19967600.0,20942412.0
2023-05-16 14:45:00,1.048,1.048,1.045,1.047,21715480.0,22728372.0
2023-05-16 15:00:00,1.048,1.049,1.045,1.049,24322408.0,25470802.0
2023-05-17 09:45:00,1.047,1.053,1.046,1.05,48099947.0,50530739.0
2023-05-17 10:00:00,1.05,1.056,1.05,1.052,44053988.0,46403292.0
2023-05-17 10:15:00,1.053,1.057,1.05,1.055,48394772.0,50982770.0
2023-05-17 10:30:00,1.055,1.056,1.052,1.052,18478426.0,19471388.0
2023-05-17 10:45:00,1.052,1.054,1.051,1.053,16300521.0,17153960.0
2023-05-17 11:00:00,1.053,1.055,1.051,1.054,13491907.0,14205829.0
2023-05-17 11:15:00,1.054,1.055,1.051,1.051,11275338.0,11861489.0
2023-05-17 11:30:00,1.051,1.052,1.05,1.051,9539700.0,10025287.0
2023-05-17 13:15:00,1.052,1.052,1.05,1.05,12401966.0,13031311.0
2023-05-17 13:30:00,1.05,1.051,1.048,1.048,11484761.0,12044998.0
2023-05-17 13:45:00,1.049,1.05,1.047,1.05,6694400.0,7015557.0
2023-05-17 14:00:00,1.05,1.05,1.047,1.048,11817300.0,12395484.0
2023-05-17 14:15:00,1.048,1.048,1.047,1.048,6816200.0,7142366.0
2023-05-17 14:30:00,1.047,1.05,1.047,1.049,10204193.0,10702504.0
2023-05-17 14:45:00,1.049,1.05,1.048,1.049,8087007.0,8484421.0
2023-05-17 15:00:00,1.05,1.052,1.05,1.052,29086448.0,30579208.0
2023-05-18 09:45:00,1.055,1.057,1.051,1.054,55285090.0,58250118.0
2023-05-18 10:00:00,1.055,1.057,1.052,1.054,45953348.0,48468760.0
2023-05-18 10:15:00,1.054,1.056,1.051,1.055,29254336.0,30807348.0
2023-05-18 10:30:00,1.055,1.058,1.054,1.054,42885676.0,45280950.0
2023-05-18 10:45:00,1.055,1.056,1.053,1.056,13969600.0,14726897.0
2023-05-18 11:00:00,1.056,1.06,1.056,1.058,41699444.0,44110440.0
2023-05-18 11:15:00,1.059,1.06,1.058,1.058,16389627.0,17360856.0
2023-05-18 11:30:00,1.058,1.06,1.057,1.059,14438881.0,15288478.0
2023-05-18 13:15:00,1.06,1.061,1.057,1.06,15548000.0,16458973.0
2023-05-18 13:30:00,1.06,1.06,1.057,1.058,9758380.0,10329766.0
2023-05-18 13:45:00,1.058,1.058,1.055,1.055,12563400.0,13263851.0
2023-05-18 14:00:00,1.054,1.055,1.053,1.053,11952800.0,12595791.0
2023-05-18 14:15:00,1.054,1.055,1.053,1.055,7314135.0,7708736.0
2023-05-18 14:30:00,1.055,1.057,1.054,1.056,6707255.0,7077352.0
2023-05-18 14:45:00,1.057,1.057,1.055,1.056,6029138.0,6368574.0
2023-05-18 15:00:00,1.057,1.058,1.056,1.057,17561912.0,18554280.0
2023-05-19 09:45:00,1.06,1.068,1.058,1.065,113152481.0,120495775.0
2023-05-19 10:00:00,1.065,1.068,1.063,1.064,31996100.0,34092628.0
2023-05-19 10:15:00,1.064,1.065,1.061,1.064,18558952.0,19726610.0
2023-05-19 10:30:00,1.063,1.064,1.06,1.062,28069300.0,29780628.0
2023-05-19 10:45:00,1.062,1.063,1.059,1.063,17396020.0,18457528.0
2023-05-19 11:00:00,1.062,1.067,1.06,1.066,17447342.0,18546656.0
2023-05-19 11:15:00,1.067,1.067,1.064,1.065,20445092.0,21786066.0
2023-05-19 11:30:00,1.065,1.071,1.065,1.07,45292144.0,48397096.0
2023-05-19 13:15:00,1.071,1.071,1.066,1.066,19964500.0,21321184.0
2023-05-19 13:30:00,1.066,1.068,1.065,1.066,8466700.0,9027860.0
2023-05-19 13:45:00,1.067,1.067,1.065,1.067,7032280.0,7495930.0
2023-05-19 14:00:00,1.066,1.068,1.066,1.067,7026400.0,7497979.0
2023-05-19 14:15:00,1.067,1.068,1.066,1.067,16347009.0,17443136.0
2023-05-19 14:30:00,1.067,1.068,1.066,1.067,18658656.0,19904888.0
2023-05-19 14:45:00,1.067,1.067,1.064,1.065,12674620.0,13502473.0
2023-05-19 15:00:00,1.065,1.066,1.063,1.065,20453718.0,21767716.0
2023-05-22 09:45:00,1.065,1.07,1.056,1.059,74956556.0,79591517.0
2023-05-22 10:00:00,1.06,1.064,1.058,1.062,41933780.0,44487284.0
2023-05-22 10:15:00,1.062,1.062,1.057,1.058,18148400.0,19221786.0
2023-05-22 10:30:00,1.058,1.061,1.057,1.06,19957568.0,21124114.0
2023-05-22 10:45:00,1.061,1.062,1.058,1.061,24048150.0,25488236.0
2023-05-22 11:00:00,1.061,1.061,1.057,1.058,16827500.0,17810284.0
2023-05-22 11:15:00,1.058,1.058,1.055,1.056,25622512.0,27071792.0
2023-05-22 11:30:00,1.057,1.057,1.055,1.056,6908100.0,7294831.0
2023-05-22 13:15:00,1.055,1.056,1.054,1.055,19121784.0,20175332.0
2023-05-22 13:30:00,1.055,1.056,1.053,1.055,14463209.0,15254990.0
2023-05-22 13:45:00,1.055,1.055,1.051,1.053,23238100.0,24456624.0
2023-05-22 14:00:00,1.053,1.054,1.051,1.052,22551376.0,23735440.0
2023-05-22 14:15:00,1.053,1.057,1.052,1.056,24935250.0,26322624.0
2023-05-22 14:30:00,1.056,1.058,1.055,1.057,26224348.0,27713566.0
2023-05-22 14:45:00,1.057,1.058,1.055,1.056,19507700.0,20610900.0
2023-05-22 15:00:00,1.056,1.057,1.055,1.056,16020758.0,16923738.0
2023-05-23 09:45:00,1.052,1.053,1.047,1.049,44453536.0,46642150.0
2023-05-23 10:00:00,1.049,1.051,1.047,1.048,32450554.0,34035300.0
2023-05-23 10:15:00,1.047,1.049,1.046,1.048,34700800.0,36330264.0
2023-05-23 10:30:00,1.048,1.048,1.045,1.045,30825904.0,32243296.0
2023-05-23 10:45:00,1.045,1.047,1.043,1.045,34541740.0,36067460.0
2023-05-23 11:00:00,1.045,1.05,1.043,1.049,25567000.0,26765804.0
2023-05-23 11:15:00,1.049,1.05,1.047,1.049,15575500.0,16328091.0
2023-05-23 11:30:00,1.049,1.05,1.047,1.047,15432368.0,16183844.0
2023-05-23 13:15:00,1.047,1.049,1.045,1.045,16757400.0,17544372.0
2023-05-23 13:30:00,1.046,1.047,1.045,1.045,15234617.0,15939331.0
2023-05-23 13:45:00,1.045,1.046,1.044,1.044,18344600.0,19164900.0
2023-05-23 14:00:00,1.044,1.047,1.043,1.046,29874116.0,31230428.0
2023-05-23 14:15:00,1.046,1.047,1.044,1.045,12761454.0,13337691.0
2023-05-23 14:30:00,1.045,1.045,1.042,1.043,25813616.0,26944336.0
2023-05-23 14:45:00,1.043,1.044,1.041,1.042,32147496.0,33502716.0
2023-05-23 15:00:00,1.042,1.043,1.039,1.04,52086892.0,54215828.0
2023-05-24 09:45:00,1.038,1.038,1.031,1.033,72267500.0,74645411.0
2023-05-24 10:00:00,1.032,1.033,1.03,1.031,50913932.0,52531024.0
2023-05-24 10:15:00,1.031,1.033,1.029,1.033,39957950.0,41173256.0
2023-05-24 10:30:00,1.033,1.035,1.031,1.032,30763300.0,31767580.0
2023-05-24 10:45:00,1.032,1.036,1.031,1.034,24313248.0,25144956.0
2023-05-24 11:00:00,1.034,1.04,1.033,1.039,30356588.0,31487372.0
2023-05-24 11:15:00,1.039,1.047,1.039,1.044,38265440.0,39919184.0
2023-05-24 11:30:00,1.044,1.045,1.041,1.045,22377100.0,23342832.0
2023-05-24 13:15:00,1.045,1.047,1.043,1.046,51548470.0,53918516.0
2023-05-24 13:30:00,1.046,1.046,1.04,1.041,44441400.0,46348732.0
2023-05-24 13:45:00,1.041,1.041,1.039,1.04,26684200.0,27755848.0
2023-05-24 14:00:00,1.041,1.045,1.041,1.042,18520808.0,19304968.0
2023-05-24 14:15:00,1.041,1.043,1.04,1.041,9407141.0,9795731.0
2023-05-24 14:30:00,1.04,1.043,1.04,1.041,9706100.0,10106368.0
2023-05-24 14:45:00,1.041,1.041,1.037,1.039,28770620.0,29886396.0
2023-05-24 15:00:00,1.039,1.039,1.033,1.036,34248570.0,35480216.0
2023-05-25 09:45:00,1.035,1.045,1.035,1.038,58130812.0,60461778.0
2023-05-25 10:00:00,1.038,1.044,1.038,1.041,31326048.0,32619512.0
2023-05-25 10:15:00,1.041,1.043,1.038,1.04,21762540.0,22640460.0
2023-05-25 10:30:00,1.04,1.043,1.039,1.041,16534129.0,17209868.0
2023-05-25 10:45:00,1.041,1.041,1.035,1.035,26830180.0,27845714.0
2023-05-25 11:00:00,1.036,1.038,1.034,1.035,33265200.0,34454930.0
2023-05-25 11:15:00,1.035,1.038,1.033,1.037,18419100.0,19078636.0
2023-05-25 11:30:00,1.037,1.037,1.032,1.035,13982148.0,14460159.0
2023-05-25 13:15:00,1.035,1.038,1.033,1.035,13463589.0,13933789.0
2023-05-25 13:30:00,1.035,1.035,1.032,1.032,18795000.0,19421556.0
2023-05-25 13:45:00,1.033,1.034,1.031,1.034,23670852.0,24434060.0
2023-05-25 14:00:00,1.034,1.034,1.031,1.031,15267843.0,15760336.0
2023-05-25 14:15:00,1.032,1.037,1.03,1.037,30083786.0,31048368.0
2023-05-25 14:30:00,1.037,1.041,1.036,1.037,27828620.0,28924922.0
2023-05-25 14:45:00,1.038,1.043,1.037,1.043,32092382.0,33404240.0
2023-05-25 15:00:00,1.043,1.045,1.041,1.044,28168668.0,29385468.0
2023-05-26 09:45:00,1.045,1.05,1.044,1.048,50001410.0,52367563.0
2023-05-26 10:00:00,1.048,1.051,1.044,1.051,60380468.0,63285990.0
2023-05-26 10:15:00,1.051,1.053,1.048,1.052,56230290.0,59099170.0
2023-05-26 10:30:00,1.052,1.057,1.05,1.052,66080910.0,69672936.0
2023-05-26 10:45:00,1.053,1.055,1.052,1.053,18271700.0,19248322.0
2023-05-26 11:00:00,1.054,1.054,1.051,1.054,14249800.0,14993633.0
2023-05-26 11:15:00,1.054,1.054,1.05,1.051,12325400.0,12964212.0
2023-05-26 11:30:00,1.051,1.057,1.05,1.056,27519892.0,29023624.0
2023-05-26 13:15:00,1.057,1.058,1.055,1.056,35781260.0,37801624.0
2023-05-26 13:30:00,1.056,1.058,1.055,1.057,33474396.0,35345788.0
2023-05-26 13:45:00,1.057,1.059,1.056,1.058,30180508.0,31918196.0
2023-05-26 14:00:00,1.058,1.058,1.056,1.057,15567118.0,16459299.0
2023-05-26 14:15:00,1.057,1.058,1.056,1.058,32226900.0,34078370.0
2023-05-26 14:30:00,1.058,1.061,1.056,1.061,43190884.0,45719170.0
2023-05-26 14:45:00,1.061,1.063,1.06,1.061,40024580.0,42481430.0
2023-05-26 15:00:00,1.062,1.068,1.059,1.066,208806860.0,221916080.0
2023-05-29 09:45:00,1.068,1.071,1.058,1.059,75917620.0,80713805.0
2023-05-29 10:00:00,1.059,1.064,1.055,1.064,43544348.0,46110310.0
2023-05-29 10:15:00,1.064,1.066,1.061,1.065,24195880.0,25720232.0
2023-05-29 10:30:00,1.064,1.065,1.059,1.062,18230208.0,19356324.0
2023-05-29 10:45:00,1.063,1.063,1.059,1.061,12973495.0,13752785.0
2023-05-29 11:00:00,1.06,1.062,1.057,1.057,18561712.0,19662628.0
2023-05-29 11:15:00,1.056,1.058,1.055,1.058,16404631.0,17330100.0
2023-05-29 11:30:00,1.058,1.058,1.054,1.056,20050290.0,21166606.0
2023-05-29 13:15:00,1.056,1.056,1.053,1.055,28284328.0,29841592.0
2023-05-29 13:30:00,1.056,1.056,1.052,1.053,28878300.0,30433456.0
2023-05-29 13:45:00,1.053,1.055,1.051,1.054,28327748.0,29814816.0
2023-05-29 14:00:00,1.054,1.056,1.053,1.054,25928272.0,27342976.0
2023-05-29 14:15:00,1.054,1.056,1.053,1.056,27421500.0,28927508.0
2023-05-29 14:30:00,1.056,1.056,1.053,1.054,28553296.0,30113974.0
2023-05-29 14:45:00,1.054,1.054,1.052,1.052,33467292.0,35246656.0
2023-05-29 15:00:00,1.053,1.054,1.051,1.052,38819370.0,40876460.0
2023-05-30 09:45:00,1.052,1.053,1.046,1.053,39574800.0,41499154.0
2023-05-30 10:00:00,1.053,1.054,1.049,1.052,22927886.0,24110412.0
2023-05-30 10:15:00,1.051,1.056,1.05,1.053,26183596.0,27574138.0
2023-05-30 10:30:00,1.052,1.055,1.051,1.053,17280336.0,18192228.0
2023-05-30 10:45:00,1.053,1.056,1.052,1.055,13622213.0,14357374.0
2023-05-30 11:00:00,1.056,1.061,1.056,1.056,38290950.0,40513120.0
2023-05-30 11:15:00,1.057,1.057,1.054,1.055,17169130.0,18120448.0
2023-05-30 11:30:00,1.055,1.056,1.052,1.053,45560800.0,48054704.0
2023-05-30 13:15:00,1.053,1.055,1.049,1.052,43178744.0,45398684.0
2023-05-30 13:30:00,1.052,1.053,1.049,1.052,52144870.0,54781484.0
2023-05-30 13:45:00,1.052,1.056,1.051,1.056,39165340.0,41265560.0
2023-05-30 14:00:00,1.056,1.06,1.055,1.058,36781736.0,38907892.0
2023-05-30 14:15:00,1.058,1.064,1.057,1.063,37476296.0,39770930.0
2023-05-30 14:30:00,1.064,1.071,1.062,1.07,46696136.0,49831156.0
2023-05-30 14:45:00,1.07,1.07,1.067,1.068,39133196.0,41820810.0
2023-05-30 15:00:00,1.069,1.07,1.068,1.069,32297836.0,34514270.0
2023-05-31 09:45:00,1.067,1.073,1.063,1.071,72737950.0,77750247.0
2023-05-31 10:00:00,1.071,1.076,1.07,1.074,121757900.0,130704310.0
2023-05-31 10:15:00,1.075,1.076,1.074,1.075,71978150.0,77357410.0
2023-05-31 10:30:00,1.075,1.076,1.074,1.074,46472068.0,49944564.0
2023-05-31 10:45:00,1.075,1.075,1.074,1.074,211657890.0,227341600.0
2023-05-31 11:00:00,1.073,1.073,1.067,1.069,45379164.0,48554776.0
2023-05-31 11:15:00,1.069,1.073,1.068,1.073,38107068.0,40783800.0
2023-05-31 11:30:00,1.073,1.073,1.066,1.068,46400070.0,49610170.0
2023-05-31 13:15:00,1.067,1.068,1.065,1.066,30262088.0,32261654.0
2023-05-31 13:30:00,1.067,1.068,1.065,1.066,31356300.0,33460742.0
2023-05-31 13:45:00,1.067,1.069,1.066,1.067,28945740.0,30901892.0
2023-05-31 14:00:00,1.067,1.074,1.066,1.074,42149176.0,45099824.0
2023-05-31 14:15:00,1.074,1.074,1.07,1.071,30770500.0,32980422.0
2023-05-31 14:30:00,1.071,1.073,1.07,1.073,27820400.0,29828960.0
2023-05-31 14:45:00,1.073,1.076,1.071,1.076,40631496.0,43649936.0
2023-05-31 15:00:00,1.076,1.078,1.075,1.077,29576540.0,31843556.0
2023-06-01 09:45:00,1.072,1.079,1.069,1.078,41563150.0,44607290.0
2023-06-01 10:00:00,1.077,1.083,1.077,1.081,60067090.0,64907210.0
2023-06-01 10:15:00,1.081,1.081,1.077,1.078,32434172.0,35007348.0
2023-06-01 10:30:00,1.078,1.083,1.077,1.082,45031304.0,48669812.0
2023-06-01 10:45:00,1.082,1.085,1.079,1.083,35577900.0,38487080.0
2023-06-01 11:00:00,1.083,1.086,1.082,1.085,31331370.0,33975480.0
2023-06-01 11:15:00,1.085,1.086,1.083,1.086,21071300.0,22862484.0
2023-06-01 11:30:00,1.086,1.088,1.084,1.087,23742832.0,25794216.0
2023-06-01 13:15:00,1.087,1.09,1.087,1.088,46888400.0,51040732.0
2023-06-01 13:30:00,1.089,1.092,1.088,1.091,29043062.0,31660052.0
2023-06-01 13:45:00,1.091,1.091,1.086,1.088,29063418.0,31614908.0
2023-06-01 14:00:00,1.087,1.09,1.086,1.088,16708148.0,18180078.0
2023-06-01 14:15:00,1.088,1.088,1.082,1.084,30062906.0,32614994.0
2023-06-01 14:30:00,1.084,1.085,1.077,1.08,46438290.0,50175484.0
2023-06-01 14:45:00,1.08,1.083,1.078,1.081,25140900.0,27154256.0
2023-06-01 15:00:00,1.081,1.082,1.078,1.079,20703332.0,22361056.0
2023-06-02 09:45:00,1.08,1.083,1.075,1.08,40817070.0,44022028.0
2023-06-02 10:00:00,1.08,1.08,1.074,1.074,42400150.0,45649556.0
2023-06-02 10:15:00,1.074,1.077,1.073,1.073,43295256.0,46555184.0
2023-06-02 10:30:00,1.074,1.079,1.073,1.079,37358136.0,40178000.0
2023-06-02 10:45:00,1.079,1.08,1.075,1.077,20257600.0,21829356.0
2023-06-02 11:00:00,1.076,1.082,1.076,1.08,26789600.0,28893456.0
2023-06-02 11:15:00,1.08,1.083,1.079,1.082,23429524.0,25325388.0
2023-06-02 11:30:00,1.082,1.084,1.081,1.083,16909300.0,18310364.0
2023-06-02 13:15:00,1.083,1.084,1.08,1.08,24522800.0,26529956.0
2023-06-02 13:30:00,1.081,1.081,1.079,1.081,16957848.0,18317992.0
2023-06-02 13:45:00,1.08,1.083,1.08,1.083,19670528.0,21277640.0
2023-06-02 14:00:00,1.083,1.084,1.08,1.081,17762468.0,19208710.0
2023-06-02 14:15:00,1.081,1.082,1.08,1.08,13820978.0,14940188.0
2023-06-02 14:30:00,1.08,1.082,1.079,1.08,29204912.0,31555238.0
2023-06-02 14:45:00,1.08,1.081,1.079,1.08,19218848.0,20755626.0
2023-06-02 15:00:00,1.08,1.08,1.078,1.078,27768228.0,29955302.0
2023-06-05 09:45:00,1.084,1.092,1.08,1.087,113909479.0,123723791.0
2023-06-05 10:00:00,1.087,1.09,1.086,1.088,43787136.0,47647670.0
2023-06-05 10:15:00,1.088,1.089,1.086,1.088,27795572.0,30225612.0
2023-06-05 10:30:00,1.088,1.091,1.088,1.089,25020646.0,27264132.0
2023-06-05 10:45:00,1.09,1.09,1.083,1.084,31725960.0,34449936.0
2023-06-05 11:00:00,1.083,1.084,1.08,1.082,20797496.0,22504660.0
2023-06-05 11:15:00,1.083,1.085,1.082,1.083,23413068.0,25363486.0
2023-06-05 11:30:00,1.083,1.084,1.082,1.083,10491600.0,11365433.0
2023-06-05 13:15:00,1.083,1.083,1.079,1.079,29831068.0,32228080.0
2023-06-05 13:30:00,1.08,1.081,1.077,1.077,28183632.0,30402752.0
2023-06-05 13:45:00,1.078,1.079,1.076,1.077,16220027.0,17472428.0
2023-06-05 14:00:00,1.077,1.078,1.076,1.078,21958600.0,23651388.0
2023-06-05 14:15:00,1.078,1.08,1.077,1.077,25364068.0,27351060.0
2023-06-05 14:30:00,1.078,1.078,1.075,1.075,25237380.0,27164168.0
2023-06-05 14:45:00,1.076,1.077,1.075,1.076,20249354.0,21786676.0
2023-06-05 15:00:00,1.077,1.077,1.075,1.077,23669984.0,25477024.0
2023-06-06 09:45:00,1.075,1.075,1.066,1.07,99476030.0,106410095.0
2023-06-06 10:00:00,1.07,1.074,1.07,1.07,76595820.0,82115020.0
2023-06-06 10:15:00,1.07,1.071,1.068,1.068,66353470.0,70937070.0
2023-06-06 10:30:00,1.069,1.072,1.067,1.068,43547590.0,46572036.0
2023-06-06 10:45:00,1.068,1.068,1.064,1.065,65439880.0,69735704.0
2023-06-06 11:00:00,1.065,1.069,1.063,1.069,109826280.0,117046240.0
2023-06-06 11:15:00,1.069,1.069,1.066,1.066,29679554.0,31692924.0
2023-06-06 11:30:00,1.066,1.066,1.064,1.065,11796528.0,12561463.0
2023-06-06 13:15:00,1.065,1.066,1.062,1.063,21061978.0,22399256.0
2023-06-06 13:30:00,1.063,1.063,1.06,1.061,24824600.0,26341504.0
2023-06-06 13:45:00,1.06,1.062,1.059,1.06,34086900.0,36144656.0
2023-06-06 14:00:00,1.06,1.06,1.058,1.059,24790400.0,26247620.0
2023-06-06 14:15:00,1.059,1.059,1.055,1.055,26201600.0,27685416.0
2023-06-06 14:30:00,1.055,1.056,1.05,1.051,31557904.0,33201742.0
2023-06-06 14:45:00,1.051,1.053,1.046,1.047,128377400.0,134817170.0
2023-06-06 15:00:00,1.047,1.051,1.047,1.048,68720760.0,72116990.0
2023-06-07 09:45:00,1.052,1.052,1.045,1.05,43074800.0,45137876.0
2023-06-07 10:00:00,1.05,1.053,1.049,1.05,46641184.0,49001050.0
2023-06-07 10:15:00,1.05,1.051,1.045,1.047,28583100.0,29944968.0
2023-06-07 10:30:00,1.047,1.05,1.046,1.048,34728400.0,36398184.0
2023-06-07 10:45:00,1.047,1.048,1.046,1.046,21616700.0,22629828.0
2023-06-07 11:00:00,1.047,1.049,1.045,1.047,18978982.0,19860504.0
2023-06-07 11:15:00,1.047,1.047,1.043,1.044,32899000.0,34382490.0
2023-06-07 11:30:00,1.044,1.045,1.043,1.045,16145800.0,16856064.0
2023-06-07 13:15:00,1.045,1.049,1.045,1.047,64241430.0,67220320.0
2023-06-07 13:30:00,1.048,1.048,1.045,1.046,11305601.0,11828076.0
2023-06-07 13:45:00,1.046,1.047,1.044,1.046,16955300.0,17726546.0
2023-06-07 14:00:00,1.046,1.046,1.044,1.045,14214263.0,14852720.0
2023-06-07 14:15:00,1.045,1.047,1.044,1.045,19481228.0,20363392.0
2023-06-07 14:30:00,1.045,1.045,1.041,1.042,36719784.0,38300696.0
2023-06-07 14:45:00,1.042,1.043,1.041,1.043,29003872.0,30224380.0
2023-06-07 15:00:00,1.043,1.046,1.042,1.045,30846800.0,32179780.0
2023-06-08 09:45:00,1.041,1.047,1.034,1.036,111322119.0,115417639.0
2023-06-08 10:00:00,1.037,1.04,1.035,1.039,60986524.0,63275720.0
2023-06-08 10:15:00,1.039,1.039,1.036,1.038,35230996.0,36550720.0
2023-06-08 10:30:00,1.038,1.038,1.035,1.037,53928500.0,55908590.0
2023-06-08 10:45:00,1.036,1.037,1.032,1.033,51944784.0,53713212.0
2023-06-08 11:00:00,1.033,1.035,1.031,1.033,43466500.0,44893310.0
2023-06-08 11:15:00,1.032,1.034,1.031,1.034,37315096.0,38518716.0
2023-06-08 11:30:00,1.034,1.037,1.033,1.034,28477800.0,29486862.0
2023-06-08 13:15:00,1.035,1.035,1.025,1.029,301961000.0,310282750.0
2023-06-08 13:30:00,1.029,1.035,1.027,1.035,39738696.0,40928500.0
2023-06-08 13:45:00,1.034,1.037,1.033,1.036,46277916.0,47924764.0
2023-06-08 14:00:00,1.036,1.036,1.033,1.033,25293518.0,26153754.0
2023-06-08 14:15:00,1.033,1.035,1.032,1.034,26798968.0,27697892.0
2023-06-08 14:30:00,1.033,1.034,1.032,1.033,26434578.0,27302652.0
2023-06-08 14:45:00,1.033,1.034,1.031,1.033,35070700.0,36210556.0
2023-06-08 15:00:00,1.033,1.035,1.031,1.031,52763400.0,54498216.0
2023-06-09 09:45:00,1.033,1.034,1.029,1.031,54485604.0,56147796.0
2023-06-09 10:00:00,1.03,1.038,1.03,1.035,56499430.0,58445930.0
2023-06-09 10:15:00,1.035,1.036,1.031,1.033,37291500.0,38544052.0
2023-06-09 10:30:00,1.033,1.033,1.03,1.03,36616424.0,37767190.0
2023-06-09 10:45:00,1.03,1.033,1.03,1.031,33364056.0,34402250.0
2023-06-09 11:00:00,1.031,1.032,1.029,1.032,34234700.0,35276920.0
2023-06-09 11:15:00,1.032,1.035,1.031,1.033,24958900.0,25773462.0
2023-06-09 11:30:00,1.033,1.034,1.031,1.033,18326456.0,18921664.0
2023-06-09 13:15:00,1.033,1.037,1.032,1.032,32121220.0,33241480.0
2023-06-09 13:30:00,1.033,1.034,1.031,1.032,16589100.0,17122604.0
2023-06-09 13:45:00,1.031,1.037,1.031,1.036,51740868.0,53508856.0
2023-06-09 14:00:00,1.037,1.038,1.035,1.037,46344756.0,48043256.0
2023-06-09 14:15:00,1.036,1.042,1.036,1.041,51581470.0,53578310.0
2023-06-09 14:30:00,1.041,1.05,1.04,1.05,73809040.0,77164060.0
2023-06-09 14:45:00,1.05,1.051,1.046,1.05,48655730.0,50991664.0
2023-06-09 15:00:00,1.05,1.057,1.049,1.056,63165504.0,66502344.0
2023-06-12 09:45:00,1.053,1.055,1.047,1.05,60596952.0,63673699.0
2023-06-12 10:00:00,1.05,1.055,1.049,1.055,29744796.0,31299538.0
2023-06-12 10:15:00,1.054,1.055,1.049,1.049,27577730.0,28997252.0
2023-06-12 10:30:00,1.049,1.05,1.047,1.05,35441864.0,37151264.0
2023-06-12 10:45:00,1.05,1.05,1.045,1.045,60371164.0,63165870.0
2023-06-12 11:00:00,1.045,1.048,1.043,1.046,55707296.0,58215660.0
2023-06-12 11:15:00,1.046,1.048,1.045,1.047,20437000.0,21379272.0
2023-06-12 11:30:00,1.047,1.051,1.047,1.049,29130288.0,30561226.0
2023-06-12 13:15:00,1.05,1.052,1.047,1.05,38550700.0,40471790.0
2023-06-12 13:30:00,1.05,1.051,1.048,1.048,22942184.0,24078330.0
2023-06-12 13:45:00,1.048,1.05,1.048,1.049,16809568.0,17623326.0
2023-06-12 14:00:00,1.049,1.051,1.049,1.05,10442900.0,10963843.0
2023-06-12 14:15:00,1.05,1.052,1.048,1.051,27684228.0,29074824.0
2023-06-12 14:30:00,1.05,1.052,1.049,1.049,25472692.0,26758140.0
2023-06-12 14:45:00,1.05,1.05,1.048,1.05,14733141.0,15451530.0
2023-06-12 15:00:00,1.05,1.05,1.047,1.049,23020600.0,24136902.0
2023-06-13 09:45:00,1.049,1.049,1.044,1.045,58650568.0,61296396.0
2023-06-13 10:00:00,1.045,1.052,1.044,1.051,55260310.0,57857596.0
2023-06-13 10:15:00,1.051,1.057,1.049,1.054,78246810.0,82353420.0
2023-06-13 10:30:00,1.053,1.054,1.051,1.052,44718030.0,47088988.0
2023-06-13 10:45:00,1.053,1.056,1.052,1.055,35214024.0,37118956.0
2023-06-13 11:00:00,1.056,1.059,1.054,1.058,39893380.0,42141110.0
2023-06-13 11:15:00,1.058,1.058,1.055,1.057,44251930.0,46770820.0
2023-06-13 11:30:00,1.058,1.061,1.056,1.06,73601950.0,77900200.0
2023-06-13 13:15:00,1.059,1.064,1.058,1.063,41153710.0,43667730.0
2023-06-13 13:30:00,1.063,1.065,1.059,1.06,27107956.0,28797800.0
2023-06-13 13:45:00,1.061,1.063,1.06,1.063,13885639.0,14738900.0
2023-06-13 14:00:00,1.063,1.064,1.061,1.063,26252918.0,27898878.0
2023-06-13 14:15:00,1.063,1.064,1.061,1.063,37927050.0,40292930.0
2023-06-13 14:30:00,1.063,1.066,1.062,1.065,39973470.0,42550336.0
2023-06-13 14:45:00,1.065,1.066,1.062,1.062,29100428.0,30955864.0
2023-06-13 15:00:00,1.063,1.063,1.061,1.062,39184764.0,41639124.0
2023-06-14 09:45:00,1.062,1.063,1.057,1.062,47299270.0,50142644.0
2023-06-14 10:00:00,1.062,1.062,1.058,1.059,41855936.0,44357948.0
2023-06-14 10:15:00,1.059,1.063,1.058,1.061,29254178.0,31024944.0
2023-06-14 10:30:00,1.061,1.062,1.058,1.058,34937824.0,37001228.0
2023-06-14 10:45:00,1.059,1.059,1.054,1.055,44122776.0,46602824.0
2023-06-14 11:00:00,1.055,1.056,1.053,1.054,20877140.0,22009992.0
2023-06-14 11:15:00,1.055,1.058,1.054,1.055,19368418.0,20447342.0
2023-06-14 11:30:00,1.056,1.059,1.055,1.058,14414541.0,15231853.0
2023-06-14 13:15:00,1.058,1.059,1.057,1.059,37203684.0,39351948.0
2023-06-14 13:30:00,1.059,1.061,1.057,1.057,26476768.0,28033684.0
2023-06-14 13:45:00,1.057,1.06,1.055,1.059,13840969.0,14636662.0
2023-06-14 14:00:00,1.059,1.06,1.057,1.057,11657800.0,12339761.0
2023-06-14 14:15:00,1.057,1.059,1.055,1.059,14904062.0,15746850.0
2023-06-14 14:30:00,1.058,1.062,1.058,1.06,23012628.0,24403420.0
2023-06-14 14:45:00,1.06,1.061,1.057,1.058,18623544.0,19726552.0
2023-06-14 15:00:00,1.058,1.059,1.057,1.059,14186906.0,15014844.0
2023-06-15 09:45:00,1.059,1.061,1.056,1.057,36198172.0,38288297.0
2023-06-15 10:00:00,1.058,1.058,1.054,1.056,45879790.0,48438180.0
2023-06-15 10:15:00,1.056,1.058,1.055,1.058,29395292.0,31054032.0
2023-06-15 10:30:00,1.058,1.059,1.056,1.057,23340308.0,24677632.0
2023-06-15 10:45:00,1.057,1.06,1.056,1.059,33167944.0,35076020.0
2023-06-15 11:00:00,1.059,1.059,1.057,1.057,20331380.0,21497732.0
2023-06-15 11:15:00,1.057,1.057,1.054,1.055,27025076.0,28527958.0
2023-06-15 11:30:00,1.054,1.056,1.054,1.054,18273096.0,19274128.0
2023-06-15 13:15:00,1.054,1.055,1.052,1.053,38179864.0,40227516.0
2023-06-15 13:30:00,1.054,1.058,1.054,1.058,28599328.0,30185900.0
2023-06-15 13:45:00,1.057,1.058,1.055,1.057,29531336.0,31191368.0
2023-06-15 14:00:00,1.057,1.059,1.055,1.057,35895704.0,37945636.0
2023-06-15 14:15:00,1.057,1.059,1.056,1.057,18603128.0,19666376.0
2023-06-15 14:30:00,1.057,1.058,1.056,1.056,17703148.0,18710876.0
2023-06-15 14:45:00,1.057,1.058,1.056,1.058,44378908.0,46929596.0
2023-06-15 15:00:00,1.058,1.059,1.056,1.059,40807172.0,43154590.0
2023-06-16 09:45:00,1.059,1.063,1.056,1.063,86320350.0,91440079.0
2023-06-16 10:00:00,1.062,1.067,1.062,1.064,73963450.0,78743730.0
2023-06-16 10:15:00,1.065,1.065,1.061,1.063,32266840.0,34294010.0
2023-06-16 10:30:00,1.063,1.064,1.06,1.062,28600170.0,30370552.0
2023-06-16 10:45:00,1.063,1.066,1.061,1.066,28459308.0,30249104.0
2023-06-16 11:00:00,1.065,1.067,1.064,1.065,23790956.0,25346020.0
2023-06-16 11:15:00,1.065,1.067,1.064,1.065,22115668.0,23568240.0
2023-06-16 11:30:00,1.065,1.067,1.063,1.066,16987548.0,18092384.0
2023-06-16 13:15:00,1.066,1.069,1.066,1.066,54686140.0,58388710.0
2023-06-16 13:30:00,1.066,1.07,1.066,1.069,37788532.0,40365344.0
2023-06-16 13:45:00,1.07,1.074,1.068,1.073,63641244.0,68185070.0
2023-06-16 14:00:00,1.074,1.075,1.071,1.072,62075770.0,66584756.0
2023-06-16 14:15:00,1.073,1.074,1.071,1.073,43206900.0,46354304.0
2023-06-16 14:30:00,1.072,1.076,1.072,1.076,53812860.0,57808190.0
2023-06-16 14:45:00,1.076,1.078,1.075,1.077,50246140.0,54073176.0
2023-06-16 15:00:00,1.077,1.077,1.074,1.075,51111070.0,54953868.0
2023-06-19 09:45:00,1.073,1.075,1.068,1.071,43543917.0,46650388.0
2023-06-19 10:00:00,1.071,1.076,1.069,1.075,55291640.0,59315188.0
2023-06-19 10:15:00,1.075,1.078,1.074,1.075,60043720.0,64598040.0
2023-06-19 10:30:00,1.076,1.079,1.075,1.078,33359732.0,35931410.0
2023-06-19 10:45:00,1.078,1.078,1.075,1.076,32835340.0,35356084.0
2023-06-19 11:00:00,1.077,1.08,1.076,1.079,37948864.0,40916540.0
2023-06-19 11:15:00,1.079,1.08,1.077,1.077,29450840.0,31775564.0
2023-06-19 11:30:00,1.077,1.082,1.077,1.081,39232600.0,42354464.0
2023-06-19 13:15:00,1.081,1.082,1.078,1.079,24925928.0,26896332.0
2023-06-19 13:30:00,1.08,1.081,1.079,1.08,35089560.0,37894944.0
2023-06-19 13:45:00,1.081,1.081,1.079,1.08,25728472.0,27790020.0
2023-06-19 14:00:00,1.08,1.081,1.076,1.076,26415644.0,28503468.0
2023-06-19 14:15:00,1.077,1.079,1.075,1.078,64050870.0,68958020.0
2023-06-19 14:30:00,1.079,1.079,1.077,1.078,19545408.0,21066972.0
2023-06-19 14:45:00,1.078,1.079,1.076,1.077,21855040.0,23542840.0
2023-06-19 15:00:00,1.077,1.079,1.076,1.077,45637920.0,49190650.0
2023-06-20 09:45:00,1.074,1.078,1.072,1.073,65478328.0,70424158.0
2023-06-20 10:00:00,1.073,1.073,1.068,1.071,110057910.0,117825960.0
2023-06-20 10:15:00,1.072,1.073,1.069,1.07,233784640.0,250387620.0
2023-06-20 10:30:00,1.07,1.071,1.067,1.068,134017730.0,143243200.0
2023-06-20 10:45:00,1.068,1.068,1.065,1.065,52465150.0,55957120.0
2023-06-20 11:00:00,1.066,1.072,1.066,1.069,35178164.0,37616670.0
2023-06-20 11:15:00,1.07,1.073,1.069,1.071,16280000.0,17438224.0
2023-06-20 11:30:00,1.07,1.072,1.069,1.072,7198111.0,7708758.0
2023-06-20 13:15:00,1.071,1.076,1.071,1.073,30696592.0,32961788.0
2023-06-20 13:30:00,1.074,1.074,1.07,1.072,20781720.0,22271346.0
2023-06-20 13:45:00,1.073,1.076,1.073,1.075,28102742.0,30194412.0
2023-06-20 14:00:00,1.075,1.08,1.075,1.08,39211800.0,42234160.0
2023-06-20 14:15:00,1.079,1.079,1.072,1.073,31654340.0,34070750.0
2023-06-20 14:30:00,1.073,1.075,1.07,1.074,28060228.0,30084594.0
2023-06-20 14:45:00,1.074,1.08,1.073,1.078,44772940.0,48192430.0
2023-06-20 15:00:00,1.078,1.079,1.075,1.077,29804014.0,32096328.0
2023-06-21 09:45:00,1.074,1.074,1.064,1.066,79067100.0,84483158.0
2023-06-21 10:00:00,1.065,1.065,1.06,1.06,80868580.0,85880504.0
2023-06-21 10:15:00,1.061,1.061,1.053,1.055,84967784.0,89747740.0
2023-06-21 10:30:00,1.056,1.061,1.055,1.061,46979916.0,49685284.0
2023-06-21 10:45:00,1.061,1.064,1.059,1.061,38045100.0,40389470.0
2023-06-21 11:00:00,1.062,1.063,1.057,1.057,22765396.0,24096866.0
2023-06-21 11:15:00,1.057,1.059,1.055,1.055,22508400.0,23789922.0
2023-06-21 11:30:00,1.055,1.059,1.055,1.057,22690678.0,23967310.0
2023-06-21 13:15:00,1.057,1.058,1.055,1.056,26964396.0,28486106.0
2023-06-21 13:30:00,1.056,1.057,1.053,1.053,44753784.0,47208100.0
2023-06-21 13:45:00,1.053,1.057,1.053,1.055,35602000.0,37549650.0
2023-06-21 14:00:00,1.054,1.056,1.053,1.054,36295130.0,38266104.0
2023-06-21 14:15:00,1.053,1.054,1.049,1.051,58861100.0,61876936.0
2023-06-21 14:30:00,1.052,1.053,1.048,1.049,39493720.0,41457492.0
2023-06-21 14:45:00,1.049,1.049,1.044,1.044,56360040.0,58981656.0
2023-06-21 15:00:00,1.045,1.045,1.042,1.042,56208452.0,58667260.0
2023-06-26 09:45:00,1.036,1.045,1.032,1.045,69105144.0,71660160.0
2023-06-26 10:00:00,1.045,1.047,1.035,1.036,62246730.0,64727090.0
2023-06-26 10:15:00,1.036,1.038,1.035,1.036,52740950.0,54668896.0
2023-06-26 10:30:00,1.037,1.037,1.032,1.032,62198092.0,64315050.0
2023-06-26 10:45:00,1.032,1.033,1.03,1.03,51439164.0,53049080.0
2023-06-26 11:00:00,1.031,1.039,1.03,1.039,43031230.0,44471600.0
2023-06-26 11:15:00,1.039,1.048,1.038,1.048,52530744.0,54796950.0
2023-06-26 11:30:00,1.048,1.052,1.047,1.049,48278364.0,50690868.0
2023-06-26 13:15:00,1.049,1.049,1.04,1.04,27607190.0,28825796.0
2023-06-26 13:30:00,1.041,1.042,1.039,1.042,23477952.0,24423220.0
2023-06-26 13:45:00,1.042,1.042,1.037,1.038,17650500.0,18345732.0
2023-06-26 14:00:00,1.037,1.04,1.035,1.036,18318200.0,19000728.0
2023-06-26 14:15:00,1.036,1.038,1.034,1.034,24804128.0,25701184.0
2023-06-26 14:30:00,1.035,1.038,1.033,1.035,48297650.0,50009900.0
2023-06-26 14:45:00,1.035,1.035,1.031,1.032,37739200.0,38982036.0
2023-06-26 15:00:00,1.032,1.037,1.032,1.035,35692560.0,36883860.0
2023-06-27 09:45:00,1.035,1.043,1.032,1.041,63284400.0,65601802.0
2023-06-27 10:00:00,1.04,1.04,1.035,1.036,56053812.0,58146732.0
2023-06-27 10:15:00,1.036,1.037,1.032,1.034,47711620.0,49354760.0
2023-06-27 10:30:00,1.033,1.035,1.031,1.034,41458900.0,42812788.0
2023-06-27 10:45:00,1.034,1.034,1.031,1.031,30520200.0,31498460.0
2023-06-27 11:00:00,1.032,1.034,1.031,1.033,34267800.0,35348896.0
2023-06-27 11:15:00,1.034,1.036,1.031,1.034,24131100.0,24940316.0
2023-06-27 11:30:00,1.034,1.039,1.032,1.038,18309652.0,18951732.0
2023-06-27 13:15:00,1.038,1.04,1.035,1.04,46797624.0,48541372.0
2023-06-27 13:30:00,1.039,1.04,1.034,1.035,42930228.0,44526084.0
2023-06-27 13:45:00,1.035,1.036,1.034,1.035,35815796.0,37074750.0
2023-06-27 14:00:00,1.036,1.038,1.035,1.037,36989290.0,38321184.0
2023-06-27 14:15:00,1.038,1.038,1.035,1.037,35135400.0,36429584.0
2023-06-27 14:30:00,1.037,1.039,1.037,1.038,42973264.0,44594396.0
2023-06-27 14:45:00,1.038,1.039,1.036,1.038,38388696.0,39841960.0
2023-06-27 15:00:00,1.038,1.038,1.036,1.036,42217110.0,43779596.0
2023-06-28 09:45:00,1.036,1.042,1.03,1.031,62841944.0,65103895.0
2023-06-28 10:00:00,1.031,1.033,1.029,1.029,106564600.0,109774660.0
2023-06-28 10:15:00,1.029,1.029,1.019,1.024,119701100.0,122683370.0
2023-06-28 10:30:00,1.025,1.031,1.021,1.031,63913620.0,65534996.0
2023-06-28 10:45:00,1.031,1.034,1.028,1.033,30945136.0,31905630.0
2023-06-28 11:00:00,1.034,1.035,1.028,1.034,26272996.0,27117364.0
2023-06-28 11:15:00,1.034,1.038,1.032,1.033,35178170.0,36410668.0
2023-06-28 11:30:00,1.033,1.035,1.031,1.031,12324000.0,12723499.0
2023-06-28 13:15:00,1.032,1.032,1.028,1.03,16697994.0,17190600.0
2023-06-28 13:30:00,1.03,1.03,1.027,1.029,21003368.0,21601356.0
2023-06-28 13:45:00,1.03,1.033,1.029,1.032,12794897.0,13185754.0
2023-06-28 14:00:00,1.032,1.037,1.032,1.035,24369162.0,25228636.0
2023-06-28 14:15:00,1.035,1.035,1.032,1.035,13752477.0,14214374.0
2023-06-28 14:30:00,1.035,1.036,1.031,1.032,16271815.0,16809500.0
2023-06-28 14:45:00,1.032,1.032,1.03,1.03,30653204.0,31587396.0
2023-06-28 15:00:00,1.031,1.034,1.029,1.033,21851676.0,22531670.0
2023-06-29 09:45:00,1.03,1.036,1.028,1.035,40578884.0,41923431.0
2023-06-29 10:00:00,1.035,1.036,1.03,1.03,33520492.0,34636892.0
2023-06-29 10:15:00,1.03,1.031,1.027,1.029,51979044.0,53494296.0
2023-06-29 10:30:00,1.028,1.03,1.028,1.029,29961348.0,30818450.0
2023-06-29 10:45:00,1.028,1.031,1.028,1.028,23901848.0,24602614.0
2023-06-29 11:00:00,1.029,1.03,1.026,1.027,29855608.0,30679808.0
2023-06-29 11:15:00,1.028,1.028,1.025,1.027,28859900.0,29632892.0
2023-06-29 11:30:00,1.026,1.028,1.026,1.028,22143170.0,22743172.0
2023-06-29 13:15:00,1.027,1.03,1.026,1.028,21916478.0,22531304.0
2023-06-29 13:30:00,1.027,1.029,1.027,1.028,30518900.0,31368400.0
2023-06-29 13:45:00,1.028,1.029,1.026,1.027,44956370.0,46178692.0
2023-06-29 14:00:00,1.026,1.028,1.025,1.028,61880476.0,63495640.0
2023-06-29 14:15:00,1.027,1.031,1.027,1.031,50169040.0,51620300.0
2023-06-29 14:30:00,1.03,1.031,1.027,1.028,27292812.0,28080372.0
2023-06-29 14:45:00,1.028,1.029,1.026,1.026,26783636.0,27510108.0
2023-06-29 15:00:00,1.027,1.027,1.025,1.026,32506452.0,33361760.0
2023-06-30 09:45:00,1.024,1.029,1.021,1.027,49693500.0,50930781.0
2023-06-30 10:00:00,1.027,1.029,1.024,1.026,30821784.0,31625542.0
2023-06-30 10:15:00,1.025,1.029,1.024,1.029,36991100.0,37979000.0
2023-06-30 10:30:00,1.029,1.029,1.024,1.025,53051428.0,54435532.0
2023-06-30 10:45:00,1.026,1.028,1.025,1.026,93742160.0,96179150.0
2023-06-30 11:00:00,1.026,1.027,1.023,1.026,87417416.0,89568360.0
2023-06-30 11:15:00,1.026,1.027,1.024,1.024,50873900.0,52152544.0
2023-06-30 11:30:00,1.025,1.029,1.024,1.029,55782956.0,57263770.0
2023-06-30 13:15:00,1.029,1.031,1.027,1.028,60747300.0,62489776.0
2023-06-30 13:30:00,1.029,1.031,1.028,1.03,60459770.0,62247892.0
2023-06-30 13:45:00,1.03,1.031,1.026,1.027,48489030.0,49866964.0
2023-06-30 14:00:00,1.027,1.028,1.025,1.027,50022516.0,51349340.0
2023-06-30 14:15:00,1.028,1.03,1.027,1.029,33849730.0,34800124.0
2023-06-30 14:30:00,1.028,1.032,1.028,1.032,17957400.0,18498904.0
2023-06-30 14:45:00,1.031,1.032,1.029,1.03,17133716.0,17646736.0
2023-06-30 15:00:00,1.03,1.031,1.028,1.03,27700256.0,28523706.0
2023-07-03 09:45:00,1.03,1.036,1.029,1.033,62509367.0,64544412.0
2023-07-03 10:00:00,1.032,1.033,1.026,1.027,72201780.0,74290210.0
2023-07-03 10:15:00,1.026,1.027,1.023,1.026,89016440.0,91244590.0
2023-07-03 10:30:00,1.025,1.026,1.023,1.025,57714348.0,59132610.0
2023-07-03 10:45:00,1.025,1.026,1.024,1.026,34490612.0,35348864.0
2023-07-03 11:00:00,1.026,1.03,1.025,1.03,33966176.0,34898640.0
2023-07-03 11:15:00,1.03,1.033,1.029,1.033,28788000.0,29668354.0
2023-07-03 11:30:00,1.033,1.036,1.031,1.036,48444936.0,50056410.0
2023-07-03 13:15:00,1.036,1.036,1.031,1.034,31664560.0,32718158.0
2023-07-03 13:30:00,1.034,1.034,1.03,1.032,24163628.0,24928852.0
2023-07-03 13:45:00,1.032,1.033,1.031,1.033,20218300.0,20869140.0
2023-07-03 14:00:00,1.032,1.034,1.031,1.034,27646500.0,28545828.0
2023-07-03 14:15:00,1.033,1.034,1.032,1.033,22285336.0,23019724.0
2023-07-03 14:30:00,1.033,1.033,1.03,1.031,35477800.0,36592140.0
2023-07-03 14:45:00,1.03,1.033,1.029,1.033,35083670.0,36161344.0
2023-07-03 15:00:00,1.033,1.034,1.031,1.033,29356000.0,30304740.0
2023-07-04 09:45:00,1.031,1.032,1.028,1.031,32376348.0,33337839.0
2023-07-04 10:00:00,1.031,1.032,1.029,1.03,19697864.0,20297144.0
2023-07-04 10:15:00,1.03,1.032,1.029,1.032,35737250.0,36823404.0
2023-07-04 10:30:00,1.032,1.034,1.03,1.034,76452380.0,78866670.0
2023-07-04 10:45:00,1.035,1.036,1.033,1.034,45491188.0,47060776.0
2023-07-04 11:00:00,1.034,1.037,1.034,1.037,24944276.0,25833726.0
2023-07-04 11:15:00,1.037,1.041,1.036,1.04,54053116.0,56148624.0
2023-07-04 11:30:00,1.04,1.045,1.039,1.044,77141990.0,80444980.0
2023-07-04 13:15:00,1.044,1.044,1.04,1.042,29223166.0,30450366.0
2023-07-04 13:30:00,1.042,1.043,1.038,1.038,23575260.0,24532704.0
2023-07-04 13:45:00,1.038,1.039,1.037,1.038,19857428.0,20614884.0
2023-07-04 14:00:00,1.038,1.039,1.036,1.037,20035900.0,20782476.0
2023-07-04 14:15:00,1.036,1.039,1.036,1.038,18848580.0,19552708.0
2023-07-04 14:30:00,1.039,1.04,1.038,1.039,18812970.0,19542768.0
2023-07-04 14:45:00,1.039,1.041,1.038,1.04,12198057.0,12676789.0
2023-07-04 15:00:00,1.04,1.04,1.038,1.039,15184362.0,15772284.0
2023-07-05 09:45:00,1.037,1.038,1.035,1.037,22815576.0,23641522.0
2023-07-05 10:00:00,1.037,1.04,1.036,1.037,30376052.0,31538294.0
2023-07-05 10:15:00,1.037,1.039,1.036,1.037,15544874.0,16123640.0
2023-07-05 10:30:00,1.037,1.038,1.036,1.036,28063468.0,29104792.0
2023-07-05 10:45:00,1.037,1.039,1.036,1.038,21749170.0,22568192.0
2023-07-05 11:00:00,1.038,1.038,1.035,1.036,20924666.0,21682256.0
2023-07-05 11:15:00,1.036,1.037,1.035,1.035,14530966.0,15046456.0
2023-07-05 11:30:00,1.035,1.036,1.034,1.035,16070200.0,16630724.0
2023-07-05 13:15:00,1.034,1.035,1.032,1.034,31792400.0,32848840.0
2023-07-05 13:30:00,1.034,1.034,1.032,1.034,20645900.0,21328824.0
2023-07-05 13:45:00,1.034,1.035,1.032,1.032,12645769.0,13066490.0
2023-07-05 14:00:00,1.033,1.033,1.031,1.032,27800300.0,28691016.0
2023-07-05 14:15:00,1.032,1.032,1.03,1.032,35346492.0,36436956.0
2023-07-05 14:30:00,1.031,1.032,1.03,1.031,13173200.0,13579511.0
2023-07-05 14:45:00,1.031,1.031,1.028,1.029,36255384.0,37317556.0
2023-07-05 15:00:00,1.029,1.031,1.029,1.03,31286300.0,32213392.0
2023-07-06 09:45:00,1.029,1.032,1.027,1.029,34442616.0,35451772.0
2023-07-06 10:00:00,1.029,1.034,1.029,1.033,29763704.0,30730840.0
2023-07-06 10:15:00,1.033,1.034,1.03,1.033,21351244.0,22036778.0
2023-07-06 10:30:00,1.033,1.035,1.031,1.035,27020194.0,27920248.0
2023-07-06 10:45:00,1.035,1.035,1.03,1.03,27599644.0,28510488.0
2023-07-06 11:00:00,1.03,1.032,1.029,1.032,15917900.0,16394276.0
2023-07-06 11:15:00,1.031,1.033,1.03,1.031,6577569.0,6785801.0
2023-07-06 11:30:00,1.031,1.031,1.029,1.029,15862070.0,16338498.0
2023-07-06 13:15:00,1.029,1.029,1.027,1.029,14414167.0,14820223.0
2023-07-06 13:30:00,1.028,1.029,1.026,1.027,36610500.0,37607652.0
2023-07-06 13:45:00,1.027,1.029,1.026,1.027,19810696.0,20350392.0
2023-07-06 14:00:00,1.026,1.029,1.026,1.029,22138500.0,22749210.0
2023-07-06 14:15:00,1.029,1.029,1.026,1.027,22672200.0,23298304.0
2023-07-06 14:30:00,1.027,1.029,1.026,1.027,19522388.0,20053524.0
2023-07-06 14:45:00,1.027,1.028,1.025,1.026,48802960.0,50072800.0
2023-07-06 15:00:00,1.026,1.027,1.025,1.026,31724070.0,32536738.0
2023-07-07 09:45:00,1.024,1.026,1.02,1.021,71557600.0,73151131.0
2023-07-07 10:00:00,1.021,1.021,1.016,1.018,112399336.0,114468500.0
2023-07-07 10:15:00,1.018,1.018,1.014,1.015,63040300.0,64065630.0
2023-07-07 10:30:00,1.015,1.017,1.013,1.017,50067396.0,50789930.0
2023-07-07 10:45:00,1.017,1.02,1.017,1.02,36503500.0,37184720.0
2023-07-07 11:00:00,1.019,1.02,1.016,1.018,16099300.0,16388098.0
2023-07-07 11:15:00,1.018,1.02,1.016,1.018,15220660.0,15491944.0
2023-07-07 11:30:00,1.018,1.019,1.017,1.018,7524623.0,7656080.0
2023-07-07 13:15:00,1.018,1.02,1.015,1.02,42873700.0,43642252.0
2023-07-07 13:30:00,1.02,1.022,1.019,1.02,18478490.0,18849128.0
2023-07-07 13:45:00,1.021,1.024,1.02,1.022,20798764.0,21257856.0
2023-07-07 14:00:00,1.022,1.023,1.019,1.02,17077422.0,17432188.0
2023-07-07 14:15:00,1.02,1.021,1.019,1.02,10262603.0,10465904.0
2023-07-07 14:30:00,1.02,1.021,1.016,1.017,21723748.0,22115092.0
2023-07-07 14:45:00,1.016,1.018,1.016,1.017,26075180.0,26520152.0
2023-07-07 15:00:00,1.016,1.017,1.015,1.017,32905256.0,33433320.0
2023-07-10 09:45:00,1.017,1.021,1.016,1.02,69026781.0,70285391.0
2023-07-10 10:00:00,1.019,1.024,1.018,1.022,38098600.0,38925170.0
2023-07-10 10:15:00,1.022,1.024,1.021,1.022,31004208.0,31709008.0
2023-07-10 10:30:00,1.022,1.023,1.02,1.021,26026718.0,26594940.0
2023-07-10 10:45:00,1.021,1.021,1.019,1.019,7576711.0,7725823.0
2023-07-10 11:00:00,1.019,1.021,1.019,1.021,18137204.0,18492630.0
2023-07-10 11:15:00,1.021,1.021,1.018,1.018,11233900.0,11455333.0
2023-07-10 11:30:00,1.018,1.019,1.017,1.018,15039044.0,15310536.0
2023-07-10 13:15:00,1.018,1.018,1.015,1.017,30375296.0,30880312.0
2023-07-10 13:30:00,1.017,1.017,1.014,1.014,20664900.0,20980400.0
2023-07-10 13:45:00,1.014,1.016,1.014,1.016,20031120.0,20326576.0
2023-07-10 14:00:00,1.016,1.016,1.014,1.016,17512300.0,17775296.0
2023-07-10 14:15:00,1.015,1.017,1.015,1.016,8717827.0,8858358.0
2023-07-10 14:30:00,1.017,1.019,1.016,1.017,16096200.0,16373711.0
2023-07-10 14:45:00,1.017,1.018,1.016,1.018,22432276.0,22808714.0
2023-07-10 15:00:00,1.018,1.018,1.016,1.018,43487530.0,44234590.0
2023-07-11 09:45:00,1.018,1.021,1.017,1.02,40586403.0,41379553.0
2023-07-11 10:00:00,1.02,1.022,1.017,1.021,31800612.0,32429480.0
2023-07-11 10:15:00,1.02,1.025,1.019,1.022,74550750.0,76226220.0
2023-07-11 10:30:00,1.022,1.024,1.019,1.019,30067800.0,30712968.0
2023-07-11 10:45:00,1.02,1.023,1.018,1.023,22560600.0,23020528.0
2023-07-11 11:00:00,1.022,1.022,1.02,1.022,16430229.0,16785926.0
2023-07-11 11:15:00,1.022,1.025,1.022,1.024,39213884.0,40154190.0
2023-07-11 11:30:00,1.023,1.026,1.023,1.024,40280548.0,41287324.0
2023-07-11 13:15:00,1.025,1.026,1.022,1.022,26582700.0,27214926.0
2023-07-11 13:30:00,1.022,1.023,1.021,1.022,8637464.0,8826405.0
2023-07-11 13:45:00,1.022,1.024,1.021,1.023,12154577.0,12427976.0
2023-07-11 14:00:00,1.023,1.023,1.021,1.022,15031530.0,15360007.0
2023-07-11 14:15:00,1.022,1.023,1.021,1.022,8293360.0,8475812.0
2023-07-11 14:30:00,1.022,1.024,1.022,1.024,11393835.0,11657712.0
2023-07-11 14:45:00,1.024,1.025,1.023,1.024,15558162.0,15930741.0
2023-07-11 15:00:00,1.024,1.025,1.023,1.025,23441476.0,24000548.0
2023-07-12 09:45:00,1.025,1.025,1.018,1.021,64662252.0,65947871.0
2023-07-12 10:00:00,1.021,1.021,1.017,1.018,54130870.0,55153420.0
2023-07-12 10:15:00,1.017,1.02,1.017,1.02,51518060.0,52449560.0
2023-07-12 10:30:00,1.02,1.023,1.019,1.02,22988720.0,23467884.0
2023-07-12 10:45:00,1.021,1.021,1.019,1.019,11326900.0,11547923.0
2023-07-12 11:00:00,1.018,1.02,1.018,1.019,6077136.0,6191123.0
2023-07-12 11:15:00,1.018,1.019,1.017,1.018,16587134.0,16887580.0
2023-07-12 11:30:00,1.019,1.019,1.017,1.018,11233300.0,11434644.0
2023-07-12 13:15:00,1.018,1.019,1.017,1.018,20474372.0,20840530.0
2023-07-12 13:30:00,1.019,1.019,1.015,1.016,40738250.0,41412376.0
2023-07-12 13:45:00,1.016,1.016,1.013,1.014,56123800.0,56939070.0
2023-07-12 14:00:00,1.014,1.015,1.012,1.015,36222236.0,36704520.0
2023-07-12 14:15:00,1.015,1.015,1.013,1.014,32419328.0,32865290.0
2023-07-12 14:30:00,1.014,1.014,1.011,1.013,38519930.0,39005024.0
2023-07-12 14:45:00,1.013,1.013,1.009,1.01,47537492.0,48036236.0
2023-07-12 15:00:00,1.01,1.01,1.007,1.009,60812970.0,61332316.0
2023-07-13 09:45:00,1.012,1.016,1.012,1.014,54190696.0,54945407.0
2023-07-13 10:00:00,1.014,1.017,1.013,1.015,49760524.0,50494710.0
2023-07-13 10:15:00,1.015,1.016,1.014,1.015,29761504.0,30210428.0
2023-07-13 10:30:00,1.014,1.016,1.013,1.015,35239060.0,35754690.0
2023-07-13 10:45:00,1.015,1.016,1.014,1.016,27716796.0,28141548.0
2023-07-13 11:00:00,1.016,1.017,1.015,1.016,23530136.0,23918812.0
2023-07-13 11:15:00,1.016,1.016,1.014,1.015,11922969.0,12099180.0
2023-07-13 11:30:00,1.014,1.017,1.014,1.016,10896800.0,11067542.0
2023-07-13 13:15:00,1.016,1.018,1.015,1.017,23217316.0,23597420.0
2023-07-13 13:30:00,1.018,1.019,1.016,1.019,28518694.0,29025120.0
2023-07-13 13:45:00,1.019,1.02,1.018,1.02,29299324.0,29852356.0
2023-07-13 14:00:00,1.019,1.02,1.018,1.019,19188984.0,19559972.0
2023-07-13 14:15:00,1.019,1.02,1.018,1.019,13637045.0,13895933.0
2023-07-13 14:30:00,1.019,1.02,1.018,1.019,12898448.0,13142930.0
2023-07-13 14:45:00,1.019,1.019,1.018,1.019,20885500.0,21278550.0
2023-07-13 15:00:00,1.018,1.019,1.018,1.019,21143288.0,21539416.0
2023-07-14 09:45:00,1.021,1.025,1.02,1.022,66558542.0,68082116.0
2023-07-14 10:00:00,1.022,1.023,1.019,1.022,29235916.0,29848960.0
2023-07-14 10:15:00,1.022,1.022,1.019,1.02,24102084.0,24591310.0
2023-07-14 10:30:00,1.02,1.022,1.019,1.022,25939596.0,26489656.0
2023-07-14 10:45:00,1.022,1.023,1.02,1.02,27069634.0,27655398.0
2023-07-14 11:00:00,1.02,1.022,1.019,1.019,21800070.0,22240814.0
2023-07-14 11:15:00,1.02,1.021,1.018,1.021,29276838.0,29838576.0
2023-07-14 11:30:00,1.021,1.021,1.018,1.021,14286400.0,14566742.0
2023-07-14 13:15:00,1.021,1.022,1.019,1.02,12989254.0,13255978.0
2023-07-14 13:30:00,1.02,1.021,1.017,1.019,19636760.0,19997076.0
2023-07-14 13:45:00,1.019,1.019,1.017,1.018,6714327.0,6836388.0
2023-07-14 14:00:00,1.017,1.018,1.016,1.017,17721600.0,18022696.0
2023-07-14 14:15:00,1.017,1.019,1.016,1.018,21978200.0,22359032.0
2023-07-14 14:30:00,1.017,1.017,1.015,1.016,22991600.0,23368470.0
2023-07-14 14:45:00,1.016,1.016,1.014,1.015,35565680.0,36098430.0
2023-07-14 15:00:00,1.015,1.016,1.014,1.015,30167300.0,30623488.0
2023-07-17 09:45:00,1.015,1.015,1.009,1.009,56063128.0,56646002.0
2023-07-17 10:00:00,1.009,1.012,1.009,1.011,21351202.0,21574424.0
2023-07-17 10:15:00,1.011,1.011,1.008,1.009,40641652.0,41027044.0
2023-07-17 10:30:00,1.009,1.01,1.008,1.009,24128416.0,24331008.0
2023-07-17 10:45:00,1.009,1.009,1.007,1.008,16473604.0,16605611.0
2023-07-17 11:00:00,1.007,1.009,1.007,1.008,19102700.0,19249712.0
2023-07-17 11:15:00,1.008,1.009,1.007,1.009,25055400.0,25253516.0
2023-07-17 11:30:00,1.009,1.009,1.007,1.007,15438000.0,15559040.0
2023-07-17 13:15:00,1.007,1.01,1.007,1.008,32985596.0,33261868.0
2023-07-17 13:30:00,1.008,1.008,1.006,1.006,49955180.0,50306520.0
2023-07-17 13:45:00,1.007,1.008,1.006,1.007,27598196.0,27779360.0
2023-07-17 14:00:00,1.007,1.008,1.006,1.007,24464900.0,24633744.0
2023-07-17 14:15:00,1.007,1.008,1.006,1.006,26581900.0,26773176.0
2023-07-17 14:30:00,1.007,1.007,1.005,1.007,33255484.0,33455426.0
2023-07-17 14:45:00,1.007,1.008,1.006,1.007,24119300.0,24283850.0
2023-07-17 15:00:00,1.007,1.009,1.006,1.009,32738208.0,32983016.0
2023-07-18 09:45:00,1.01,1.011,1.007,1.008,43912350.0,44297071.0
2023-07-18 10:00:00,1.007,1.011,1.007,1.01,43186556.0,43599150.0
2023-07-18 10:15:00,1.011,1.011,1.007,1.008,34980140.0,35269984.0
2023-07-18 10:30:00,1.008,1.008,1.006,1.007,45425960.0,45745344.0
2023-07-18 10:45:00,1.006,1.008,1.004,1.006,51128548.0,51404150.0
2023-07-18 11:00:00,1.005,1.007,1.005,1.007,26872704.0,27028220.0
2023-07-18 11:15:00,1.007,1.007,1.004,1.005,28898000.0,29047940.0
2023-07-18 11:30:00,1.005,1.006,1.004,1.005,16016900.0,16093019.0
2023-07-18 13:15:00,1.005,1.009,1.004,1.007,32280692.0,32480164.0
2023-07-18 13:30:00,1.007,1.008,1.005,1.006,20761304.0,20892064.0
2023-07-18 13:45:00,1.006,1.006,1.005,1.005,11155757.0,11216631.0
2023-07-18 14:00:00,1.005,1.006,1.004,1.006,32666450.0,32838188.0
2023-07-18 14:15:00,1.005,1.006,1.005,1.005,16785316.0,16875004.0
2023-07-18 14:30:00,1.006,1.006,1.004,1.006,42856484.0,43067940.0
2023-07-18 14:45:00,1.006,1.006,1.004,1.004,26111846.0,26234772.0
2023-07-18 15:00:00,1.005,1.006,1.004,1.006,27478360.0,27610012.0
2023-07-19 09:45:00,1.007,1.011,1.004,1.005,65377042.0,65861450.0
2023-07-19 10:00:00,1.005,1.006,1.004,1.005,42352652.0,42553772.0
2023-07-19 10:15:00,1.004,1.005,1.001,1.002,59486950.0,59632176.0
2023-07-19 10:30:00,1.002,1.003,1.0,1.002,48265530.0,48327296.0
2023-07-19 10:45:00,1.002,1.003,1.001,1.002,22344628.0,22384180.0
2023-07-19 11:00:00,1.002,1.003,1.0,1.001,16664400.0,16684925.0
2023-07-19 11:15:00,1.001,1.002,1.0,1.001,18425112.0,18440532.0
2023-07-19 11:30:00,1.002,1.002,1.0,1.001,29684100.0,29696362.0
2023-07-19 13:15:00,1.0,1.001,0.999,1.0,40492772.0,40487450.0
2023-07-19 13:30:00,0.999,1.0,0.998,0.998,17836800.0,17817018.0
2023-07-19 13:45:00,0.999,0.999,0.996,0.998,42911428.0,42800030.0
2023-07-19 14:00:00,0.998,1.0,0.997,0.999,17778648.0,17749482.0
2023-07-19 14:15:00,0.999,1.002,0.998,1.0,32763700.0,32762200.0
2023-07-19 14:30:00,1.0,1.0,0.998,0.999,19513770.0,19487668.0
2023-07-19 14:45:00,0.998,0.999,0.997,0.999,31061378.0,31000572.0
2023-07-19 15:00:00,0.999,0.999,0.997,0.999,41607240.0,41524570.0
2023-07-20 09:45:00,0.999,1.003,0.998,0.999,55887452.0,55894991.0
2023-07-20 10:00:00,1.0,1.0,0.994,0.995,65181700.0,64960012.0
2023-07-20 10:15:00,0.995,0.996,0.994,0.996,45595056.0,45369540.0
2023-07-20 10:30:00,0.995,0.997,0.994,0.995,33738500.0,33578636.0
2023-07-20 10:45:00,0.996,0.996,0.994,0.995,14212700.0,14143927.0
2023-07-20 11:00:00,0.995,0.995,0.992,0.993,58945340.0,58539350.0
2023-07-20 11:15:00,0.992,0.993,0.991,0.993,22012816.0,21837680.0
2023-07-20 11:30:00,0.992,0.993,0.99,0.991,27398450.0,27156200.0
2023-07-20 13:15:00,0.991,0.993,0.989,0.993,55167790.0,54630536.0
2023-07-20 13:30:00,0.993,0.994,0.991,0.992,22724756.0,22561618.0
2023-07-20 13:45:00,0.992,0.992,0.99,0.991,28103008.0,27856676.0
2023-07-20 14:00:00,0.991,0.991,0.99,0.991,8370769.0,8290004.0
2023-07-20 14:15:00,0.99,0.991,0.988,0.989,33208500.0,32861464.0
2023-07-20 14:30:00,0.989,0.989,0.986,0.988,59364470.0,58634960.0
2023-07-20 14:45:00,0.988,0.988,0.984,0.985,54924660.0,54142990.0
2023-07-20 15:00:00,0.985,0.986,0.984,0.986,47376630.0,46664508.0
2023-07-21 09:45:00,0.983,0.986,0.98,0.981,59633976.0,58599842.0
2023-07-21 10:00:00,0.981,0.985,0.98,0.985,37977170.0,37308536.0
2023-07-21 10:15:00,0.985,0.987,0.984,0.985,35162708.0,34639516.0
2023-07-21 10:30:00,0.985,0.987,0.984,0.986,22901094.0,22575450.0
2023-07-21 10:45:00,0.986,0.987,0.983,0.984,22055800.0,21717722.0
2023-07-21 11:00:00,0.984,0.984,0.982,0.984,22158496.0,21783756.0
2023-07-21 11:15:00,0.984,0.984,0.981,0.981,19618382.0,19265456.0
2023-07-21 11:30:00,0.982,0.982,0.98,0.981,19831128.0,19446908.0
2023-07-21 13:15:00,0.981,0.981,0.979,0.98,50227310.0,49225140.0
2023-07-21 13:30:00,0.98,0.981,0.979,0.98,23194108.0,22728572.0
2023-07-21 13:45:00,0.981,0.981,0.977,0.978,39772480.0,38933816.0
2023-07-21 14:00:00,0.978,0.979,0.977,0.979,33932256.0,33187988.0
2023-07-21 14:15:00,0.979,0.981,0.979,0.98,26431854.0,25903542.0
2023-07-21 14:30:00,0.98,0.98,0.978,0.979,15714304.0,15384112.0
2023-07-21 14:45:00,0.979,0.979,0.977,0.979,41423164.0,40513144.0
2023-07-21 15:00:00,0.979,0.979,0.978,0.979,39795010.0,38938944.0
2023-07-24 09:45:00,0.977,0.98,0.975,0.979,74821990.0,73207558.0
2023-07-24 10:00:00,0.98,0.981,0.977,0.981,37203440.0,36414772.0
2023-07-24 10:15:00,0.981,0.983,0.98,0.98,35350700.0,34698440.0
2023-07-24 10:30:00,0.981,0.984,0.98,0.983,29465928.0,28949604.0
2023-07-24 10:45:00,0.983,0.983,0.981,0.982,13267954.0,13026943.0
2023-07-24 11:00:00,0.982,0.982,0.98,0.98,23510168.0,23053492.0
2023-07-24 11:15:00,0.98,0.981,0.978,0.978,17587500.0,17222716.0
2023-07-24 11:30:00,0.978,0.979,0.977,0.978,9595000.0,9381936.0
2023-07-24 13:15:00,0.978,0.979,0.977,0.978,32643804.0,31927950.0
2023-07-24 13:30:00,0.978,0.978,0.975,0.976,46429508.0,45344532.0
2023-07-24 13:45:00,0.976,0.977,0.975,0.976,26089254.0,25464020.0
2023-07-24 14:00:00,0.976,0.977,0.975,0.976,16721400.0,16318307.0
2023-07-24 14:15:00,0.976,0.976,0.974,0.975,28262954.0,27556538.0
2023-07-24 14:30:00,0.975,0.975,0.973,0.974,32861000.0,32007392.0
2023-07-24 14:45:00,0.974,0.974,0.973,0.974,21656728.0,21088794.0
2023-07-24 15:00:00,0.974,0.975,0.973,0.974,30969770.0,30161020.0
2023-07-25 09:45:00,0.981,0.985,0.98,0.982,108739010.0,106818172.0
2023-07-25 10:00:00,0.981,0.983,0.979,0.982,59639240.0,58521910.0
2023-07-25 10:15:00,0.982,0.983,0.98,0.982,45755704.0,44912120.0
2023-07-25 10:30:00,0.982,0.983,0.981,0.981,31213960.0,30644118.0
2023-07-25 10:45:00,0.982,0.985,0.981,0.984,27399854.0,26944784.0
2023-07-25 11:00:00,0.984,0.986,0.983,0.985,36487696.0,35917130.0
2023-07-25 11:15:00,0.986,0.986,0.984,0.985,22605836.0,22266772.0
2023-07-25 11:30:00,0.985,0.986,0.984,0.985,34058510.0,33550998.0
2023-07-25 13:15:00,0.986,0.989,0.985,0.989,56334944.0,55613720.0
2023-07-25 13:30:00,0.989,0.989,0.986,0.987,34673690.0,34240070.0
2023-07-25 13:45:00,0.987,0.987,0.985,0.987,20958316.0,20664772.0
2023-07-25 14:00:00,0.987,0.988,0.986,0.987,13529334.0,13350525.0
2023-07-25 14:15:00,0.987,0.988,0.986,0.988,5794908.0,5721317.0
2023-07-25 14:30:00,0.988,0.988,0.987,0.988,10612420.0,10479214.0
2023-07-25 14:45:00,0.988,0.988,0.987,0.988,29108446.0,28744328.0
2023-07-25 15:00:00,0.988,0.989,0.987,0.989,39687740.0,39231540.0
2023-07-26 09:45:00,0.988,0.988,0.984,0.987,63183792.0,62279215.0
2023-07-26 10:00:00,0.988,0.991,0.987,0.991,55255524.0,54659790.0
2023-07-26 10:15:00,0.991,0.991,0.988,0.99,34221308.0,33859292.0
2023-07-26 10:30:00,0.99,0.992,0.988,0.99,36302870.0,35936040.0
2023-07-26 10:45:00,0.99,0.99,0.987,0.989,27362726.0,27054056.0
2023-07-26 11:00:00,0.99,0.991,0.989,0.99,12480412.0,12355896.0
2023-07-26 11:15:00,0.99,0.99,0.988,0.988,15627800.0,15450842.0
2023-07-26 11:30:00,0.988,0.989,0.987,0.987,35717400.0,35288108.0
2023-07-26 13:15:00,0.988,0.988,0.985,0.986,27463598.0,27092276.0
2023-07-26 13:30:00,0.986,0.986,0.984,0.986,35982300.0,35442556.0
2023-07-26 13:45:00,0.986,0.987,0.984,0.984,34978100.0,34461136.0
2023-07-26 14:00:00,0.985,0.985,0.983,0.984,24988740.0,24594088.0
2023-07-26 14:15:00,0.984,0.986,0.983,0.986,18042262.0,17766716.0
2023-07-26 14:30:00,0.986,0.986,0.983,0.984,42269880.0,41608304.0
2023-07-26 14:45:00,0.984,0.984,0.983,0.983,10488923.0,10318869.0
2023-07-26 15:00:00,0.984,0.986,0.983,0.985,52852290.0,52049150.0
2023-07-27 09:45:00,0.985,0.988,0.984,0.986,57142100.0,56337021.0
2023-07-27 10:00:00,0.985,0.985,0.983,0.983,55594000.0,54715544.0
2023-07-27 10:15:00,0.984,0.985,0.983,0.984,81720700.0,80408890.0
2023-07-27 10:30:00,0.984,0.985,0.983,0.983,36884244.0,36293090.0
2023-07-27 10:45:00,0.984,0.984,0.982,0.983,23204118.0,22808948.0
2023-07-27 11:00:00,0.983,0.983,0.981,0.981,26342492.0,25869316.0
2023-07-27 11:15:00,0.982,0.983,0.981,0.982,16613269.0,16312744.0
2023-07-27 11:30:00,0.982,0.982,0.98,0.982,35957024.0,35275920.0
2023-07-27 13:15:00,0.982,0.982,0.98,0.981,17027642.0,16705777.0
2023-07-27 13:30:00,0.981,0.981,0.979,0.979,33138948.0,32474584.0
2023-07-27 13:45:00,0.98,0.98,0.978,0.979,37650600.0,36860532.0
2023-07-27 14:00:00,0.978,0.98,0.977,0.978,42350100.0,41445116.0
2023-07-27 14:15:00,0.978,0.978,0.975,0.977,32256300.0,31500412.0
2023-07-27 14:30:00,0.977,0.977,0.976,0.976,18132952.0,17707026.0
2023-07-27 14:45:00,0.977,0.977,0.974,0.975,54269496.0,52925656.0
2023-07-27 15:00:00,0.975,0.977,0.975,0.976,35260624.0,34409230.0
2023-07-28 09:45:00,0.975,0.976,0.971,0.974,54419584.0,52978676.0
2023-07-28 10:00:00,0.974,0.975,0.972,0.973,30943580.0,30120960.0
2023-07-28 10:15:00,0.973,0.974,0.971,0.973,31900188.0,31019172.0
2023-07-28 10:30:00,0.973,0.975,0.972,0.975,36546216.0,35594468.0
2023-07-28 10:45:00,0.975,0.975,0.972,0.975,33580200.0,32695840.0
2023-07-28 11:00:00,0.975,0.978,0.973,0.978,76210650.0,74334780.0
2023-07-28 11:15:00,0.977,0.983,0.977,0.98,69864640.0,68493520.0
2023-07-28 11:30:00,0.981,0.983,0.978,0.982,49700700.0,48744100.0
2023-07-28 13:15:00,0.982,0.986,0.982,0.985,83135460.0,81841620.0
2023-07-28 13:30:00,0.985,0.986,0.983,0.984,29114682.0,28656596.0
2023-07-28 13:45:00,0.984,0.985,0.983,0.984,32051700.0,31538454.0
2023-07-28 14:00:00,0.984,0.985,0.983,0.984,29109912.0,28646126.0
2023-07-28 14:15:00,0.984,0.985,0.983,0.985,28516096.0,28062654.0
2023-07-28 14:30:00,0.985,0.986,0.984,0.986,27286800.0,26886590.0
2023-07-28 14:45:00,0.986,0.986,0.985,0.986,17501270.0,17246332.0
2023-07-28 15:00:00,0.986,0.987,0.985,0.986,36912910.0,36397180.0
2023-07-31 09:45:00,0.987,0.994,0.982,0.992,245805160.0,243206389.0
2023-07-31 10:00:00,0.993,0.993,0.99,0.992,104714460.0,103876270.0
2023-07-31 10:15:00,0.991,0.998,0.99,0.998,83463020.0,82981650.0
2023-07-31 10:30:00,0.998,0.998,0.995,0.996,71740900.0,71511896.0
2023-07-31 10:45:00,0.996,0.997,0.993,0.995,55516256.0,55223330.0
2023-07-31 11:00:00,0.995,0.996,0.994,0.995,27148900.0,27012496.0
2023-07-31 11:15:00,0.995,0.996,0.994,0.995,12123600.0,12058635.0
2023-07-31 11:30:00,0.995,0.995,0.993,0.994,18258554.0,18152856.0
2023-07-31 13:15:00,0.994,0.995,0.991,0.992,45083616.0,44756170.0
2023-07-31 13:30:00,0.991,0.993,0.99,0.992,62633064.0,62108024.0
2023-07-31 13:45:00,0.992,0.992,0.99,0.991,26177960.0,25938884.0
2023-07-31 14:00:00,0.991,0.991,0.99,0.99,12601999.0,12481961.0
2023-07-31 14:15:00,0.991,0.991,0.989,0.991,36797730.0,36427350.0
2023-07-31 14:30:00,0.991,0.991,0.989,0.99,44299600.0,43861948.0
2023-07-31 14:45:00,0.99,0.994,0.989,0.993,50670856.0,50201304.0
2023-07-31 15:00:00,0.994,0.995,0.993,0.993,60240930.0,59878964.0
2023-08-01 09:45:00,0.993,0.994,0.99,0.991,62039830.0,61537670.0
2023-08-01 10:00:00,0.991,0.994,0.99,0.993,44889276.0,44556428.0
2023-08-01 10:15:00,0.993,0.994,0.992,0.993,25646792.0,25460532.0
2023-08-01 10:30:00,0.993,0.994,0.991,0.993,36158670.0,35880976.0
2023-08-01 10:45:00,0.992,0.993,0.991,0.992,20104836.0,19943608.0
2023-08-01 11:00:00,0.991,0.993,0.99,0.992,36034000.0,35729664.0
2023-08-01 11:15:00,0.992,0.993,0.991,0.993,17529964.0,17386432.0
2023-08-01 11:30:00,0.993,0.993,0.991,0.993,17173318.0,17039500.0
2023-08-01 13:15:00,0.992,0.993,0.991,0.992,24580446.0,24382012.0
2023-08-01 13:30:00,0.991,0.993,0.99,0.992,59259844.0,58762280.0
2023-08-01 13:45:00,0.992,0.992,0.99,0.991,32958200.0,32665206.0
2023-08-01 14:00:00,0.991,0.992,0.991,0.991,23876394.0,23669252.0
2023-08-01 14:15:00,0.991,0.992,0.99,0.991,37319880.0,36972628.0
2023-08-01 14:30:00,0.991,0.992,0.989,0.992,30792432.0,30494416.0
2023-08-01 14:45:00,0.992,0.992,0.991,0.992,6410198.0,6357245.0
2023-08-01 15:00:00,0.992,0.994,0.991,0.994,31437800.0,31211402.0
2023-08-02 09:45:00,0.993,0.997,0.991,0.997,60243504.0,59872839.0
2023-08-02 10:00:00,0.996,0.997,0.994,0.995,66576096.0,66277150.0
2023-08-02 10:15:00,0.995,0.996,0.993,0.993,38466390.0,38229720.0
2023-08-02 10:30:00,0.994,0.996,0.993,0.995,31626348.0,31460696.0
2023-08-02 10:45:00,0.994,0.996,0.993,0.994,20020564.0,19909552.0
2023-08-02 11:00:00,0.995,0.995,0.993,0.994,26319472.0,26174572.0
2023-08-02 11:15:00,0.994,0.995,0.993,0.994,26458928.0,26286354.0
2023-08-02 11:30:00,0.993,0.994,0.992,0.993,15925948.0,15812285.0
2023-08-02 13:15:00,0.993,0.993,0.99,0.991,36615650.0,36299716.0
2023-08-02 13:30:00,0.992,0.992,0.99,0.991,16445927.0,16294760.0
2023-08-02 13:45:00,0.991,0.992,0.989,0.99,42599800.0,42189980.0
2023-08-02 14:00:00,0.991,0.992,0.99,0.99,10035054.0,9940909.0
2023-08-02 14:15:00,0.99,0.992,0.99,0.991,22449678.0,22246590.0
2023-08-02 14:30:00,0.991,0.991,0.99,0.991,14695300.0,14555813.0
2023-08-02 14:45:00,0.991,0.992,0.99,0.991,22660016.0,22457952.0
2023-08-02 15:00:00,0.992,0.993,0.991,0.993,25804142.0,25602078.0
2023-08-03 09:45:00,0.99,0.995,0.987,0.994,68003300.0,67405205.0
2023-08-03 10:00:00,0.994,0.995,0.992,0.993,53524700.0,53176316.0
2023-08-03 10:15:00,0.993,0.993,0.991,0.992,27882000.0,27668392.0
2023-08-03 10:30:00,0.992,0.994,0.992,0.993,37517500.0,37245820.0
2023-08-03 10:45:00,0.994,0.994,0.991,0.991,29586246.0,29352208.0
2023-08-03 11:00:00,0.992,0.993,0.99,0.99,37575860.0,37230156.0
2023-08-03 11:15:00,0.991,0.991,0.989,0.991,19064866.0,18875068.0
2023-08-03 11:30:00,0.99,0.991,0.989,0.99,18258300.0,18079182.0
2023-08-03 13:15:00,0.99,0.992,0.99,0.991,28515572.0,28259516.0
2023-08-03 13:30:00,0.991,0.993,0.991,0.992,36075870.0,35793460.0
2023-08-03 13:45:00,0.992,0.993,0.991,0.992,25050580.0,24849372.0
2023-08-03 14:00:00,0.993,0.994,0.992,0.993,31139758.0,30919194.0
2023-08-03 14:15:00,0.993,0.993,0.992,0.993,10165900.0,10090102.0
2023-08-03 14:30:00,0.993,0.994,0.992,0.993,36410116.0,36153716.0
2023-08-03 14:45:00,0.993,0.994,0.992,0.994,48473490.0,48132516.0
2023-08-03 15:00:00,0.994,0.995,0.993,0.994,85120220.0,84661800.0
2023-08-04 09:45:00,0.997,1.0,0.996,0.999,98837450.0,98698353.0
2023-08-04 10:00:00,0.999,0.999,0.996,0.998,59790600.0,59639110.0
2023-08-04 10:15:00,0.997,0.998,0.995,0.996,61094504.0,60859684.0
2023-08-04 10:30:00,0.995,0.996,0.994,0.996,42362656.0,42141950.0
2023-08-04 10:45:00,0.996,0.996,0.993,0.994,29327116.0,29148048.0
2023-08-04 11:00:00,0.993,0.994,0.993,0.994,25542948.0,25371546.0
2023-08-04 11:15:00,0.994,0.995,0.993,0.995,16553639.0,16459954.0
2023-08-04 11:30:00,0.994,0.997,0.994,0.996,25808068.0,25695068.0
2023-08-04 13:15:00,0.996,0.998,0.995,0.996,42691164.0,42557390.0
2023-08-04 13:30:00,0.997,0.999,0.997,0.998,43084600.0,42998970.0
2023-08-04 13:45:00,0.997,0.999,0.997,0.999,25428000.0,25386900.0
2023-08-04 14:00:00,0.999,1.0,0.998,0.998,42829750.0,42790052.0
2023-08-04 14:15:00,0.998,0.999,0.997,0.997,25207708.0,25157472.0
2023-08-04 14:30:00,0.997,0.999,0.997,0.999,9375000.0,9357443.0
2023-08-04 14:45:00,0.998,1.001,0.998,1.0,42248600.0,42235470.0
2023-08-04 15:00:00,1.0,1.001,0.999,1.0,72891930.0,72932140.0
2023-08-07 09:45:00,0.998,1.001,0.996,0.996,66925667.0,66816633.0
2023-08-07 10:00:00,0.996,0.998,0.995,0.996,43299500.0,43137570.0
2023-08-07 10:15:00,0.996,0.996,0.994,0.996,44888196.0,44666564.0
2023-08-07 10:30:00,0.996,0.996,0.994,0.996,19578136.0,19481436.0
2023-08-07 10:45:00,0.996,0.996,0.994,0.995,34465076.0,34292684.0
2023-08-07 11:00:00,0.996,0.996,0.995,0.996,14593079.0,14527545.0
2023-08-07 11:15:00,0.995,0.997,0.995,0.996,23715996.0,23626294.0
2023-08-07 11:30:00,0.996,0.996,0.994,0.995,13008924.0,12945233.0
2023-08-07 13:15:00,0.995,0.995,0.994,0.994,16499192.0,16407579.0
2023-08-07 13:30:00,0.995,0.995,0.992,0.994,53964296.0,53600292.0
2023-08-07 13:45:00,0.994,0.995,0.992,0.992,33993456.0,33773570.0
2023-08-07 14:00:00,0.992,0.993,0.991,0.991,24887000.0,24692940.0
2023-08-07 14:15:00,0.992,0.993,0.991,0.993,34611900.0,34333188.0
2023-08-07 14:30:00,0.992,0.993,0.991,0.991,36886644.0,36590136.0
2023-08-07 14:45:00,0.992,0.992,0.99,0.991,44493196.0,44099570.0
2023-08-07 15:00:00,0.992,0.992,0.991,0.992,23209578.0,23014608.0
2023-08-08 09:45:00,0.992,0.994,0.99,0.992,35892580.0,35594508.0
2023-08-08 10:00:00,0.992,0.992,0.99,0.991,47673250.0,47241496.0
2023-08-08 10:15:00,0.991,0.992,0.99,0.991,36048150.0,35714080.0
2023-08-08 10:30:00,0.991,0.991,0.99,0.99,8323727.0,8243266.0
2023-08-08 10:45:00,0.99,0.992,0.989,0.992,36154080.0,35796696.0
2023-08-08 11:00:00,0.992,0.992,0.989,0.99,29465600.0,29176420.0
2023-08-08 11:15:00,0.99,0.992,0.989,0.992,19773868.0,19587642.0
2023-08-08 11:30:00,0.992,0.992,0.99,0.991,13513939.0,13391041.0
2023-08-08 13:15:00,0.992,0.992,0.99,0.991,27470100.0,27218568.0
2023-08-08 13:30:00,0.991,0.994,0.99,0.993,77934136.0,77351180.0
2023-08-08 13:45:00,0.993,0.993,0.991,0.991,67982600.0,67457704.0
2023-08-08 14:00:00,0.992,0.992,0.99,0.99,20580748.0,20390264.0
2023-08-08 14:15:00,0.99,0.991,0.989,0.989,26612684.0,26344702.0
2023-08-08 14:30:00,0.99,0.99,0.989,0.99,8632969.0,8544920.0
2023-08-08 14:45:00,0.99,0.99,0.989,0.989,8835903.0,8744413.0
2023-08-08 15:00:00,0.99,0.99,0.989,0.989,29056696.0,28754904.0
2023-08-09 09:45:00,0.988,0.99,0.985,0.988,59261484.0,58505120.0
2023-08-09 10:00:00,0.988,0.989,0.985,0.987,41400744.0,40853156.0
2023-08-09 10:15:00,0.988,0.988,0.985,0.986,20216600.0,19942660.0
2023-08-09 10:30:00,0.985,0.987,0.984,0.984,38532864.0,37960640.0
2023-08-09 10:45:00,0.985,0.987,0.983,0.986,37506696.0,36952268.0
2023-08-09 11:00:00,0.987,0.987,0.985,0.987,15908100.0,15688192.0
2023-08-09 11:15:00,0.987,0.987,0.985,0.985,20340600.0,20052692.0
2023-08-09 11:30:00,0.985,0.986,0.984,0.985,21555800.0,21229392.0
2023-08-09 13:15:00,0.985,0.985,0.984,0.984,7472054.0,7354584.0
2023-08-09 13:30:00,0.985,0.985,0.983,0.984,18215008.0,17924080.0
2023-08-09 13:45:00,0.983,0.984,0.981,0.982,41778492.0,41047972.0
2023-08-09 14:00:00,0.981,0.983,0.981,0.981,46579830.0,45739644.0
2023-08-09 14:15:00,0.981,0.983,0.981,0.982,15027735.0,14754798.0
2023-08-09 14:30:00,0.982,0.983,0.981,0.981,19627384.0,19271582.0
2023-08-09 14:45:00,0.982,0.982,0.98,0.981,39644400.0,38882220.0
2023-08-09 15:00:00,0.981,0.982,0.98,0.981,48333820.0,47407600.0
2023-08-10 09:45:00,0.979,0.983,0.979,0.983,33142240.0,32530848.0
2023-08-10 10:00:00,0.983,0.985,0.981,0.982,44406856.0,43640544.0
2023-08-10 10:15:00,0.982,0.983,0.981,0.983,20608048.0,20225990.0
2023-08-10 10:30:00,0.983,0.984,0.982,0.983,20331734.0,19983052.0
2023-08-10 10:45:00,0.982,0.983,0.981,0.982,23731800.0,23313896.0
2023-08-10 11:00:00,0.982,0.982,0.981,0.981,13276248.0,13025269.0
2023-08-10 11:15:00,0.98,0.981,0.979,0.98,21862970.0,21422828.0
2023-08-10 11:30:00,0.98,0.98,0.978,0.979,19241330.0,18835778.0
2023-08-10 13:15:00,0.979,0.98,0.978,0.98,48208920.0,47182836.0
2023-08-10 13:30:00,0.979,0.98,0.978,0.98,24292900.0,23783380.0
2023-08-10 13:45:00,0.979,0.981,0.979,0.979,22995248.0,22537720.0
2023-08-10 14:00:00,0.98,0.98,0.979,0.98,4209780.0,4124839.0
2023-08-10 14:15:00,0.98,0.983,0.979,0.983,21078820.0,20681184.0
2023-08-10 14:30:00,0.983,0.983,0.981,0.983,41428440.0,40706630.0
2023-08-10 14:45:00,0.983,0.983,0.982,0.983,13922611.0,13682642.0
2023-08-10 15:00:00,0.983,0.983,0.981,0.982,34485416.0,33883176.0
2023-08-11 09:45:00,0.982,0.984,0.979,0.98,29707500.0,29141574.0
2023-08-11 10:00:00,0.98,0.98,0.978,0.978,18866800.0,18465568.0
2023-08-11 10:15:00,0.978,0.979,0.976,0.979,48880800.0,47770960.0
2023-08-11 10:30:00,0.979,0.979,0.976,0.977,19806640.0,19352896.0
2023-08-11 10:45:00,0.977,0.977,0.975,0.976,29327668.0,28620234.0
2023-08-11 11:00:00,0.976,0.976,0.972,0.973,79696000.0,77620500.0
2023-08-11 11:15:00,0.973,0.974,0.972,0.973,31612774.0,30766012.0
2023-08-11 11:30:00,0.973,0.974,0.972,0.973,30585456.0,29754772.0
2023-08-11 13:15:00,0.973,0.974,0.972,0.973,32416332.0,31535200.0
2023-08-11 13:30:00,0.973,0.973,0.971,0.972,49917490.0,48518484.0
2023-08-11 13:45:00,0.972,0.972,0.97,0.971,36708750.0,35641416.0
2023-08-11 14:00:00,0.97,0.971,0.969,0.97,31197100.0,30247844.0
2023-08-11 14:15:00,0.97,0.97,0.967,0.967,39845810.0,38583644.0
2023-08-11 14:30:00,0.967,0.968,0.966,0.966,40960664.0,39606160.0
2023-08-11 14:45:00,0.966,0.967,0.963,0.964,83117860.0,80181224.0
2023-08-11 15:00:00,0.963,0.965,0.962,0.962,61970864.0,59709510.0
2023-08-14 09:45:00,0.952,0.957,0.952,0.954,95697564.0,91282156.0
2023-08-14 10:00:00,0.954,0.955,0.952,0.952,63769970.0,60808120.0
2023-08-14 10:15:00,0.953,0.953,0.95,0.951,61133376.0,58161148.0
2023-08-14 10:30:00,0.951,0.951,0.949,0.95,42708664.0,40579944.0
2023-08-14 10:45:00,0.95,0.95,0.947,0.949,39512300.0,37480124.0
2023-08-14 11:00:00,0.949,0.949,0.946,0.947,37751000.0,35746856.0
2023-08-14 11:15:00,0.947,0.947,0.941,0.942,62433780.0,58917964.0
2023-08-14 11:30:00,0.942,0.948,0.942,0.946,36811830.0,34792388.0
2023-08-14 13:15:00,0.947,0.95,0.945,0.947,28728388.0,27222510.0
2023-08-14 13:30:00,0.947,0.947,0.945,0.947,14631327.0,13840107.0
2023-08-14 13:45:00,0.947,0.949,0.946,0.948,22016000.0,20849926.0
2023-08-14 14:00:00,0.948,0.95,0.947,0.95,21965140.0,20831812.0
2023-08-14 14:15:00,0.95,0.952,0.949,0.952,15811428.0,15021473.0
2023-08-14 14:30:00,0.952,0.954,0.951,0.953,26115280.0,24872636.0
2023-08-14 14:45:00,0.953,0.954,0.951,0.954,23999600.0,22862916.0
2023-08-14 15:00:00,0.954,0.955,0.952,0.954,49474828.0,47176732.0
2023-08-15 09:45:00,0.954,0.956,0.949,0.952,48482763.0,46140458.0
2023-08-15 10:00:00,0.952,0.953,0.946,0.946,45251796.0,42967856.0
2023-08-15 10:15:00,0.947,0.948,0.945,0.946,46734172.0,44215004.0
2023-08-15 10:30:00,0.946,0.947,0.945,0.945,33358780.0,31547676.0
2023-08-15 10:45:00,0.945,0.946,0.943,0.945,51996120.0,49108580.0
2023-08-15 11:00:00,0.945,0.946,0.943,0.944,38336010.0,36196330.0
2023-08-15 11:15:00,0.944,0.945,0.943,0.944,19256824.0,18177032.0
2023-08-15 11:30:00,0.944,0.944,0.941,0.942,33038072.0,31134464.0
2023-08-15 13:15:00,0.943,0.943,0.938,0.939,56977300.0,53559400.0
2023-08-15 13:30:00,0.939,0.94,0.937,0.938,66513336.0,62405664.0
2023-08-15 13:45:00,0.938,0.94,0.934,0.94,78719100.0,73720720.0
2023-08-15 14:00:00,0.94,0.943,0.938,0.94,50591110.0,47605440.0
2023-08-15 14:15:00,0.94,0.942,0.939,0.941,35008200.0,32903012.0
2023-08-15 14:30:00,0.94,0.941,0.939,0.94,45665900.0,42927890.0
2023-08-15 14:45:00,0.94,0.94,0.938,0.938,28644600.0,26893008.0
2023-08-15 15:00:00,0.939,0.943,0.938,0.942,43416160.0,40839308.0
2023-08-16 09:45:00,0.938,0.943,0.936,0.942,61315470.0,57683669.0
2023-08-16 10:00:00,0.941,0.942,0.939,0.939,28754800.0,27039296.0
2023-08-16 10:15:00,0.94,0.94,0.935,0.939,50721000.0,47529120.0
2023-08-16 10:30:00,0.939,0.94,0.935,0.937,74125420.0,69461530.0
2023-08-16 10:45:00,0.937,0.937,0.935,0.935,36597804.0,34259908.0
2023-08-16 11:00:00,0.935,0.938,0.935,0.936,25110060.0,23512828.0
2023-08-16 11:15:00,0.936,0.939,0.935,0.939,34866176.0,32656224.0
2023-08-16 11:30:00,0.939,0.939,0.935,0.936,38510800.0,36085070.0
2023-08-16 13:15:00,0.936,0.936,0.933,0.933,41849456.0,39092064.0
2023-08-16 13:30:00,0.933,0.933,0.93,0.932,44438736.0,41393804.0
2023-08-16 13:45:00,0.932,0.932,0.929,0.93,43154710.0,40143196.0
2023-08-16 14:00:00,0.929,0.93,0.926,0.928,63744700.0,59154970.0
2023-08-16 14:15:00,0.928,0.93,0.925,0.927,58678936.0,54399748.0
2023-08-16 14:30:00,0.927,0.929,0.926,0.928,23627200.0,21919020.0
2023-08-16 14:45:00,0.928,0.929,0.925,0.926,32547380.0,30169092.0
2023-08-16 15:00:00,0.926,0.927,0.923,0.923,99133180.0,91680790.0
2023-08-17 09:45:00,0.92,0.926,0.917,0.924,122745610.0,112984900.0
2023-08-17 10:00:00,0.924,0.927,0.922,0.925,61136332.0,56556710.0
2023-08-17 10:15:00,0.925,0.925,0.921,0.924,36874630.0,34035490.0
2023-08-17 10:30:00,0.924,0.929,0.924,0.928,35563936.0,32957442.0
2023-08-17 10:45:00,0.928,0.929,0.926,0.926,36905740.0,34233070.0
2023-08-17 11:00:00,0.926,0.933,0.926,0.933,62550028.0,58188030.0
2023-08-17 11:15:00,0.933,0.937,0.931,0.934,60073984.0,56107680.0
2023-08-17 11:30:00,0.934,0.937,0.933,0.935,35771000.0,33446098.0
2023-08-17 13:15:00,0.935,0.935,0.93,0.931,41251636.0,38458892.0
2023-08-17 13:30:00,0.93,0.931,0.928,0.928,26218512.0,24372816.0
2023-08-17 13:45:00,0.928,0.929,0.927,0.929,27555000.0,25573448.0
2023-08-17 14:00:00,0.929,0.929,0.926,0.928,21226506.0,19687284.0
2023-08-17 14:15:00,0.928,0.931,0.927,0.931,26659104.0,24771400.0
2023-08-17 14:30:00,0.931,0.934,0.931,0.933,39381300.0,36740360.0
2023-08-17 14:45:00,0.934,0.934,0.932,0.932,29656624.0,27662836.0
2023-08-17 15:00:00,0.932,0.933,0.932,0.933,23478656.0,21892504.0
2023-08-18 09:45:00,0.945,0.95,0.94,0.945,201220247.0,189992859.0
2023-08-18 10:00:00,0.945,0.945,0.94,0.942,58686900.0,55331876.0
2023-08-18 10:15:00,0.942,0.943,0.94,0.942,48762170.0,45902240.0
2023-08-18 10:30:00,0.941,0.942,0.938,0.939,25791200.0,24249888.0
2023-08-18 10:45:00,0.938,0.939,0.937,0.938,29675484.0,27831326.0
2023-08-18 11:00:00,0.938,0.939,0.936,0.939,27569468.0,25846798.0
2023-08-18 11:15:00,0.939,0.939,0.935,0.935,27506266.0,25770720.0
2023-08-18 11:30:00,0.935,0.936,0.934,0.936,26982900.0,25240620.0
2023-08-18 13:15:00,0.936,0.936,0.933,0.933,16452700.0,15373975.0
2023-08-18 13:30:00,0.933,0.934,0.931,0.933,46874464.0,43686890.0
2023-08-18 13:45:00,0.932,0.934,0.931,0.932,43788070.0,40819120.0
2023-08-18 14:00:00,0.933,0.935,0.93,0.935,39120750.0,36469584.0
2023-08-18 14:15:00,0.935,0.937,0.932,0.932,54441896.0,50887676.0
2023-08-18 14:30:00,0.932,0.933,0.93,0.931,38371464.0,35734804.0
2023-08-18 14:45:00,0.931,0.932,0.929,0.932,32259412.0,30008852.0
2023-08-18 15:00:00,0.932,0.932,0.927,0.93,67605820.0,62853470.0
2023-08-21 09:45:00,0.924,0.928,0.921,0.928,107721016.0,99458437.0
2023-08-21 10:00:00,0.928,0.93,0.923,0.924,58624100.0,54236584.0
2023-08-21 10:15:00,0.923,0.93,0.921,0.928,61132950.0,56518892.0
2023-08-21 10:30:00,0.929,0.93,0.925,0.927,38598990.0,35812108.0
2023-08-21 10:45:00,0.928,0.928,0.924,0.926,28328000.0,26224612.0
2023-08-21 11:00:00,0.926,0.926,0.923,0.924,23324590.0,21556722.0
2023-08-21 11:15:00,0.924,0.925,0.922,0.923,31202410.0,28810824.0
2023-08-21 11:30:00,0.923,0.924,0.922,0.922,27263490.0,25152436.0
2023-08-21 13:15:00,0.923,0.928,0.923,0.923,46957268.0,43479224.0
2023-08-21 13:30:00,0.923,0.925,0.922,0.923,37212576.0,34354224.0
2023-08-21 13:45:00,0.923,0.923,0.921,0.921,41842268.0,38560988.0
2023-08-21 14:00:00,0.92,0.922,0.92,0.922,22993200.0,21178368.0
2023-08-21 14:15:00,0.922,0.922,0.92,0.921,48212130.0,44397720.0
2023-08-21 14:30:00,0.92,0.921,0.919,0.921,47015572.0,43253840.0
2023-08-21 14:45:00,0.921,0.921,0.916,0.917,81661100.0,75002560.0
2023-08-21 15:00:00,0.917,0.917,0.914,0.916,78843040.0,72166540.0
2023-08-22 09:45:00,0.919,0.922,0.913,0.915,88953801.0,81628571.0
2023-08-22 10:00:00,0.914,0.915,0.91,0.912,80165976.0,73144480.0
2023-08-22 10:15:00,0.912,0.913,0.91,0.913,74320824.0,67767110.0
2023-08-22 10:30:00,0.914,0.915,0.912,0.912,30677840.0,28026600.0
2023-08-22 10:45:00,0.913,0.914,0.91,0.911,27722984.0,25279784.0
2023-08-22 11:00:00,0.911,0.912,0.909,0.91,35868850.0,32651404.0
2023-08-22 11:15:00,0.91,0.911,0.907,0.909,34858800.0,31689462.0
2023-08-22 11:30:00,0.909,0.91,0.904,0.905,46343100.0,42008920.0
2023-08-22 13:15:00,0.905,0.909,0.904,0.906,72003580.0,65228504.0
2023-08-22 13:30:00,0.905,0.906,0.901,0.903,53709844.0,48501440.0
2023-08-22 13:45:00,0.903,0.903,0.9,0.901,53243620.0,47989224.0
2023-08-22 14:00:00,0.901,0.902,0.899,0.902,54149410.0,48741508.0
2023-08-22 14:15:00,0.902,0.919,0.902,0.917,109463680.0,99730910.0
2023-08-22 14:30:00,0.916,0.926,0.914,0.926,95019920.0,87561810.0
2023-08-22 14:45:00,0.926,0.927,0.921,0.925,76082696.0,70323520.0
2023-08-22 15:00:00,0.925,0.927,0.923,0.927,82667976.0,76426230.0
2023-08-23 09:45:00,0.92,0.922,0.913,0.914,88934100.0,81537230.0
2023-08-23 10:00:00,0.914,0.915,0.91,0.914,67699140.0,61740920.0
2023-08-23 10:15:00,0.913,0.914,0.91,0.911,42043450.0,38332012.0
2023-08-23 10:30:00,0.91,0.914,0.91,0.911,56659800.0,51679090.0
2023-08-23 10:45:00,0.912,0.913,0.91,0.911,51731800.0,47142984.0
2023-08-23 11:00:00,0.911,0.911,0.908,0.911,66302236.0,60316110.0
2023-08-23 11:15:00,0.911,0.911,0.909,0.91,21629570.0,19683380.0
2023-08-23 11:30:00,0.91,0.913,0.91,0.911,26846150.0,24463916.0
2023-08-23 13:15:00,0.911,0.911,0.908,0.91,31793770.0,28914070.0
2023-08-23 13:30:00,0.911,0.912,0.908,0.909,44396800.0,40392744.0
2023-08-23 13:45:00,0.908,0.909,0.907,0.909,27531878.0,25001176.0
2023-08-23 14:00:00,0.908,0.913,0.908,0.912,60065544.0,54711976.0
2023-08-23 14:15:00,0.912,0.913,0.907,0.91,31825400.0,28931652.0
2023-08-23 14:30:00,0.91,0.91,0.904,0.906,41896900.0,37969416.0
2023-08-23 14:45:00,0.906,0.907,0.902,0.905,58323596.0,52727908.0
2023-08-23 15:00:00,0.904,0.906,0.901,0.902,71624900.0,64661492.0
2023-08-24 09:45:00,0.904,0.909,0.904,0.906,76182582.0,68999747.0
2023-08-24 10:00:00,0.905,0.907,0.901,0.904,55015404.0,49681516.0
2023-08-24 10:15:00,0.904,0.911,0.902,0.909,77487030.0,70309620.0
2023-08-24 10:30:00,0.908,0.914,0.907,0.909,69929200.0,63716788.0
2023-08-24 10:45:00,0.908,0.909,0.906,0.907,20830400.0,18904516.0
2023-08-24 11:00:00,0.907,0.911,0.906,0.909,26101238.0,23742180.0
2023-08-24 11:15:00,0.909,0.909,0.907,0.907,17507736.0,15900167.0
2023-08-24 11:30:00,0.908,0.913,0.907,0.911,44918708.0,40908130.0
2023-08-24 13:15:00,0.911,0.916,0.911,0.915,69368400.0,63388268.0
2023-08-24 13:30:00,0.915,0.917,0.913,0.916,37994610.0,34766016.0
2023-08-24 13:45:00,0.915,0.916,0.912,0.913,26035100.0,23784626.0
2023-08-24 14:00:00,0.913,0.913,0.911,0.913,22183904.0,20232230.0
2023-08-24 14:15:00,0.913,0.913,0.91,0.912,22022870.0,20067220.0
2023-08-24 14:30:00,0.912,0.913,0.911,0.912,14177007.0,12920611.0
2023-08-24 14:45:00,0.912,0.912,0.909,0.909,26174162.0,23816030.0
2023-08-24 15:00:00,0.91,0.91,0.907,0.908,30672716.0,27852788.0
2023-08-25 09:45:00,0.903,0.904,0.897,0.9,116652219.0,104963404.0
2023-08-25 10:00:00,0.9,0.902,0.899,0.9,37763740.0,33999748.0
2023-08-25 10:15:00,0.901,0.901,0.897,0.9,64999260.0,58391604.0
2023-08-25 10:30:00,0.9,0.901,0.896,0.897,66194900.0,59484510.0
2023-08-25 10:45:00,0.897,0.899,0.896,0.897,25442340.0,22833740.0
2023-08-25 11:00:00,0.897,0.898,0.895,0.896,43990500.0,39437052.0
2023-08-25 11:15:00,0.896,0.896,0.893,0.895,32316274.0,28920732.0
2023-08-25 11:30:00,0.894,0.895,0.892,0.893,43835800.0,39148884.0
2023-08-25 13:15:00,0.894,0.898,0.89,0.892,76828600.0,68612960.0
2023-08-25 13:30:00,0.892,0.894,0.891,0.891,27280808.0,24344880.0
2023-08-25 13:45:00,0.892,0.892,0.89,0.89,29280300.0,26091420.0
2023-08-25 14:00:00,0.891,0.899,0.889,0.897,90520200.0,80874840.0
2023-08-25 14:15:00,0.897,0.897,0.89,0.891,51196760.0,45671170.0
2023-08-25 14:30:00,0.891,0.891,0.888,0.889,47580100.0,42315950.0
2023-08-25 14:45:00,0.889,0.89,0.886,0.89,72212870.0,64131624.0
2023-08-25 15:00:00,0.889,0.893,0.889,0.892,40128350.0,35796516.0
2023-08-28 09:45:00,0.955,0.955,0.918,0.925,465939360.0,435795468.0
2023-08-28 10:00:00,0.925,0.928,0.92,0.923,163239060.0,150714020.0
2023-08-28 10:15:00,0.923,0.926,0.92,0.92,158580370.0,146364590.0
2023-08-28 10:30:00,0.92,0.921,0.913,0.916,179020060.0,164154290.0
2023-08-28 10:45:00,0.917,0.92,0.915,0.918,132348376.0,121425490.0
2023-08-28 11:00:00,0.918,0.923,0.917,0.921,121466830.0,111775980.0
2023-08-28 11:15:00,0.92,0.921,0.917,0.917,118681900.0,108993530.0
2023-08-28 11:30:00,0.918,0.919,0.916,0.919,94431100.0,86692190.0
2023-08-28 13:15:00,0.918,0.919,0.913,0.913,102866850.0,94254430.0
2023-08-28 13:30:00,0.913,0.914,0.908,0.911,81484300.0,74256456.0
2023-08-28 13:45:00,0.911,0.912,0.908,0.908,59710376.0,54332364.0
2023-08-28 14:00:00,0.909,0.912,0.908,0.909,43206700.0,39321810.0
2023-08-28 14:15:00,0.908,0.91,0.905,0.906,44141770.0,40063380.0
2023-08-28 14:30:00,0.905,0.906,0.901,0.904,43776900.0,39564936.0
2023-08-28 14:45:00,0.904,0.906,0.899,0.906,67626830.0,60977180.0
2023-08-28 15:00:00,0.906,0.907,0.901,0.903,75704550.0,68403704.0
2023-08-29 09:45:00,0.898,0.913,0.897,0.912,146748490.0,132915070.0
2023-08-29 10:00:00,0.913,0.915,0.907,0.907,110068200.0,100326664.0
2023-08-29 10:15:00,0.907,0.914,0.907,0.912,60290784.0,54939444.0
2023-08-29 10:30:00,0.912,0.918,0.911,0.917,109313180.0,100075550.0
2023-08-29 10:45:00,0.917,0.925,0.917,0.923,95377940.0,87848050.0
2023-08-29 11:00:00,0.923,0.923,0.92,0.922,68145930.0,62823924.0
2023-08-29 11:15:00,0.923,0.926,0.922,0.925,68375500.0,63191016.0
2023-08-29 11:30:00,0.926,0.932,0.925,0.931,110766264.0,102911340.0
2023-08-29 13:15:00,0.93,0.938,0.93,0.933,179391460.0,167461860.0
2023-08-29 13:30:00,0.933,0.936,0.93,0.936,83840200.0,78254136.0
2023-08-29 13:45:00,0.936,0.943,0.935,0.938,209232800.0,196472000.0
2023-08-29 14:00:00,0.938,0.943,0.937,0.94,95935976.0,90214880.0
2023-08-29 14:15:00,0.941,0.941,0.936,0.936,76358810.0,71666380.0
2023-08-29 14:30:00,0.936,0.938,0.934,0.935,90010970.0,84283440.0
2023-08-29 14:45:00,0.935,0.938,0.934,0.938,92639900.0,86715590.0
2023-08-29 15:00:00,0.938,0.942,0.937,0.94,319237570.0,300082500.0
2023-08-30 09:45:00,0.947,0.966,0.947,0.964,570953028.0,546329834.0
2023-08-30 10:00:00,0.965,0.974,0.964,0.97,358901630.0,347919800.0
2023-08-30 10:15:00,0.97,0.971,0.966,0.968,256080600.0,247905500.0
2023-08-30 10:30:00,0.967,0.968,0.961,0.962,114475940.0,110386790.0
2023-08-30 10:45:00,0.962,0.963,0.958,0.959,104252230.0,100097230.0
2023-08-30 11:00:00,0.959,0.962,0.954,0.955,94480240.0,90462040.0
2023-08-30 11:15:00,0.955,0.962,0.954,0.961,76757350.0,73617280.0
2023-08-30 11:30:00,0.962,0.963,0.959,0.962,60879896.0,58511508.0
2023-08-30 13:15:00,0.963,0.963,0.956,0.959,73108264.0,70121680.0
2023-08-30 13:30:00,0.96,0.961,0.957,0.958,44226536.0,42410250.0
2023-08-30 13:45:00,0.958,0.964,0.958,0.963,67783870.0,65113924.0
2023-08-30 14:00:00,0.964,0.964,0.961,0.961,50594170.0,48693100.0
2023-08-30 14:15:00,0.961,0.966,0.961,0.964,111253790.0,107253390.0
2023-08-30 14:30:00,0.965,0.967,0.964,0.967,97301820.0,93948780.0
2023-08-30 14:45:00,0.967,0.967,0.962,0.963,94830400.0,91421460.0
2023-08-30 15:00:00,0.963,0.964,0.962,0.963,97628200.0,94053704.0
2023-08-31 09:45:00,0.959,0.963,0.954,0.959,183295010.0,175759640.0
2023-08-31 10:00:00,0.96,0.966,0.958,0.965,155498600.0,149567410.0
2023-08-31 10:15:00,0.966,0.968,0.962,0.968,142782100.0,137748600.0
2023-08-31 10:30:00,0.968,0.972,0.967,0.971,168927860.0,163843840.0
2023-08-31 10:45:00,0.971,0.972,0.968,0.971,122837940.0,119151310.0
2023-08-31 11:00:00,0.971,0.971,0.964,0.965,62264300.0,60234430.0
2023-08-31 11:15:00,0.964,0.966,0.962,0.962,54625300.0,52648390.0
2023-08-31 11:30:00,0.962,0.965,0.96,0.963,67148400.0,64587590.0
2023-08-31 13:15:00,0.963,0.964,0.96,0.962,39352500.0,37862896.0
2023-08-31 13:30:00,0.961,0.963,0.96,0.961,45095924.0,43375100.0
2023-08-31 13:45:00,0.96,0.966,0.96,0.963,58763348.0,56636664.0
2023-08-31 14:00:00,0.963,0.967,0.962,0.966,45373040.0,43778690.0
2023-08-31 14:15:00,0.967,0.967,0.963,0.963,45762300.0,44178616.0
2023-08-31 14:30:00,0.964,0.968,0.964,0.965,82457320.0,79661270.0
2023-08-31 14:45:00,0.965,0.965,0.963,0.965,32462464.0,31303868.0
2023-08-31 15:00:00,0.964,0.966,0.964,0.965,72235210.0,69697464.0
2023-09-01 09:45:00,0.966,0.969,0.957,0.957,162085460.0,156050200.0
2023-09-01 10:00:00,0.957,0.962,0.956,0.96,80647944.0,77354420.0
2023-09-01 10:15:00,0.961,0.962,0.959,0.96,56897570.0,54638904.0
2023-09-01 10:30:00,0.96,0.961,0.959,0.961,46108936.0,44270430.0
2023-09-01 10:45:00,0.961,0.961,0.958,0.959,43196064.0,41455584.0
2023-09-01 11:00:00,0.959,0.959,0.956,0.957,46912864.0,44907692.0
2023-09-01 11:15:00,0.957,0.957,0.953,0.953,75540300.0,72090470.0
2023-09-01 11:30:00,0.953,0.954,0.95,0.951,56197836.0,53490730.0
2023-09-01 13:15:00,0.95,0.953,0.95,0.953,36474284.0,34683800.0
2023-09-01 13:30:00,0.953,0.956,0.951,0.956,37750370.0,35999940.0
2023-09-01 13:45:00,0.957,0.958,0.953,0.954,30030128.0,28684574.0
2023-09-01 14:00:00,0.954,0.956,0.953,0.954,40043710.0,38220984.0
2023-09-01 14:15:00,0.955,0.956,0.954,0.956,16182400.0,15449944.0
2023-09-01 14:30:00,0.956,0.956,0.954,0.955,31388800.0,29985928.0
2023-09-01 14:45:00,0.954,0.955,0.953,0.955,38707670.0,36931870.0
2023-09-01 15:00:00,0.955,0.96,0.955,0.959,88447096.0,84691650.0
2023-09-04 09:45:00,0.962,0.965,0.95,0.951,177508960.0,169781472.0
2023-09-04 10:00:00,0.951,0.956,0.951,0.956,59227170.0,56457080.0
2023-09-04 10:15:00,0.956,0.96,0.955,0.957,103302190.0,98945000.0
2023-09-04 10:30:00,0.957,0.958,0.955,0.958,44971480.0,43018708.0
2023-09-04 10:45:00,0.958,0.96,0.957,0.958,50717000.0,48618470.0
2023-09-04 11:00:00,0.958,0.958,0.955,0.955,28558362.0,27307634.0
2023-09-04 11:15:00,0.956,0.956,0.953,0.955,36395240.0,34739904.0
2023-09-04 11:30:00,0.955,0.955,0.953,0.954,16133300.0,15395650.0
2023-09-04 13:15:00,0.954,0.959,0.953,0.957,42222024.0,40352660.0
2023-09-04 13:30:00,0.957,0.958,0.953,0.953,30535800.0,29174322.0
2023-09-04 13:45:00,0.953,0.956,0.953,0.955,20086728.0,19169776.0
2023-09-04 14:00:00,0.954,0.956,0.954,0.956,20125928.0,19224720.0
2023-09-04 14:15:00,0.956,0.958,0.955,0.957,31563268.0,30192336.0
2023-09-04 14:30:00,0.957,0.959,0.956,0.958,61511480.0,58905384.0
2023-09-04 14:45:00,0.959,0.959,0.956,0.958,46650800.0,44661850.0
2023-09-04 15:00:00,0.958,0.967,0.957,0.966,211043760.0,203263140.0
2023-09-05 09:45:00,0.963,0.971,0.962,0.967,205765877.0,199084610.0
2023-09-05 10:00:00,0.967,0.968,0.961,0.966,104874690.0,101167480.0
2023-09-05 10:15:00,0.966,0.969,0.964,0.964,78992780.0,76329900.0
2023-09-05 10:30:00,0.964,0.965,0.96,0.961,50871800.0,48925664.0
2023-09-05 10:45:00,0.961,0.964,0.96,0.961,28737600.0,27634096.0
2023-09-05 11:00:00,0.961,0.964,0.96,0.962,30369500.0,29218708.0
2023-09-05 11:15:00,0.962,0.964,0.96,0.961,24350900.0,23419740.0
2023-09-05 11:30:00,0.96,0.962,0.959,0.961,37900840.0,36387776.0
2023-09-05 13:15:00,0.962,0.962,0.958,0.958,30644108.0,29414048.0
2023-09-05 13:30:00,0.959,0.96,0.957,0.96,33395370.0,32012992.0
2023-09-05 13:45:00,0.961,0.961,0.958,0.959,16688800.0,16012314.0
2023-09-05 14:00:00,0.959,0.96,0.956,0.957,32426228.0,31056540.0
2023-09-05 14:15:00,0.956,0.957,0.952,0.953,76959010.0,73418690.0
2023-09-05 14:30:00,0.953,0.954,0.952,0.953,48759932.0,46458212.0
2023-09-05 14:45:00,0.952,0.954,0.952,0.954,33853892.0,32268006.0
2023-09-05 15:00:00,0.954,0.954,0.953,0.954,39667140.0,37830920.0
2023-09-06 09:45:00,0.95,0.951,0.946,0.947,119852830.0,113635956.0
2023-09-06 10:00:00,0.947,0.947,0.943,0.946,93302900.0,88176210.0
2023-09-06 10:15:00,0.946,0.947,0.942,0.946,70405390.0,66505056.0
2023-09-06 10:30:00,0.947,0.953,0.946,0.952,63434084.0,60205500.0
2023-09-06 10:45:00,0.953,0.953,0.949,0.95,32283040.0,30676918.0
2023-09-06 11:00:00,0.95,0.951,0.947,0.95,25513200.0,24204976.0
2023-09-06 11:15:00,0.95,0.95,0.947,0.948,18387284.0,17442368.0
2023-09-06 11:30:00,0.948,0.949,0.946,0.949,20507300.0,19427436.0
2023-09-06 13:15:00,0.949,0.951,0.946,0.947,39193936.0,37158548.0
2023-09-06 13:30:00,0.946,0.953,0.946,0.951,56395636.0,53580024.0
2023-09-06 13:45:00,0.952,0.956,0.951,0.956,54491930.0,51962476.0
2023-09-06 14:00:00,0.956,0.956,0.951,0.955,38223504.0,36420536.0
2023-09-06 14:15:00,0.955,0.956,0.952,0.955,35587024.0,33950920.0
2023-09-06 14:30:00,0.955,0.958,0.954,0.956,45673336.0,43633824.0
2023-09-06 14:45:00,0.957,0.96,0.956,0.958,69734720.0,66799210.0
2023-09-06 15:00:00,0.957,0.958,0.956,0.957,47791200.0,45731308.0
2023-09-07 09:45:00,0.953,0.954,0.945,0.946,126091308.0,119493801.0
2023-09-07 10:00:00,0.946,0.946,0.943,0.945,97272290.0,91877240.0
2023-09-07 10:15:00,0.944,0.945,0.943,0.944,47341148.0,44688290.0
2023-09-07 10:30:00,0.944,0.945,0.941,0.942,62094900.0,58549376.0
2023-09-07 10:45:00,0.942,0.942,0.939,0.939,74120500.0,69685040.0
2023-09-07 11:00:00,0.94,0.94,0.936,0.939,88376970.0,82915140.0
2023-09-07 11:15:00,0.939,0.939,0.934,0.935,74367430.0,69594900.0
2023-09-07 11:30:00,0.935,0.936,0.933,0.934,58112800.0,54316400.0
2023-09-07 13:15:00,0.935,0.935,0.93,0.931,211315140.0,196991600.0
2023-09-07 13:30:00,0.931,0.933,0.928,0.93,155136140.0,144228700.0
2023-09-07 13:45:00,0.93,0.931,0.926,0.927,149131790.0,138401200.0
2023-09-07 14:00:00,0.928,0.928,0.923,0.926,153344690.0,141865360.0
2023-09-07 14:15:00,0.925,0.928,0.923,0.926,130928120.0,121080696.0
2023-09-07 14:30:00,0.926,0.928,0.924,0.925,109385690.0,101246370.0
2023-09-07 14:45:00,0.925,0.925,0.922,0.923,117718570.0,108647580.0
2023-09-07 15:00:00,0.923,0.923,0.921,0.921,104134500.0,96025510.0
2023-09-08 09:45:00,0.917,0.923,0.913,0.919,80606450.0,74107461.0
2023-09-08 10:00:00,0.919,0.922,0.916,0.916,74975304.0,68911400.0
2023-09-08 10:15:00,0.916,0.923,0.916,0.923,52267184.0,48069430.0
2023-09-08 10:30:00,0.922,0.927,0.922,0.924,74049200.0,68485830.0
2023-09-08 10:45:00,0.924,0.925,0.922,0.923,22154364.0,20454456.0
2023-09-08 11:00:00,0.922,0.923,0.919,0.92,22426496.0,20647014.0
2023-09-08 11:15:00,0.92,0.923,0.919,0.923,32254304.0,29692394.0
2023-09-08 11:30:00,0.923,0.923,0.92,0.922,16220300.0,14948500.0
2023-09-08 13:15:00,0.921,0.923,0.92,0.922,31950668.0,29444528.0
2023-09-08 13:30:00,0.922,0.928,0.922,0.926,60627700.0,56108904.0
2023-09-08 13:45:00,0.926,0.928,0.923,0.924,32130332.0,29732336.0
2023-09-08 14:00:00,0.924,0.927,0.923,0.925,27500100.0,25455272.0
2023-09-08 14:15:00,0.926,0.928,0.925,0.926,39065332.0,36195936.0
2023-09-08 14:30:00,0.926,0.928,0.924,0.926,29935400.0,27707752.0
2023-09-08 14:45:00,0.926,0.926,0.922,0.923,44594700.0,41174610.0
2023-09-08 15:00:00,0.923,0.924,0.922,0.923,42187350.0,38947416.0
2023-09-11 09:45:00,0.924,0.928,0.917,0.926,95741270.0,88389874.0
2023-09-11 10:00:00,0.925,0.929,0.923,0.924,82850490.0,76708760.0
2023-09-11 10:15:00,0.924,0.926,0.923,0.924,31068900.0,28721948.0
2023-09-11 10:30:00,0.925,0.929,0.924,0.928,38541924.0,35726530.0
2023-09-11 10:45:00,0.928,0.928,0.925,0.925,36091900.0,33451492.0
2023-09-11 11:00:00,0.925,0.927,0.924,0.926,27898300.0,25821540.0
2023-09-11 11:15:00,0.926,0.926,0.924,0.926,14369780.0,13291478.0
2023-09-11 11:30:00,0.926,0.927,0.924,0.926,12650400.0,11706351.0
2023-09-11 13:15:00,0.927,0.933,0.927,0.933,112678980.0,104836840.0
2023-09-11 13:30:00,0.932,0.935,0.931,0.934,46870900.0,43731516.0
2023-09-11 13:45:00,0.934,0.938,0.933,0.933,73048190.0,68374500.0
2023-09-11 14:00:00,0.933,0.934,0.931,0.933,42559100.0,39682370.0
2023-09-11 14:15:00,0.933,0.933,0.929,0.931,43251210.0,40246110.0
2023-09-11 14:30:00,0.931,0.931,0.929,0.931,30855600.0,28695820.0
2023-09-11 14:45:00,0.931,0.931,0.929,0.931,29937920.0,27839192.0
2023-09-11 15:00:00,0.931,0.931,0.929,0.929,45975332.0,42742260.0
2023-09-12 09:45:00,0.927,0.929,0.924,0.926,82348299.0,76268392.0
2023-09-12 10:00:00,0.926,0.926,0.923,0.923,67936220.0,62778240.0
2023-09-12 10:15:00,0.923,0.925,0.922,0.925,36350604.0,33580460.0
2023-09-12 10:30:00,0.925,0.927,0.923,0.925,44565292.0,41220788.0
2023-09-12 10:45:00,0.925,0.928,0.924,0.928,22623064.0,20941386.0
2023-09-12 11:00:00,0.928,0.928,0.925,0.927,19948900.0,18485666.0
2023-09-12 11:15:00,0.928,0.931,0.927,0.93,45615476.0,42404836.0
2023-09-12 11:30:00,0.931,0.931,0.928,0.93,11801800.0,10965234.0
2023-09-12 13:15:00,0.93,0.93,0.926,0.926,27191654.0,25228920.0
2023-09-12 13:30:00,0.926,0.927,0.924,0.925,25579860.0,23675276.0
2023-09-12 13:45:00,0.925,0.926,0.924,0.926,14842845.0,13726413.0
2023-09-12 14:00:00,0.926,0.926,0.925,0.926,10403348.0,9631499.0
2023-09-12 14:15:00,0.926,0.927,0.925,0.927,27376570.0,25345244.0
2023-09-12 14:30:00,0.927,0.927,0.924,0.925,16894984.0,15634759.0
2023-09-12 14:45:00,0.924,0.925,0.923,0.925,23797728.0,21991380.0
2023-09-12 15:00:00,0.925,0.925,0.923,0.923,35427500.0,32718840.0
2023-09-13 09:45:00,0.921,0.924,0.918,0.923,84565650.0,77874055.0
2023-09-13 10:00:00,0.923,0.923,0.918,0.919,56255910.0,51737244.0
2023-09-13 10:15:00,0.92,0.92,0.916,0.917,47109670.0,43242390.0
2023-09-13 10:30:00,0.916,0.917,0.91,0.912,90027950.0,82237560.0
2023-09-13 10:45:00,0.912,0.912,0.908,0.91,81310500.0,73995560.0
2023-09-13 11:00:00,0.91,0.911,0.909,0.91,38790956.0,35287890.0
2023-09-13 11:15:00,0.91,0.91,0.907,0.908,51879000.0,47114216.0
2023-09-13 11:30:00,0.909,0.909,0.904,0.905,43881900.0,39756960.0
2023-09-13 13:15:00,0.905,0.908,0.904,0.906,60263550.0,54556180.0
2023-09-13 13:30:00,0.906,0.907,0.904,0.906,37355000.0,33830080.0
2023-09-13 13:45:00,0.906,0.908,0.905,0.907,25027100.0,22696520.0
2023-09-13 14:00:00,0.906,0.907,0.905,0.906,40132800.0,36358204.0
2023-09-13 14:15:00,0.906,0.907,0.904,0.907,50154050.0,45399480.0
2023-09-13 14:30:00,0.907,0.909,0.905,0.908,29894006.0,27104628.0
2023-09-13 14:45:00,0.908,0.912,0.907,0.911,39053700.0,35524060.0
2023-09-13 15:00:00,0.912,0.912,0.909,0.91,33891124.0,30868052.0
2023-09-14 09:45:00,0.908,0.914,0.905,0.909,59637616.0,54172988.0
2023-09-14 10:00:00,0.909,0.91,0.906,0.908,39170950.0,35556172.0
2023-09-14 10:15:00,0.908,0.908,0.903,0.904,63385900.0,57371572.0
2023-09-14 10:30:00,0.904,0.904,0.901,0.903,41170600.0,37141880.0
2023-09-14 10:45:00,0.904,0.907,0.902,0.904,50921400.0,46032956.0
2023-09-14 11:00:00,0.904,0.904,0.902,0.902,14290469.0,12903072.0
2023-09-14 11:15:00,0.903,0.905,0.902,0.903,32641036.0,29475064.0
2023-09-14 11:30:00,0.903,0.906,0.902,0.905,16674969.0,15077933.0
2023-09-14 13:15:00,0.905,0.905,0.903,0.904,26660200.0,24101484.0
2023-09-14 13:30:00,0.904,0.904,0.902,0.903,25085248.0,22649824.0
2023-09-14 13:45:00,0.904,0.905,0.902,0.903,30268452.0,27343728.0
2023-09-14 14:00:00,0.903,0.903,0.899,0.9,78084024.0,70336504.0
2023-09-14 14:15:00,0.9,0.901,0.899,0.9,45842468.0,41254852.0
2023-09-14 14:30:00,0.9,0.902,0.9,0.902,22768170.0,20513432.0
2023-09-14 14:45:00,0.902,0.904,0.901,0.903,36559700.0,33009072.0
2023-09-14 15:00:00,0.903,0.903,0.902,0.902,31232700.0,28184412.0
2023-09-15 09:45:00,0.904,0.905,0.898,0.898,81618300.0,73546666.0
2023-09-15 10:00:00,0.898,0.902,0.898,0.901,63824924.0,57419210.0
2023-09-15 10:15:00,0.901,0.908,0.9,0.903,99782420.0,90312190.0
2023-09-15 10:30:00,0.903,0.908,0.902,0.908,61044200.0,55252308.0
2023-09-15 10:45:00,0.908,0.908,0.904,0.908,36648628.0,33222382.0
2023-09-15 11:00:00,0.908,0.915,0.907,0.911,105097360.0,95791030.0
2023-09-15 11:15:00,0.911,0.913,0.909,0.909,28835000.0,26261528.0
2023-09-15 11:30:00,0.909,0.912,0.909,0.91,19783100.0,18009928.0
2023-09-15 13:15:00,0.911,0.911,0.907,0.907,28690522.0,26066796.0
2023-09-15 13:30:00,0.907,0.908,0.904,0.905,23025600.0,20848312.0
2023-09-15 13:45:00,0.905,0.906,0.902,0.905,29456756.0,26621768.0
2023-09-15 14:00:00,0.905,0.905,0.902,0.903,22414700.0,20245484.0
2023-09-15 14:15:00,0.904,0.906,0.902,0.904,24303916.0,21970732.0
2023-09-15 14:30:00,0.903,0.904,0.902,0.902,8756200.0,7907321.0
2023-09-15 14:45:00,0.903,0.905,0.902,0.904,28062740.0,25353946.0
2023-09-15 15:00:00,0.904,0.907,0.903,0.907,46308530.0,41933050.0
2023-09-18 09:45:00,0.902,0.905,0.898,0.904,86970580.0,78345879.0
2023-09-18 10:00:00,0.904,0.905,0.9,0.904,70367170.0,63496812.0
2023-09-18 10:15:00,0.904,0.91,0.902,0.907,67374010.0,61084090.0
2023-09-18 10:30:00,0.908,0.909,0.906,0.909,38010484.0,34498370.0
2023-09-18 10:45:00,0.909,0.91,0.906,0.907,30007668.0,27246744.0
2023-09-18 11:00:00,0.907,0.907,0.904,0.905,21034128.0,19043008.0
2023-09-18 11:15:00,0.906,0.906,0.904,0.905,13837390.0,12515770.0
2023-09-18 11:30:00,0.906,0.906,0.903,0.904,19162900.0,17319062.0
2023-09-18 13:15:00,0.904,0.904,0.9,0.901,42384700.0,38202964.0
2023-09-18 13:30:00,0.901,0.901,0.899,0.9,40114300.0,36085344.0
2023-09-18 13:45:00,0.9,0.902,0.899,0.901,26650388.0,23994864.0
2023-09-18 14:00:00,0.901,0.903,0.9,0.901,23139478.0,20857124.0
2023-09-18 14:15:00,0.9,0.905,0.9,0.903,56191400.0,50735492.0
2023-09-18 14:30:00,0.902,0.903,0.901,0.903,25828334.0,23297096.0
2023-09-18 14:45:00,0.902,0.903,0.9,0.901,26090528.0,23514146.0
2023-09-18 15:00:00,0.901,0.902,0.9,0.901,43610156.0,39281660.0
2023-09-19 09:45:00,0.901,0.902,0.895,0.897,83778000.0,75208719.0
2023-09-19 10:00:00,0.897,0.897,0.892,0.893,87864040.0,78574250.0
2023-09-19 10:15:00,0.893,0.894,0.891,0.893,68186380.0,60860496.0
2023-09-19 10:30:00,0.893,0.899,0.893,0.898,44151812.0,39552976.0
2023-09-19 10:45:00,0.898,0.901,0.896,0.901,46858344.0,42114230.0
2023-09-19 11:00:00,0.901,0.901,0.897,0.898,23554028.0,21191324.0
2023-09-19 11:15:00,0.899,0.9,0.898,0.899,13418700.0,12064180.0
2023-09-19 11:30:00,0.898,0.9,0.897,0.897,23574200.0,21177390.0
2023-09-19 13:15:00,0.898,0.898,0.894,0.895,27077988.0,24246324.0
2023-09-19 13:30:00,0.895,0.896,0.894,0.895,17229154.0,15412663.0
2023-09-19 13:45:00,0.895,0.896,0.893,0.895,18097600.0,16187334.0
2023-09-19 14:00:00,0.895,0.895,0.893,0.894,15076000.0,13480094.0
2023-09-19 14:15:00,0.893,0.895,0.892,0.894,70448900.0,62939660.0
2023-09-19 14:30:00,0.895,0.896,0.893,0.896,38994900.0,34898588.0
2023-09-19 14:45:00,0.896,0.897,0.894,0.897,46604268.0,41756736.0
2023-09-19 15:00:00,0.897,0.897,0.894,0.894,59620412.0,53387330.0
2023-09-20 09:45:00,0.891,0.897,0.891,0.892,63720073.0,56955786.0
2023-09-20 10:00:00,0.892,0.894,0.891,0.892,33973470.0,30315860.0
2023-09-20 10:15:00,0.893,0.894,0.891,0.893,30940462.0,27613100.0
2023-09-20 10:30:00,0.893,0.893,0.891,0.892,16581223.0,14790524.0
2023-09-20 10:45:00,0.892,0.892,0.89,0.892,34442100.0,30690052.0
2023-09-20 11:00:00,0.892,0.892,0.89,0.891,17186300.0,15309616.0
2023-09-20 11:15:00,0.891,0.891,0.89,0.89,12911200.0,11496695.0
2023-09-20 11:30:00,0.891,0.891,0.889,0.89,35866900.0,31920728.0
2023-09-20 13:15:00,0.89,0.891,0.889,0.891,29832300.0,26560316.0
2023-09-20 13:30:00,0.891,0.892,0.89,0.891,12812100.0,11414675.0
2023-09-20 13:45:00,0.891,0.893,0.89,0.891,21516344.0,19184040.0
2023-09-20 14:00:00,0.891,0.891,0.889,0.89,18290900.0,16283400.0
2023-09-20 14:15:00,0.89,0.891,0.889,0.891,15174500.0,13507627.0
2023-09-20 14:30:00,0.891,0.891,0.888,0.889,51890670.0,46152172.0
2023-09-20 14:45:00,0.889,0.89,0.888,0.889,60660124.0,53892980.0
2023-09-20 15:00:00,0.889,0.889,0.886,0.887,98050776.0,87030744.0
2023-09-21 09:45:00,0.885,0.891,0.883,0.889,67839170.0,60204604.0
2023-09-21 10:00:00,0.889,0.889,0.885,0.886,39322600.0,34889864.0
2023-09-21 10:15:00,0.886,0.887,0.884,0.886,37282816.0,33013752.0
2023-09-21 10:30:00,0.887,0.889,0.885,0.886,39123244.0,34701600.0
2023-09-21 10:45:00,0.886,0.886,0.884,0.886,36307570.0,32134616.0
2023-09-21 11:00:00,0.886,0.888,0.884,0.885,24891854.0,22046388.0
2023-09-21 11:15:00,0.885,0.885,0.884,0.884,10539026.0,9319993.0
2023-09-21 11:30:00,0.884,0.885,0.883,0.883,18697952.0,16528908.0
2023-09-21 13:15:00,0.884,0.886,0.882,0.885,44708936.0,39496370.0
2023-09-21 13:30:00,0.885,0.885,0.882,0.883,24655768.0,21778124.0
2023-09-21 13:45:00,0.883,0.883,0.882,0.882,24393648.0,21519576.0
2023-09-21 14:00:00,0.883,0.883,0.881,0.882,27103476.0,23904712.0
2023-09-21 14:15:00,0.882,0.887,0.881,0.886,63206304.0,55863384.0
2023-09-21 14:30:00,0.885,0.886,0.883,0.884,22704200.0,20073086.0
2023-09-21 14:45:00,0.884,0.884,0.881,0.882,32868236.0,28992658.0
2023-09-21 15:00:00,0.883,0.883,0.881,0.882,50416588.0,44462836.0
2023-09-22 09:45:00,0.88,0.886,0.88,0.885,84963500.0,74962552.0
2023-09-22 10:00:00,0.885,0.888,0.882,0.886,68427300.0,60591756.0
2023-09-22 10:15:00,0.886,0.892,0.886,0.891,96908070.0,86108710.0
2023-09-22 10:30:00,0.891,0.896,0.891,0.893,114115784.0,101993870.0
2023-09-22 10:45:00,0.893,0.895,0.89,0.89,49116484.0,43828104.0
2023-09-22 11:00:00,0.89,0.894,0.89,0.892,30708356.0,27394176.0
2023-09-22 11:15:00,0.893,0.895,0.891,0.893,30755944.0,27490716.0
2023-09-22 11:30:00,0.894,0.896,0.893,0.895,23272000.0,20820944.0
2023-09-22 13:15:00,0.896,0.896,0.893,0.894,28226472.0,25243982.0
2023-09-22 13:30:00,0.894,0.894,0.893,0.894,15652766.0,13979544.0
2023-09-22 13:45:00,0.894,0.895,0.893,0.893,17785044.0,15901117.0
2023-09-22 14:00:00,0.894,0.898,0.893,0.898,43163840.0,38665560.0
2023-09-22 14:15:00,0.898,0.903,0.897,0.901,93467540.0,84154210.0
2023-09-22 14:30:00,0.901,0.905,0.901,0.903,67287790.0,60757052.0
2023-09-22 14:45:00,0.903,0.905,0.902,0.903,40730316.0,36797216.0
2023-09-22 15:00:00,0.903,0.905,0.902,0.904,96340470.0,87058190.0
2023-09-25 09:45:00,0.901,0.903,0.896,0.897,118329200.0,106495572.0
2023-09-25 10:00:00,0.897,0.898,0.896,0.897,68878380.0,61782624.0
2023-09-25 10:15:00,0.897,0.898,0.895,0.898,43341130.0,38849560.0
2023-09-25 10:30:00,0.897,0.898,0.896,0.897,31062254.0,27846374.0
2023-09-25 10:45:00,0.896,0.898,0.895,0.898,28813690.0,25833578.0
2023-09-25 11:00:00,0.898,0.899,0.896,0.897,22546000.0,20239324.0
2023-09-25 11:15:00,0.897,0.898,0.895,0.895,23734100.0,21273496.0
2023-09-25 11:30:00,0.895,0.897,0.895,0.896,9466505.0,8482635.0
2023-09-25 13:15:00,0.896,0.898,0.896,0.897,42586656.0,38200000.0
2023-09-25 13:30:00,0.897,0.901,0.896,0.9,36275364.0,32613292.0
2023-09-25 13:45:00,0.899,0.9,0.898,0.898,17584400.0,15809000.0
2023-09-25 14:00:00,0.899,0.9,0.897,0.897,29196900.0,26233124.0
2023-09-25 14:15:00,0.898,0.898,0.896,0.896,12064400.0,10815734.0
2023-09-25 14:30:00,0.897,0.897,0.896,0.896,7663700.0,6872036.0
2023-09-25 14:45:00,0.896,0.898,0.896,0.897,41464000.0,37179104.0
2023-09-25 15:00:00,0.896,0.897,0.895,0.896,41577996.0,37253732.0
2023-09-26 09:45:00,0.895,0.9,0.894,0.896,63086984.0,56632056.0
2023-09-26 10:00:00,0.897,0.897,0.895,0.897,71109300.0,63754036.0
2023-09-26 10:15:00,0.897,0.903,0.896,0.903,88353416.0,79541420.0
2023-09-26 10:30:00,0.903,0.905,0.901,0.901,68547730.0,61915150.0
2023-09-26 10:45:00,0.901,0.902,0.899,0.902,22741040.0,20476116.0
2023-09-26 11:00:00,0.902,0.902,0.9,0.9,18611712.0,16765361.0
2023-09-26 11:15:00,0.9,0.901,0.898,0.9,23851100.0,21450744.0
2023-09-26 11:30:00,0.9,0.901,0.899,0.9,19564700.0,17605088.0
2023-09-26 13:15:00,0.9,0.901,0.898,0.9,18652050.0,16775541.0
2023-09-26 13:30:00,0.899,0.902,0.899,0.901,31051188.0,27954140.0
2023-09-26 13:45:00,0.901,0.904,0.9,0.902,41603120.0,37540932.0
2023-09-26 14:00:00,0.902,0.903,0.9,0.901,33938090.0,30587044.0
2023-09-26 14:15:00,0.901,0.901,0.899,0.9,15637143.0,14071373.0
2023-09-26 14:30:00,0.9,0.9,0.898,0.9,13796600.0,12405413.0
2023-09-26 14:45:00,0.899,0.9,0.898,0.899,42802300.0,38469050.0
2023-09-26 15:00:00,0.9,0.9,0.896,0.897,69655200.0,62575132.0
2023-09-27 09:45:00,0.896,0.902,0.895,0.901,50898969.0,45770400.0
2023-09-27 10:00:00,0.901,0.905,0.901,0.905,75797830.0,68480530.0
2023-09-27 10:15:00,0.905,0.908,0.902,0.904,70451780.0,63753650.0
2023-09-27 10:30:00,0.904,0.905,0.902,0.904,30269012.0,27346506.0
2023-09-27 10:45:00,0.904,0.904,0.901,0.902,24710400.0,22285896.0
2023-09-27 11:00:00,0.901,0.902,0.9,0.901,58567504.0,52773696.0
2023-09-27 11:15:00,0.901,0.901,0.899,0.9,18249496.0,16426535.0
2023-09-27 11:30:00,0.9,0.902,0.9,0.902,14659700.0,13210818.0
2023-09-27 13:15:00,0.902,0.904,0.9,0.902,41653732.0,37563932.0
2023-09-27 13:30:00,0.902,0.902,0.899,0.902,22172080.0,19965996.0
2023-09-27 13:45:00,0.902,0.903,0.901,0.903,18351400.0,16553718.0
2023-09-27 14:00:00,0.903,0.903,0.901,0.903,31825600.0,28708740.0
2023-09-27 14:15:00,0.903,0.905,0.902,0.905,31695250.0,28634932.0
2023-09-27 14:30:00,0.905,0.905,0.902,0.904,26685800.0,24106040.0
2023-09-27 14:45:00,0.903,0.904,0.902,0.902,39404380.0,35578176.0
2023-09-27 15:00:00,0.902,0.903,0.901,0.903,61776500.0,55712760.0
2023-09-28 09:45:00,0.903,0.907,0.902,0.904,57426096.0,51914536.0
2023-09-28 10:00:00,0.903,0.906,0.903,0.905,27766540.0,25105360.0
2023-09-28 10:15:00,0.904,0.904,0.902,0.903,30062910.0,27156780.0
2023-09-28 10:30:00,0.902,0.903,0.901,0.901,23058754.0,20797842.0
2023-09-28 10:45:00,0.901,0.902,0.9,0.9,45364090.0,40865776.0
2023-09-28 11:00:00,0.901,0.901,0.9,0.901,14524318.0,13084681.0
2023-09-28 11:15:00,0.901,0.902,0.9,0.901,17343628.0,15626740.0
2023-09-28 11:30:00,0.901,0.904,0.901,0.904,22855448.0,20616076.0
2023-09-28 13:15:00,0.904,0.905,0.902,0.904,51043400.0,46140210.0
2023-09-28 13:30:00,0.905,0.911,0.905,0.91,110975650.0,100692880.0
2023-09-28 13:45:00,0.91,0.91,0.907,0.909,38425600.0,34930750.0
2023-09-28 14:00:00,0.909,0.91,0.908,0.909,13959988.0,12685226.0
2023-09-28 14:15:00,0.91,0.911,0.909,0.911,32778828.0,29835916.0
2023-09-28 14:30:00,0.911,0.911,0.908,0.909,33157998.0,30150600.0
2023-09-28 14:45:00,0.909,0.909,0.907,0.909,42456300.0,38550456.0
2023-09-28 15:00:00,0.909,0.91,0.908,0.909,69572400.0,63239970.0
2023-10-09 09:45:00,0.908,0.908,0.901,0.901,81921320.0,74057699.0
2023-10-09 10:00:00,0.901,0.908,0.901,0.908,48579330.0,43914172.0
2023-10-09 10:15:00,0.907,0.911,0.907,0.909,57840384.0,52581652.0
2023-10-09 10:30:00,0.909,0.912,0.909,0.909,42853450.0,38998668.0
2023-10-09 10:45:00,0.909,0.911,0.908,0.908,20175076.0,18341418.0
2023-10-09 11:00:00,0.908,0.909,0.905,0.906,27362262.0,24802798.0
2023-10-09 11:15:00,0.906,0.906,0.905,0.906,7590821.0,6871150.0
2023-10-09 11:30:00,0.905,0.906,0.904,0.904,16371957.0,14816035.0
2023-10-09 13:15:00,0.906,0.906,0.903,0.904,17476968.0,15808421.0
2023-10-09 13:30:00,0.903,0.906,0.903,0.906,17913796.0,16195296.0
2023-10-09 13:45:00,0.906,0.91,0.904,0.91,64560164.0,58605212.0
2023-10-09 14:00:00,0.91,0.91,0.907,0.908,20782496.0,18876266.0
2023-10-09 14:15:00,0.908,0.912,0.906,0.909,47070500.0,42779870.0
2023-10-09 14:30:00,0.908,0.91,0.907,0.908,16340000.0,14841007.0
2023-10-09 14:45:00,0.908,0.909,0.906,0.908,20405956.0,18526450.0
2023-10-09 15:00:00,0.909,0.909,0.907,0.908,19644640.0,17841540.0
2023-10-10 09:45:00,0.91,0.914,0.909,0.911,85456014.0,77901540.0
2023-10-10 10:00:00,0.911,0.913,0.909,0.909,52908730.0,48240200.0
2023-10-10 10:15:00,0.909,0.91,0.907,0.908,25162362.0,22861774.0
2023-10-10 10:30:00,0.908,0.909,0.905,0.906,26161228.0,23721312.0
2023-10-10 10:45:00,0.906,0.906,0.905,0.905,20693496.0,18731270.0
2023-10-10 11:00:00,0.905,0.905,0.903,0.904,32853300.0,29711512.0
2023-10-10 11:15:00,0.903,0.905,0.903,0.905,21856724.0,19770338.0
2023-10-10 11:30:00,0.904,0.906,0.903,0.906,21713300.0,19633020.0
2023-10-10 13:15:00,0.906,0.908,0.905,0.906,31212884.0,28290522.0
2023-10-10 13:30:00,0.906,0.908,0.904,0.905,22426066.0,20313734.0
2023-10-10 13:45:00,0.905,0.908,0.904,0.907,18012000.0,16329773.0
2023-10-10 14:00:00,0.907,0.908,0.905,0.905,21999136.0,19929592.0
2023-10-10 14:15:00,0.906,0.907,0.905,0.906,16835928.0,15251628.0
2023-10-10 14:30:00,0.906,0.906,0.904,0.905,27480900.0,24869016.0
2023-10-10 14:45:00,0.905,0.905,0.903,0.904,23687148.0,21413364.0
2023-10-10 15:00:00,0.904,0.904,0.903,0.903,34883490.0,31511348.0
2023-10-11 09:45:00,0.905,0.908,0.905,0.907,51012420.0,46239447.0
2023-10-11 10:00:00,0.908,0.913,0.907,0.91,74921576.0,68203810.0
2023-10-11 10:15:00,0.911,0.912,0.91,0.911,42673610.0,38866696.0
2023-10-11 10:30:00,0.911,0.915,0.911,0.914,87859500.0,80199670.0
2023-10-11 10:45:00,0.914,0.916,0.913,0.914,55748896.0,50997268.0
2023-10-11 11:00:00,0.914,0.915,0.911,0.912,24671278.0,22519084.0
2023-10-11 11:15:00,0.911,0.913,0.911,0.913,12527476.0,11422488.0
2023-10-11 11:30:00,0.913,0.913,0.911,0.913,28273392.0,25798514.0
2023-10-11 13:15:00,0.913,0.914,0.911,0.911,25218876.0,23013568.0
2023-10-11 13:30:00,0.911,0.913,0.91,0.912,45729108.0,41672080.0
2023-10-11 13:45:00,0.912,0.912,0.91,0.911,21554000.0,19638574.0
2023-10-11 14:00:00,0.911,0.913,0.911,0.912,24813386.0,22632848.0
2023-10-11 14:15:00,0.912,0.913,0.909,0.91,40823870.0,37169308.0
2023-10-11 14:30:00,0.91,0.911,0.907,0.908,45216000.0,41085196.0
2023-10-11 14:45:00,0.907,0.914,0.907,0.913,54402990.0,49539532.0
2023-10-11 15:00:00,0.912,0.915,0.912,0.915,68210000.0,62333110.0
2023-10-12 09:45:00,0.92,0.923,0.916,0.92,128403077.0,118067937.0
2023-10-12 10:00:00,0.92,0.921,0.916,0.917,46120736.0,42366120.0
2023-10-12 10:15:00,0.918,0.918,0.913,0.914,44411300.0,40647860.0
2023-10-12 10:30:00,0.914,0.915,0.913,0.914,16987712.0,15521731.0
2023-10-12 10:45:00,0.913,0.916,0.913,0.915,27418640.0,25070814.0
2023-10-12 11:00:00,0.914,0.915,0.913,0.913,14311410.0,13076739.0
2023-10-12 11:15:00,0.914,0.914,0.912,0.914,18115788.0,16539506.0
2023-10-12 11:30:00,0.913,0.918,0.913,0.916,30131000.0,27601660.0
2023-10-12 13:15:00,0.916,0.919,0.915,0.918,31200600.0,28621506.0
2023-10-12 13:30:00,0.92,0.921,0.917,0.919,40198480.0,36949760.0
2023-10-12 13:45:00,0.919,0.92,0.917,0.919,20783032.0,19092384.0
2023-10-12 14:00:00,0.92,0.92,0.917,0.919,16949564.0,15571004.0
2023-10-12 14:15:00,0.919,0.923,0.918,0.922,57166010.0,52645544.0
2023-10-12 14:30:00,0.922,0.923,0.92,0.922,36492436.0,33638856.0
2023-10-12 14:45:00,0.922,0.923,0.92,0.922,30235778.0,27869166.0
2023-10-12 15:00:00,0.922,0.922,0.92,0.921,47774400.0,43995384.0
2023-10-13 09:45:00,0.915,0.916,0.912,0.914,75714240.0,69197621.0
2023-10-13 10:00:00,0.913,0.916,0.913,0.915,63393930.0,57977296.0
2023-10-13 10:15:00,0.915,0.918,0.913,0.916,37236810.0,34067876.0
2023-10-13 10:30:00,0.915,0.918,0.915,0.916,29961808.0,27468698.0
2023-10-13 10:45:00,0.916,0.916,0.913,0.915,19125900.0,17485982.0
2023-10-13 11:00:00,0.914,0.915,0.913,0.914,21203680.0,19382428.0
2023-10-13 11:15:00,0.915,0.915,0.912,0.913,32223444.0,29441396.0
2023-10-13 11:30:00,0.912,0.913,0.912,0.912,22669600.0,20676916.0
2023-10-13 13:15:00,0.912,0.914,0.911,0.913,31029488.0,28302372.0
2023-10-13 13:30:00,0.913,0.913,0.911,0.912,20524300.0,18720080.0
2023-10-13 13:45:00,0.912,0.912,0.91,0.911,31482776.0,28668488.0
2023-10-13 14:00:00,0.911,0.911,0.909,0.911,19515492.0,17762612.0
2023-10-13 14:15:00,0.911,0.914,0.91,0.914,30394828.0,27731108.0
2023-10-13 14:30:00,0.914,0.914,0.912,0.913,17692750.0,16154376.0
2023-10-13 14:45:00,0.913,0.913,0.911,0.913,15787318.0,14399462.0
2023-10-13 15:00:00,0.913,0.914,0.912,0.913,30478348.0,27821678.0
2023-10-16 09:45:00,0.912,0.913,0.905,0.906,112245200.0,101897427.0
2023-10-16 10:00:00,0.907,0.907,0.899,0.902,108760170.0,98101780.0
2023-10-16 10:15:00,0.901,0.902,0.899,0.901,62125020.0,55938360.0
2023-10-16 10:30:00,0.901,0.901,0.898,0.899,32390600.0,29133856.0
2023-10-16 10:45:00,0.899,0.899,0.897,0.898,27126200.0,24361554.0
2023-10-16 11:00:00,0.898,0.901,0.897,0.899,20848654.0,18736542.0
2023-10-16 11:15:00,0.899,0.9,0.898,0.899,15138307.0,13604654.0
2023-10-16 11:30:00,0.898,0.9,0.898,0.899,13440209.0,12078067.0
2023-10-16 13:15:00,0.899,0.9,0.897,0.898,19270640.0,17310644.0
2023-10-16 13:30:00,0.898,0.898,0.896,0.896,31218234.0,28002188.0
2023-10-16 13:45:00,0.896,0.897,0.893,0.895,54549900.0,48800060.0
2023-10-16 14:00:00,0.894,0.895,0.893,0.895,34850800.0,31158012.0
2023-10-16 14:15:00,0.895,0.895,0.892,0.893,47132736.0,42103588.0
2023-10-16 14:30:00,0.893,0.894,0.892,0.893,24797650.0,22140756.0
2023-10-16 14:45:00,0.893,0.896,0.891,0.894,62287196.0,55611540.0
2023-10-16 15:00:00,0.895,0.896,0.894,0.895,43009016.0,38506020.0
2023-10-17 09:45:00,0.896,0.898,0.894,0.898,57323576.0,51369445.0
2023-10-17 10:00:00,0.898,0.899,0.894,0.895,67528456.0,60524690.0
2023-10-17 10:15:00,0.895,0.896,0.893,0.895,26348532.0,23565056.0
2023-10-17 10:30:00,0.895,0.895,0.892,0.893,31502100.0,28130928.0
2023-10-17 10:45:00,0.893,0.894,0.892,0.893,13424663.0,11994424.0
2023-10-17 11:00:00,0.893,0.896,0.892,0.896,13140890.0,11746386.0
2023-10-17 11:15:00,0.896,0.902,0.896,0.901,63975470.0,57490344.0
2023-10-17 11:30:00,0.901,0.906,0.9,0.904,81410600.0,73555590.0
2023-10-17 13:15:00,0.905,0.905,0.9,0.901,35141336.0,31723296.0
2023-10-17 13:30:00,0.901,0.901,0.899,0.899,20657012.0,18590512.0
2023-10-17 13:45:00,0.899,0.902,0.899,0.902,12479291.0,11242720.0
2023-10-17 14:00:00,0.901,0.903,0.901,0.902,11123854.0,10029830.0
2023-10-17 14:15:00,0.902,0.902,0.898,0.9,20955800.0,18855224.0
2023-10-17 14:30:00,0.9,0.902,0.899,0.902,9686759.0,8721378.0
2023-10-17 14:45:00,0.902,0.905,0.901,0.904,49782708.0,44973370.0
2023-10-17 15:00:00,0.905,0.906,0.902,0.903,43870996.0,39684868.0
2023-10-18 09:45:00,0.902,0.906,0.894,0.895,107534415.0,96685752.0
2023-10-18 10:00:00,0.896,0.897,0.893,0.894,78887210.0,70598980.0
2023-10-18 10:15:00,0.894,0.897,0.893,0.894,44107704.0,39459504.0
2023-10-18 10:30:00,0.894,0.898,0.894,0.895,30525258.0,27346216.0
2023-10-18 10:45:00,0.896,0.896,0.894,0.894,12452965.0,11140058.0
2023-10-18 11:00:00,0.894,0.896,0.893,0.895,18582172.0,16618550.0
2023-10-18 11:15:00,0.896,0.896,0.893,0.893,14885948.0,13323163.0
2023-10-18 11:30:00,0.893,0.894,0.892,0.893,25177672.0,22479736.0
2023-10-18 13:15:00,0.894,0.894,0.892,0.894,19023532.0,16993120.0
2023-10-18 13:30:00,0.894,0.896,0.893,0.894,23661268.0,21169548.0
2023-10-18 13:45:00,0.894,0.895,0.893,0.894,9752900.0,8719458.0
2023-10-18 14:00:00,0.894,0.894,0.891,0.892,24439700.0,21809066.0
2023-10-18 14:15:00,0.891,0.895,0.891,0.893,21499300.0,19205264.0
2023-10-18 14:30:00,0.893,0.893,0.89,0.892,29417288.0,26215270.0
2023-10-18 14:45:00,0.892,0.894,0.891,0.892,25275628.0,22561656.0
2023-10-18 15:00:00,0.892,0.892,0.89,0.892,63747160.0,56820356.0
2023-10-19 09:45:00,0.887,0.896,0.885,0.896,110251580.0,98404697.0
2023-10-19 10:00:00,0.895,0.9,0.895,0.896,87268616.0,78348900.0
2023-10-19 10:15:00,0.897,0.9,0.895,0.898,49465630.0,44397670.0
2023-10-19 10:30:00,0.897,0.9,0.897,0.898,29438528.0,26446070.0
2023-10-19 10:45:00,0.898,0.899,0.894,0.894,23182334.0,20781484.0
2023-10-19 11:00:00,0.895,0.896,0.893,0.893,17706492.0,15837388.0
2023-10-19 11:15:00,0.894,0.896,0.893,0.893,22114512.0,19771236.0
2023-10-19 11:30:00,0.893,0.894,0.892,0.892,16321309.0,14578393.0
2023-10-19 13:15:00,0.893,0.894,0.89,0.893,24475900.0,21834724.0
2023-10-19 13:30:00,0.894,0.896,0.892,0.893,25418600.0,22722764.0
2023-10-19 13:45:00,0.892,0.894,0.89,0.894,20950442.0,18674824.0
2023-10-19 14:00:00,0.894,0.895,0.89,0.892,38358996.0,34227696.0
2023-10-19 14:15:00,0.893,0.897,0.891,0.893,33213268.0,29697060.0
2023-10-19 14:30:00,0.894,0.897,0.893,0.895,20914052.0,18727834.0
2023-10-19 14:45:00,0.895,0.895,0.892,0.893,16361696.0,14607608.0
2023-10-19 15:00:00,0.893,0.893,0.89,0.892,50249404.0,44802030.0
2023-10-20 09:45:00,0.888,0.894,0.885,0.893,143282089.0,127328885.0
2023-10-20 10:00:00,0.893,0.893,0.886,0.886,82030560.0,72973340.0
2023-10-20 10:15:00,0.886,0.889,0.884,0.888,58783924.0,52102436.0
2023-10-20 10:30:00,0.888,0.891,0.887,0.888,29221796.0,25985908.0
2023-10-20 10:45:00,0.889,0.892,0.887,0.889,25208000.0,22423748.0
2023-10-20 11:00:00,0.89,0.891,0.888,0.891,10711845.0,9529672.0
2023-10-20 11:15:00,0.891,0.891,0.887,0.887,15718555.0,13971233.0
2023-10-20 11:30:00,0.887,0.888,0.886,0.888,12637500.0,11203617.0
2023-10-20 13:15:00,0.888,0.888,0.885,0.886,22877000.0,20274476.0
2023-10-20 13:30:00,0.885,0.886,0.883,0.886,35702708.0,31584204.0
2023-10-20 13:45:00,0.886,0.887,0.884,0.885,27979548.0,24754492.0
2023-10-20 14:00:00,0.885,0.888,0.883,0.886,32238696.0,28535458.0
2023-10-20 14:15:00,0.887,0.887,0.883,0.884,86763940.0,76723170.0
2023-10-20 14:30:00,0.884,0.885,0.882,0.883,40331052.0,35633984.0
2023-10-20 14:45:00,0.884,0.886,0.882,0.882,60726490.0,53645692.0
2023-10-20 15:00:00,0.883,0.884,0.881,0.884,49091692.0,43305784.0
2023-10-23 09:45:00,0.88,0.88,0.874,0.874,169163530.0,148403660.0
2023-10-23 10:00:00,0.874,0.874,0.867,0.869,141355280.0,122959210.0
2023-10-23 10:15:00,0.869,0.871,0.868,0.869,59132650.0,51386520.0
2023-10-23 10:30:00,0.87,0.87,0.867,0.868,51866630.0,45044000.0
2023-10-23 10:45:00,0.869,0.87,0.867,0.869,26858008.0,23331628.0
2023-10-23 11:00:00,0.869,0.869,0.867,0.868,26923608.0,23374690.0
2023-10-23 11:15:00,0.868,0.868,0.867,0.868,19681300.0,17069988.0
2023-10-23 11:30:00,0.868,0.869,0.866,0.867,19035400.0,16507460.0
2023-10-23 13:15:00,0.868,0.872,0.867,0.868,38985932.0,33873770.0
2023-10-23 13:30:00,0.867,0.869,0.866,0.867,21847100.0,18949914.0
2023-10-23 13:45:00,0.867,0.867,0.864,0.865,43441908.0,37613264.0
2023-10-23 14:00:00,0.864,0.865,0.862,0.863,47532350.0,41042156.0
2023-10-23 14:15:00,0.863,0.863,0.86,0.861,45692908.0,39369660.0
2023-10-23 14:30:00,0.861,0.862,0.856,0.857,60789124.0,52198736.0
2023-10-23 14:45:00,0.857,0.86,0.856,0.857,100850040.0,86474296.0
2023-10-23 15:00:00,0.857,0.861,0.856,0.859,77580250.0,66673090.0
2023-10-24 09:45:00,0.863,0.867,0.859,0.861,116812690.0,100736272.0
2023-10-24 10:00:00,0.861,0.862,0.859,0.86,57755500.0,49698376.0
2023-10-24 10:15:00,0.861,0.871,0.859,0.871,107490840.0,93196984.0
2023-10-24 10:30:00,0.872,0.878,0.871,0.874,149198220.0,130560376.0
2023-10-24 10:45:00,0.874,0.877,0.871,0.874,66437050.0,58123864.0
2023-10-24 11:00:00,0.874,0.874,0.87,0.87,30534500.0,26613604.0
2023-10-24 11:15:00,0.87,0.872,0.868,0.868,26280668.0,22861094.0
2023-10-24 11:30:00,0.869,0.871,0.868,0.87,17312268.0,15056360.0
2023-10-24 13:15:00,0.87,0.87,0.868,0.869,20770296.0,18054666.0
2023-10-24 13:30:00,0.869,0.869,0.864,0.864,24914182.0,21572674.0
2023-10-24 13:45:00,0.864,0.866,0.864,0.864,12456600.0,10771182.0
2023-10-24 14:00:00,0.864,0.869,0.864,0.867,20847276.0,18068968.0
2023-10-24 14:15:00,0.867,0.872,0.866,0.871,29810640.0,25945612.0
2023-10-24 14:30:00,0.871,0.872,0.868,0.872,12884573.0,11209697.0
2023-10-24 14:45:00,0.872,0.874,0.871,0.871,80659100.0,70333080.0
2023-10-24 15:00:00,0.872,0.873,0.87,0.871,91382550.0,79674744.0
2023-10-25 09:45:00,0.88,0.885,0.877,0.879,195182247.0,171768528.0
2023-10-25 10:00:00,0.879,0.882,0.878,0.881,73849100.0,64980550.0
2023-10-25 10:15:00,0.881,0.881,0.877,0.877,34043620.0,29924654.0
2023-10-25 10:30:00,0.877,0.878,0.875,0.876,30850940.0,27032060.0
2023-10-25 10:45:00,0.877,0.877,0.873,0.874,27980740.0,24475540.0
2023-10-25 11:00:00,0.874,0.876,0.873,0.875,20370600.0,17815008.0
2023-10-25 11:15:00,0.875,0.876,0.872,0.872,29555200.0,25828288.0
2023-10-25 11:30:00,0.872,0.873,0.87,0.872,31125248.0,27119286.0
2023-10-25 13:15:00,0.872,0.874,0.87,0.874,37349950.0,32559040.0
2023-10-25 13:30:00,0.874,0.874,0.871,0.872,16522209.0,14413190.0
2023-10-25 13:45:00,0.872,0.872,0.87,0.871,25149600.0,21902424.0
2023-10-25 14:00:00,0.872,0.872,0.87,0.872,32726456.0,28513668.0
2023-10-25 14:15:00,0.871,0.873,0.871,0.871,41327900.0,36036096.0
2023-10-25 14:30:00,0.872,0.875,0.871,0.873,61236104.0,53438680.0
2023-10-25 14:45:00,0.873,0.873,0.87,0.871,38083016.0,33173504.0
2023-10-25 15:00:00,0.871,0.871,0.868,0.869,46974800.0,40840544.0
2023-10-26 09:45:00,0.864,0.869,0.862,0.865,118698970.0,102690161.0
2023-10-26 10:00:00,0.864,0.865,0.861,0.862,112502080.0,97017540.0
2023-10-26 10:15:00,0.862,0.865,0.861,0.863,41040012.0,35392292.0
2023-10-26 10:30:00,0.863,0.864,0.861,0.861,28444468.0,24524448.0
2023-10-26 10:45:00,0.862,0.863,0.861,0.861,14570042.0,12553507.0
2023-10-26 11:00:00,0.861,0.862,0.86,0.86,24929264.0,21458392.0
2023-10-26 11:15:00,0.86,0.861,0.859,0.859,23329192.0,20050552.0
2023-10-26 11:30:00,0.859,0.861,0.859,0.86,23110848.0,19869872.0
2023-10-26 13:15:00,0.86,0.861,0.858,0.858,26108604.0,22434220.0
2023-10-26 13:30:00,0.858,0.861,0.858,0.859,34449188.0,29602620.0
2023-10-26 13:45:00,0.859,0.861,0.857,0.861,53172000.0,45651500.0
2023-10-26 14:00:00,0.861,0.864,0.86,0.862,41191372.0,35502570.0
2023-10-26 14:15:00,0.862,0.864,0.859,0.863,31488428.0,27129096.0
2023-10-26 14:30:00,0.863,0.867,0.863,0.866,36933570.0,31961576.0
2023-10-26 14:45:00,0.866,0.872,0.866,0.87,62653150.0,54502736.0
2023-10-26 15:00:00,0.871,0.871,0.869,0.87,39460170.0,34349030.0
2023-10-27 09:45:00,0.866,0.87,0.863,0.869,149213360.0,129146720.0
2023-10-27 10:00:00,0.869,0.873,0.868,0.869,95568970.0,83175016.0
2023-10-27 10:15:00,0.868,0.874,0.868,0.871,76530020.0,66705332.0
2023-10-27 10:30:00,0.872,0.874,0.871,0.872,36879348.0,32175252.0
2023-10-27 10:45:00,0.872,0.873,0.87,0.871,35959700.0,31340512.0
2023-10-27 11:00:00,0.871,0.874,0.87,0.872,26031252.0,22699192.0
2023-10-27 11:15:00,0.873,0.874,0.87,0.871,23204500.0,20235532.0
2023-10-27 11:30:00,0.87,0.872,0.87,0.872,22670700.0,19750264.0
2023-10-27 13:15:00,0.872,0.876,0.871,0.875,45394090.0,39642410.0
2023-10-27 13:30:00,0.876,0.879,0.875,0.876,66943836.0,58723310.0
2023-10-27 13:45:00,0.877,0.881,0.876,0.881,47604890.0,41818130.0
2023-10-27 14:00:00,0.881,0.883,0.88,0.882,53247930.0,46934668.0
2023-10-27 14:15:00,0.883,0.887,0.882,0.886,78187440.0,69182060.0
2023-10-27 14:30:00,0.885,0.886,0.883,0.886,42622630.0,37712120.0
2023-10-27 14:45:00,0.886,0.886,0.882,0.883,46632056.0,41200384.0
2023-10-27 15:00:00,0.884,0.884,0.882,0.884,32707022.0,28869980.0
2023-10-30 09:45:00,0.88,0.887,0.879,0.886,132978174.0,117449534.0
2023-10-30 10:00:00,0.887,0.889,0.884,0.886,111771800.0,99060810.0
2023-10-30 10:15:00,0.886,0.888,0.885,0.887,51496240.0,45662332.0
2023-10-30 10:30:00,0.886,0.89,0.886,0.887,67284690.0,59741984.0
2023-10-30 10:45:00,0.886,0.889,0.886,0.887,22501400.0,19968172.0
2023-10-30 11:00:00,0.886,0.89,0.886,0.889,24162600.0,21457626.0
2023-10-30 11:15:00,0.89,0.892,0.889,0.892,42012700.0,37403956.0
2023-10-30 11:30:00,0.892,0.898,0.892,0.897,79731600.0,71351510.0
2023-10-30 13:15:00,0.897,0.899,0.893,0.893,68438600.0,61345024.0
2023-10-30 13:30:00,0.893,0.897,0.893,0.895,45571000.0,40801684.0
2023-10-30 13:45:00,0.896,0.898,0.895,0.897,52992500.0,47542056.0
2023-10-30 14:00:00,0.898,0.898,0.895,0.898,51278900.0,46005704.0
2023-10-30 14:15:00,0.897,0.9,0.897,0.899,55130436.0,49557104.0
2023-10-30 14:30:00,0.899,0.904,0.898,0.903,98358456.0,88726220.0
2023-10-30 14:45:00,0.903,0.903,0.899,0.899,65923200.0,59376324.0
2023-10-30 15:00:00,0.899,0.899,0.897,0.899,43256984.0,38845610.0
2023-10-31 09:45:00,0.898,0.903,0.893,0.893,138684493.0,124430338.0
2023-10-31 10:00:00,0.894,0.896,0.893,0.894,44403800.0,39702856.0
2023-10-31 10:15:00,0.893,0.895,0.892,0.892,34402300.0,30728852.0
2023-10-31 10:30:00,0.893,0.895,0.892,0.893,23898760.0,21350944.0
2023-10-31 10:45:00,0.893,0.894,0.891,0.892,29169200.0,26028260.0
2023-10-31 11:00:00,0.892,0.893,0.89,0.891,25805812.0,22996300.0
2023-10-31 11:15:00,0.891,0.893,0.891,0.891,23503028.0,20958368.0
2023-10-31 11:30:00,0.891,0.892,0.89,0.891,15201500.0,13539530.0
2023-10-31 13:15:00,0.892,0.895,0.89,0.893,40107028.0,35791748.0
2023-10-31 13:30:00,0.893,0.895,0.892,0.892,26572740.0,23735704.0
2023-10-31 13:45:00,0.892,0.895,0.892,0.895,31305300.0,27963612.0
2023-10-31 14:00:00,0.894,0.894,0.892,0.893,20447956.0,18264488.0
2023-10-31 14:15:00,0.892,0.894,0.891,0.892,20504832.0,18293956.0
2023-10-31 14:30:00,0.891,0.894,0.891,0.894,12871140.0,11491289.0
2023-10-31 14:45:00,0.894,0.898,0.893,0.897,60641370.0,54326376.0
2023-10-31 15:00:00,0.897,0.898,0.895,0.897,50508256.0,45282916.0
2023-11-01 09:45:00,0.898,0.899,0.893,0.895,107142290.0,95953267.0
2023-11-01 10:00:00,0.895,0.895,0.891,0.892,49349636.0,44025010.0
2023-11-01 10:15:00,0.893,0.894,0.889,0.893,69597830.0,62046190.0
2023-11-01 10:30:00,0.894,0.894,0.89,0.892,55322508.0,49330744.0
2023-11-01 10:45:00,0.891,0.895,0.891,0.894,29934728.0,26752368.0
2023-11-01 11:00:00,0.895,0.897,0.894,0.897,27627828.0,24753432.0
2023-11-01 11:15:00,0.897,0.899,0.895,0.895,35117700.0,31511644.0
2023-11-01 11:30:00,0.896,0.897,0.895,0.896,9695409.0,8684498.0
2023-11-01 13:15:00,0.896,0.896,0.892,0.894,19286100.0,17239416.0
2023-11-01 13:30:00,0.894,0.895,0.892,0.893,16471500.0,14714150.0
2023-11-01 13:45:00,0.894,0.894,0.891,0.892,14011027.0,12502548.0
2023-11-01 14:00:00,0.892,0.894,0.891,0.893,9601800.0,8569008.0
2023-11-01 14:15:00,0.893,0.894,0.892,0.894,26678834.0,23825678.0
2023-11-01 14:30:00,0.894,0.894,0.891,0.891,20201132.0,18024406.0
2023-11-01 14:45:00,0.892,0.893,0.891,0.892,13876070.0,12375192.0
2023-11-01 15:00:00,0.892,0.892,0.89,0.892,41664420.0,37125932.0
2023-11-02 09:45:00,0.892,0.896,0.891,0.891,73872542.0,66025334.0
2023-11-02 10:00:00,0.891,0.894,0.89,0.891,43434320.0,38727052.0
2023-11-02 10:15:00,0.891,0.891,0.889,0.889,22493200.0,20018482.0
2023-11-02 10:30:00,0.889,0.89,0.886,0.887,42216504.0,37474020.0
2023-11-02 10:45:00,0.888,0.891,0.887,0.89,15926457.0,14152568.0
2023-11-02 11:00:00,0.891,0.891,0.888,0.888,17520900.0,15590216.0
2023-11-02 11:15:00,0.889,0.889,0.888,0.889,10950400.0,9729729.0
2023-11-02 11:30:00,0.889,0.89,0.888,0.888,17561680.0,15618669.0
2023-11-02 13:15:00,0.888,0.889,0.886,0.888,41590148.0,36910184.0
2023-11-02 13:30:00,0.887,0.889,0.887,0.887,18866300.0,16744449.0
2023-11-02 13:45:00,0.887,0.888,0.886,0.887,15844900.0,14047433.0
2023-11-02 14:00:00,0.886,0.887,0.883,0.884,34557400.0,30592692.0
2023-11-02 14:15:00,0.884,0.885,0.883,0.884,35926736.0,31760134.0
2023-11-02 14:30:00,0.883,0.886,0.883,0.884,30856636.0,27294300.0
2023-11-02 14:45:00,0.884,0.885,0.882,0.882,47915690.0,42302050.0
2023-11-02 15:00:00,0.883,0.883,0.88,0.882,74849336.0,65974680.0
2023-11-03 09:45:00,0.883,0.89,0.883,0.89,98052900.0,86980232.0
2023-11-03 10:00:00,0.889,0.89,0.886,0.888,56396770.0,50083224.0
2023-11-03 10:15:00,0.889,0.894,0.888,0.893,90150080.0,80333944.0
2023-11-03 10:30:00,0.892,0.894,0.89,0.893,36964884.0,32973506.0
2023-11-03 10:45:00,0.893,0.896,0.893,0.895,66113004.0,59162424.0
2023-11-03 11:00:00,0.895,0.896,0.893,0.894,35523380.0,31773764.0
2023-11-03 11:15:00,0.894,0.895,0.892,0.892,14166200.0,12653456.0
2023-11-03 11:30:00,0.892,0.895,0.892,0.893,26852432.0,24013548.0
2023-11-03 13:15:00,0.894,0.895,0.892,0.893,15073127.0,13463622.0
2023-11-03 13:30:00,0.892,0.895,0.892,0.894,17537972.0,15662044.0
2023-11-03 13:45:00,0.894,0.897,0.894,0.896,46690070.0,41829716.0
2023-11-03 14:00:00,0.896,0.897,0.894,0.895,27693316.0,24792988.0
2023-11-03 14:15:00,0.896,0.898,0.894,0.897,30194000.0,27067744.0
2023-11-03 14:30:00,0.896,0.898,0.895,0.896,24771654.0,22201516.0
2023-11-03 14:45:00,0.895,0.896,0.894,0.896,31810500.0,28477186.0
2023-11-03 15:00:00,0.896,0.897,0.894,0.897,39065104.0,34987170.0
2023-11-06 09:45:00,0.903,0.909,0.902,0.904,188620856.0,170883731.0
2023-11-06 10:00:00,0.904,0.906,0.902,0.904,88862830.0,80313800.0
2023-11-06 10:15:00,0.904,0.906,0.904,0.905,45229932.0,40939220.0
2023-11-06 10:30:00,0.905,0.907,0.904,0.906,38630460.0,34979750.0
2023-11-06 10:45:00,0.906,0.91,0.906,0.91,51556800.0,46833170.0
2023-11-06 11:00:00,0.91,0.91,0.907,0.91,36711220.0,33354912.0
2023-11-06 11:15:00,0.909,0.911,0.908,0.91,46367250.0,42186444.0
2023-11-06 11:30:00,0.91,0.912,0.91,0.911,22821032.0,20794536.0
2023-11-06 13:15:00,0.912,0.913,0.909,0.912,58041400.0,52886476.0
2023-11-06 13:30:00,0.911,0.913,0.909,0.911,47664736.0,43410176.0
2023-11-06 13:45:00,0.911,0.911,0.909,0.911,34845000.0,31723872.0
2023-11-06 14:00:00,0.911,0.912,0.91,0.911,29412868.0,26798292.0
2023-11-06 14:15:00,0.911,0.912,0.909,0.911,49609500.0,45181484.0
2023-11-06 14:30:00,0.911,0.912,0.909,0.911,38631600.0,35175336.0
2023-11-06 14:45:00,0.911,0.911,0.909,0.909,35946760.0,32725948.0
2023-11-06 15:00:00,0.91,0.911,0.909,0.911,41193550.0,37493824.0
2023-11-07 09:45:00,0.908,0.912,0.906,0.912,104090850.0,94677082.0
2023-11-07 10:00:00,0.913,0.913,0.908,0.908,82611400.0,75212750.0
2023-11-07 10:15:00,0.908,0.909,0.906,0.906,49984944.0,45345290.0
2023-11-07 10:30:00,0.906,0.908,0.905,0.907,35105670.0,31800532.0
2023-11-07 10:45:00,0.907,0.907,0.905,0.906,52467600.0,47492960.0
2023-11-07 11:00:00,0.906,0.908,0.906,0.908,23052880.0,20906756.0
2023-11-07 11:15:00,0.907,0.908,0.906,0.906,10710878.0,9713945.0
2023-11-07 11:30:00,0.906,0.907,0.905,0.905,22120684.0,20036892.0
2023-11-07 13:15:00,0.906,0.908,0.905,0.908,12598885.0,11421589.0
2023-11-07 13:30:00,0.907,0.91,0.907,0.908,20731020.0,18834470.0
2023-11-07 13:45:00,0.909,0.91,0.908,0.909,30999770.0,28181842.0
2023-11-07 14:00:00,0.908,0.91,0.907,0.909,32226472.0,29280088.0
2023-11-07 14:15:00,0.909,0.912,0.908,0.911,32761372.0,29832492.0
2023-11-07 14:30:00,0.911,0.914,0.91,0.914,42557456.0,38825260.0
2023-11-07 14:45:00,0.914,0.914,0.911,0.912,42256950.0,38539030.0
2023-11-07 15:00:00,0.912,0.913,0.911,0.912,58993900.0,53794184.0
2023-11-08 09:45:00,0.91,0.916,0.909,0.913,92979379.0,84884641.0
2023-11-08 10:00:00,0.914,0.916,0.912,0.916,77855660.0,71144590.0
2023-11-08 10:15:00,0.916,0.92,0.915,0.92,100600184.0,92287670.0
2023-11-08 10:30:00,0.92,0.923,0.919,0.922,80015150.0,73689080.0
2023-11-08 10:45:00,0.921,0.924,0.919,0.92,81937630.0,75512860.0
2023-11-08 11:00:00,0.92,0.925,0.919,0.924,77370450.0,71359070.0
2023-11-08 11:15:00,0.924,0.926,0.921,0.926,71621900.0,66206480.0
2023-11-08 11:30:00,0.925,0.927,0.925,0.926,60325436.0,55864180.0
2023-11-08 13:15:00,0.926,0.926,0.923,0.925,38414130.0,35523650.0
2023-11-08 13:30:00,0.925,0.926,0.919,0.919,41906256.0,38635204.0
2023-11-08 13:45:00,0.919,0.92,0.918,0.918,45958868.0,42215896.0
2023-11-08 14:00:00,0.918,0.918,0.915,0.916,58992056.0,54067690.0
2023-11-08 14:15:00,0.916,0.917,0.914,0.916,62987700.0,57644412.0
2023-11-08 14:30:00,0.916,0.919,0.916,0.919,35188790.0,32285036.0
2023-11-08 14:45:00,0.919,0.92,0.918,0.919,23864100.0,21933608.0
2023-11-08 15:00:00,0.92,0.922,0.919,0.92,38620370.0,35561960.0
2023-11-09 09:45:00,0.919,0.925,0.917,0.923,78988110.0,72862304.0
2023-11-09 10:00:00,0.923,0.926,0.917,0.917,105159950.0,96969096.0
2023-11-09 10:15:00,0.918,0.919,0.917,0.917,25991940.0,23856764.0
2023-11-09 10:30:00,0.917,0.918,0.914,0.916,44555908.0,40805660.0
2023-11-09 10:45:00,0.916,0.918,0.915,0.916,30772016.0,28205556.0
2023-11-09 11:00:00,0.916,0.916,0.912,0.913,31927924.0,29181282.0
2023-11-09 11:15:00,0.913,0.918,0.912,0.917,31504740.0,28823894.0
2023-11-09 11:30:00,0.918,0.92,0.916,0.917,36968600.0,33953012.0
2023-11-09 13:15:00,0.916,0.918,0.916,0.916,35665000.0,32701168.0
2023-11-09 13:30:00,0.917,0.917,0.915,0.917,20300500.0,18599626.0
2023-11-09 13:45:00,0.917,0.918,0.914,0.916,32363900.0,29646152.0
2023-11-09 14:00:00,0.917,0.918,0.916,0.917,25249908.0,23147648.0
2023-11-09 14:15:00,0.917,0.917,0.915,0.916,23486926.0,21505558.0
2023-11-09 14:30:00,0.916,0.917,0.915,0.916,28570020.0,26158142.0
2023-11-09 14:45:00,0.917,0.918,0.916,0.917,40010256.0,36682484.0
2023-11-09 15:00:00,0.917,0.917,0.914,0.915,27487628.0,25164092.0
2023-11-10 09:45:00,0.91,0.913,0.905,0.911,188781520.0,171485552.0
2023-11-10 10:00:00,0.912,0.915,0.91,0.912,74233700.0,67757140.0
2023-11-10 10:15:00,0.912,0.914,0.911,0.911,69392540.0,63289290.0
2023-11-10 10:30:00,0.912,0.912,0.908,0.909,42598790.0,38762224.0
2023-11-10 10:45:00,0.909,0.909,0.907,0.909,33759744.0,30659008.0
2023-11-10 11:00:00,0.909,0.913,0.908,0.913,21885540.0,19934576.0
2023-11-10 11:15:00,0.912,0.916,0.912,0.913,33006196.0,30173814.0
2023-11-10 11:30:00,0.913,0.914,0.912,0.913,14787000.0,13496716.0
2023-11-10 13:15:00,0.913,0.913,0.911,0.913,18391834.0,16777193.0
2023-11-10 13:30:00,0.913,0.913,0.91,0.911,15539251.0,14157481.0
2023-11-10 13:45:00,0.91,0.911,0.908,0.91,19842532.0,18044020.0
2023-11-10 14:00:00,0.909,0.911,0.909,0.911,17331362.0,15779506.0
2023-11-10 14:15:00,0.91,0.912,0.909,0.911,30544000.0,27801596.0
2023-11-10 14:30:00,0.91,0.913,0.91,0.912,21812644.0,19879556.0
2023-11-10 14:45:00,0.911,0.913,0.911,0.911,40198096.0,36647056.0
2023-11-10 15:00:00,0.911,0.912,0.91,0.911,37011536.0,33707990.0
2023-11-13 09:45:00,0.915,0.918,0.909,0.912,92129320.0,84068485.0
2023-11-13 10:00:00,0.911,0.913,0.91,0.912,33270736.0,30337276.0
2023-11-13 10:15:00,0.913,0.915,0.911,0.914,40699736.0,37146416.0
2023-11-13 10:30:00,0.914,0.918,0.914,0.914,40439736.0,37043376.0
2023-11-13 10:45:00,0.915,0.916,0.914,0.914,47079400.0,43080470.0
2023-11-13 11:00:00,0.914,0.915,0.913,0.913,17772480.0,16239480.0
2023-11-13 11:15:00,0.913,0.915,0.912,0.914,32981600.0,30129626.0
2023-11-13 11:30:00,0.913,0.914,0.912,0.913,15902800.0,14515934.0
2023-11-13 13:15:00,0.913,0.914,0.911,0.913,29144160.0,26595424.0
2023-11-13 13:30:00,0.913,0.915,0.912,0.913,13828100.0,12634262.0
2023-11-13 13:45:00,0.914,0.916,0.913,0.916,19316968.0,17666664.0
2023-11-13 14:00:00,0.916,0.917,0.915,0.917,16686962.0,15283851.0
2023-11-13 14:15:00,0.917,0.917,0.914,0.915,16974994.0,15539783.0
2023-11-13 14:30:00,0.915,0.916,0.914,0.914,8346201.0,7636273.0
2023-11-13 14:45:00,0.915,0.916,0.914,0.916,12545644.0,11481055.0
2023-11-13 15:00:00,0.916,0.918,0.915,0.917,28216500.0,25871492.0
2023-11-14 09:45:00,0.915,0.925,0.915,0.925,99226290.0,91320612.0
2023-11-14 10:00:00,0.925,0.926,0.922,0.924,80980296.0,74833350.0
2023-11-14 10:15:00,0.924,0.924,0.921,0.922,34324400.0,31664248.0
2023-11-14 10:30:00,0.923,0.924,0.92,0.921,30756724.0,28350024.0
2023-11-14 10:45:00,0.921,0.922,0.918,0.922,41364370.0,38059664.0
2023-11-14 11:00:00,0.922,0.924,0.921,0.922,41000024.0,37818040.0
2023-11-14 11:15:00,0.922,0.922,0.92,0.92,14034427.0,12924928.0
2023-11-14 11:30:00,0.921,0.921,0.918,0.919,24381000.0,22411052.0
2023-11-14 13:15:00,0.919,0.919,0.916,0.918,30205754.0,27715400.0
2023-11-14 13:30:00,0.918,0.919,0.917,0.919,30709688.0,28190902.0
2023-11-14 13:45:00,0.918,0.922,0.918,0.922,18911172.0,17396362.0
2023-11-14 14:00:00,0.922,0.926,0.921,0.923,50508550.0,46662690.0
2023-11-14 14:15:00,0.924,0.925,0.92,0.924,47676880.0,43976668.0
2023-11-14 14:30:00,0.924,0.925,0.923,0.924,19977100.0,18459796.0
2023-11-14 14:45:00,0.923,0.925,0.923,0.925,19056720.0,17610466.0
2023-11-14 15:00:00,0.925,0.926,0.924,0.925,65825050.0,60899384.0
2023-11-15 09:45:00,0.938,0.94,0.93,0.932,166161030.0,155040230.0
2023-11-15 10:00:00,0.932,0.934,0.929,0.931,72109450.0,67168664.0
2023-11-15 10:15:00,0.931,0.932,0.927,0.927,40867690.0,38005148.0
2023-11-15 10:30:00,0.927,0.929,0.926,0.928,34823870.0,32298486.0
2023-11-15 10:45:00,0.929,0.93,0.926,0.929,29789764.0,27633336.0
2023-11-15 11:00:00,0.93,0.931,0.928,0.93,27218534.0,25303988.0
2023-11-15 11:15:00,0.931,0.932,0.93,0.93,23754436.0,22116696.0
2023-11-15 11:30:00,0.93,0.931,0.929,0.93,28440304.0,26449392.0
2023-11-15 13:15:00,0.93,0.93,0.926,0.927,32020196.0,29712804.0
2023-11-15 13:30:00,0.928,0.928,0.926,0.927,13873154.0,12858375.0
2023-11-15 13:45:00,0.927,0.928,0.924,0.925,35935256.0,33271422.0
2023-11-15 14:00:00,0.925,0.926,0.922,0.922,35909596.0,33190980.0
2023-11-15 14:15:00,0.922,0.925,0.922,0.923,18252600.0,16849226.0
2023-11-15 14:30:00,0.923,0.924,0.922,0.923,17603300.0,16243255.0
2023-11-15 14:45:00,0.922,0.924,0.921,0.923,40163770.0,37041020.0
2023-11-15 15:00:00,0.924,0.924,0.922,0.924,28932628.0,26713216.0
2023-11-16 09:45:00,0.922,0.922,0.917,0.917,90105090.0,82819578.0
2023-11-16 10:00:00,0.918,0.919,0.915,0.915,71835550.0,65878988.0
2023-11-16 10:15:00,0.916,0.916,0.912,0.914,63728150.0,58237376.0
2023-11-16 10:30:00,0.914,0.915,0.913,0.913,28778600.0,26298296.0
2023-11-16 10:45:00,0.914,0.914,0.911,0.912,57070984.0,52037310.0
2023-11-16 11:00:00,0.913,0.913,0.91,0.911,32144728.0,29284488.0
2023-11-16 11:15:00,0.911,0.913,0.91,0.912,21920160.0,19981972.0
2023-11-16 11:30:00,0.912,0.912,0.909,0.909,30638054.0,27894360.0
2023-11-16 13:15:00,0.909,0.911,0.908,0.909,63625800.0,57860156.0
2023-11-16 13:30:00,0.909,0.91,0.908,0.909,29909800.0,27177460.0
2023-11-16 13:45:00,0.909,0.91,0.908,0.909,19370300.0,17611622.0
2023-11-16 14:00:00,0.909,0.912,0.908,0.912,33985200.0,30922024.0
2023-11-16 14:15:00,0.911,0.914,0.91,0.91,40044070.0,36508350.0
2023-11-16 14:30:00,0.911,0.912,0.91,0.911,23362204.0,21276110.0
2023-11-16 14:45:00,0.912,0.912,0.908,0.908,25179392.0,22896416.0
2023-11-16 15:00:00,0.909,0.91,0.908,0.908,48992068.0,44520070.0
2023-11-17 09:45:00,0.905,0.912,0.905,0.911,84311400.0,76710810.0
2023-11-17 10:00:00,0.91,0.911,0.906,0.906,59162520.0,53690224.0
2023-11-17 10:15:00,0.906,0.908,0.905,0.907,60574110.0,54892664.0
2023-11-17 10:30:00,0.907,0.909,0.907,0.908,31526776.0,28607876.0
2023-11-17 10:45:00,0.908,0.908,0.906,0.906,18419876.0,16706211.0
2023-11-17 11:00:00,0.906,0.91,0.906,0.91,27899848.0,25342556.0
2023-11-17 11:15:00,0.91,0.911,0.909,0.909,73081680.0,66492244.0
2023-11-17 11:30:00,0.91,0.91,0.907,0.909,16797500.0,15260144.0
2023-11-17 13:15:00,0.909,0.91,0.908,0.908,30572368.0,27788848.0
2023-11-17 13:30:00,0.909,0.909,0.907,0.907,21573966.0,19590408.0
2023-11-17 13:45:00,0.908,0.909,0.906,0.906,23006548.0,20878436.0
2023-11-17 14:00:00,0.906,0.909,0.906,0.909,19103300.0,17339480.0
2023-11-17 14:15:00,0.909,0.911,0.907,0.911,21753400.0,19783432.0
2023-11-17 14:30:00,0.911,0.911,0.909,0.91,17375348.0,15811724.0
2023-11-17 14:45:00,0.909,0.912,0.909,0.911,30573752.0,27853864.0
2023-11-17 15:00:00,0.912,0.912,0.911,0.912,29198500.0,26616796.0
2023-11-20 09:45:00,0.912,0.914,0.906,0.906,81946516.0,74522252.0
2023-11-20 10:00:00,0.906,0.908,0.904,0.904,87250424.0,78986310.0
2023-11-20 10:15:00,0.904,0.907,0.904,0.907,26737376.0,24205592.0
2023-11-20 10:30:00,0.906,0.908,0.905,0.906,18231300.0,16529041.0
2023-11-20 10:45:00,0.907,0.909,0.905,0.909,22639600.0,20546556.0
2023-11-20 11:00:00,0.909,0.909,0.908,0.909,4056348.0,3686102.0
2023-11-20 11:15:00,0.909,0.913,0.908,0.912,28527764.0,25974342.0
2023-11-20 11:30:00,0.913,0.917,0.913,0.915,64286500.0,58826468.0
2023-11-20 13:15:00,0.915,0.917,0.914,0.916,50717030.0,46430190.0
2023-11-20 13:30:00,0.916,0.916,0.913,0.914,17163754.0,15697105.0
2023-11-20 13:45:00,0.915,0.917,0.914,0.915,21454432.0,19638904.0
2023-11-20 14:00:00,0.914,0.916,0.913,0.913,16469705.0,15054863.0
2023-11-20 14:15:00,0.914,0.916,0.913,0.914,12302064.0,11250433.0
2023-11-20 14:30:00,0.915,0.916,0.913,0.915,16950664.0,15502111.0
2023-11-20 14:45:00,0.915,0.915,0.913,0.913,8247969.0,7535269.0
2023-11-20 15:00:00,0.913,0.914,0.912,0.913,21225740.0,19383212.0
2023-11-21 09:45:00,0.916,0.917,0.913,0.915,75855664.0,69421732.0
2023-11-21 10:00:00,0.916,0.919,0.914,0.914,74187250.0,67996560.0
2023-11-21 10:15:00,0.915,0.916,0.913,0.914,31724352.0,29014436.0
2023-11-21 10:30:00,0.914,0.915,0.911,0.912,36684540.0,33475960.0
2023-11-21 10:45:00,0.912,0.914,0.912,0.913,20101434.0,18341404.0
2023-11-21 11:00:00,0.914,0.914,0.91,0.911,38162430.0,34796600.0
2023-11-21 11:15:00,0.911,0.912,0.91,0.912,24722100.0,22521064.0
2023-11-21 11:30:00,0.911,0.912,0.91,0.911,12403400.0,11302128.0
2023-11-21 13:15:00,0.912,0.914,0.911,0.914,29144500.0,26598250.0
2023-11-21 13:30:00,0.914,0.916,0.913,0.913,40591436.0,37111264.0
2023-11-21 13:45:00,0.914,0.914,0.911,0.912,34265050.0,31257886.0
2023-11-21 14:00:00,0.912,0.912,0.91,0.912,25042328.0,22814172.0
2023-11-21 14:15:00,0.911,0.912,0.908,0.909,42056330.0,38256864.0
2023-11-21 14:30:00,0.909,0.911,0.907,0.908,29950240.0,27217776.0
2023-11-21 14:45:00,0.909,0.909,0.905,0.906,74787700.0,67818456.0
2023-11-21 15:00:00,0.907,0.908,0.906,0.907,62602040.0,56782308.0
2023-11-22 09:45:00,0.905,0.906,0.902,0.904,72685640.0,65723117.0
2023-11-22 10:00:00,0.904,0.904,0.901,0.901,61375240.0,55354028.0
2023-11-22 10:15:00,0.901,0.902,0.9,0.902,53838564.0,48501370.0
2023-11-22 10:30:00,0.902,0.903,0.9,0.901,51805736.0,46650740.0
2023-11-22 10:45:00,0.901,0.902,0.9,0.901,32769792.0,29520772.0
2023-11-22 11:00:00,0.9,0.901,0.898,0.898,37756410.0,33960810.0
2023-11-22 11:15:00,0.899,0.9,0.897,0.898,62383870.0,56050000.0
2023-11-22 11:30:00,0.899,0.9,0.898,0.899,31760868.0,28535120.0
2023-11-22 13:15:00,0.899,0.9,0.897,0.898,35275900.0,31688992.0
2023-11-22 13:30:00,0.898,0.901,0.898,0.898,38885468.0,34981130.0
2023-11-22 13:45:00,0.897,0.9,0.897,0.898,35140190.0,31576300.0
2023-11-22 14:00:00,0.898,0.899,0.896,0.897,32376100.0,29052764.0
2023-11-22 14:15:00,0.897,0.897,0.895,0.896,35440140.0,31753152.0
2023-11-22 14:30:00,0.896,0.896,0.894,0.894,38165030.0,34148450.0
2023-11-22 14:45:00,0.895,0.896,0.893,0.893,52078736.0,46583360.0
2023-11-22 15:00:00,0.893,0.894,0.891,0.892,39994224.0,35691684.0
2023-11-23 09:45:00,0.892,0.893,0.887,0.888,90933114.0,80919013.0
2023-11-23 10:00:00,0.888,0.889,0.887,0.889,72127060.0,64058276.0
2023-11-23 10:15:00,0.889,0.894,0.889,0.894,54042124.0,48218536.0
2023-11-23 10:30:00,0.894,0.895,0.892,0.892,19531600.0,17444616.0
2023-11-23 10:45:00,0.892,0.893,0.891,0.893,15563996.0,13885590.0
2023-11-23 11:00:00,0.893,0.894,0.892,0.892,25735270.0,22982568.0
2023-11-23 11:15:00,0.892,0.893,0.891,0.891,18017000.0,16073244.0
2023-11-23 11:30:00,0.891,0.893,0.891,0.892,12640766.0,11275652.0
2023-11-23 13:15:00,0.893,0.893,0.89,0.891,38689710.0,34489560.0
2023-11-23 13:30:00,0.892,0.892,0.89,0.89,10832980.0,9650847.0
2023-11-23 13:45:00,0.89,0.896,0.89,0.895,44519280.0,39737676.0
2023-11-23 14:00:00,0.895,0.897,0.894,0.896,39991256.0,35818050.0
2023-11-23 14:15:00,0.896,0.899,0.895,0.897,39172300.0,35158830.0
2023-11-23 14:30:00,0.897,0.899,0.896,0.897,20874708.0,18734576.0
2023-11-23 14:45:00,0.897,0.899,0.897,0.899,25578300.0,22972972.0
2023-11-23 15:00:00,0.899,0.899,0.898,0.899,17496130.0,15723349.0
2023-11-24 09:45:00,0.896,0.897,0.891,0.892,86248900.0,77045570.0
2023-11-24 10:00:00,0.893,0.893,0.89,0.892,49109530.0,43771132.0
2023-11-24 10:15:00,0.892,0.892,0.89,0.891,35180172.0,31342136.0
2023-11-24 10:30:00,0.891,0.892,0.889,0.889,42539940.0,37879972.0
2023-11-24 10:45:00,0.89,0.891,0.888,0.889,26270028.0,23363820.0
2023-11-24 11:00:00,0.889,0.89,0.888,0.889,29009644.0,25787172.0
2023-11-24 11:15:00,0.889,0.89,0.888,0.889,36065736.0,32063564.0
2023-11-24 11:30:00,0.889,0.889,0.887,0.888,38522996.0,34208264.0
2023-11-24 13:15:00,0.889,0.89,0.887,0.888,57224228.0,50842016.0
2023-11-24 13:30:00,0.888,0.888,0.886,0.887,40672310.0,36079116.0
2023-11-24 13:45:00,0.887,0.888,0.885,0.886,33411364.0,29608508.0
2023-11-24 14:00:00,0.886,0.888,0.885,0.887,30509848.0,27042856.0
2023-11-24 14:15:00,0.888,0.888,0.885,0.886,28457600.0,25205124.0
2023-11-24 14:30:00,0.886,0.886,0.884,0.885,30976936.0,27407416.0
2023-11-24 14:45:00,0.885,0.887,0.884,0.886,44555840.0,39462900.0
2023-11-24 15:00:00,0.886,0.887,0.885,0.886,41244636.0,36537800.0
2023-11-27 09:45:00,0.883,0.888,0.883,0.886,75894294.0,67205957.0
2023-11-27 10:00:00,0.886,0.888,0.883,0.884,59656460.0,52817564.0
2023-11-27 10:15:00,0.883,0.886,0.882,0.884,61115410.0,54016388.0
2023-11-27 10:30:00,0.883,0.888,0.882,0.888,48112640.0,42642890.0
2023-11-27 10:45:00,0.887,0.888,0.886,0.887,27057700.0,23998404.0
2023-11-27 11:00:00,0.887,0.888,0.885,0.888,28344636.0,25127276.0
2023-11-27 11:15:00,0.888,0.888,0.884,0.886,23244532.0,20585800.0
2023-11-27 11:30:00,0.886,0.887,0.883,0.884,22904584.0,20260772.0
2023-11-27 13:15:00,0.885,0.887,0.884,0.887,22293852.0,19726600.0
2023-11-27 13:30:00,0.887,0.89,0.886,0.889,51867776.0,46057356.0
2023-11-27 13:45:00,0.89,0.891,0.889,0.89,27337500.0,24328224.0
2023-11-27 14:00:00,0.889,0.89,0.887,0.888,16952800.0,15061016.0
2023-11-27 14:15:00,0.888,0.889,0.887,0.888,29559168.0,26243324.0
2023-11-27 14:30:00,0.888,0.89,0.887,0.89,33653220.0,29902620.0
2023-11-27 14:45:00,0.889,0.89,0.889,0.89,22352184.0,19882804.0
2023-11-27 15:00:00,0.89,0.89,0.889,0.89,20286778.0,18047448.0
2023-11-28 09:45:00,0.888,0.89,0.884,0.886,66448445.0,58903614.0
2023-11-28 10:00:00,0.887,0.893,0.886,0.893,68805650.0,61213256.0
2023-11-28 10:15:00,0.893,0.895,0.89,0.891,55802950.0,49819424.0
2023-11-28 10:30:00,0.891,0.893,0.89,0.893,15659878.0,13959668.0
2023-11-28 10:45:00,0.893,0.895,0.892,0.892,36151836.0,32293868.0
2023-11-28 11:00:00,0.892,0.893,0.891,0.893,17726964.0,15812076.0
2023-11-28 11:15:00,0.892,0.892,0.891,0.891,11860036.0,10573599.0
2023-11-28 11:30:00,0.891,0.892,0.89,0.891,15380700.0,13694309.0
2023-11-28 13:15:00,0.89,0.891,0.888,0.89,28070120.0,24972992.0
2023-11-28 13:30:00,0.89,0.891,0.888,0.889,11459400.0,10190241.0
2023-11-28 13:45:00,0.889,0.889,0.886,0.887,17226638.0,15287567.0
2023-11-28 14:00:00,0.887,0.888,0.886,0.888,11984246.0,10635170.0
2023-11-28 14:15:00,0.888,0.89,0.887,0.89,22887400.0,20344572.0
2023-11-28 14:30:00,0.89,0.891,0.889,0.891,15097800.0,13437396.0
2023-11-28 14:45:00,0.891,0.893,0.891,0.893,33652948.0,30015046.0
2023-11-28 15:00:00,0.893,0.893,0.892,0.892,24915448.0,22237734.0
2023-11-29 09:45:00,0.892,0.894,0.889,0.892,59973620.0,53456254.0
2023-11-29 10:00:00,0.892,0.893,0.889,0.892,47055550.0,41924744.0
2023-11-29 10:15:00,0.892,0.895,0.891,0.893,67208350.0,60005764.0
2023-11-29 10:30:00,0.893,0.894,0.891,0.893,18125354.0,16176526.0
2023-11-29 10:45:00,0.893,0.893,0.89,0.891,16793664.0,14975306.0
2023-11-29 11:00:00,0.892,0.892,0.888,0.89,26792928.0,23839024.0
2023-11-29 11:15:00,0.89,0.892,0.889,0.889,14657107.0,13044142.0
2023-11-29 11:30:00,0.889,0.89,0.888,0.888,15766795.0,14014962.0
2023-11-29 13:15:00,0.889,0.889,0.887,0.888,25474322.0,22618668.0
2023-11-29 13:30:00,0.887,0.888,0.885,0.887,25390508.0,22503786.0
2023-11-29 13:45:00,0.887,0.887,0.885,0.886,27729524.0,24568128.0
2023-11-29 14:00:00,0.886,0.888,0.885,0.886,28577476.0,25327488.0
2023-11-29 14:15:00,0.886,0.887,0.884,0.885,21501940.0,19033104.0
2023-11-29 14:30:00,0.885,0.886,0.883,0.885,39515416.0,34949256.0
2023-11-29 14:45:00,0.884,0.887,0.884,0.885,22212216.0,19673012.0
2023-11-29 15:00:00,0.886,0.886,0.884,0.884,31602196.0,27954800.0
2023-11-30 09:45:00,0.884,0.885,0.88,0.881,73653522.0,64986468.0
2023-11-30 10:00:00,0.881,0.884,0.879,0.884,61898404.0,54504110.0
2023-11-30 10:15:00,0.883,0.886,0.881,0.885,58100900.0,51343810.0
2023-11-30 10:30:00,0.885,0.885,0.882,0.884,34411036.0,30394054.0
2023-11-30 10:45:00,0.884,0.884,0.881,0.883,33484928.0,29541602.0
2023-11-30 11:00:00,0.882,0.885,0.882,0.883,25804500.0,22792728.0
2023-11-30 11:15:00,0.883,0.884,0.882,0.883,13804200.0,12187400.0
2023-11-30 11:30:00,0.883,0.883,0.881,0.881,12186200.0,10745021.0
2023-11-30 13:15:00,0.881,0.883,0.88,0.88,21150228.0,18644114.0
2023-11-30 13:30:00,0.881,0.881,0.879,0.88,32694016.0,28771846.0
2023-11-30 13:45:00,0.88,0.881,0.879,0.879,27516260.0,24214560.0
2023-11-30 14:00:00,0.88,0.882,0.879,0.88,24004746.0,21127974.0
2023-11-30 14:15:00,0.88,0.884,0.879,0.883,19484570.0,17163790.0
2023-11-30 14:30:00,0.884,0.884,0.882,0.884,10922027.0,9646416.0
2023-11-30 14:45:00,0.884,0.886,0.883,0.886,37857430.0,33503682.0
2023-11-30 15:00:00,0.886,0.887,0.884,0.886,36987570.0,32743140.0
2023-12-01 09:45:00,0.886,0.886,0.881,0.881,70256290.0,61992980.0
2023-12-01 10:00:00,0.881,0.883,0.88,0.881,72456370.0,63869840.0
2023-12-01 10:15:00,0.881,0.884,0.881,0.881,45151600.0,39816652.0
2023-12-01 10:30:00,0.881,0.881,0.88,0.881,16602662.0,14619977.0
2023-12-01 10:45:00,0.881,0.882,0.88,0.88,30809100.0,27141340.0
2023-12-01 11:00:00,0.881,0.882,0.879,0.879,28648938.0,25221268.0
2023-12-01 11:15:00,0.879,0.881,0.879,0.88,13748500.0,12095852.0
2023-12-01 11:30:00,0.88,0.881,0.879,0.88,9495800.0,8357509.0
2023-12-01 13:15:00,0.881,0.881,0.878,0.878,24102300.0,21187840.0
2023-12-01 13:30:00,0.879,0.881,0.878,0.881,19974196.0,17558702.0
2023-12-01 13:45:00,0.88,0.885,0.879,0.883,42333864.0,37342172.0
2023-12-01 14:00:00,0.884,0.891,0.883,0.89,85920610.0,76243464.0
2023-12-01 14:15:00,0.89,0.891,0.888,0.889,39377100.0,35035024.0
2023-12-01 14:30:00,0.889,0.889,0.886,0.888,13936239.0,12368198.0
2023-12-01 14:45:00,0.887,0.89,0.886,0.89,15094100.0,13406125.0
2023-12-01 15:00:00,0.89,0.891,0.889,0.89,30563924.0,27197944.0
2023-12-04 09:45:00,0.89,0.892,0.887,0.891,86466030.0,76920625.0
2023-12-04 10:00:00,0.892,0.895,0.891,0.894,67439336.0,60250120.0
2023-12-04 10:15:00,0.894,0.895,0.891,0.893,62627700.0,55898190.0
2023-12-04 10:30:00,0.892,0.893,0.891,0.893,30494084.0,27207206.0
2023-12-04 10:45:00,0.892,0.893,0.889,0.891,30390736.0,27085280.0
2023-12-04 11:00:00,0.89,0.891,0.889,0.891,11532139.0,10263988.0
2023-12-04 11:15:00,0.891,0.891,0.889,0.891,23457988.0,20882364.0
2023-12-04 11:30:00,0.89,0.892,0.89,0.891,16775000.0,14947120.0
2023-12-04 13:15:00,0.891,0.891,0.889,0.889,18867624.0,16791294.0
2023-12-04 13:30:00,0.89,0.89,0.887,0.889,26886800.0,23889576.0
2023-12-04 13:45:00,0.889,0.892,0.888,0.89,23279900.0,20729658.0
2023-12-04 14:00:00,0.89,0.891,0.888,0.889,30155356.0,26800268.0
2023-12-04 14:15:00,0.889,0.889,0.887,0.887,33384400.0,29635776.0
2023-12-04 14:30:00,0.886,0.888,0.885,0.886,27521196.0,24388272.0
2023-12-04 14:45:00,0.886,0.887,0.885,0.886,32703622.0,28973700.0
2023-12-04 15:00:00,0.886,0.886,0.883,0.883,34283890.0,30311412.0
2023-12-05 09:45:00,0.881,0.882,0.875,0.877,99618390.0,87464336.0
2023-12-05 10:00:00,0.877,0.88,0.876,0.876,59179770.0,51953110.0
2023-12-05 10:15:00,0.876,0.877,0.874,0.876,60766180.0,53201324.0
2023-12-05 10:30:00,0.875,0.879,0.875,0.876,45461770.0,39865150.0
2023-12-05 10:45:00,0.876,0.877,0.875,0.875,21152540.0,18516384.0
2023-12-05 11:00:00,0.875,0.876,0.874,0.875,22199550.0,19421748.0
2023-12-05 11:15:00,0.875,0.876,0.874,0.875,17662970.0,15448788.0
2023-12-05 11:30:00,0.875,0.876,0.874,0.875,25076088.0,21928532.0
2023-12-05 13:15:00,0.875,0.875,0.873,0.873,34199348.0,29882890.0
2023-12-05 13:30:00,0.873,0.878,0.872,0.877,38696690.0,33838440.0
2023-12-05 13:45:00,0.876,0.877,0.874,0.876,28283156.0,24767072.0
2023-12-05 14:00:00,0.876,0.876,0.873,0.874,16152536.0,14122521.0
2023-12-05 14:15:00,0.874,0.875,0.873,0.874,32470736.0,28365564.0
2023-12-05 14:30:00,0.874,0.875,0.871,0.872,21215324.0,18507456.0
2023-12-05 14:45:00,0.873,0.873,0.87,0.87,34878160.0,30385436.0
2023-12-05 15:00:00,0.871,0.871,0.866,0.867,81710740.0,70969400.0
2023-12-06 09:45:00,0.866,0.872,0.864,0.87,99064264.0,86028018.0
2023-12-06 10:00:00,0.87,0.871,0.867,0.868,61753924.0,53650224.0
2023-12-06 10:15:00,0.868,0.873,0.868,0.873,39689336.0,34552760.0
2023-12-06 10:30:00,0.872,0.874,0.87,0.87,34231864.0,29859052.0
2023-12-06 10:45:00,0.871,0.873,0.869,0.871,16779648.0,14607991.0
2023-12-06 11:00:00,0.871,0.873,0.87,0.871,17686780.0,15407745.0
2023-12-06 11:15:00,0.871,0.872,0.869,0.87,19988020.0,17401780.0
2023-12-06 11:30:00,0.87,0.87,0.868,0.868,27343536.0,23761184.0
2023-12-06 13:15:00,0.869,0.87,0.867,0.869,37228776.0,32348596.0
2023-12-06 13:30:00,0.869,0.873,0.868,0.872,33726736.0,29356022.0
2023-12-06 13:45:00,0.873,0.874,0.871,0.872,40461560.0,35299004.0
2023-12-06 14:00:00,0.871,0.873,0.87,0.871,18935724.0,16506158.0
2023-12-06 14:15:00,0.87,0.871,0.869,0.87,12631216.0,10987951.0
2023-12-06 14:30:00,0.87,0.873,0.869,0.872,25604656.0,22320854.0
2023-12-06 14:45:00,0.872,0.873,0.87,0.871,12088200.0,10533763.0
2023-12-06 15:00:00,0.871,0.871,0.869,0.87,23043636.0,20041860.0
2023-12-07 09:45:00,0.869,0.872,0.867,0.868,50345004.0,43754221.0
2023-12-07 10:00:00,0.869,0.869,0.864,0.866,61917730.0,53627724.0
2023-12-07 10:15:00,0.866,0.867,0.864,0.866,51097460.0,44211148.0
2023-12-07 10:30:00,0.866,0.866,0.863,0.864,31728524.0,27433540.0
2023-12-07 10:45:00,0.864,0.867,0.863,0.864,44428236.0,38427224.0
2023-12-07 11:00:00,0.864,0.864,0.862,0.864,30130754.0,26004648.0
2023-12-07 11:15:00,0.864,0.865,0.862,0.863,17153200.0,14806944.0
2023-12-07 11:30:00,0.863,0.865,0.862,0.864,25405600.0,21937958.0
2023-12-07 13:15:00,0.864,0.869,0.864,0.868,44972428.0,38962690.0
2023-12-07 13:30:00,0.868,0.872,0.867,0.869,36958080.0,32149932.0
2023-12-07 13:45:00,0.869,0.87,0.867,0.869,22722170.0,19735592.0
2023-12-07 14:00:00,0.869,0.871,0.867,0.869,23189308.0,20152242.0
2023-12-07 14:15:00,0.87,0.871,0.868,0.871,34876468.0,30320796.0
2023-12-07 14:30:00,0.871,0.873,0.87,0.871,45280200.0,39471464.0
2023-12-07 14:45:00,0.872,0.872,0.87,0.87,25366542.0,22093556.0
2023-12-07 15:00:00,0.87,0.871,0.869,0.87,17226626.0,14992306.0
2023-12-08 09:45:00,0.87,0.876,0.869,0.872,72738107.0,63497762.0
2023-12-08 10:00:00,0.873,0.873,0.87,0.871,42396510.0,36942204.0
2023-12-08 10:15:00,0.872,0.875,0.871,0.873,30031400.0,26218870.0
2023-12-08 10:30:00,0.873,0.875,0.873,0.875,26796292.0,23412136.0
2023-12-08 10:45:00,0.875,0.876,0.873,0.875,26886254.0,23519130.0
2023-12-08 11:00:00,0.876,0.877,0.874,0.875,27273500.0,23879830.0
2023-12-08 11:15:00,0.876,0.877,0.874,0.876,28596414.0,25037776.0
2023-12-08 11:30:00,0.876,0.881,0.876,0.88,84322860.0,74096260.0
2023-12-08 13:15:00,0.881,0.884,0.88,0.881,71561430.0,63119110.0
2023-12-08 13:30:00,0.882,0.883,0.881,0.882,24864180.0,21933184.0
2023-12-08 13:45:00,0.882,0.882,0.88,0.881,38535300.0,33951904.0
2023-12-08 14:00:00,0.881,0.882,0.88,0.88,31677612.0,27909840.0
2023-12-08 14:15:00,0.881,0.883,0.88,0.883,26387580.0,23281730.0
2023-12-08 14:30:00,0.883,0.885,0.882,0.885,37796276.0,33403734.0
2023-12-08 14:45:00,0.885,0.885,0.881,0.884,65380770.0,57725172.0
2023-12-08 15:00:00,0.884,0.887,0.883,0.886,71885440.0,63601576.0
2023-12-11 09:45:00,0.882,0.883,0.876,0.88,128905256.0,113387700.0
2023-12-11 10:00:00,0.88,0.883,0.879,0.882,72947700.0,64233548.0
2023-12-11 10:15:00,0.882,0.883,0.881,0.882,34144290.0,30103878.0
2023-12-11 10:30:00,0.882,0.884,0.881,0.883,23633300.0,20866868.0
2023-12-11 10:45:00,0.883,0.884,0.882,0.884,12751059.0,11257949.0
2023-12-11 11:00:00,0.883,0.884,0.881,0.882,17058574.0,15047349.0
2023-12-11 11:15:00,0.882,0.885,0.882,0.884,27149900.0,23995832.0
2023-12-11 11:30:00,0.884,0.888,0.884,0.887,30340096.0,26891332.0
2023-12-11 13:15:00,0.888,0.888,0.886,0.887,39582764.0,35101444.0
2023-12-11 13:30:00,0.888,0.893,0.888,0.891,52724900.0,46956216.0
2023-12-11 13:45:00,0.89,0.895,0.89,0.892,54251204.0,48451936.0
2023-12-11 14:00:00,0.892,0.893,0.891,0.892,22640956.0,20192520.0
2023-12-11 14:15:00,0.892,0.897,0.891,0.896,62385770.0,55817150.0
2023-12-11 14:30:00,0.897,0.902,0.896,0.901,83282500.0,74931980.0
2023-12-11 14:45:00,0.901,0.902,0.899,0.9,42329108.0,38118264.0
2023-12-11 15:00:00,0.9,0.9,0.898,0.899,62974000.0,56609388.0
2023-12-12 09:45:00,0.897,0.899,0.895,0.897,95171710.0,85366391.0
2023-12-12 10:00:00,0.898,0.9,0.894,0.894,105594510.0,94757360.0
2023-12-12 10:15:00,0.895,0.896,0.893,0.895,31218474.0,27927332.0
2023-12-12 10:30:00,0.894,0.897,0.893,0.893,31590600.0,28271604.0
2023-12-12 10:45:00,0.894,0.894,0.892,0.893,25533228.0,22800292.0
2023-12-12 11:00:00,0.894,0.894,0.892,0.893,23892500.0,21332892.0
2023-12-12 11:15:00,0.893,0.894,0.892,0.892,12853200.0,11469323.0
2023-12-12 11:30:00,0.892,0.893,0.889,0.889,39228570.0,34926850.0
2023-12-12 13:15:00,0.89,0.892,0.889,0.891,40036990.0,35654280.0
2023-12-12 13:30:00,0.891,0.891,0.889,0.89,24559878.0,21852584.0
2023-12-12 13:45:00,0.889,0.891,0.888,0.89,26217666.0,23329368.0
2023-12-12 14:00:00,0.891,0.891,0.889,0.891,33827500.0,30106384.0
2023-12-12 14:15:00,0.89,0.893,0.89,0.893,33030400.0,29446244.0
2023-12-12 14:30:00,0.893,0.894,0.892,0.893,40714436.0,36365364.0
2023-12-12 14:45:00,0.893,0.893,0.89,0.89,41145200.0,36677452.0
2023-12-12 15:00:00,0.891,0.893,0.89,0.892,49124356.0,43797772.0
2023-12-13 09:45:00,0.889,0.897,0.888,0.895,68084396.0,60737537.0
2023-12-13 10:00:00,0.895,0.896,0.893,0.893,62419896.0,55812590.0
2023-12-13 10:15:00,0.893,0.893,0.89,0.891,29075208.0,25918934.0
2023-12-13 10:30:00,0.891,0.892,0.889,0.889,24685500.0,21963000.0
2023-12-13 10:45:00,0.889,0.889,0.887,0.888,25969104.0,23063320.0
2023-12-13 11:00:00,0.889,0.891,0.888,0.889,23609248.0,20991972.0
2023-12-13 11:15:00,0.889,0.89,0.888,0.89,18302010.0,16269735.0
2023-12-13 11:30:00,0.89,0.891,0.889,0.89,10412300.0,9265656.0
2023-12-13 13:15:00,0.89,0.89,0.887,0.888,44377936.0,39426596.0
2023-12-13 13:30:00,0.888,0.889,0.887,0.887,18984754.0,16857196.0
2023-12-13 13:45:00,0.887,0.888,0.885,0.887,34540936.0,30618556.0
2023-12-13 14:00:00,0.887,0.889,0.886,0.888,33436192.0,29673292.0
2023-12-13 14:15:00,0.888,0.889,0.885,0.887,23986590.0,21264280.0
2023-12-13 14:30:00,0.887,0.887,0.885,0.886,26423800.0,23407906.0
2023-12-13 14:45:00,0.886,0.888,0.883,0.883,51257652.0,45382344.0
2023-12-13 15:00:00,0.883,0.884,0.881,0.882,60130572.0,53059680.0
2023-12-14 09:45:00,0.888,0.891,0.884,0.884,96410250.0,85595764.0
2023-12-14 10:00:00,0.884,0.886,0.882,0.883,45655348.0,40356950.0
2023-12-14 10:15:00,0.884,0.884,0.881,0.883,59498228.0,52506296.0
2023-12-14 10:30:00,0.883,0.884,0.881,0.881,30237128.0,26670956.0
2023-12-14 10:45:00,0.881,0.882,0.879,0.882,46636544.0,41052036.0
2023-12-14 11:00:00,0.881,0.885,0.881,0.884,35026900.0,30914836.0
2023-12-14 11:15:00,0.884,0.887,0.883,0.886,33696136.0,29829830.0
2023-12-14 11:30:00,0.885,0.886,0.884,0.884,13868200.0,12265320.0
2023-12-14 13:15:00,0.885,0.885,0.881,0.883,26333000.0,23243384.0
2023-12-14 13:30:00,0.883,0.883,0.881,0.882,7941478.0,7003373.0
2023-12-14 13:45:00,0.882,0.882,0.879,0.881,33930520.0,29872096.0
2023-12-14 14:00:00,0.88,0.881,0.879,0.879,12014870.0,10570367.0
2023-12-14 14:15:00,0.879,0.882,0.878,0.882,33812468.0,29731964.0
2023-12-14 14:30:00,0.882,0.884,0.879,0.88,28932600.0,25513388.0
2023-12-14 14:45:00,0.88,0.881,0.877,0.878,25302796.0,22235620.0
2023-12-14 15:00:00,0.878,0.878,0.876,0.877,43672630.0,38300404.0
2023-12-15 09:45:00,0.88,0.881,0.874,0.874,85732670.0,75260848.0
2023-12-15 10:00:00,0.874,0.877,0.871,0.875,66531292.0,58156690.0
2023-12-15 10:15:00,0.875,0.876,0.873,0.876,42251050.0,36955430.0
2023-12-15 10:30:00,0.876,0.879,0.875,0.879,44039890.0,38665056.0
2023-12-15 10:45:00,0.879,0.881,0.877,0.878,64373996.0,56581516.0
2023-12-15 11:00:00,0.878,0.878,0.875,0.876,29592494.0,25933566.0
2023-12-15 11:15:00,0.875,0.875,0.874,0.875,14627300.0,12791715.0
2023-12-15 11:30:00,0.875,0.877,0.873,0.876,27475600.0,24036694.0
2023-12-15 13:15:00,0.876,0.876,0.872,0.873,31875040.0,27853926.0
2023-12-15 13:30:00,0.873,0.873,0.87,0.872,55487760.0,48357580.0
2023-12-15 13:45:00,0.871,0.872,0.87,0.871,28519696.0,24838784.0
2023-12-15 14:00:00,0.871,0.871,0.869,0.87,36797348.0,32004500.0
2023-12-15 14:15:00,0.87,0.872,0.869,0.869,17860744.0,15543015.0
2023-12-15 14:30:00,0.869,0.87,0.867,0.868,45260530.0,39304764.0
2023-12-15 14:45:00,0.868,0.87,0.867,0.868,30754600.0,26705454.0
2023-12-15 15:00:00,0.868,0.871,0.867,0.87,48783270.0,42385990.0
2023-12-18 09:45:00,0.867,0.868,0.863,0.868,106974764.0,92630864.0
2023-12-18 10:00:00,0.868,0.868,0.865,0.866,50379600.0,43668910.0
2023-12-18 10:15:00,0.866,0.867,0.865,0.866,39937780.0,34589384.0
2023-12-18 10:30:00,0.866,0.867,0.863,0.864,35064700.0,30315340.0
2023-12-18 10:45:00,0.864,0.868,0.863,0.866,39293100.0,34013290.0
2023-12-18 11:00:00,0.867,0.867,0.864,0.864,18273034.0,15806243.0
2023-12-18 11:15:00,0.864,0.865,0.863,0.864,23415262.0,20228522.0
2023-12-18 11:30:00,0.864,0.866,0.863,0.864,16527797.0,14287457.0
2023-12-18 13:15:00,0.864,0.864,0.861,0.861,32826972.0,28314804.0
2023-12-18 13:30:00,0.861,0.864,0.861,0.862,24909900.0,21482956.0
2023-12-18 13:45:00,0.862,0.863,0.861,0.863,16285627.0,14039696.0
2023-12-18 14:00:00,0.862,0.863,0.861,0.862,17906800.0,15439419.0
2023-12-18 14:15:00,0.862,0.863,0.86,0.86,48599308.0,41841332.0
2023-12-18 14:30:00,0.861,0.861,0.86,0.861,20021908.0,17229486.0
2023-12-18 14:45:00,0.861,0.862,0.859,0.86,35790300.0,30796504.0
2023-12-18 15:00:00,0.86,0.862,0.858,0.862,54425610.0,46808332.0
2023-12-19 09:45:00,0.86,0.865,0.859,0.861,80285970.0,69206656.0
2023-12-19 10:00:00,0.862,0.863,0.86,0.861,53793080.0,46342400.0
2023-12-19 10:15:00,0.862,0.864,0.861,0.863,43559416.0,37553896.0
2023-12-19 10:30:00,0.862,0.864,0.861,0.864,23843604.0,20566254.0
2023-12-19 10:45:00,0.864,0.871,0.863,0.868,78044184.0,67721050.0
2023-12-19 11:00:00,0.868,0.869,0.866,0.867,16634657.0,14427602.0
2023-12-19 11:15:00,0.866,0.867,0.865,0.866,14041400.0,12158624.0
2023-12-19 11:30:00,0.866,0.867,0.865,0.865,6507800.0,5634747.0
2023-12-19 13:15:00,0.866,0.866,0.863,0.864,20254778.0,17507956.0
2023-12-19 13:30:00,0.864,0.865,0.862,0.865,30244300.0,26113826.0
2023-12-19 13:45:00,0.864,0.866,0.863,0.865,15808000.0,13666959.0
2023-12-19 14:00:00,0.864,0.865,0.863,0.864,8988869.0,7765916.0
2023-12-19 14:15:00,0.863,0.864,0.862,0.863,18483600.0,15951007.0
2023-12-19 14:30:00,0.863,0.863,0.86,0.861,35395800.0,30492850.0
2023-12-19 14:45:00,0.86,0.863,0.86,0.862,25341080.0,21828862.0
2023-12-19 15:00:00,0.863,0.868,0.862,0.868,48768028.0,42208630.0
2023-12-20 09:45:00,0.869,0.87,0.863,0.864,80673186.0,69810414.0
2023-12-20 10:00:00,0.865,0.866,0.861,0.864,64351200.0,55561330.0
2023-12-20 10:15:00,0.864,0.865,0.862,0.863,45833816.0,39575830.0
2023-12-20 10:30:00,0.863,0.864,0.862,0.864,20219448.0,17444340.0
2023-12-20 10:45:00,0.864,0.865,0.862,0.863,28897800.0,24948096.0
2023-12-20 11:00:00,0.862,0.864,0.862,0.863,17259036.0,14891507.0
2023-12-20 11:15:00,0.862,0.864,0.861,0.862,16002252.0,13798784.0
2023-12-20 11:30:00,0.862,0.862,0.86,0.861,18087228.0,15572494.0
2023-12-20 13:15:00,0.861,0.861,0.859,0.86,34378576.0,29564214.0
2023-12-20 13:30:00,0.861,0.863,0.859,0.863,34274056.0,29492144.0
2023-12-20 13:45:00,0.863,0.863,0.858,0.858,40522400.0,34851080.0
2023-12-20 14:00:00,0.858,0.86,0.858,0.86,46815800.0,40211508.0
2023-12-20 14:15:00,0.86,0.861,0.858,0.859,27275900.0,23448864.0
2023-12-20 14:30:00,0.859,0.859,0.857,0.859,52524256.0,45069850.0
2023-12-20 14:45:00,0.859,0.86,0.857,0.858,57454000.0,49283560.0
2023-12-20 15:00:00,0.859,0.859,0.855,0.856,65372716.0,55981160.0
2023-12-21 09:45:00,0.852,0.858,0.851,0.858,104262500.0,89165248.0
2023-12-21 10:00:00,0.857,0.859,0.854,0.856,61239600.0,52454336.0
2023-12-21 10:15:00,0.856,0.856,0.853,0.855,38549256.0,32943856.0
2023-12-21 10:30:00,0.854,0.858,0.853,0.858,30529500.0,26089920.0
2023-12-21 10:45:00,0.858,0.863,0.856,0.859,68095400.0,58589736.0
2023-12-21 11:00:00,0.86,0.863,0.859,0.863,32150336.0,27686744.0
2023-12-21 11:15:00,0.862,0.87,0.862,0.865,80284380.0,69538630.0
2023-12-21 11:30:00,0.866,0.866,0.863,0.864,23625500.0,20424476.0
2023-12-21 13:15:00,0.864,0.868,0.864,0.866,38081460.0,33019446.0
2023-12-21 13:30:00,0.866,0.87,0.865,0.869,46262668.0,40165610.0
2023-12-21 13:45:00,0.869,0.87,0.866,0.87,53836400.0,46770576.0
2023-12-21 14:00:00,0.87,0.871,0.868,0.87,22863200.0,19880768.0
2023-12-21 14:15:00,0.869,0.87,0.868,0.868,23972448.0,20830364.0
2023-12-21 14:30:00,0.868,0.869,0.867,0.868,34676576.0,30097478.0
2023-12-21 14:45:00,0.868,0.87,0.867,0.869,25436098.0,22101964.0
2023-12-21 15:00:00,0.869,0.87,0.867,0.868,45750276.0,39742976.0
2023-12-22 09:45:00,0.867,0.867,0.863,0.864,65128570.0,56314873.0
2023-12-22 10:00:00,0.864,0.864,0.861,0.863,51957056.0,44806430.0
2023-12-22 10:15:00,0.863,0.864,0.862,0.864,22206900.0,19158002.0
2023-12-22 10:30:00,0.864,0.864,0.861,0.863,19425500.0,16749747.0
2023-12-22 10:45:00,0.863,0.864,0.862,0.863,38042600.0,32837608.0
2023-12-22 11:00:00,0.864,0.869,0.862,0.868,37600068.0,32571540.0
2023-12-22 11:15:00,0.868,0.871,0.866,0.87,46571108.0,40473468.0
2023-12-22 11:30:00,0.87,0.872,0.869,0.871,60492996.0,52646680.0
2023-12-22 13:15:00,0.871,0.871,0.863,0.868,72344000.0,62687090.0
2023-12-22 13:30:00,0.868,0.87,0.865,0.866,24915300.0,21618368.0
2023-12-22 13:45:00,0.866,0.866,0.862,0.866,26372208.0,22771980.0
2023-12-22 14:00:00,0.865,0.866,0.863,0.864,12178200.0,10524921.0
2023-12-22 14:15:00,0.864,0.865,0.86,0.861,25892100.0,22323472.0
2023-12-22 14:30:00,0.861,0.864,0.86,0.862,31181206.0,26872792.0
2023-12-22 14:45:00,0.862,0.863,0.861,0.863,18480042.0,15925090.0
2023-12-22 15:00:00,0.864,0.864,0.862,0.864,27617958.0,23841304.0
2023-12-25 09:45:00,0.863,0.867,0.858,0.859,78808800.0,67971470.0
2023-12-25 10:00:00,0.858,0.86,0.857,0.859,53792210.0,46190610.0
2023-12-25 10:15:00,0.859,0.862,0.858,0.859,46096668.0,39657164.0
2023-12-25 10:30:00,0.858,0.86,0.858,0.859,11744235.0,10085411.0
2023-12-25 10:45:00,0.859,0.859,0.857,0.857,26182048.0,22471038.0
2023-12-25 11:00:00,0.858,0.86,0.857,0.858,12697139.0,10900651.0
2023-12-25 11:15:00,0.857,0.858,0.856,0.858,21953500.0,18818924.0
2023-12-25 11:30:00,0.858,0.858,0.856,0.857,16391135.0,14040170.0
2023-12-25 13:15:00,0.857,0.858,0.855,0.856,31224182.0,26735536.0
2023-12-25 13:30:00,0.857,0.857,0.855,0.856,27710192.0,23719140.0
2023-12-25 13:45:00,0.855,0.86,0.855,0.86,40333600.0,34571530.0
2023-12-25 14:00:00,0.859,0.859,0.856,0.857,43575164.0,37353160.0
2023-12-25 14:15:00,0.857,0.858,0.855,0.858,54931784.0,47051796.0
2023-12-25 14:30:00,0.858,0.858,0.855,0.857,44151070.0,37801960.0
2023-12-25 14:45:00,0.857,0.858,0.856,0.858,52665940.0,45112580.0
2023-12-25 15:00:00,0.857,0.859,0.857,0.858,50912256.0,43651240.0
2023-12-26 09:45:00,0.856,0.857,0.853,0.856,51236228.0,43798840.0
2023-12-26 10:00:00,0.856,0.856,0.851,0.852,57897800.0,49379320.0
2023-12-26 10:15:00,0.853,0.853,0.85,0.85,49234900.0,41921020.0
2023-12-26 10:30:00,0.851,0.851,0.847,0.848,60239336.0,51147280.0
2023-12-26 10:45:00,0.847,0.849,0.846,0.848,43936800.0,37226856.0
2023-12-26 11:00:00,0.848,0.848,0.845,0.846,35312050.0,29874896.0
2023-12-26 11:15:00,0.846,0.846,0.844,0.845,39747600.0,33584136.0
2023-12-26 11:30:00,0.845,0.845,0.843,0.844,25452544.0,21474560.0
2023-12-26 13:15:00,0.845,0.846,0.843,0.844,22620332.0,19098120.0
2023-12-26 13:30:00,0.844,0.845,0.842,0.844,27038622.0,22804676.0
2023-12-26 13:45:00,0.844,0.846,0.843,0.845,23203692.0,19595616.0
2023-12-26 14:00:00,0.846,0.851,0.845,0.851,46889196.0,39779530.0
2023-12-26 14:15:00,0.851,0.851,0.846,0.847,33438472.0,28382832.0
2023-12-26 14:30:00,0.847,0.847,0.846,0.846,15300578.0,12951643.0
2023-12-26 14:45:00,0.846,0.847,0.844,0.844,27538700.0,23278608.0
2023-12-26 15:00:00,0.844,0.846,0.844,0.844,37126810.0,31373428.0
2023-12-27 09:45:00,0.845,0.851,0.845,0.848,130831190.0,110991086.0
2023-12-27 10:00:00,0.847,0.85,0.846,0.849,70590100.0,59808930.0
2023-12-27 10:15:00,0.849,0.852,0.848,0.848,63696736.0,54142788.0
2023-12-27 10:30:00,0.848,0.849,0.847,0.849,15797716.0,13399698.0
2023-12-27 10:45:00,0.849,0.849,0.847,0.847,14459200.0,12265215.0
2023-12-27 11:00:00,0.847,0.851,0.847,0.85,31452076.0,26705900.0
2023-12-27 11:15:00,0.851,0.851,0.848,0.848,24105800.0,20490904.0
2023-12-27 11:30:00,0.848,0.854,0.848,0.852,41433280.0,35280800.0
2023-12-27 13:15:00,0.853,0.853,0.85,0.851,27507976.0,23421712.0
2023-12-27 13:30:00,0.851,0.852,0.848,0.849,38543600.0,32762956.0
2023-12-27 13:45:00,0.849,0.851,0.848,0.849,20164400.0,17135816.0
2023-12-27 14:00:00,0.85,0.85,0.848,0.849,10024384.0,8507171.0
2023-12-27 14:15:00,0.848,0.851,0.848,0.85,14169248.0,12029749.0
2023-12-27 14:30:00,0.85,0.851,0.849,0.85,28582500.0,24304992.0
2023-12-27 14:45:00,0.85,0.852,0.85,0.85,23571540.0,20064216.0
2023-12-27 15:00:00,0.851,0.851,0.849,0.849,30413354.0,25849824.0
2023-12-28 09:45:00,0.849,0.853,0.848,0.852,69630600.0,59219376.0
2023-12-28 10:00:00,0.853,0.857,0.852,0.856,97304870.0,83149530.0
2023-12-28 10:15:00,0.856,0.862,0.855,0.86,85770200.0,73657840.0
2023-12-28 10:30:00,0.86,0.866,0.86,0.861,67285900.0,58062544.0
2023-12-28 10:45:00,0.861,0.866,0.861,0.866,57196468.0,49412484.0
2023-12-28 11:00:00,0.866,0.867,0.865,0.866,50368216.0,43619320.0
2023-12-28 11:15:00,0.866,0.867,0.863,0.865,33089500.0,28629630.0
2023-12-28 11:30:00,0.866,0.868,0.864,0.867,52026332.0,45075080.0
2023-12-28 13:15:00,0.867,0.871,0.866,0.869,63711040.0,55373800.0
2023-12-28 13:30:00,0.869,0.871,0.868,0.871,35935770.0,31251976.0
2023-12-28 13:45:00,0.87,0.873,0.869,0.873,55388776.0,48271320.0
2023-12-28 14:00:00,0.874,0.874,0.87,0.871,32604268.0,28430168.0
2023-12-28 14:15:00,0.87,0.873,0.87,0.873,24326828.0,21206872.0
2023-12-28 14:30:00,0.873,0.873,0.87,0.871,32916700.0,28682968.0
2023-12-28 14:45:00,0.87,0.872,0.869,0.871,28019928.0,24381492.0
2023-12-28 15:00:00,0.871,0.871,0.869,0.871,32124200.0,27958482.0
2023-12-29 09:45:00,0.869,0.875,0.868,0.874,73854554.0,64401310.0
2023-12-29 10:00:00,0.873,0.874,0.868,0.873,51956436.0,45252348.0
2023-12-29 10:15:00,0.873,0.874,0.871,0.871,43822360.0,38222700.0
2023-12-29 10:30:00,0.871,0.874,0.871,0.873,29723728.0,25936912.0
2023-12-29 10:45:00,0.874,0.874,0.87,0.873,30834848.0,26891504.0
2023-12-29 11:00:00,0.873,0.874,0.872,0.873,18458900.0,16105668.0
2023-12-29 11:15:00,0.873,0.874,0.871,0.871,23839900.0,20808364.0
2023-12-29 11:30:00,0.871,0.873,0.871,0.871,10702769.0,9328782.0
2023-12-29 13:15:00,0.871,0.872,0.869,0.87,32866402.0,28611908.0
2023-12-29 13:30:00,0.869,0.871,0.869,0.87,22128300.0,19256312.0
2023-12-29 13:45:00,0.87,0.873,0.87,0.873,12082975.0,10531467.0
2023-12-29 14:00:00,0.873,0.873,0.871,0.871,13806335.0,12039793.0
2023-12-29 14:15:00,0.872,0.873,0.871,0.873,17951776.0,15655121.0
2023-12-29 14:30:00,0.872,0.873,0.871,0.871,21880300.0,19073608.0
2023-12-29 14:45:00,0.872,0.873,0.87,0.872,30082206.0,26213536.0
2023-12-29 15:00:00,0.872,0.873,0.872,0.872,26231076.0,22882854.0
