datetime,open,high,low,close,volume,amount
2024-01-02 10:00:00,0.872,0.873,0.861,0.864,167889772.0,145270824.0
2024-01-02 10:30:00,0.864,0.868,0.863,0.867,68248344.0,59053576.0
2024-01-02 11:00:00,0.867,0.867,0.864,0.865,21510374.0,18621452.0
2024-01-02 11:30:00,0.865,0.867,0.864,0.865,20126054.0,17419696.0
2024-01-02 13:30:00,0.865,0.866,0.863,0.864,43188184.0,37320956.0
2024-01-02 14:00:00,0.865,0.865,0.862,0.863,32280196.0,27869338.0
2024-01-02 14:30:00,0.863,0.864,0.861,0.863,47721480.0,41149920.0
2024-01-02 15:00:00,0.862,0.863,0.86,0.861,60958236.0,52510216.0
2024-01-03 10:00:00,0.86,0.862,0.858,0.859,89049596.0,76593850.0
2024-01-03 10:30:00,0.859,0.86,0.855,0.857,74614650.0,63936410.0
2024-01-03 11:00:00,0.857,0.857,0.854,0.855,55241416.0,47236900.0
2024-01-03 11:30:00,0.855,0.855,0.849,0.85,105703080.0,90030184.0
2024-01-03 13:30:00,0.85,0.85,0.847,0.849,140425600.0,119161290.0
2024-01-03 14:00:00,0.849,0.851,0.847,0.849,67348776.0,57154296.0
2024-01-03 14:30:00,0.849,0.854,0.847,0.853,63916996.0,54345950.0
2024-01-03 15:00:00,0.853,0.853,0.85,0.851,64614810.0,54990880.0
2024-01-04 10:00:00,0.849,0.851,0.845,0.846,140962670.0,119391748.0
2024-01-04 10:30:00,0.846,0.847,0.844,0.845,77564530.0,65540810.0
2024-01-04 11:00:00,0.845,0.845,0.842,0.842,63096308.0,53180980.0
2024-01-04 11:30:00,0.841,0.843,0.839,0.841,102805230.0,86449590.0
2024-01-04 13:30:00,0.841,0.842,0.839,0.84,59919976.0,50351510.0
2024-01-04 14:00:00,0.841,0.841,0.838,0.838,64285252.0,53959612.0
2024-01-04 14:30:00,0.839,0.843,0.837,0.842,78230344.0,65705776.0
2024-01-04 15:00:00,0.841,0.845,0.84,0.844,91763060.0,77397370.0
2024-01-05 10:00:00,0.842,0.846,0.841,0.842,160506720.0,135398482.0
2024-01-05 10:30:00,0.842,0.844,0.838,0.842,108759460.0,91411320.0
2024-01-05 11:00:00,0.843,0.843,0.838,0.839,56993776.0,47891144.0
2024-01-05 11:30:00,0.839,0.84,0.836,0.837,43592130.0,36516870.0
2024-01-05 13:30:00,0.837,0.837,0.833,0.833,69911270.0,58369150.0
2024-01-05 14:00:00,0.834,0.835,0.83,0.831,86539700.0,72063900.0
2024-01-05 14:30:00,0.832,0.833,0.826,0.827,97073940.0,80521470.0
2024-01-05 15:00:00,0.827,0.828,0.823,0.827,128998260.0,106531200.0
2024-01-08 10:00:00,0.822,0.825,0.815,0.816,210606470.0,172489462.0
2024-01-08 10:30:00,0.816,0.817,0.81,0.81,127064904.0,103353490.0
2024-01-08 11:00:00,0.811,0.812,0.809,0.809,81915850.0,66389644.0
2024-01-08 11:30:00,0.809,0.81,0.806,0.81,81889020.0,66178184.0
2024-01-08 13:30:00,0.81,0.81,0.806,0.806,60407664.0,48787410.0
2024-01-08 14:00:00,0.807,0.808,0.804,0.806,76394120.0,61567464.0
2024-01-08 14:30:00,0.806,0.81,0.803,0.807,88444020.0,71295130.0
2024-01-08 15:00:00,0.807,0.807,0.801,0.802,114416000.0,91872220.0
2024-01-09 10:00:00,0.803,0.809,0.803,0.806,191249376.0,154286651.0
2024-01-09 10:30:00,0.806,0.813,0.805,0.812,128053420.0,103568536.0
2024-01-09 11:00:00,0.811,0.813,0.806,0.806,60855300.0,49267404.0
2024-01-09 11:30:00,0.807,0.808,0.804,0.805,40089300.0,32303672.0
2024-01-09 13:30:00,0.806,0.807,0.795,0.797,111891340.0,89557030.0
2024-01-09 14:00:00,0.796,0.801,0.796,0.797,54956252.0,43870510.0
2024-01-09 14:30:00,0.797,0.804,0.796,0.803,63873624.0,51179780.0
2024-01-09 15:00:00,0.802,0.804,0.801,0.802,56358390.0,45212590.0
2024-01-10 10:00:00,0.8,0.8,0.79,0.798,221480460.0,175861660.0
2024-01-10 10:30:00,0.799,0.81,0.799,0.806,152848020.0,122937510.0
2024-01-10 11:00:00,0.806,0.808,0.803,0.803,36777270.0,29621332.0
2024-01-10 11:30:00,0.803,0.804,0.801,0.801,29895928.0,23980086.0
2024-01-10 13:30:00,0.801,0.804,0.798,0.799,43538110.0,34887400.0
2024-01-10 14:00:00,0.799,0.802,0.797,0.802,32389476.0,25864996.0
2024-01-10 14:30:00,0.802,0.802,0.796,0.797,54174844.0,43262556.0
2024-01-10 15:00:00,0.797,0.799,0.796,0.796,68086540.0,54287864.0
2024-01-11 10:00:00,0.795,0.804,0.793,0.799,173561630.0,138901311.0
2024-01-11 10:30:00,0.8,0.806,0.798,0.802,86144180.0,69109490.0
2024-01-11 11:00:00,0.803,0.804,0.799,0.799,58953870.0,47273484.0
2024-01-11 11:30:00,0.799,0.802,0.799,0.802,17978070.0,14393206.0
2024-01-11 13:30:00,0.802,0.812,0.801,0.81,151174910.0,122107450.0
2024-01-11 14:00:00,0.81,0.812,0.808,0.812,77796300.0,63054310.0
2024-01-11 14:30:00,0.812,0.812,0.807,0.809,48386296.0,39132730.0
2024-01-11 15:00:00,0.809,0.81,0.808,0.809,52732150.0,42643080.0
2024-01-12 10:00:00,0.806,0.808,0.804,0.806,104511524.0,84191501.0
2024-01-12 10:30:00,0.805,0.81,0.804,0.808,83494270.0,67424450.0
2024-01-12 11:00:00,0.808,0.809,0.805,0.806,46418424.0,37414628.0
2024-01-12 11:30:00,0.806,0.806,0.8,0.801,66373776.0,53280136.0
2024-01-12 13:30:00,0.801,0.802,0.799,0.801,45712750.0,36593276.0
2024-01-12 14:00:00,0.801,0.802,0.798,0.799,45813564.0,36617612.0
2024-01-12 14:30:00,0.799,0.802,0.797,0.801,58478700.0,46758760.0
2024-01-12 15:00:00,0.801,0.801,0.796,0.797,69656660.0,55596390.0
2024-01-15 10:00:00,0.792,0.798,0.789,0.797,179935300.0,142611087.0
2024-01-15 10:30:00,0.796,0.803,0.796,0.802,112174776.0,89731064.0
2024-01-15 11:00:00,0.801,0.803,0.797,0.8,60369770.0,48302080.0
2024-01-15 11:30:00,0.8,0.8,0.795,0.796,38891516.0,31001564.0
2024-01-15 13:30:00,0.797,0.797,0.792,0.793,43378150.0,34459732.0
2024-01-15 14:00:00,0.793,0.794,0.791,0.792,41993896.0,33292446.0
2024-01-15 14:30:00,0.793,0.794,0.791,0.793,33205960.0,26308058.0
2024-01-15 15:00:00,0.793,0.794,0.791,0.792,59218880.0,46914424.0
2024-01-16 10:00:00,0.791,0.796,0.787,0.794,100602970.0,79678760.0
2024-01-16 10:30:00,0.793,0.796,0.791,0.793,59249696.0,47030950.0
2024-01-16 11:00:00,0.793,0.794,0.788,0.788,54718570.0,43258452.0
2024-01-16 11:30:00,0.789,0.791,0.785,0.786,65955536.0,51969384.0
2024-01-16 13:30:00,0.786,0.789,0.784,0.787,115394060.0,90753430.0
2024-01-16 14:00:00,0.786,0.788,0.783,0.786,105033840.0,82494270.0
2024-01-16 14:30:00,0.786,0.796,0.785,0.791,67478620.0,53387004.0
2024-01-16 15:00:00,0.791,0.796,0.789,0.796,79155340.0,62841184.0
2024-01-17 10:00:00,0.794,0.795,0.788,0.79,100774540.0,79682601.0
2024-01-17 10:30:00,0.79,0.791,0.786,0.789,72631730.0,57242340.0
2024-01-17 11:00:00,0.789,0.789,0.785,0.786,49831550.0,39229508.0
2024-01-17 11:30:00,0.786,0.788,0.785,0.787,38714210.0,30438024.0
2024-01-17 13:30:00,0.787,0.788,0.784,0.785,41944764.0,32964184.0
2024-01-17 14:00:00,0.785,0.787,0.784,0.785,49015052.0,38482904.0
2024-01-17 14:30:00,0.785,0.786,0.782,0.784,87734590.0,68775960.0
2024-01-17 15:00:00,0.785,0.786,0.774,0.774,176129120.0,137109360.0
2024-01-18 10:00:00,0.768,0.774,0.767,0.772,225363417.0,173529894.0
2024-01-18 10:30:00,0.772,0.774,0.764,0.767,111878110.0,85925890.0
2024-01-18 11:00:00,0.767,0.77,0.76,0.762,116890130.0,89386690.0
2024-01-18 11:30:00,0.762,0.769,0.759,0.767,118850264.0,90764990.0
2024-01-18 13:30:00,0.768,0.771,0.764,0.766,55250972.0,42392820.0
2024-01-18 14:00:00,0.766,0.768,0.761,0.767,41119040.0,31436040.0
2024-01-18 14:30:00,0.767,0.776,0.766,0.774,94185680.0,72720616.0
2024-01-18 15:00:00,0.774,0.787,0.772,0.786,138092140.0,107937224.0
2024-01-19 10:00:00,0.788,0.791,0.784,0.79,277892940.0,218985707.0
2024-01-19 10:30:00,0.789,0.789,0.782,0.784,103785200.0,81476296.0
2024-01-19 11:00:00,0.784,0.788,0.781,0.785,87821944.0,68950000.0
2024-01-19 11:30:00,0.784,0.789,0.782,0.783,42652576.0,33497766.0
2024-01-19 13:30:00,0.783,0.784,0.781,0.783,54183844.0,42380936.0
2024-01-19 14:00:00,0.784,0.786,0.783,0.785,32173000.0,25229336.0
2024-01-19 14:30:00,0.785,0.788,0.781,0.785,72114184.0,56568160.0
2024-01-19 15:00:00,0.785,0.788,0.782,0.783,76504070.0,60112356.0
2024-01-22 10:00:00,0.783,0.783,0.776,0.779,211324070.0,164745610.0
2024-01-22 10:30:00,0.779,0.78,0.775,0.777,63831760.0,49623264.0
2024-01-22 11:00:00,0.777,0.779,0.775,0.777,46672188.0,36257516.0
2024-01-22 11:30:00,0.776,0.78,0.773,0.774,65460020.0,50827256.0
2024-01-22 13:30:00,0.773,0.774,0.768,0.771,96701900.0,74547650.0
2024-01-22 14:00:00,0.771,0.775,0.769,0.772,40576356.0,31292552.0
2024-01-22 14:30:00,0.772,0.774,0.762,0.764,84417100.0,64710972.0
2024-01-22 15:00:00,0.764,0.764,0.753,0.759,122785704.0,93221920.0
2024-01-23 10:00:00,0.755,0.763,0.751,0.762,213705430.0,161842448.0
2024-01-23 10:30:00,0.761,0.77,0.76,0.765,132724370.0,101728584.0
2024-01-23 11:00:00,0.765,0.77,0.76,0.761,56398468.0,43124504.0
2024-01-23 11:30:00,0.761,0.762,0.757,0.759,57907770.0,43969170.0
2024-01-23 13:30:00,0.761,0.77,0.761,0.768,61212560.0,46922904.0
2024-01-23 14:00:00,0.767,0.768,0.763,0.767,76089950.0,58226804.0
2024-01-23 14:30:00,0.767,0.772,0.767,0.772,65925852.0,50734630.0
2024-01-23 15:00:00,0.772,0.773,0.766,0.767,64927430.0,49935536.0
2024-01-24 10:00:00,0.77,0.773,0.762,0.762,194287100.0,148798194.0
2024-01-24 10:30:00,0.763,0.763,0.755,0.756,121958420.0,92581704.0
2024-01-24 11:00:00,0.757,0.759,0.754,0.755,73680630.0,55746370.0
2024-01-24 11:30:00,0.755,0.757,0.752,0.754,78029210.0,58830030.0
2024-01-24 13:30:00,0.754,0.754,0.746,0.752,103562370.0,77628400.0
2024-01-24 14:00:00,0.752,0.759,0.752,0.757,65412276.0,49416324.0
2024-01-24 14:30:00,0.758,0.766,0.755,0.765,70619416.0,53848376.0
2024-01-24 15:00:00,0.766,0.772,0.765,0.767,111178430.0,85466200.0
2024-01-25 10:00:00,0.766,0.77,0.762,0.766,203256310.0,155588042.0
2024-01-25 10:30:00,0.766,0.777,0.764,0.777,167699870.0,129170560.0
2024-01-25 11:00:00,0.777,0.779,0.774,0.776,106550856.0,82747260.0
2024-01-25 11:30:00,0.775,0.78,0.775,0.779,62103612.0,48328240.0
2024-01-25 13:30:00,0.779,0.787,0.778,0.785,101227990.0,79234490.0
2024-01-25 14:00:00,0.784,0.785,0.78,0.783,45618500.0,35665310.0
2024-01-25 14:30:00,0.783,0.785,0.781,0.783,54474412.0,42637320.0
2024-01-25 15:00:00,0.783,0.785,0.782,0.785,58825124.0,46122424.0
2024-01-26 10:00:00,0.782,0.782,0.775,0.776,267885470.0,208400280.0
2024-01-26 10:30:00,0.776,0.779,0.774,0.776,127196700.0,98723340.0
2024-01-26 11:00:00,0.775,0.778,0.773,0.774,59013856.0,45736270.0
2024-01-26 11:30:00,0.774,0.775,0.771,0.771,86350264.0,66726616.0
2024-01-26 13:30:00,0.772,0.773,0.769,0.772,88932350.0,68541520.0
2024-01-26 14:00:00,0.772,0.775,0.771,0.773,86597440.0,66936704.0
2024-01-26 14:30:00,0.772,0.773,0.765,0.766,101523580.0,77995336.0
2024-01-26 15:00:00,0.765,0.766,0.76,0.764,108173040.0,82625000.0
2024-01-29 10:00:00,0.768,0.773,0.759,0.763,229109264.0,175437353.0
2024-01-29 10:30:00,0.764,0.765,0.755,0.755,91824180.0,69739770.0
2024-01-29 11:00:00,0.756,0.757,0.752,0.754,70403970.0,53124590.0
2024-01-29 11:30:00,0.754,0.758,0.752,0.754,77369600.0,58394416.0
2024-01-29 13:30:00,0.754,0.754,0.745,0.749,133739920.0,100120420.0
2024-01-29 14:00:00,0.748,0.75,0.746,0.747,90045780.0,67312280.0
2024-01-29 14:30:00,0.747,0.749,0.745,0.749,58251256.0,43537080.0
2024-01-29 15:00:00,0.749,0.752,0.741,0.742,97814540.0,72985100.0
2024-01-30 10:00:00,0.736,0.741,0.73,0.734,243287948.0,178574991.0
2024-01-30 10:30:00,0.734,0.737,0.728,0.73,97107660.0,71175650.0
2024-01-30 11:00:00,0.73,0.732,0.726,0.729,106722680.0,77765790.0
2024-01-30 11:30:00,0.728,0.73,0.727,0.728,37952300.0,27639676.0
2024-01-30 13:30:00,0.728,0.728,0.724,0.725,76269820.0,55331828.0
2024-01-30 14:00:00,0.725,0.731,0.724,0.726,111832530.0,81330984.0
2024-01-30 14:30:00,0.726,0.726,0.72,0.72,88101120.0,63612524.0
2024-01-30 15:00:00,0.721,0.722,0.713,0.714,185047570.0,132628000.0
2024-01-31 10:00:00,0.711,0.716,0.705,0.705,259902340.0,184831486.0
2024-01-31 10:30:00,0.705,0.707,0.698,0.7,181186820.0,127160910.0
2024-01-31 11:00:00,0.7,0.713,0.699,0.711,164352100.0,116134590.0
2024-01-31 11:30:00,0.711,0.717,0.71,0.715,457631460.0,326726080.0
2024-01-31 13:30:00,0.716,0.716,0.71,0.711,294407600.0,210061460.0
2024-01-31 14:00:00,0.711,0.712,0.707,0.71,127689070.0,90634880.0
2024-01-31 14:30:00,0.71,0.711,0.702,0.702,113921304.0,80475690.0
2024-01-31 15:00:00,0.702,0.708,0.699,0.7,146305180.0,102907120.0
2024-02-01 10:00:00,0.696,0.702,0.695,0.697,212451180.0,148396516.0
2024-02-01 10:30:00,0.697,0.721,0.696,0.719,393505470.0,279971740.0
2024-02-01 11:00:00,0.719,0.722,0.713,0.714,141113000.0,101261610.0
2024-02-01 11:30:00,0.715,0.719,0.715,0.715,63901900.0,45818440.0
2024-02-01 13:30:00,0.716,0.717,0.708,0.712,67574056.0,48092290.0
2024-02-01 14:00:00,0.712,0.713,0.707,0.711,100126320.0,71104620.0
2024-02-01 14:30:00,0.711,0.714,0.706,0.707,140513620.0,99821500.0
2024-02-01 15:00:00,0.708,0.713,0.706,0.712,107709260.0,76359680.0
2024-02-02 10:00:00,0.709,0.712,0.7,0.703,224547540.0,158480201.0
2024-02-02 10:30:00,0.702,0.708,0.701,0.703,193418420.0,136396620.0
2024-02-02 11:00:00,0.703,0.703,0.697,0.701,80857640.0,56592650.0
2024-02-02 11:30:00,0.7,0.702,0.692,0.693,81566420.0,56778436.0
2024-02-02 13:30:00,0.693,0.693,0.686,0.692,207359180.0,142977250.0
2024-02-02 14:00:00,0.692,0.692,0.686,0.686,220262640.0,151742880.0
2024-02-02 14:30:00,0.686,0.687,0.669,0.687,319740130.0,217992660.0
2024-02-02 15:00:00,0.686,0.699,0.686,0.689,159041620.0,110002990.0
2024-02-05 10:00:00,0.687,0.689,0.673,0.677,494394280.0,336270319.0
2024-02-05 10:30:00,0.677,0.682,0.662,0.664,257402780.0,172824110.0
2024-02-05 11:00:00,0.665,0.669,0.651,0.658,163884800.0,107987544.0
2024-02-05 11:30:00,0.658,0.673,0.658,0.665,90263220.0,60248640.0
2024-02-05 13:30:00,0.667,0.69,0.659,0.689,379932130.0,259168260.0
2024-02-05 14:00:00,0.689,0.705,0.687,0.701,1260935700.0,879660700.0
2024-02-05 14:30:00,0.702,0.702,0.688,0.695,139141940.0,96656790.0
2024-02-05 15:00:00,0.695,0.702,0.691,0.693,1467811800.0,1023464100.0
2024-02-06 10:00:00,0.685,0.707,0.681,0.703,709678830.0,494645318.0
2024-02-06 10:30:00,0.703,0.711,0.703,0.705,542358600.0,383494880.0
2024-02-06 11:00:00,0.706,0.715,0.705,0.709,383611700.0,272609180.0
2024-02-06 11:30:00,0.708,0.714,0.707,0.711,553889600.0,394025540.0
2024-02-06 13:30:00,0.711,0.728,0.711,0.727,204398350.0,147438350.0
2024-02-06 14:00:00,0.726,0.735,0.726,0.731,170751700.0,124876810.0
2024-02-06 14:30:00,0.73,0.736,0.73,0.732,144016420.0,105616090.0
2024-02-06 15:00:00,0.732,0.74,0.73,0.739,130662400.0,96028620.0
2024-02-07 10:00:00,0.74,0.759,0.735,0.759,745642500.0,559297730.0
2024-02-07 10:30:00,0.759,0.76,0.752,0.758,412527140.0,311832700.0
2024-02-07 11:00:00,0.758,0.76,0.753,0.755,269735680.0,204223490.0
2024-02-07 11:30:00,0.755,0.762,0.754,0.76,65907944.0,49975030.0
2024-02-07 13:30:00,0.76,0.763,0.754,0.756,270804320.0,205383220.0
2024-02-07 14:00:00,0.756,0.759,0.753,0.757,90858984.0,68689784.0
2024-02-07 14:30:00,0.756,0.757,0.751,0.751,126484220.0,95376800.0
2024-02-07 15:00:00,0.752,0.761,0.752,0.761,92314910.0,69976780.0
2024-02-08 10:00:00,0.768,0.78,0.767,0.777,352746200.0,273437374.0
2024-02-08 10:30:00,0.778,0.786,0.777,0.782,207977600.0,162588660.0
2024-02-08 11:00:00,0.782,0.782,0.776,0.776,101551010.0,79049480.0
2024-02-08 11:30:00,0.776,0.778,0.773,0.775,69204690.0,53661984.0
2024-02-08 13:30:00,0.775,0.776,0.769,0.769,87427180.0,67490950.0
2024-02-08 14:00:00,0.769,0.771,0.762,0.771,292575100.0,224481760.0
2024-02-08 14:30:00,0.771,0.772,0.766,0.767,134267730.0,103223250.0
2024-02-08 15:00:00,0.767,0.771,0.765,0.77,225040720.0,172880300.0
2024-02-19 10:00:00,0.78,0.782,0.769,0.775,417611872.0,323647474.0
2024-02-19 10:30:00,0.776,0.778,0.772,0.775,139957440.0,108479790.0
2024-02-19 11:00:00,0.775,0.777,0.771,0.773,83498536.0,64579750.0
2024-02-19 11:30:00,0.773,0.776,0.77,0.773,390951900.0,301941660.0
2024-02-19 13:30:00,0.772,0.772,0.766,0.77,332827230.0,255992850.0
2024-02-19 14:00:00,0.769,0.776,0.768,0.775,353953100.0,273634660.0
2024-02-19 14:30:00,0.775,0.778,0.774,0.778,131910856.0,102342860.0
2024-02-19 15:00:00,0.778,0.782,0.777,0.779,168600640.0,131542290.0
2024-02-20 10:00:00,0.776,0.776,0.767,0.769,220745440.0,169917639.0
2024-02-20 10:30:00,0.769,0.773,0.767,0.771,360751740.0,277899360.0
2024-02-20 11:00:00,0.771,0.773,0.767,0.767,114460920.0,88126616.0
2024-02-20 11:30:00,0.767,0.772,0.765,0.772,204185250.0,157176240.0
2024-02-20 13:30:00,0.772,0.772,0.767,0.769,77116264.0,59388490.0
2024-02-20 14:00:00,0.769,0.771,0.766,0.769,37398628.0,28743360.0
2024-02-20 14:30:00,0.769,0.772,0.769,0.771,35753132.0,27546540.0
2024-02-20 15:00:00,0.771,0.776,0.77,0.772,87002210.0,67262220.0
2024-02-21 10:00:00,0.767,0.768,0.762,0.765,92609440.0,70832527.0
2024-02-21 10:30:00,0.765,0.769,0.763,0.768,83544910.0,63997676.0
2024-02-21 11:00:00,0.769,0.778,0.768,0.775,195179420.0,151064700.0
2024-02-21 11:30:00,0.775,0.78,0.774,0.779,108529120.0,84457820.0
2024-02-21 13:30:00,0.78,0.788,0.78,0.784,226631920.0,177819940.0
2024-02-21 14:00:00,0.784,0.787,0.782,0.782,117580120.0,92278940.0
2024-02-21 14:30:00,0.782,0.784,0.776,0.777,106422460.0,83035950.0
2024-02-21 15:00:00,0.777,0.779,0.772,0.773,87620450.0,67883460.0
2024-02-22 10:00:00,0.771,0.787,0.771,0.783,267467669.0,208909779.0
2024-02-22 10:30:00,0.784,0.784,0.773,0.779,106838160.0,83021610.0
2024-02-22 11:00:00,0.779,0.781,0.776,0.778,41164400.0,32050182.0
2024-02-22 11:30:00,0.778,0.78,0.776,0.776,30190608.0,23483556.0
2024-02-22 13:30:00,0.776,0.782,0.776,0.78,49748176.0,38753024.0
2024-02-22 14:00:00,0.781,0.781,0.776,0.776,51455676.0,40030470.0
2024-02-22 14:30:00,0.777,0.779,0.774,0.778,42753730.0,33194404.0
2024-02-22 15:00:00,0.779,0.78,0.777,0.78,55957096.0,43581076.0
2024-02-23 10:00:00,0.784,0.786,0.777,0.781,110923455.0,86671508.0
2024-02-23 10:30:00,0.781,0.782,0.774,0.775,83527680.0,64931384.0
2024-02-23 11:00:00,0.774,0.777,0.772,0.776,59875332.0,46341496.0
2024-02-23 11:30:00,0.776,0.777,0.774,0.775,28120166.0,21801336.0
2024-02-23 13:30:00,0.774,0.777,0.773,0.774,48569900.0,37614890.0
2024-02-23 14:00:00,0.775,0.78,0.774,0.78,72240580.0,56145564.0
2024-02-23 14:30:00,0.78,0.783,0.779,0.782,85042480.0,66445550.0
2024-02-23 15:00:00,0.782,0.783,0.781,0.782,90605720.0,70859600.0
2024-02-26 10:00:00,0.781,0.785,0.778,0.782,139786740.0,109369544.0
2024-02-26 10:30:00,0.782,0.783,0.779,0.782,87892230.0,68659750.0
2024-02-26 11:00:00,0.783,0.79,0.782,0.79,118219336.0,92958700.0
2024-02-26 11:30:00,0.79,0.79,0.786,0.788,41342188.0,32589120.0
2024-02-26 13:30:00,0.789,0.792,0.787,0.79,64826120.0,51193270.0
2024-02-26 14:00:00,0.79,0.795,0.789,0.792,58268024.0,46202320.0
2024-02-26 14:30:00,0.792,0.792,0.783,0.786,90916900.0,71509530.0
2024-02-26 15:00:00,0.787,0.79,0.785,0.786,126791144.0,99797630.0
2024-02-27 10:00:00,0.782,0.785,0.779,0.781,87288509.0,68248392.0
2024-02-27 10:30:00,0.781,0.785,0.781,0.782,37167840.0,29084296.0
2024-02-27 11:00:00,0.782,0.791,0.782,0.79,96128344.0,75589500.0
2024-02-27 11:30:00,0.789,0.8,0.789,0.799,174421620.0,138463740.0
2024-02-27 13:30:00,0.8,0.809,0.8,0.804,185601380.0,149294480.0
2024-02-27 14:00:00,0.804,0.807,0.8,0.806,111193840.0,89388470.0
2024-02-27 14:30:00,0.805,0.811,0.804,0.81,155795860.0,125932220.0
2024-02-27 15:00:00,0.81,0.816,0.809,0.816,138270660.0,112471730.0
2024-02-28 10:00:00,0.818,0.831,0.816,0.829,364432561.0,300445645.0
2024-02-28 10:30:00,0.83,0.83,0.821,0.826,138948930.0,114535090.0
2024-02-28 11:00:00,0.826,0.826,0.812,0.815,130269800.0,106544136.0
2024-02-28 11:30:00,0.815,0.816,0.804,0.808,136315780.0,110275920.0
2024-02-28 13:30:00,0.808,0.815,0.805,0.81,70930450.0,57516748.0
2024-02-28 14:00:00,0.81,0.811,0.805,0.805,60990656.0,49283492.0
2024-02-28 14:30:00,0.806,0.807,0.8,0.803,104269100.0,83702456.0
2024-02-28 15:00:00,0.803,0.805,0.789,0.79,256374030.0,204208850.0
2024-02-29 10:00:00,0.788,0.812,0.785,0.811,416879100.0,334591426.0
2024-02-29 10:30:00,0.81,0.82,0.809,0.814,343713660.0,280137860.0
2024-02-29 11:00:00,0.814,0.821,0.811,0.82,231832460.0,189287780.0
2024-02-29 11:30:00,0.82,0.821,0.808,0.809,158157490.0,128677360.0
2024-02-29 13:30:00,0.809,0.814,0.806,0.812,97245240.0,78781470.0
2024-02-29 14:00:00,0.813,0.817,0.811,0.817,48101440.0,39187160.0
2024-02-29 14:30:00,0.817,0.818,0.811,0.818,71201650.0,58005350.0
2024-02-29 15:00:00,0.817,0.827,0.817,0.826,157485490.0,129530320.0
2024-03-01 10:00:00,0.826,0.833,0.822,0.831,252296659.0,208824061.0
2024-03-01 10:30:00,0.831,0.834,0.827,0.832,164049860.0,136327260.0
2024-03-01 11:00:00,0.833,0.833,0.827,0.832,54792890.0,45478668.0
2024-03-01 11:30:00,0.833,0.833,0.826,0.827,53169064.0,44087508.0
2024-03-01 13:30:00,0.828,0.829,0.822,0.828,120147816.0,99059910.0
2024-03-01 14:00:00,0.827,0.833,0.827,0.83,59880380.0,49758936.0
2024-03-01 14:30:00,0.831,0.837,0.83,0.837,102032810.0,85145480.0
2024-03-01 15:00:00,0.837,0.838,0.832,0.835,82000850.0,68459304.0
2024-03-04 10:00:00,0.838,0.841,0.832,0.835,160475331.0,134396615.0
2024-03-04 10:30:00,0.834,0.835,0.826,0.835,116272320.0,96534456.0
2024-03-04 11:00:00,0.835,0.841,0.834,0.84,98564530.0,82606670.0
2024-03-04 11:30:00,0.84,0.84,0.836,0.838,46866850.0,39294160.0
2024-03-04 13:30:00,0.838,0.841,0.836,0.837,84821070.0,71181140.0
2024-03-04 14:00:00,0.836,0.838,0.833,0.838,34752536.0,29035960.0
2024-03-04 14:30:00,0.838,0.838,0.835,0.836,27172352.0,22719540.0
2024-03-04 15:00:00,0.837,0.84,0.836,0.838,61030040.0,51187824.0
2024-03-05 10:00:00,0.835,0.843,0.83,0.838,587921660.0,493281040.0
2024-03-05 10:30:00,0.838,0.839,0.833,0.833,365949340.0,305866400.0
2024-03-05 11:00:00,0.833,0.842,0.833,0.839,215054200.0,180059870.0
2024-03-05 11:30:00,0.839,0.843,0.839,0.842,357850700.0,301314850.0
2024-03-05 13:30:00,0.842,0.844,0.836,0.838,148852420.0,125109620.0
2024-03-05 14:00:00,0.838,0.841,0.835,0.838,109107020.0,91453870.0
2024-03-05 14:30:00,0.838,0.84,0.835,0.837,383568900.0,321291970.0
2024-03-05 15:00:00,0.836,0.841,0.832,0.836,1124261800.0,941383400.0
2024-03-06 10:00:00,0.834,0.835,0.823,0.829,351064578.0,290651631.0
2024-03-06 10:30:00,0.829,0.829,0.824,0.827,980568770.0,811109300.0
2024-03-06 11:00:00,0.827,0.831,0.824,0.831,195319570.0,161707470.0
2024-03-06 11:30:00,0.831,0.837,0.828,0.837,186308340.0,154916720.0
2024-03-06 13:30:00,0.838,0.842,0.835,0.835,158578290.0,132901304.0
2024-03-06 14:00:00,0.835,0.839,0.834,0.836,37984084.0,31784088.0
2024-03-06 14:30:00,0.837,0.838,0.833,0.835,33837484.0,28239084.0
2024-03-06 15:00:00,0.835,0.836,0.83,0.831,54173720.0,45054950.0
2024-03-07 10:00:00,0.831,0.837,0.831,0.832,93280520.0,77805759.0
2024-03-07 10:30:00,0.832,0.833,0.826,0.828,59342010.0,49201570.0
2024-03-07 11:00:00,0.828,0.83,0.825,0.825,60651852.0,50156948.0
2024-03-07 11:30:00,0.826,0.826,0.817,0.818,139312820.0,114473210.0
2024-03-07 13:30:00,0.818,0.819,0.815,0.817,86292680.0,70491030.0
2024-03-07 14:00:00,0.817,0.82,0.814,0.815,43052996.0,35172988.0
2024-03-07 14:30:00,0.815,0.819,0.812,0.813,192882640.0,157369710.0
2024-03-07 15:00:00,0.813,0.817,0.812,0.813,624717060.0,509088800.0
2024-03-08 10:00:00,0.814,0.819,0.811,0.816,166663220.0,135899864.0
2024-03-08 10:30:00,0.816,0.818,0.812,0.817,46552410.0,37959910.0
2024-03-08 11:00:00,0.817,0.817,0.81,0.81,49227696.0,40006950.0
2024-03-08 11:30:00,0.81,0.816,0.81,0.816,43606084.0,35435116.0
2024-03-08 13:30:00,0.816,0.817,0.813,0.814,73036380.0,59484680.0
2024-03-08 14:00:00,0.813,0.816,0.812,0.814,44104360.0,35900296.0
2024-03-08 14:30:00,0.815,0.82,0.814,0.819,48961428.0,40012224.0
2024-03-08 15:00:00,0.82,0.825,0.819,0.821,86043810.0,70674344.0
2024-03-11 10:00:00,0.817,0.824,0.816,0.824,108833091.0,89379920.0
2024-03-11 10:30:00,0.824,0.826,0.82,0.824,75029390.0,61781780.0
2024-03-11 11:00:00,0.824,0.825,0.822,0.822,32335668.0,26636240.0
2024-03-11 11:30:00,0.822,0.826,0.821,0.825,50716496.0,41757630.0
2024-03-11 13:30:00,0.824,0.833,0.824,0.83,91349360.0,75662240.0
2024-03-11 14:00:00,0.83,0.834,0.828,0.832,49631184.0,41261588.0
2024-03-11 14:30:00,0.832,0.834,0.83,0.833,39669000.0,33013308.0
2024-03-11 15:00:00,0.833,0.838,0.832,0.838,100330100.0,83866664.0
2024-03-12 10:00:00,0.839,0.847,0.835,0.844,191017980.0,160889115.0
2024-03-12 10:30:00,0.844,0.844,0.834,0.837,123284664.0,103465470.0
2024-03-12 11:00:00,0.837,0.839,0.832,0.834,63550800.0,53054536.0
2024-03-12 11:30:00,0.833,0.837,0.832,0.834,43887296.0,36630230.0
2024-03-12 13:30:00,0.835,0.84,0.834,0.834,42917772.0,35925984.0
2024-03-12 14:00:00,0.835,0.839,0.834,0.838,79230000.0,66222216.0
2024-03-12 14:30:00,0.839,0.84,0.834,0.837,79899670.0,66845024.0
2024-03-12 15:00:00,0.837,0.838,0.836,0.837,51982960.0,43510544.0
2024-03-13 10:00:00,0.838,0.844,0.837,0.839,130330980.0,109533792.0
2024-03-13 10:30:00,0.839,0.841,0.835,0.836,112477736.0,94325720.0
2024-03-13 11:00:00,0.835,0.837,0.834,0.835,73956590.0,61774172.0
2024-03-13 11:30:00,0.836,0.837,0.834,0.837,36717170.0,30686108.0
2024-03-13 13:30:00,0.838,0.84,0.835,0.839,63062496.0,52796896.0
2024-03-13 14:00:00,0.84,0.842,0.838,0.841,45777772.0,38476504.0
2024-03-13 14:30:00,0.84,0.841,0.835,0.836,64424184.0,53933564.0
2024-03-13 15:00:00,0.836,0.837,0.832,0.833,137701460.0,114971830.0
2024-03-14 10:00:00,0.831,0.834,0.827,0.831,92392939.0,76812861.0
2024-03-14 10:30:00,0.831,0.832,0.825,0.826,65932510.0,54597116.0
2024-03-14 11:00:00,0.826,0.83,0.825,0.828,38348044.0,31716378.0
2024-03-14 11:30:00,0.829,0.832,0.826,0.828,46345616.0,38426710.0
2024-03-14 13:30:00,0.827,0.828,0.824,0.824,49212190.0,40644384.0
2024-03-14 14:00:00,0.825,0.825,0.82,0.821,90758680.0,74641150.0
2024-03-14 14:30:00,0.822,0.822,0.816,0.821,142973940.0,117008860.0
2024-03-14 15:00:00,0.821,0.825,0.82,0.824,70414936.0,57954370.0
2024-03-15 10:00:00,0.821,0.823,0.816,0.818,108684104.0,89048561.0
2024-03-15 10:30:00,0.817,0.819,0.815,0.818,58761096.0,48006210.0
2024-03-15 11:00:00,0.818,0.818,0.814,0.815,47913470.0,39087760.0
2024-03-15 11:30:00,0.815,0.817,0.814,0.816,34741010.0,28326404.0
2024-03-15 13:30:00,0.815,0.816,0.813,0.814,45655990.0,37179720.0
2024-03-15 14:00:00,0.814,0.823,0.813,0.82,100322140.0,82184160.0
2024-03-15 14:30:00,0.82,0.824,0.82,0.822,55973270.0,45996340.0
2024-03-15 15:00:00,0.823,0.829,0.822,0.828,95696360.0,79061630.0
2024-03-18 10:00:00,0.827,0.833,0.827,0.832,113856372.0,94594441.0
2024-03-18 10:30:00,0.832,0.839,0.829,0.839,100370670.0,83737736.0
2024-03-18 11:00:00,0.839,0.841,0.836,0.838,106334280.0,89230560.0
2024-03-18 11:30:00,0.838,0.84,0.836,0.839,42552544.0,35682400.0
2024-03-18 13:30:00,0.839,0.841,0.838,0.839,70823896.0,59470264.0
2024-03-18 14:00:00,0.84,0.841,0.839,0.841,58535210.0,49186044.0
2024-03-18 14:30:00,0.841,0.842,0.839,0.842,60268430.0,50647116.0
2024-03-18 15:00:00,0.842,0.845,0.841,0.845,129828640.0,109540880.0
2024-03-19 10:00:00,0.843,0.844,0.838,0.842,140988229.0,118428625.0
2024-03-19 10:30:00,0.842,0.842,0.838,0.841,98335304.0,82605336.0
2024-03-19 11:00:00,0.84,0.841,0.838,0.839,36813016.0,30904768.0
2024-03-19 11:30:00,0.839,0.84,0.835,0.837,42967564.0,35986452.0
2024-03-19 13:30:00,0.837,0.84,0.836,0.838,43134504.0,36153236.0
2024-03-19 14:00:00,0.838,0.84,0.837,0.838,43481410.0,36433876.0
2024-03-19 14:30:00,0.838,0.838,0.832,0.834,98424184.0,82114720.0
2024-03-19 15:00:00,0.833,0.834,0.83,0.831,96411530.0,80187656.0
2024-03-20 10:00:00,0.83,0.834,0.829,0.833,137834540.0,114762250.0
2024-03-20 10:30:00,0.834,0.834,0.828,0.828,110433610.0,91758200.0
2024-03-20 11:00:00,0.829,0.83,0.826,0.827,82529544.0,68327700.0
2024-03-20 11:30:00,0.827,0.828,0.825,0.828,79995550.0,66076410.0
2024-03-20 13:30:00,0.828,0.833,0.827,0.829,109671100.0,91042950.0
2024-03-20 14:00:00,0.829,0.832,0.828,0.831,36758620.0,30512864.0
2024-03-20 14:30:00,0.832,0.834,0.829,0.83,67338930.0,56009732.0
2024-03-20 15:00:00,0.83,0.833,0.83,0.833,54534230.0,45358000.0
2024-03-21 10:00:00,0.838,0.843,0.837,0.842,185251800.0,155774733.0
2024-03-21 10:30:00,0.841,0.842,0.83,0.832,175061570.0,146274030.0
2024-03-21 11:00:00,0.831,0.833,0.823,0.826,375280830.0,310472060.0
2024-03-21 11:30:00,0.826,0.827,0.824,0.825,132462310.0,109351680.0
2024-03-21 13:30:00,0.824,0.83,0.824,0.827,51765216.0,42792290.0
2024-03-21 14:00:00,0.827,0.83,0.825,0.828,32352696.0,26776016.0
2024-03-21 14:30:00,0.828,0.829,0.825,0.828,95143544.0,78639960.0
2024-03-21 15:00:00,0.828,0.829,0.824,0.824,104739920.0,86499820.0
2024-03-22 10:00:00,0.822,0.827,0.819,0.819,153449861.0,126229952.0
2024-03-22 10:30:00,0.819,0.822,0.815,0.816,113107880.0,92615440.0
2024-03-22 11:00:00,0.816,0.818,0.813,0.814,80544880.0,65648060.0
2024-03-22 11:30:00,0.814,0.817,0.811,0.812,42088830.0,34246980.0
2024-03-22 13:30:00,0.813,0.819,0.811,0.818,72965500.0,59470436.0
2024-03-22 14:00:00,0.818,0.819,0.814,0.815,28893136.0,23584776.0
2024-03-22 14:30:00,0.815,0.819,0.814,0.816,64280100.0,52518716.0
2024-03-22 15:00:00,0.815,0.817,0.811,0.812,101882710.0,82846900.0
2024-03-25 10:00:00,0.81,0.812,0.804,0.808,119329086.0,96358476.0
2024-03-25 10:30:00,0.808,0.816,0.805,0.814,115914380.0,94050696.0
2024-03-25 11:00:00,0.814,0.815,0.812,0.813,169834450.0,138136080.0
2024-03-25 11:30:00,0.813,0.814,0.811,0.812,47510236.0,38630652.0
2024-03-25 13:30:00,0.812,0.815,0.81,0.811,72244540.0,58696610.0
2024-03-25 14:00:00,0.812,0.812,0.808,0.809,84373590.0,68301430.0
2024-03-25 14:30:00,0.808,0.809,0.803,0.805,85499340.0,68933176.0
2024-03-25 15:00:00,0.806,0.807,0.799,0.8,108396970.0,86935150.0
2024-03-26 10:00:00,0.799,0.806,0.797,0.798,175039230.0,140260125.0
2024-03-26 10:30:00,0.798,0.799,0.795,0.797,113624680.0,90510560.0
2024-03-26 11:00:00,0.797,0.798,0.793,0.794,79609170.0,63353304.0
2024-03-26 11:30:00,0.794,0.795,0.788,0.789,101666200.0,80399030.0
2024-03-26 13:30:00,0.79,0.792,0.788,0.789,73142936.0,57754450.0
2024-03-26 14:00:00,0.789,0.794,0.786,0.793,149182640.0,117969310.0
2024-03-26 14:30:00,0.792,0.796,0.788,0.791,131676050.0,104228056.0
2024-03-26 15:00:00,0.791,0.792,0.789,0.79,86666830.0,68494010.0
2024-03-27 10:00:00,0.79,0.79,0.78,0.783,136163600.0,106736807.0
2024-03-27 10:30:00,0.783,0.786,0.78,0.781,134596530.0,105300820.0
2024-03-27 11:00:00,0.782,0.782,0.778,0.781,70851820.0,55259308.0
2024-03-27 11:30:00,0.782,0.782,0.778,0.78,55177950.0,43019144.0
2024-03-27 13:30:00,0.78,0.781,0.778,0.778,56681796.0,44166020.0
2024-03-27 14:00:00,0.779,0.783,0.778,0.779,68833176.0,53723496.0
2024-03-27 14:30:00,0.779,0.783,0.778,0.778,63395084.0,49472520.0
2024-03-27 15:00:00,0.778,0.779,0.77,0.771,141481890.0,109493064.0
2024-03-28 10:00:00,0.77,0.776,0.77,0.774,109755619.0,84893019.0
2024-03-28 10:30:00,0.774,0.778,0.773,0.777,52762388.0,40950956.0
2024-03-28 11:00:00,0.777,0.783,0.777,0.782,64359016.0,50202590.0
2024-03-28 11:30:00,0.782,0.789,0.781,0.786,92939010.0,72941570.0
2024-03-28 13:30:00,0.786,0.789,0.783,0.786,83263770.0,65444616.0
2024-03-28 14:00:00,0.787,0.788,0.783,0.784,39525890.0,31049526.0
2024-03-28 14:30:00,0.784,0.787,0.78,0.78,52326904.0,40951620.0
2024-03-28 15:00:00,0.781,0.781,0.776,0.781,89743890.0,69876030.0
2024-03-29 10:00:00,0.779,0.781,0.775,0.778,89373490.0,69491279.0
2024-03-29 10:30:00,0.778,0.778,0.771,0.773,80066880.0,61941624.0
2024-03-29 11:00:00,0.772,0.773,0.77,0.772,64012708.0,49378704.0
2024-03-29 11:30:00,0.772,0.774,0.77,0.771,26661340.0,20562024.0
2024-03-29 13:30:00,0.771,0.775,0.768,0.774,73298620.0,56559292.0
2024-03-29 14:00:00,0.774,0.776,0.772,0.774,42253736.0,32702812.0
2024-03-29 14:30:00,0.774,0.781,0.774,0.777,62658270.0,48768736.0
2024-03-29 15:00:00,0.778,0.781,0.777,0.781,51859668.0,40432850.0
2024-04-01 10:00:00,0.784,0.789,0.783,0.788,137222290.0,107947518.0
2024-04-01 10:30:00,0.787,0.791,0.785,0.791,78713130.0,62018240.0
2024-04-01 11:00:00,0.791,0.793,0.789,0.792,67795090.0,53642924.0
2024-04-01 11:30:00,0.791,0.794,0.789,0.792,58098000.0,46012576.0
2024-04-01 13:30:00,0.793,0.794,0.791,0.794,81696270.0,64779210.0
2024-04-01 14:00:00,0.794,0.794,0.79,0.792,43142976.0,34133350.0
2024-04-01 14:30:00,0.792,0.793,0.79,0.793,43167830.0,34181788.0
2024-04-01 15:00:00,0.793,0.795,0.792,0.794,47324012.0,37565216.0
2024-04-02 10:00:00,0.794,0.794,0.788,0.789,73689730.0,58224468.0
2024-04-02 10:30:00,0.788,0.789,0.784,0.787,71495710.0,56207670.0
2024-04-02 11:00:00,0.786,0.789,0.785,0.789,31487184.0,24792016.0
2024-04-02 11:30:00,0.789,0.791,0.786,0.79,43550390.0,34327530.0
2024-04-02 13:30:00,0.79,0.79,0.785,0.786,25609324.0,20163896.0
2024-04-02 14:00:00,0.786,0.788,0.784,0.787,38295076.0,30097704.0
2024-04-02 14:30:00,0.787,0.788,0.784,0.785,31889416.0,25046392.0
2024-04-02 15:00:00,0.785,0.788,0.782,0.786,71392700.0,55998156.0
2024-04-03 10:00:00,0.788,0.788,0.776,0.777,103351060.0,80693682.0
2024-04-03 10:30:00,0.778,0.778,0.772,0.774,75452457.0,58484636.0
2024-04-03 11:00:00,0.774,0.782,0.773,0.778,51064680.0,39742588.0
2024-04-03 11:30:00,0.779,0.781,0.777,0.78,38159726.0,29749660.0
2024-04-03 13:30:00,0.781,0.782,0.775,0.777,39889812.0,31018138.0
2024-04-03 14:00:00,0.777,0.779,0.775,0.776,30230300.0,23475936.0
2024-04-03 14:30:00,0.776,0.776,0.774,0.775,23997400.0,18598460.0
2024-04-03 15:00:00,0.775,0.777,0.774,0.775,49357400.0,38266310.0
2024-04-08 10:00:00,0.774,0.774,0.765,0.767,137225760.0,105441947.0
2024-04-08 10:30:00,0.767,0.768,0.765,0.768,51396940.0,39406544.0
2024-04-08 11:00:00,0.767,0.768,0.766,0.766,24151236.0,18524828.0
2024-04-08 11:30:00,0.767,0.767,0.764,0.764,39610052.0,30321388.0
2024-04-08 13:30:00,0.764,0.765,0.762,0.763,62074440.0,47388870.0
2024-04-08 14:00:00,0.763,0.764,0.761,0.762,56768828.0,43265050.0
2024-04-08 14:30:00,0.762,0.763,0.759,0.76,57380624.0,43622132.0
2024-04-08 15:00:00,0.76,0.761,0.757,0.757,73618850.0,55861604.0
2024-04-09 10:00:00,0.756,0.761,0.753,0.755,95730794.0,72444042.0
2024-04-09 10:30:00,0.756,0.76,0.754,0.758,54740896.0,41409308.0
2024-04-09 11:00:00,0.759,0.761,0.757,0.761,35045716.0,26603216.0
2024-04-09 11:30:00,0.76,0.763,0.759,0.759,59538304.0,45311296.0
2024-04-09 13:30:00,0.76,0.767,0.76,0.765,166489520.0,127111736.0
2024-04-09 14:00:00,0.765,0.766,0.763,0.763,46123230.0,35253964.0
2024-04-09 14:30:00,0.763,0.766,0.762,0.765,49250550.0,37623830.0
2024-04-09 15:00:00,0.766,0.768,0.765,0.766,101096060.0,77481650.0
2024-04-10 10:00:00,0.769,0.771,0.758,0.761,222510539.0,169570248.0
2024-04-10 10:30:00,0.761,0.761,0.757,0.759,81564910.0,61867930.0
2024-04-10 11:00:00,0.759,0.759,0.755,0.755,43520970.0,32937914.0
2024-04-10 11:30:00,0.756,0.757,0.754,0.755,50969800.0,38515296.0
2024-04-10 13:30:00,0.756,0.756,0.751,0.753,59882320.0,45106720.0
2024-04-10 14:00:00,0.752,0.753,0.75,0.75,50139600.0,37660364.0
2024-04-10 14:30:00,0.75,0.755,0.75,0.755,81191620.0,61058996.0
2024-04-10 15:00:00,0.754,0.756,0.752,0.754,41184910.0,31048864.0
2024-04-11 10:00:00,0.752,0.762,0.751,0.759,124179330.0,94101165.0
2024-04-11 10:30:00,0.758,0.764,0.758,0.761,97294870.0,74061400.0
2024-04-11 11:00:00,0.761,0.762,0.757,0.758,52361400.0,39736024.0
2024-04-11 11:30:00,0.757,0.758,0.755,0.757,29910690.0,22633324.0
2024-04-11 13:30:00,0.757,0.763,0.757,0.762,62772284.0,47729170.0
2024-04-11 14:00:00,0.762,0.764,0.757,0.757,72341960.0,55064290.0
2024-04-11 14:30:00,0.758,0.759,0.755,0.756,83105980.0,62803080.0
2024-04-11 15:00:00,0.757,0.758,0.754,0.756,34543456.0,26103188.0
2024-04-12 10:00:00,0.758,0.764,0.757,0.761,94367239.0,71760736.0
2024-04-12 10:30:00,0.761,0.762,0.758,0.759,39696096.0,30181546.0
2024-04-12 11:00:00,0.759,0.761,0.758,0.76,29116152.0,22120480.0
2024-04-12 11:30:00,0.759,0.76,0.757,0.758,29073634.0,22059442.0
2024-04-12 13:30:00,0.758,0.765,0.758,0.763,97735020.0,74482296.0
2024-04-12 14:00:00,0.763,0.764,0.761,0.761,35827900.0,27315684.0
2024-04-12 14:30:00,0.761,0.762,0.757,0.758,43775668.0,33218784.0
2024-04-12 15:00:00,0.758,0.759,0.755,0.756,74621370.0,56413920.0
2024-04-15 10:00:00,0.757,0.767,0.755,0.759,170709778.0,129936517.0
2024-04-15 10:30:00,0.76,0.772,0.759,0.77,128298616.0,98361810.0
2024-04-15 11:00:00,0.77,0.772,0.768,0.771,50728390.0,39088136.0
2024-04-15 11:30:00,0.772,0.772,0.769,0.77,26992608.0,20803384.0
2024-04-15 13:30:00,0.77,0.771,0.768,0.768,32036204.0,24637448.0
2024-04-15 14:00:00,0.768,0.769,0.767,0.768,19507684.0,14978339.0
2024-04-15 14:30:00,0.767,0.767,0.761,0.762,56723684.0,43363744.0
2024-04-15 15:00:00,0.763,0.769,0.761,0.768,49913000.0,38235944.0
2024-04-16 10:00:00,0.764,0.766,0.756,0.756,155107969.0,117955221.0
2024-04-16 10:30:00,0.756,0.759,0.754,0.755,82535400.0,62432264.0
2024-04-16 11:00:00,0.755,0.759,0.753,0.758,64789308.0,48927136.0
2024-04-16 11:30:00,0.759,0.76,0.754,0.756,50012864.0,37794390.0
2024-04-16 13:30:00,0.756,0.76,0.755,0.759,37564144.0,28462784.0
2024-04-16 14:00:00,0.759,0.759,0.755,0.757,21595400.0,16344336.0
2024-04-16 14:30:00,0.756,0.757,0.753,0.754,39700950.0,29963852.0
2024-04-16 15:00:00,0.754,0.755,0.75,0.75,59189890.0,44493730.0
2024-04-17 10:00:00,0.753,0.762,0.752,0.762,138531880.0,104984118.0
2024-04-17 10:30:00,0.762,0.764,0.76,0.762,73935810.0,56353970.0
2024-04-17 11:00:00,0.763,0.765,0.761,0.764,39486572.0,30140200.0
2024-04-17 11:30:00,0.764,0.766,0.762,0.763,35812300.0,27364876.0
2024-04-17 13:30:00,0.763,0.764,0.759,0.761,43723596.0,33274850.0
2024-04-17 14:00:00,0.761,0.763,0.759,0.762,46117788.0,35096456.0
2024-04-17 14:30:00,0.763,0.766,0.761,0.766,49358980.0,37693576.0
2024-04-17 15:00:00,0.766,0.768,0.764,0.768,72350056.0,55442372.0
2024-04-18 10:00:00,0.766,0.766,0.758,0.764,147789020.0,112554784.0
2024-04-18 10:30:00,0.765,0.77,0.765,0.769,83582460.0,64101520.0
2024-04-18 11:00:00,0.769,0.775,0.769,0.769,277419300.0,214019580.0
2024-04-18 11:30:00,0.77,0.771,0.767,0.77,207347980.0,159382060.0
2024-04-18 13:30:00,0.77,0.771,0.767,0.768,104888936.0,80704730.0
2024-04-18 14:00:00,0.769,0.769,0.765,0.766,32567700.0,24960244.0
2024-04-18 14:30:00,0.766,0.768,0.764,0.767,20463960.0,15680674.0
2024-04-18 15:00:00,0.767,0.767,0.762,0.764,45932296.0,35061944.0
2024-04-19 10:00:00,0.759,0.76,0.754,0.755,115867192.0,87634749.0
2024-04-19 10:30:00,0.754,0.755,0.749,0.75,114432120.0,86030940.0
2024-04-19 11:00:00,0.75,0.751,0.747,0.747,67476180.0,50535784.0
2024-04-19 11:30:00,0.747,0.749,0.746,0.749,51293830.0,38346780.0
2024-04-19 13:30:00,0.749,0.753,0.749,0.751,37311322.0,28023688.0
2024-04-19 14:00:00,0.751,0.751,0.747,0.747,30869427.0,23101118.0
2024-04-19 14:30:00,0.748,0.751,0.746,0.749,40375442.0,30213780.0
2024-04-19 15:00:00,0.749,0.749,0.746,0.748,39750103.0,29713486.0
2024-04-22 10:00:00,0.741,0.749,0.736,0.748,128015000.0,94793254.0
2024-04-22 10:30:00,0.75,0.753,0.749,0.75,91591670.0,68765720.0
2024-04-22 11:00:00,0.749,0.75,0.746,0.75,44135676.0,33030380.0
2024-04-22 11:30:00,0.75,0.752,0.749,0.75,37679924.0,28267592.0
2024-04-22 13:30:00,0.749,0.751,0.748,0.749,19519170.0,14621367.0
2024-04-22 14:00:00,0.75,0.752,0.748,0.751,14473900.0,10860020.0
2024-04-22 14:30:00,0.752,0.753,0.748,0.749,56712096.0,42545496.0
2024-04-22 15:00:00,0.748,0.75,0.747,0.748,33572770.0,25122064.0
2024-04-23 10:00:00,0.748,0.753,0.745,0.747,84369285.0,63191542.0
2024-04-23 10:30:00,0.747,0.748,0.744,0.744,33132808.0,24694982.0
2024-04-23 11:00:00,0.745,0.746,0.742,0.743,65414684.0,48616720.0
2024-04-23 11:30:00,0.743,0.744,0.742,0.743,16864452.0,12529177.0
2024-04-23 13:30:00,0.743,0.744,0.741,0.744,27883354.0,20701226.0
2024-04-23 14:00:00,0.744,0.748,0.743,0.744,51426600.0,38328890.0
2024-04-23 14:30:00,0.744,0.747,0.743,0.744,51513564.0,38372650.0
2024-04-23 15:00:00,0.744,0.747,0.743,0.745,31974138.0,23818962.0
2024-04-24 10:00:00,0.746,0.749,0.745,0.747,60526272.0,45199076.0
2024-04-24 10:30:00,0.748,0.753,0.746,0.749,66565430.0,49921000.0
2024-04-24 11:00:00,0.75,0.751,0.747,0.748,28089228.0,21047654.0
2024-04-24 11:30:00,0.748,0.75,0.746,0.749,28272760.0,21145496.0
2024-04-24 13:30:00,0.749,0.752,0.748,0.751,43302010.0,32505180.0
2024-04-24 14:00:00,0.751,0.754,0.75,0.752,45979300.0,34592708.0
2024-04-24 14:30:00,0.752,0.753,0.75,0.752,33320416.0,25054752.0
2024-04-24 15:00:00,0.753,0.756,0.752,0.756,74340800.0,56085976.0
2024-04-25 10:00:00,0.753,0.753,0.747,0.75,102103630.0,76549000.0
2024-04-25 10:30:00,0.75,0.752,0.749,0.751,52958750.0,39755564.0
2024-04-25 11:00:00,0.752,0.758,0.751,0.756,59963264.0,45269664.0
2024-04-25 11:30:00,0.756,0.757,0.754,0.754,43180796.0,32619474.0
2024-04-25 13:30:00,0.754,0.755,0.751,0.752,26822100.0,20184748.0
2024-04-25 14:00:00,0.752,0.753,0.75,0.751,30641964.0,23024688.0
2024-04-25 14:30:00,0.751,0.751,0.749,0.749,33123836.0,24841970.0
2024-04-25 15:00:00,0.75,0.752,0.75,0.751,31359674.0,23543126.0
2024-04-26 10:00:00,0.751,0.762,0.749,0.761,217995758.0,165341012.0
2024-04-26 10:30:00,0.761,0.765,0.76,0.761,95999540.0,73212420.0
2024-04-26 11:00:00,0.762,0.764,0.76,0.763,77378240.0,58973616.0
2024-04-26 11:30:00,0.762,0.767,0.762,0.765,58727020.0,44919960.0
2024-04-26 13:30:00,0.766,0.77,0.765,0.768,97054720.0,74538376.0
2024-04-26 14:00:00,0.769,0.77,0.767,0.767,66390743.0,51018576.0
2024-04-26 14:30:00,0.767,0.77,0.766,0.769,48640906.0,37343630.0
2024-04-26 15:00:00,0.769,0.771,0.768,0.771,79243807.0,60995680.0
2024-04-29 10:00:00,0.776,0.782,0.77,0.782,216210320.0,168119859.0
2024-04-29 10:30:00,0.782,0.792,0.781,0.79,140799600.0,110913960.0
2024-04-29 11:00:00,0.79,0.796,0.789,0.794,78256104.0,62096750.0
2024-04-29 11:30:00,0.794,0.798,0.792,0.792,73457070.0,58449850.0
2024-04-29 13:30:00,0.792,0.794,0.791,0.792,35228480.0,27928276.0
2024-04-29 14:00:00,0.792,0.794,0.79,0.792,49018800.0,38833416.0
2024-04-29 14:30:00,0.792,0.796,0.79,0.795,60213450.0,47751936.0
2024-04-29 15:00:00,0.795,0.796,0.793,0.795,88873790.0,70626140.0
2024-04-30 10:00:00,0.794,0.794,0.787,0.79,135034730.0,106692267.0
2024-04-30 10:30:00,0.79,0.79,0.785,0.786,169124020.0,133075630.0
2024-04-30 11:00:00,0.786,0.789,0.784,0.786,89568900.0,70418160.0
2024-04-30 11:30:00,0.787,0.787,0.783,0.785,54205686.0,42530150.0
2024-04-30 13:30:00,0.785,0.787,0.783,0.786,63988830.0,50237240.0
2024-04-30 14:00:00,0.785,0.79,0.785,0.788,48353853.0,38107150.0
2024-04-30 14:30:00,0.789,0.789,0.786,0.788,35209347.0,27728536.0
2024-04-30 15:00:00,0.787,0.788,0.785,0.786,60490600.0,47567010.0
2024-05-06 10:00:00,0.799,0.803,0.796,0.8,233868763.0,186994025.0
2024-05-06 10:30:00,0.8,0.803,0.798,0.8,84915890.0,67952520.0
2024-05-06 11:00:00,0.8,0.8,0.797,0.799,60416340.0,48242996.0
2024-05-06 11:30:00,0.799,0.799,0.797,0.798,43178332.0,34461548.0
2024-05-06 13:30:00,0.797,0.798,0.793,0.793,73844450.0,58785700.0
2024-05-06 14:00:00,0.794,0.796,0.791,0.796,59661840.0,47333230.0
2024-05-06 14:30:00,0.796,0.797,0.794,0.796,49894560.0,39701308.0
2024-05-06 15:00:00,0.795,0.797,0.794,0.796,57389796.0,45662920.0
2024-05-07 10:00:00,0.795,0.797,0.791,0.796,115116020.0,91470569.0
2024-05-07 10:30:00,0.796,0.797,0.791,0.792,60894276.0,48323760.0
2024-05-07 11:00:00,0.792,0.793,0.787,0.788,70675910.0,55828156.0
2024-05-07 11:30:00,0.788,0.789,0.786,0.786,41621064.0,32782238.0
2024-05-07 13:30:00,0.787,0.789,0.786,0.788,31212628.0,24579892.0
2024-05-07 14:00:00,0.788,0.79,0.787,0.789,39386500.0,31058280.0
2024-05-07 14:30:00,0.789,0.789,0.785,0.786,58787532.0,46246630.0
2024-05-07 15:00:00,0.786,0.788,0.785,0.788,69873680.0,54979080.0
2024-05-08 10:00:00,0.786,0.786,0.78,0.785,112351979.0,87945827.0
2024-05-08 10:30:00,0.785,0.786,0.782,0.783,45935776.0,36023956.0
2024-05-08 11:00:00,0.783,0.784,0.781,0.782,24271512.0,18973732.0
2024-05-08 11:30:00,0.781,0.782,0.779,0.779,30136252.0,23511390.0
2024-05-08 13:30:00,0.779,0.78,0.777,0.779,64377244.0,50108656.0
2024-05-08 14:00:00,0.778,0.782,0.778,0.779,71221656.0,55516104.0
2024-05-08 14:30:00,0.779,0.782,0.778,0.779,61318196.0,47820210.0
2024-05-08 15:00:00,0.779,0.78,0.778,0.779,56268376.0,43799560.0
2024-05-09 10:00:00,0.779,0.792,0.779,0.791,150162676.0,118069937.0
2024-05-09 10:30:00,0.791,0.792,0.787,0.788,59297708.0,46810776.0
2024-05-09 11:00:00,0.789,0.791,0.787,0.79,31013908.0,24456292.0
2024-05-09 11:30:00,0.79,0.792,0.79,0.792,69554340.0,55026668.0
2024-05-09 13:30:00,0.793,0.796,0.792,0.794,122992184.0,97647500.0
2024-05-09 14:00:00,0.794,0.796,0.793,0.794,80318290.0,63843710.0
2024-05-09 14:30:00,0.795,0.797,0.793,0.796,98477630.0,78256130.0
2024-05-09 15:00:00,0.796,0.797,0.795,0.796,63234484.0,50333050.0
2024-05-10 10:00:00,0.796,0.797,0.783,0.784,145580922.0,114814944.0
2024-05-10 10:30:00,0.784,0.785,0.782,0.784,76213016.0,59690610.0
2024-05-10 11:00:00,0.784,0.786,0.782,0.785,50977596.0,39949704.0
2024-05-10 11:30:00,0.785,0.785,0.782,0.782,39392084.0,30856030.0
2024-05-10 13:30:00,0.783,0.787,0.782,0.787,86560056.0,67918770.0
2024-05-10 14:00:00,0.786,0.787,0.784,0.785,65880252.0,51702052.0
2024-05-10 14:30:00,0.784,0.785,0.782,0.783,63859156.0,49998500.0
2024-05-10 15:00:00,0.783,0.786,0.782,0.785,68406136.0,53623600.0
2024-05-13 10:00:00,0.78,0.784,0.775,0.784,108356480.0,84456836.0
2024-05-13 10:30:00,0.783,0.787,0.781,0.784,45046110.0,35329830.0
2024-05-13 11:00:00,0.783,0.785,0.783,0.784,27688200.0,21713200.0
2024-05-13 11:30:00,0.783,0.783,0.78,0.781,24923130.0,19477290.0
2024-05-13 13:30:00,0.781,0.783,0.779,0.782,58614084.0,45779784.0
2024-05-13 14:00:00,0.782,0.783,0.781,0.782,38687692.0,30236304.0
2024-05-13 14:30:00,0.781,0.783,0.778,0.78,66935696.0,52220396.0
2024-05-13 15:00:00,0.779,0.781,0.778,0.781,50078470.0,39052132.0
2024-05-14 10:00:00,0.782,0.787,0.779,0.779,123026164.0,96371265.0
2024-05-14 10:30:00,0.779,0.782,0.777,0.782,79011500.0,61478456.0
2024-05-14 11:00:00,0.782,0.783,0.779,0.779,39297120.0,30692230.0
2024-05-14 11:30:00,0.78,0.781,0.778,0.78,13298497.0,10367141.0
2024-05-14 13:30:00,0.779,0.78,0.777,0.778,60281536.0,46900444.0
2024-05-14 14:00:00,0.778,0.78,0.777,0.778,48558590.0,37763884.0
2024-05-14 14:30:00,0.779,0.78,0.777,0.778,60337532.0,46939140.0
2024-05-14 15:00:00,0.778,0.778,0.776,0.777,68870560.0,53515308.0
2024-05-15 10:00:00,0.775,0.777,0.771,0.777,107092856.0,82836310.0
2024-05-15 10:30:00,0.777,0.777,0.773,0.773,37328652.0,28931630.0
2024-05-15 11:00:00,0.774,0.775,0.772,0.772,23820636.0,18426548.0
2024-05-15 11:30:00,0.773,0.774,0.772,0.774,16748715.0,12944254.0
2024-05-15 13:30:00,0.774,0.774,0.771,0.771,37175068.0,28718608.0
2024-05-15 14:00:00,0.772,0.773,0.77,0.771,55399708.0,42720780.0
2024-05-15 14:30:00,0.771,0.772,0.769,0.771,60745508.0,46779890.0
2024-05-15 15:00:00,0.771,0.771,0.765,0.766,95414600.0,73206580.0
2024-05-16 10:00:00,0.768,0.772,0.765,0.768,114413999.0,87904823.0
2024-05-16 10:30:00,0.768,0.77,0.766,0.767,43773356.0,33625264.0
2024-05-16 11:00:00,0.766,0.77,0.765,0.769,81162240.0,62231876.0
2024-05-16 11:30:00,0.769,0.771,0.767,0.771,36177204.0,27824404.0
2024-05-16 13:30:00,0.771,0.771,0.767,0.768,31510558.0,24223276.0
2024-05-16 14:00:00,0.768,0.769,0.766,0.767,47847508.0,36720040.0
2024-05-16 14:30:00,0.766,0.768,0.763,0.764,99350200.0,76041710.0
2024-05-16 15:00:00,0.763,0.764,0.761,0.764,78936770.0,60191880.0
2024-05-17 10:00:00,0.763,0.768,0.758,0.768,153684650.0,117135478.0
2024-05-17 10:30:00,0.768,0.769,0.765,0.766,61700172.0,47347710.0
2024-05-17 11:00:00,0.766,0.766,0.763,0.766,54967180.0,42013760.0
2024-05-17 11:30:00,0.765,0.767,0.763,0.764,31098680.0,23789394.0
2024-05-17 13:30:00,0.764,0.767,0.763,0.765,39800040.0,30425612.0
2024-05-17 14:00:00,0.764,0.769,0.764,0.768,43736932.0,33546168.0
2024-05-17 14:30:00,0.768,0.768,0.765,0.767,35154570.0,26949448.0
2024-05-17 15:00:00,0.767,0.772,0.766,0.772,103497160.0,79658090.0
2024-05-20 10:00:00,0.771,0.777,0.767,0.775,171263070.0,132210877.0
2024-05-20 10:30:00,0.776,0.778,0.775,0.777,80663790.0,62637676.0
2024-05-20 11:00:00,0.776,0.777,0.771,0.772,62662930.0,48487216.0
2024-05-20 11:30:00,0.771,0.773,0.769,0.77,49538970.0,38156780.0
2024-05-20 13:30:00,0.771,0.773,0.768,0.768,63897400.0,49195790.0
2024-05-20 14:00:00,0.768,0.77,0.767,0.769,61447864.0,47192828.0
2024-05-20 14:30:00,0.77,0.772,0.769,0.77,53852016.0,41494092.0
2024-05-20 15:00:00,0.77,0.771,0.769,0.771,66947936.0,51542870.0
2024-05-21 10:00:00,0.769,0.773,0.767,0.768,61526932.0,47398215.0
2024-05-21 10:30:00,0.769,0.77,0.767,0.768,52958532.0,40687864.0
2024-05-21 11:00:00,0.769,0.77,0.767,0.767,36743384.0,28232328.0
2024-05-21 11:30:00,0.767,0.769,0.767,0.768,18023500.0,13840919.0
2024-05-21 13:30:00,0.769,0.769,0.767,0.769,40922796.0,31427664.0
2024-05-21 14:00:00,0.769,0.769,0.766,0.767,42110570.0,32313544.0
2024-05-21 14:30:00,0.767,0.767,0.764,0.766,61027450.0,46719830.0
2024-05-21 15:00:00,0.766,0.767,0.764,0.765,38793100.0,29686136.0
2024-05-22 10:00:00,0.766,0.768,0.763,0.766,57447004.0,43966649.0
2024-05-22 10:30:00,0.766,0.767,0.762,0.763,47949240.0,36631600.0
2024-05-22 11:00:00,0.763,0.764,0.761,0.762,44525384.0,33953930.0
2024-05-22 11:30:00,0.761,0.763,0.761,0.763,32280500.0,24579980.0
2024-05-22 13:30:00,0.763,0.768,0.762,0.766,68006670.0,52051816.0
2024-05-22 14:00:00,0.766,0.771,0.765,0.771,84264620.0,64708584.0
2024-05-22 14:30:00,0.771,0.774,0.769,0.773,111709590.0,86235680.0
2024-05-22 15:00:00,0.772,0.773,0.771,0.772,56918260.0,43941510.0
2024-05-23 10:00:00,0.771,0.772,0.763,0.764,118598075.0,90947823.0
2024-05-23 10:30:00,0.763,0.764,0.76,0.762,82575600.0,62924150.0
2024-05-23 11:00:00,0.762,0.764,0.761,0.763,39322612.0,29994220.0
2024-05-23 11:30:00,0.763,0.767,0.762,0.763,58770268.0,44945150.0
2024-05-23 13:30:00,0.764,0.764,0.761,0.761,33525812.0,25560292.0
2024-05-23 14:00:00,0.761,0.762,0.758,0.758,78679800.0,59785280.0
2024-05-23 14:30:00,0.759,0.762,0.758,0.761,81387120.0,61852330.0
2024-05-23 15:00:00,0.761,0.761,0.758,0.76,67515770.0,51229268.0
2024-05-24 10:00:00,0.758,0.764,0.757,0.759,72018371.0,54773315.0
2024-05-24 10:30:00,0.759,0.759,0.753,0.755,82946100.0,62663652.0
2024-05-24 11:00:00,0.755,0.755,0.752,0.753,42812526.0,32268264.0
2024-05-24 11:30:00,0.753,0.756,0.753,0.754,33413400.0,25194344.0
2024-05-24 13:30:00,0.754,0.755,0.75,0.75,53287870.0,40034210.0
2024-05-24 14:00:00,0.75,0.751,0.748,0.749,59960724.0,44946444.0
2024-05-24 14:30:00,0.75,0.75,0.746,0.747,58515890.0,43765790.0
2024-05-24 15:00:00,0.747,0.748,0.743,0.745,83403587.0,62117500.0
2024-05-27 10:00:00,0.744,0.745,0.738,0.74,128690190.0,95400015.0
2024-05-27 10:30:00,0.74,0.742,0.737,0.738,54494770.0,40282130.0
2024-05-27 11:00:00,0.738,0.739,0.736,0.737,29734664.0,21927404.0
2024-05-27 11:30:00,0.738,0.74,0.736,0.738,24840518.0,18331264.0
2024-05-27 13:30:00,0.738,0.75,0.738,0.747,90375790.0,67392930.0
2024-05-27 14:00:00,0.747,0.749,0.746,0.749,30759868.0,22987368.0
2024-05-27 14:30:00,0.749,0.754,0.748,0.754,73022680.0,54873748.0
2024-05-27 15:00:00,0.754,0.756,0.753,0.755,84017864.0,63411770.0
2024-05-28 10:00:00,0.753,0.764,0.751,0.763,200100450.0,151531851.0
2024-05-28 10:30:00,0.763,0.763,0.759,0.759,71246940.0,54221056.0
2024-05-28 11:00:00,0.76,0.76,0.756,0.757,52196064.0,39552990.0
2024-05-28 11:30:00,0.757,0.759,0.756,0.758,32068684.0,24285280.0
2024-05-28 13:30:00,0.757,0.758,0.754,0.754,22105024.0,16705323.0
2024-05-28 14:00:00,0.755,0.756,0.753,0.753,32396428.0,24434460.0
2024-05-28 14:30:00,0.754,0.754,0.751,0.752,28207808.0,21222894.0
2024-05-28 15:00:00,0.753,0.754,0.751,0.752,52182990.0,39250428.0
2024-05-29 10:00:00,0.75,0.758,0.75,0.757,106145177.0,80255198.0
2024-05-29 10:30:00,0.757,0.758,0.755,0.755,59785916.0,45247984.0
2024-05-29 11:00:00,0.755,0.757,0.753,0.754,27772880.0,20963724.0
2024-05-29 11:30:00,0.754,0.756,0.752,0.755,20964700.0,15797694.0
2024-05-29 13:30:00,0.755,0.756,0.752,0.753,36573230.0,27551772.0
2024-05-29 14:00:00,0.753,0.753,0.75,0.75,21648044.0,16274433.0
2024-05-29 14:30:00,0.751,0.751,0.747,0.751,83094880.0,62228844.0
2024-05-29 15:00:00,0.751,0.753,0.749,0.752,27315460.0,20512150.0
2024-05-30 10:00:00,0.75,0.759,0.747,0.758,127706038.0,96456906.0
2024-05-30 10:30:00,0.759,0.761,0.756,0.758,75789570.0,57454344.0
2024-05-30 11:00:00,0.757,0.76,0.756,0.757,59750070.0,45312920.0
2024-05-30 11:30:00,0.757,0.762,0.757,0.761,60777770.0,46185056.0
2024-05-30 13:30:00,0.76,0.761,0.757,0.758,51222840.0,38859230.0
2024-05-30 14:00:00,0.759,0.764,0.758,0.762,76724620.0,58437220.0
2024-05-30 14:30:00,0.762,0.763,0.759,0.76,46119530.0,35107724.0
2024-05-30 15:00:00,0.761,0.761,0.758,0.759,52962450.0,40248260.0
2024-05-31 10:00:00,0.761,0.769,0.759,0.768,151066980.0,115440106.0
2024-05-31 10:30:00,0.768,0.769,0.762,0.762,62726900.0,47951424.0
2024-05-31 11:00:00,0.762,0.764,0.761,0.763,29917000.0,22804808.0
2024-05-31 11:30:00,0.763,0.764,0.761,0.762,22898988.0,17458396.0
2024-05-31 13:30:00,0.762,0.764,0.762,0.762,23563980.0,17970892.0
2024-05-31 14:00:00,0.761,0.763,0.761,0.762,8972100.0,6843098.0
2024-05-31 14:30:00,0.763,0.764,0.76,0.761,43013934.0,32744072.0
2024-05-31 15:00:00,0.761,0.761,0.758,0.761,63460020.0,48205132.0
2024-06-03 10:00:00,0.761,0.769,0.759,0.768,140873110.0,107672907.0
2024-06-03 10:30:00,0.768,0.772,0.768,0.771,132408820.0,101955050.0
2024-06-03 11:00:00,0.77,0.772,0.767,0.77,64105170.0,49326564.0
2024-06-03 11:30:00,0.77,0.771,0.765,0.765,51845700.0,39797010.0
2024-06-03 13:30:00,0.765,0.767,0.764,0.767,58394776.0,44677468.0
2024-06-03 14:00:00,0.767,0.768,0.764,0.765,41622932.0,31860112.0
2024-06-03 14:30:00,0.765,0.765,0.762,0.763,40042850.0,30580332.0
2024-06-03 15:00:00,0.763,0.768,0.762,0.768,71950860.0,55120470.0
2024-06-04 10:00:00,0.767,0.77,0.764,0.768,107135784.0,82130140.0
2024-06-04 10:30:00,0.769,0.769,0.765,0.766,42842356.0,32855638.0
2024-06-04 11:00:00,0.767,0.769,0.765,0.768,40714500.0,31216328.0
2024-06-04 11:30:00,0.768,0.77,0.767,0.768,35405900.0,27208332.0
2024-06-04 13:30:00,0.768,0.768,0.765,0.766,27110748.0,20787530.0
2024-06-04 14:00:00,0.766,0.767,0.765,0.766,32462900.0,24853478.0
2024-06-04 14:30:00,0.766,0.77,0.766,0.769,39847024.0,30607744.0
2024-06-04 15:00:00,0.77,0.773,0.769,0.771,83442380.0,64357296.0
2024-06-05 10:00:00,0.77,0.779,0.769,0.778,189131880.0,146776051.0
2024-06-05 10:30:00,0.778,0.78,0.775,0.775,76655240.0,59580104.0
2024-06-05 11:00:00,0.775,0.779,0.775,0.777,27732100.0,21558312.0
2024-06-05 11:30:00,0.777,0.777,0.774,0.775,58492204.0,45381144.0
2024-06-05 13:30:00,0.775,0.775,0.773,0.774,75820024.0,58705050.0
2024-06-05 14:00:00,0.774,0.775,0.771,0.774,133251224.0,102963170.0
2024-06-05 14:30:00,0.774,0.775,0.772,0.773,51344900.0,39718950.0
2024-06-05 15:00:00,0.772,0.773,0.769,0.769,76185240.0,58732664.0
2024-06-06 10:00:00,0.774,0.777,0.77,0.772,157128280.0,121658629.0
2024-06-06 10:30:00,0.773,0.773,0.766,0.766,74724530.0,57452440.0
2024-06-06 11:00:00,0.767,0.775,0.766,0.771,63112576.0,48641236.0
2024-06-06 11:30:00,0.77,0.773,0.768,0.768,25906462.0,19961540.0
2024-06-06 13:30:00,0.768,0.772,0.768,0.769,32478532.0,25002674.0
2024-06-06 14:00:00,0.769,0.769,0.764,0.766,110096040.0,84310860.0
2024-06-06 14:30:00,0.767,0.768,0.761,0.762,43204060.0,33035734.0
2024-06-06 15:00:00,0.762,0.764,0.759,0.762,62780868.0,47797440.0
2024-06-07 10:00:00,0.762,0.768,0.759,0.764,158291905.0,121015779.0
2024-06-07 10:30:00,0.764,0.764,0.759,0.76,62939264.0,47878524.0
2024-06-07 11:00:00,0.759,0.76,0.755,0.756,97868430.0,74112260.0
2024-06-07 11:30:00,0.756,0.756,0.751,0.756,60449590.0,45565196.0
2024-06-07 13:30:00,0.756,0.756,0.752,0.753,48819964.0,36788090.0
2024-06-07 14:00:00,0.754,0.754,0.75,0.753,51490828.0,38713304.0
2024-06-07 14:30:00,0.754,0.759,0.752,0.757,54571136.0,41283388.0
2024-06-07 15:00:00,0.758,0.758,0.756,0.757,27424242.0,20765558.0
2024-06-11 10:00:00,0.756,0.76,0.754,0.759,106990924.0,81074042.0
2024-06-11 10:30:00,0.759,0.76,0.757,0.758,49705204.0,37700276.0
2024-06-11 11:00:00,0.758,0.763,0.757,0.763,79648170.0,60558360.0
2024-06-11 11:30:00,0.762,0.77,0.762,0.768,172993000.0,132607330.0
2024-06-11 13:30:00,0.768,0.769,0.766,0.767,54115060.0,41550790.0
2024-06-11 14:00:00,0.767,0.77,0.766,0.768,54360224.0,41760172.0
2024-06-11 14:30:00,0.769,0.774,0.767,0.773,86972936.0,67005856.0
2024-06-11 15:00:00,0.774,0.777,0.772,0.776,182622480.0,141506620.0
2024-06-12 10:00:00,0.78,0.782,0.774,0.778,315517329.0,245739476.0
2024-06-12 10:30:00,0.779,0.78,0.776,0.777,64770340.0,50383692.0
2024-06-12 11:00:00,0.777,0.778,0.774,0.776,129117600.0,100248570.0
2024-06-12 11:30:00,0.776,0.777,0.773,0.775,129805900.0,100636190.0
2024-06-12 13:30:00,0.774,0.776,0.773,0.774,128341580.0,99410800.0
2024-06-12 14:00:00,0.775,0.776,0.774,0.776,162473900.0,125963910.0
2024-06-12 14:30:00,0.776,0.776,0.774,0.776,80271120.0,62253268.0
2024-06-12 15:00:00,0.775,0.776,0.774,0.774,68421740.0,53024100.0
2024-06-13 10:00:00,0.777,0.78,0.776,0.778,125510712.0,97620862.0
2024-06-13 10:30:00,0.779,0.784,0.777,0.778,270291970.0,211084110.0
2024-06-13 11:00:00,0.778,0.778,0.775,0.777,64641736.0,50218324.0
2024-06-13 11:30:00,0.777,0.781,0.775,0.781,54213896.0,42164316.0
2024-06-13 13:30:00,0.781,0.784,0.78,0.782,102926640.0,80511000.0
2024-06-13 14:00:00,0.783,0.786,0.782,0.785,255668130.0,200621330.0
2024-06-13 14:30:00,0.784,0.785,0.78,0.78,199440770.0,156099360.0
2024-06-13 15:00:00,0.781,0.781,0.778,0.779,117090830.0,91246670.0
2024-06-14 10:00:00,0.775,0.777,0.771,0.772,195899824.0,151505456.0
2024-06-14 10:30:00,0.771,0.776,0.77,0.772,75010703.0,57939740.0
2024-06-14 11:00:00,0.772,0.773,0.77,0.771,41649098.0,32135744.0
2024-06-14 11:30:00,0.771,0.775,0.77,0.771,61449300.0,47461360.0
2024-06-14 13:30:00,0.771,0.772,0.77,0.771,106463030.0,82116060.0
2024-06-14 14:00:00,0.771,0.775,0.771,0.773,162463810.0,125638504.0
2024-06-14 14:30:00,0.773,0.773,0.77,0.771,53579170.0,41355770.0
2024-06-14 15:00:00,0.771,0.774,0.771,0.773,72424376.0,55931570.0
2024-06-17 10:00:00,0.771,0.774,0.767,0.774,127208770.0,97968370.0
2024-06-17 10:30:00,0.774,0.778,0.773,0.775,87801390.0,68074430.0
2024-06-17 11:00:00,0.775,0.778,0.774,0.777,51384870.0,39870540.0
2024-06-17 11:30:00,0.777,0.777,0.773,0.776,41782548.0,32387344.0
2024-06-17 13:30:00,0.776,0.778,0.775,0.778,43133904.0,33506466.0
2024-06-17 14:00:00,0.778,0.778,0.775,0.775,37548600.0,29166092.0
2024-06-17 14:30:00,0.776,0.776,0.774,0.775,38054996.0,29490984.0
2024-06-17 15:00:00,0.775,0.776,0.774,0.775,113982320.0,88328870.0
2024-06-18 10:00:00,0.774,0.782,0.774,0.777,221465251.0,172572950.0
2024-06-18 10:30:00,0.777,0.779,0.774,0.777,87032250.0,67582350.0
2024-06-18 11:00:00,0.778,0.779,0.776,0.776,82975640.0,64444788.0
2024-06-18 11:30:00,0.777,0.779,0.776,0.779,46819336.0,36409676.0
2024-06-18 13:30:00,0.779,0.779,0.774,0.776,57519850.0,44641892.0
2024-06-18 14:00:00,0.776,0.776,0.771,0.772,81752670.0,63228292.0
2024-06-18 14:30:00,0.772,0.774,0.771,0.774,46869050.0,36232504.0
2024-06-18 15:00:00,0.773,0.775,0.773,0.775,96968720.0,75039256.0
2024-06-19 10:00:00,0.777,0.777,0.77,0.771,161966120.0,125243286.0
2024-06-19 10:30:00,0.771,0.771,0.765,0.766,111412900.0,85553280.0
2024-06-19 11:00:00,0.766,0.77,0.766,0.77,183053700.0,140554850.0
2024-06-19 11:30:00,0.769,0.77,0.767,0.767,70310870.0,54049530.0
2024-06-19 13:30:00,0.768,0.77,0.767,0.77,137180480.0,105378350.0
2024-06-19 14:00:00,0.77,0.774,0.77,0.774,69709900.0,53811556.0
2024-06-19 14:30:00,0.774,0.776,0.771,0.772,84327310.0,65245748.0
2024-06-19 15:00:00,0.771,0.773,0.77,0.77,45490000.0,35075340.0
2024-06-20 10:00:00,0.771,0.776,0.768,0.773,185395900.0,143150484.0
2024-06-20 10:30:00,0.773,0.779,0.771,0.779,134833870.0,104541220.0
2024-06-20 11:00:00,0.779,0.785,0.778,0.779,268771260.0,209994560.0
2024-06-20 11:30:00,0.78,0.782,0.779,0.78,195185230.0,152436160.0
2024-06-20 13:30:00,0.78,0.781,0.777,0.778,65142270.0,50746590.0
2024-06-20 14:00:00,0.778,0.779,0.776,0.778,48423140.0,37649970.0
2024-06-20 14:30:00,0.778,0.779,0.774,0.776,71998200.0,55884776.0
2024-06-20 15:00:00,0.776,0.776,0.773,0.775,100335090.0,77748530.0
2024-06-21 10:00:00,0.77,0.772,0.763,0.771,241086994.0,184887903.0
2024-06-21 10:30:00,0.77,0.77,0.766,0.769,65069180.0,49962070.0
2024-06-21 11:00:00,0.769,0.771,0.767,0.769,43110016.0,33156536.0
2024-06-21 11:30:00,0.769,0.77,0.768,0.768,97726700.0,75141340.0
2024-06-21 13:30:00,0.769,0.774,0.767,0.772,111116740.0,85476670.0
2024-06-21 14:00:00,0.772,0.776,0.771,0.776,79079820.0,61206412.0
2024-06-21 14:30:00,0.776,0.777,0.773,0.777,66458030.0,51484900.0
2024-06-21 15:00:00,0.777,0.777,0.775,0.776,190370660.0,147802770.0
2024-06-24 10:00:00,0.772,0.781,0.772,0.779,210035400.0,163207119.0
2024-06-24 10:30:00,0.779,0.779,0.773,0.774,138263540.0,107367384.0
2024-06-24 11:00:00,0.775,0.775,0.767,0.769,92985300.0,71612056.0
2024-06-24 11:30:00,0.768,0.77,0.766,0.769,52503480.0,40313360.0
2024-06-24 13:30:00,0.769,0.772,0.767,0.771,44983650.0,34623650.0
2024-06-24 14:00:00,0.77,0.77,0.765,0.766,62463750.0,47949504.0
2024-06-24 14:30:00,0.766,0.768,0.763,0.764,50160596.0,38402650.0
2024-06-24 15:00:00,0.764,0.764,0.755,0.757,140378990.0,106505690.0
2024-06-25 10:00:00,0.755,0.757,0.744,0.747,203235500.0,152385332.0
2024-06-25 10:30:00,0.747,0.749,0.744,0.744,66196612.0,49399548.0
2024-06-25 11:00:00,0.745,0.746,0.74,0.741,106993760.0,79419900.0
2024-06-25 11:30:00,0.741,0.741,0.737,0.74,87943500.0,65003540.0
2024-06-25 13:30:00,0.74,0.744,0.738,0.741,152667760.0,113152020.0
2024-06-25 14:00:00,0.741,0.742,0.736,0.736,139516500.0,103185096.0
2024-06-25 14:30:00,0.736,0.738,0.73,0.735,137296530.0,100769400.0
2024-06-25 15:00:00,0.736,0.739,0.734,0.735,94948640.0,69859304.0
2024-06-26 10:00:00,0.734,0.74,0.732,0.738,155230420.0,114251286.0
2024-06-26 10:30:00,0.737,0.737,0.733,0.735,104228930.0,76678370.0
2024-06-26 11:00:00,0.735,0.735,0.73,0.731,50199480.0,36775868.0
2024-06-26 11:30:00,0.732,0.734,0.731,0.734,50310000.0,36833724.0
2024-06-26 13:30:00,0.734,0.74,0.732,0.737,143420460.0,105846340.0
2024-06-26 14:00:00,0.737,0.741,0.737,0.74,69713110.0,51540920.0
2024-06-26 14:30:00,0.74,0.748,0.739,0.746,173678940.0,128953150.0
2024-06-26 15:00:00,0.746,0.75,0.746,0.748,81778560.0,61120440.0
2024-06-27 10:00:00,0.744,0.745,0.737,0.739,116986406.0,86618697.0
2024-06-27 10:30:00,0.739,0.741,0.735,0.74,62355036.0,45999228.0
2024-06-27 11:00:00,0.74,0.743,0.738,0.738,34925068.0,25872030.0
2024-06-27 11:30:00,0.739,0.739,0.734,0.736,43940504.0,32349220.0
2024-06-27 13:30:00,0.738,0.739,0.734,0.735,29162900.0,21466108.0
2024-06-27 14:00:00,0.735,0.737,0.734,0.735,47446236.0,34900110.0
2024-06-27 14:30:00,0.734,0.736,0.732,0.736,76152616.0,55898550.0
2024-06-27 15:00:00,0.736,0.737,0.732,0.733,70307330.0,51593784.0
2024-06-28 10:00:00,0.731,0.743,0.73,0.742,157763510.0,116558339.0
2024-06-28 10:30:00,0.742,0.742,0.736,0.739,70113730.0,51816070.0
2024-06-28 11:00:00,0.74,0.741,0.737,0.74,37462760.0,27697836.0
2024-06-28 11:30:00,0.74,0.74,0.735,0.737,36816544.0,27135720.0
2024-06-28 13:30:00,0.737,0.738,0.733,0.734,63093188.0,46378440.0
2024-06-28 14:00:00,0.735,0.735,0.731,0.732,59081000.0,43318056.0
2024-06-28 14:30:00,0.732,0.732,0.728,0.73,80653160.0,58869210.0
2024-06-28 15:00:00,0.729,0.731,0.728,0.731,44121348.0,32201702.0
2024-07-01 10:00:00,0.73,0.732,0.722,0.725,115620088.0,83985237.0
2024-07-01 10:30:00,0.726,0.726,0.719,0.72,74383600.0,53637536.0
2024-07-01 11:00:00,0.72,0.72,0.717,0.718,59282590.0,42583790.0
2024-07-01 11:30:00,0.718,0.721,0.717,0.719,42884932.0,30810080.0
2024-07-01 13:30:00,0.719,0.727,0.717,0.726,63029932.0,45552504.0
2024-07-01 14:00:00,0.726,0.729,0.725,0.729,82826400.0,60200210.0
2024-07-01 14:30:00,0.728,0.731,0.727,0.728,58475876.0,42648200.0
2024-07-01 15:00:00,0.728,0.729,0.726,0.728,37288436.0,27125824.0
2024-07-02 10:00:00,0.725,0.726,0.72,0.722,124607436.0,90058893.0
2024-07-02 10:30:00,0.722,0.725,0.719,0.724,69817140.0,50379440.0
2024-07-02 11:00:00,0.724,0.725,0.721,0.721,41858492.0,30243588.0
2024-07-02 11:30:00,0.721,0.722,0.719,0.72,37860256.0,27260008.0
2024-07-02 13:30:00,0.72,0.72,0.718,0.718,51362840.0,36916200.0
2024-07-02 14:00:00,0.719,0.72,0.718,0.719,49369730.0,35491692.0
2024-07-02 14:30:00,0.719,0.721,0.716,0.717,70689400.0,50741024.0
2024-07-02 15:00:00,0.717,0.718,0.714,0.717,77976750.0,55793252.0
2024-07-03 10:00:00,0.717,0.718,0.71,0.715,131659557.0,93904685.0
2024-07-03 10:30:00,0.715,0.715,0.71,0.713,43052756.0,30652364.0
2024-07-03 11:00:00,0.714,0.716,0.712,0.715,27770012.0,19818914.0
2024-07-03 11:30:00,0.715,0.723,0.715,0.723,92039944.0,66237910.0
2024-07-03 13:30:00,0.723,0.725,0.72,0.721,66507890.0,48054500.0
2024-07-03 14:00:00,0.721,0.722,0.719,0.72,21475456.0,15477107.0
2024-07-03 14:30:00,0.719,0.721,0.718,0.72,23732448.0,17070588.0
2024-07-03 15:00:00,0.719,0.72,0.718,0.719,46664660.0,33545328.0
2024-07-04 10:00:00,0.719,0.722,0.717,0.717,85366434.0,61422672.0
2024-07-04 10:30:00,0.717,0.719,0.713,0.713,59577000.0,42604350.0
2024-07-04 11:00:00,0.714,0.716,0.712,0.715,35724704.0,25492338.0
2024-07-04 11:30:00,0.715,0.716,0.712,0.713,22246288.0,15872813.0
2024-07-04 13:30:00,0.713,0.714,0.71,0.711,59721490.0,42526516.0
2024-07-04 14:00:00,0.712,0.713,0.711,0.712,47744350.0,33982080.0
2024-07-04 14:30:00,0.712,0.713,0.707,0.708,77100700.0,54698480.0
2024-07-04 15:00:00,0.708,0.71,0.706,0.707,216591250.0,153530140.0
2024-07-05 10:00:00,0.706,0.707,0.701,0.705,102100010.0,71877931.0
2024-07-05 10:30:00,0.704,0.705,0.702,0.703,45048492.0,31688022.0
2024-07-05 11:00:00,0.704,0.705,0.7,0.701,91600050.0,64326656.0
2024-07-05 11:30:00,0.702,0.705,0.7,0.704,42408372.0,29773348.0
2024-07-05 13:30:00,0.704,0.709,0.703,0.709,195247100.0,138139470.0
2024-07-05 14:00:00,0.709,0.716,0.709,0.716,153503800.0,109438360.0
2024-07-05 14:30:00,0.716,0.717,0.714,0.716,163188800.0,116847060.0
2024-07-05 15:00:00,0.715,0.717,0.714,0.716,216619300.0,155169260.0
2024-07-08 10:00:00,0.714,0.721,0.713,0.717,119748424.0,85920771.0
2024-07-08 10:30:00,0.717,0.719,0.715,0.715,35631936.0,25531540.0
2024-07-08 11:00:00,0.716,0.717,0.714,0.717,26520878.0,18973796.0
2024-07-08 11:30:00,0.717,0.718,0.713,0.714,43084464.0,30802240.0
2024-07-08 13:30:00,0.714,0.715,0.712,0.712,73393200.0,52362108.0
2024-07-08 14:00:00,0.712,0.714,0.71,0.71,70976800.0,50535360.0
2024-07-08 14:30:00,0.711,0.711,0.708,0.708,40674500.0,28859820.0
2024-07-08 15:00:00,0.708,0.71,0.707,0.709,91614930.0,64939636.0
2024-07-09 10:00:00,0.705,0.716,0.705,0.713,99682033.0,71082591.0
2024-07-09 10:30:00,0.712,0.713,0.708,0.709,45011700.0,31966472.0
2024-07-09 11:00:00,0.708,0.713,0.708,0.71,27090200.0,19248964.0
2024-07-09 11:30:00,0.71,0.72,0.71,0.72,395677250.0,283148480.0
2024-07-09 13:30:00,0.719,0.721,0.717,0.719,53147300.0,38241510.0
2024-07-09 14:00:00,0.719,0.729,0.719,0.727,136430700.0,98808456.0
2024-07-09 14:30:00,0.728,0.73,0.725,0.728,87480420.0,63649696.0
2024-07-09 15:00:00,0.728,0.729,0.725,0.727,81487090.0,59211144.0
2024-07-10 10:00:00,0.725,0.731,0.724,0.729,116533950.0,84857513.0
2024-07-10 10:30:00,0.728,0.733,0.728,0.732,66780572.0,48793936.0
2024-07-10 11:00:00,0.732,0.733,0.73,0.73,44580852.0,32606774.0
2024-07-10 11:30:00,0.73,0.731,0.726,0.73,33671296.0,24514136.0
2024-07-10 13:30:00,0.73,0.731,0.728,0.73,33097828.0,24144314.0
2024-07-10 14:00:00,0.73,0.731,0.726,0.727,33476140.0,24376412.0
2024-07-10 14:30:00,0.727,0.729,0.726,0.727,40286600.0,29339500.0
2024-07-10 15:00:00,0.728,0.728,0.726,0.727,51155016.0,37187056.0
2024-07-11 10:00:00,0.739,0.74,0.732,0.738,193216551.0,142297270.0
2024-07-11 10:30:00,0.738,0.743,0.737,0.74,89485390.0,66271228.0
2024-07-11 11:00:00,0.74,0.74,0.732,0.733,60330300.0,44368116.0
2024-07-11 11:30:00,0.733,0.735,0.729,0.734,71069336.0,51988150.0
2024-07-11 13:30:00,0.733,0.737,0.733,0.735,29159480.0,21422738.0
2024-07-11 14:00:00,0.735,0.735,0.732,0.735,32962848.0,24174710.0
2024-07-11 14:30:00,0.735,0.736,0.734,0.735,28865900.0,21216546.0
2024-07-11 15:00:00,0.735,0.737,0.734,0.736,53955980.0,39679190.0
2024-07-12 10:00:00,0.732,0.732,0.728,0.731,122671036.0,89554431.0
2024-07-12 10:30:00,0.73,0.734,0.729,0.732,42396600.0,31018032.0
2024-07-12 11:00:00,0.732,0.734,0.73,0.732,25404828.0,18592440.0
2024-07-12 11:30:00,0.732,0.734,0.731,0.731,14056118.0,10292987.0
2024-07-12 13:30:00,0.731,0.734,0.731,0.733,33084540.0,24265276.0
2024-07-12 14:00:00,0.734,0.739,0.733,0.738,58902800.0,43352444.0
2024-07-12 14:30:00,0.738,0.738,0.735,0.735,27059300.0,19928374.0
2024-07-12 15:00:00,0.736,0.738,0.735,0.737,318366660.0,234565660.0
2024-07-15 10:00:00,0.734,0.737,0.732,0.736,363795682.0,267459404.0
2024-07-15 10:30:00,0.737,0.739,0.73,0.731,121918000.0,89588856.0
2024-07-15 11:00:00,0.731,0.735,0.731,0.734,32440752.0,23772544.0
2024-07-15 11:30:00,0.734,0.736,0.732,0.735,16062600.0,11798106.0
2024-07-15 13:30:00,0.734,0.735,0.733,0.734,13164896.0,9662987.0
2024-07-15 14:00:00,0.734,0.736,0.733,0.733,12990127.0,9543010.0
2024-07-15 14:30:00,0.734,0.734,0.732,0.732,15286100.0,11205865.0
2024-07-15 15:00:00,0.733,0.735,0.732,0.733,23651728.0,17344288.0
2024-07-16 10:00:00,0.731,0.736,0.729,0.734,167414170.0,122796554.0
2024-07-16 10:30:00,0.735,0.737,0.731,0.735,167580860.0,123160440.0
2024-07-16 11:00:00,0.735,0.74,0.735,0.739,250433680.0,184672370.0
2024-07-16 11:30:00,0.739,0.741,0.737,0.74,94709270.0,70097950.0
2024-07-16 13:30:00,0.74,0.744,0.739,0.744,136728110.0,101490240.0
2024-07-16 14:00:00,0.744,0.75,0.743,0.748,132245576.0,98805290.0
2024-07-16 14:30:00,0.748,0.749,0.746,0.748,51346400.0,38394470.0
2024-07-16 15:00:00,0.747,0.75,0.747,0.749,74529240.0,55816284.0
2024-07-17 10:00:00,0.748,0.753,0.748,0.75,135681020.0,101871660.0
2024-07-17 10:30:00,0.75,0.751,0.746,0.75,60019150.0,44930884.0
2024-07-17 11:00:00,0.751,0.752,0.748,0.749,33884824.0,25442360.0
2024-07-17 11:30:00,0.749,0.75,0.747,0.75,24680060.0,18472496.0
2024-07-17 13:30:00,0.75,0.752,0.748,0.748,17088428.0,12820562.0
2024-07-17 14:00:00,0.748,0.752,0.748,0.75,24621832.0,18474668.0
2024-07-17 14:30:00,0.75,0.751,0.749,0.75,15875221.0,11904119.0
2024-07-17 15:00:00,0.749,0.75,0.747,0.747,50630756.0,37878000.0
2024-07-18 10:00:00,0.742,0.743,0.736,0.742,397293227.0,294369236.0
2024-07-18 10:30:00,0.742,0.742,0.736,0.739,119672400.0,88473860.0
2024-07-18 11:00:00,0.74,0.742,0.736,0.742,227494560.0,168367200.0
2024-07-18 11:30:00,0.742,0.745,0.74,0.744,184237900.0,136918500.0
2024-07-18 13:30:00,0.744,0.752,0.744,0.752,176266940.0,131999630.0
2024-07-18 14:00:00,0.752,0.757,0.751,0.754,63803800.0,48128644.0
2024-07-18 14:30:00,0.755,0.755,0.75,0.754,119593960.0,90171210.0
2024-07-18 15:00:00,0.754,0.754,0.751,0.753,35345416.0,26605624.0
2024-07-19 10:00:00,0.749,0.759,0.748,0.758,145748972.0,110016572.0
2024-07-19 10:30:00,0.759,0.764,0.756,0.759,123671260.0,94014460.0
2024-07-19 11:00:00,0.759,0.768,0.758,0.766,160002820.0,122345880.0
2024-07-19 11:30:00,0.765,0.768,0.763,0.767,55783816.0,42747556.0
2024-07-19 13:30:00,0.767,0.768,0.762,0.764,49092010.0,37535012.0
2024-07-19 14:00:00,0.764,0.769,0.763,0.766,275220600.0,211109630.0
2024-07-19 14:30:00,0.765,0.77,0.764,0.767,227807650.0,175034350.0
2024-07-19 15:00:00,0.766,0.77,0.766,0.769,358842270.0,275845100.0
2024-07-22 10:00:00,0.768,0.775,0.766,0.773,130611220.0,100761962.0
2024-07-22 10:30:00,0.774,0.774,0.769,0.77,47353708.0,36531604.0
2024-07-22 11:00:00,0.77,0.771,0.768,0.771,38177656.0,29384876.0
2024-07-22 11:30:00,0.77,0.772,0.769,0.771,34186950.0,26358104.0
2024-07-22 13:30:00,0.77,0.771,0.767,0.767,37575350.0,28874592.0
2024-07-22 14:00:00,0.767,0.769,0.765,0.765,37329100.0,28636692.0
2024-07-22 14:30:00,0.766,0.771,0.765,0.77,177062930.0,136268580.0
2024-07-22 15:00:00,0.77,0.773,0.769,0.77,294638050.0,227319710.0
2024-07-23 10:00:00,0.77,0.771,0.756,0.756,143584214.0,109373284.0
2024-07-23 10:30:00,0.756,0.757,0.754,0.755,73334200.0,55404000.0
2024-07-23 11:00:00,0.755,0.756,0.753,0.755,40611172.0,30651624.0
2024-07-23 11:30:00,0.755,0.755,0.752,0.752,33586400.0,25291584.0
2024-07-23 13:30:00,0.753,0.753,0.751,0.752,33881800.0,25487544.0
2024-07-23 14:00:00,0.752,0.753,0.75,0.751,33575570.0,25213102.0
2024-07-23 14:30:00,0.751,0.751,0.744,0.745,97022520.0,72485304.0
2024-07-23 15:00:00,0.745,0.746,0.738,0.739,132008616.0,97799260.0
2024-07-24 10:00:00,0.739,0.744,0.737,0.739,112338509.0,83118703.0
2024-07-24 10:30:00,0.739,0.744,0.737,0.738,73470060.0,54422336.0
2024-07-24 11:00:00,0.738,0.739,0.734,0.737,70035650.0,51535788.0
2024-07-24 11:30:00,0.737,0.74,0.736,0.738,43146000.0,31831028.0
2024-07-24 13:30:00,0.739,0.739,0.734,0.735,26339136.0,19384476.0
2024-07-24 14:00:00,0.735,0.735,0.732,0.735,52107100.0,38218290.0
2024-07-24 14:30:00,0.735,0.736,0.732,0.732,60116700.0,44083944.0
2024-07-24 15:00:00,0.733,0.734,0.73,0.73,72625890.0,53098252.0
2024-07-25 10:00:00,0.727,0.734,0.725,0.732,124555060.0,90843740.0
2024-07-25 10:30:00,0.731,0.732,0.727,0.73,55116300.0,40216220.0
2024-07-25 11:00:00,0.73,0.736,0.728,0.734,72608040.0,53100936.0
2024-07-25 11:30:00,0.734,0.741,0.732,0.739,54069416.0,39884930.0
2024-07-25 13:30:00,0.739,0.739,0.732,0.733,27774400.0,20423700.0
2024-07-25 14:00:00,0.733,0.736,0.732,0.735,76463160.0,56153070.0
2024-07-25 14:30:00,0.735,0.736,0.732,0.733,17542096.0,12867348.0
2024-07-25 15:00:00,0.733,0.734,0.731,0.732,26057932.0,19070570.0
2024-07-26 10:00:00,0.733,0.737,0.729,0.735,104693290.0,76879606.0
2024-07-26 10:30:00,0.735,0.735,0.728,0.729,55550676.0,40604004.0
2024-07-26 11:00:00,0.729,0.735,0.728,0.734,41147400.0,30108782.0
2024-07-26 11:30:00,0.735,0.741,0.734,0.738,91436216.0,67516100.0
2024-07-26 13:30:00,0.737,0.74,0.736,0.739,27590286.0,20346050.0
2024-07-26 14:00:00,0.738,0.74,0.737,0.737,16106639.0,11891333.0
2024-07-26 14:30:00,0.738,0.738,0.734,0.736,30473602.0,22419748.0
2024-07-26 15:00:00,0.736,0.738,0.735,0.738,32829968.0,24192200.0
2024-07-29 10:00:00,0.737,0.739,0.734,0.736,54573409.0,40207048.0
2024-07-29 10:30:00,0.736,0.738,0.734,0.735,29483684.0,21693220.0
2024-07-29 11:00:00,0.734,0.736,0.733,0.733,31023340.0,22769604.0
2024-07-29 11:30:00,0.733,0.734,0.731,0.734,20422000.0,14961804.0
2024-07-29 13:30:00,0.733,0.734,0.731,0.734,23317436.0,17085964.0
2024-07-29 14:00:00,0.735,0.735,0.73,0.731,33565850.0,24565640.0
2024-07-29 14:30:00,0.731,0.731,0.728,0.729,40990150.0,29894304.0
2024-07-29 15:00:00,0.729,0.729,0.723,0.724,124937570.0,90664680.0
2024-07-30 10:00:00,0.723,0.724,0.717,0.72,236183111.0,170005391.0
2024-07-30 10:30:00,0.72,0.723,0.718,0.722,49598420.0,35752170.0
2024-07-30 11:00:00,0.722,0.73,0.721,0.725,63190804.0,45870700.0
2024-07-30 11:30:00,0.726,0.727,0.724,0.726,15584502.0,11302607.0
2024-07-30 13:30:00,0.726,0.727,0.723,0.724,28540304.0,20691512.0
2024-07-30 14:00:00,0.724,0.727,0.723,0.724,38991780.0,28256730.0
2024-07-30 14:30:00,0.723,0.728,0.722,0.728,215998830.0,156892020.0
2024-07-30 15:00:00,0.728,0.73,0.725,0.728,315754980.0,230012560.0
2024-07-31 10:00:00,0.726,0.739,0.724,0.738,166131020.0,121825998.0
2024-07-31 10:30:00,0.738,0.747,0.736,0.747,143595820.0,106518430.0
2024-07-31 11:00:00,0.746,0.753,0.746,0.751,129006460.0,96720300.0
2024-07-31 11:30:00,0.752,0.757,0.749,0.757,71558570.0,53861050.0
2024-07-31 13:30:00,0.757,0.76,0.755,0.758,83845270.0,63519244.0
2024-07-31 14:00:00,0.758,0.761,0.755,0.759,68813980.0,52201590.0
2024-07-31 14:30:00,0.759,0.761,0.758,0.76,61616720.0,46789720.0
2024-07-31 15:00:00,0.759,0.764,0.759,0.763,113828670.0,86760270.0
2024-08-01 10:00:00,0.764,0.768,0.758,0.764,236735213.0,180862962.0
2024-08-01 10:30:00,0.763,0.764,0.758,0.758,82534320.0,62841760.0
2024-08-01 11:00:00,0.758,0.761,0.756,0.758,77783000.0,58982830.0
2024-08-01 11:30:00,0.757,0.758,0.754,0.756,46184300.0,34892196.0
2024-08-01 13:30:00,0.756,0.764,0.756,0.762,70049400.0,53287110.0
2024-08-01 14:00:00,0.762,0.765,0.761,0.763,67475256.0,51516336.0
2024-08-01 14:30:00,0.763,0.763,0.758,0.759,37638270.0,28617764.0
2024-08-01 15:00:00,0.759,0.761,0.757,0.758,38798944.0,29425528.0
2024-08-02 10:00:00,0.75,0.761,0.749,0.757,151292402.0,114315497.0
2024-08-02 10:30:00,0.757,0.757,0.752,0.753,40529464.0,30570370.0
2024-08-02 11:00:00,0.753,0.754,0.75,0.751,39640336.0,29798976.0
2024-08-02 11:30:00,0.75,0.753,0.749,0.751,51385400.0,38568656.0
2024-08-02 13:30:00,0.751,0.753,0.748,0.749,51815500.0,38864404.0
2024-08-02 14:00:00,0.748,0.75,0.745,0.746,67680500.0,50596664.0
2024-08-02 14:30:00,0.747,0.747,0.744,0.745,51342080.0,38259828.0
2024-08-02 15:00:00,0.746,0.747,0.742,0.745,347414800.0,258929140.0
2024-08-05 10:00:00,0.741,0.749,0.736,0.739,147096780.0,109358946.0
2024-08-05 10:30:00,0.74,0.74,0.733,0.736,98736024.0,72636420.0
2024-08-05 11:00:00,0.735,0.737,0.734,0.736,39523296.0,29051208.0
2024-08-05 11:30:00,0.736,0.741,0.734,0.739,37699964.0,27802568.0
2024-08-05 13:30:00,0.74,0.74,0.728,0.73,96395000.0,70590850.0
2024-08-05 14:00:00,0.729,0.73,0.724,0.725,170781120.0,124348860.0
2024-08-05 14:30:00,0.724,0.733,0.724,0.726,270656930.0,197432420.0
2024-08-05 15:00:00,0.726,0.727,0.722,0.722,116607900.0,84461140.0
2024-08-06 10:00:00,0.73,0.735,0.728,0.729,165956764.0,121335653.0
2024-08-06 10:30:00,0.73,0.73,0.724,0.728,40869670.0,29703940.0
2024-08-06 11:00:00,0.728,0.73,0.726,0.73,23828556.0,17349524.0
2024-08-06 11:30:00,0.729,0.733,0.727,0.729,23726122.0,17321710.0
2024-08-06 13:30:00,0.728,0.729,0.723,0.724,46157444.0,33445002.0
2024-08-06 14:00:00,0.725,0.727,0.723,0.723,20637180.0,14951665.0
2024-08-06 14:30:00,0.723,0.726,0.723,0.726,18667380.0,13527543.0
2024-08-06 15:00:00,0.726,0.732,0.726,0.732,76289570.0,55721830.0
2024-08-07 10:00:00,0.73,0.735,0.728,0.731,81763509.0,59798036.0
2024-08-07 10:30:00,0.732,0.732,0.726,0.73,46799170.0,34105116.0
2024-08-07 11:00:00,0.73,0.733,0.729,0.731,28503888.0,20844534.0
2024-08-07 11:30:00,0.731,0.733,0.729,0.73,19459400.0,14217364.0
2024-08-07 13:30:00,0.729,0.732,0.728,0.731,45396244.0,33173868.0
2024-08-07 14:00:00,0.731,0.732,0.729,0.73,15518776.0,11333866.0
2024-08-07 14:30:00,0.73,0.73,0.725,0.727,45077290.0,32761892.0
2024-08-07 15:00:00,0.727,0.728,0.725,0.726,58821156.0,42711132.0
2024-08-08 10:00:00,0.724,0.725,0.718,0.721,111763085.0,80547689.0
2024-08-08 10:30:00,0.721,0.723,0.718,0.722,57247524.0,41192264.0
2024-08-08 11:00:00,0.723,0.73,0.721,0.729,42085204.0,30520958.0
2024-08-08 11:30:00,0.729,0.736,0.728,0.733,99724300.0,73040190.0
2024-08-08 13:30:00,0.733,0.734,0.73,0.731,45265400.0,33129016.0
2024-08-08 14:00:00,0.731,0.732,0.729,0.729,22979000.0,16789782.0
2024-08-08 14:30:00,0.729,0.73,0.728,0.729,21566452.0,15726573.0
2024-08-08 15:00:00,0.729,0.73,0.727,0.728,43389556.0,31593764.0
2024-08-09 10:00:00,0.733,0.738,0.73,0.733,117376086.0,86222520.0
2024-08-09 10:30:00,0.734,0.734,0.729,0.731,32953700.0,24081626.0
2024-08-09 11:00:00,0.73,0.733,0.728,0.731,37573716.0,27454684.0
2024-08-09 11:30:00,0.73,0.732,0.727,0.728,25327296.0,18472866.0
2024-08-09 13:30:00,0.728,0.728,0.726,0.726,27158600.0,19743266.0
2024-08-09 14:00:00,0.727,0.729,0.726,0.727,20481100.0,14898419.0
2024-08-09 14:30:00,0.727,0.728,0.725,0.726,29325600.0,21295500.0
2024-08-09 15:00:00,0.726,0.728,0.724,0.725,71763360.0,52081190.0
2024-08-12 10:00:00,0.722,0.727,0.721,0.727,65490250.0,47405108.0
2024-08-12 10:30:00,0.728,0.728,0.723,0.726,31348716.0,22716236.0
2024-08-12 11:00:00,0.726,0.728,0.724,0.725,36187684.0,26259176.0
2024-08-12 11:30:00,0.726,0.726,0.724,0.724,14362019.0,10408458.0
2024-08-12 13:30:00,0.725,0.728,0.724,0.726,27731780.0,20141376.0
2024-08-12 14:00:00,0.726,0.726,0.724,0.724,18384566.0,13326816.0
2024-08-12 14:30:00,0.725,0.726,0.723,0.725,24566634.0,17797404.0
2024-08-12 15:00:00,0.725,0.727,0.723,0.727,36728300.0,26629610.0
2024-08-13 10:00:00,0.727,0.729,0.724,0.725,89504264.0,65021955.0
2024-08-13 10:30:00,0.725,0.727,0.723,0.724,64349000.0,46603550.0
2024-08-13 11:00:00,0.724,0.727,0.723,0.725,21584400.0,15642314.0
2024-08-13 11:30:00,0.725,0.726,0.723,0.724,10026996.0,7264777.0
2024-08-13 13:30:00,0.724,0.727,0.723,0.724,27708728.0,20100044.0
2024-08-13 14:00:00,0.724,0.725,0.723,0.725,19112232.0,13840251.0
2024-08-13 14:30:00,0.724,0.725,0.721,0.723,50035480.0,36155430.0
2024-08-13 15:00:00,0.722,0.73,0.722,0.73,65544876.0,47686164.0
2024-08-14 10:00:00,0.731,0.731,0.724,0.725,77390940.0,56261296.0
2024-08-14 10:30:00,0.726,0.726,0.721,0.722,60244700.0,43565390.0
2024-08-14 11:00:00,0.722,0.725,0.721,0.725,35141308.0,25411440.0
2024-08-14 11:30:00,0.724,0.726,0.722,0.723,16000996.0,11580696.0
2024-08-14 13:30:00,0.722,0.723,0.722,0.723,18669876.0,13485058.0
2024-08-14 14:00:00,0.722,0.723,0.721,0.723,14268700.0,10306762.0
2024-08-14 14:30:00,0.722,0.724,0.721,0.722,18779664.0,13565794.0
2024-08-14 15:00:00,0.723,0.724,0.719,0.72,66991372.0,48305844.0
2024-08-15 10:00:00,0.719,0.725,0.717,0.724,220033311.0,158739689.0
2024-08-15 10:30:00,0.724,0.731,0.721,0.729,129216504.0,94044370.0
2024-08-15 11:00:00,0.73,0.733,0.728,0.73,68496360.0,50056760.0
2024-08-15 11:30:00,0.729,0.731,0.728,0.73,27022854.0,19704672.0
2024-08-15 13:30:00,0.729,0.73,0.725,0.725,23946516.0,17396512.0
2024-08-15 14:00:00,0.725,0.725,0.723,0.723,37597148.0,27208936.0
2024-08-15 14:30:00,0.723,0.724,0.721,0.723,24489862.0,17691008.0
2024-08-15 15:00:00,0.723,0.729,0.723,0.726,574185800.0,417790050.0
2024-08-16 10:00:00,0.726,0.729,0.723,0.728,87080341.0,63171449.0
2024-08-16 10:30:00,0.729,0.729,0.725,0.728,50955404.0,37048920.0
2024-08-16 11:00:00,0.728,0.728,0.723,0.724,22007100.0,15968246.0
2024-08-16 11:30:00,0.723,0.725,0.723,0.724,11980900.0,8674158.0
2024-08-16 13:30:00,0.724,0.726,0.722,0.724,115168850.0,83502900.0
2024-08-16 14:00:00,0.724,0.725,0.723,0.724,14065571.0,10181088.0
2024-08-16 14:30:00,0.724,0.726,0.722,0.722,39535004.0,28609738.0
2024-08-16 15:00:00,0.723,0.726,0.722,0.724,483411170.0,350469200.0
2024-08-19 10:00:00,0.724,0.731,0.722,0.729,141820970.0,103150806.0
2024-08-19 10:30:00,0.73,0.73,0.725,0.725,35930624.0,26150392.0
2024-08-19 11:00:00,0.726,0.727,0.724,0.725,23615162.0,17131022.0
2024-08-19 11:30:00,0.725,0.727,0.725,0.725,5322806.0,3864000.0
2024-08-19 13:30:00,0.725,0.726,0.723,0.724,23792186.0,17233630.0
2024-08-19 14:00:00,0.723,0.725,0.722,0.724,33376592.0,24144992.0
2024-08-19 14:30:00,0.724,0.725,0.722,0.722,28075432.0,20303500.0
2024-08-19 15:00:00,0.723,0.724,0.721,0.722,43953816.0,31742674.0
2024-08-20 10:00:00,0.723,0.724,0.716,0.717,96603198.0,69507892.0
2024-08-20 10:30:00,0.717,0.719,0.715,0.717,59015570.0,42280600.0
2024-08-20 11:00:00,0.717,0.719,0.716,0.717,38599970.0,27688244.0
2024-08-20 11:30:00,0.718,0.718,0.715,0.716,38198530.0,27351184.0
2024-08-20 13:30:00,0.716,0.716,0.713,0.713,61370656.0,43837430.0
2024-08-20 14:00:00,0.714,0.714,0.711,0.712,52689200.0,37527720.0
2024-08-20 14:30:00,0.712,0.712,0.71,0.712,32907500.0,23393044.0
2024-08-20 15:00:00,0.712,0.713,0.71,0.712,88579016.0,62999564.0
2024-08-21 10:00:00,0.71,0.715,0.707,0.711,80831800.0,57502581.0
2024-08-21 10:30:00,0.711,0.714,0.71,0.713,29063054.0,20697416.0
2024-08-21 11:00:00,0.712,0.717,0.712,0.716,52941000.0,37855492.0
2024-08-21 11:30:00,0.716,0.716,0.712,0.712,17591200.0,12552982.0
2024-08-21 13:30:00,0.713,0.714,0.711,0.712,13941793.0,9927354.0
2024-08-21 14:00:00,0.712,0.713,0.71,0.711,17629404.0,12536556.0
2024-08-21 14:30:00,0.71,0.711,0.709,0.71,47988896.0,34071150.0
2024-08-21 15:00:00,0.709,0.711,0.709,0.71,49357868.0,35034290.0
2024-08-22 10:00:00,0.71,0.713,0.707,0.709,65725738.0,46675592.0
2024-08-22 10:30:00,0.709,0.709,0.705,0.707,60492230.0,42732400.0
2024-08-22 11:00:00,0.707,0.709,0.705,0.708,37348080.0,26392130.0
2024-08-22 11:30:00,0.707,0.708,0.704,0.705,31595072.0,22278996.0
2024-08-22 13:30:00,0.705,0.706,0.703,0.705,38311908.0,26997976.0
2024-08-22 14:00:00,0.705,0.707,0.703,0.704,23903836.0,16854984.0
2024-08-22 14:30:00,0.704,0.705,0.702,0.703,46975570.0,33022540.0
2024-08-22 15:00:00,0.703,0.704,0.702,0.704,44724924.0,31445812.0
2024-08-23 10:00:00,0.702,0.703,0.697,0.697,128363951.0,89757537.0
2024-08-23 10:30:00,0.697,0.699,0.695,0.697,55426410.0,38604816.0
2024-08-23 11:00:00,0.697,0.7,0.694,0.695,48139290.0,33509196.0
2024-08-23 11:30:00,0.695,0.7,0.694,0.698,62258204.0,43390250.0
2024-08-23 13:30:00,0.699,0.7,0.696,0.697,21152336.0,14763876.0
2024-08-23 14:00:00,0.696,0.706,0.696,0.702,509410180.0,357762600.0
2024-08-23 14:30:00,0.703,0.703,0.701,0.703,23452024.0,16447474.0
2024-08-23 15:00:00,0.702,0.706,0.702,0.704,610824300.0,430484960.0
2024-08-26 10:00:00,0.704,0.707,0.701,0.703,157925700.0,111283372.0
2024-08-26 10:30:00,0.704,0.705,0.7,0.7,47178900.0,33128248.0
2024-08-26 11:00:00,0.7,0.703,0.7,0.701,17083172.0,11982503.0
2024-08-26 11:30:00,0.701,0.704,0.7,0.702,72717740.0,51076260.0
2024-08-26 13:30:00,0.703,0.703,0.699,0.7,57454500.0,40220090.0
2024-08-26 14:00:00,0.7,0.7,0.697,0.697,68921100.0,48092200.0
2024-08-26 14:30:00,0.698,0.702,0.697,0.7,186086910.0,130317650.0
2024-08-26 15:00:00,0.7,0.701,0.699,0.7,84934776.0,59440436.0
2024-08-27 10:00:00,0.699,0.699,0.693,0.694,90900530.0,63163293.0
2024-08-27 10:30:00,0.694,0.694,0.691,0.691,51950370.0,35960304.0
2024-08-27 11:00:00,0.692,0.692,0.69,0.692,47443324.0,32789318.0
2024-08-27 11:30:00,0.692,0.697,0.69,0.694,351521100.0,244186480.0
2024-08-27 13:30:00,0.694,0.694,0.692,0.693,17714316.0,12273839.0
2024-08-27 14:00:00,0.692,0.693,0.691,0.691,17703328.0,12247768.0
2024-08-27 14:30:00,0.692,0.695,0.69,0.692,390720060.0,270952930.0
2024-08-27 15:00:00,0.692,0.694,0.69,0.692,322348540.0,223322340.0
2024-08-28 10:00:00,0.691,0.693,0.688,0.688,71730560.0,49466369.0
2024-08-28 10:30:00,0.688,0.691,0.686,0.689,150745970.0,103986420.0
2024-08-28 11:00:00,0.688,0.692,0.688,0.69,55451390.0,38283316.0
2024-08-28 11:30:00,0.69,0.691,0.688,0.688,17175378.0,11834837.0
2024-08-28 13:30:00,0.689,0.69,0.687,0.688,26886080.0,18503832.0
2024-08-28 14:00:00,0.688,0.691,0.688,0.689,23831264.0,16435673.0
2024-08-28 14:30:00,0.69,0.69,0.688,0.689,17032728.0,11735310.0
2024-08-28 15:00:00,0.689,0.69,0.688,0.688,50491616.0,34777324.0
2024-08-29 10:00:00,0.686,0.69,0.683,0.688,208223333.0,143058777.0
2024-08-29 10:30:00,0.687,0.691,0.687,0.69,39608350.0,27308984.0
2024-08-29 11:00:00,0.69,0.7,0.689,0.697,111787220.0,77672300.0
2024-08-29 11:30:00,0.697,0.698,0.695,0.697,33029694.0,23009356.0
2024-08-29 13:30:00,0.698,0.701,0.696,0.699,45216904.0,31589224.0
2024-08-29 14:00:00,0.7,0.701,0.698,0.698,27792828.0,19441800.0
2024-08-29 14:30:00,0.699,0.7,0.697,0.698,23820600.0,16636767.0
2024-08-29 15:00:00,0.699,0.699,0.696,0.697,40220820.0,28050430.0
2024-08-30 10:00:00,0.695,0.71,0.695,0.708,169440281.0,119235972.0
2024-08-30 10:30:00,0.709,0.71,0.706,0.709,154559000.0,109486310.0
2024-08-30 11:00:00,0.709,0.716,0.709,0.715,118081850.0,84127330.0
2024-08-30 11:30:00,0.715,0.717,0.714,0.715,82172970.0,58783740.0
2024-08-30 13:30:00,0.715,0.716,0.713,0.715,52746704.0,37707704.0
2024-08-30 14:00:00,0.716,0.718,0.715,0.716,47798796.0,34266856.0
2024-08-30 14:30:00,0.716,0.717,0.713,0.713,89462260.0,64031670.0
2024-08-30 15:00:00,0.713,0.715,0.711,0.711,103277870.0,73654570.0
2024-09-02 10:00:00,0.709,0.712,0.702,0.703,153255040.0,108191604.0
2024-09-02 10:30:00,0.703,0.703,0.697,0.698,97551790.0,68272264.0
2024-09-02 11:00:00,0.698,0.7,0.697,0.698,38532852.0,26908504.0
2024-09-02 11:30:00,0.698,0.699,0.696,0.696,28638600.0,19969096.0
2024-09-02 13:30:00,0.697,0.697,0.694,0.695,46657900.0,32454384.0
2024-09-02 14:00:00,0.695,0.696,0.693,0.693,37970500.0,26355264.0
2024-09-02 14:30:00,0.694,0.694,0.69,0.692,44797300.0,30989974.0
2024-09-02 15:00:00,0.692,0.692,0.688,0.688,91411410.0,63013940.0
2024-09-03 10:00:00,0.686,0.695,0.686,0.692,102572658.0,70912826.0
2024-09-03 10:30:00,0.693,0.699,0.691,0.695,79616200.0,55390870.0
2024-09-03 11:00:00,0.695,0.698,0.694,0.694,33117728.0,23048448.0
2024-09-03 11:30:00,0.694,0.694,0.691,0.692,24986304.0,17299904.0
2024-09-03 13:30:00,0.692,0.695,0.691,0.693,24733548.0,17153598.0
2024-09-03 14:00:00,0.694,0.694,0.692,0.693,20061018.0,13899544.0
2024-09-03 14:30:00,0.693,0.693,0.691,0.693,19882682.0,13757261.0
2024-09-03 15:00:00,0.693,0.693,0.691,0.693,34865650.0,24128800.0
2024-09-04 10:00:00,0.688,0.693,0.684,0.691,127113020.0,87477176.0
2024-09-04 10:30:00,0.69,0.692,0.688,0.691,28530578.0,19673852.0
2024-09-04 11:00:00,0.691,0.695,0.69,0.695,67807130.0,47025336.0
2024-09-04 11:30:00,0.696,0.697,0.691,0.691,38236148.0,26554734.0
2024-09-04 13:30:00,0.691,0.694,0.691,0.692,49978412.0,34608984.0
2024-09-04 14:00:00,0.692,0.694,0.691,0.692,22896282.0,15852183.0
2024-09-04 14:30:00,0.692,0.693,0.69,0.691,17616104.0,12165888.0
2024-09-04 15:00:00,0.691,0.692,0.689,0.69,40895056.0,28222346.0
2024-09-05 10:00:00,0.691,0.695,0.69,0.692,75228570.0,52084390.0
2024-09-05 10:30:00,0.692,0.695,0.692,0.694,34209756.0,23719584.0
2024-09-05 11:00:00,0.694,0.698,0.693,0.694,73206260.0,50929228.0
2024-09-05 11:30:00,0.694,0.695,0.692,0.694,24941672.0,17299928.0
2024-09-05 13:30:00,0.694,0.694,0.692,0.692,14441150.0,10000380.0
2024-09-05 14:00:00,0.692,0.693,0.688,0.689,54671900.0,37736276.0
2024-09-05 14:30:00,0.689,0.691,0.686,0.688,225971970.0,155685950.0
2024-09-05 15:00:00,0.688,0.69,0.687,0.689,56361964.0,38811264.0
2024-09-06 10:00:00,0.689,0.691,0.686,0.691,78474539.0,53996937.0
2024-09-06 10:30:00,0.691,0.691,0.688,0.689,27744068.0,19132708.0
2024-09-06 11:00:00,0.69,0.69,0.686,0.686,27278184.0,18758056.0
2024-09-06 11:30:00,0.687,0.687,0.684,0.684,43183900.0,29589092.0
2024-09-06 13:30:00,0.685,0.685,0.682,0.684,43727732.0,29880664.0
2024-09-06 14:00:00,0.684,0.684,0.681,0.681,72092420.0,49172372.0
2024-09-06 14:30:00,0.682,0.683,0.681,0.681,39884300.0,27181970.0
2024-09-06 15:00:00,0.682,0.683,0.68,0.68,146544210.0,99795270.0
2024-09-09 10:00:00,0.677,0.683,0.676,0.677,155519800.0,105550969.0
2024-09-09 10:30:00,0.676,0.679,0.674,0.675,84608320.0,57210064.0
2024-09-09 11:00:00,0.675,0.675,0.672,0.673,44406456.0,29900132.0
2024-09-09 11:30:00,0.673,0.677,0.672,0.674,40229704.0,27126712.0
2024-09-09 13:30:00,0.673,0.674,0.672,0.673,16032329.0,10788883.0
2024-09-09 14:00:00,0.673,0.673,0.671,0.672,23493284.0,15785760.0
2024-09-09 14:30:00,0.672,0.673,0.67,0.671,37167520.0,24937804.0
2024-09-09 15:00:00,0.671,0.673,0.67,0.673,50895584.0,34207624.0
2024-09-10 10:00:00,0.673,0.675,0.67,0.672,92007570.0,61866392.0
2024-09-10 10:30:00,0.672,0.673,0.668,0.668,43952584.0,29415828.0
2024-09-10 11:00:00,0.669,0.67,0.667,0.668,36573396.0,24436012.0
2024-09-10 11:30:00,0.668,0.669,0.665,0.667,32047300.0,21362184.0
2024-09-10 13:30:00,0.667,0.676,0.667,0.671,86601390.0,58179596.0
2024-09-10 14:00:00,0.671,0.674,0.669,0.674,31471946.0,21112314.0
2024-09-10 14:30:00,0.674,0.682,0.672,0.675,101331310.0,68672760.0
2024-09-10 15:00:00,0.676,0.679,0.676,0.677,40274892.0,27271916.0
2024-09-11 10:00:00,0.675,0.68,0.673,0.679,114166996.0,77347539.0
2024-09-11 10:30:00,0.679,0.682,0.678,0.68,62494656.0,42504828.0
2024-09-11 11:00:00,0.68,0.683,0.68,0.68,40688416.0,27725774.0
2024-09-11 11:30:00,0.68,0.682,0.679,0.68,22436400.0,15270417.0
2024-09-11 13:30:00,0.68,0.682,0.679,0.681,32013876.0,21775092.0
2024-09-11 14:00:00,0.68,0.681,0.679,0.68,15957810.0,10849400.0
2024-09-11 14:30:00,0.68,0.681,0.678,0.68,53183860.0,36146100.0
2024-09-11 15:00:00,0.68,0.682,0.679,0.681,57290000.0,39021310.0
2024-09-12 10:00:00,0.683,0.689,0.683,0.686,142240540.0,97610904.0
2024-09-12 10:30:00,0.686,0.686,0.68,0.682,87339224.0,59540050.0
2024-09-12 11:00:00,0.682,0.682,0.678,0.679,28210900.0,19173888.0
2024-09-12 11:30:00,0.679,0.681,0.678,0.68,12547627.0,8529498.0
2024-09-12 13:30:00,0.68,0.682,0.678,0.681,22867000.0,15551237.0
2024-09-12 14:00:00,0.681,0.681,0.678,0.68,15750000.0,10700386.0
2024-09-12 14:30:00,0.68,0.68,0.677,0.678,25405568.0,17225096.0
2024-09-12 15:00:00,0.678,0.679,0.675,0.676,47365580.0,32034024.0
2024-09-13 10:00:00,0.675,0.68,0.674,0.679,85630340.0,58008468.0
2024-09-13 10:30:00,0.679,0.679,0.674,0.676,45806640.0,30956000.0
2024-09-13 11:00:00,0.676,0.676,0.673,0.674,31881054.0,21504358.0
2024-09-13 11:30:00,0.674,0.675,0.672,0.674,29129948.0,19620516.0
2024-09-13 13:30:00,0.674,0.674,0.671,0.671,33108000.0,22250116.0
2024-09-13 14:00:00,0.672,0.672,0.67,0.671,39815500.0,26715588.0
2024-09-13 14:30:00,0.671,0.671,0.668,0.668,64546400.0,43198600.0
2024-09-13 15:00:00,0.669,0.67,0.667,0.67,118908250.0,79471570.0
2024-09-18 10:00:00,0.672,0.673,0.665,0.666,91492486.0,61076129.0
2024-09-18 10:30:00,0.666,0.666,0.661,0.663,87259470.0,57877804.0
2024-09-18 11:00:00,0.663,0.663,0.66,0.661,51059600.0,33765570.0
2024-09-18 11:30:00,0.66,0.661,0.659,0.661,23325858.0,15397154.0
2024-09-18 13:30:00,0.661,0.663,0.657,0.662,142121660.0,93895704.0
2024-09-18 14:00:00,0.662,0.667,0.66,0.667,115365960.0,76508600.0
2024-09-18 14:30:00,0.666,0.667,0.661,0.663,53872190.0,35757416.0
2024-09-18 15:00:00,0.663,0.664,0.661,0.663,43911240.0,29088572.0
2024-09-19 10:00:00,0.666,0.667,0.658,0.663,101299520.0,67127975.0
2024-09-19 10:30:00,0.664,0.673,0.658,0.672,160042510.0,106503700.0
2024-09-19 11:00:00,0.672,0.675,0.669,0.67,86299200.0,57940604.0
2024-09-19 11:30:00,0.669,0.67,0.667,0.669,23574720.0,15750008.0
2024-09-19 13:30:00,0.669,0.672,0.667,0.668,43978330.0,29420782.0
2024-09-19 14:00:00,0.668,0.669,0.666,0.666,20524100.0,13693679.0
2024-09-19 14:30:00,0.667,0.668,0.666,0.668,20665500.0,13778965.0
2024-09-19 15:00:00,0.668,0.668,0.666,0.668,35693504.0,23813328.0
2024-09-20 10:00:00,0.667,0.67,0.661,0.662,122540620.0,81525205.0
2024-09-20 10:30:00,0.662,0.663,0.66,0.662,67968000.0,44939360.0
2024-09-20 11:00:00,0.661,0.663,0.66,0.661,42081556.0,27806958.0
2024-09-20 11:30:00,0.66,0.662,0.66,0.662,20927500.0,13830840.0
2024-09-20 13:30:00,0.661,0.662,0.659,0.66,39416530.0,26005252.0
2024-09-20 14:00:00,0.66,0.66,0.658,0.659,30262950.0,19939800.0
2024-09-20 14:30:00,0.66,0.663,0.658,0.663,46729090.0,30873364.0
2024-09-20 15:00:00,0.663,0.665,0.661,0.664,139178750.0,92341720.0
2024-09-23 10:00:00,0.662,0.67,0.66,0.666,163112686.0,108564644.0
2024-09-23 10:30:00,0.667,0.667,0.661,0.662,44161736.0,29266406.0
2024-09-23 11:00:00,0.662,0.663,0.66,0.661,36762990.0,24307164.0
2024-09-23 11:30:00,0.662,0.663,0.66,0.661,31610148.0,20913712.0
2024-09-23 13:30:00,0.661,0.662,0.659,0.661,51635930.0,34090348.0
2024-09-23 14:00:00,0.66,0.663,0.66,0.66,24300872.0,16055950.0
2024-09-23 14:30:00,0.66,0.661,0.659,0.66,43062810.0,28421316.0
2024-09-23 15:00:00,0.66,0.66,0.659,0.66,44627428.0,29420648.0
2024-09-24 10:00:00,0.663,0.668,0.659,0.66,182730340.0,121131727.0
2024-09-24 10:30:00,0.66,0.66,0.656,0.657,89747400.0,59000656.0
2024-09-24 11:00:00,0.657,0.666,0.656,0.666,139011020.0,91972536.0
2024-09-24 11:30:00,0.666,0.676,0.664,0.676,198261360.0,132755030.0
2024-09-24 13:30:00,0.676,0.683,0.676,0.679,249236060.0,169447970.0
2024-09-24 14:00:00,0.679,0.682,0.678,0.68,85827656.0,58393350.0
2024-09-24 14:30:00,0.68,0.68,0.677,0.678,66165450.0,44880016.0
2024-09-24 15:00:00,0.679,0.684,0.678,0.684,145059330.0,98882670.0
2024-09-25 10:00:00,0.689,0.699,0.689,0.698,495897172.0,344285284.0
2024-09-25 10:30:00,0.697,0.701,0.696,0.698,178239800.0,124498220.0
2024-09-25 11:00:00,0.698,0.699,0.694,0.696,99297090.0,69136970.0
2024-09-25 11:30:00,0.696,0.697,0.691,0.691,104530700.0,72448210.0
2024-09-25 13:30:00,0.691,0.693,0.687,0.688,116296140.0,80254000.0
2024-09-25 14:00:00,0.688,0.689,0.683,0.685,120938150.0,82899530.0
2024-09-25 14:30:00,0.686,0.689,0.685,0.685,70212540.0,48229990.0
2024-09-25 15:00:00,0.686,0.687,0.683,0.683,124010970.0,84952910.0
2024-09-26 10:00:00,0.682,0.686,0.678,0.686,219775950.0,149892262.0
2024-09-26 10:30:00,0.686,0.687,0.683,0.687,88291790.0,60489900.0
2024-09-26 11:00:00,0.686,0.687,0.681,0.681,105513704.0,72169540.0
2024-09-26 11:30:00,0.681,0.688,0.681,0.684,59529908.0,40755930.0
2024-09-26 13:30:00,0.684,0.696,0.684,0.695,173309340.0,119655630.0
2024-09-26 14:00:00,0.695,0.699,0.692,0.699,211978300.0,147496660.0
2024-09-26 14:30:00,0.699,0.705,0.697,0.704,212347490.0,148686750.0
2024-09-26 15:00:00,0.704,0.711,0.7,0.711,215657310.0,152441180.0
2024-09-27 10:00:00,0.722,0.734,0.72,0.734,446530715.0,323726978.0
2024-09-27 10:30:00,0.733,0.734,0.728,0.73,56302200.0,41153100.0
2024-09-27 11:00:00,0.73,0.73,0.73,0.73,0.0,0.0
2024-09-27 11:30:00,0.73,0.75,0.73,0.75,106263070.0,78116460.0
2024-09-27 13:30:00,0.75,0.763,0.75,0.758,42542170.0,32228396.0
2024-09-27 14:00:00,0.759,0.761,0.755,0.757,35286010.0,26748372.0
2024-09-27 14:30:00,0.757,0.76,0.755,0.759,117528100.0,89080510.0
2024-09-27 15:00:00,0.758,0.763,0.755,0.762,104070960.0,79047040.0
2024-09-30 10:00:00,0.813,0.835,0.793,0.811,1190972800.0,970406010.0
2024-09-30 10:30:00,0.811,0.833,0.811,0.832,476544700.0,391770020.0
2024-09-30 11:00:00,0.831,0.856,0.823,0.856,622410700.0,523514800.0
2024-09-30 11:30:00,0.856,0.862,0.84,0.862,656764400.0,560507300.0
2024-09-30 13:30:00,0.862,0.877,0.862,0.877,1091349200.0,950988800.0
2024-09-30 14:00:00,0.877,0.9,0.877,0.894,982604350.0,872351170.0
2024-09-30 14:30:00,0.894,0.909,0.863,0.877,990211800.0,883246500.0
2024-09-30 15:00:00,0.876,0.914,0.876,0.914,1357263000.0,1216030500.0
2024-10-08 10:00:00,1.097,1.097,1.096,1.097,2824191060.0,3098086660.0
2024-10-08 10:30:00,1.097,1.097,1.061,1.081,2791746300.0,3053909200.0
2024-10-08 11:00:00,1.081,1.092,1.005,1.048,2408175400.0,2543623000.0
2024-10-08 11:30:00,1.05,1.097,1.05,1.081,1747450400.0,1894697200.0
2024-10-08 13:30:00,1.081,1.097,1.06,1.07,2017895600.0,2181307000.0
2024-10-08 14:00:00,1.07,1.081,1.051,1.081,1567019900.0,1670114300.0
2024-10-08 14:30:00,1.081,1.097,1.081,1.097,1079209700.0,1182274700.0
2024-10-08 15:00:00,1.097,1.097,1.092,1.097,1618603500.0,1775367200.0
2024-10-09 10:00:00,1.078,1.095,0.928,1.057,3184323600.0,3339282220.0
2024-10-09 10:30:00,1.057,1.06,1.037,1.04,1080157700.0,1133527700.0
2024-10-09 11:00:00,1.039,1.043,1.009,1.019,963687940.0,990291700.0
2024-10-09 11:30:00,1.019,1.029,0.989,1.027,936958200.0,944637950.0
2024-10-09 13:30:00,1.028,1.078,1.028,1.078,1394238800.0,1470871000.0
2024-10-09 14:00:00,1.079,1.114,1.071,1.072,1817251700.0,1987099400.0
2024-10-09 14:30:00,1.073,1.083,1.051,1.065,509430850.0,544432640.0
2024-10-09 15:00:00,1.065,1.069,1.021,1.023,946465200.0,979607100.0
2024-10-10 10:00:00,1.028,1.05,0.96,0.994,2018729120.0,2030533840.0
2024-10-10 10:30:00,0.993,0.999,0.961,0.984,1050281300.0,1027063200.0
2024-10-10 11:00:00,0.983,1.001,0.983,1.0,519183970.0,514737300.0
2024-10-10 11:30:00,0.999,1.033,0.992,1.013,844105340.0,858777200.0
2024-10-10 13:30:00,1.013,1.024,0.996,1.005,552172900.0,555352400.0
2024-10-10 14:00:00,1.005,1.005,0.987,0.99,393278750.0,391897760.0
2024-10-10 14:30:00,0.99,0.996,0.98,0.982,457553250.0,452037120.0
2024-10-10 15:00:00,0.982,0.998,0.976,0.976,644807230.0,634367000.0
2024-10-11 10:00:00,0.952,0.969,0.934,0.941,1326247310.0,1261960730.0
2024-10-11 10:30:00,0.941,0.941,0.92,0.936,762852700.0,709087400.0
2024-10-11 11:00:00,0.936,0.953,0.93,0.952,370836450.0,348558720.0
2024-10-11 11:30:00,0.951,0.952,0.936,0.94,226979870.0,214043900.0
2024-10-11 13:30:00,0.939,0.946,0.933,0.938,223391520.0,209443060.0
2024-10-11 14:00:00,0.938,0.939,0.924,0.924,318540000.0,296431740.0
2024-10-11 14:30:00,0.925,0.929,0.92,0.922,522383200.0,482432260.0
2024-10-11 15:00:00,0.923,0.925,0.91,0.922,857877250.0,787794560.0
2024-10-14 10:00:00,0.921,0.931,0.905,0.906,974667030.0,896510832.0
2024-10-14 10:30:00,0.906,0.91,0.894,0.9,776943040.0,699479300.0
2024-10-14 11:00:00,0.9,0.913,0.897,0.907,261695310.0,236708020.0
2024-10-14 11:30:00,0.908,0.925,0.906,0.925,383052030.0,350897730.0
2024-10-14 13:30:00,0.925,0.955,0.925,0.95,792465340.0,743683400.0
2024-10-14 14:00:00,0.95,0.951,0.936,0.945,408196930.0,384786140.0
2024-10-14 14:30:00,0.945,0.947,0.935,0.942,282912740.0,265814000.0
2024-10-14 15:00:00,0.942,0.95,0.939,0.949,401008500.0,379074270.0
2024-10-15 10:00:00,0.94,0.945,0.925,0.945,598968600.0,561659594.0
2024-10-15 10:30:00,0.945,0.964,0.944,0.954,626363100.0,598910400.0
2024-10-15 11:00:00,0.954,0.957,0.943,0.948,325839260.0,309302080.0
2024-10-15 11:30:00,0.948,0.952,0.943,0.952,126987800.0,120381880.0
2024-10-15 13:30:00,0.951,0.952,0.937,0.938,232282370.0,218751500.0
2024-10-15 14:00:00,0.938,0.944,0.936,0.939,182451090.0,171207250.0
2024-10-15 14:30:00,0.938,0.939,0.928,0.93,295493250.0,275473340.0
2024-10-15 15:00:00,0.93,0.936,0.921,0.922,432048160.0,400126700.0
2024-10-16 10:00:00,0.898,0.914,0.894,0.908,754115000.0,681419998.0
2024-10-16 10:30:00,0.909,0.91,0.894,0.896,370094560.0,332664640.0
2024-10-16 11:00:00,0.896,0.909,0.895,0.908,242157630.0,218475840.0
2024-10-16 11:30:00,0.907,0.918,0.905,0.905,246820300.0,224792290.0
2024-10-16 13:30:00,0.906,0.91,0.9,0.902,162795310.0,147246820.0
2024-10-16 14:00:00,0.901,0.903,0.896,0.899,301724930.0,271202750.0
2024-10-16 14:30:00,0.899,0.899,0.892,0.899,355638050.0,318282800.0
2024-10-16 15:00:00,0.9,0.902,0.895,0.897,323212900.0,290289800.0
2024-10-17 10:00:00,0.916,0.92,0.908,0.916,653146276.0,597017340.0
2024-10-17 10:30:00,0.916,0.923,0.908,0.911,463586560.0,424783070.0
2024-10-17 11:00:00,0.911,0.916,0.905,0.914,213238910.0,194403860.0
2024-10-17 11:30:00,0.914,0.916,0.909,0.913,121251700.0,110543400.0
2024-10-17 13:30:00,0.912,0.918,0.91,0.914,232348900.0,212578200.0
2024-10-17 14:00:00,0.913,0.914,0.908,0.911,140781390.0,128234960.0
2024-10-17 14:30:00,0.911,0.912,0.901,0.904,425260960.0,385096420.0
2024-10-17 15:00:00,0.904,0.907,0.899,0.901,299047000.0,269704640.0
2024-10-18 10:00:00,0.9,0.905,0.897,0.901,360966440.0,325378660.0
2024-10-18 10:30:00,0.901,0.91,0.9,0.91,359369730.0,325436450.0
2024-10-18 11:00:00,0.909,0.93,0.909,0.921,1161091000.0,1068623200.0
2024-10-18 11:30:00,0.921,0.924,0.917,0.92,296670620.0,272861900.0
2024-10-18 13:30:00,0.921,1.01,0.921,0.982,2001330800.0,1938098400.0
2024-10-18 14:00:00,0.982,1.01,0.973,1.007,1063253800.0,1051880770.0
2024-10-18 14:30:00,1.007,1.024,0.995,1.023,1138376000.0,1151473300.0
2024-10-18 15:00:00,1.023,1.058,1.003,1.013,1441705300.0,1484277600.0
2024-10-21 10:00:00,1.02,1.045,1.001,1.007,1945611280.0,1988966820.0
2024-10-21 10:30:00,1.006,1.033,1.006,1.033,722340600.0,739914430.0
2024-10-21 11:00:00,1.032,1.046,1.029,1.033,581995970.0,603858500.0
2024-10-21 11:30:00,1.034,1.076,1.031,1.069,858558900.0,906779000.0
2024-10-21 13:30:00,1.07,1.09,1.045,1.046,916687500.0,980208060.0
2024-10-21 14:00:00,1.046,1.059,1.03,1.031,568975740.0,596432450.0
2024-10-21 14:30:00,1.03,1.047,1.023,1.031,550868030.0,570517800.0
2024-10-21 15:00:00,1.031,1.042,1.022,1.024,576699500.0,592542900.0
2024-10-22 10:00:00,1.005,1.012,0.998,1.004,1090364236.0,1094787310.0
2024-10-22 10:30:00,1.005,1.027,1.003,1.017,495695300.0,503112000.0
2024-10-22 11:00:00,1.017,1.02,1.005,1.01,273933220.0,276912130.0
2024-10-22 11:30:00,1.009,1.016,1.008,1.014,199532430.0,201868740.0
2024-10-22 13:30:00,1.015,1.019,1.004,1.005,312624540.0,315650720.0
2024-10-22 14:00:00,1.006,1.007,0.992,1.0,515560160.0,514983140.0
2024-10-22 14:30:00,1.0,1.018,0.998,1.018,599883300.0,603153000.0
2024-10-22 15:00:00,1.019,1.019,1.005,1.01,552756600.0,557940350.0
2024-10-23 10:00:00,1.0,1.005,0.995,1.001,576838812.0,576224252.0
2024-10-23 10:30:00,1.001,1.01,0.997,1.006,371287870.0,373020700.0
2024-10-23 11:00:00,1.006,1.011,1.003,1.007,351150880.0,354112860.0
2024-10-23 11:30:00,1.007,1.013,1.006,1.011,200935900.0,202893440.0
2024-10-23 13:30:00,1.011,1.029,1.011,1.015,564623040.0,576036900.0
2024-10-23 14:00:00,1.016,1.02,1.01,1.012,202158640.0,205115630.0
2024-10-23 14:30:00,1.012,1.012,1.001,1.008,241814640.0,243394580.0
2024-10-23 15:00:00,1.009,1.01,1.0,1.004,297795200.0,298668830.0
2024-10-24 10:00:00,0.995,1.003,0.991,0.997,452817500.0,450981660.0
2024-10-24 10:30:00,0.996,1.009,0.994,1.003,328489470.0,329005660.0
2024-10-24 11:00:00,1.004,1.008,1.001,1.004,231659540.0,232769980.0
2024-10-24 11:30:00,1.004,1.012,1.003,1.008,232287260.0,234064460.0
2024-10-24 13:30:00,1.008,1.009,0.997,0.998,176570300.0,176700050.0
2024-10-24 14:00:00,0.998,1.002,0.996,0.998,136695300.0,136506240.0
2024-10-24 14:30:00,0.998,1.002,0.997,1.0,163568620.0,163567440.0
2024-10-24 15:00:00,0.999,1.002,0.998,1.001,185157120.0,185094110.0
2024-10-25 10:00:00,1.002,1.008,0.998,1.002,390343094.0,391445384.0
2024-10-25 10:30:00,1.002,1.011,0.998,1.007,388561920.0,390644800.0
2024-10-25 11:00:00,1.007,1.017,1.005,1.013,314853570.0,318268640.0
2024-10-25 11:30:00,1.013,1.025,1.011,1.024,391338660.0,398320640.0
2024-10-25 13:30:00,1.024,1.04,1.022,1.026,541479500.0,557541760.0
2024-10-25 14:00:00,1.025,1.026,1.017,1.02,191286110.0,195134200.0
2024-10-25 14:30:00,1.019,1.02,1.009,1.012,185099220.0,187526910.0
2024-10-25 15:00:00,1.012,1.018,1.011,1.018,268538660.0,272602000.0
2024-10-28 10:00:00,1.017,1.017,1.0,1.006,562983560.0,565129856.0
2024-10-28 10:30:00,1.006,1.014,1.004,1.009,241315400.0,243517070.0
2024-10-28 11:00:00,1.01,1.012,1.006,1.012,242389520.0,244501220.0
2024-10-28 11:30:00,1.012,1.014,1.005,1.009,174030720.0,175531150.0
2024-10-28 13:30:00,1.009,1.009,1.004,1.006,239556850.0,240894640.0
2024-10-28 14:00:00,1.007,1.011,1.005,1.008,356471840.0,359473470.0
2024-10-28 14:30:00,1.009,1.009,1.005,1.008,342931330.0,345300100.0
2024-10-28 15:00:00,1.008,1.011,1.006,1.009,630393200.0,634928500.0
2024-10-29 10:00:00,1.01,1.018,1.007,1.014,558342392.0,565311670.0
2024-10-29 10:30:00,1.014,1.018,1.009,1.018,286439780.0,290419740.0
2024-10-29 11:00:00,1.018,1.031,1.017,1.019,538668200.0,550952000.0
2024-10-29 11:30:00,1.02,1.021,1.01,1.01,188473700.0,191478670.0
2024-10-29 13:30:00,1.01,1.01,1.005,1.006,223308450.0,225013330.0
2024-10-29 14:00:00,1.007,1.01,1.001,1.004,201385120.0,202469860.0
2024-10-29 14:30:00,1.004,1.007,1.001,1.003,195784980.0,196361390.0
2024-10-29 15:00:00,1.004,1.005,0.998,0.999,316482850.0,316517820.0
2024-10-30 10:00:00,0.992,1.0,0.99,0.996,409690780.0,407446053.0
2024-10-30 10:30:00,0.996,0.998,0.992,0.992,182259780.0,181255660.0
2024-10-30 11:00:00,0.992,0.994,0.991,0.991,124356350.0,123374580.0
2024-10-30 11:30:00,0.992,0.993,0.978,0.979,310179800.0,305940740.0
2024-10-30 13:30:00,0.979,0.98,0.971,0.974,392699330.0,383050880.0
2024-10-30 14:00:00,0.974,0.98,0.973,0.976,217491440.0,212480260.0
2024-10-30 14:30:00,0.976,0.979,0.972,0.979,133682936.0,130339224.0
2024-10-30 15:00:00,0.98,0.989,0.979,0.981,234295180.0,230326190.0
2024-10-31 10:00:00,0.981,0.986,0.97,0.982,451075900.0,440573063.0
2024-10-31 10:30:00,0.982,0.991,0.982,0.987,306336200.0,302356030.0
2024-10-31 11:00:00,0.987,1.001,0.987,0.991,406020500.0,403859840.0
2024-10-31 11:30:00,0.991,0.998,0.987,0.989,190427860.0,189147310.0
2024-10-31 13:30:00,0.99,0.991,0.981,0.984,181186750.0,178378160.0
2024-10-31 14:00:00,0.984,0.991,0.98,0.991,223737570.0,220527710.0
2024-10-31 14:30:00,0.99,1.001,0.99,0.999,746661900.0,744728260.0
2024-10-31 15:00:00,0.999,1.0,0.988,0.993,291158460.0,289375200.0
2024-11-01 10:00:00,0.983,0.991,0.98,0.983,512641506.0,504887434.0
2024-11-01 10:30:00,0.983,0.984,0.971,0.976,407283620.0,397845150.0
2024-11-01 11:00:00,0.976,0.983,0.975,0.979,148640130.0,145673150.0
2024-11-01 11:30:00,0.979,0.985,0.975,0.982,153610860.0,150449600.0
2024-11-01 13:30:00,0.983,0.984,0.973,0.974,135873310.0,132679800.0
2024-11-01 14:00:00,0.973,0.975,0.97,0.975,156962780.0,152599460.0
2024-11-01 14:30:00,0.974,0.974,0.968,0.971,196921970.0,191117650.0
2024-11-01 15:00:00,0.971,0.972,0.962,0.964,276281060.0,266738800.0
2024-11-04 10:00:00,0.961,0.973,0.959,0.971,324726300.0,314169147.0
2024-11-04 10:30:00,0.972,0.978,0.971,0.974,183026660.0,178364110.0
2024-11-04 11:00:00,0.973,0.977,0.97,0.977,113935260.0,110999290.0
2024-11-04 11:30:00,0.977,0.978,0.972,0.976,74504300.0,72653800.0
2024-11-04 13:30:00,0.976,0.977,0.966,0.968,97213970.0,94335070.0
2024-11-04 14:00:00,0.968,0.97,0.965,0.968,86023780.0,83185464.0
2024-11-04 14:30:00,0.969,0.972,0.967,0.971,79152410.0,76775410.0
2024-11-04 15:00:00,0.971,0.978,0.97,0.977,192646200.0,187768500.0
2024-11-05 10:00:00,0.977,0.998,0.972,0.995,537495200.0,531557470.0
2024-11-05 10:30:00,0.995,1.02,0.994,1.009,752544450.0,757757100.0
2024-11-05 11:00:00,1.009,1.013,1.004,1.008,287701950.0,290296640.0
2024-11-05 11:30:00,1.009,1.016,1.007,1.016,194521500.0,196784660.0
2024-11-05 13:30:00,1.016,1.022,1.015,1.015,447705180.0,456009540.0
2024-11-05 14:00:00,1.015,1.019,1.013,1.016,240367180.0,244462980.0
2024-11-05 14:30:00,1.016,1.017,1.008,1.017,265575680.0,268999500.0
2024-11-05 15:00:00,1.016,1.02,1.015,1.019,327467420.0,333352580.0
2024-11-06 10:00:00,1.024,1.028,1.009,1.028,710378470.0,725521724.0
2024-11-06 10:30:00,1.028,1.041,1.027,1.034,484077300.0,500493380.0
2024-11-06 11:00:00,1.034,1.034,1.025,1.031,218652860.0,225016670.0
2024-11-06 11:30:00,1.031,1.031,1.014,1.027,282738460.0,288431840.0
2024-11-06 13:30:00,1.026,1.04,1.021,1.025,418707600.0,432960830.0
2024-11-06 14:00:00,1.026,1.038,1.026,1.033,156394620.0,161716590.0
2024-11-06 14:30:00,1.033,1.035,1.026,1.029,104810280.0,108142850.0
2024-11-06 15:00:00,1.029,1.029,1.012,1.02,310849660.0,316750460.0
2024-11-07 10:00:00,1.011,1.032,1.007,1.022,495754520.0,507036973.0
2024-11-07 10:30:00,1.023,1.029,1.015,1.016,198854780.0,203327180.0
2024-11-07 11:00:00,1.017,1.024,1.015,1.022,109879230.0,111943520.0
2024-11-07 11:30:00,1.023,1.028,1.019,1.024,113746296.0,116411700.0
2024-11-07 13:30:00,1.025,1.028,1.02,1.023,155475620.0,159361070.0
2024-11-07 14:00:00,1.023,1.036,1.022,1.036,246109100.0,253441020.0
2024-11-07 14:30:00,1.035,1.04,1.03,1.037,383995840.0,397762370.0
2024-11-07 15:00:00,1.036,1.063,1.036,1.054,587169400.0,615666240.0
2024-11-08 10:00:00,1.078,1.084,1.062,1.079,887840570.0,954287204.0
2024-11-08 10:30:00,1.078,1.087,1.075,1.083,416703100.0,450567070.0
2024-11-08 11:00:00,1.084,1.097,1.075,1.086,447398600.0,485977800.0
2024-11-08 11:30:00,1.086,1.09,1.072,1.072,550316900.0,594432300.0
2024-11-08 13:30:00,1.074,1.077,1.057,1.075,650741440.0,694586000.0
2024-11-08 14:00:00,1.074,1.078,1.065,1.066,129479510.0,138787070.0
2024-11-08 14:30:00,1.066,1.068,1.054,1.057,248539660.0,263653780.0
2024-11-08 15:00:00,1.057,1.062,1.049,1.052,316107970.0,333074200.0
2024-11-11 10:00:00,1.052,1.089,1.048,1.086,992963300.0,1070482950.0
2024-11-11 10:30:00,1.086,1.097,1.073,1.077,507397700.0,551130600.0
2024-11-11 11:00:00,1.077,1.083,1.068,1.081,239507070.0,257681150.0
2024-11-11 11:30:00,1.081,1.095,1.081,1.095,294278430.0,320189060.0
2024-11-11 13:30:00,1.094,1.097,1.089,1.096,352998660.0,386079650.0
2024-11-11 14:00:00,1.097,1.099,1.089,1.093,426901860.0,467913250.0
2024-11-11 14:30:00,1.094,1.094,1.086,1.092,188828140.0,205977100.0
2024-11-11 15:00:00,1.093,1.1,1.092,1.099,366865900.0,402343200.0
2024-11-12 10:00:00,1.099,1.106,1.086,1.106,805124332.0,883054122.0
2024-11-12 10:30:00,1.106,1.106,1.093,1.093,193154350.0,212055620.0
2024-11-12 11:00:00,1.093,1.093,1.087,1.09,248216980.0,270543000.0
2024-11-12 11:30:00,1.09,1.096,1.088,1.096,93956180.0,102589290.0
2024-11-12 13:30:00,1.096,1.097,1.085,1.086,159529500.0,173932510.0
2024-11-12 14:00:00,1.086,1.089,1.08,1.085,207394200.0,224724930.0
2024-11-12 14:30:00,1.085,1.085,1.07,1.072,274593400.0,295487140.0
2024-11-12 15:00:00,1.072,1.077,1.065,1.077,313584060.0,335863680.0
2024-11-13 10:00:00,1.068,1.082,1.065,1.077,323369900.0,346953264.0
2024-11-13 10:30:00,1.077,1.083,1.068,1.068,233458220.0,251155940.0
2024-11-13 11:00:00,1.068,1.074,1.064,1.074,203163100.0,216849710.0
2024-11-13 11:30:00,1.074,1.079,1.072,1.073,95976520.0,103251096.0
2024-11-13 13:30:00,1.073,1.076,1.07,1.07,70011710.0,75113410.0
2024-11-13 14:00:00,1.07,1.077,1.068,1.076,77087250.0,82663340.0
2024-11-13 14:30:00,1.076,1.084,1.075,1.079,177824590.0,192065360.0
2024-11-13 15:00:00,1.078,1.088,1.077,1.087,219402510.0,238012350.0
2024-11-14 10:00:00,1.081,1.09,1.076,1.087,233782590.0,253259494.0
2024-11-14 10:30:00,1.087,1.089,1.077,1.077,136075200.0,147248660.0
2024-11-14 11:00:00,1.077,1.08,1.073,1.076,186767020.0,201123020.0
2024-11-14 11:30:00,1.076,1.082,1.075,1.077,71455570.0,77004490.0
2024-11-14 13:30:00,1.077,1.077,1.068,1.068,136042050.0,145660130.0
2024-11-14 14:00:00,1.069,1.07,1.065,1.067,424765200.0,453738240.0
2024-11-14 14:30:00,1.067,1.067,1.054,1.06,307028500.0,325497950.0
2024-11-14 15:00:00,1.06,1.062,1.049,1.052,551285800.0,581239550.0
2024-11-15 10:00:00,1.047,1.055,1.034,1.04,449784288.0,469272141.0
2024-11-15 10:30:00,1.04,1.052,1.04,1.045,177462340.0,185892340.0
2024-11-15 11:00:00,1.045,1.045,1.039,1.045,124934376.0,130085310.0
2024-11-15 11:30:00,1.045,1.045,1.032,1.037,139601650.0,144599310.0
2024-11-15 13:30:00,1.037,1.045,1.035,1.043,107598640.0,111867690.0
2024-11-15 14:00:00,1.043,1.043,1.031,1.032,150241440.0,155349620.0
2024-11-15 14:30:00,1.032,1.032,1.019,1.019,404600220.0,414565120.0
2024-11-15 15:00:00,1.019,1.025,1.011,1.012,521094750.0,529197200.0
2024-11-18 10:00:00,1.014,1.018,0.993,0.997,488628177.0,489703285.0
2024-11-18 10:30:00,0.997,1.025,0.995,1.018,331806660.0,336393200.0
2024-11-18 11:00:00,1.019,1.021,1.011,1.015,122448344.0,124315660.0
2024-11-18 11:30:00,1.014,1.017,1.009,1.016,141508590.0,143298500.0
2024-11-18 13:30:00,1.016,1.017,1.007,1.007,76395520.0,77232600.0
2024-11-18 14:00:00,1.008,1.008,0.996,0.996,154153000.0,154089980.0
2024-11-18 14:30:00,0.997,1.0,0.988,0.994,271356300.0,269429500.0
2024-11-18 15:00:00,0.994,0.996,0.986,0.993,257496240.0,255011890.0
2024-11-19 10:00:00,0.996,1.009,0.996,0.999,319468340.0,320251530.0
2024-11-19 10:30:00,1.001,1.004,0.991,0.992,219094020.0,218121490.0
2024-11-19 11:00:00,0.991,0.996,0.988,0.994,128429860.0,127365200.0
2024-11-19 11:30:00,0.995,0.998,0.988,0.992,83991070.0,83272110.0
2024-11-19 13:30:00,0.992,0.994,0.988,0.99,80393976.0,79616460.0
2024-11-19 14:00:00,0.991,0.994,0.982,0.994,179889420.0,177601710.0
2024-11-19 14:30:00,0.994,1.019,0.992,1.019,361189700.0,363447330.0
2024-11-19 15:00:00,1.019,1.024,1.012,1.023,374034300.0,381341570.0
2024-11-20 10:00:00,1.015,1.024,1.012,1.015,287094487.0,292335648.0
2024-11-20 10:30:00,1.014,1.021,1.013,1.013,109241630.0,111050856.0
2024-11-20 11:00:00,1.013,1.018,1.012,1.017,86572550.0,87753550.0
2024-11-20 11:30:00,1.018,1.025,1.017,1.025,143352690.0,146425230.0
2024-11-20 13:30:00,1.025,1.032,1.02,1.029,239382350.0,245842800.0
2024-11-20 14:00:00,1.03,1.03,1.019,1.023,154395260.0,158004240.0
2024-11-20 14:30:00,1.023,1.025,1.018,1.024,125128890.0,127823544.0
2024-11-20 15:00:00,1.025,1.03,1.023,1.027,190109950.0,195291440.0
2024-11-21 10:00:00,1.026,1.034,1.023,1.031,267105560.0,275042520.0
2024-11-21 10:30:00,1.031,1.039,1.028,1.037,209026620.0,215924050.0
2024-11-21 11:00:00,1.036,1.044,1.036,1.038,214554670.0,223177900.0
2024-11-21 11:30:00,1.039,1.04,1.034,1.037,58178640.0,60342220.0
2024-11-21 13:30:00,1.038,1.044,1.035,1.039,124539620.0,129490330.0
2024-11-21 14:00:00,1.04,1.043,1.036,1.036,103840830.0,107982700.0
2024-11-21 14:30:00,1.036,1.038,1.027,1.034,155775360.0,160717970.0
2024-11-21 15:00:00,1.034,1.037,1.031,1.035,110221070.0,114076024.0
2024-11-22 10:00:00,1.034,1.043,1.032,1.036,143365480.0,148964112.0
2024-11-22 10:30:00,1.035,1.039,1.031,1.032,111097180.0,114946030.0
2024-11-22 11:00:00,1.032,1.034,1.028,1.033,82611160.0,85157150.0
2024-11-22 11:30:00,1.033,1.033,1.021,1.021,87081500.0,89464600.0
2024-11-22 13:30:00,1.021,1.021,1.01,1.016,269850750.0,273947800.0
2024-11-22 14:00:00,1.017,1.017,1.01,1.012,118096850.0,119649370.0
2024-11-22 14:30:00,1.011,1.011,1.003,1.009,250387940.0,252069180.0
2024-11-22 15:00:00,1.008,1.009,0.992,0.996,402047580.0,401195520.0
2024-11-25 10:00:00,0.995,0.999,0.974,0.976,360266800.0,355435717.0
2024-11-25 10:30:00,0.976,0.984,0.975,0.98,207543980.0,203378420.0
2024-11-25 11:00:00,0.98,0.981,0.975,0.976,97357224.0,95235320.0
2024-11-25 11:30:00,0.976,0.979,0.974,0.975,75050770.0,73215470.0
2024-11-25 13:30:00,0.975,0.981,0.973,0.975,103672050.0,101204136.0
2024-11-25 14:00:00,0.975,0.975,0.968,0.969,137384400.0,133463310.0
2024-11-25 14:30:00,0.969,0.974,0.964,0.971,193483090.0,187192160.0
2024-11-25 15:00:00,0.971,0.985,0.968,0.982,214642580.0,210022750.0
2024-11-26 10:00:00,0.978,0.992,0.974,0.984,230117250.0,226500835.0
2024-11-26 10:30:00,0.983,0.989,0.981,0.982,123031240.0,121135230.0
2024-11-26 11:00:00,0.983,0.984,0.977,0.979,78922730.0,77428230.0
2024-11-26 11:30:00,0.979,0.984,0.979,0.982,36590960.0,35916584.0
2024-11-26 13:30:00,0.982,0.983,0.978,0.98,60735290.0,59567508.0
2024-11-26 14:00:00,0.979,0.983,0.974,0.975,85283800.0,83362460.0
2024-11-26 14:30:00,0.975,0.981,0.974,0.978,54897960.0,53687264.0
2024-11-26 15:00:00,0.978,0.978,0.974,0.975,96943016.0,94513340.0
2024-11-27 10:00:00,0.974,0.974,0.963,0.972,201277690.0,194773288.0
2024-11-27 10:30:00,0.97,0.988,0.966,0.987,203682990.0,198886290.0
2024-11-27 11:00:00,0.986,1.003,0.98,0.998,299278660.0,296692740.0
2024-11-27 11:30:00,0.998,1.001,0.992,0.996,159674750.0,159006460.0
2024-11-27 13:30:00,0.996,0.999,0.991,0.992,91875180.0,91377416.0
2024-11-27 14:00:00,0.991,0.996,0.99,0.993,86302930.0,85710600.0
2024-11-27 14:30:00,0.993,1.003,0.993,1.003,190335460.0,190150740.0
2024-11-27 15:00:00,1.003,1.012,1.002,1.01,303798430.0,305834460.0
2024-11-28 10:00:00,1.01,1.016,1.005,1.009,251301955.0,254022381.0
2024-11-28 10:30:00,1.009,1.022,1.007,1.017,223709460.0,226933500.0
2024-11-28 11:00:00,1.017,1.026,1.016,1.026,165476880.0,168978400.0
2024-11-28 11:30:00,1.026,1.028,1.01,1.015,120603580.0,122738690.0
2024-11-28 13:30:00,1.015,1.017,1.012,1.017,58783760.0,59629550.0
2024-11-28 14:00:00,1.017,1.022,1.015,1.016,99522660.0,101373224.0
2024-11-28 14:30:00,1.015,1.018,1.012,1.013,60960800.0,61879104.0
2024-11-28 15:00:00,1.013,1.014,1.005,1.008,162768110.0,164209070.0
2024-11-29 10:00:00,1.005,1.015,1.002,1.007,199712790.0,201503361.0
2024-11-29 10:30:00,1.006,1.01,1.003,1.005,92129416.0,92710940.0
2024-11-29 11:00:00,1.005,1.012,1.002,1.012,95717220.0,96268690.0
2024-11-29 11:30:00,1.012,1.04,1.012,1.038,402028860.0,411734500.0
2024-11-29 13:30:00,1.039,1.049,1.033,1.039,412473150.0,429749060.0
2024-11-29 14:00:00,1.039,1.042,1.032,1.037,140759230.0,146031070.0
2024-11-29 14:30:00,1.037,1.04,1.026,1.033,162520060.0,167689800.0
2024-11-29 15:00:00,1.032,1.037,1.03,1.033,162872910.0,168269230.0
2024-12-02 10:00:00,1.032,1.046,1.026,1.045,332596520.0,344803203.0
2024-12-02 10:30:00,1.046,1.048,1.035,1.043,169434960.0,176492820.0
2024-12-02 11:00:00,1.043,1.045,1.037,1.04,99411150.0,103453624.0
2024-12-02 11:30:00,1.04,1.042,1.036,1.042,86254584.0,89555370.0
2024-12-02 13:30:00,1.042,1.043,1.033,1.038,108579384.0,112542616.0
2024-12-02 14:00:00,1.038,1.043,1.037,1.04,123576950.0,128622650.0
2024-12-02 14:30:00,1.04,1.042,1.034,1.034,78477740.0,81470456.0
2024-12-02 15:00:00,1.034,1.041,1.033,1.041,144034610.0,149502050.0
2024-12-03 10:00:00,1.041,1.046,1.034,1.035,187610457.0,194798855.0
2024-12-03 10:30:00,1.035,1.036,1.027,1.028,171782990.0,177142430.0
2024-12-03 11:00:00,1.029,1.033,1.027,1.03,66959020.0,68974390.0
2024-12-03 11:30:00,1.03,1.035,1.028,1.034,55406788.0,57187156.0
2024-12-03 13:30:00,1.034,1.034,1.027,1.028,95743310.0,98537620.0
2024-12-03 14:00:00,1.027,1.029,1.021,1.027,117479660.0,120406710.0
2024-12-03 14:30:00,1.027,1.04,1.027,1.034,151474640.0,156813660.0
2024-12-03 15:00:00,1.035,1.036,1.029,1.03,127842600.0,131893950.0
2024-12-04 10:00:00,1.043,1.047,1.031,1.033,344094070.0,357966052.0
2024-12-04 10:30:00,1.033,1.037,1.029,1.031,83973016.0,86701970.0
2024-12-04 11:00:00,1.032,1.037,1.029,1.033,69803820.0,72096360.0
2024-12-04 11:30:00,1.033,1.045,1.03,1.036,128799590.0,133876160.0
2024-12-04 13:30:00,1.035,1.036,1.031,1.031,49494972.0,51156130.0
2024-12-04 14:00:00,1.032,1.033,1.03,1.032,51923864.0,53534760.0
2024-12-04 14:30:00,1.032,1.033,1.021,1.023,115898700.0,118938640.0
2024-12-04 15:00:00,1.023,1.026,1.019,1.023,154368540.0,157707980.0
2024-12-05 10:00:00,1.016,1.027,1.015,1.022,153999120.0,157312495.0
2024-12-05 10:30:00,1.021,1.023,1.018,1.02,59291508.0,60499590.0
2024-12-05 11:00:00,1.02,1.03,1.019,1.029,130286950.0,133728344.0
2024-12-05 11:30:00,1.028,1.031,1.023,1.024,61816256.0,63484610.0
2024-12-05 13:30:00,1.025,1.026,1.022,1.023,42208550.0,43212744.0
2024-12-05 14:00:00,1.023,1.03,1.022,1.025,72830140.0,74730570.0
2024-12-05 14:30:00,1.025,1.025,1.02,1.023,67758696.0,69266370.0
2024-12-05 15:00:00,1.022,1.027,1.021,1.027,77798290.0,79728680.0
2024-12-06 10:00:00,1.03,1.03,1.019,1.02,129817500.0,132859336.0
2024-12-06 10:30:00,1.02,1.024,1.018,1.024,54738056.0,55891636.0
2024-12-06 11:00:00,1.024,1.042,1.023,1.04,303809900.0,314496770.0
2024-12-06 11:30:00,1.039,1.049,1.039,1.044,306977250.0,320524380.0
2024-12-06 13:30:00,1.045,1.045,1.038,1.04,118440800.0,123386270.0
2024-12-06 14:00:00,1.04,1.041,1.037,1.041,69387896.0,72114984.0
2024-12-06 14:30:00,1.041,1.042,1.038,1.04,67539490.0,70239360.0
2024-12-06 15:00:00,1.039,1.041,1.038,1.04,123132770.0,127953120.0
2024-12-09 10:00:00,1.038,1.042,1.031,1.032,214899640.0,222807652.0
2024-12-09 10:30:00,1.032,1.037,1.031,1.037,105956750.0,109459770.0
2024-12-09 11:00:00,1.037,1.038,1.03,1.032,69085970.0,71339460.0
2024-12-09 11:30:00,1.031,1.033,1.023,1.024,113442936.0,116654616.0
2024-12-09 13:30:00,1.023,1.024,1.02,1.023,125853850.0,128627390.0
2024-12-09 14:00:00,1.024,1.024,1.02,1.022,84737944.0,86596420.0
2024-12-09 14:30:00,1.022,1.027,1.021,1.027,58725170.0,60181490.0
2024-12-09 15:00:00,1.026,1.031,1.026,1.027,100135690.0,102959420.0
2024-12-10 10:00:00,1.095,1.095,1.049,1.052,914232500.0,973661400.0
2024-12-10 10:30:00,1.052,1.06,1.051,1.057,213883710.0,225907630.0
2024-12-10 11:00:00,1.056,1.059,1.05,1.05,122590380.0,129149496.0
2024-12-10 11:30:00,1.05,1.052,1.045,1.05,107370344.0,112582080.0
2024-12-10 13:30:00,1.05,1.051,1.046,1.047,166249920.0,174212540.0
2024-12-10 14:00:00,1.047,1.049,1.044,1.046,114672700.0,120000424.0
2024-12-10 14:30:00,1.047,1.047,1.04,1.043,143135620.0,149231550.0
2024-12-10 15:00:00,1.043,1.044,1.032,1.036,232063550.0,240671790.0
2024-12-11 10:00:00,1.034,1.037,1.029,1.032,247927920.0,256018542.0
2024-12-11 10:30:00,1.032,1.035,1.029,1.035,139931820.0,144453870.0
2024-12-11 11:00:00,1.034,1.041,1.033,1.038,145215600.0,150517620.0
2024-12-11 11:30:00,1.038,1.041,1.033,1.038,87170424.0,90429570.0
2024-12-11 13:30:00,1.038,1.038,1.031,1.033,64315280.0,66464764.0
2024-12-11 14:00:00,1.032,1.033,1.029,1.032,90961224.0,93736730.0
2024-12-11 14:30:00,1.032,1.035,1.03,1.033,67019630.0,69166290.0
2024-12-11 15:00:00,1.033,1.034,1.029,1.032,130730000.0,134742190.0
2024-12-12 10:00:00,1.029,1.034,1.027,1.027,152691629.0,157237806.0
2024-12-12 10:30:00,1.027,1.032,1.027,1.027,102190584.0,105098660.0
2024-12-12 11:00:00,1.028,1.029,1.023,1.025,88453850.0,90713550.0
2024-12-12 11:30:00,1.024,1.037,1.023,1.035,165728560.0,170939580.0
2024-12-12 13:30:00,1.036,1.039,1.031,1.032,108628984.0,112413490.0
2024-12-12 14:00:00,1.033,1.035,1.031,1.031,58174496.0,60072224.0
2024-12-12 14:30:00,1.031,1.036,1.031,1.034,161230690.0,166707470.0
2024-12-12 15:00:00,1.034,1.036,1.033,1.035,140096600.0,144925680.0
2024-12-13 10:00:00,1.029,1.033,1.023,1.026,286152000.0,293934401.0
2024-12-13 10:30:00,1.025,1.028,1.02,1.022,159909570.0,163574400.0
2024-12-13 11:00:00,1.021,1.024,1.02,1.02,104152840.0,106461390.0
2024-12-13 11:30:00,1.02,1.022,1.018,1.019,94279370.0,96154990.0
2024-12-13 13:30:00,1.019,1.021,1.015,1.017,92898160.0,94553740.0
2024-12-13 14:00:00,1.016,1.028,1.016,1.023,124409670.0,127264456.0
2024-12-13 14:30:00,1.023,1.028,1.019,1.02,64689610.0,66223264.0
2024-12-13 15:00:00,1.019,1.02,1.012,1.015,239305020.0,242796100.0
2024-12-16 10:00:00,1.013,1.016,1.006,1.01,205903065.0,207688470.0
2024-12-16 10:30:00,1.009,1.009,1.005,1.008,95799570.0,96492980.0
2024-12-16 11:00:00,1.008,1.008,1.003,1.004,80818680.0,81218136.0
2024-12-16 11:30:00,1.003,1.004,0.998,1.0,125088856.0,125210220.0
2024-12-16 13:30:00,1.0,1.003,0.999,1.0,59603924.0,59643650.0
2024-12-16 14:00:00,1.0,1.004,0.999,1.004,150673630.0,150866980.0
2024-12-16 14:30:00,1.004,1.004,0.998,0.998,150524720.0,150484160.0
2024-12-16 15:00:00,0.998,0.999,0.995,0.999,179212600.0,178737180.0
2024-12-17 10:00:00,0.997,1.004,0.995,1.002,167094860.0,167003595.0
2024-12-17 10:30:00,1.003,1.003,0.997,0.997,103201260.0,103215720.0
2024-12-17 11:00:00,0.997,0.998,0.993,0.993,101224420.0,100725500.0
2024-12-17 11:30:00,0.994,0.997,0.99,0.992,77072690.0,76558376.0
2024-12-17 13:30:00,0.992,0.997,0.989,0.996,119035540.0,117958456.0
2024-12-17 14:00:00,0.996,1.001,0.994,0.995,115708440.0,115326104.0
2024-12-17 14:30:00,0.995,0.995,0.99,0.991,70190870.0,69628690.0
2024-12-17 15:00:00,0.991,0.993,0.989,0.992,171713780.0,170118720.0
2024-12-18 10:00:00,0.993,0.997,0.989,0.994,185835778.0,184463673.0
2024-12-18 10:30:00,0.995,0.998,0.993,0.997,105354360.0,104880420.0
2024-12-18 11:00:00,0.996,0.998,0.994,0.996,93032150.0,92694880.0
2024-12-18 11:30:00,0.996,1.003,0.993,1.001,211270060.0,210895380.0
2024-12-18 13:30:00,1.001,1.009,0.999,1.007,195041120.0,195905550.0
2024-12-18 14:00:00,1.007,1.008,1.003,1.004,99411970.0,99946370.0
2024-12-18 14:30:00,1.003,1.007,1.002,1.006,79328110.0,79690860.0
2024-12-18 15:00:00,1.005,1.006,1.0,1.005,120168370.0,120540860.0
2024-12-19 10:00:00,0.994,1.005,0.992,1.003,196693498.0,196362922.0
2024-12-19 10:30:00,1.003,1.005,0.998,0.999,80129480.0,80178130.0
2024-12-19 11:00:00,1.0,1.004,0.999,1.001,59722076.0,59865796.0
2024-12-19 11:30:00,1.002,1.007,1.0,1.007,84574950.0,84896020.0
2024-12-19 13:30:00,1.007,1.019,1.005,1.018,264905060.0,268361060.0
2024-12-19 14:00:00,1.018,1.022,1.015,1.018,231702530.0,236051630.0
2024-12-19 14:30:00,1.018,1.021,1.016,1.02,105832530.0,107773160.0
2024-12-19 15:00:00,1.02,1.021,1.015,1.016,125364376.0,127544460.0
2024-12-20 10:00:00,1.013,1.031,1.013,1.029,232607757.0,237938347.0
2024-12-20 10:30:00,1.029,1.036,1.026,1.028,263316980.0,271578080.0
2024-12-20 11:00:00,1.029,1.033,1.028,1.032,119706456.0,123413530.0
2024-12-20 11:30:00,1.032,1.043,1.032,1.043,300204830.0,311098780.0
2024-12-20 13:30:00,1.043,1.049,1.039,1.041,338489730.0,353701340.0
2024-12-20 14:00:00,1.04,1.041,1.035,1.036,121970056.0,126609900.0
2024-12-20 14:30:00,1.037,1.037,1.03,1.032,117092320.0,120900490.0
2024-12-20 15:00:00,1.032,1.038,1.032,1.035,121420970.0,125735410.0
2024-12-23 10:00:00,1.035,1.05,1.033,1.041,339074986.0,353499014.0
2024-12-23 10:30:00,1.041,1.042,1.032,1.035,137949380.0,143006610.0
2024-12-23 11:00:00,1.034,1.036,1.028,1.032,94603160.0,97616260.0
2024-12-23 11:30:00,1.033,1.036,1.028,1.031,62580890.0,64586372.0
2024-12-23 13:30:00,1.031,1.034,1.028,1.034,69781690.0,71876720.0
2024-12-23 14:00:00,1.034,1.039,1.029,1.029,73424920.0,75911384.0
2024-12-23 14:30:00,1.029,1.03,1.022,1.026,105733860.0,108451590.0
2024-12-23 15:00:00,1.026,1.028,1.021,1.023,107474600.0,110001650.0
2024-12-24 10:00:00,1.026,1.029,1.019,1.028,170604930.0,174623913.0
2024-12-24 10:30:00,1.028,1.031,1.024,1.024,83591624.0,85874380.0
2024-12-24 11:00:00,1.025,1.026,1.016,1.021,97715660.0,99650830.0
2024-12-24 11:30:00,1.021,1.033,1.021,1.028,127252936.0,130932856.0
2024-12-24 13:30:00,1.028,1.036,1.024,1.032,122021000.0,125831140.0
2024-12-24 14:00:00,1.032,1.034,1.03,1.033,47458440.0,48996932.0
2024-12-24 14:30:00,1.032,1.034,1.03,1.033,52314892.0,53969532.0
2024-12-24 15:00:00,1.033,1.041,1.032,1.039,195686380.0,203032220.0
2024-12-25 10:00:00,1.042,1.049,1.04,1.044,377795742.0,395298655.0
2024-12-25 10:30:00,1.045,1.049,1.042,1.045,135950600.0,142088780.0
2024-12-25 11:00:00,1.045,1.048,1.038,1.038,76314584.0,79561780.0
2024-12-25 11:30:00,1.038,1.04,1.034,1.04,86756664.0,89945464.0
2024-12-25 13:30:00,1.04,1.042,1.037,1.041,48435092.0,50340080.0
2024-12-25 14:00:00,1.041,1.047,1.04,1.045,90046100.0,94021610.0
2024-12-25 14:30:00,1.044,1.046,1.04,1.041,73541330.0,76666024.0
2024-12-25 15:00:00,1.041,1.043,1.037,1.042,103581410.0,107788460.0
2024-12-26 10:00:00,1.04,1.049,1.036,1.045,184951720.0,193145756.0
2024-12-26 10:30:00,1.044,1.046,1.04,1.043,82065096.0,85587770.0
2024-12-26 11:00:00,1.044,1.048,1.042,1.047,120928060.0,126478560.0
2024-12-26 11:30:00,1.048,1.054,1.047,1.052,221030540.0,232073520.0
2024-12-26 13:30:00,1.051,1.056,1.05,1.052,147881780.0,155796830.0
2024-12-26 14:00:00,1.052,1.054,1.049,1.05,89045704.0,93680856.0
2024-12-26 14:30:00,1.051,1.054,1.049,1.053,85594760.0,90023430.0
2024-12-26 15:00:00,1.053,1.054,1.05,1.052,93420744.0,98250810.0
2024-12-27 10:00:00,1.05,1.06,1.049,1.057,272551780.0,287689180.0
2024-12-27 10:30:00,1.056,1.066,1.056,1.064,312431170.0,331645900.0
2024-12-27 11:00:00,1.064,1.065,1.06,1.062,90742570.0,96459750.0
2024-12-27 11:30:00,1.062,1.069,1.061,1.065,146997520.0,156735380.0
2024-12-27 13:30:00,1.065,1.066,1.058,1.06,69552850.0,73789944.0
2024-12-27 14:00:00,1.061,1.061,1.052,1.053,87626890.0,92505630.0
2024-12-27 14:30:00,1.053,1.053,1.041,1.044,189171740.0,197859180.0
2024-12-27 15:00:00,1.044,1.051,1.044,1.044,97675976.0,102203736.0
2024-12-30 10:00:00,1.041,1.05,1.036,1.047,218029020.0,227209953.0
2024-12-30 10:30:00,1.047,1.056,1.045,1.053,186493890.0,195978290.0
2024-12-30 11:00:00,1.053,1.056,1.046,1.048,70397280.0,73905580.0
2024-12-30 11:30:00,1.048,1.052,1.043,1.043,52799856.0,55259680.0
2024-12-30 13:30:00,1.044,1.046,1.04,1.046,43841280.0,45705176.0
2024-12-30 14:00:00,1.046,1.047,1.042,1.044,42045080.0,43947316.0
2024-12-30 14:30:00,1.044,1.047,1.043,1.046,58372400.0,61015050.0
2024-12-30 15:00:00,1.046,1.049,1.044,1.046,80305460.0,84010900.0
2024-12-31 10:00:00,1.046,1.047,1.033,1.033,213105648.0,221066145.0
2024-12-31 10:30:00,1.034,1.037,1.032,1.036,94858700.0,98041340.0
2024-12-31 11:00:00,1.036,1.036,1.028,1.03,121859570.0,125699900.0
2024-12-31 11:30:00,1.03,1.032,1.026,1.029,94392770.0,97030560.0
2024-12-31 13:30:00,1.029,1.031,1.024,1.025,88805016.0,91166744.0
2024-12-31 14:00:00,1.025,1.026,1.021,1.023,74658500.0,76396510.0
2024-12-31 14:30:00,1.023,1.023,1.016,1.017,144431540.0,147168980.0
2024-12-31 15:00:00,1.016,1.024,1.013,1.014,180167800.0,183463340.0
