mechanism,signal_date,event_date,signal_clock,execution_clock,score,threshold,tail
OPENING_GAP_REVERSION,2021-01-07,2021-01-07,09:30,09:40,-0.002531805589534121,-0.0012170080656985604,lower
RELATIVE_STRENGTH_CONTINUATION,2021-01-08,2021-01-11,15:00,NEXT_OPEN,0.010369029253066042,-1.720318175535418e-05,upper
OPENING_GAP_REVERSION,2021-01-12,2021-01-12,09:30,09:40,-0.0018492245677447893,-0.0012645923917990723,lower
RELATIVE_STRENGTH_CONTINUATION,2021-01-11,2021-01-12,15:00,NEXT_OPEN,0.00625163713975363,0.0005165375680354634,upper
OPENING_GAP_REVERSION,2021-01-13,2021-01-13,09:30,09:40,-0.0015475371399758992,-0.0012765409003456666,lower
RELATIVE_RESIDUAL_REVERSION,2021-01-12,2021-01-13,15:00,NEXT_OPEN,-0.005342005778046555,-0.004615800677793852,lower
OPENING_GAP_REVERSION,2021-01-14,2021-01-14,09:30,09:40,-0.0019474202843954554,-0.0013262430948500852,lower
RELATIVE_RESIDUAL_REVERSION,2021-01-13,2021-01-14,15:00,NEXT_OPEN,-0.011494191891776251,-0.004615800677793852,lower
RELATIVE_RESIDUAL_REVERSION,2021-01-14,2021-01-15,15:00,NEXT_OPEN,-0.00770467451370449,-0.004615800677793852,lower
OPENING_GAP_REVERSION,2021-01-18,2021-01-18,09:30,09:40,-0.0017403075683172517,-0.0012765409003456666,lower
OPENING_GAP_REVERSION,2021-01-19,2021-01-19,09:30,09:40,-0.0025696733700842473,-0.0013262430948500852,lower
RELATIVE_RESIDUAL_REVERSION,2021-01-18,2021-01-19,15:00,NEXT_OPEN,-0.006262751769765207,-0.004615800677793852,lower
OPENING_GAP_REVERSION,2021-01-20,2021-01-20,09:30,09:40,-0.002371561678447994,-0.0013969616726286949,lower
RELATIVE_STRENGTH_CONTINUATION,2021-01-19,2021-01-20,15:00,NEXT_OPEN,0.0014749892016653332,0.0006646269786776959,upper
RELATIVE_STRENGTH_CONTINUATION,2021-01-20,2021-01-21,15:00,NEXT_OPEN,0.0035627700570831644,0.0009244018543628219,upper
OPENING_GAP_REVERSION,2021-01-22,2021-01-22,09:30,09:40,-0.0021240007330549674,-0.001488844688519769,lower
RELATIVE_STRENGTH_CONTINUATION,2021-01-22,2021-01-25,15:00,NEXT_OPEN,0.007559419252556432,0.0009464795119172864,upper
RELATIVE_STRENGTH_CONTINUATION,2021-01-25,2021-01-26,15:00,NEXT_OPEN,0.012674238083064338,0.001127364937161035,upper
OPENING_GAP_REVERSION,2021-01-27,2021-01-27,09:30,09:40,-0.0015284501199794957,-0.001488844688519769,lower
RELATIVE_STRENGTH_CONTINUATION,2021-01-26,2021-01-27,15:00,NEXT_OPEN,0.008861842343226067,0.0015376425654875514,upper
RELATIVE_STRENGTH_CONTINUATION,2021-01-27,2021-01-28,15:00,NEXT_OPEN,0.007368882768482021,0.0018263562903280406,upper
OPENING_GAP_REVERSION,2021-01-29,2021-01-29,09:30,09:40,-0.0032355468185256055,-0.0014840729335206682,lower
RELATIVE_STRENGTH_CONTINUATION,2021-01-28,2021-01-29,15:00,NEXT_OPEN,0.01096621819326693,0.0021843556851112444,upper
RELATIVE_STRENGTH_CONTINUATION,2021-01-29,2021-02-01,15:00,NEXT_OPEN,0.0053565012965091086,0.0024973561789470577,upper
OPENING_GAP_REVERSION,2021-02-02,2021-02-02,09:30,09:40,-0.0016593344883888625,-0.0015332218749785965,lower
RELATIVE_RESIDUAL_REVERSION,2021-02-02,2021-02-03,15:00,NEXT_OPEN,-0.008054699956192568,-0.004153280398101478,lower
OPENING_GAP_REVERSION,2021-02-08,2021-02-08,09:30,09:40,-0.004184393388370384,-0.0015332218749785965,lower
OPENING_GAP_REVERSION,2021-02-09,2021-02-09,09:30,09:40,-0.002458637820745454,-0.0015678510661266908,lower
RELATIVE_RESIDUAL_REVERSION,2021-02-09,2021-02-10,15:00,NEXT_OPEN,-0.011087300201882866,-0.0035190137482019324,lower
RELATIVE_RESIDUAL_REVERSION,2021-02-10,2021-02-18,15:00,NEXT_OPEN,-0.006053527063213271,-0.004153280398101478,lower
RELATIVE_STRENGTH_CONTINUATION,2021-02-19,2021-02-22,15:00,NEXT_OPEN,0.0046251711021571,0.0018102982611396534,upper
RELATIVE_STRENGTH_CONTINUATION,2021-02-22,2021-02-23,15:00,NEXT_OPEN,0.009866114763909972,0.0018102982611396534,upper
RELATIVE_STRENGTH_CONTINUATION,2021-02-23,2021-02-24,15:00,NEXT_OPEN,0.02150314537820175,0.002136181597546083,upper
OPENING_GAP_REVERSION,2021-02-25,2021-02-25,09:30,09:40,-0.0032580699572844173,-0.0015678510661266908,lower
RELATIVE_STRENGTH_CONTINUATION,2021-02-24,2021-02-25,15:00,NEXT_OPEN,0.02678386504819419,0.0025472973978105384,upper
RELATIVE_STRENGTH_CONTINUATION,2021-02-25,2021-02-26,15:00,NEXT_OPEN,0.011414555472352261,0.0026543708910930497,upper
OPENING_GAP_REVERSION,2021-03-01,2021-03-01,09:30,09:40,-0.0020174491371132293,-0.0016364282555315147,lower
RELATIVE_STRENGTH_CONTINUATION,2021-02-26,2021-03-01,15:00,NEXT_OPEN,0.007900620320779206,0.003596492791161865,upper
OPENING_GAP_REVERSION,2021-03-02,2021-03-02,09:30,09:40,-0.002228402249956404,-0.0016795777583709598,lower
RELATIVE_RESIDUAL_REVERSION,2021-03-01,2021-03-02,15:00,NEXT_OPEN,-0.012142414846560978,-0.004726084817759324,lower
RELATIVE_RESIDUAL_REVERSION,2021-03-02,2021-03-03,15:00,NEXT_OPEN,-0.006101779691328635,-0.004726084817759324,lower
RELATIVE_RESIDUAL_REVERSION,2021-03-03,2021-03-04,15:00,NEXT_OPEN,-0.007775638505199134,-0.004726084817759324,lower
OPENING_GAP_REVERSION,2021-03-08,2021-03-08,09:30,09:40,-0.003229371104226607,-0.001746965584995197,lower
RELATIVE_STRENGTH_CONTINUATION,2021-03-08,2021-03-09,15:00,NEXT_OPEN,0.012260711260273616,0.0037477709998604836,upper
OPENING_GAP_REVERSION,2021-03-10,2021-03-10,09:30,09:40,-0.0019141557317579405,-0.001787510868207972,lower
RELATIVE_STRENGTH_CONTINUATION,2021-03-09,2021-03-10,15:00,NEXT_OPEN,0.015165308142608969,0.004383373146683606,upper
OPENING_GAP_REVERSION,2021-03-11,2021-03-11,09:30,09:40,-0.0029759919975476824,-0.001865457358748077,lower
RELATIVE_STRENGTH_CONTINUATION,2021-03-10,2021-03-11,15:00,NEXT_OPEN,0.010742879901224134,0.004808003650745102,upper
RELATIVE_RESIDUAL_REVERSION,2021-03-11,2021-03-12,15:00,NEXT_OPEN,-0.005405789375321879,-0.004726084817759324,lower
RELATIVE_RESIDUAL_REVERSION,2021-03-12,2021-03-15,15:00,NEXT_OPEN,-0.008561727977883238,-0.005140257400803511,lower
RELATIVE_STRENGTH_CONTINUATION,2021-03-19,2021-03-22,15:00,NEXT_OPEN,0.011449541410599284,0.005580285257320239,upper
RELATIVE_STRENGTH_CONTINUATION,2021-03-23,2021-03-24,15:00,NEXT_OPEN,0.007547849770020765,0.006530948546935728,upper
RELATIVE_STRENGTH_CONTINUATION,2021-03-24,2021-03-25,15:00,NEXT_OPEN,0.013122616885908545,0.007413624518866707,upper
OPENING_GAP_REVERSION,2021-03-26,2021-03-26,09:30,09:40,-0.0024024787908073224,-0.001787510868207972,lower
RELATIVE_STRENGTH_CONTINUATION,2021-03-25,2021-03-26,15:00,NEXT_OPEN,0.01183222167182063,0.0075507421406546815,upper
RELATIVE_RESIDUAL_REVERSION,2021-03-29,2021-03-30,15:00,NEXT_OPEN,-0.006483810663877931,-0.004726084817759324,lower
RELATIVE_RESIDUAL_REVERSION,2021-03-30,2021-03-31,15:00,NEXT_OPEN,-0.008273960826970406,-0.004726084817759324,lower
OPENING_GAP_REVERSION,2021-04-02,2021-04-02,09:30,09:40,-0.002690689000939616,-0.001865457358748077,lower
RELATIVE_RESIDUAL_REVERSION,2021-04-06,2021-04-07,15:00,NEXT_OPEN,-0.006397880924695398,-0.0041132193326711974,lower
RELATIVE_STRENGTH_CONTINUATION,2021-04-12,2021-04-13,15:00,NEXT_OPEN,0.013962339944106117,0.007644719519612125,upper
RELATIVE_STRENGTH_CONTINUATION,2021-04-13,2021-04-14,15:00,NEXT_OPEN,0.01453284766071461,0.007644719519612125,upper
RELATIVE_STRENGTH_CONTINUATION,2021-04-14,2021-04-15,15:00,NEXT_OPEN,0.009088421381425515,0.008140925826390921,upper
RELATIVE_STRENGTH_CONTINUATION,2021-04-15,2021-04-16,15:00,NEXT_OPEN,0.011029224737223897,0.00891848710277593,upper
RELATIVE_STRENGTH_CONTINUATION,2021-04-16,2021-04-19,15:00,NEXT_OPEN,0.012133633990845993,0.00928284472704663,upper
RELATIVE_RESIDUAL_REVERSION,2021-04-21,2021-04-22,15:00,NEXT_OPEN,-0.008952165226289388,-0.00272045383834435,lower
OPENING_GAP_REVERSION,2021-04-26,2021-04-26,09:30,09:40,-0.001765711139305411,-0.0015134204565785269,lower
RELATIVE_STRENGTH_CONTINUATION,2021-04-30,2021-05-06,15:00,NEXT_OPEN,0.010681673355065202,0.00928284472704663,upper
RELATIVE_STRENGTH_CONTINUATION,2021-05-07,2021-05-10,15:00,NEXT_OPEN,0.014774896465676202,0.00928284472704663,upper
RELATIVE_STRENGTH_CONTINUATION,2021-05-10,2021-05-11,15:00,NEXT_OPEN,0.01715306072902112,0.01007000441169878,upper
RELATIVE_STRENGTH_CONTINUATION,2021-05-11,2021-05-12,15:00,NEXT_OPEN,0.013767137528824969,0.010696974991604935,upper
RELATIVE_RESIDUAL_REVERSION,2021-05-12,2021-05-13,15:00,NEXT_OPEN,-0.003106281099071184,-0.0026803518586204222,lower
OPENING_GAP_REVERSION,2021-05-14,2021-05-14,09:30,09:40,-0.0021474052530663914,-0.0011324999719126,lower
RELATIVE_RESIDUAL_REVERSION,2021-05-13,2021-05-14,15:00,NEXT_OPEN,-0.006994772310606412,-0.0028984046249153073,lower
RELATIVE_RESIDUAL_REVERSION,2021-05-14,2021-05-17,15:00,NEXT_OPEN,-0.007929052631539535,-0.0028984046249153073,lower
RELATIVE_RESIDUAL_REVERSION,2021-05-17,2021-05-18,15:00,NEXT_OPEN,-0.004623441284578256,-0.003263849371073324,lower
RELATIVE_RESIDUAL_REVERSION,2021-05-18,2021-05-19,15:00,NEXT_OPEN,-0.004613420592076922,-0.003263849371073324,lower
RELATIVE_RESIDUAL_REVERSION,2021-05-20,2021-05-21,15:00,NEXT_OPEN,-0.005506738781415166,-0.003263849371073324,lower
RELATIVE_RESIDUAL_REVERSION,2021-05-21,2021-05-24,15:00,NEXT_OPEN,-0.004939408225291708,-0.003914965518989094,lower
RELATIVE_RESIDUAL_REVERSION,2021-05-24,2021-05-25,15:00,NEXT_OPEN,-0.009319310691552563,-0.00449100478405709,lower
RELATIVE_RESIDUAL_REVERSION,2021-05-25,2021-05-26,15:00,NEXT_OPEN,-0.014026642374753706,-0.004615925765202256,lower
RELATIVE_RESIDUAL_REVERSION,2021-05-26,2021-05-27,15:00,NEXT_OPEN,-0.015123237350817553,-0.004702433019756619,lower
RELATIVE_RESIDUAL_REVERSION,2021-05-27,2021-05-28,15:00,NEXT_OPEN,-0.010827868354270853,-0.005056003512799251,lower
OPENING_GAP_REVERSION,2021-06-08,2021-06-08,09:30,09:40,-0.0006682258852058418,-0.0006176359112613687,lower
OPENING_GAP_REVERSION,2021-06-11,2021-06-11,09:30,09:40,-0.0007756410666285047,-0.0005086871999819528,lower
OPENING_GAP_REVERSION,2021-06-21,2021-06-21,09:30,09:40,-0.0006611616730460034,-0.0004174139733653068,lower
OPENING_GAP_REVERSION,2021-06-22,2021-06-22,09:30,09:40,-0.0005959158337811286,-0.0005086871999819528,lower
RELATIVE_RESIDUAL_REVERSION,2021-06-21,2021-06-22,15:00,NEXT_OPEN,-0.0037428104348572466,-0.0032186276290281923,lower
OPENING_GAP_REVERSION,2021-06-25,2021-06-25,09:30,09:40,-0.002207721318149136,-0.0005086871999819528,lower
OPENING_GAP_REVERSION,2021-06-28,2021-06-28,09:30,09:40,-0.00174853709736191,-0.0005086871999819528,lower
RELATIVE_RESIDUAL_REVERSION,2021-06-28,2021-06-29,15:00,NEXT_OPEN,-0.004360653373779999,-0.003602453022888724,lower
RELATIVE_RESIDUAL_REVERSION,2021-06-29,2021-06-30,15:00,NEXT_OPEN,-0.005014526497735261,-0.003602453022888724,lower
RELATIVE_RESIDUAL_REVERSION,2021-06-30,2021-07-01,15:00,NEXT_OPEN,-0.00717443771441173,-0.003602453022888724,lower
RELATIVE_RESIDUAL_REVERSION,2021-07-01,2021-07-02,15:00,NEXT_OPEN,-0.005701989037091626,-0.0038972711695879347,lower
RELATIVE_RESIDUAL_REVERSION,2021-07-07,2021-07-08,15:00,NEXT_OPEN,-0.006438285911728903,-0.0038972711695879347,lower
OPENING_GAP_REVERSION,2021-07-13,2021-07-13,09:30,09:40,-0.0013272918914372803,-0.000388953646633869,lower
RELATIVE_STRENGTH_CONTINUATION,2021-07-12,2021-07-13,15:00,NEXT_OPEN,0.005879776032379991,0.00493740111041624,upper
OPENING_GAP_REVERSION,2021-07-14,2021-07-14,09:30,09:40,-0.0009743516713355416,-0.000388953646633869,lower
RELATIVE_STRENGTH_CONTINUATION,2021-07-13,2021-07-14,15:00,NEXT_OPEN,0.008302743883493835,0.00493740111041624,upper
RELATIVE_STRENGTH_CONTINUATION,2021-07-14,2021-07-15,15:00,NEXT_OPEN,0.017876914897168694,0.00493740111041624,upper
OPENING_GAP_REVERSION,2021-07-16,2021-07-16,09:30,09:40,-0.0016487592580212657,-0.0004803426172892705,lower
RELATIVE_STRENGTH_CONTINUATION,2021-07-15,2021-07-16,15:00,NEXT_OPEN,0.013713635773228039,0.00493740111041624,upper
OPENING_GAP_REVERSION,2021-07-19,2021-07-19,09:30,09:40,-0.0035670222285126385,-0.0004803426172892705,lower
RELATIVE_STRENGTH_CONTINUATION,2021-07-16,2021-07-19,15:00,NEXT_OPEN,0.01059925088151481,0.00493740111041624,upper
RELATIVE_STRENGTH_CONTINUATION,2021-07-19,2021-07-20,15:00,NEXT_OPEN,0.005395029631668158,0.00502259907296676,upper
OPENING_GAP_REVERSION,2021-07-22,2021-07-22,09:30,09:40,-0.0006470515041456345,-0.0005086871999819528,lower
RELATIVE_RESIDUAL_REVERSION,2021-07-21,2021-07-22,15:00,NEXT_OPEN,-0.008861541652646854,-0.004302190681255008,lower
OPENING_GAP_REVERSION,2021-07-27,2021-07-27,09:30,09:40,-0.000691408643015835,-0.0005086871999819528,lower
RELATIVE_STRENGTH_CONTINUATION,2021-07-26,2021-07-27,15:00,NEXT_OPEN,0.011112955041474248,0.00502259907296676,upper
OPENING_GAP_REVERSION,2021-07-28,2021-07-28,09:30,09:40,-0.006984947439672354,-0.0005701264065714499,lower
RELATIVE_STRENGTH_CONTINUATION,2021-07-27,2021-07-28,15:00,NEXT_OPEN,0.025360380298148133,0.005264520637547454,upper
RELATIVE_STRENGTH_CONTINUATION,2021-07-28,2021-07-29,15:00,NEXT_OPEN,0.0191240392981602,0.005264520637547454,upper
OPENING_GAP_REVERSION,2021-07-30,2021-07-30,09:30,09:40,-0.002280363734683811,-0.0005701264065714499,lower
RELATIVE_RESIDUAL_REVERSION,2021-07-29,2021-07-30,15:00,NEXT_OPEN,-0.0046036636659501085,-0.00442384517835423,lower
RELATIVE_STRENGTH_CONTINUATION,2021-07-29,2021-07-30,15:00,NEXT_OPEN,0.006527286311891256,0.005516216231846116,upper
RELATIVE_RESIDUAL_REVERSION,2021-07-30,2021-08-02,15:00,NEXT_OPEN,-0.016052094437171815,-0.004606102897481812,lower
RELATIVE_RESIDUAL_REVERSION,2021-08-02,2021-08-03,15:00,NEXT_OPEN,-0.019269570313665274,-0.004615925765202256,lower
RELATIVE_RESIDUAL_REVERSION,2021-08-03,2021-08-04,15:00,NEXT_OPEN,-0.0055885369567283405,-0.004702433019756619,lower
RELATIVE_RESIDUAL_REVERSION,2021-08-04,2021-08-05,15:00,NEXT_OPEN,-0.009321087850505005,-0.004958187793402596,lower
RELATIVE_STRENGTH_CONTINUATION,2021-08-09,2021-08-10,15:00,NEXT_OPEN,0.005438084437296542,0.004887108762562931,upper
RELATIVE_STRENGTH_CONTINUATION,2021-08-11,2021-08-12,15:00,NEXT_OPEN,0.0083398319004514,0.004903381664343565,upper
RELATIVE_STRENGTH_CONTINUATION,2021-08-12,2021-08-13,15:00,NEXT_OPEN,0.008119310612941799,0.004917471843592175,upper
RELATIVE_STRENGTH_CONTINUATION,2021-08-13,2021-08-16,15:00,NEXT_OPEN,0.008040773780086607,0.00493740111041624,upper
RELATIVE_STRENGTH_CONTINUATION,2021-08-16,2021-08-17,15:00,NEXT_OPEN,0.0116075237155574,0.005066102071006995,upper
OPENING_GAP_REVERSION,2021-08-18,2021-08-18,09:30,09:40,-0.0011135870478931225,-0.0005086871999819528,lower
RELATIVE_STRENGTH_CONTINUATION,2021-08-17,2021-08-18,15:00,NEXT_OPEN,0.017877416661382428,0.005405793333075254,upper
RELATIVE_STRENGTH_CONTINUATION,2021-08-25,2021-08-26,15:00,NEXT_OPEN,0.00697601854101193,0.005571541426072524,upper
RELATIVE_STRENGTH_CONTINUATION,2021-08-26,2021-08-27,15:00,NEXT_OPEN,0.016139379452506875,0.0059045847415144515,upper
RELATIVE_STRENGTH_CONTINUATION,2021-08-27,2021-08-30,15:00,NEXT_OPEN,0.018046197989400548,0.006116079729661189,upper
RELATIVE_STRENGTH_CONTINUATION,2021-08-30,2021-08-31,15:00,NEXT_OPEN,0.02764141641538409,0.006639469369171425,upper
RELATIVE_STRENGTH_CONTINUATION,2021-08-31,2021-09-01,15:00,NEXT_OPEN,0.030160255907847766,0.0072422073507805995,upper
OPENING_GAP_REVERSION,2021-09-02,2021-09-02,09:30,09:40,-0.0014421258281256482,-0.0003386643065506215,lower
RELATIVE_STRENGTH_CONTINUATION,2021-09-01,2021-09-02,15:00,NEXT_OPEN,0.018694794227968936,0.008060407988300405,upper
RELATIVE_STRENGTH_CONTINUATION,2021-09-02,2021-09-03,15:00,NEXT_OPEN,0.018746085896119924,0.008165168930579808,upper
RELATIVE_STRENGTH_CONTINUATION,2021-09-03,2021-09-06,15:00,NEXT_OPEN,0.016818189998809907,0.008312015887733226,upper
OPENING_GAP_REVERSION,2021-09-07,2021-09-07,09:30,09:40,-0.0006895488872870601,-0.0003386643065506215,lower
RELATIVE_STRENGTH_CONTINUATION,2021-09-08,2021-09-09,15:00,NEXT_OPEN,0.018299148345090277,0.008904686645717252,upper
OPENING_GAP_REVERSION,2021-09-10,2021-09-10,09:30,09:40,-0.0005562429779093423,-0.0005065533366434759,lower
RELATIVE_STRENGTH_CONTINUATION,2021-09-09,2021-09-10,15:00,NEXT_OPEN,0.019113715931256103,0.01072767692150467,upper
RELATIVE_STRENGTH_CONTINUATION,2021-09-13,2021-09-14,15:00,NEXT_OPEN,0.02005003357707147,0.011236597209995036,upper
OPENING_GAP_REVERSION,2021-09-15,2021-09-15,09:30,09:40,-0.0010340851579393171,-0.0004785525621773469,lower
RELATIVE_RESIDUAL_REVERSION,2021-09-14,2021-09-15,15:00,NEXT_OPEN,-0.005455923989057365,-0.0015691450092616133,lower
OPENING_GAP_REVERSION,2021-09-16,2021-09-16,09:30,09:40,-0.0014468936824781663,-0.0005019952964147951,lower
OPENING_GAP_REVERSION,2021-09-17,2021-09-17,09:30,09:40,-0.0015531007979200835,-0.0005789451094684154,lower
OPENING_GAP_REVERSION,2021-09-22,2021-09-22,09:30,09:40,-0.0026237792648367998,-0.0005789451094684154,lower
RELATIVE_RESIDUAL_REVERSION,2021-09-17,2021-09-22,15:00,NEXT_OPEN,-0.004679902419182369,-0.0015691450092616133,lower
OPENING_GAP_REVERSION,2021-09-23,2021-09-23,09:30,09:40,-0.0011485366259164432,-0.0005789451094684154,lower
OPENING_GAP_REVERSION,2021-09-28,2021-09-28,09:30,09:40,-0.0008385470442791021,-0.0006576758499309909,lower
RELATIVE_RESIDUAL_REVERSION,2021-09-27,2021-09-28,15:00,NEXT_OPEN,-0.022185528503568586,-0.0013978354788747038,lower
RELATIVE_RESIDUAL_REVERSION,2021-09-28,2021-09-29,15:00,NEXT_OPEN,-0.022776678710768494,-0.0013978354788747038,lower
RELATIVE_RESIDUAL_REVERSION,2021-09-29,2021-09-30,15:00,NEXT_OPEN,-0.01726071822062747,-0.0014915552867460768,lower
RELATIVE_RESIDUAL_REVERSION,2021-09-30,2021-10-08,15:00,NEXT_OPEN,-0.006674400664371083,-0.0015691450092616133,lower
RELATIVE_RESIDUAL_REVERSION,2021-10-08,2021-10-11,15:00,NEXT_OPEN,-0.01858666055881142,-0.0020429433018963605,lower
RELATIVE_RESIDUAL_REVERSION,2021-10-11,2021-10-12,15:00,NEXT_OPEN,-0.013085248503983404,-0.0020429433018963605,lower
RELATIVE_RESIDUAL_REVERSION,2021-10-12,2021-10-13,15:00,NEXT_OPEN,-0.010303798993562485,-0.0032212627308177977,lower
RELATIVE_RESIDUAL_REVERSION,2021-10-13,2021-10-14,15:00,NEXT_OPEN,-0.005841330452573845,-0.0043629432542975355,lower
RELATIVE_RESIDUAL_REVERSION,2021-10-14,2021-10-15,15:00,NEXT_OPEN,-0.006149936291607538,-0.004622723354258174,lower
OPENING_GAP_REVERSION,2021-10-20,2021-10-20,09:30,09:40,-0.004311390704711218,-0.0005019952964147951,lower
OPENING_GAP_REVERSION,2021-10-22,2021-10-22,09:30,09:40,-0.0019555307118037843,-0.0005019952964147951,lower
OPENING_GAP_REVERSION,2021-10-25,2021-10-25,09:30,09:40,-0.0014338153896872176,-0.0005789451094684154,lower
RELATIVE_RESIDUAL_REVERSION,2021-10-22,2021-10-25,15:00,NEXT_OPEN,-0.009713828388994927,-0.004873907811651118,lower
RELATIVE_RESIDUAL_REVERSION,2021-10-25,2021-10-26,15:00,NEXT_OPEN,-0.009638322995014326,-0.004873907811651118,lower
OPENING_GAP_REVERSION,2021-11-02,2021-11-02,09:30,09:40,-0.0005417029294305712,-0.0004572149331775282,lower
RELATIVE_STRENGTH_CONTINUATION,2021-11-01,2021-11-02,15:00,NEXT_OPEN,0.00875741737885638,0.0081744409348192,upper
OPENING_GAP_REVERSION,2021-11-04,2021-11-04,09:30,09:40,-0.001616729808851405,-0.0004572149331775282,lower
OPENING_GAP_REVERSION,2021-11-05,2021-11-05,09:30,09:40,-0.0006258630249130893,-0.0004983602842951024,lower
OPENING_GAP_REVERSION,2021-11-08,2021-11-08,09:30,09:40,-0.0021114429105887765,-0.000545337941550264,lower
RELATIVE_RESIDUAL_REVERSION,2021-11-11,2021-11-12,15:00,NEXT_OPEN,-0.005632848201265972,-0.002982728301551635,lower
OPENING_GAP_REVERSION,2021-11-15,2021-11-15,09:30,09:40,-0.004015349550561885,-0.0005736479896602791,lower
RELATIVE_RESIDUAL_REVERSION,2021-11-12,2021-11-15,15:00,NEXT_OPEN,-0.005843236220435144,-0.0043857967572362155,lower
RELATIVE_RESIDUAL_REVERSION,2021-11-15,2021-11-16,15:00,NEXT_OPEN,-0.010390475475848815,-0.004500817154802439,lower
RELATIVE_RESIDUAL_REVERSION,2021-11-16,2021-11-17,15:00,NEXT_OPEN,-0.00655683572914334,-0.004873907811651118,lower
RELATIVE_RESIDUAL_REVERSION,2021-11-17,2021-11-18,15:00,NEXT_OPEN,-0.009365232658715139,-0.005500155042109517,lower
OPENING_GAP_REVERSION,2021-11-24,2021-11-24,09:30,09:40,-0.0014085689139426898,-0.0005736479896602791,lower
OPENING_GAP_REVERSION,2021-11-26,2021-11-26,09:30,09:40,-0.003488718874981749,-0.000641784490506582,lower
OPENING_GAP_REVERSION,2021-11-29,2021-11-29,09:30,09:40,-0.0009600961667320732,-0.0007267984265350706,lower
OPENING_GAP_REVERSION,2021-11-30,2021-11-30,09:30,09:40,-0.0011585406238581552,-0.0008689343248923448,lower
OPENING_GAP_REVERSION,2021-12-06,2021-12-06,09:30,09:40,-0.0010320797266643506,-0.000978593414533884,lower
OPENING_GAP_REVERSION,2021-12-07,2021-12-07,09:30,09:40,-0.0010280316125010642,-0.0009780920567151424,lower
RELATIVE_STRENGTH_CONTINUATION,2021-12-06,2021-12-07,15:00,NEXT_OPEN,0.005270056309457094,0.004962944507342193,upper
OPENING_GAP_REVERSION,2021-12-08,2021-12-08,09:30,09:40,-0.0011375318665437716,-0.0010290436410418857,lower
OPENING_GAP_REVERSION,2021-12-09,2021-12-09,09:30,09:40,-0.0022213856246813533,-0.0010325810844830923,lower
RELATIVE_RESIDUAL_REVERSION,2021-12-09,2021-12-10,15:00,NEXT_OPEN,-0.012230586567927082,-0.00568496876409294,lower
RELATIVE_RESIDUAL_REVERSION,2021-12-10,2021-12-13,15:00,NEXT_OPEN,-0.015681433321912075,-0.00584180689453917,lower
RELATIVE_RESIDUAL_REVERSION,2021-12-13,2021-12-14,15:00,NEXT_OPEN,-0.009988440472849303,-0.005919911238228243,lower
OPENING_GAP_REVERSION,2021-12-16,2021-12-16,09:30,09:40,-0.0011580595231671434,-0.0010599468350904308,lower
RELATIVE_STRENGTH_CONTINUATION,2021-12-16,2021-12-17,15:00,NEXT_OPEN,0.009314371912477748,0.002969946644333421,upper
OPENING_GAP_REVERSION,2021-12-20,2021-12-20,09:30,09:40,-0.00212061281202563,-0.0011402830563869396,lower
RELATIVE_STRENGTH_CONTINUATION,2021-12-17,2021-12-20,15:00,NEXT_OPEN,0.02048970626691471,0.002969946644333421,upper
RELATIVE_STRENGTH_CONTINUATION,2021-12-20,2021-12-21,15:00,NEXT_OPEN,0.015749676743369023,0.002969946644333421,upper
OPENING_GAP_REVERSION,2021-12-22,2021-12-22,09:30,09:40,-0.0011456766131878247,-0.001058442761634206,lower
RELATIVE_STRENGTH_CONTINUATION,2021-12-21,2021-12-22,15:00,NEXT_OPEN,0.0156819960091672,0.003093515946601094,upper
RELATIVE_STRENGTH_CONTINUATION,2021-12-22,2021-12-23,15:00,NEXT_OPEN,0.010600067126111279,0.003536458125194375,upper
RELATIVE_STRENGTH_CONTINUATION,2021-12-23,2021-12-24,15:00,NEXT_OPEN,0.007680609383365344,0.0036790835873316274,upper
RELATIVE_STRENGTH_CONTINUATION,2021-12-24,2021-12-27,15:00,NEXT_OPEN,0.0057852049559445895,0.0036790835873316274,upper
OPENING_GAP_REVERSION,2021-12-31,2021-12-31,09:30,09:40,-0.00139916141672101,-0.0010290436410418857,lower
OPENING_GAP_REVERSION,2022-01-07,2022-01-07,09:30,09:40,-0.001959769211787613,-0.001058442761634206,lower
RELATIVE_STRENGTH_CONTINUATION,2022-01-07,2022-01-10,15:00,NEXT_OPEN,0.007100148998893441,0.004543492407216132,upper
RELATIVE_STRENGTH_CONTINUATION,2022-01-10,2022-01-11,15:00,NEXT_OPEN,0.005808160511455163,0.0047456132671180595,upper
OPENING_GAP_REVERSION,2022-01-12,2022-01-12,09:30,09:40,-0.0016945948171335754,-0.0011395680532047849,lower
RELATIVE_RESIDUAL_REVERSION,2022-01-12,2022-01-13,15:00,NEXT_OPEN,-0.007145035902421437,-0.002612600926884645,lower
OPENING_GAP_REVERSION,2022-01-14,2022-01-14,09:30,09:40,-0.0015433372489671417,-0.0011395680532047849,lower
RELATIVE_RESIDUAL_REVERSION,2022-01-18,2022-01-19,15:00,NEXT_OPEN,-0.0060437482566947365,-0.002612600926884645,lower
RELATIVE_RESIDUAL_REVERSION,2022-01-24,2022-01-25,15:00,NEXT_OPEN,-0.004486121326167436,-0.0021623197054944643,lower
RELATIVE_RESIDUAL_REVERSION,2022-01-25,2022-01-26,15:00,NEXT_OPEN,-0.005777646213638299,-0.002612600926884645,lower
RELATIVE_RESIDUAL_REVERSION,2022-01-26,2022-01-27,15:00,NEXT_OPEN,-0.008988116166794846,-0.0028970998645688195,lower
RELATIVE_RESIDUAL_REVERSION,2022-01-27,2022-01-28,15:00,NEXT_OPEN,-0.004664045752733825,-0.0033174275755494254,lower
OPENING_GAP_REVERSION,2022-02-07,2022-02-07,09:30,09:40,-0.0023518887883804598,-0.0010290436410418857,lower
RELATIVE_STRENGTH_CONTINUATION,2022-02-08,2022-02-09,15:00,NEXT_OPEN,0.008315798732606017,0.004269961296943514,upper
OPENING_GAP_REVERSION,2022-02-10,2022-02-10,09:30,09:40,-0.002488099750851249,-0.0010290436410418857,lower
RELATIVE_STRENGTH_CONTINUATION,2022-02-09,2022-02-10,15:00,NEXT_OPEN,0.013457631613766452,0.004498306266982666,upper
RELATIVE_STRENGTH_CONTINUATION,2022-02-10,2022-02-11,15:00,NEXT_OPEN,0.015893986907966284,0.004568065890162232,upper
RELATIVE_STRENGTH_CONTINUATION,2022-02-11,2022-02-14,15:00,NEXT_OPEN,0.01950386048894215,0.004698797084603801,upper
RELATIVE_STRENGTH_CONTINUATION,2022-02-14,2022-02-15,15:00,NEXT_OPEN,0.018173520078927363,0.0047456132671180595,upper
RELATIVE_RESIDUAL_REVERSION,2022-02-15,2022-02-16,15:00,NEXT_OPEN,-0.003415497761948161,-0.0030758850663170634,lower
RELATIVE_RESIDUAL_REVERSION,2022-02-16,2022-02-17,15:00,NEXT_OPEN,-0.00992127946442145,-0.0030497716844946066,lower
RELATIVE_RESIDUAL_REVERSION,2022-02-17,2022-02-18,15:00,NEXT_OPEN,-0.012840155796398633,-0.0030497716844946066,lower
OPENING_GAP_REVERSION,2022-02-23,2022-02-23,09:30,09:40,-0.002363739309501611,-0.0010290436410418857,lower
RELATIVE_RESIDUAL_REVERSION,2022-02-23,2022-02-24,15:00,NEXT_OPEN,-0.003918786779608552,-0.0030497716844946066,lower
OPENING_GAP_REVERSION,2022-03-01,2022-03-01,09:30,09:40,-0.0018171541307682212,-0.000977080028174321,lower
RELATIVE_RESIDUAL_REVERSION,2022-03-01,2022-03-02,15:00,NEXT_OPEN,-0.0037073591320765376,-0.0034416111437706176,lower
RELATIVE_STRENGTH_CONTINUATION,2022-03-02,2022-03-03,15:00,NEXT_OPEN,0.005497922520319221,0.004847042520358308,upper
RELATIVE_STRENGTH_CONTINUATION,2022-03-03,2022-03-04,15:00,NEXT_OPEN,0.008561259992644787,0.005327022862172626,upper
RELATIVE_STRENGTH_CONTINUATION,2022-03-04,2022-03-07,15:00,NEXT_OPEN,0.014903261103766052,0.005569743129225563,upper
RELATIVE_STRENGTH_CONTINUATION,2022-03-07,2022-03-08,15:00,NEXT_OPEN,0.021266535127302144,0.005790943844822233,upper
RELATIVE_STRENGTH_CONTINUATION,2022-03-08,2022-03-09,15:00,NEXT_OPEN,0.01085608620283296,0.006131157633314732,upper
OPENING_GAP_REVERSION,2022-03-10,2022-03-10,09:30,09:40,-0.003804083274620838,-0.0007188209587211813,lower
RELATIVE_RESIDUAL_REVERSION,2022-03-09,2022-03-10,15:00,NEXT_OPEN,-0.013523641714403012,-0.0035668032499476254,lower
RELATIVE_RESIDUAL_REVERSION,2022-03-10,2022-03-11,15:00,NEXT_OPEN,-0.023371716309106283,-0.003760216043959541,lower
RELATIVE_RESIDUAL_REVERSION,2022-03-16,2022-03-17,15:00,NEXT_OPEN,-0.01101552023426644,-0.0034416111437706176,lower
RELATIVE_RESIDUAL_REVERSION,2022-03-17,2022-03-18,15:00,NEXT_OPEN,-0.017960420283011258,-0.0035668032499476254,lower
OPENING_GAP_REVERSION,2022-03-21,2022-03-21,09:30,09:40,-0.002321150746465637,-0.0005200713579875107,lower
RELATIVE_RESIDUAL_REVERSION,2022-03-18,2022-03-21,15:00,NEXT_OPEN,-0.0041037195610701405,-0.003760216043959541,lower
OPENING_GAP_REVERSION,2022-03-25,2022-03-25,09:30,09:40,-0.0006626801638939094,-0.0003126126793178152,lower
RELATIVE_STRENGTH_CONTINUATION,2022-03-24,2022-03-25,15:00,NEXT_OPEN,0.006366053762578816,0.0048967682336855944,upper
OPENING_GAP_REVERSION,2022-03-29,2022-03-29,09:30,09:40,-0.0037231741228071526,-0.0003126126793178152,lower
RELATIVE_STRENGTH_CONTINUATION,2022-03-28,2022-03-29,15:00,NEXT_OPEN,0.017267854461431087,0.00472665123146318,upper
OPENING_GAP_REVERSION,2022-03-30,2022-03-30,09:30,09:40,-0.003033529057585067,-0.0004509098653245247,lower
RELATIVE_STRENGTH_CONTINUATION,2022-03-29,2022-03-30,15:00,NEXT_OPEN,0.013881071507795495,0.00472665123146318,upper
OPENING_GAP_REVERSION,2022-03-31,2022-03-31,09:30,09:40,-0.0008916313535939149,-0.0005338286533714948,lower
RELATIVE_STRENGTH_CONTINUATION,2022-03-30,2022-03-31,15:00,NEXT_OPEN,0.008659938580788396,0.004987571513651978,upper
RELATIVE_STRENGTH_CONTINUATION,2022-03-31,2022-04-01,15:00,NEXT_OPEN,0.008757773235001598,0.005575482018103206,upper
RELATIVE_STRENGTH_CONTINUATION,2022-04-01,2022-04-06,15:00,NEXT_OPEN,0.008793962308737968,0.005947633824236076,upper
RELATIVE_RESIDUAL_REVERSION,2022-04-07,2022-04-08,15:00,NEXT_OPEN,-0.005469963215719353,-0.0035668032499476254,lower
OPENING_GAP_REVERSION,2022-04-12,2022-04-12,09:30,09:40,-0.0012282342528108635,-0.00015756795138720746,lower
OPENING_GAP_REVERSION,2022-04-14,2022-04-14,09:30,09:40,-0.0022822449745690306,-0.00015756795138720746,lower
RELATIVE_STRENGTH_CONTINUATION,2022-04-14,2022-04-15,15:00,NEXT_OPEN,0.0100960893365738,0.0057149553308841194,upper
OPENING_GAP_REVERSION,2022-04-18,2022-04-18,09:30,09:40,-0.0008068435369220101,-0.00015756795138720746,lower
RELATIVE_RESIDUAL_REVERSION,2022-04-22,2022-04-25,15:00,NEXT_OPEN,-0.00840419330710207,-0.0034416111437706176,lower
RELATIVE_RESIDUAL_REVERSION,2022-04-25,2022-04-26,15:00,NEXT_OPEN,-0.007467076344920054,-0.0035668032499476254,lower
RELATIVE_RESIDUAL_REVERSION,2022-04-27,2022-04-28,15:00,NEXT_OPEN,-0.007417753280588468,-0.003760216043959541,lower
OPENING_GAP_REVERSION,2022-04-29,2022-04-29,09:30,09:40,-0.004157800760042782,-0.00015756795138720746,lower
RELATIVE_RESIDUAL_REVERSION,2022-04-28,2022-04-29,15:00,NEXT_OPEN,-0.0038358853123930947,-0.003760216043959541,lower
OPENING_GAP_REVERSION,2022-05-06,2022-05-06,09:30,09:40,-0.0005446062818013665,-0.00022075621687554954,lower
OPENING_GAP_REVERSION,2022-05-11,2022-05-11,09:30,09:40,-0.0008385350595199981,-0.00012823355936790004,lower
RELATIVE_STRENGTH_CONTINUATION,2022-05-10,2022-05-11,15:00,NEXT_OPEN,0.009419662976741794,0.007184753366281438,upper
OPENING_GAP_REVERSION,2022-05-13,2022-05-13,09:30,09:40,-0.004303959661283744,-0.00012823355936790004,lower
RELATIVE_STRENGTH_CONTINUATION,2022-05-13,2022-05-16,15:00,NEXT_OPEN,0.0075908303910101615,0.0057149553308841194,upper
OPENING_GAP_REVERSION,2022-05-18,2022-05-18,09:30,09:40,-0.0013326354584454968,-0.00023418824985988536,lower
RELATIVE_RESIDUAL_REVERSION,2022-05-18,2022-05-19,15:00,NEXT_OPEN,-0.004952785467491894,-0.0031943381852866104,lower
OPENING_GAP_REVERSION,2022-05-27,2022-05-27,09:30,09:40,-0.0032910993296512312,-0.00039131194676128144,lower
RELATIVE_STRENGTH_CONTINUATION,2022-05-26,2022-05-27,15:00,NEXT_OPEN,0.008186215350677761,0.004987571513651978,upper
RELATIVE_STRENGTH_CONTINUATION,2022-05-27,2022-05-30,15:00,NEXT_OPEN,0.007483559355447422,0.0057149553308841194,upper
OPENING_GAP_REVERSION,2022-05-31,2022-05-31,09:30,09:40,-0.0010964998151342389,-0.0005741247523245023,lower
RELATIVE_STRENGTH_CONTINUATION,2022-05-31,2022-06-01,15:00,NEXT_OPEN,0.01193381583141817,0.006476474882977423,upper
OPENING_GAP_REVERSION,2022-06-06,2022-06-06,09:30,09:40,-0.0007746242494330773,-0.0005741247523245023,lower
RELATIVE_RESIDUAL_REVERSION,2022-06-06,2022-06-07,15:00,NEXT_OPEN,-0.003984428677732521,-0.0027143654648419113,lower
RELATIVE_RESIDUAL_REVERSION,2022-06-08,2022-06-09,15:00,NEXT_OPEN,-0.006637417783549426,-0.0030048903935284976,lower
RELATIVE_STRENGTH_CONTINUATION,2022-06-14,2022-06-15,15:00,NEXT_OPEN,0.006473248185041469,0.004528832778387892,upper
RELATIVE_RESIDUAL_REVERSION,2022-06-15,2022-06-16,15:00,NEXT_OPEN,-0.002920777428449317,-0.0025513487481574337,lower
OPENING_GAP_REVERSION,2022-06-20,2022-06-20,09:30,09:40,-0.0011558026413468142,-0.0005741247523245023,lower
RELATIVE_RESIDUAL_REVERSION,2022-06-17,2022-06-20,15:00,NEXT_OPEN,-0.011222425681464254,-0.0025513487481574337,lower
RELATIVE_RESIDUAL_REVERSION,2022-06-20,2022-06-21,15:00,NEXT_OPEN,-0.010254801380417677,-0.0025513487481574337,lower
RELATIVE_RESIDUAL_REVERSION,2022-06-21,2022-06-22,15:00,NEXT_OPEN,-0.011860447431065402,-0.0025513487481574337,lower
RELATIVE_RESIDUAL_REVERSION,2022-06-22,2022-06-23,15:00,NEXT_OPEN,-0.0122560760224536,-0.0026958857299835826,lower
RELATIVE_RESIDUAL_REVERSION,2022-06-23,2022-06-24,15:00,NEXT_OPEN,-0.003756697031619405,-0.002939257163307646,lower
OPENING_GAP_REVERSION,2022-06-27,2022-06-27,09:30,09:40,-0.001144569299960657,-0.0005741247523245023,lower
RELATIVE_RESIDUAL_REVERSION,2022-06-27,2022-06-28,15:00,NEXT_OPEN,-0.0045660192821807,-0.0030048903935284976,lower
OPENING_GAP_REVERSION,2022-07-01,2022-07-01,09:30,09:40,-0.00239282151836037,-0.0005139121308332358,lower
RELATIVE_STRENGTH_CONTINUATION,2022-07-04,2022-07-05,15:00,NEXT_OPEN,0.006872722141463394,0.0017057033054175275,upper
OPENING_GAP_REVERSION,2022-07-06,2022-07-06,09:30,09:40,-0.001592262793284244,-0.0005139121308332358,lower
RELATIVE_STRENGTH_CONTINUATION,2022-07-05,2022-07-06,15:00,NEXT_OPEN,0.0034527693788888314,0.0017057033054175275,upper
OPENING_GAP_REVERSION,2022-07-07,2022-07-07,09:30,09:40,-0.0007179031022412558,-0.0005218150850357865,lower
RELATIVE_RESIDUAL_REVERSION,2022-07-08,2022-07-11,15:00,NEXT_OPEN,-0.0066571312994017084,-0.002939257163307646,lower
RELATIVE_RESIDUAL_REVERSION,2022-07-11,2022-07-12,15:00,NEXT_OPEN,-0.00396108485508484,-0.0030987902794146482,lower
OPENING_GAP_REVERSION,2022-07-15,2022-07-15,09:30,09:40,-0.001128611329837425,-0.0005139121308332358,lower
OPENING_GAP_REVERSION,2022-07-18,2022-07-18,09:30,09:40,-0.0006280709981044202,-0.0005139121308332358,lower
RELATIVE_RESIDUAL_REVERSION,2022-07-15,2022-07-18,15:00,NEXT_OPEN,-0.005268571937146804,-0.0034974782684128736,lower
OPENING_GAP_REVERSION,2022-07-19,2022-07-19,09:30,09:40,-0.0010118193827647044,-0.0005218150850357865,lower
RELATIVE_STRENGTH_CONTINUATION,2022-07-19,2022-07-20,15:00,NEXT_OPEN,0.0020616351582539716,0.0010865868795871814,upper
RELATIVE_STRENGTH_CONTINUATION,2022-07-20,2022-07-21,15:00,NEXT_OPEN,0.007238229225777326,0.0014881080339673447,upper
OPENING_GAP_REVERSION,2022-07-22,2022-07-22,09:30,09:40,-0.0019539389669804836,-0.0005654724608771299,lower
RELATIVE_STRENGTH_CONTINUATION,2022-07-21,2022-07-22,15:00,NEXT_OPEN,0.005707431982659439,0.0021463071196390904,upper
RELATIVE_RESIDUAL_REVERSION,2022-07-22,2022-07-25,15:00,NEXT_OPEN,-0.003592066626796675,-0.0034974782684128736,lower
RELATIVE_STRENGTH_CONTINUATION,2022-07-22,2022-07-25,15:00,NEXT_OPEN,0.003738140468604101,0.002663434597568043,upper
OPENING_GAP_REVERSION,2022-07-26,2022-07-26,09:30,09:40,-0.0011947723551006808,-0.0006505290241386291,lower
RELATIVE_RESIDUAL_REVERSION,2022-07-25,2022-07-26,15:00,NEXT_OPEN,-0.00855963285684369,-0.003456320667207191,lower
RELATIVE_RESIDUAL_REVERSION,2022-07-26,2022-07-27,15:00,NEXT_OPEN,-0.006127778252093097,-0.0036332242280023574,lower
RELATIVE_STRENGTH_CONTINUATION,2022-08-01,2022-08-02,15:00,NEXT_OPEN,0.006393996893273468,0.0034867828456958405,upper
RELATIVE_RESIDUAL_REVERSION,2022-08-04,2022-08-05,15:00,NEXT_OPEN,-0.004600188870270361,-0.003144038932611143,lower
RELATIVE_STRENGTH_CONTINUATION,2022-08-09,2022-08-10,15:00,NEXT_OPEN,0.0028479453002764332,0.002499267479070949,upper
RELATIVE_STRENGTH_CONTINUATION,2022-08-10,2022-08-11,15:00,NEXT_OPEN,0.005294371468722914,0.0028090620037444503,upper
RELATIVE_STRENGTH_CONTINUATION,2022-08-11,2022-08-12,15:00,NEXT_OPEN,0.010612012393030557,0.0029991513199295328,upper
RELATIVE_STRENGTH_CONTINUATION,2022-08-12,2022-08-15,15:00,NEXT_OPEN,0.011858932843466063,0.0034867828456958405,upper
RELATIVE_STRENGTH_CONTINUATION,2022-08-15,2022-08-16,15:00,NEXT_OPEN,0.00771046039746115,0.003626152551738676,upper
OPENING_GAP_REVERSION,2022-08-17,2022-08-17,09:30,09:40,-0.0006459950815889279,-0.0004850232856299572,lower
RELATIVE_STRENGTH_CONTINUATION,2022-08-16,2022-08-17,15:00,NEXT_OPEN,0.008961447089136931,0.003828168087533196,upper
RELATIVE_STRENGTH_CONTINUATION,2022-08-17,2022-08-18,15:00,NEXT_OPEN,0.006711356658961054,0.004181844591750528,upper
OPENING_GAP_REVERSION,2022-08-19,2022-08-19,09:30,09:40,-0.0012831833312175506,-0.0005139121308332358,lower
RELATIVE_STRENGTH_CONTINUATION,2022-08-22,2022-08-23,15:00,NEXT_OPEN,0.005662016035713813,0.003828168087533196,upper
RELATIVE_STRENGTH_CONTINUATION,2022-08-23,2022-08-24,15:00,NEXT_OPEN,0.0043018406495346495,0.003828168087533196,upper
OPENING_GAP_REVERSION,2022-08-25,2022-08-25,09:30,09:40,-0.0006173717732436266,-0.0004850232856299572,lower
RELATIVE_STRENGTH_CONTINUATION,2022-08-25,2022-08-26,15:00,NEXT_OPEN,0.006026087253087731,0.003626152551738676,upper
OPENING_GAP_REVERSION,2022-08-29,2022-08-29,09:30,09:40,-0.006413592153740804,-0.0005139121308332358,lower
RELATIVE_STRENGTH_CONTINUATION,2022-08-26,2022-08-29,15:00,NEXT_OPEN,0.008782181302244396,0.003626152551738676,upper
RELATIVE_STRENGTH_CONTINUATION,2022-08-30,2022-08-31,15:00,NEXT_OPEN,0.00546303088281197,0.003879065513836738,upper
RELATIVE_RESIDUAL_REVERSION,2022-08-31,2022-09-01,15:00,NEXT_OPEN,-0.002857076972843098,-0.002572633141146613,lower
OPENING_GAP_REVERSION,2022-09-06,2022-09-06,09:30,09:40,-0.0033109689220589327,-0.0005400064578963516,lower
OPENING_GAP_REVERSION,2022-09-09,2022-09-09,09:30,09:40,-0.0008685419903171166,-0.000620046579458825,lower
OPENING_GAP_REVERSION,2022-09-14,2022-09-14,09:30,09:40,-0.0008551523994155038,-0.000620046579458825,lower
OPENING_GAP_REVERSION,2022-09-20,2022-09-20,09:30,09:40,-0.0023351205182447063,-0.0006325520189755471,lower
OPENING_GAP_REVERSION,2022-09-21,2022-09-21,09:30,09:40,-0.001046124130118938,-0.0006325520189755471,lower
OPENING_GAP_REVERSION,2022-09-23,2022-09-23,09:30,09:40,-0.0023972811447999284,-0.0006639720867520099,lower
OPENING_GAP_REVERSION,2022-09-27,2022-09-27,09:30,09:40,-0.0008272405802817854,-0.0006639720867520099,lower
OPENING_GAP_REVERSION,2022-09-29,2022-09-29,09:30,09:40,-0.0010841962407958363,-0.0007452374717513882,lower
OPENING_GAP_REVERSION,2022-09-30,2022-09-30,09:30,09:40,-0.0015107952539232443,-0.0007452374717513882,lower
RELATIVE_STRENGTH_CONTINUATION,2022-10-11,2022-10-12,15:00,NEXT_OPEN,0.012948921386514045,0.006247844187428658,upper
RELATIVE_STRENGTH_CONTINUATION,2022-10-12,2022-10-13,15:00,NEXT_OPEN,0.01568098637148796,0.006473336834695365,upper
RELATIVE_STRENGTH_CONTINUATION,2022-10-13,2022-10-14,15:00,NEXT_OPEN,0.016473178337156225,0.006843074800665122,upper
RELATIVE_STRENGTH_CONTINUATION,2022-10-14,2022-10-17,15:00,NEXT_OPEN,0.017392428552147732,0.007299089725119945,upper
RELATIVE_STRENGTH_CONTINUATION,2022-10-17,2022-10-18,15:00,NEXT_OPEN,0.009877083752107163,0.007538868516726138,upper
RELATIVE_STRENGTH_CONTINUATION,2022-10-21,2022-10-24,15:00,NEXT_OPEN,0.009483924549350431,0.00788578086453462,upper
RELATIVE_STRENGTH_CONTINUATION,2022-10-24,2022-10-25,15:00,NEXT_OPEN,0.014184196207855493,0.008455030149030374,upper
RELATIVE_STRENGTH_CONTINUATION,2022-10-25,2022-10-26,15:00,NEXT_OPEN,0.010387610582879736,0.00882699774896753,upper
OPENING_GAP_REVERSION,2022-10-27,2022-10-27,09:30,09:40,-0.0010039035614649887,-0.00046743569335431785,lower
RELATIVE_STRENGTH_CONTINUATION,2022-10-26,2022-10-27,15:00,NEXT_OPEN,0.013112413848972215,0.009092066454190306,upper
RELATIVE_STRENGTH_CONTINUATION,2022-10-27,2022-10-28,15:00,NEXT_OPEN,0.016735293930033923,0.009523412028750955,upper
RELATIVE_STRENGTH_CONTINUATION,2022-10-28,2022-10-31,15:00,NEXT_OPEN,0.011042306808477731,0.009700676788241186,upper
OPENING_GAP_REVERSION,2022-11-01,2022-11-01,09:30,09:40,-0.001674530601101308,-0.0005156146475535635,lower
RELATIVE_STRENGTH_CONTINUATION,2022-10-31,2022-11-01,15:00,NEXT_OPEN,0.010908576583466556,0.010004715459800306,upper
RELATIVE_RESIDUAL_REVERSION,2022-11-01,2022-11-02,15:00,NEXT_OPEN,-0.003241688341172444,1.632386271177566e-05,lower
RELATIVE_RESIDUAL_REVERSION,2022-11-02,2022-11-03,15:00,NEXT_OPEN,-0.0035994635350806714,-0.0004846218094942123,lower
RELATIVE_RESIDUAL_REVERSION,2022-11-03,2022-11-04,15:00,NEXT_OPEN,-0.007839305007562247,-0.0013199533742690728,lower
RELATIVE_RESIDUAL_REVERSION,2022-11-04,2022-11-07,15:00,NEXT_OPEN,-0.004982850093964042,-0.0015134123958161494,lower
RELATIVE_RESIDUAL_REVERSION,2022-11-07,2022-11-08,15:00,NEXT_OPEN,-0.0033427929150530167,-0.0015134123958161494,lower
OPENING_GAP_REVERSION,2022-11-14,2022-11-14,09:30,09:40,-0.005316544955609911,-0.0006245276003299519,lower
RELATIVE_RESIDUAL_REVERSION,2022-11-14,2022-11-15,15:00,NEXT_OPEN,-0.0033258158575875107,-0.0016444093361980272,lower
RELATIVE_RESIDUAL_REVERSION,2022-11-15,2022-11-16,15:00,NEXT_OPEN,-0.011544416816713587,-0.0017814828913232383,lower
OPENING_GAP_REVERSION,2022-11-17,2022-11-17,09:30,09:40,-0.0008174166595825956,-0.0006913064562621423,lower
OPENING_GAP_REVERSION,2022-11-22,2022-11-22,09:30,09:40,-0.0011064565562964339,-0.0006673829948283689,lower
OPENING_GAP_REVERSION,2022-11-23,2022-11-23,09:30,09:40,-0.003412836204029094,-0.000819872639757393,lower
RELATIVE_RESIDUAL_REVERSION,2022-11-23,2022-11-24,15:00,NEXT_OPEN,-0.0032145924515164515,-0.0019908944126049155,lower
OPENING_GAP_REVERSION,2022-11-25,2022-11-25,09:30,09:40,-0.0023283314408173977,-0.0008342185350652151,lower
OPENING_GAP_REVERSION,2022-11-29,2022-11-29,09:30,09:40,-0.0012232829117859246,-0.000858499797140907,lower
RELATIVE_RESIDUAL_REVERSION,2022-11-29,2022-11-30,15:00,NEXT_OPEN,-0.006005219472146273,-0.002487836020313966,lower
OPENING_GAP_REVERSION,2022-12-01,2022-12-01,09:30,09:40,-0.001586200619214823,-0.000858499797140907,lower
RELATIVE_RESIDUAL_REVERSION,2022-11-30,2022-12-01,15:00,NEXT_OPEN,-0.005079983747187322,-0.002901546120747528,lower
RELATIVE_RESIDUAL_REVERSION,2022-12-01,2022-12-02,15:00,NEXT_OPEN,-0.013944601334038187,-0.0030798632862247266,lower
OPENING_GAP_REVERSION,2022-12-05,2022-12-05,09:30,09:40,-0.0011863811717949873,-0.0009023823831040847,lower
RELATIVE_RESIDUAL_REVERSION,2022-12-02,2022-12-05,15:00,NEXT_OPEN,-0.008578205677170825,-0.0032213664239304496,lower
RELATIVE_RESIDUAL_REVERSION,2022-12-05,2022-12-06,15:00,NEXT_OPEN,-0.010931511384467352,-0.0032627202202762107,lower
RELATIVE_RESIDUAL_REVERSION,2022-12-06,2022-12-07,15:00,NEXT_OPEN,-0.008238086775720133,-0.0033300601219538872,lower
RELATIVE_RESIDUAL_REVERSION,2022-12-07,2022-12-08,15:00,NEXT_OPEN,-0.006646750518668698,-0.0034069605700599304,lower
RELATIVE_RESIDUAL_REVERSION,2022-12-09,2022-12-12,15:00,NEXT_OPEN,-0.003973802781841451,-0.003651386155701486,lower
RELATIVE_RESIDUAL_REVERSION,2022-12-15,2022-12-16,15:00,NEXT_OPEN,-0.004627988627531554,-0.00384881620863331,lower
OPENING_GAP_REVERSION,2022-12-19,2022-12-19,09:30,09:40,-0.0018251057772508774,-0.000819872639757393,lower
OPENING_GAP_REVERSION,2022-12-20,2022-12-20,09:30,09:40,-0.0011657925351725809,-0.0008714063255775863,lower
RELATIVE_RESIDUAL_REVERSION,2022-12-19,2022-12-20,15:00,NEXT_OPEN,-0.005545221491345287,-0.004257432474290862,lower
OPENING_GAP_REVERSION,2022-12-22,2022-12-22,09:30,09:40,-0.0012468572286981902,-0.000819872639757393,lower
RELATIVE_RESIDUAL_REVERSION,2022-12-23,2022-12-26,15:00,NEXT_OPEN,-0.004795133379784544,-0.004257432474290862,lower
OPENING_GAP_REVERSION,2022-12-27,2022-12-27,09:30,09:40,-0.003405328737021928,-0.000819872639757393,lower
OPENING_GAP_REVERSION,2022-12-30,2022-12-30,09:30,09:40,-0.0012155704368250145,-0.0007697056768350295,lower
OPENING_GAP_REVERSION,2023-01-03,2023-01-03,09:30,09:40,-0.002025212286579028,-0.0007697056768350295,lower
RELATIVE_RESIDUAL_REVERSION,2023-01-05,2023-01-06,15:00,NEXT_OPEN,-0.0043983097432637175,-0.0036930483467708664,lower
OPENING_GAP_REVERSION,2023-01-09,2023-01-09,09:30,09:40,-0.002104933518943299,-0.0008640383850531939,lower
RELATIVE_RESIDUAL_REVERSION,2023-01-06,2023-01-09,15:00,NEXT_OPEN,-0.006361488340472676,-0.004014255334414185,lower
RELATIVE_RESIDUAL_REVERSION,2023-01-09,2023-01-10,15:00,NEXT_OPEN,-0.008796502274859952,-0.00420128717991522,lower
RELATIVE_RESIDUAL_REVERSION,2023-01-13,2023-01-16,15:00,NEXT_OPEN,-0.004899746535173555,-0.004455729464330677,lower
RELATIVE_RESIDUAL_REVERSION,2023-01-16,2023-01-17,15:00,NEXT_OPEN,-0.007291998850709747,-0.0046697748155948016,lower
OPENING_GAP_REVERSION,2023-01-18,2023-01-18,09:30,09:40,-0.0018204271498919527,-0.00102954181017285,lower
OPENING_GAP_REVERSION,2023-01-30,2023-01-30,09:30,09:40,-0.0031443449425938626,-0.0011212905510154707,lower
RELATIVE_STRENGTH_CONTINUATION,2023-01-20,2023-01-30,15:00,NEXT_OPEN,0.0022087684189053824,0.001381084151490547,upper
RELATIVE_STRENGTH_CONTINUATION,2023-01-30,2023-01-31,15:00,NEXT_OPEN,0.004017966127335182,0.001283752664179294,upper
RELATIVE_STRENGTH_CONTINUATION,2023-01-31,2023-02-01,15:00,NEXT_OPEN,0.00629859134263322,0.001283752664179294,upper
RELATIVE_STRENGTH_CONTINUATION,2023-02-01,2023-02-02,15:00,NEXT_OPEN,0.0024458952333853423,0.001283752664179294,upper
RELATIVE_STRENGTH_CONTINUATION,2023-02-02,2023-02-03,15:00,NEXT_OPEN,0.004508962715684239,0.001283752664179294,upper
RELATIVE_STRENGTH_CONTINUATION,2023-02-03,2023-02-06,15:00,NEXT_OPEN,0.006046685651700079,0.0022680501225253724,upper
OPENING_GAP_REVERSION,2023-02-07,2023-02-07,09:30,09:40,-0.0011670727913461081,-0.0011212905510154707,lower
RELATIVE_STRENGTH_CONTINUATION,2023-02-06,2023-02-07,15:00,NEXT_OPEN,0.01105576124024854,0.0024839450170766053,upper
RELATIVE_STRENGTH_CONTINUATION,2023-02-07,2023-02-08,15:00,NEXT_OPEN,0.00422204865344189,0.0026265084676627692,upper
RELATIVE_RESIDUAL_REVERSION,2023-02-09,2023-02-10,15:00,NEXT_OPEN,-0.006089702169499112,-0.004455729464330677,lower
RELATIVE_STRENGTH_CONTINUATION,2023-02-21,2023-02-22,15:00,NEXT_OPEN,0.003635648609317532,0.0019327074835032987,upper
RELATIVE_STRENGTH_CONTINUATION,2023-02-22,2023-02-23,15:00,NEXT_OPEN,0.004425612831270964,0.0019327074835032987,upper
OPENING_GAP_REVERSION,2023-02-24,2023-02-24,09:30,09:40,-0.0010875412936847918,-0.0007598827882192925,lower
RELATIVE_STRENGTH_CONTINUATION,2023-02-23,2023-02-24,15:00,NEXT_OPEN,0.005916063633804813,0.0019327074835032987,upper
RELATIVE_STRENGTH_CONTINUATION,2023-02-24,2023-02-27,15:00,NEXT_OPEN,0.007203791567550799,0.0019327074835032987,upper
OPENING_GAP_REVERSION,2023-02-28,2023-02-28,09:30,09:40,-0.0011652608846238054,-0.0007598827882192925,lower
RELATIVE_STRENGTH_CONTINUATION,2023-02-27,2023-02-28,15:00,NEXT_OPEN,0.010244255241027567,0.0019327074835032987,upper
RELATIVE_STRENGTH_CONTINUATION,2023-02-28,2023-03-01,15:00,NEXT_OPEN,0.0066570815674996675,0.0022680501225253724,upper
RELATIVE_STRENGTH_CONTINUATION,2023-03-08,2023-03-09,15:00,NEXT_OPEN,0.0051579109651784805,0.0025123591165889803,upper
RELATIVE_STRENGTH_CONTINUATION,2023-03-10,2023-03-13,15:00,NEXT_OPEN,0.004461426158803294,0.002745846230866933,upper
OPENING_GAP_REVERSION,2023-03-14,2023-03-14,09:30,09:40,-0.0025980485089251762,-0.0007005869546403649,lower
OPENING_GAP_REVERSION,2023-03-15,2023-03-15,09:30,09:40,-0.0008131712235363497,-0.0007212322252973557,lower
RELATIVE_STRENGTH_CONTINUATION,2023-03-20,2023-03-21,15:00,NEXT_OPEN,0.004635890271879384,0.00304501162098042,upper
RELATIVE_STRENGTH_CONTINUATION,2023-03-21,2023-03-22,15:00,NEXT_OPEN,0.0037999207180853256,0.0037312279888219446,upper
OPENING_GAP_REVERSION,2023-03-28,2023-03-28,09:30,09:40,-0.002125922537150537,-0.0006799829425793685,lower
OPENING_GAP_REVERSION,2023-03-29,2023-03-29,09:30,09:40,-0.002316654892570622,-0.0007005869546403649,lower
RELATIVE_STRENGTH_CONTINUATION,2023-03-28,2023-03-29,15:00,NEXT_OPEN,0.004277689951621255,0.0038544320703977897,upper
RELATIVE_RESIDUAL_REVERSION,2023-04-06,2023-04-07,15:00,NEXT_OPEN,-0.0017889381491069667,-0.0017488290097208148,lower
OPENING_GAP_REVERSION,2023-04-10,2023-04-10,09:30,09:40,-0.0013208818263091208,-0.000360422343086911,lower
OPENING_GAP_REVERSION,2023-04-14,2023-04-14,09:30,09:40,-0.0010800384111736578,-0.000360422343086911,lower
OPENING_GAP_REVERSION,2023-04-17,2023-04-17,09:30,09:40,-0.0019644873956038257,-0.000456746803130809,lower
RELATIVE_RESIDUAL_REVERSION,2023-04-17,2023-04-18,15:00,NEXT_OPEN,-0.0043405699127669894,-0.0011799851198193434,lower
RELATIVE_RESIDUAL_REVERSION,2023-04-18,2023-04-19,15:00,NEXT_OPEN,-0.006992139325958213,-0.0011799851198193434,lower
RELATIVE_RESIDUAL_REVERSION,2023-04-19,2023-04-20,15:00,NEXT_OPEN,-0.0022108094318928906,-0.0011799851198193434,lower
OPENING_GAP_REVERSION,2023-04-26,2023-04-26,09:30,09:40,-0.0006470236545031462,-0.0003897872259744459,lower
RELATIVE_RESIDUAL_REVERSION,2023-04-25,2023-04-26,15:00,NEXT_OPEN,-0.0024532799081310452,-0.0011799851198193434,lower
RELATIVE_RESIDUAL_REVERSION,2023-04-27,2023-04-28,15:00,NEXT_OPEN,-0.0012770023300544553,-0.0011799851198193434,lower
RELATIVE_STRENGTH_CONTINUATION,2023-04-28,2023-05-04,15:00,NEXT_OPEN,0.004859011221369225,0.0033620215430677503,upper
RELATIVE_STRENGTH_CONTINUATION,2023-05-05,2023-05-08,15:00,NEXT_OPEN,0.0048583789750761275,0.0029538025988971595,upper
OPENING_GAP_REVERSION,2023-05-09,2023-05-09,09:30,09:40,-0.001764756216471976,-0.00027610421979072414,lower
RELATIVE_RESIDUAL_REVERSION,2023-05-08,2023-05-09,15:00,NEXT_OPEN,-0.0024132330978207106,-0.0012837037365270587,lower
RELATIVE_RESIDUAL_REVERSION,2023-05-09,2023-05-10,15:00,NEXT_OPEN,-0.00266041000243622,-0.0013691634292528343,lower
OPENING_GAP_REVERSION,2023-05-11,2023-05-11,09:30,09:40,-0.0006617541928005043,-0.0003897872259744459,lower
OPENING_GAP_REVERSION,2023-05-15,2023-05-15,09:30,09:40,-0.001072388641986613,-0.0005380467231743565,lower
RELATIVE_STRENGTH_CONTINUATION,2023-05-15,2023-05-16,15:00,NEXT_OPEN,0.0029342388785538187,0.0026486643634712204,upper
OPENING_GAP_REVERSION,2023-05-17,2023-05-17,09:30,09:40,-0.001564972795345617,-0.0006507062890774857,lower
RELATIVE_STRENGTH_CONTINUATION,2023-05-18,2023-05-19,15:00,NEXT_OPEN,0.003408249258828211,0.0028390525650036913,upper
OPENING_GAP_REVERSION,2023-05-23,2023-05-23,09:30,09:40,-0.0007576252211378099,-0.0006706466604452151,lower
RELATIVE_RESIDUAL_REVERSION,2023-05-22,2023-05-23,15:00,NEXT_OPEN,-0.004093486952360115,-0.00117328371334674,lower
RELATIVE_RESIDUAL_REVERSION,2023-05-23,2023-05-24,15:00,NEXT_OPEN,-0.002177849734687487,-0.0012837037365270587,lower
RELATIVE_STRENGTH_CONTINUATION,2023-05-29,2023-05-30,15:00,NEXT_OPEN,0.006509707439859569,0.0021949307567328824,upper
RELATIVE_STRENGTH_CONTINUATION,2023-05-30,2023-05-31,15:00,NEXT_OPEN,0.007935218517104548,0.0021949307567328824,upper
RELATIVE_STRENGTH_CONTINUATION,2023-05-31,2023-06-01,15:00,NEXT_OPEN,0.010918356010526375,0.002336375774336874,upper
OPENING_GAP_REVERSION,2023-06-02,2023-06-02,09:30,09:40,-0.0006201643796652145,-0.0005380467231743565,lower
RELATIVE_STRENGTH_CONTINUATION,2023-06-01,2023-06-02,15:00,NEXT_OPEN,0.011223320716260865,0.0025790053205424768,upper
OPENING_GAP_REVERSION,2023-06-05,2023-06-05,09:30,09:40,-0.0006863316528252354,-0.0006268791983746974,lower
RELATIVE_STRENGTH_CONTINUATION,2023-06-02,2023-06-05,15:00,NEXT_OPEN,0.005687247385138927,0.0026486643634712204,upper
RELATIVE_RESIDUAL_REVERSION,2023-06-05,2023-06-06,15:00,NEXT_OPEN,-0.002344214212474105,-0.0011720802402340191,lower
RELATIVE_STRENGTH_CONTINUATION,2023-06-05,2023-06-06,15:00,NEXT_OPEN,0.003836050732791918,0.0028390525650036913,upper
OPENING_GAP_REVERSION,2023-06-07,2023-06-07,09:30,09:40,-0.0020630959256973717,-0.0006268791983746974,lower
RELATIVE_RESIDUAL_REVERSION,2023-06-06,2023-06-07,15:00,NEXT_OPEN,-0.005034043816366407,-0.0012733919107162928,lower
RELATIVE_RESIDUAL_REVERSION,2023-06-08,2023-06-09,15:00,NEXT_OPEN,-0.005039224675783771,-0.0012837037365270587,lower
OPENING_GAP_REVERSION,2023-06-15,2023-06-15,09:30,09:40,-0.0013664541478023518,-0.0005313319044648736,lower
RELATIVE_RESIDUAL_REVERSION,2023-06-14,2023-06-15,15:00,NEXT_OPEN,-0.0033208249268407153,-0.0012733919107162928,lower
RELATIVE_RESIDUAL_REVERSION,2023-06-15,2023-06-16,15:00,NEXT_OPEN,-0.005817604867331183,-0.001349059209835024,lower
RELATIVE_RESIDUAL_REVERSION,2023-06-16,2023-06-19,15:00,NEXT_OPEN,-0.004959175546086492,-0.0015842312812579251,lower
RELATIVE_RESIDUAL_REVERSION,2023-06-19,2023-06-20,15:00,NEXT_OPEN,-0.0035803217059516834,-0.001678161220402874,lower
RELATIVE_RESIDUAL_REVERSION,2023-06-21,2023-06-26,15:00,NEXT_OPEN,-0.0027248965971750083,-0.0018861660455020968,lower
RELATIVE_RESIDUAL_REVERSION,2023-06-26,2023-06-27,15:00,NEXT_OPEN,-0.005612508782983583,-0.002186089658988838,lower
RELATIVE_RESIDUAL_REVERSION,2023-06-27,2023-06-28,15:00,NEXT_OPEN,-0.006131892429238506,-0.002244160627038194,lower
OPENING_GAP_REVERSION,2023-06-29,2023-06-29,09:30,09:40,-0.0013901017915281377,-0.00031341550426527325,lower
OPENING_GAP_REVERSION,2023-06-30,2023-06-30,09:30,09:40,-0.0003600330811866948,-0.00031341550426527325,lower
RELATIVE_STRENGTH_CONTINUATION,2023-07-06,2023-07-07,15:00,NEXT_OPEN,0.0022579825063364645,0.001807908327962543,upper
RELATIVE_STRENGTH_CONTINUATION,2023-07-10,2023-07-11,15:00,NEXT_OPEN,0.0029154375786770714,0.001970884300970893,upper
RELATIVE_STRENGTH_CONTINUATION,2023-07-11,2023-07-12,15:00,NEXT_OPEN,0.0046545177171912755,0.002257517784630847,upper
OPENING_GAP_REVERSION,2023-07-14,2023-07-14,09:30,09:40,-0.0007041979280085609,-0.00022783181019714918,lower
RELATIVE_STRENGTH_CONTINUATION,2023-07-13,2023-07-14,15:00,NEXT_OPEN,0.003568380239385771,0.0023424313514243955,upper
RELATIVE_RESIDUAL_REVERSION,2023-07-14,2023-07-17,15:00,NEXT_OPEN,-0.0024739676837031155,-0.0023614689338107564,lower
OPENING_GAP_REVERSION,2023-07-24,2023-07-24,09:30,09:40,-0.0012451671458955276,-0.00016215161792692217,lower
OPENING_GAP_REVERSION,2023-07-25,2023-07-25,09:30,09:40,-0.0010537280812147574,-0.0001751508763018683,lower
RELATIVE_RESIDUAL_REVERSION,2023-07-25,2023-07-26,15:00,NEXT_OPEN,-0.003496374495187582,-0.0022194408541341415,lower
OPENING_GAP_REVERSION,2023-07-27,2023-07-27,09:30,09:40,-0.0008884830406078238,-0.00016215161792692217,lower
RELATIVE_RESIDUAL_REVERSION,2023-07-26,2023-07-27,15:00,NEXT_OPEN,-0.0026859630548420332,-0.0022194408541341415,lower
RELATIVE_RESIDUAL_REVERSION,2023-07-27,2023-07-28,15:00,NEXT_OPEN,-0.006919446930423678,-0.0023614689338107564,lower
OPENING_GAP_REVERSION,2023-07-31,2023-07-31,09:30,09:40,-0.0024570642270888197,-0.00021921796663171685,lower
RELATIVE_RESIDUAL_REVERSION,2023-07-31,2023-08-01,15:00,NEXT_OPEN,-0.002571203093666763,-0.002428416744291312,lower
RELATIVE_STRENGTH_CONTINUATION,2023-08-01,2023-08-02,15:00,NEXT_OPEN,0.0028403986288026983,0.0019484424912434573,upper
RELATIVE_STRENGTH_CONTINUATION,2023-08-02,2023-08-03,15:00,NEXT_OPEN,0.002189363674368061,0.0019484424912434573,upper
OPENING_GAP_REVERSION,2023-08-04,2023-08-04,09:30,09:40,-0.001830930884459867,-0.00021921796663171685,lower
RELATIVE_STRENGTH_CONTINUATION,2023-08-03,2023-08-04,15:00,NEXT_OPEN,0.0032986755123584066,0.0021730376474564383,upper
RELATIVE_STRENGTH_CONTINUATION,2023-08-04,2023-08-07,15:00,NEXT_OPEN,0.005586038191472964,0.002206518382360162,upper
RELATIVE_STRENGTH_CONTINUATION,2023-08-07,2023-08-08,15:00,NEXT_OPEN,0.003986953233865109,0.0022650774364332826,upper
OPENING_GAP_REVERSION,2023-08-14,2023-08-14,09:30,09:40,-0.0012301403902303396,-0.0001064367462064575,lower
OPENING_GAP_REVERSION,2023-08-15,2023-08-15,09:30,09:40,-0.0017477290970629087,-0.00016215161792692217,lower
RELATIVE_STRENGTH_CONTINUATION,2023-08-14,2023-08-15,15:00,NEXT_OPEN,0.002584171734197116,0.0022650774364332826,upper
OPENING_GAP_REVERSION,2023-08-17,2023-08-17,09:30,09:40,-0.0005520870785341407,-0.00021921796663171685,lower
RELATIVE_STRENGTH_CONTINUATION,2023-08-16,2023-08-17,15:00,NEXT_OPEN,0.005781460975683994,0.0022650774364332826,upper
OPENING_GAP_REVERSION,2023-08-18,2023-08-18,09:30,09:40,-0.002452736927910368,-0.00021921796663171685,lower
RELATIVE_STRENGTH_CONTINUATION,2023-08-17,2023-08-18,15:00,NEXT_OPEN,0.006509986808188595,0.002360814603592082,upper
OPENING_GAP_REVERSION,2023-08-21,2023-08-21,09:30,09:40,-0.0009091352157674006,-0.00040804658052355627,lower
RELATIVE_STRENGTH_CONTINUATION,2023-08-18,2023-08-21,15:00,NEXT_OPEN,0.005991798067102594,0.0026482284578485116,upper
OPENING_GAP_REVERSION,2023-08-22,2023-08-22,09:30,09:40,-0.0009423885557677983,-0.0005691064038169092,lower
OPENING_GAP_REVERSION,2023-08-24,2023-08-24,09:30,09:40,-0.0010620588912414618,-0.0006367061979552197,lower
RELATIVE_RESIDUAL_REVERSION,2023-08-23,2023-08-24,15:00,NEXT_OPEN,-0.0028664874661823436,-0.002112680434630615,lower
RELATIVE_RESIDUAL_REVERSION,2023-08-24,2023-08-25,15:00,NEXT_OPEN,-0.0026836973411833442,-0.0023766525802813576,lower
OPENING_GAP_REVERSION,2023-08-28,2023-08-28,09:30,09:40,-0.005732578822823228,-0.0006907982216210667,lower
RELATIVE_RESIDUAL_REVERSION,2023-08-25,2023-08-28,15:00,NEXT_OPEN,-0.004029163678684777,-0.0024982765361940273,lower
RELATIVE_RESIDUAL_REVERSION,2023-09-01,2023-09-04,15:00,NEXT_OPEN,-0.004751525292650549,-0.0025651748780236017,lower
RELATIVE_RESIDUAL_REVERSION,2023-09-04,2023-09-05,15:00,NEXT_OPEN,-0.003284869652691258,-0.0025993266555459082,lower
RELATIVE_RESIDUAL_REVERSION,2023-09-05,2023-09-06,15:00,NEXT_OPEN,-0.0032267145208031422,-0.0025993266555459082,lower
RELATIVE_STRENGTH_CONTINUATION,2023-09-12,2023-09-13,15:00,NEXT_OPEN,0.0037999266599050285,0.0019082600759559865,upper
RELATIVE_STRENGTH_CONTINUATION,2023-09-13,2023-09-14,15:00,NEXT_OPEN,0.004320163678725342,0.0021730376474564383,upper
RELATIVE_STRENGTH_CONTINUATION,2023-09-14,2023-09-15,15:00,NEXT_OPEN,0.004330799644895911,0.002206518382360162,upper
RELATIVE_STRENGTH_CONTINUATION,2023-09-15,2023-09-18,15:00,NEXT_OPEN,0.005153462025614064,0.0022650774364332826,upper
RELATIVE_STRENGTH_CONTINUATION,2023-09-18,2023-09-19,15:00,NEXT_OPEN,0.00456866164928571,0.002360814603592082,upper
OPENING_GAP_REVERSION,2023-09-20,2023-09-20,09:30,09:40,-0.0007595695730649036,-0.0006240667951552985,lower
RELATIVE_STRENGTH_CONTINUATION,2023-09-19,2023-09-20,15:00,NEXT_OPEN,0.0032201186148937966,0.0026482284578485116,upper
RELATIVE_STRENGTH_CONTINUATION,2023-09-20,2023-09-21,15:00,NEXT_OPEN,0.003392419237806088,0.0028591583662712916,upper
RELATIVE_RESIDUAL_REVERSION,2023-09-22,2023-09-25,15:00,NEXT_OPEN,-0.0026381378670531364,-0.00193046166070035,lower
OPENING_GAP_REVERSION,2023-10-10,2023-10-10,09:30,09:40,-0.0009644576154312038,-0.0006240667951552985,lower
RELATIVE_RESIDUAL_REVERSION,2023-10-09,2023-10-10,15:00,NEXT_OPEN,-0.0027025841224430636,-0.0019876663021553553,lower
RELATIVE_RESIDUAL_REVERSION,2023-10-10,2023-10-11,15:00,NEXT_OPEN,-0.0022354005994400516,-0.0021451188024378676,lower
OPENING_GAP_REVERSION,2023-10-12,2023-10-12,09:30,09:40,-0.0020696432253827527,-0.0006616121550483416,lower
RELATIVE_RESIDUAL_REVERSION,2023-10-11,2023-10-12,15:00,NEXT_OPEN,-0.004757406041328682,-0.0022950423705058176,lower
RELATIVE_RESIDUAL_REVERSION,2023-10-12,2023-10-13,15:00,NEXT_OPEN,-0.0035901477712115826,-0.0024896016768568563,lower
RELATIVE_RESIDUAL_REVERSION,2023-10-13,2023-10-16,15:00,NEXT_OPEN,-0.0034997908872099748,-0.0025431691104408627,lower
RELATIVE_STRENGTH_CONTINUATION,2023-10-19,2023-10-20,15:00,NEXT_OPEN,0.007323172364243846,0.002451418066780675,upper
RELATIVE_STRENGTH_CONTINUATION,2023-10-20,2023-10-23,15:00,NEXT_OPEN,0.008059035776551537,0.0026482284578485116,upper
RELATIVE_RESIDUAL_REVERSION,2023-10-23,2023-10-24,15:00,NEXT_OPEN,-0.003352815857124214,-0.0025651748780236017,lower
OPENING_GAP_REVERSION,2023-10-25,2023-10-25,09:30,09:40,-0.0018924162552460388,-0.0006240667951552985,lower
RELATIVE_RESIDUAL_REVERSION,2023-10-24,2023-10-25,15:00,NEXT_OPEN,-0.002821308419591051,-0.0025879367870133563,lower
RELATIVE_RESIDUAL_REVERSION,2023-10-25,2023-10-26,15:00,NEXT_OPEN,-0.007513026174998605,-0.0026495277355856883,lower
OPENING_GAP_REVERSION,2023-10-27,2023-10-27,09:30,09:40,-0.0012152188553058805,-0.0006240667951552985,lower
OPENING_GAP_REVERSION,2023-11-01,2023-11-01,09:30,09:40,-0.0015533699304613293,-0.0005681361658361271,lower
OPENING_GAP_REVERSION,2023-11-03,2023-11-03,09:30,09:40,-0.0021205664891394073,-0.0006240667951552985,lower
RELATIVE_RESIDUAL_REVERSION,2023-11-03,2023-11-06,15:00,NEXT_OPEN,-0.005358971344073371,-0.0025431691104408627,lower
RELATIVE_RESIDUAL_REVERSION,2023-11-06,2023-11-07,15:00,NEXT_OPEN,-0.003940973369529921,-0.002581908571370195,lower
OPENING_GAP_REVERSION,2023-11-13,2023-11-13,09:30,09:40,-0.0009443998135398035,-0.0006240667951552985,lower
RELATIVE_STRENGTH_CONTINUATION,2023-11-10,2023-11-13,15:00,NEXT_OPEN,0.002096321969889403,0.0018227118115182184,upper
RELATIVE_STRENGTH_CONTINUATION,2023-11-13,2023-11-14,15:00,NEXT_OPEN,0.002969366464139367,0.00208480092619584,upper
RELATIVE_STRENGTH_CONTINUATION,2023-11-14,2023-11-15,15:00,NEXT_OPEN,0.003110997111633984,0.0021740331884941844,upper
RELATIVE_STRENGTH_CONTINUATION,2023-11-15,2023-11-16,15:00,NEXT_OPEN,0.005367691668605068,0.0021740331884941844,upper
OPENING_GAP_REVERSION,2023-11-17,2023-11-17,09:30,09:40,-0.0015160122877136502,-0.0005681361658361271,lower
RELATIVE_STRENGTH_CONTINUATION,2023-11-16,2023-11-17,15:00,NEXT_OPEN,0.004674142810997428,0.002547716749266238,upper
OPENING_GAP_REVERSION,2023-11-22,2023-11-22,09:30,09:40,-0.001279013978921654,-0.00043739502517570856,lower
OPENING_GAP_REVERSION,2023-11-23,2023-11-23,09:30,09:40,-0.000958758456576345,-0.00043739502517570856,lower
OPENING_GAP_REVERSION,2023-11-27,2023-11-27,09:30,09:40,-0.0029153940570759308,-0.00043739502517570856,lower
RELATIVE_STRENGTH_CONTINUATION,2023-11-24,2023-11-27,15:00,NEXT_OPEN,0.0025747955217055862,0.002140959747091248,upper
RELATIVE_STRENGTH_CONTINUATION,2023-11-27,2023-11-28,15:00,NEXT_OPEN,0.00256986999628106,0.0023079465200997185,upper
OPENING_GAP_REVERSION,2023-11-29,2023-11-29,09:30,09:40,-0.0014242033568336045,-0.00043739502517570856,lower
RELATIVE_STRENGTH_CONTINUATION,2023-11-28,2023-11-29,15:00,NEXT_OPEN,0.004820463255704732,0.002447842632301661,upper
RELATIVE_STRENGTH_CONTINUATION,2023-11-29,2023-11-30,15:00,NEXT_OPEN,0.006895744730488262,0.0025711013776371916,upper
OPENING_GAP_REVERSION,2023-12-01,2023-12-01,09:30,09:40,-0.0009245725410419667,-0.00043739502517570856,lower
RELATIVE_STRENGTH_CONTINUATION,2023-11-30,2023-12-01,15:00,NEXT_OPEN,0.004730180867335676,0.0026734382573140314,upper
RELATIVE_STRENGTH_CONTINUATION,2023-12-01,2023-12-04,15:00,NEXT_OPEN,0.004351907627284768,0.003004774126013021,upper
RELATIVE_STRENGTH_CONTINUATION,2023-12-04,2023-12-05,15:00,NEXT_OPEN,0.007191627533289835,0.003138277487448937,upper
RELATIVE_STRENGTH_CONTINUATION,2023-12-05,2023-12-06,15:00,NEXT_OPEN,0.007963944764102449,0.0032631937706218694,upper
RELATIVE_STRENGTH_CONTINUATION,2023-12-06,2023-12-07,15:00,NEXT_OPEN,0.007243210502421382,0.003494296093330823,upper
OPENING_GAP_REVERSION,2023-12-08,2023-12-08,09:30,09:40,-0.0005030974684840417,-0.00043739502517570856,lower
RELATIVE_STRENGTH_CONTINUATION,2023-12-07,2023-12-08,15:00,NEXT_OPEN,0.010519924653223933,0.003929985914610107,upper
RELATIVE_STRENGTH_CONTINUATION,2023-12-08,2023-12-11,15:00,NEXT_OPEN,0.01062054260626033,0.004322822670267984,upper
RELATIVE_STRENGTH_CONTINUATION,2023-12-11,2023-12-12,15:00,NEXT_OPEN,0.009537113430378441,0.004336076640493125,upper
RELATIVE_STRENGTH_CONTINUATION,2023-12-12,2023-12-13,15:00,NEXT_OPEN,0.005958006411648675,0.0044060961327850034,upper
OPENING_GAP_REVERSION,2023-12-14,2023-12-14,09:30,09:40,-0.0014087914214587082,-0.00045520794916788546,lower
RELATIVE_STRENGTH_CONTINUATION,2023-12-13,2023-12-14,15:00,NEXT_OPEN,0.00921776151591569,0.00459503193971364,upper
RELATIVE_STRENGTH_CONTINUATION,2023-12-14,2023-12-15,15:00,NEXT_OPEN,0.007200012519023469,0.00468815232508199,upper
RELATIVE_RESIDUAL_REVERSION,2023-12-18,2023-12-19,15:00,NEXT_OPEN,-0.0037870662002000843,-0.0011030058496644124,lower
RELATIVE_RESIDUAL_REVERSION,2023-12-19,2023-12-20,15:00,NEXT_OPEN,-0.0067394901699565635,-0.0012201273700484794,lower
RELATIVE_RESIDUAL_REVERSION,2023-12-21,2023-12-22,15:00,NEXT_OPEN,-0.004781794415955942,-0.001479688876838997,lower
RELATIVE_RESIDUAL_REVERSION,2023-12-22,2023-12-25,15:00,NEXT_OPEN,-0.0019533576831042287,-0.0019151007084544092,lower
RELATIVE_RESIDUAL_REVERSION,2023-12-25,2023-12-26,15:00,NEXT_OPEN,-0.005854440374782888,-0.0020238684121881845,lower
RELATIVE_RESIDUAL_REVERSION,2023-12-27,2023-12-28,15:00,NEXT_OPEN,-0.0023436804300297487,-0.0020238684121881845,lower
RELATIVE_RESIDUAL_REVERSION,2023-12-28,2023-12-29,15:00,NEXT_OPEN,-0.003932616168259906,-0.002262470557087476,lower
RELATIVE_RESIDUAL_REVERSION,2023-12-29,2024-01-02,15:00,NEXT_OPEN,-0.00530789616957128,-0.00235601223107762,lower
RELATIVE_STRENGTH_CONTINUATION,2024-01-04,2024-01-05,15:00,NEXT_OPEN,0.00471875691581114,0.00468815232508199,upper
RELATIVE_STRENGTH_CONTINUATION,2024-01-05,2024-01-08,15:00,NEXT_OPEN,0.005623839654610552,0.004721612903692274,upper
OPENING_GAP_REVERSION,2024-01-09,2024-01-09,09:30,09:40,-0.0010359461503918165,-0.0003818844895664068,lower
RELATIVE_RESIDUAL_REVERSION,2024-01-08,2024-01-09,15:00,NEXT_OPEN,-0.0068163903119283775,-0.0015159447780835889,lower
RELATIVE_RESIDUAL_REVERSION,2024-01-09,2024-01-10,15:00,NEXT_OPEN,-0.005051726648039323,-0.0015159447780835889,lower
OPENING_GAP_REVERSION,2024-01-11,2024-01-11,09:30,09:40,-0.001039341221673746,-0.00042660313210478545,lower
OPENING_GAP_REVERSION,2024-01-16,2024-01-16,09:30,09:40,-0.0012702541486480593,-0.0004964173311696519,lower
RELATIVE_STRENGTH_CONTINUATION,2024-01-15,2024-01-16,15:00,NEXT_OPEN,0.005434868136468651,0.004721612903692274,upper
RELATIVE_RESIDUAL_REVERSION,2024-01-17,2024-01-18,15:00,NEXT_OPEN,-0.003360791700383947,-0.0015159447780835889,lower
RELATIVE_RESIDUAL_REVERSION,2024-01-18,2024-01-19,15:00,NEXT_OPEN,-0.0076301364066471145,-0.0015159447780835889,lower
OPENING_GAP_REVERSION,2024-01-22,2024-01-22,09:30,09:40,-0.0020024396020606504,-0.0004964173311696519,lower
RELATIVE_RESIDUAL_REVERSION,2024-01-19,2024-01-22,15:00,NEXT_OPEN,-0.007338004924078323,-0.0015159447780835889,lower
OPENING_GAP_REVERSION,2024-01-23,2024-01-23,09:30,09:40,-0.0017763547426954242,-0.0004964173311696519,lower
RELATIVE_RESIDUAL_REVERSION,2024-01-22,2024-01-23,15:00,NEXT_OPEN,-0.015653821596002926,-0.0020509383698356087,lower
OPENING_GAP_REVERSION,2024-01-24,2024-01-24,09:30,09:40,-0.0020723404596021764,-0.000608466236623523,lower
RELATIVE_RESIDUAL_REVERSION,2024-01-23,2024-01-24,15:00,NEXT_OPEN,-0.005016022596504577,-0.0020509383698356087,lower
RELATIVE_RESIDUAL_REVERSION,2024-01-24,2024-01-25,15:00,NEXT_OPEN,-0.003983344574236658,-0.0025979582476182983,lower
OPENING_GAP_REVERSION,2024-01-26,2024-01-26,09:30,09:40,-0.00185697374778013,-0.000608466236623523,lower
RELATIVE_RESIDUAL_REVERSION,2024-01-31,2024-02-01,15:00,NEXT_OPEN,-0.0029118461126766415,-0.002362873454092987,lower
RELATIVE_RESIDUAL_REVERSION,2024-02-02,2024-02-05,15:00,NEXT_OPEN,-0.008357894272405186,-0.0025433009228811865,lower
RELATIVE_STRENGTH_CONTINUATION,2024-02-06,2024-02-07,15:00,NEXT_OPEN,0.028911132859006594,0.004721612903692274,upper
RELATIVE_STRENGTH_CONTINUATION,2024-02-07,2024-02-08,15:00,NEXT_OPEN,0.06859331702470312,0.00475275146442794,upper
RELATIVE_STRENGTH_CONTINUATION,2024-02-08,2024-02-19,15:00,NEXT_OPEN,0.04864406898522511,0.004957270358929816,upper
RELATIVE_STRENGTH_CONTINUATION,2024-02-19,2024-02-20,15:00,NEXT_OPEN,0.04267463769087648,0.004974064475895712,upper
OPENING_GAP_REVERSION,2024-02-21,2024-02-21,09:30,09:40,-0.0014059118419544612,-0.00042660313210478545,lower
RELATIVE_RESIDUAL_REVERSION,2024-02-20,2024-02-21,15:00,NEXT_OPEN,-0.0329216524613275,-0.003024082509603468,lower
RELATIVE_STRENGTH_CONTINUATION,2024-02-20,2024-02-21,15:00,NEXT_OPEN,0.03379799022547342,0.005482111016004126,upper
RELATIVE_RESIDUAL_REVERSION,2024-02-21,2024-02-22,15:00,NEXT_OPEN,-0.02429035245294575,-0.0034673603253379814,lower
RELATIVE_RESIDUAL_REVERSION,2024-02-22,2024-02-23,15:00,NEXT_OPEN,-0.016733907743427423,-0.0038234536922150397,lower
OPENING_GAP_REVERSION,2024-02-26,2024-02-26,09:30,09:40,-0.00108440956725961,-0.00042660313210478545,lower
RELATIVE_RESIDUAL_REVERSION,2024-02-23,2024-02-26,15:00,NEXT_OPEN,-0.01799045296937729,-0.003945298269754094,lower
RELATIVE_RESIDUAL_REVERSION,2024-02-26,2024-02-27,15:00,NEXT_OPEN,-0.00573202789141003,-0.004182957034666479,lower
OPENING_GAP_REVERSION,2024-03-01,2024-03-01,09:30,09:40,-0.0004907232528866367,-0.00037374279348170367,lower
RELATIVE_STRENGTH_CONTINUATION,2024-02-29,2024-03-01,15:00,NEXT_OPEN,0.009358003111942348,0.005707381343870083,upper
RELATIVE_STRENGTH_CONTINUATION,2024-03-01,2024-03-04,15:00,NEXT_OPEN,0.010837719978357696,0.006192440991358572,upper
OPENING_GAP_REVERSION,2024-03-05,2024-03-05,09:30,09:40,-0.000992593936860583,-0.00037374279348170367,lower
RELATIVE_STRENGTH_CONTINUATION,2024-03-04,2024-03-05,15:00,NEXT_OPEN,0.007765713073745406,0.006266411692058965,upper
RELATIVE_RESIDUAL_REVERSION,2024-03-05,2024-03-06,15:00,NEXT_OPEN,-0.009001867903247862,-0.004840351461093101,lower
RELATIVE_RESIDUAL_REVERSION,2024-03-07,2024-03-08,15:00,NEXT_OPEN,-0.006666390654736398,-0.005024948609388263,lower
OPENING_GAP_REVERSION,2024-03-12,2024-03-12,09:30,09:40,-0.0004598258080287263,-0.00037374279348170367,lower
RELATIVE_RESIDUAL_REVERSION,2024-03-13,2024-03-14,15:00,NEXT_OPEN,-0.006699646483835808,-0.005115769028422312,lower
RELATIVE_RESIDUAL_REVERSION,2024-03-14,2024-03-15,15:00,NEXT_OPEN,-0.008105240216894072,-0.0054139291000309675,lower
RELATIVE_STRENGTH_CONTINUATION,2024-03-19,2024-03-20,15:00,NEXT_OPEN,0.002862070408019446,0.002089096298654336,upper
RELATIVE_RESIDUAL_REVERSION,2024-03-21,2024-03-22,15:00,NEXT_OPEN,-0.009162608356807267,-0.005762631012253244,lower
RELATIVE_RESIDUAL_REVERSION,2024-03-22,2024-03-25,15:00,NEXT_OPEN,-0.0116373024376486,-0.005762631012253244,lower
RELATIVE_RESIDUAL_REVERSION,2024-03-25,2024-03-26,15:00,NEXT_OPEN,-0.010296877690071149,-0.006057427944771265,lower
RELATIVE_RESIDUAL_REVERSION,2024-03-26,2024-03-27,15:00,NEXT_OPEN,-0.009687732394946358,-0.006674704612011251,lower
OPENING_GAP_REVERSION,2024-04-03,2024-04-03,09:30,09:40,-0.0008190688989997419,-0.000278202607104954,lower
RELATIVE_STRENGTH_CONTINUATION,2024-04-02,2024-04-03,15:00,NEXT_OPEN,0.005136697355829223,0.002349262778298611,upper
RELATIVE_STRENGTH_CONTINUATION,2024-04-03,2024-04-08,15:00,NEXT_OPEN,0.00961595214839095,0.002631215300233025,upper
OPENING_GAP_REVERSION,2024-04-09,2024-04-09,09:30,09:40,-0.0006465263781968221,-0.00029294030733584953,lower
RELATIVE_STRENGTH_CONTINUATION,2024-04-08,2024-04-09,15:00,NEXT_OPEN,0.01060717023185076,0.003111102887427289,upper
RELATIVE_STRENGTH_CONTINUATION,2024-04-09,2024-04-10,15:00,NEXT_OPEN,0.0081916410467342,0.003111102887427289,upper
RELATIVE_STRENGTH_CONTINUATION,2024-04-10,2024-04-11,15:00,NEXT_OPEN,0.006916584386555735,0.003111102887427289,upper
RELATIVE_STRENGTH_CONTINUATION,2024-04-11,2024-04-12,15:00,NEXT_OPEN,0.010489109836724686,0.003111102887427289,upper
RELATIVE_STRENGTH_CONTINUATION,2024-04-12,2024-04-15,15:00,NEXT_OPEN,0.010300988613262119,0.004177824583195419,upper
OPENING_GAP_REVERSION,2024-04-16,2024-04-16,09:30,09:40,-0.0019031518705906287,-0.000278202607104954,lower
RELATIVE_STRENGTH_CONTINUATION,2024-04-15,2024-04-16,15:00,NEXT_OPEN,0.017670070946930405,0.00521124005098908,upper
OPENING_GAP_REVERSION,2024-04-17,2024-04-17,09:30,09:40,-0.002647585900722676,-0.000278202607104954,lower
RELATIVE_STRENGTH_CONTINUATION,2024-04-16,2024-04-17,15:00,NEXT_OPEN,0.013685124191063602,0.005805297198990422,upper
RELATIVE_STRENGTH_CONTINUATION,2024-04-17,2024-04-18,15:00,NEXT_OPEN,0.010424389697606729,0.007128866558353153,upper
RELATIVE_STRENGTH_CONTINUATION,2024-04-18,2024-04-19,15:00,NEXT_OPEN,0.008205855503154225,0.007872195066992604,upper
RELATIVE_RESIDUAL_REVERSION,2024-04-23,2024-04-24,15:00,NEXT_OPEN,-0.011732790554633499,-0.006674704612011251,lower
OPENING_GAP_REVERSION,2024-04-25,2024-04-25,09:30,09:40,-0.0016642515492080786,-0.0002634005958575972,lower
RELATIVE_RESIDUAL_REVERSION,2024-04-24,2024-04-25,15:00,NEXT_OPEN,-0.010766932459966516,-0.006674704612011251,lower
RELATIVE_RESIDUAL_REVERSION,2024-04-25,2024-04-26,15:00,NEXT_OPEN,-0.0070125908303515505,-0.006674704612011251,lower
OPENING_GAP_REVERSION,2024-04-29,2024-04-29,09:30,09:40,-0.0009296025707564741,-0.00024878722844761834,lower
OPENING_GAP_REVERSION,2024-05-10,2024-05-10,09:30,09:40,-0.0017941025192889008,-0.00022251792511002056,lower
OPENING_GAP_REVERSION,2024-05-13,2024-05-13,09:30,09:40,-0.0008129310093094536,-0.00024878722844761834,lower
OPENING_GAP_REVERSION,2024-05-14,2024-05-14,09:30,09:40,-0.0004040549071828546,-0.0002634005958575972,lower
RELATIVE_RESIDUAL_REVERSION,2024-05-16,2024-05-17,15:00,NEXT_OPEN,-0.008450787734197385,-0.006464225256029327,lower
OPENING_GAP_REVERSION,2024-05-21,2024-05-21,09:30,09:40,-0.0016942855059211134,-0.000280977617082104,lower
RELATIVE_STRENGTH_CONTINUATION,2024-06-04,2024-06-05,15:00,NEXT_OPEN,0.00756454364367376,0.003536526340750551,upper
OPENING_GAP_REVERSION,2024-06-07,2024-06-07,09:30,09:40,-0.0003335523951279312,-8.000593246407066e-05,lower
RELATIVE_STRENGTH_CONTINUATION,2024-06-06,2024-06-07,15:00,NEXT_OPEN,0.005647730793014061,0.0038305252322046457,upper
RELATIVE_STRENGTH_CONTINUATION,2024-06-11,2024-06-12,15:00,NEXT_OPEN,0.004697170262979999,0.00433140076552857,upper
OPENING_GAP_REVERSION,2024-06-13,2024-06-13,09:30,09:40,-0.0007955333406504538,-5.475781072947878e-05,lower
RELATIVE_RESIDUAL_REVERSION,2024-06-19,2024-06-20,15:00,NEXT_OPEN,-0.004442708007118212,-0.004012585883394343,lower
RELATIVE_RESIDUAL_REVERSION,2024-06-20,2024-06-21,15:00,NEXT_OPEN,-0.005745860860743135,-0.004150060588730797,lower
RELATIVE_RESIDUAL_REVERSION,2024-06-26,2024-06-27,15:00,NEXT_OPEN,-0.007908743649731154,-0.0031623300188127756,lower
RELATIVE_RESIDUAL_REVERSION,2024-06-27,2024-06-28,15:00,NEXT_OPEN,-0.007265710907768452,-0.0031623300188127756,lower
RELATIVE_RESIDUAL_REVERSION,2024-06-28,2024-07-01,15:00,NEXT_OPEN,-0.0075061359261407445,-0.0031623300188127756,lower
RELATIVE_RESIDUAL_REVERSION,2024-07-03,2024-07-04,15:00,NEXT_OPEN,-0.0034179787542292783,-0.0031623300188127756,lower
RELATIVE_RESIDUAL_REVERSION,2024-07-04,2024-07-05,15:00,NEXT_OPEN,-0.010890835106439234,-0.0033117275761172654,lower
OPENING_GAP_REVERSION,2024-07-12,2024-07-12,09:30,09:40,-0.0013801628288331149,5.1126509941249435e-05,lower
RELATIVE_STRENGTH_CONTINUATION,2024-07-11,2024-07-12,15:00,NEXT_OPEN,0.003970933656845366,0.0025409387688146157,upper
OPENING_GAP_REVERSION,2024-07-15,2024-07-15,09:30,09:40,-0.0003565942186495017,1.8563275018086353e-05,lower
RELATIVE_RESIDUAL_REVERSION,2024-07-12,2024-07-15,15:00,NEXT_OPEN,-0.005144068637538024,-0.003563303406031046,lower
RELATIVE_RESIDUAL_REVERSION,2024-07-15,2024-07-16,15:00,NEXT_OPEN,-0.005831552151153052,-0.004012585883394343,lower
RELATIVE_RESIDUAL_REVERSION,2024-07-16,2024-07-17,15:00,NEXT_OPEN,-0.008092222701864382,-0.004150060588730797,lower
RELATIVE_RESIDUAL_REVERSION,2024-07-17,2024-07-18,15:00,NEXT_OPEN,-0.008736419490369463,-0.004557673047759947,lower
RELATIVE_RESIDUAL_REVERSION,2024-07-18,2024-07-19,15:00,NEXT_OPEN,-0.0054033256565080845,-0.004962943286648369,lower
RELATIVE_RESIDUAL_REVERSION,2024-07-19,2024-07-22,15:00,NEXT_OPEN,-0.009100729884386038,-0.005172721236916117,lower
RELATIVE_RESIDUAL_REVERSION,2024-07-23,2024-07-24,15:00,NEXT_OPEN,-0.009131477277090794,-0.004962943286648369,lower
RELATIVE_RESIDUAL_REVERSION,2024-07-24,2024-07-25,15:00,NEXT_OPEN,-0.005989264185851106,-0.004962943286648369,lower
RELATIVE_RESIDUAL_REVERSION,2024-07-25,2024-07-26,15:00,NEXT_OPEN,-0.005754468496283527,-0.004962943286648369,lower
OPENING_GAP_REVERSION,2024-07-29,2024-07-29,09:30,09:40,-0.00046487083540114283,8.967634656837227e-05,lower
RELATIVE_STRENGTH_CONTINUATION,2024-07-30,2024-07-31,15:00,NEXT_OPEN,0.004187503084366995,0.001823236088343505,upper
RELATIVE_STRENGTH_CONTINUATION,2024-07-31,2024-08-01,15:00,NEXT_OPEN,0.015153927276582324,0.001823236088343505,upper
OPENING_GAP_REVERSION,2024-08-02,2024-08-02,09:30,09:40,4.049551008188969e-05,7.534797167521294e-05,lower
RELATIVE_STRENGTH_CONTINUATION,2024-08-01,2024-08-02,15:00,NEXT_OPEN,0.011832626758878195,0.001823236088343505,upper
RELATIVE_STRENGTH_CONTINUATION,2024-08-02,2024-08-05,15:00,NEXT_OPEN,0.004765492573679531,0.0018971472670958889,upper
RELATIVE_STRENGTH_CONTINUATION,2024-08-05,2024-08-06,15:00,NEXT_OPEN,0.00544661418865755,0.0019273117618341384,upper
RELATIVE_STRENGTH_CONTINUATION,2024-08-06,2024-08-07,15:00,NEXT_OPEN,0.00888652629812775,0.0020328806680162126,upper
OPENING_GAP_REVERSION,2024-08-08,2024-08-08,09:30,09:40,6.59360577113014e-05,9.442957060937284e-05,lower
RELATIVE_STRENGTH_CONTINUATION,2024-08-08,2024-08-09,15:00,NEXT_OPEN,0.005019158336649898,0.0022899617905923486,upper
RELATIVE_STRENGTH_CONTINUATION,2024-08-09,2024-08-12,15:00,NEXT_OPEN,0.004637156449823432,0.002465806184680036,upper
RELATIVE_STRENGTH_CONTINUATION,2024-08-12,2024-08-13,15:00,NEXT_OPEN,0.007814189283020245,0.0025409387688146157,upper
RELATIVE_STRENGTH_CONTINUATION,2024-08-13,2024-08-14,15:00,NEXT_OPEN,0.004004541971878717,0.002672646814837004,upper
OPENING_GAP_REVERSION,2024-08-15,2024-08-15,09:30,09:40,-0.00014749020043161023,0.00010477428414848222,lower
RELATIVE_RESIDUAL_REVERSION,2024-08-15,2024-08-16,15:00,NEXT_OPEN,-0.007764402698072104,-0.004557673047759947,lower
OPENING_GAP_REVERSION,2024-08-19,2024-08-19,09:30,09:40,-0.0006426646257291866,0.00010477428414848222,lower
RELATIVE_RESIDUAL_REVERSION,2024-08-16,2024-08-19,15:00,NEXT_OPEN,-0.010018700089541754,-0.004962943286648369,lower
RELATIVE_RESIDUAL_REVERSION,2024-08-19,2024-08-20,15:00,NEXT_OPEN,-0.005222641070445844,-0.005208882892280539,lower
RELATIVE_RESIDUAL_REVERSION,2024-08-20,2024-08-21,15:00,NEXT_OPEN,-0.009172951344530555,-0.005267812216961404,lower
RELATIVE_RESIDUAL_REVERSION,2024-08-22,2024-08-23,15:00,NEXT_OPEN,-0.007781534106058363,-0.005488959457566847,lower
OPENING_GAP_REVERSION,2024-08-27,2024-08-27,09:30,09:40,-0.0010779339367906,0.00012507645819827897,lower
RELATIVE_RESIDUAL_REVERSION,2024-08-26,2024-08-27,15:00,NEXT_OPEN,-0.00759472946976375,-0.005748012769628233,lower
RELATIVE_STRENGTH_CONTINUATION,2024-08-29,2024-08-30,15:00,NEXT_OPEN,0.004725835157779024,0.0022899617905923486,upper
RELATIVE_STRENGTH_CONTINUATION,2024-08-30,2024-09-02,15:00,NEXT_OPEN,0.007909622826299034,0.002395819636082902,upper
RELATIVE_STRENGTH_CONTINUATION,2024-09-02,2024-09-03,15:00,NEXT_OPEN,0.008181232039596809,0.002395819636082902,upper
RELATIVE_STRENGTH_CONTINUATION,2024-09-03,2024-09-04,15:00,NEXT_OPEN,0.014648076149447742,0.0031463314140783155,upper
RELATIVE_STRENGTH_CONTINUATION,2024-09-04,2024-09-05,15:00,NEXT_OPEN,0.014471834750448054,0.0031463314140783155,upper
RELATIVE_STRENGTH_CONTINUATION,2024-09-05,2024-09-06,15:00,NEXT_OPEN,0.006669280984350268,0.0039793357356037035,upper
RELATIVE_STRENGTH_CONTINUATION,2024-09-06,2024-09-09,15:00,NEXT_OPEN,0.004423272919470145,0.004050282250000786,upper
RELATIVE_STRENGTH_CONTINUATION,2024-09-09,2024-09-10,15:00,NEXT_OPEN,0.008294210126435775,0.004246445543142782,upper
OPENING_GAP_REVERSION,2024-09-11,2024-09-11,09:30,09:40,-0.0004063328377396855,0.00016151115350262547,lower
OPENING_GAP_REVERSION,2024-09-19,2024-09-19,09:30,09:40,9.354366544900728e-05,0.00013957474771498363,lower
OPENING_GAP_REVERSION,2024-09-20,2024-09-20,09:30,09:40,-0.0008205754542735051,0.0001330008663606476,lower
RELATIVE_STRENGTH_CONTINUATION,2024-09-19,2024-09-20,15:00,NEXT_OPEN,0.005166061717264914,0.0044767438020584666,upper
OPENING_GAP_REVERSION,2024-09-23,2024-09-23,09:30,09:40,-0.00038040912313564877,0.0001330008663606476,lower
RELATIVE_RESIDUAL_REVERSION,2024-09-23,2024-09-24,15:00,NEXT_OPEN,-0.007800095937230966,-0.005491111366451945,lower
OPENING_GAP_REVERSION,2024-09-26,2024-09-26,09:30,09:40,-0.0007784187223683044,0.00012507645819827897,lower
RELATIVE_STRENGTH_CONTINUATION,2024-09-27,2024-09-30,15:00,NEXT_OPEN,0.010850258432685667,0.00465932612681233,upper
OPENING_GAP_REVERSION,2024-10-08,2024-10-08,09:30,09:40,8.900710527944e-05,0.00012507645819827897,lower
RELATIVE_STRENGTH_CONTINUATION,2024-09-30,2024-10-08,15:00,NEXT_OPEN,0.007873298684664687,0.00473574951175415,upper
OPENING_GAP_REVERSION,2024-10-10,2024-10-10,09:30,09:40,-0.00731375118225257,0.00010438065368306617,lower
RELATIVE_STRENGTH_CONTINUATION,2024-10-09,2024-10-10,15:00,NEXT_OPEN,0.024700600689831986,0.0048289090144221225,upper
OPENING_GAP_REVERSION,2024-10-11,2024-10-11,09:30,09:40,-0.0032742489402533895,9.32486792131247e-05,lower
RELATIVE_STRENGTH_CONTINUATION,2024-10-10,2024-10-11,15:00,NEXT_OPEN,0.006308979505105228,0.005055884181803652,upper
OPENING_GAP_REVERSION,2024-10-14,2024-10-14,09:30,09:40,-0.00032524589446447,9.15245666989677e-05,lower
RELATIVE_RESIDUAL_REVERSION,2024-10-14,2024-10-15,15:00,NEXT_OPEN,-0.022757032603429428,-0.005163711745764979,lower
RELATIVE_RESIDUAL_REVERSION,2024-10-15,2024-10-16,15:00,NEXT_OPEN,-0.00962300430116203,-0.005267812216961404,lower
OPENING_GAP_REVERSION,2024-10-17,2024-10-17,09:30,09:40,-0.0012204832605773232,9.32486792131247e-05,lower
OPENING_GAP_REVERSION,2024-10-23,2024-10-23,09:30,09:40,-0.0008354220824088611,9.15245666989677e-05,lower
OPENING_GAP_REVERSION,2024-10-24,2024-10-24,09:30,09:40,-5.79760615505541e-05,8.323934338740535e-05,lower
RELATIVE_STRENGTH_CONTINUATION,2024-10-25,2024-10-28,15:00,NEXT_OPEN,0.005272648370374777,0.005259421985879281,upper
OPENING_GAP_REVERSION,2024-10-29,2024-10-29,09:30,09:40,-6.961645165923496e-06,5.957592080394847e-05,lower
RELATIVE_STRENGTH_CONTINUATION,2024-10-28,2024-10-29,15:00,NEXT_OPEN,0.008443667865491666,0.0053161398249454705,upper
RELATIVE_STRENGTH_CONTINUATION,2024-10-29,2024-10-30,15:00,NEXT_OPEN,0.006758064647138684,0.00566220551776947,upper
OPENING_GAP_REVERSION,2024-10-31,2024-10-31,09:30,09:40,-0.0017098035912140072,5.957592080394847e-05,lower
RELATIVE_STRENGTH_CONTINUATION,2024-10-30,2024-10-31,15:00,NEXT_OPEN,0.011366764073957425,0.006399054874916488,upper
RELATIVE_STRENGTH_CONTINUATION,2024-10-31,2024-11-01,15:00,NEXT_OPEN,0.015050708677985303,0.006691476900047372,upper
RELATIVE_STRENGTH_CONTINUATION,2024-11-01,2024-11-04,15:00,NEXT_OPEN,0.019550804236958874,0.007022095806109074,upper
RELATIVE_STRENGTH_CONTINUATION,2024-11-04,2024-11-05,15:00,NEXT_OPEN,0.01220377857816013,0.007022095806109074,upper
RELATIVE_STRENGTH_CONTINUATION,2024-11-05,2024-11-06,15:00,NEXT_OPEN,0.010962139323249298,0.007022095806109074,upper
RELATIVE_STRENGTH_CONTINUATION,2024-11-06,2024-11-07,15:00,NEXT_OPEN,0.008243449910879885,0.007828966633431356,upper
RELATIVE_RESIDUAL_REVERSION,2024-11-07,2024-11-08,15:00,NEXT_OPEN,-0.0034030686237385144,-0.0021631812580201054,lower
OPENING_GAP_REVERSION,2024-11-13,2024-11-13,09:30,09:40,-0.0004686304867513617,6.501491766809913e-05,lower
RELATIVE_RESIDUAL_REVERSION,2024-11-14,2024-11-15,15:00,NEXT_OPEN,-0.006078447220276728,-0.002807751780520659,lower
OPENING_GAP_REVERSION,2024-11-18,2024-11-18,09:30,09:40,-0.0016791916289631064,-1.9715249262081147e-05,lower
RELATIVE_RESIDUAL_REVERSION,2024-11-15,2024-11-18,15:00,NEXT_OPEN,-0.013158972935079283,-0.0034635164496594067,lower
RELATIVE_RESIDUAL_REVERSION,2024-11-18,2024-11-19,15:00,NEXT_OPEN,-0.010877140149471276,-0.003727622000569017,lower
RELATIVE_RESIDUAL_REVERSION,2024-11-19,2024-11-20,15:00,NEXT_OPEN,-0.006153473247031194,-0.003727622000569017,lower
OPENING_GAP_REVERSION,2024-11-21,2024-11-21,09:30,09:40,-3.615273079389742e-05,6.501491766809913e-05,lower
OPENING_GAP_REVERSION,2024-11-22,2024-11-22,09:30,09:40,-0.0007459963451795424,-1.4259416572916976e-05,lower
OPENING_GAP_REVERSION,2024-11-25,2024-11-25,09:30,09:40,-0.0005402017171814745,-4.160856348306159e-05,lower
RELATIVE_RESIDUAL_REVERSION,2024-11-22,2024-11-25,15:00,NEXT_OPEN,-0.009002239203165119,-0.002523196513503273,lower
RELATIVE_RESIDUAL_REVERSION,2024-11-25,2024-11-26,15:00,NEXT_OPEN,-0.010721776377780268,-0.002523196513503273,lower
RELATIVE_RESIDUAL_REVERSION,2024-11-26,2024-11-27,15:00,NEXT_OPEN,-0.007424416653943555,-0.002523196513503273,lower
OPENING_GAP_REVERSION,2024-11-28,2024-11-28,09:30,09:40,-0.00040917207752515813,-0.00012479351977903307,lower
RELATIVE_RESIDUAL_REVERSION,2024-11-27,2024-11-28,15:00,NEXT_OPEN,-0.002644888309427329,-0.002523196513503273,lower
OPENING_GAP_REVERSION,2024-11-29,2024-11-29,09:30,09:40,-0.0004993225232643897,-0.00012479351977903307,lower
OPENING_GAP_REVERSION,2024-12-11,2024-12-11,09:30,09:40,-0.00047364920483698985,-0.0003390367016322647,lower
OPENING_GAP_REVERSION,2024-12-12,2024-12-12,09:30,09:40,-0.00040819176035620044,-0.00038689005178665795,lower
OPENING_GAP_REVERSION,2024-12-13,2024-12-13,09:30,09:40,-0.0032871056341601725,-0.0004067975683938142,lower
OPENING_GAP_REVERSION,2024-12-16,2024-12-16,09:30,09:40,-0.001227923473420125,-0.00040843683964843984,lower
RELATIVE_STRENGTH_CONTINUATION,2024-12-13,2024-12-16,15:00,NEXT_OPEN,0.007391124864049914,0.004817529694614006,upper
RELATIVE_RESIDUAL_REVERSION,2024-12-18,2024-12-19,15:00,NEXT_OPEN,-0.007039862595199398,-0.0020683295023476433,lower
OPENING_GAP_REVERSION,2024-12-24,2024-12-24,09:30,09:40,-0.0006847281401197783,-0.00040843683964843984,lower
RELATIVE_RESIDUAL_REVERSION,2024-12-23,2024-12-24,15:00,NEXT_OPEN,-0.002503478921950242,-0.0023336514349254767,lower
RELATIVE_RESIDUAL_REVERSION,2024-12-24,2024-12-25,15:00,NEXT_OPEN,-0.003342084788539812,-0.002298299088056205,lower
RELATIVE_RESIDUAL_REVERSION,2024-12-25,2024-12-26,15:00,NEXT_OPEN,-0.00564899133338248,-0.002298299088056205,lower
OPENING_GAP_REVERSION,2024-12-27,2024-12-27,09:30,09:40,-0.0020426246492736807,-0.00040843683964843984,lower
RELATIVE_RESIDUAL_REVERSION,2024-12-31,2025-01-02,15:00,NEXT_OPEN,-0.005004591950720005,-0.0025388312688195136,lower
OPENING_GAP_REVERSION,2025-01-03,2025-01-03,09:30,09:40,-0.0015239275670957543,-0.000424036679831709,lower
RELATIVE_RESIDUAL_REVERSION,2025-01-02,2025-01-03,15:00,NEXT_OPEN,-0.009821268091327329,-0.0025388312688195136,lower
RELATIVE_RESIDUAL_REVERSION,2025-01-03,2025-01-06,15:00,NEXT_OPEN,-0.009848594870744298,-0.0028191874292054497,lower
OPENING_GAP_REVERSION,2025-01-13,2025-01-13,09:30,09:40,-0.0019389265621158188,-0.0003113019882328271,lower
OPENING_GAP_REVERSION,2025-01-17,2025-01-17,09:30,09:40,-0.0016552872990107576,-0.0003113019882328271,lower
RELATIVE_STRENGTH_CONTINUATION,2025-01-17,2025-01-20,15:00,NEXT_OPEN,0.0032187665298774037,0.0021635041800814325,upper
OPENING_GAP_REVERSION,2025-01-21,2025-01-21,09:30,09:40,-0.0009671429000144794,-0.00040843683964843984,lower
RELATIVE_STRENGTH_CONTINUATION,2025-01-22,2025-01-23,15:00,NEXT_OPEN,0.007762244815355701,0.0019833588868694574,upper
OPENING_GAP_REVERSION,2025-01-24,2025-01-24,09:30,09:40,-0.0008043741925142271,-0.000424036679831709,lower
RELATIVE_STRENGTH_CONTINUATION,2025-01-23,2025-01-24,15:00,NEXT_OPEN,0.0039010389678112434,0.0019833588868694574,upper
OPENING_GAP_REVERSION,2025-01-27,2025-01-27,09:30,09:40,-0.0004919167285964241,-0.000424036679831709,lower
RELATIVE_RESIDUAL_REVERSION,2025-01-27,2025-02-05,15:00,NEXT_OPEN,-0.004703448713083147,-0.0025388312688195136,lower
RELATIVE_STRENGTH_CONTINUATION,2025-02-05,2025-02-06,15:00,NEXT_OPEN,0.0034665831859164165,0.0018847175528706739,upper
RELATIVE_STRENGTH_CONTINUATION,2025-02-06,2025-02-07,15:00,NEXT_OPEN,0.002852524921956867,0.0018847175528706739,upper
RELATIVE_STRENGTH_CONTINUATION,2025-02-07,2025-02-10,15:00,NEXT_OPEN,0.006255849804842284,0.0018847175528706739,upper
RELATIVE_STRENGTH_CONTINUATION,2025-02-10,2025-02-11,15:00,NEXT_OPEN,0.010750156951751855,0.0018847175528706739,upper
OPENING_GAP_REVERSION,2025-02-12,2025-02-12,09:30,09:40,-0.0021579215950636756,-0.00046988516627276874,lower
RELATIVE_STRENGTH_CONTINUATION,2025-02-11,2025-02-12,15:00,NEXT_OPEN,0.009635412560305534,0.0019262832249301587,upper
RELATIVE_STRENGTH_CONTINUATION,2025-02-12,2025-02-13,15:00,NEXT_OPEN,0.007262670123098891,0.0019833588868694574,upper
OPENING_GAP_REVERSION,2025-02-14,2025-02-14,09:30,09:40,-0.0012079540232441998,-0.0004782160857768484,lower
RELATIVE_STRENGTH_CONTINUATION,2025-02-13,2025-02-14,15:00,NEXT_OPEN,0.004113573821842742,0.0019833588868694574,upper
RELATIVE_STRENGTH_CONTINUATION,2025-02-14,2025-02-17,15:00,NEXT_OPEN,0.005890502901184536,0.0019833588868694574,upper
OPENING_GAP_REVERSION,2025-02-18,2025-02-18,09:30,09:40,-0.0016001151141077823,-0.0004937681772634154,lower
RELATIVE_RESIDUAL_REVERSION,2025-02-18,2025-02-19,15:00,NEXT_OPEN,-0.005662366324440504,-0.002298299088056205,lower
RELATIVE_RESIDUAL_REVERSION,2025-02-19,2025-02-20,15:00,NEXT_OPEN,-0.005757180544340046,-0.002298299088056205,lower
RELATIVE_RESIDUAL_REVERSION,2025-02-25,2025-02-26,15:00,NEXT_OPEN,-0.004506352857820195,-0.0019016423663986703,lower
OPENING_GAP_REVERSION,2025-02-27,2025-02-27,09:30,09:40,-0.0009189668906117602,-0.00042529135935311606,lower
RELATIVE_RESIDUAL_REVERSION,2025-02-26,2025-02-27,15:00,NEXT_OPEN,-0.005256724434038795,-0.0019016423663986703,lower
OPENING_GAP_REVERSION,2025-02-28,2025-02-28,09:30,09:40,-0.0014053891290636772,-0.0004782160857768484,lower
RELATIVE_RESIDUAL_REVERSION,2025-02-27,2025-02-28,15:00,NEXT_OPEN,-0.004668431815303076,-0.0019016423663986703,lower
OPENING_GAP_REVERSION,2025-03-03,2025-03-03,09:30,09:40,-0.0007221871086112204,-0.0004937681772634154,lower
RELATIVE_RESIDUAL_REVERSION,2025-02-28,2025-03-03,15:00,NEXT_OPEN,-0.002147172846445833,-0.0019016423663986703,lower
OPENING_GAP_REVERSION,2025-03-04,2025-03-04,09:30,09:40,-0.0006423580304833702,-0.0005456739274782368,lower
RELATIVE_STRENGTH_CONTINUATION,2025-03-04,2025-03-05,15:00,NEXT_OPEN,0.00455938423780744,0.0020336048746360524,upper
OPENING_GAP_REVERSION,2025-03-06,2025-03-06,09:30,09:40,-0.0009864878228589835,-0.0006529505578924723,lower
OPENING_GAP_REVERSION,2025-03-07,2025-03-07,09:30,09:40,-0.0007234687361588475,-0.0006940928822426389,lower
RELATIVE_RESIDUAL_REVERSION,2025-03-06,2025-03-07,15:00,NEXT_OPEN,-0.001974435036349087,-0.0019016423663986703,lower
RELATIVE_RESIDUAL_REVERSION,2025-03-07,2025-03-10,15:00,NEXT_OPEN,-0.005719918682860703,-0.0019694353041053714,lower
OPENING_GAP_REVERSION,2025-03-11,2025-03-11,09:30,09:40,-0.0014093761136550979,-0.0007225075154981272,lower
RELATIVE_RESIDUAL_REVERSION,2025-03-10,2025-03-11,15:00,NEXT_OPEN,-0.002536054614334593,-0.0020176194888732735,lower
RELATIVE_STRENGTH_CONTINUATION,2025-03-13,2025-03-14,15:00,NEXT_OPEN,0.002147315503099878,0.0020336048746360524,upper
RELATIVE_STRENGTH_CONTINUATION,2025-03-18,2025-03-19,15:00,NEXT_OPEN,0.0024588145217027124,0.0020336048746360524,upper
OPENING_GAP_REVERSION,2025-03-21,2025-03-21,09:30,09:40,-0.0013367566798809932,-0.0006979333986791724,lower
RELATIVE_STRENGTH_CONTINUATION,2025-03-21,2025-03-24,15:00,NEXT_OPEN,0.003567952266335328,0.0020336048746360524,upper
RELATIVE_STRENGTH_CONTINUATION,2025-03-24,2025-03-25,15:00,NEXT_OPEN,0.002976099020327916,0.0020798979508432347,upper
RELATIVE_STRENGTH_CONTINUATION,2025-03-26,2025-03-27,15:00,NEXT_OPEN,0.0033002522293051895,0.0022251902577505867,upper
RELATIVE_STRENGTH_CONTINUATION,2025-03-27,2025-03-28,15:00,NEXT_OPEN,0.004857562773826984,0.002557242121766251,upper
OPENING_GAP_REVERSION,2025-03-31,2025-03-31,09:30,09:40,-0.0022521417816637897,-0.0007225075154981272,lower
RELATIVE_RESIDUAL_REVERSION,2025-03-31,2025-04-01,15:00,NEXT_OPEN,-0.002966520275530571,-0.0014224454601472203,lower
RELATIVE_RESIDUAL_REVERSION,2025-04-07,2025-04-08,15:00,NEXT_OPEN,-0.014400570570876847,-0.0014224454601472203,lower
RELATIVE_RESIDUAL_REVERSION,2025-04-08,2025-04-09,15:00,NEXT_OPEN,-0.00948519137994086,-0.0014224454601472203,lower
OPENING_GAP_REVERSION,2025-04-10,2025-04-10,09:30,09:40,-0.001129704551586121,-0.0006979333986791724,lower
RELATIVE_RESIDUAL_REVERSION,2025-04-14,2025-04-15,15:00,NEXT_OPEN,-0.0015914949365798403,-0.0013855244522784638,lower
RELATIVE_STRENGTH_CONTINUATION,2025-04-14,2025-04-15,15:00,NEXT_OPEN,0.011193828860244115,0.0028834184465496293,upper
OPENING_GAP_REVERSION,2025-04-16,2025-04-16,09:30,09:40,-0.002612754625618499,-0.0007225075154981272,lower
RELATIVE_RESIDUAL_REVERSION,2025-04-15,2025-04-16,15:00,NEXT_OPEN,-0.003377881896936663,-0.0013134981248481004,lower
RELATIVE_STRENGTH_CONTINUATION,2025-04-15,2025-04-16,15:00,NEXT_OPEN,0.0037149477257182317,0.003036765897715288,upper
RELATIVE_RESIDUAL_REVERSION,2025-04-16,2025-04-17,15:00,NEXT_OPEN,-0.005924162021222146,-0.0016635212640102037,lower
RELATIVE_RESIDUAL_REVERSION,2025-04-17,2025-04-18,15:00,NEXT_OPEN,-0.006237370927304697,-0.0019033089438132422,lower
RELATIVE_RESIDUAL_REVERSION,2025-04-18,2025-04-21,15:00,NEXT_OPEN,-0.0037190631435212174,-0.0020176194888732735,lower
OPENING_GAP_REVERSION,2025-04-22,2025-04-22,09:30,09:40,-0.0016802570730169088,-0.0007225075154981272,lower
RELATIVE_RESIDUAL_REVERSION,2025-04-24,2025-04-25,15:00,NEXT_OPEN,-0.0038136330023146314,-0.002244393288418023,lower
OPENING_GAP_REVERSION,2025-04-29,2025-04-29,09:30,09:40,-0.0029425394729932297,-0.0006979333986791724,lower
RELATIVE_STRENGTH_CONTINUATION,2025-04-30,2025-05-06,15:00,NEXT_OPEN,0.004432142611390133,0.002557242121766251,upper
RELATIVE_STRENGTH_CONTINUATION,2025-05-06,2025-05-07,15:00,NEXT_OPEN,0.005129611373670517,0.0028834184465496293,upper
RELATIVE_RESIDUAL_REVERSION,2025-05-08,2025-05-09,15:00,NEXT_OPEN,-0.0035327131165485692,-0.002244393288418023,lower
OPENING_GAP_REVERSION,2025-05-12,2025-05-12,09:30,09:40,-0.0009831957616656959,-0.0006979333986791724,lower
RELATIVE_RESIDUAL_REVERSION,2025-05-09,2025-05-12,15:00,NEXT_OPEN,-0.006597081061496923,-0.0026436710296335875,lower
RELATIVE_RESIDUAL_REVERSION,2025-05-12,2025-05-13,15:00,NEXT_OPEN,-0.0049552373002560435,-0.003069360680882094,lower
OPENING_GAP_REVERSION,2025-05-15,2025-05-15,09:30,09:40,-0.000853297948780207,-0.0006979333986791724,lower
RELATIVE_RESIDUAL_REVERSION,2025-05-14,2025-05-15,15:00,NEXT_OPEN,-0.005292238698587859,-0.0034165897018396396,lower
RELATIVE_RESIDUAL_REVERSION,2025-05-15,2025-05-16,15:00,NEXT_OPEN,-0.00618119083548474,-0.0035793006232917313,lower
RELATIVE_RESIDUAL_REVERSION,2025-05-16,2025-05-19,15:00,NEXT_OPEN,-0.00490709949696988,-0.003742705608219571,lower
OPENING_GAP_REVERSION,2025-05-21,2025-05-21,09:30,09:40,-0.0008497842389181567,-0.0006558505185456444,lower
OPENING_GAP_REVERSION,2025-05-22,2025-05-22,09:30,09:40,-0.002452876070511712,-0.0006979333986791724,lower
RELATIVE_RESIDUAL_REVERSION,2025-05-22,2025-05-23,15:00,NEXT_OPEN,-0.004647571109287263,-0.0035793006232917313,lower
RELATIVE_STRENGTH_CONTINUATION,2025-05-27,2025-05-28,15:00,NEXT_OPEN,0.002122823677704555,0.0014353749604094912,upper
RELATIVE_STRENGTH_CONTINUATION,2025-05-28,2025-05-29,15:00,NEXT_OPEN,0.0016656634262012249,0.0014793747631941523,upper
RELATIVE_STRENGTH_CONTINUATION,2025-05-29,2025-05-30,15:00,NEXT_OPEN,0.006521869636966993,0.0016131458698920575,upper
RELATIVE_STRENGTH_CONTINUATION,2025-05-30,2025-06-03,15:00,NEXT_OPEN,0.00493263506563868,0.0016543402664828677,upper
RELATIVE_STRENGTH_CONTINUATION,2025-06-03,2025-06-04,15:00,NEXT_OPEN,0.002766837819422774,0.0017799534890770574,upper
RELATIVE_STRENGTH_CONTINUATION,2025-06-04,2025-06-05,15:00,NEXT_OPEN,0.0025286982599801444,0.0017799534890770574,upper
OPENING_GAP_REVERSION,2025-06-06,2025-06-06,09:30,09:40,-0.0007510049418667106,-0.0005993021173949849,lower
RELATIVE_STRENGTH_CONTINUATION,2025-06-05,2025-06-06,15:00,NEXT_OPEN,0.0033050754435428598,0.002128946634053386,upper
OPENING_GAP_REVERSION,2025-06-10,2025-06-10,09:30,09:40,-0.0006504103408587852,-0.0005399961711905093,lower
RELATIVE_STRENGTH_CONTINUATION,2025-06-09,2025-06-10,15:00,NEXT_OPEN,0.002977970114297568,0.002161748539429076,upper
RELATIVE_STRENGTH_CONTINUATION,2025-06-10,2025-06-11,15:00,NEXT_OPEN,0.0028568702475576524,0.00226848936673818,upper
OPENING_GAP_REVERSION,2025-06-16,2025-06-16,09:30,09:40,-0.0012586924892784733,-0.0005399961711905093,lower
RELATIVE_RESIDUAL_REVERSION,2025-06-18,2025-06-19,15:00,NEXT_OPEN,-0.0031191853779701795,-0.002857794173570155,lower
RELATIVE_RESIDUAL_REVERSION,2025-06-20,2025-06-23,15:00,NEXT_OPEN,-0.004672390833808104,-0.003004686551140473,lower
RELATIVE_RESIDUAL_REVERSION,2025-06-23,2025-06-24,15:00,NEXT_OPEN,-0.005608702830457224,-0.0031838595077118004,lower
RELATIVE_RESIDUAL_REVERSION,2025-06-24,2025-06-25,15:00,NEXT_OPEN,-0.004699584514262334,-0.0034165897018396396,lower
OPENING_GAP_REVERSION,2025-06-27,2025-06-27,09:30,09:40,-0.0008699651080193874,-0.00047989253670435933,lower
RELATIVE_STRENGTH_CONTINUATION,2025-06-27,2025-06-30,15:00,NEXT_OPEN,0.006381358845551244,0.0017790931847440905,upper
OPENING_GAP_REVERSION,2025-07-01,2025-07-01,09:30,09:40,-0.0019312974106013583,-0.00047989253670435933,lower
RELATIVE_STRENGTH_CONTINUATION,2025-06-30,2025-07-01,15:00,NEXT_OPEN,0.008687059871660185,0.002044255071036699,upper
OPENING_GAP_REVERSION,2025-07-02,2025-07-02,09:30,09:40,-0.0019713026683537164,-0.0005399961711905093,lower
RELATIVE_STRENGTH_CONTINUATION,2025-07-01,2025-07-02,15:00,NEXT_OPEN,0.008830753296071525,0.0020850477321295857,upper
RELATIVE_STRENGTH_CONTINUATION,2025-07-02,2025-07-03,15:00,NEXT_OPEN,0.0039050503125901415,0.0021433796703825836,upper
RELATIVE_STRENGTH_CONTINUATION,2025-07-03,2025-07-04,15:00,NEXT_OPEN,0.0030855759413603856,0.002285960301307538,upper
RELATIVE_RESIDUAL_REVERSION,2025-07-04,2025-07-07,15:00,NEXT_OPEN,-0.004367328336311926,-0.0035793006232917313,lower
OPENING_GAP_REVERSION,2025-07-11,2025-07-11,09:30,09:40,-0.0010069597616870765,-0.0005399961711905093,lower
RELATIVE_STRENGTH_CONTINUATION,2025-07-11,2025-07-14,15:00,NEXT_OPEN,0.0032543017190241885,0.0025882331498408018,upper
OPENING_GAP_REVERSION,2025-07-15,2025-07-15,09:30,09:40,-0.002247265744873733,-0.0006459908965848848,lower
OPENING_GAP_REVERSION,2025-07-16,2025-07-16,09:30,09:40,-0.0008087993267127328,-0.0006459908965848848,lower
RELATIVE_STRENGTH_CONTINUATION,2025-07-16,2025-07-17,15:00,NEXT_OPEN,0.002819719128232867,0.0023709275582178557,upper
RELATIVE_STRENGTH_CONTINUATION,2025-07-21,2025-07-22,15:00,NEXT_OPEN,0.0027358726427060276,0.0025882331498408018,upper
RELATIVE_STRENGTH_CONTINUATION,2025-07-22,2025-07-23,15:00,NEXT_OPEN,0.0036267215948085907,0.002743613936885214,upper
OPENING_GAP_REVERSION,2025-07-24,2025-07-24,09:30,09:40,-0.0010650670040194751,-0.0006459908965848848,lower
RELATIVE_STRENGTH_CONTINUATION,2025-07-23,2025-07-24,15:00,NEXT_OPEN,0.003400967307471081,0.002780058146625297,upper
RELATIVE_STRENGTH_CONTINUATION,2025-07-24,2025-07-25,15:00,NEXT_OPEN,0.006841341096195608,0.0028290069080640634,upper
RELATIVE_STRENGTH_CONTINUATION,2025-07-25,2025-07-28,15:00,NEXT_OPEN,0.011826948331636333,0.0028871452142426313,upper
OPENING_GAP_REVERSION,2025-07-29,2025-07-29,09:30,09:40,-0.00105731984121019,-0.0006459908965848848,lower
RELATIVE_STRENGTH_CONTINUATION,2025-07-28,2025-07-29,15:00,NEXT_OPEN,0.010431810271443465,0.0030048715710632723,upper
OPENING_GAP_REVERSION,2025-07-30,2025-07-30,09:30,09:40,-0.002089488866667114,-0.0006580225904705766,lower
RELATIVE_STRENGTH_CONTINUATION,2025-07-29,2025-07-30,15:00,NEXT_OPEN,0.007678358412555486,0.0031277573857763363,upper
OPENING_GAP_REVERSION,2025-07-31,2025-07-31,09:30,09:40,-0.0014576385833951124,-0.0006983957399461408,lower
RELATIVE_STRENGTH_CONTINUATION,2025-07-30,2025-07-31,15:00,NEXT_OPEN,0.007463219181942926,0.0031277573857763363,upper
OPENING_GAP_REVERSION,2025-08-01,2025-08-01,09:30,09:40,-0.0011176137483368293,-0.0007654535380782161,lower
RELATIVE_RESIDUAL_REVERSION,2025-07-31,2025-08-01,15:00,NEXT_OPEN,-0.0038864749565014067,-0.002017744883528072,lower
OPENING_GAP_REVERSION,2025-08-04,2025-08-04,09:30,09:40,-0.0010845404427080622,-0.0008190455547640888,lower
OPENING_GAP_REVERSION,2025-08-06,2025-08-06,09:30,09:40,-0.004294746374356506,-0.0008190455547640888,lower
OPENING_GAP_REVERSION,2025-08-08,2025-08-08,09:30,09:40,-0.003397858346656285,-0.0008506626663836692,lower
RELATIVE_RESIDUAL_REVERSION,2025-08-07,2025-08-08,15:00,NEXT_OPEN,-0.0018226391962210542,-0.0012951761232178893,lower
OPENING_GAP_REVERSION,2025-08-14,2025-08-14,09:30,09:40,-0.00395544383568804,-0.0008548294561934644,lower
RELATIVE_RESIDUAL_REVERSION,2025-08-14,2025-08-15,15:00,NEXT_OPEN,-0.0022341277173706375,-0.001082892192487972,lower
RELATIVE_STRENGTH_CONTINUATION,2025-08-15,2025-08-18,15:00,NEXT_OPEN,0.005868372116198062,0.0031277573857763363,upper
RELATIVE_STRENGTH_CONTINUATION,2025-08-18,2025-08-19,15:00,NEXT_OPEN,0.007380807081729057,0.0032669951501538563,upper
RELATIVE_STRENGTH_CONTINUATION,2025-08-19,2025-08-20,15:00,NEXT_OPEN,0.007134767140848597,0.003329048409524915,upper
RELATIVE_STRENGTH_CONTINUATION,2025-08-20,2025-08-21,15:00,NEXT_OPEN,0.006503271957372547,0.0034574058793054585,upper
RELATIVE_RESIDUAL_REVERSION,2025-08-21,2025-08-22,15:00,NEXT_OPEN,-0.0016098550504684006,-0.001082892192487972,lower
RELATIVE_STRENGTH_CONTINUATION,2025-08-21,2025-08-22,15:00,NEXT_OPEN,0.008005079748631294,0.0036963037742539784,upper
RELATIVE_RESIDUAL_REVERSION,2025-08-22,2025-08-25,15:00,NEXT_OPEN,-0.002789046948520113,-0.0011196134421203041,lower
OPENING_GAP_REVERSION,2025-08-26,2025-08-26,09:30,09:40,-0.0009801422827519887,-0.0008240907720393965,lower
RELATIVE_RESIDUAL_REVERSION,2025-08-25,2025-08-26,15:00,NEXT_OPEN,-0.002315859300983325,-0.0012021770267109932,lower
RELATIVE_STRENGTH_CONTINUATION,2025-08-27,2025-08-28,15:00,NEXT_OPEN,0.004481288541242745,0.0034574058793054585,upper
RELATIVE_STRENGTH_CONTINUATION,2025-08-28,2025-08-29,15:00,NEXT_OPEN,0.012408620302937545,0.0036963037742539784,upper
RELATIVE_STRENGTH_CONTINUATION,2025-08-29,2025-09-01,15:00,NEXT_OPEN,0.014714887982049119,0.004049109869753292,upper
OPENING_GAP_REVERSION,2025-09-02,2025-09-02,09:30,09:40,-0.002337654065969669,-0.0008975094017025377,lower
RELATIVE_STRENGTH_CONTINUATION,2025-09-01,2025-09-02,15:00,NEXT_OPEN,0.015371310877533073,0.004828059434981574,upper
RELATIVE_RESIDUAL_REVERSION,2025-09-02,2025-09-03,15:00,NEXT_OPEN,-0.0019315696907487023,-0.0014179861213569345,lower
RELATIVE_RESIDUAL_REVERSION,2025-09-03,2025-09-04,15:00,NEXT_OPEN,-0.007326134976642806,-0.0016596687557831058,lower
RELATIVE_RESIDUAL_REVERSION,2025-09-04,2025-09-05,15:00,NEXT_OPEN,-0.010803448333704946,-0.0018124922028506796,lower
RELATIVE_STRENGTH_CONTINUATION,2025-09-09,2025-09-10,15:00,NEXT_OPEN,0.006635321829351337,0.006091271100745421,upper
RELATIVE_STRENGTH_CONTINUATION,2025-09-10,2025-09-11,15:00,NEXT_OPEN,0.009047717453480653,0.00641183712350657,upper
RELATIVE_STRENGTH_CONTINUATION,2025-09-11,2025-09-12,15:00,NEXT_OPEN,0.01501504485996441,0.006536284425367245,upper
RELATIVE_STRENGTH_CONTINUATION,2025-09-12,2025-09-15,15:00,NEXT_OPEN,0.013138874584071258,0.006686826646062405,upper
RELATIVE_STRENGTH_CONTINUATION,2025-09-16,2025-09-17,15:00,NEXT_OPEN,0.010085722795002527,0.006914697607358855,upper
OPENING_GAP_REVERSION,2025-09-18,2025-09-18,09:30,09:40,-0.0013853217622471535,-0.0008975094017025377,lower
RELATIVE_STRENGTH_CONTINUATION,2025-09-17,2025-09-18,15:00,NEXT_OPEN,0.014210295074980839,0.007196277126068712,upper
RELATIVE_STRENGTH_CONTINUATION,2025-09-18,2025-09-19,15:00,NEXT_OPEN,0.013509182432030364,0.007401410106782524,upper
RELATIVE_STRENGTH_CONTINUATION,2025-09-22,2025-09-23,15:00,NEXT_OPEN,0.008092344301329546,0.007517003989596066,upper
RELATIVE_RESIDUAL_REVERSION,2025-09-23,2025-09-24,15:00,NEXT_OPEN,-0.0014380069393528094,-0.0011196134421203041,lower
RELATIVE_STRENGTH_CONTINUATION,2025-09-24,2025-09-25,15:00,NEXT_OPEN,0.010544023729924912,0.007401410106782524,upper
OPENING_GAP_REVERSION,2025-09-26,2025-09-26,09:30,09:40,-0.0018198831579464047,-0.0008194486442243219,lower
OPENING_GAP_REVERSION,2025-09-30,2025-09-30,09:30,09:40,-0.002310813711067664,-0.0008835830182573139,lower
RELATIVE_STRENGTH_CONTINUATION,2025-09-29,2025-09-30,15:00,NEXT_OPEN,0.007659449022056952,0.007517003989596066,upper
RELATIVE_STRENGTH_CONTINUATION,2025-09-30,2025-10-09,15:00,NEXT_OPEN,0.008778876855431772,0.007664176369681586,upper
RELATIVE_RESIDUAL_REVERSION,2025-10-14,2025-10-15,15:00,NEXT_OPEN,-0.013008556523354309,-0.0008544074603343554,lower
OPENING_GAP_REVERSION,2025-10-16,2025-10-16,09:30,09:40,-0.005795150788623554,-0.0008194486442243219,lower
RELATIVE_RESIDUAL_REVERSION,2025-10-15,2025-10-16,15:00,NEXT_OPEN,-0.010034536061804489,-0.001082892192487972,lower
OPENING_GAP_REVERSION,2025-10-17,2025-10-17,09:30,09:40,-0.000985383535375217,-0.0008835830182573139,lower
RELATIVE_RESIDUAL_REVERSION,2025-10-16,2025-10-17,15:00,NEXT_OPEN,-0.01375610062360444,-0.0011196134421203041,lower
RELATIVE_RESIDUAL_REVERSION,2025-10-17,2025-10-20,15:00,NEXT_OPEN,-0.009140884760199253,-0.0012021770267109932,lower
RELATIVE_RESIDUAL_REVERSION,2025-10-20,2025-10-21,15:00,NEXT_OPEN,-0.008329859740697776,-0.0013750240935780367,lower
RELATIVE_RESIDUAL_REVERSION,2025-10-21,2025-10-22,15:00,NEXT_OPEN,-0.00196855284651809,-0.0014809689671317072,lower
RELATIVE_STRENGTH_CONTINUATION,2025-10-29,2025-10-30,15:00,NEXT_OPEN,0.014543555997566515,0.007512276641971433,upper
RELATIVE_STRENGTH_CONTINUATION,2025-10-30,2025-10-31,15:00,NEXT_OPEN,0.009592587541817355,0.007512276641971433,upper
OPENING_GAP_REVERSION,2025-11-04,2025-11-04,09:30,09:40,-0.0007642709482240516,-0.0005698388672951723,lower
RELATIVE_RESIDUAL_REVERSION,2025-11-03,2025-11-04,15:00,NEXT_OPEN,-0.007555897341049889,-0.0014809689671317072,lower
OPENING_GAP_REVERSION,2025-11-05,2025-11-05,09:30,09:40,-0.006633407918661441,-0.0005698388672951723,lower
RELATIVE_RESIDUAL_REVERSION,2025-11-04,2025-11-05,15:00,NEXT_OPEN,-0.010540156307628612,-0.0014809689671317072,lower
RELATIVE_RESIDUAL_REVERSION,2025-11-05,2025-11-06,15:00,NEXT_OPEN,-0.00983469273224502,-0.001663051086906564,lower
OPENING_GAP_REVERSION,2025-11-07,2025-11-07,09:30,09:40,-0.0009676074400225432,-0.0005698388672951723,lower
RELATIVE_RESIDUAL_REVERSION,2025-11-06,2025-11-07,15:00,NEXT_OPEN,-0.004088027390669935,-0.0018498718198529662,lower
OPENING_GAP_REVERSION,2025-11-12,2025-11-12,09:30,09:40,-0.0014287789908988564,-0.0005099593914183445,lower
RELATIVE_RESIDUAL_REVERSION,2025-11-11,2025-11-12,15:00,NEXT_OPEN,-0.0024712660121406493,-0.0019408154796910493,lower
RELATIVE_RESIDUAL_REVERSION,2025-11-12,2025-11-13,15:00,NEXT_OPEN,-0.00476760063969861,-0.002034946564231227,lower
OPENING_GAP_REVERSION,2025-11-14,2025-11-14,09:30,09:40,-0.0017740519811065107,-0.0005698388672951723,lower
RELATIVE_RESIDUAL_REVERSION,2025-11-14,2025-11-17,15:00,NEXT_OPEN,-0.0024948711766044074,-0.0022545606132738094,lower
OPENING_GAP_REVERSION,2025-11-18,2025-11-18,09:30,09:40,-0.001335876873500221,-0.0005698388672951723,lower
RELATIVE_RESIDUAL_REVERSION,2025-11-18,2025-11-19,15:00,NEXT_OPEN,-0.004465378394625463,-0.002354710978772656,lower
RELATIVE_RESIDUAL_REVERSION,2025-11-19,2025-11-20,15:00,NEXT_OPEN,-0.003445592995069302,-0.002477167303256589,lower
OPENING_GAP_REVERSION,2025-11-21,2025-11-21,09:30,09:40,-0.001865593140548823,-0.0006963703373844255,lower
RELATIVE_RESIDUAL_REVERSION,2025-11-20,2025-11-21,15:00,NEXT_OPEN,-0.007793823222812191,-0.002568415119583334,lower
RELATIVE_RESIDUAL_REVERSION,2025-11-21,2025-11-24,15:00,NEXT_OPEN,-0.008543939072504947,-0.0029531834601574103,lower
RELATIVE_RESIDUAL_REVERSION,2025-11-24,2025-11-25,15:00,NEXT_OPEN,-0.004600565603218976,-0.0036062015939694603,lower
OPENING_GAP_REVERSION,2025-12-02,2025-12-02,09:30,09:40,-0.006413014903887723,-0.0006963703373844255,lower
OPENING_GAP_REVERSION,2025-12-04,2025-12-04,09:30,09:40,-0.000915598346412184,-0.0006963703373844255,lower
RELATIVE_STRENGTH_CONTINUATION,2025-12-04,2025-12-05,15:00,NEXT_OPEN,0.006469649756803197,0.0063430010204485465,upper
OPENING_GAP_REVERSION,2025-12-09,2025-12-09,09:30,09:40,-0.001999205502782987,-0.0007751415248135295,lower
OPENING_GAP_REVERSION,2025-12-15,2025-12-15,09:30,09:40,-0.001004873620125153,-0.000786052360357811,lower
RELATIVE_STRENGTH_CONTINUATION,2025-12-12,2025-12-15,15:00,NEXT_OPEN,0.008266384786413394,0.006232929533490805,upper
RELATIVE_STRENGTH_CONTINUATION,2025-12-15,2025-12-16,15:00,NEXT_OPEN,0.007324904213913186,0.006232929533490805,upper
RELATIVE_STRENGTH_CONTINUATION,2025-12-16,2025-12-17,15:00,NEXT_OPEN,0.007803855764932144,0.006232929533490805,upper
RELATIVE_STRENGTH_CONTINUATION,2025-12-17,2025-12-18,15:00,NEXT_OPEN,0.0071583511316773984,0.006332591161083007,upper
RELATIVE_STRENGTH_CONTINUATION,2025-12-23,2025-12-24,15:00,NEXT_OPEN,0.007522724554642202,0.006042214384688799,upper
RELATIVE_STRENGTH_CONTINUATION,2025-12-24,2025-12-25,15:00,NEXT_OPEN,0.00751804702538994,0.006042214384688799,upper
RELATIVE_STRENGTH_CONTINUATION,2025-12-25,2025-12-26,15:00,NEXT_OPEN,0.011775773861911198,0.006232929533490805,upper
RELATIVE_STRENGTH_CONTINUATION,2025-12-26,2025-12-29,15:00,NEXT_OPEN,0.011587574451118243,0.006232929533490805,upper
OPENING_GAP_REVERSION,2025-12-30,2025-12-30,09:30,09:40,-0.001528497280318767,-0.0007703454248239095,lower
RELATIVE_STRENGTH_CONTINUATION,2025-12-29,2025-12-30,15:00,NEXT_OPEN,0.008155303955019733,0.006332591161083007,upper
RELATIVE_STRENGTH_CONTINUATION,2025-12-30,2025-12-31,15:00,NEXT_OPEN,0.010723767451288446,0.006332591161083007,upper
RELATIVE_STRENGTH_CONTINUATION,2025-12-31,2026-01-05,15:00,NEXT_OPEN,0.010541678946926147,0.006332591161083007,upper
OPENING_GAP_REVERSION,2026-01-06,2026-01-06,09:30,09:40,-0.0010873400112003605,-0.0007703454248239095,lower
RELATIVE_STRENGTH_CONTINUATION,2026-01-05,2026-01-06,15:00,NEXT_OPEN,0.012855127873808714,0.006332591161083007,upper
RELATIVE_STRENGTH_CONTINUATION,2026-01-06,2026-01-07,15:00,NEXT_OPEN,0.017123124403937817,0.006480059616168737,upper
RELATIVE_STRENGTH_CONTINUATION,2026-01-07,2026-01-08,15:00,NEXT_OPEN,0.023686747162479427,0.0066730546786183675,upper
RELATIVE_STRENGTH_CONTINUATION,2026-01-08,2026-01-09,15:00,NEXT_OPEN,0.02352064195808401,0.007199989402236345,upper
RELATIVE_STRENGTH_CONTINUATION,2026-01-09,2026-01-12,15:00,NEXT_OPEN,0.03040297444140949,0.0073731899167823745,upper
RELATIVE_STRENGTH_CONTINUATION,2026-01-12,2026-01-13,15:00,NEXT_OPEN,0.03089706120581015,0.0075192164077030055,upper
RELATIVE_STRENGTH_CONTINUATION,2026-01-13,2026-01-14,15:00,NEXT_OPEN,0.023024325433840143,0.007593007357214687,upper
OPENING_GAP_REVERSION,2026-01-15,2026-01-15,09:30,09:40,-0.001998695611207719,-0.000744540964752423,lower
RELATIVE_STRENGTH_CONTINUATION,2026-01-14,2026-01-15,15:00,NEXT_OPEN,0.0266338998785568,0.007891717812454041,upper
OPENING_GAP_REVERSION,2026-01-16,2026-01-16,09:30,09:40,-0.0013557552656879518,-0.0007703454248239095,lower
RELATIVE_STRENGTH_CONTINUATION,2026-01-15,2026-01-16,15:00,NEXT_OPEN,0.019936464562217426,0.008183074162868148,upper
RELATIVE_STRENGTH_CONTINUATION,2026-01-16,2026-01-19,15:00,NEXT_OPEN,0.015080686556786516,0.008597935475264384,upper
RELATIVE_STRENGTH_CONTINUATION,2026-01-19,2026-01-20,15:00,NEXT_OPEN,0.013694258966341355,0.009829860393094553,upper
RELATIVE_STRENGTH_CONTINUATION,2026-01-20,2026-01-21,15:00,NEXT_OPEN,0.01758774051746037,0.010587201073016722,upper
RELATIVE_STRENGTH_CONTINUATION,2026-01-21,2026-01-22,15:00,NEXT_OPEN,0.01663602715813517,0.010939719201245895,upper
RELATIVE_STRENGTH_CONTINUATION,2026-01-22,2026-01-23,15:00,NEXT_OPEN,0.021600742678788976,0.011634624303816482,upper
RELATIVE_STRENGTH_CONTINUATION,2026-01-23,2026-01-26,15:00,NEXT_OPEN,0.03722465910773409,0.012045612364885577,upper
RELATIVE_STRENGTH_CONTINUATION,2026-01-26,2026-01-27,15:00,NEXT_OPEN,0.022279791424274276,0.012045612364885577,upper
RELATIVE_STRENGTH_CONTINUATION,2026-01-27,2026-01-28,15:00,NEXT_OPEN,0.02425048114665873,0.013064910646941874,upper
OPENING_GAP_REVERSION,2026-01-29,2026-01-29,09:30,09:40,-0.0020132979157621925,-0.0007898739738505203,lower
RELATIVE_STRENGTH_CONTINUATION,2026-01-28,2026-01-29,15:00,NEXT_OPEN,0.02163852520290188,0.014040865863952645,upper
OPENING_GAP_REVERSION,2026-01-30,2026-01-30,09:30,09:40,-0.0023141237672256888,-0.000824241585251769,lower
RELATIVE_RESIDUAL_REVERSION,2026-01-29,2026-01-30,15:00,NEXT_OPEN,-0.002161024661475386,-0.0001310566775891142,lower
OPENING_GAP_REVERSION,2026-02-02,2026-02-02,09:30,09:40,-0.004198917726856856,-0.000824241585251769,lower
RELATIVE_RESIDUAL_REVERSION,2026-01-30,2026-02-02,15:00,NEXT_OPEN,-0.014194176185790996,-0.0001310566775891142,lower
RELATIVE_RESIDUAL_REVERSION,2026-02-02,2026-02-03,15:00,NEXT_OPEN,-0.03412578690641821,-0.0001310566775891142,lower
RELATIVE_RESIDUAL_REVERSION,2026-02-03,2026-02-04,15:00,NEXT_OPEN,-0.007058222579270468,-0.0001310566775891142,lower
OPENING_GAP_REVERSION,2026-02-05,2026-02-05,09:30,09:40,-0.0030886883166485347,-0.000824241585251769,lower
RELATIVE_RESIDUAL_REVERSION,2026-02-04,2026-02-05,15:00,NEXT_OPEN,-0.002422131239648073,-0.0003657243474123051,lower
OPENING_GAP_REVERSION,2026-02-06,2026-02-06,09:30,09:40,-0.003322060407216082,-0.0009379171648404262,lower
RELATIVE_RESIDUAL_REVERSION,2026-02-06,2026-02-09,15:00,NEXT_OPEN,-0.007161794471519767,-0.0003657243474123051,lower
RELATIVE_RESIDUAL_REVERSION,2026-02-09,2026-02-10,15:00,NEXT_OPEN,-0.0032582063517245796,-0.0003657243474123051,lower
OPENING_GAP_REVERSION,2026-02-11,2026-02-11,09:30,09:40,-0.0010858011095170148,-0.000824241585251769,lower
OPENING_GAP_REVERSION,2026-02-13,2026-02-13,09:30,09:40,-0.0009283907689615479,-0.000824241585251769,lower
OPENING_GAP_REVERSION,2026-02-27,2026-02-27,09:30,09:40,-0.0023064387499123614,-0.000824241585251769,lower
RELATIVE_STRENGTH_CONTINUATION,2026-03-02,2026-03-03,15:00,NEXT_OPEN,0.01869631254380133,0.015469521707123679,upper
OPENING_GAP_REVERSION,2026-03-04,2026-03-04,09:30,09:40,-0.006976606445525654,-0.0009187964520495249,lower
RELATIVE_RESIDUAL_REVERSION,2026-03-03,2026-03-04,15:00,NEXT_OPEN,-0.004727852420506995,0.0020350952561380697,lower
RELATIVE_RESIDUAL_REVERSION,2026-03-04,2026-03-05,15:00,NEXT_OPEN,-0.007997462150397983,0.0020350952561380697,lower
OPENING_GAP_REVERSION,2026-03-06,2026-03-06,09:30,09:40,-0.002582071293484393,-0.0009475114817524492,lower
RELATIVE_RESIDUAL_REVERSION,2026-03-05,2026-03-06,15:00,NEXT_OPEN,-0.014211817074090916,0.002011753544757189,lower
OPENING_GAP_REVERSION,2026-03-09,2026-03-09,09:30,09:40,-0.002344017090989697,-0.0009475114817524492,lower
RELATIVE_RESIDUAL_REVERSION,2026-03-09,2026-03-10,15:00,NEXT_OPEN,-0.0048879914258386226,0.0012989421232633969,lower
RELATIVE_RESIDUAL_REVERSION,2026-03-10,2026-03-11,15:00,NEXT_OPEN,-0.0018517672960997045,0.0012989421232633969,lower
RELATIVE_RESIDUAL_REVERSION,2026-03-11,2026-03-12,15:00,NEXT_OPEN,-0.006047666196448032,0.0012989421232633969,lower
OPENING_GAP_REVERSION,2026-03-13,2026-03-13,09:30,09:40,-0.0025720835153756364,-0.0010251054924731184,lower
RELATIVE_RESIDUAL_REVERSION,2026-03-12,2026-03-13,15:00,NEXT_OPEN,-0.006328063106124215,0.0006660205890727799,lower
RELATIVE_RESIDUAL_REVERSION,2026-03-13,2026-03-16,15:00,NEXT_OPEN,-0.01161929044921961,3.1117124319302025e-05,lower
RELATIVE_RESIDUAL_REVERSION,2026-03-16,2026-03-17,15:00,NEXT_OPEN,-0.01249031823583513,-0.0005563326209126196,lower
RELATIVE_RESIDUAL_REVERSION,2026-03-17,2026-03-18,15:00,NEXT_OPEN,-0.01779960029773242,-0.0019290816374436248,lower
OPENING_GAP_REVERSION,2026-03-19,2026-03-19,09:30,09:40,-0.0029149441712458084,-0.0010251054924731184,lower
RELATIVE_RESIDUAL_REVERSION,2026-03-18,2026-03-19,15:00,NEXT_OPEN,-0.009410846715106391,-0.0022263013060185577,lower
RELATIVE_RESIDUAL_REVERSION,2026-03-19,2026-03-20,15:00,NEXT_OPEN,-0.012213572130323924,-0.0026311500176672,lower
OPENING_GAP_REVERSION,2026-03-23,2026-03-23,09:30,09:40,-0.0014416462759646552,-0.0010861858349378512,lower
RELATIVE_RESIDUAL_REVERSION,2026-03-20,2026-03-23,15:00,NEXT_OPEN,-0.01088121634177075,-0.0036256178689201835,lower
RELATIVE_RESIDUAL_REVERSION,2026-03-23,2026-03-24,15:00,NEXT_OPEN,-0.012718638280209693,-0.004767887171839902,lower
OPENING_GAP_REVERSION,2026-03-27,2026-03-27,09:30,09:40,-0.004704296802740744,-0.0011544438248222585,lower
OPENING_GAP_REVERSION,2026-03-30,2026-03-30,09:30,09:40,-0.0013888043026154054,-0.0013772280182571277,lower
RELATIVE_RESIDUAL_REVERSION,2026-04-02,2026-04-03,15:00,NEXT_OPEN,-0.008866942074857387,-0.005177910118490975,lower
OPENING_GAP_REVERSION,2026-04-13,2026-04-13,09:30,09:40,-0.0023345086391444708,-0.0013640175249198152,lower
RELATIVE_RESIDUAL_REVERSION,2026-04-13,2026-04-14,15:00,NEXT_OPEN,-0.008902808485155456,-0.0061177654238670776,lower
OPENING_GAP_REVERSION,2026-04-22,2026-04-22,09:30,09:40,-0.0015520723601012533,-0.0011959043194346975,lower
RELATIVE_STRENGTH_CONTINUATION,2026-05-06,2026-05-07,15:00,NEXT_OPEN,0.012666738986840675,0.005960437963830584,upper
RELATIVE_STRENGTH_CONTINUATION,2026-05-07,2026-05-08,15:00,NEXT_OPEN,0.011079954310734719,0.005960437963830584,upper
RELATIVE_STRENGTH_CONTINUATION,2026-05-08,2026-05-11,15:00,NEXT_OPEN,0.015480329416798888,0.005960437963830584,upper
RELATIVE_STRENGTH_CONTINUATION,2026-05-11,2026-05-12,15:00,NEXT_OPEN,0.011439967268661588,0.00615318550740071,upper
RELATIVE_STRENGTH_CONTINUATION,2026-05-12,2026-05-13,15:00,NEXT_OPEN,0.009976886093694404,0.006397136154974836,upper
RELATIVE_RESIDUAL_REVERSION,2026-05-14,2026-05-15,15:00,NEXT_OPEN,-0.009640119737069686,-0.004963652317162476,lower
OPENING_GAP_REVERSION,2026-05-18,2026-05-18,09:30,09:40,-0.0016552534350257218,-0.0009584072923750799,lower
RELATIVE_RESIDUAL_REVERSION,2026-05-15,2026-05-18,15:00,NEXT_OPEN,-0.012579234319918475,-0.0054048927924625345,lower
RELATIVE_RESIDUAL_REVERSION,2026-05-18,2026-05-19,15:00,NEXT_OPEN,-0.012763931565130893,-0.0054048927924625345,lower
OPENING_GAP_REVERSION,2026-05-28,2026-05-28,09:30,09:40,-0.0030147951437674543,-0.0009443363822909253,lower
OPENING_GAP_REVERSION,2026-05-29,2026-05-29,09:30,09:40,-0.001153326334444884,-0.0009443363822909253,lower
RELATIVE_RESIDUAL_REVERSION,2026-05-29,2026-06-01,15:00,NEXT_OPEN,-0.01413535176257219,-0.0061177654238670776,lower
RELATIVE_RESIDUAL_REVERSION,2026-06-01,2026-06-02,15:00,NEXT_OPEN,-0.010726353423355928,-0.006745412867192657,lower
OPENING_GAP_REVERSION,2026-06-03,2026-06-03,09:30,09:40,-0.001213406885702466,-0.0009443363822909253,lower
RELATIVE_RESIDUAL_REVERSION,2026-06-02,2026-06-03,15:00,NEXT_OPEN,-0.013697471182932297,-0.008214832131512834,lower
OPENING_GAP_REVERSION,2026-06-08,2026-06-08,09:30,09:40,-0.005968163190664379,-0.0008737895198626615,lower
RELATIVE_STRENGTH_CONTINUATION,2026-06-15,2026-06-16,15:00,NEXT_OPEN,0.011650494076860363,0.0036543501938564316,upper
RELATIVE_STRENGTH_CONTINUATION,2026-06-16,2026-06-17,15:00,NEXT_OPEN,0.012254699244299339,0.004173600290703627,upper
RELATIVE_STRENGTH_CONTINUATION,2026-06-17,2026-06-18,15:00,NEXT_OPEN,0.020411447223411594,0.004834577178006921,upper
RELATIVE_STRENGTH_CONTINUATION,2026-06-18,2026-06-22,15:00,NEXT_OPEN,0.02026729300578889,0.005440985556802419,upper
RELATIVE_STRENGTH_CONTINUATION,2026-06-22,2026-06-23,15:00,NEXT_OPEN,0.021842948784653426,0.005919761275835711,upper
OPENING_GAP_REVERSION,2026-06-24,2026-06-24,09:30,09:40,-0.0026895697954490284,-0.0007610955218440058,lower
RELATIVE_STRENGTH_CONTINUATION,2026-06-23,2026-06-24,15:00,NEXT_OPEN,0.018675455741563818,0.006008123336045473,upper
RELATIVE_STRENGTH_CONTINUATION,2026-06-24,2026-06-25,15:00,NEXT_OPEN,0.02578873220127087,0.00615318550740071,upper
OPENING_GAP_REVERSION,2026-06-26,2026-06-26,09:30,09:40,-0.0020870137378480452,-0.0007610955218440058,lower
RELATIVE_STRENGTH_CONTINUATION,2026-06-25,2026-06-26,15:00,NEXT_OPEN,0.020037250877176893,0.00661515466342355,upper
RELATIVE_STRENGTH_CONTINUATION,2026-06-26,2026-06-29,15:00,NEXT_OPEN,0.02005363573565755,0.007870512148749204,upper
OPENING_GAP_REVERSION,2026-06-30,2026-06-30,09:30,09:40,-0.000984797353401084,-0.0007070830473118688,lower
RELATIVE_STRENGTH_CONTINUATION,2026-06-29,2026-06-30,15:00,NEXT_OPEN,0.02434869915671367,0.008023635929172462,upper
RELATIVE_STRENGTH_CONTINUATION,2026-06-30,2026-07-01,15:00,NEXT_OPEN,0.024911768581460603,0.008339551397290978,upper
OPENING_GAP_REVERSION,2026-07-02,2026-07-02,09:30,09:40,-0.0023441654633310485,-0.0007070830473118688,lower
RELATIVE_STRENGTH_CONTINUATION,2026-07-01,2026-07-02,15:00,NEXT_OPEN,0.013595176207786608,0.010252653147954482,upper
OPENING_GAP_REVERSION,2026-07-03,2026-07-03,09:30,09:40,-0.0017047291676426206,-0.0007610955218440058,lower
RELATIVE_RESIDUAL_REVERSION,2026-07-02,2026-07-03,15:00,NEXT_OPEN,-0.00521122254284756,-0.0037470082779464675,lower
RELATIVE_RESIDUAL_REVERSION,2026-07-03,2026-07-06,15:00,NEXT_OPEN,-0.005336740765282677,-0.0037470082779464675,lower
RELATIVE_RESIDUAL_REVERSION,2026-07-06,2026-07-07,15:00,NEXT_OPEN,-0.007515212653252945,-0.0037470082779464675,lower
OPENING_GAP_REVERSION,2026-07-09,2026-07-09,09:30,09:40,-0.0017925922503755558,-0.000854038360551339,lower
OPENING_GAP_REVERSION,2026-07-13,2026-07-13,09:30,09:40,-0.005550457164346296,-0.000854038360551339,lower
RELATIVE_RESIDUAL_REVERSION,2026-07-13,2026-07-14,15:00,NEXT_OPEN,-0.004623464767330887,-0.0037470082779464675,lower
RELATIVE_RESIDUAL_REVERSION,2026-07-14,2026-07-15,15:00,NEXT_OPEN,-0.01476298155723954,-0.0037470082779464675,lower
RELATIVE_RESIDUAL_REVERSION,2026-07-15,2026-07-16,15:00,NEXT_OPEN,-0.026016077153788064,-0.0038548523808830393,lower
RELATIVE_RESIDUAL_REVERSION,2026-07-16,2026-07-17,15:00,NEXT_OPEN,-0.013952766345454948,-0.004031016183621894,lower
RELATIVE_RESIDUAL_REVERSION,2026-07-17,2026-07-20,15:00,NEXT_OPEN,-0.021313794360693472,-0.004529876331140104,lower
OPENING_GAP_REVERSION,2026-07-21,2026-07-21,09:30,09:40,-0.004362350268974156,-0.0008737895198626615,lower
RELATIVE_RESIDUAL_REVERSION,2026-07-20,2026-07-21,15:00,NEXT_OPEN,-0.014641833446999097,-0.004770404211210055,lower
OPENING_GAP_REVERSION,2026-07-22,2026-07-22,09:30,09:40,-0.0020728551311621213,-0.0008737895198626615,lower
OPENING_GAP_REVERSION,2026-07-23,2026-07-23,09:30,09:40,-0.0009872254154504327,-0.0009284215049872774,lower
OPENING_GAP_REVERSION,2026-07-24,2026-07-24,09:30,09:40,-0.0024703874250244645,-0.0009854043689134211,lower
RELATIVE_RESIDUAL_REVERSION,2026-07-24,2026-07-27,15:00,NEXT_OPEN,-0.005626837854312394,-0.005242602098456339,lower
OPENING_GAP_REVERSION,2026-07-28,2026-07-28,09:30,09:40,-0.00201925141677492,-0.0010268235128215093,lower
RELATIVE_RESIDUAL_REVERSION,2026-07-27,2026-07-28,15:00,NEXT_OPEN,-0.00724963361778308,-0.005409265037540106,lower
RELATIVE_RESIDUAL_REVERSION,2026-07-28,2026-07-29,15:00,NEXT_OPEN,-0.007604080063670415,-0.005633253130556265,lower
RELATIVE_RESIDUAL_REVERSION,2026-07-30,2026-07-31,15:00,NEXT_OPEN,-0.01293209193478162,-0.005730905517603191,lower
RELATIVE_RESIDUAL_REVERSION,2026-08-03,2026-08-04,15:00,NEXT_OPEN,-0.007862126337377262,-0.006287002298857619,lower
OPENING_GAP_REVERSION,2026-08-07,2026-08-07,09:30,09:40,-0.001050695102006997,-0.0010287506451990456,lower
RELATIVE_STRENGTH_CONTINUATION,2026-08-06,2026-08-07,15:00,NEXT_OPEN,0.011303323615557859,0.00723942092690133,upper
RELATIVE_STRENGTH_CONTINUATION,2026-08-07,2026-08-10,15:00,NEXT_OPEN,0.011128240313299953,0.00778557708392813,upper
OPENING_GAP_REVERSION,2026-08-11,2026-08-11,09:30,09:40,-0.0035835553475859613,-0.0010763529101164688,lower
RELATIVE_STRENGTH_CONTINUATION,2026-08-10,2026-08-11,15:00,NEXT_OPEN,0.01905384636794305,0.008411061946221987,upper
RELATIVE_STRENGTH_CONTINUATION,2026-08-11,2026-08-12,15:00,NEXT_OPEN,0.012373996700055345,0.009653571100815328,upper
RELATIVE_RESIDUAL_REVERSION,2026-08-21,2026-08-24,15:00,NEXT_OPEN,-0.007312894998953157,-0.005633253130556265,lower
OPENING_GAP_REVERSION,2026-08-25,2026-08-25,09:30,09:40,-0.0015570041939290194,-0.0009854043689134211,lower
RELATIVE_RESIDUAL_REVERSION,2026-08-25,2026-08-26,15:00,NEXT_OPEN,-0.009338123290930977,-0.005409265037540106,lower
OPENING_GAP_REVERSION,2026-09-02,2026-09-02,09:30,09:40,-0.0018882005796973036,-0.0008847769885737235,lower
RELATIVE_RESIDUAL_REVERSION,2026-09-01,2026-09-02,15:00,NEXT_OPEN,-0.008462813785770629,-0.005242602098456339,lower
RELATIVE_RESIDUAL_REVERSION,2026-09-02,2026-09-03,15:00,NEXT_OPEN,-0.007706179759006226,-0.005409265037540106,lower
RELATIVE_RESIDUAL_REVERSION,2026-09-03,2026-09-04,15:00,NEXT_OPEN,-0.0066411597733486705,-0.005711659688871579,lower
RELATIVE_RESIDUAL_REVERSION,2026-09-04,2026-09-07,15:00,NEXT_OPEN,-0.006784476864247324,-0.005880418334071463,lower
